road_id,noise_day_true,pred_logreg,pred_xgb,pred_rf,y_diff_rf
143403_21714981_0,4,3,3,3,-1
143403_21718288_0,4,3,3,3,-1
143403_143408_0,4,3,3,3,-1
143408_21718264_0,3,3,3,3,0
143408_932576340_0,4,3,3,3,-1
143412_8752289484_0,3,3,3,3,0
143412_8752289487_0,4,4,4,3,-1
143413_21852320_0,2,3,3,3,1
143413_8168938341_0,4,4,3,3,-1
143415_143435_0,4,4,3,3,-1
143415_21852322_0,2,3,3,3,1
143416_18232186_0,2,3,3,3,1
143416_18232178_0,2,3,3,3,1
143417_18232187_0,2,3,3,3,1
143417_143416_0,2,3,3,3,1
143418_25334276_0,4,3,3,3,-1
143418_21696193_0,3,3,3,3,0
143421_25334263_0,3,3,3,3,0
143421_195279_0,4,3,3,3,-1
143435_21600355_0,4,3,3,3,-1
143439_15925442_0,4,3,3,3,-1
143439_195246_0,4,3,3,3,-1
195222_249717499_0,4,4,4,3,-1
195222_26480401_0,4,4,4,4,0
195222_1468553185_0,4,4,4,4,0
195228_26336566_0,4,4,4,3,-1
195228_958040717_0,4,4,4,3,-1
195231_829528479_0,4,4,4,4,0
195232_829528479_0,4,4,4,3,-1
195232_1037257423_0,4,4,4,4,0
195234_26058153_0,3,3,3,3,0
195234_26108120_0,4,4,4,4,0
195235_21674905_0,4,4,4,4,0
195235_26731434_0,3,3,3,3,0
195236_26059219_0,4,4,4,3,-1
195236_25451937_0,3,3,3,3,0
195237_25499212_0,3,3,3,3,0
195237_25451960_0,4,3,3,3,-1
195239_25499150_0,3,3,3,3,0
195239_25153100_0,4,3,4,4,0
195241_25499136_0,4,4,4,4,0
195241_26058917_0,4,4,3,4,0
195241_4295013306_0,4,4,4,4,0
195244_4295013309_0,4,4,4,3,-1
195244_2139361023_0,4,3,3,3,-1
195246_1148982742_0,3,3,3,3,0
195246_3404990017_0,3,3,3,3,0
195249_967133152_0,4,4,4,3,-1
195250_25306024_0,3,3,3,3,0
195250_25337454_0,4,4,3,3,-1
195251_24009841_0,4,4,4,3,-1
195251_25337457_0,4,4,4,3,-1
195252_25337467_0,4,4,3,3,-1
195252_25337465_0,2,3,3,3,1
195256_1468747927_0,4,4,4,4,0
195256_8784931018_0,4,4,3,4,0
195256_25622515_0,4,4,3,4,0
195259_1036842157_0,4,3,3,3,-1
195259_479185301_0,3,3,3,3,0
195259_10055724114_0,4,3,3,3,-1
195261_25336179_0,4,3,3,3,-1
195261_2383442941_0,4,3,3,3,-1
195261_10055724114_0,4,3,4,3,-1
195261_4428355731_0,3,3,3,3,0
195262_8866055432_0,3,4,3,3,0
195262_3393859920_0,3,4,3,3,0
195262_25321302_0,4,3,3,3,-1
195266_195268_0,3,3,3,3,0
195266_25321302_0,3,3,3,3,0
195268_25451370_0,2,3,3,3,1
195268_195270_0,3,3,3,3,0
195268_195266_0,3,3,3,3,0
195270_25336178_0,3,3,3,3,0
195270_522100855_0,3,3,3,3,0
195271_25335981_0,3,3,3,3,0
195274_1703401805_0,2,3,3,3,1
195274_195275_0,3,3,3,3,0
195275_2959901670_0,3,3,3,3,0
195275_21992964_0,2,3,3,3,1
195276_25321304_0,3,3,3,3,0
195276_474605986_0,4,4,3,4,0
195277_21992964_0,2,3,3,3,1
195277_2959901670_0,4,4,3,4,0
195279_21696192_0,3,3,3,3,0
195279_25451455_0,4,3,3,3,-1
195282_26058651_0,4,4,4,3,-1
581678_26059183_0,4,3,4,3,-1
581678_195237_0,4,3,4,3,-1
7300862_1519682890_0,4,4,3,3,-1
7300862_293585811_0,3,3,3,3,0
7300867_21704353_0,4,3,3,3,-1
7394819_6119410093_0,3,3,3,3,0
7394820_9257232_0,4,3,3,3,-1
7394820_1866856610_0,2,3,3,3,1
7394824_7394820_0,3,3,3,3,0
7394824_1866826428_0,2,2,2,2,0
7394832_8206700_0,3,3,3,3,0
7394910_33149220_0,3,3,3,3,0
7394910_7394925_0,4,3,3,3,-1
7394925_8207506_0,3,3,3,3,0
7394925_9257214_0,3,3,3,3,0
7394925_9213756_0,3,3,3,3,0
7394925_7394910_0,4,3,3,3,-1
7469500_26480367_0,4,3,3,3,-1
7469500_1042749232_0,4,4,4,4,0
7469501_25614299_0,4,4,4,3,-1
7469501_7274778339_0,4,4,4,3,-1
7470129_26480377_0,4,4,4,3,-1
7470129_1510257225_0,4,4,4,3,-1
7470130_6919580833_0,4,4,4,4,0
8206700_11880778545_0,3,3,3,3,0
8206700_1374638719_0,4,3,3,3,-1
8207493_3302602287_0,2,2,3,2,0
8207493_361643451_0,3,3,3,3,0
8207493_8207506_0,3,3,3,3,0
8207506_7394925_0,3,3,3,3,0
8207506_8207493_0,3,3,3,3,0
8358135_6919580835_0,4,4,3,3,-1
8358135_26009837_0,4,4,3,3,-1
8433662_8593279_0,3,3,3,3,0
8433662_8433808_0,4,3,3,3,-1
8433662_8433684_0,4,3,3,3,-1
8433684_2462509544_0,4,3,3,3,-1
8433684_8433662_0,4,3,3,3,-1
8433808_8433662_0,4,3,3,3,-1
8433808_504557626_0,3,3,3,3,0
8433940_25115182_0,3,3,3,3,0
8434031_8434042_0,3,3,3,3,0
8434031_33118776_0,4,3,3,3,-1
8434031_26314979_0,4,3,3,3,-1
8434042_25470101_0,4,3,3,3,-1
8434042_33122282_0,3,3,3,3,0
8592437_24289066_0,4,3,3,3,-1
8592437_33116037_0,3,3,3,3,0
8593279_8433662_0,3,3,3,3,0
8593279_24289061_0,4,3,3,3,-1
8593279_8877429_0,4,3,3,3,-1
8593425_8877429_0,4,3,3,3,-1
8593425_8876507_0,3,3,3,3,0
8876507_8593425_0,3,3,3,3,0
8877429_8593425_0,4,3,3,3,-1
8877429_8593279_0,4,3,3,3,-1
8877564_1352581090_0,1,2,2,2,1
9213739_4741814127_0,3,3,1,2,-1
9213756_1382687432_0,3,3,2,3,0
9213756_7394925_0,3,3,3,3,0
9213756_33149204_0,3,3,2,3,0
9214618_25451862_0,4,4,3,3,-1
9214618_21674907_0,3,3,3,3,0
9214708_600734173_0,4,3,3,3,-1
9214708_3160860324_0,4,4,4,3,-1
9214909_9214919_0,4,3,3,3,-1
9214909_9214911_0,2,3,3,3,1
9214911_9214915_0,2,3,3,3,1
9214911_18232179_0,2,3,3,3,1
9214911_8792993463_0,2,3,3,3,1
9214915_18232182_0,3,3,3,3,0
9214915_9214911_0,2,3,3,3,1
9214915_9516750676_0,3,3,3,3,0
9214919_143415_0,4,3,3,3,-1
9249417_8592437_0,4,3,3,3,-1
9249808_24289146_0,4,3,3,3,-1
9249808_9249417_0,4,3,3,3,-1
9249817_24289158_0,4,3,3,3,-1
9249817_9250428_0,4,3,3,3,-1
9250428_9250674_0,4,3,3,3,-1
9250674_7275092726_0,4,3,3,3,-1
9250674_1126334635_0,4,3,3,3,-1
9257186_3302602286_0,2,2,3,3,1
9257186_9257232_0,3,3,3,3,0
9257214_7394925_0,3,3,3,3,0
9257214_9257226_0,3,3,3,3,0
9257226_9257214_0,3,3,3,3,0
9257226_9257232_0,4,3,3,3,-1
9257232_9257186_0,3,3,3,3,0
9257232_9257226_0,4,3,3,3,-1
9257232_7394820_0,4,3,3,3,-1
13383951_33252315_0,4,3,4,3,-1
13383978_958117926_0,4,3,4,3,-1
15925416_601393134_0,4,3,3,3,-1
15925438_2600858778_0,4,4,3,3,-1
15925438_18697400_0,3,3,3,3,0
15925440_21712143_0,3,3,3,3,0
15925440_25152444_0,4,4,3,3,-1
15925442_10087719688_0,4,3,3,3,-1
15925442_143439_0,4,3,3,3,-1
15925446_25306034_0,3,3,4,3,0
15925446_975232215_0,3,4,4,4,1
15925447_1856728232_0,3,4,3,3,0
15925447_12505754910_0,4,4,3,3,-1
15925451_25499219_0,2,3,3,3,1
15925451_8784789884_0,3,3,3,3,0
15925452_5006393114_0,3,3,3,3,0
15925452_25451866_0,2,3,3,3,1
16050062_25719223_0,3,3,3,3,0
16050062_21674798_0,3,3,3,3,0
16564346_16564347_0,3,3,3,2,-1
16564346_33257059_0,4,3,3,3,-1
16564347_16564349_0,2,3,3,3,1
16564347_16564350_0,3,1,3,3,0
16564349_220311331_0,3,1,3,3,0
16564353_16564346_0,4,3,4,3,-1
16564357_25312123_0,4,3,3,3,-1
16564357_25312129_0,4,3,3,3,-1
16564364_16564365_0,4,3,4,4,0
16564365_34819704_0,4,3,3,4,0
16564365_8791385058_0,4,3,3,3,-1
16566895_16566904_0,4,3,3,3,-1
16566895_16566897_0,4,3,3,3,-1
16566897_4528925726_0,4,3,4,3,-1
16566897_23666834_0,3,3,3,3,0
16566904_3807653478_0,4,3,3,3,-1
16566907_16566908_0,4,3,3,3,-1
16566910_25454179_0,3,3,2,2,-1
16566910_16566895_0,4,3,3,3,-1
18232178_21600350_0,2,3,3,3,1
18232178_8792993463_0,2,3,3,3,1
18232178_143415_0,3,3,3,3,0
18232179_143416_0,2,3,3,3,1
18232179_21696191_0,2,3,3,3,1
18232180_9214915_0,3,3,3,3,0
18232180_18232179_0,2,3,3,3,1
18232182_18232184_0,2,3,3,3,1
18232182_18232180_0,3,3,3,3,0
18232183_21696191_0,2,3,3,3,1
18232183_21702433_0,3,3,3,3,0
18232184_18232182_0,2,3,3,3,1
18232186_18697395_0,2,3,2,2,0
18232186_18232187_0,2,3,3,3,1
18232187_34235998_0,1,3,3,3,2
18232187_18697389_0,2,3,3,3,1
18697376_18697402_0,3,3,3,3,0
18697376_2924143717_0,3,3,3,3,0
18697378_18697402_0,3,3,3,3,0
18697383_8883130215_0,4,4,3,3,-1
18697383_21992981_0,2,4,3,3,1
18697383_18697402_0,3,3,3,3,0
18697385_18697420_0,3,3,3,3,0
18697385_25153048_0,3,3,3,3,0
18697389_21510475_0,2,3,3,2,0
18697389_18697378_0,2,3,3,3,1
18697393_18697378_0,2,3,3,3,1
18697393_2924143717_0,3,3,3,3,0
18697395_18232186_0,2,3,2,2,0
18697397_1039285712_0,2,3,3,3,1
18697397_25305960_0,3,3,2,3,0
18697400_18697397_0,2,3,2,3,1
18697400_796917475_0,2,3,3,3,1
18697402_18697376_0,3,3,3,3,0
18697402_18697383_0,3,3,3,3,0
18697408_25152680_0,3,3,3,3,0
18697408_3824873200_0,3,3,3,3,0
18697408_25152618_0,4,4,4,3,-1
18697411_1475230728_0,3,3,3,3,0
18697415_25152584_0,4,4,3,3,-1
18697415_18697408_0,4,4,3,3,-1
18697420_25152846_0,3,3,3,3,0
18697420_1039285712_0,3,3,3,3,0
21510475_18697378_0,2,3,3,3,1
21510475_21595834_0,2,3,3,3,1
21510476_21510488_0,3,3,3,3,0
21510476_1177532202_0,2,3,3,3,1
21510476_21510489_0,2,3,3,3,1
21510484_492424673_0,2,3,2,3,1
21510484_21510486_0,2,3,3,3,1
21510484_1177532202_0,2,3,3,3,1
21510486_21510487_0,2,3,2,3,1
21510486_21510484_0,2,3,3,3,1
21510486_3882989560_0,2,1,2,3,1
21510487_21510486_0,2,3,2,3,1
21510487_25984655_0,2,3,3,3,1
21510488_27179926_0,4,3,4,3,-1
21510488_21510476_0,3,3,3,3,0
21510488_35960757_0,4,3,4,3,-1
21510489_27179926_0,4,3,4,3,-1
21510489_21510476_0,2,3,3,3,1
21510489_33122282_0,4,3,4,3,-1
21510491_21510487_0,1,3,2,3,2
21510491_26009778_0,2,3,2,2,0
21510495_2149820809_0,2,1,2,2,0
21595834_21595835_0,4,4,3,3,-1
21595835_21992836_0,2,3,3,3,1
21595835_143418_0,4,3,3,3,-1
21597584_21597589_0,3,3,2,2,-1
21597584_6291616343_0,2,3,2,3,1
21597584_2384797254_0,3,3,4,3,0
21597587_21597584_0,3,3,3,3,0
21597588_21597804_0,3,3,4,3,0
21597588_21597587_0,3,3,2,3,0
21597589_21597588_0,3,3,2,3,0
21597589_21597590_0,3,3,2,2,-1
21597590_26583688_0,3,3,2,3,0
21597590_21597802_0,3,1,2,3,0
21597591_26106298_0,3,3,4,3,0
21597593_21597589_0,3,3,2,3,0
21597593_2384797254_0,3,3,3,3,0
21597802_23758496_0,4,4,4,3,-1
21597804_21597802_0,3,4,4,3,0
21597808_21597587_0,3,4,4,3,0
21597808_21597804_0,4,4,4,4,0
21600350_18232178_0,2,3,3,3,1
21600350_21600353_0,2,3,3,3,1
21600350_187824746_0,2,3,3,3,1
21600353_1969423902_0,3,3,3,3,0
21600353_21600350_0,2,3,3,3,1
21600353_18697393_0,3,3,3,3,0
21600354_1969423902_0,3,3,3,3,0
21600354_10120780902_0,4,4,4,4,0
21600355_21600354_0,4,3,4,3,-1
21600355_21600350_0,3,3,3,3,0
21600355_3727734177_0,3,3,3,3,0
21604533_25337456_0,3,3,3,3,0
21604533_26059185_0,3,3,3,3,0
21604533_25450962_0,3,3,3,3,0
21604533_25337463_0,4,3,3,3,-1
21604549_25306180_0,4,3,3,3,-1
21604549_25258725_0,3,3,3,3,0
21604550_25310932_0,3,3,3,2,-1
21604550_25319259_0,3,3,2,3,0
21604550_25310933_0,4,4,3,3,-1
21604551_25319190_0,4,4,3,3,-1
21604551_21674803_0,3,3,2,3,0
21604552_25319212_0,3,3,3,3,0
21604552_25319195_0,4,3,3,3,-1
21604553_26053016_0,3,3,3,3,0
21604553_25319201_0,3,3,3,3,0
21604553_25316395_0,3,3,3,3,0
21604559_8149683531_0,4,3,3,3,-1
21604559_286483713_0,4,3,3,3,-1
21604576_25468214_0,3,3,3,3,0
21604576_21604585_0,4,3,3,3,-1
21604585_25549077_0,3,3,3,3,0
21604585_21604576_0,4,3,3,3,-1
21604585_59654811_0,2,3,3,3,1
21604592_29006600_0,3,3,3,3,0
21604592_8088285559_0,4,3,3,3,-1
21604594_21604601_0,3,3,3,3,0
21604596_2018719148_0,4,4,3,3,-1
21604600_21604596_0,4,3,3,3,-1
21604601_21715353_0,4,3,3,3,-1
21604601_21604600_0,4,4,4,3,-1
21674798_1606993801_0,3,3,3,3,0
21674798_21674801_0,3,3,3,3,0
21674799_25316365_0,2,3,3,3,1
21674799_21674800_0,3,3,3,3,0
21674800_25316436_0,2,3,2,3,1
21674800_25316410_0,3,3,2,3,0
21674801_26053016_0,3,3,3,3,0
21674801_25316395_0,3,3,3,2,-1
21674802_21604551_0,3,3,3,3,0
21674802_25319255_0,3,3,2,2,-1
21674803_25310931_0,3,3,3,3,0
21674803_25319260_0,3,3,2,2,-1
21674804_8831834972_0,4,3,3,3,-1
21674804_8831710981_0,3,3,3,3,0
21674805_25495340_0,4,3,3,3,-1
21674805_1362781021_0,4,4,3,3,-1
21674806_25495334_0,3,3,2,3,0
21674806_25495340_0,4,3,3,3,-1
21674806_25495335_0,4,3,3,3,-1
21674807_25316177_0,4,3,3,3,-1
21674807_25316197_0,3,3,3,3,0
21674808_25316251_0,3,3,3,3,0
21674808_25316247_0,3,3,3,3,0
21674809_25316255_0,3,3,2,3,0
21674809_25316256_0,3,3,3,3,0
21674822_130144295_0,2,3,3,3,1
21674895_25327130_0,4,3,3,3,-1
21674895_21674799_0,3,3,3,3,0
21674896_26009828_0,3,3,2,3,0
21674896_26009843_0,4,4,3,3,-1
21674897_728283328_0,3,3,2,3,0
21674897_21674898_0,2,3,2,2,0
21674898_21674900_0,3,3,2,3,0
21674898_26009844_0,3,3,3,3,0
21674898_26057013_0,3,3,3,2,-1
21674900_26058712_0,3,3,3,3,0
21674900_21674898_0,3,3,2,3,0
21674901_21674900_0,3,3,3,3,0
21674901_2104502856_0,3,3,3,3,0
21674903_26058165_0,4,4,3,3,-1
21674905_25451998_0,3,3,3,3,0
21674905_195234_0,4,4,4,3,-1
21674906_26058690_0,4,4,4,3,-1
21674906_195282_0,4,4,4,3,-1
21674907_21674910_0,3,3,3,3,0
21674908_8784931018_0,3,3,3,3,0
21674910_26131883_0,3,3,3,3,0
21674913_29083978_0,3,3,3,3,0
21674913_26084497_0,4,3,2,3,-1
21674913_26084485_0,3,3,2,3,0
21674913_26108005_0,3,3,3,3,0
21674914_21674915_0,3,3,3,3,0
21674914_2429781615_0,3,3,3,3,0
21674914_26120299_0,3,3,3,3,0
21674915_8821278639_0,4,3,3,3,-1
21674915_10138203531_0,4,3,3,3,-1
21674920_25468304_0,4,3,3,3,-1
21696145_21696193_0,2,3,3,3,1
21696145_143421_0,3,3,3,3,0
21696191_143417_0,1,3,3,3,2
21696191_21696145_0,3,3,3,3,0
21696192_18232183_0,3,3,3,3,0
21696192_21696145_0,2,3,3,3,1
21696193_34235997_0,3,3,2,3,0
21702418_8168819584_0,3,3,3,3,0
21702418_8087900725_0,3,3,3,3,0
21702423_3770573715_0,3,3,3,4,1
21702423_21702437_0,3,3,3,3,0
21702423_8088285562_0,3,3,3,4,1
21702431_10262507945_0,2,3,3,3,1
21702431_21702433_0,2,3,3,3,1
21702433_18232180_0,3,3,3,3,0
21702435_3770573715_0,3,3,3,3,0
21702435_29006600_0,3,3,3,3,0
21702435_8088285559_0,3,3,4,3,0
21702437_8168819584_0,3,3,3,3,0
21702438_1029591870_0,4,3,4,4,0
21702438_21702423_0,3,3,3,3,0
21702760_1957527534_0,4,3,4,4,0
21702760_1957527546_0,4,4,4,4,0
21703544_9516750676_0,1,3,3,3,2
21703544_21703552_0,3,3,3,3,0
21703552_8906537924_0,4,4,3,3,-1
21703587_8168819585_0,2,3,3,3,1
21703587_21703594_0,2,3,3,3,1
21703587_21703589_0,2,3,3,3,1
21703589_21703590_0,2,3,3,3,1
21703589_21703587_0,2,3,3,3,1
21703590_21703591_0,2,3,3,2,0
21703590_21703595_0,2,3,3,2,0
21703591_21703589_0,2,3,3,3,1
21703591_21703598_0,2,3,3,2,0
21703594_21703587_0,2,3,3,3,1
21703594_2920302042_0,2,3,3,3,1
21703594_21703595_0,2,3,3,3,1
21703595_21703596_0,2,3,2,2,0
21703595_21703594_0,2,3,3,3,1
21703595_21704335_0,2,3,3,3,1
21703596_21703598_0,2,3,3,2,0
21703596_21703595_0,2,3,2,2,0
21703598_21704344_0,2,3,3,2,0
21703598_21703591_0,2,3,3,3,1
21704334_21704346_0,3,3,2,2,-1
21704334_21703596_0,2,3,3,2,0
21704335_21704334_0,3,3,3,3,0
21704335_21704340_0,2,3,3,2,0
21704335_21704339_0,2,3,3,2,0
21704337_2920302042_0,3,3,3,3,0
21704337_932576342_0,3,3,3,3,0
21704339_21718264_0,3,3,3,3,0
21704340_21717954_0,2,3,3,3,1
21704340_21704341_0,2,3,2,2,0
21704341_21704334_0,2,3,2,2,0
21704341_21704340_0,2,3,2,2,0
21704341_21704347_0,2,3,2,3,1
21704344_21704346_0,2,3,2,2,0
21704344_21703598_0,2,3,3,2,0
21704344_8088247480_0,2,3,3,3,1
21704346_21704347_0,2,3,3,3,1
21704346_8088247481_0,3,3,3,3,0
21704347_21704348_0,2,3,3,3,1
21704347_21717908_0,2,3,2,2,0
21704347_21704341_0,2,3,2,3,1
21704348_21717932_0,3,3,3,3,0
21704348_3552894983_0,2,3,3,3,1
21704348_21729400_0,3,3,2,2,-1
21704353_21704354_0,2,3,3,3,1
21704353_8087900728_0,4,3,3,3,-1
21704354_11332038992_0,2,3,3,3,1
21704354_8087900725_0,2,3,3,3,1
21712143_25173820_0,3,3,3,3,0
21712143_26576955_0,4,3,3,3,-1
21712144_21712143_0,2,3,3,3,1
21712144_25173760_0,2,3,3,3,1
21714980_143408_0,4,3,3,3,-1
21714980_21714981_0,4,3,3,3,-1
21714980_25624670_0,3,3,3,3,0
21714981_143403_0,4,3,3,3,-1
21714981_8149051282_0,4,3,3,3,-1
21715353_644880770_0,4,3,3,4,0
21715353_7205400947_0,4,3,3,4,0
21717905_1156367438_0,2,3,2,3,1
21717905_21717906_0,2,3,2,2,0
21717905_8088247481_0,3,3,2,3,0
21717906_21717907_0,2,3,2,2,0
21717906_8148599278_0,3,3,3,3,0
21717907_21717906_0,2,3,2,2,0
21717907_21717908_0,3,3,3,3,0
21717908_21704347_0,2,3,2,2,0
21717908_8088247481_0,3,3,3,3,0
21717913_8148599278_0,3,3,3,3,0
21717913_8164417178_0,3,3,3,3,0
21717915_8164417173_0,2,3,3,3,1
21717916_1201354435_0,3,3,3,3,0
21717916_21717918_0,3,3,3,3,0
21717918_8148638869_0,3,3,3,3,0
21717918_1201354445_0,3,3,3,3,0
21717919_21717933_0,2,3,2,2,0
21717919_4799805071_0,2,3,3,3,1
21717927_21717916_0,2,3,3,3,1
21717927_21717934_0,3,3,3,3,0
21717927_21717928_0,3,3,3,3,0
21717928_21729400_0,3,3,3,3,0
21717928_21717929_0,3,3,3,3,0
21717928_8088318345_0,3,3,3,3,0
21717928_21717927_0,3,3,3,3,0
21717929_8088318345_0,3,3,3,3,0
21717929_21717930_0,3,3,3,3,0
21717930_21717916_0,3,3,3,3,0
21717930_21717929_0,3,3,3,3,0
21717931_3552894977_0,3,3,3,3,0
21717931_21718288_0,2,3,3,3,1
21717931_21717939_0,3,3,3,3,0
21717932_471133022_0,3,3,3,3,0
21717932_21717934_0,3,3,3,3,0
21717933_21717919_0,2,3,2,3,1
21717933_21717943_0,2,3,3,2,0
21717933_21717934_0,3,3,3,3,0
21717934_21717933_0,3,3,3,3,0
21717934_21717927_0,3,3,3,3,0
21717934_21717932_0,3,3,3,3,0
21717939_21717946_0,3,3,3,3,0
21717939_471133022_0,3,3,3,3,0
21717939_1201354425_0,3,3,3,3,0
21717939_21717931_0,3,3,3,3,0
21717941_21717942_0,2,3,3,2,0
21717941_21717943_0,2,3,3,2,0
21717941_21717946_0,2,3,2,2,0
21717942_4799805074_0,2,3,3,2,0
21717942_21717941_0,2,3,3,2,0
21717942_21718297_0,2,3,2,3,1
21717943_21717941_0,2,3,3,2,0
21717943_21717933_0,2,3,3,2,0
21717943_471133020_0,1,3,2,2,1
21717946_21718291_0,3,3,3,3,0
21717946_21717939_0,3,3,3,3,0
21717946_21717941_0,2,3,2,2,0
21717953_21704339_0,3,3,3,3,0
21717954_21717953_0,3,3,3,3,0
21717954_21704340_0,2,3,3,3,1
21717956_21704340_0,2,3,3,3,1
21717956_21717954_0,3,3,3,3,0
21718264_21704337_0,3,3,3,3,0
21718288_2490241911_0,2,3,3,3,1
21718288_21717931_0,2,3,3,3,1
21718288_143403_0,4,3,3,3,-1
21718291_21717946_0,3,3,3,3,0
21718291_8148996574_0,3,3,3,3,0
21718297_21718291_0,3,3,2,3,0
21718297_21717942_0,2,3,2,3,1
21729400_21704348_0,3,3,2,2,-1
21729400_21717928_0,3,3,3,3,0
21729405_21717956_0,3,3,3,3,0
21789166_1148982723_0,3,3,3,2,-1
21850766_21852320_0,2,3,3,3,1
21851032_21852322_0,2,3,3,3,1
21852320_9214909_0,3,3,3,3,0
21852322_21850766_0,2,3,3,3,1
21852322_143412_0,2,3,3,3,1
21852326_143413_0,4,4,3,3,-1
21855792_143412_0,4,3,3,4,0
21992644_21992645_0,3,3,3,3,0
21992644_2786991022_0,3,3,3,2,-1
21992645_21992646_0,4,3,2,3,-1
21992646_3727734175_0,2,3,3,3,1
21992646_269229442_0,3,3,3,3,0
21992709_1298421634_0,3,3,3,3,0
21992709_21992798_0,4,3,3,3,-1
21992712_2786991022_0,3,3,3,3,0
21992712_384959104_0,4,3,3,4,0
21992798_2786991023_0,3,3,3,3,0
21992798_2294100851_0,4,4,4,3,-1
21992835_21993015_0,3,3,3,3,0
21992836_21992835_0,3,3,3,3,0
21992836_565368324_0,2,3,3,3,1
21992964_25321357_0,2,3,3,3,1
21992964_25335974_0,2,3,3,3,1
21992980_21993013_0,3,3,3,3,0
21992980_6359515623_0,4,4,3,3,-1
21992981_21595834_0,4,4,3,3,-1
21992995_21992996_0,2,3,3,3,1
21992996_21993015_0,2,3,3,3,1
21992996_474605986_0,3,3,3,3,0
21993013_21992980_0,3,3,3,3,0
21993013_565368324_0,2,3,3,3,1
21993013_21992995_0,2,3,3,3,1
21993015_195276_0,3,3,3,3,0
21993015_271415805_0,3,3,3,3,0
21993017_21992995_0,3,3,3,3,0
21993017_21992980_0,4,4,3,3,-1
22145874_26336918_0,4,3,4,3,-1
22145874_34967269_0,4,3,4,4,0
22145874_26336921_0,4,3,3,3,-1
22146035_22156869_0,4,3,3,4,0
22156849_26314979_0,3,3,3,3,0
22156849_6943216125_0,4,3,3,3,-1
22156869_24289158_0,4,3,3,3,-1
22156869_1352581162_0,4,3,3,4,0
22158975_9249817_0,4,3,3,3,-1
22158975_6943216130_0,4,3,3,3,-1
22209228_22218349_0,4,4,3,4,0
22216548_23669387_0,3,3,3,3,0
22216548_22209228_0,4,4,3,4,0
22218349_22218377_0,4,3,3,3,-1
22218349_33183165_0,3,3,2,3,0
22218377_22218444_0,4,3,3,3,-1
22218444_25722223_0,3,3,3,3,0
22218444_22218474_0,4,3,3,4,0
22218474_22218513_0,4,3,4,3,-1
22218513_22218540_0,4,3,2,3,-1
22218540_25722224_0,3,3,2,3,0
22218540_22470837_0,4,3,4,3,-1
22470837_22470880_0,3,3,4,4,1
22470880_22470962_0,4,3,4,4,0
22470880_23666882_0,3,3,2,3,0
22470962_4528925726_0,4,3,3,4,0
22470962_23666834_0,3,3,3,3,0
23666815_23667222_0,3,3,2,3,0
23666815_23666905_0,2,3,2,3,1
23666834_23666815_0,3,3,3,3,0
23666834_23666882_0,3,3,2,3,0
23666882_23666905_0,3,3,3,3,0
23666882_22470880_0,3,3,2,3,0
23666882_23666931_0,3,3,2,3,0
23666905_23666923_0,2,3,2,3,1
23666905_23666882_0,3,3,3,3,0
23666923_33183236_0,3,3,2,2,-1
23666923_23666931_0,3,3,2,3,0
23666931_23666981_0,3,3,2,3,0
23666931_22470837_0,2,3,2,3,1
23666981_33183236_0,3,3,2,3,0
23666981_23667013_0,3,3,2,3,0
23667013_33250399_0,2,3,2,3,1
23667013_11071527613_0,3,3,2,3,0
23667013_23667053_0,3,3,2,3,0
23667053_23667059_0,3,3,2,3,0
23667053_33183161_0,3,3,2,3,0
23667059_23667053_0,3,3,2,3,0
23667059_23667112_0,2,3,2,3,1
23667059_33250396_0,3,3,2,3,0
23667112_23667339_0,3,3,2,3,0
23667198_23667059_0,3,3,2,3,0
23667198_23667112_0,3,3,2,3,0
23667222_23843291_0,3,3,2,2,-1
23667222_25722226_0,3,3,2,2,-1
23667285_23666923_0,2,3,2,2,0
23667285_23667222_0,3,3,2,3,0
23667335_24485668_0,2,3,2,3,1
23667335_23667198_0,2,3,2,3,1
23667335_25722225_0,3,3,2,3,0
23667339_23667335_0,2,3,2,3,1
23669146_23758496_0,3,3,3,3,0
23669320_23669146_0,3,3,3,3,0
23669320_35516374_0,3,3,4,3,0
23669387_23669474_0,3,4,3,3,0
23669387_23669320_0,3,3,3,3,0
23669474_23669146_0,1,3,3,3,2
23669474_838347919_0,3,4,3,3,0
23758496_35516374_0,3,4,4,3,0
23842995_24809664_0,2,1,2,2,0
23843288_23667285_0,3,3,2,3,0
23843288_24485668_0,3,3,2,3,0
23843291_25149521_0,3,3,3,2,-1
23843291_23843288_0,3,3,2,3,0
23843291_23667222_0,3,3,2,2,-1
24009837_8496944255_0,4,4,4,4,0
24009837_195251_0,4,4,4,4,0
24009841_25337460_0,3,3,3,3,0
24009841_24009837_0,4,4,4,3,-1
24289061_33116036_0,4,3,3,3,-1
24289061_8593279_0,4,3,3,3,-1
24289066_8592437_0,4,3,3,3,-1
24289066_6943172533_0,4,3,3,3,-1
24289146_6943172520_0,4,3,3,3,-1
24289146_6943172513_0,4,3,3,3,-1
24289158_22158975_0,4,3,3,3,-1
24289158_1352581162_0,4,3,3,3,-1
24484855_838347915_0,3,3,2,3,0
24484855_22209228_0,3,3,3,3,0
24484923_24484855_0,3,3,2,3,0
24484925_24484932_0,3,3,2,2,-1
24484925_24484923_0,3,3,2,3,0
24484928_33250398_0,1,3,2,2,1
24484928_25722218_0,3,3,2,3,0
24484932_24484928_0,3,3,2,2,-1
24484937_23667339_0,2,3,2,2,0
24484937_24484932_0,2,3,2,2,0
24484941_24484925_0,3,3,2,2,-1
24485668_24485956_0,2,3,2,3,1
24485668_24485740_0,3,3,2,3,0
24485668_23667335_0,2,3,2,3,1
24485740_24485746_0,3,3,2,3,0
24485740_24485754_0,3,3,3,3,0
24485746_23843288_0,3,3,2,3,0
24485746_25149521_0,3,3,2,3,0
24485749_3101723978_0,4,4,3,3,-1
24485749_24485746_0,3,3,2,3,0
24485754_3101723983_0,4,4,3,3,-1
24485759_24485754_0,4,4,4,3,-1
24485763_5706947070_0,3,3,2,3,0
24485763_24485740_0,3,3,2,2,-1
24485888_958117915_0,3,3,2,2,-1
24485888_24485922_0,3,3,2,3,0
24485922_24485956_0,3,3,2,3,0
24485922_24485763_0,3,3,2,3,0
24485956_24809643_0,2,3,2,2,0
24485956_24484937_0,2,3,2,3,1
24644347_1384310580_0,2,3,2,2,0
24644347_24644383_0,3,3,3,3,0
24644383_24644347_0,3,3,3,3,0
24809643_24484941_0,3,3,2,2,-1
24809643_24809664_0,2,3,2,2,0
24809664_24809679_0,3,3,2,2,-1
24809664_838347881_0,2,3,3,3,1
24809664_23842995_0,2,1,2,2,0
24809679_1037257437_0,3,3,3,3,0
24809679_918297329_0,3,3,3,3,0
24809679_1037257439_0,3,3,2,3,0
24809692_24809643_0,3,3,3,3,0
24809692_1037257439_0,3,3,2,3,0
24809692_24485922_0,3,3,2,3,0
25115153_11428571608_0,3,3,3,3,0
25115178_33122297_0,3,2,3,3,0
25115178_25115153_0,3,3,3,3,0
25115182_262860754_0,3,3,3,3,0
25149511_775581408_0,3,3,3,2,-1
25149511_775581409_0,3,3,3,3,0
25149511_25149523_0,2,3,2,2,0
25149512_33256991_0,4,4,3,4,0
25149513_25149514_0,3,3,3,3,0
25149513_25149512_0,4,4,3,4,0
25149514_25149511_0,3,3,3,2,-1
25149521_25149522_0,3,3,3,3,0
25149521_25149514_0,3,3,3,2,-1
25149522_25149513_0,4,4,3,4,0
25149523_23843291_0,3,3,2,2,-1
25152444_26576955_0,4,4,4,3,-1
25152584_25152613_0,4,4,3,3,-1
25152613_13473072243_0,4,4,3,3,-1
25152615_25152618_0,4,4,3,3,-1
25152616_3824873194_0,3,3,3,3,0
25152618_3824873200_0,4,3,4,3,-1
25152618_25152621_0,4,4,3,3,-1
25152621_25152845_0,4,4,3,3,-1
25152679_18697397_0,2,3,2,3,1
25152679_2600858761_0,2,3,3,3,1
25152680_25152679_0,3,3,2,3,0
25152845_195244_0,4,4,4,3,-1
25152849_25152928_0,2,3,3,3,1
25152928_1035871834_0,3,3,3,3,0
25152928_25495293_0,3,3,3,4,1
25153048_18697420_0,3,3,3,3,0
25153048_796918086_0,3,3,2,3,0
25153067_18697385_0,3,3,3,3,0
25153067_1035871834_0,3,3,3,3,0
25153069_25153101_0,3,3,3,3,0
25153069_1035871899_0,2,3,3,3,1
25153070_25153069_0,2,3,2,3,1
25153070_195239_0,3,3,3,3,0
25153071_25153070_0,2,3,3,3,1
25153071_25153072_0,3,3,3,3,0
25153072_25153094_0,2,3,3,2,0
25153072_25153075_0,2,3,2,3,1
25153074_11509487125_0,3,3,3,3,0
25153074_26059198_0,3,3,3,3,0
25153075_25153103_0,2,3,2,3,1
25153076_25153048_0,3,3,2,3,0
25153076_25153069_0,2,3,2,3,1
25153076_25153067_0,2,3,3,3,1
25153094_25153076_0,2,3,3,3,1
25153094_25153070_0,2,3,2,3,1
25153100_581678_0,4,3,4,3,-1
25153100_25153071_0,3,3,3,3,0
25153101_195239_0,4,3,3,4,0
25153101_3846297548_0,3,3,3,4,1
25153102_1475230727_0,3,3,3,2,-1
25153102_25337450_0,3,3,3,3,0
25153103_1475230727_0,3,3,3,3,0
25153103_25337456_0,3,3,3,3,0
25153103_25337448_0,2,3,2,3,1
25153108_1035871899_0,3,3,3,4,1
25153108_25153101_0,4,3,3,3,-1
25173749_25173760_0,2,3,3,3,1
25173749_25173835_0,2,3,3,3,1
25173760_25152584_0,3,3,3,3,0
25173820_25173835_0,4,4,4,3,-1
25173835_21712144_0,3,3,3,3,0
25173835_2628204930_0,4,4,3,3,-1
25173835_479185290_0,3,3,3,3,0
25173843_34402214_0,3,4,4,4,1
25173843_25173749_0,3,3,3,3,0
25174163_18697415_0,4,4,4,4,0
25174163_25173749_0,3,3,3,3,0
25175743_11956024523_0,3,4,4,3,0
25175764_26086303_0,3,4,4,3,0
25175764_25175794_0,3,3,2,3,0
25175778_25175764_0,3,4,3,3,0
25175791_25175778_0,3,3,2,3,0
25175794_25175791_0,3,3,3,2,-1
25175794_25175798_0,3,3,2,2,-1
25175798_26079789_0,2,3,2,3,1
25175798_25175743_0,3,3,2,3,0
25175805_26033235_0,2,3,2,3,1
25175805_25175794_0,2,3,2,2,0
25175819_26576963_0,4,3,3,3,-1
25175819_2117622731_0,4,3,3,3,-1
25175819_12766824120_0,4,3,3,3,-1
25248947_33254622_0,4,3,4,3,-1
25248947_1126334642_0,4,3,4,4,0
25258518_25258528_0,3,3,2,3,0
25258519_25258518_0,3,3,3,3,0
25258519_1036842321_0,4,3,3,3,-1
25258521_25258523_0,3,3,2,2,-1
25258521_1036842321_0,3,3,3,3,0
25258523_25258518_0,3,3,2,2,-1
25258524_25258523_0,2,3,3,2,0
25258524_25258527_0,2,3,2,3,1
25258525_25258521_0,3,3,3,2,-1
25258525_975656240_0,3,3,2,2,-1
25258527_7262708541_0,3,3,3,3,0
25258527_25258518_0,2,3,3,3,1
25258527_25258529_0,3,3,3,3,0
25258528_25258539_0,3,3,2,2,-1
25258528_2663770362_0,3,3,3,2,-1
25258529_7262708550_0,2,3,3,3,1
25258529_25306036_0,3,3,3,3,0
25258530_25258529_0,2,3,2,2,0
25258530_25258545_0,3,3,3,3,0
25258534_25258519_0,4,3,3,3,-1
25258535_25258528_0,3,3,3,3,0
25258535_25258534_0,2,3,3,3,1
25258539_25258542_0,2,3,2,2,0
25258539_25306175_0,3,3,3,3,0
25258542_25306176_0,3,3,3,3,0
25258545_25258542_0,2,3,3,3,1
25258545_1489507797_0,2,3,3,3,1
25258720_25258721_0,3,3,2,2,-1
25258720_25258732_0,3,3,3,3,0
25258721_25258729_0,2,3,3,3,1
25258721_25258722_0,2,3,3,3,1
25258722_25306183_0,2,3,3,3,1
25258724_25306180_0,2,3,3,3,1
25258724_25258725_0,2,3,3,3,1
25258725_25258726_0,3,3,3,3,0
25258725_25258755_0,2,3,3,2,0
25258726_25258728_0,3,3,3,3,0
25258728_25258729_0,3,3,3,3,0
25258728_25258722_0,2,3,2,3,1
25258729_25258750_0,2,3,3,3,1
25258729_25258732_0,3,3,3,3,0
25258732_25258734_0,3,3,2,3,0
25258732_25258749_0,3,3,2,3,0
25258734_25258743_0,3,3,2,3,0
25258734_25258737_0,3,3,2,3,0
25258737_26033313_0,2,3,3,2,0
25258737_5298945584_0,3,3,3,3,0
25258741_25258743_0,2,3,2,3,1
25258741_25258737_0,3,3,2,2,-1
25258743_25258749_0,3,3,2,3,0
25258743_25258534_0,2,3,3,3,1
25258749_25258750_0,3,3,2,3,0
25258749_25258535_0,3,3,3,3,0
25258750_25258751_0,2,3,2,3,1
25258750_25306175_0,2,3,3,3,1
25258751_25258728_0,2,3,3,3,1
25258753_25258755_0,3,3,2,2,-1
25258753_25258726_0,2,3,3,3,1
25258755_25258757_0,3,3,3,3,0
25258755_25306178_0,3,3,3,3,0
25258757_25306162_0,3,3,3,3,0
25258757_25258758_0,3,3,3,3,0
25258758_25258753_0,3,3,3,3,0
25258758_25306176_0,4,3,3,3,-1
25258759_25258734_0,2,3,2,3,1
25258759_25258720_0,2,3,3,3,1
25303795_226202090_0,2,3,3,3,1
25303795_25303799_0,2,3,3,3,1
25303796_8168819577_0,3,3,3,3,0
25303796_25303799_0,2,3,2,2,0
25303799_26570167_0,2,3,3,3,1
25303800_25303833_0,1,3,3,3,2
25303800_25303801_0,2,3,3,3,1
25303800_25321469_0,2,3,3,3,1
25303801_25303796_0,3,3,2,3,0
25303803_25303804_0,4,3,3,3,-1
25303804_25303805_0,2,3,3,3,1
25303804_624172864_0,4,3,3,3,-1
25303805_2480201967_0,3,3,3,2,-1
25303806_25303807_0,1,3,3,3,2
25303806_25303805_0,3,3,3,2,-1
25303807_325213179_0,4,3,3,3,-1
25303831_25336247_0,3,3,3,3,0
25303831_25321456_0,3,3,3,3,0
25303831_25303832_0,4,3,3,3,-1
25303831_25321689_0,3,3,3,3,0
25303832_25303833_0,4,3,3,3,-1
25303833_2365376415_0,4,3,3,3,-1
25303836_1383027249_0,2,3,2,2,0
25303836_2865054509_0,2,3,2,2,0
25303836_2365376415_0,2,3,3,3,1
25303840_25321687_0,2,3,3,3,1
25303840_251050719_0,2,3,2,2,0
25303841_26317293_0,1,3,3,3,2
25303841_25321689_0,3,3,3,3,0
25303841_25303840_0,2,3,3,3,1
25305955_25305960_0,2,3,2,2,0
25305955_18697400_0,2,3,3,2,0
25305960_1475230723_0,3,3,3,3,0
25306024_1291379525_0,3,3,3,3,0
25306024_1036842184_0,2,3,3,3,1
25306030_1987812136_0,3,4,3,3,0
25306034_975232215_0,3,4,4,3,0
25306034_25306035_0,3,3,4,3,0
25306035_34401983_0,3,3,3,3,0
25306035_25258525_0,3,3,3,3,0
25306036_25306035_0,3,3,3,3,0
25306036_15925447_0,3,3,3,3,0
25306159_320914981_0,3,3,3,3,0
25306159_25258757_0,4,3,3,3,-1
25306160_25306159_0,4,3,3,3,-1
25306160_26057043_0,4,3,3,3,-1
25306161_26079691_0,4,3,4,3,-1
25306161_26079697_0,3,3,3,3,0
25306162_25306163_0,3,3,3,3,0
25306162_25306160_0,3,3,4,3,0
25306163_1465125837_0,3,3,3,3,0
25306163_25306161_0,3,3,4,3,0
25306164_26059302_0,2,3,3,3,1
25306164_3066729207_0,4,4,4,3,-1
25306175_25258535_0,4,3,3,3,-1
25306176_25258751_0,3,3,3,3,0
25306176_25306175_0,3,3,3,3,0
25306178_21604549_0,4,3,3,3,-1
25306178_9681597415_0,3,3,3,3,0
25306180_25306181_0,4,3,3,3,-1
25306180_26053253_0,3,3,2,3,0
25306181_8831923521_0,4,4,3,3,-1
25306181_25306182_0,3,3,3,3,0
25306182_25306183_0,3,3,3,3,0
25306182_25258724_0,2,3,3,3,1
25306183_26027222_0,3,3,2,3,0
25306183_25306184_0,2,3,3,3,1
25306184_25258721_0,1,3,2,3,2
25306184_25306185_0,2,3,3,3,1
25306185_25258720_0,3,3,2,2,-1
25306185_25306186_0,3,3,2,2,-1
25306186_25258759_0,2,3,2,3,1
25306186_26033460_0,2,3,3,3,1
25306186_612426770_0,3,3,3,3,0
25310822_25327119_0,4,3,3,3,-1
25310822_25310823_0,3,3,3,3,0
25310823_25310824_0,2,3,2,3,1
25310824_25327124_0,2,3,3,3,1
25310824_25310825_0,3,3,3,3,0
25310825_25310822_0,4,3,3,3,-1
25310825_2814044874_0,3,3,3,3,0
25310826_25327124_0,2,3,3,3,1
25310826_25310825_0,4,3,3,3,-1
25310829_25327125_0,4,3,3,3,-1
25310829_7012463945_0,4,3,3,3,-1
25310831_25498570_0,4,3,3,3,-1
25310831_4576330333_0,4,3,3,4,0
25310832_25310829_0,3,3,3,3,0
25310832_25310831_0,3,3,3,3,0
25310854_25310857_0,2,3,3,3,1
25310854_25310879_0,3,3,3,3,0
25310855_25310860_0,2,3,2,3,1
25310855_25310854_0,3,3,2,2,-1
25310856_25310855_0,2,3,3,3,1
25310856_25310824_0,3,3,3,3,0
25310857_2814082596_0,3,3,3,3,0
25310857_5732208557_0,3,3,3,3,0
25310858_25310854_0,3,3,3,3,0
25310858_25310860_0,1,3,3,3,2
25310859_25310861_0,4,3,3,3,-1
25310859_25310858_0,3,3,3,3,0
25310860_25327122_0,1,3,3,3,2
25310861_25327121_0,4,3,3,3,-1
25310862_25310879_0,4,3,3,3,-1
25310862_25310858_0,3,3,2,3,0
25310863_25310862_0,4,3,3,3,-1
25310864_25310867_0,3,3,4,3,0
25310864_25310863_0,2,3,4,3,1
25310866_8363909975_0,3,3,3,3,0
25310866_25310873_0,4,3,3,3,-1
25310867_25310866_0,4,3,3,3,-1
25310867_13176425186_0,3,3,2,3,0
25310868_9985511560_0,4,3,3,3,-1
25310868_25310867_0,4,3,3,3,-1
25310868_25310863_0,4,3,3,3,-1
25310869_25310862_0,3,3,3,3,0
25310869_25310864_0,3,3,2,2,-1
25310870_25310877_0,3,3,2,2,-1
25310870_25310869_0,2,3,2,2,0
25310871_25310870_0,3,3,2,2,-1
25310871_25310872_0,3,3,3,2,-1
25310872_8363909975_0,2,3,2,3,1
25310872_25310873_0,3,3,3,4,1
25310873_26035015_0,3,3,3,3,0
25310873_270733389_0,3,3,3,3,0
25310874_25310871_0,2,3,2,2,0
25310874_25310875_0,3,3,3,2,-1
25310875_25310891_0,3,3,3,3,0
25310875_25327153_0,3,3,3,3,0
25310876_25310875_0,2,3,2,2,0
25310876_25310871_0,2,3,2,2,0
25310877_25310876_0,1,3,2,2,1
25310877_25310882_0,3,3,2,3,0
25310878_25310877_0,1,3,2,3,2
25310878_25310869_0,2,3,3,3,1
25310879_25310878_0,3,3,2,3,0
25310879_25310880_0,4,3,3,3,-1
25310880_25327127_0,4,3,3,3,-1
25310880_25310857_0,3,3,3,3,0
25310881_25310880_0,3,3,3,3,0
25310881_25310878_0,2,3,3,3,1
25310882_25310881_0,3,3,3,3,0
25310882_1381860430_0,3,3,3,3,0
25310885_25310882_0,3,3,2,3,0
25310885_25310886_0,3,3,2,2,-1
25310886_25327153_0,2,3,3,3,1
25310886_25310876_0,2,3,2,2,0
25310887_1381860429_0,4,3,3,3,-1
25310887_25327147_0,4,3,3,3,-1
25310888_25316384_0,3,3,3,3,0
25310888_25310887_0,4,3,3,3,-1
25310889_1381860431_0,4,3,3,3,-1
25310889_25310888_0,4,3,3,3,-1
25310890_25310896_0,3,3,2,3,0
25310890_1954994779_0,4,3,3,3,-1
25310890_25310893_0,3,3,3,3,0
25310891_25310890_0,3,3,3,3,0
25310891_25310900_0,3,3,3,3,0
25310893_1954994781_0,2,3,3,3,1
25310893_25310909_0,3,3,3,3,0
25310894_26035106_0,2,3,2,2,0
25310894_25310896_0,3,3,2,3,0
25310895_25310894_0,2,3,3,3,1
25310895_11690126531_0,3,3,3,3,0
25310896_1682324863_0,3,3,1,3,0
25310896_2450713202_0,3,3,3,3,0
25310897_2450713228_0,3,3,3,3,0
25310897_25310898_0,1,3,3,3,2
25310898_25310905_0,3,3,3,3,0
25310898_25310899_0,3,3,3,3,0
25310899_25310900_0,3,3,3,3,0
25310899_25310890_0,3,3,3,3,0
25310900_1381860427_0,3,3,3,3,0
25310900_25310903_0,3,3,3,3,0
25310901_25310885_0,3,3,3,3,0
25310901_25310902_0,3,3,3,3,0
25310902_25327152_0,2,3,2,2,0
25310902_1381860428_0,3,3,3,3,0
25310903_1381860426_0,2,3,3,3,1
25310903_1381860425_0,3,3,3,3,0
25310904_25310903_0,3,3,3,3,0
25310904_25310899_0,2,3,3,3,1
25310905_34385832_0,3,3,3,3,0
25310905_25310904_0,2,3,2,2,0
25310907_25310894_0,3,3,3,3,0
25310907_25310908_0,3,3,3,3,0
25310908_25932612_0,3,3,3,3,0
25310908_6101119291_0,3,3,3,3,0
25310909_2072612784_0,4,3,3,3,-1
25310910_2319500305_0,3,3,3,3,0
25310910_25310909_0,4,3,3,3,-1
25310911_25310874_0,3,3,1,3,0
25310911_25310872_0,2,3,1,3,1
25310913_25310910_0,3,3,3,3,0
25310913_26035104_0,3,3,3,3,0
25310931_25310932_0,3,3,3,3,0
25310931_25310933_0,4,4,3,3,-1
25310932_21604550_0,3,3,3,2,-1
25310932_21674804_0,3,3,3,3,0
25310933_25319258_0,4,4,3,3,-1
25310933_25319257_0,4,4,3,3,-1
25312121_33257060_0,4,3,3,3,-1
25312123_25312128_0,3,3,3,3,0
25312123_25312138_0,4,3,3,3,-1
25312123_16564357_0,4,3,3,3,-1
25312126_25312127_0,3,3,2,3,0
25312126_3834391683_0,3,1,2,3,0
25312126_35678578_0,3,3,3,3,0
25312126_8788252009_0,4,3,3,3,-1
25312127_8788241046_0,2,3,3,3,1
25312127_25312134_0,2,3,2,2,0
25312128_35678579_0,3,3,3,3,0
25312128_25312135_0,3,3,3,3,0
25312129_25312128_0,3,3,3,3,0
25312129_24526417_0,2,1,3,3,1
25312129_16564357_0,4,3,3,3,-1
25312129_35678578_0,3,3,3,3,0
25312133_35678668_0,3,3,2,2,-1
25312133_8788329523_0,3,3,3,3,0
25312133_712926919_0,2,2,2,3,1
25312134_8788241048_0,3,3,3,3,0
25312134_25312133_0,2,3,2,2,0
25312135_25312136_0,2,3,2,3,1
25312135_35678580_0,3,3,2,2,-1
25312136_25312144_0,3,2,3,3,0
25312136_25312137_0,4,3,3,3,-1
25312136_35678668_0,3,3,2,2,-1
25312137_712909224_0,4,3,3,3,-1
25312137_25312138_0,4,3,3,3,-1
25312137_25312136_0,4,3,3,3,-1
25312138_25312135_0,3,3,3,3,0
25312138_25312137_0,4,3,3,3,-1
25312138_25312123_0,4,3,3,3,-1
25312144_35678468_0,3,3,3,3,0
25312144_712909224_0,4,3,3,3,-1
25312477_2084363829_0,3,3,3,3,0
25312477_190131566_0,3,3,3,3,0
25316171_25498540_0,3,3,3,3,0
25316172_25316184_0,3,3,3,3,0
25316173_25498567_0,3,3,3,3,0
25316174_25498568_0,3,3,3,3,0
25316175_25495336_0,3,3,3,3,0
25316176_25498569_0,4,3,3,3,-1
25316176_25310831_0,4,3,3,3,-1
25316177_25316176_0,4,3,3,3,-1
25316177_25316199_0,2,3,3,3,1
25316178_25316179_0,4,3,3,3,-1
25316178_25316189_0,3,3,3,3,0
25316179_25498566_0,4,3,3,3,-1
25316179_21674807_0,4,3,3,3,-1
25316180_25498539_0,4,3,3,4,0
25316180_25316178_0,4,3,3,3,-1
25316181_25316182_0,3,3,3,3,0
25316182_26052732_0,4,3,3,3,-1
25316182_6990640909_0,3,3,3,3,0
25316184_4894298864_0,3,3,2,2,-1
25316184_25495339_0,2,3,2,2,0
25316185_25316173_0,3,3,2,2,-1
25316185_25316184_0,2,3,2,2,0
25316186_25316174_0,2,3,2,2,0
25316186_25316185_0,2,3,2,2,0
25316187_25316197_0,3,3,3,2,-1
25316187_25316188_0,3,3,3,2,-1
25316188_25316179_0,3,3,3,3,0
25316189_1042749309_0,3,3,3,2,-1
25316190_25316180_0,3,3,3,3,0
25316191_25316190_0,3,3,3,3,0
25316191_25316192_0,3,3,3,3,0
25316192_25316258_0,3,3,3,2,-1
25316193_25316192_0,3,3,3,3,0
25316193_25316180_0,4,3,3,3,-1
25316194_25498538_0,4,3,3,3,-1
25316195_25316181_0,3,3,3,3,0
25316197_25316199_0,3,3,2,3,0
25316197_21674808_0,3,3,2,3,0
25316199_1694707162_0,3,3,3,3,0
25316247_1042749613_0,3,3,3,2,-1
25316247_21674809_0,2,3,3,2,0
25316249_25316251_0,2,3,3,3,1
25316249_25316247_0,2,3,3,3,1
25316250_25316254_0,2,3,3,3,1
25316250_25316249_0,2,3,3,3,1
25316251_25316252_0,3,3,3,3,0
25316251_25316262_0,2,3,2,3,1
25316252_25316250_0,2,3,3,3,1
25316252_21674895_0,3,3,3,3,0
25316254_25316260_0,3,3,3,3,0
25316254_16050062_0,3,3,3,3,0
25316255_25316249_0,2,3,3,3,1
25316255_25316254_0,2,3,2,3,1
25316256_1042749170_0,4,3,3,3,-1
25316257_25316192_0,3,3,3,3,0
25316257_25316256_0,3,3,3,3,0
25316258_4844794552_0,3,3,3,3,0
25316258_25316259_0,3,3,3,3,0
25316258_9680578368_0,2,3,3,3,1
25316259_25316257_0,3,3,3,3,0
25316259_1042749277_0,2,3,3,3,1
25316260_25316256_0,3,3,3,3,0
25316260_1042749273_0,3,3,3,3,0
25316261_1694707162_0,3,3,3,3,0
25316261_21674808_0,2,3,3,3,1
25316262_25316261_0,3,3,2,2,-1
25316263_25316262_0,2,3,3,3,1
25316263_25316252_0,2,3,3,3,1
25316365_25310889_0,2,3,3,3,1
25316365_1297040318_0,3,3,3,3,0
25316384_25316365_0,2,3,3,3,1
25316384_21674800_0,2,3,3,3,1
25316395_1606993797_0,3,3,3,2,-1
25316395_695208116_0,3,3,3,2,-1
25316399_25316410_0,3,3,2,3,0
25316399_25316436_0,3,3,2,2,-1
25316410_25316417_0,2,3,2,3,1
25316410_25327131_0,3,3,2,3,0
25316417_25316384_0,2,3,3,3,1
25316417_34385822_0,2,3,3,3,1
25316435_21674799_0,3,3,3,3,0
25316435_25327130_0,3,3,2,3,0
25316436_1606993799_0,3,3,3,3,0
25316436_25316435_0,2,3,3,3,1
25319177_25310897_0,3,3,3,3,0
25319177_25310898_0,3,3,3,3,0
25319178_1682324863_0,3,3,3,3,0
25319178_12645537506_0,3,3,3,3,0
25319181_25319177_0,4,3,3,3,-1
25319181_25319178_0,3,3,3,3,0
25319182_34385840_0,4,3,3,3,-1
25319182_264496810_0,3,3,3,3,0
25319183_25319182_0,4,3,3,3,-1
25319183_25327137_0,3,3,3,3,0
25319190_25319302_0,3,3,3,3,0
25319190_25319196_0,4,3,3,3,-1
25319193_1606993790_0,3,3,2,2,-1
25319193_25327136_0,3,3,3,3,0
25319194_25319193_0,3,3,3,3,0
25319194_21604552_0,3,3,3,3,0
25319195_639567628_0,3,3,3,3,0
25319196_25319193_0,3,3,2,3,0
25319196_21604552_0,4,3,3,3,-1
25319201_25319203_0,3,3,2,2,-1
25319201_25319202_0,3,3,2,2,-1
25319202_25319212_0,3,3,3,3,0
25319202_25319195_0,3,3,3,3,0
25319203_26052934_0,3,3,3,3,0
25319203_8274304167_0,3,3,3,3,0
25319204_25319202_0,3,3,2,2,-1
25319204_25319203_0,3,3,2,3,0
25319205_26064143_0,3,3,3,3,0
25319205_25319204_0,3,3,3,3,0
25319206_25319211_0,2,3,2,2,0
25319206_25319205_0,3,3,3,3,0
25319207_25319208_0,4,3,3,3,-1
25319207_25319206_0,3,3,2,3,0
25319208_25319190_0,4,3,3,3,-1
25319208_21674803_0,3,3,2,3,0
25319211_25319208_0,3,3,2,3,0
25319211_25319196_0,3,3,2,3,0
25319212_25319211_0,3,3,3,3,0
25319212_25319205_0,3,3,3,3,0
25319255_25319257_0,3,3,3,3,0
25319255_25319258_0,3,3,2,3,0
25319257_21604551_0,4,3,3,3,-1
25319258_26027231_0,4,3,2,3,-1
25319258_25319259_0,3,3,2,3,0
25319259_26027230_0,3,3,2,3,0
25319259_8831923525_0,3,3,2,3,0
25319260_25319207_0,3,3,2,3,0
25319260_265809740_0,3,3,3,3,0
25319260_25319261_0,3,3,2,3,0
25319261_25310931_0,4,4,3,3,-1
25319302_25319183_0,4,3,3,3,-1
25319302_21674802_0,3,3,3,3,0
25321302_21993017_0,3,3,3,3,0
25321302_195266_0,3,3,3,3,0
25321302_195262_0,4,3,3,3,-1
25321304_1703401805_0,2,3,3,3,1
25321304_195275_0,2,3,3,3,1
25321309_1519682880_0,2,3,3,3,1
25321309_25321323_0,2,3,3,3,1
25321323_25321327_0,3,3,3,3,0
25321327_25321469_0,3,3,3,3,0
25321327_25321330_0,2,3,3,3,1
25321330_25321309_0,2,3,2,3,1
25321330_11304624943_0,1,3,2,2,1
25321330_25321327_0,2,3,3,3,1
25321354_8785560397_0,3,3,3,3,0
25321357_25321354_0,2,3,3,3,1
25321359_25335974_0,2,3,3,3,1
25321359_25321354_0,3,3,3,3,0
25321407_25321359_0,3,3,3,3,0
25321408_25321407_0,3,3,3,3,0
25321408_25321469_0,2,3,3,3,1
25321422_25321408_0,3,3,3,3,0
25321422_1288817934_0,2,3,3,3,1
25321433_25321422_0,3,3,3,3,0
25321447_25336247_0,3,3,3,3,0
25321447_25303831_0,4,3,3,3,-1
25321456_25321433_0,3,3,3,3,0
25321456_25303831_0,3,3,3,3,0
25321469_25321456_0,3,3,3,3,0
25321687_25321689_0,1,3,3,3,2
25321687_459797860_0,1,3,3,3,2
25321687_25321447_0,3,3,3,3,0
25321689_25321687_0,1,3,3,3,2
25321689_25303841_0,3,3,3,3,0
25321689_25303831_0,3,3,3,3,0
25327117_25498572_0,4,3,3,3,-1
25327118_25327117_0,4,3,3,3,-1
25327118_2814044876_0,3,3,3,3,0
25327119_270473915_0,4,3,3,3,-1
25327119_25327118_0,4,3,3,3,-1
25327119_25327123_0,3,3,3,3,0
25327120_270473915_0,3,3,3,3,0
25327120_25327119_0,4,3,3,3,-1
25327121_25327120_0,4,3,3,3,-1
25327121_25327122_0,3,3,3,3,0
25327122_25327123_0,3,3,2,3,0
25327123_25310823_0,2,3,3,2,0
25327123_25310855_0,3,3,2,2,-1
25327124_5732208561_0,3,3,3,3,0
25327125_25327128_0,4,3,3,3,-1
25327125_25316261_0,3,3,3,3,0
25327127_25310889_0,4,3,3,3,-1
25327127_1297040318_0,4,3,3,3,-1
25327128_5732208559_0,3,3,3,2,-1
25327128_25327129_0,4,3,3,3,-1
25327129_25316263_0,3,3,3,3,0
25327129_554199956_0,4,3,3,3,-1
25327130_16050062_0,4,3,3,3,-1
25327130_25316250_0,3,3,3,3,0
25327131_25327148_0,2,3,2,3,1
25327131_25327132_0,2,3,3,3,1
25327132_1042749228_0,3,3,3,3,0
25327133_25327148_0,2,3,2,3,1
25327133_1042749196_0,3,3,2,3,0
25327134_1606993792_0,3,3,3,3,0
25327134_25327133_0,3,3,3,3,0
25327135_25327139_0,2,3,2,2,0
25327135_25327134_0,3,3,3,3,0
25327136_7002003110_0,3,3,3,3,0
25327137_1606993788_0,2,3,2,3,1
25327137_25327135_0,2,3,2,3,1
25327138_1297040321_0,3,3,2,3,0
25327138_25327137_0,2,3,3,3,1
25327138_25319182_0,3,3,3,3,0
25327139_25327138_0,3,3,2,3,0
25327140_2450596804_0,4,3,3,3,-1
25327140_34385832_0,4,3,3,3,-1
25327140_1011010986_0,4,3,3,3,-1
25327143_25327134_0,3,3,3,3,0
25327143_25327139_0,3,3,3,3,0
25327144_25316417_0,2,3,2,3,1
25327144_1297040310_0,3,3,2,2,-1
25327145_1297040317_0,2,3,3,3,1
25327145_1297040327_0,3,3,3,3,0
25327146_25327140_0,4,3,3,3,-1
25327146_34385819_0,4,3,3,3,-1
25327147_34385820_0,3,3,3,3,0
25327147_25327146_0,4,3,3,3,-1
25327148_25327143_0,3,3,3,3,0
25327152_25310885_0,2,3,2,3,1
25327153_25310901_0,3,3,3,3,0
25334263_25334281_0,3,3,3,3,0
25334263_475003534_0,3,3,3,3,0
25334276_25334281_0,2,3,3,3,1
25334276_143421_0,4,4,3,3,-1
25334281_25334299_0,2,3,3,3,1
25334281_195277_0,3,3,3,3,0
25334299_143418_0,3,3,3,3,0
25334340_21992835_0,2,3,3,3,1
25334340_25334299_0,3,3,3,3,0
25334442_474605974_0,3,3,3,3,0
25334442_195266_0,3,3,3,3,0
25335974_195274_0,3,3,3,3,0
25335974_8541062634_0,3,3,3,3,0
25335981_8541062635_0,3,3,3,3,0
25336175_25336178_0,2,3,3,3,1
25336175_4428355731_0,2,3,3,2,0
25336178_25336175_0,2,3,3,3,1
25336178_25336189_0,2,3,3,3,1
25336179_195261_0,4,3,3,3,-1
25336179_13362551762_0,4,3,3,3,-1
25336189_195271_0,3,3,3,3,0
25336189_2026239409_0,3,3,3,3,0
25336247_251050862_0,3,3,3,3,0
25336247_25321433_0,3,3,3,3,0
25336254_251047560_0,3,3,3,3,0
25337448_25337450_0,3,3,2,3,0
25337450_444667873_0,3,3,3,3,0
25337452_25337455_0,3,3,4,2,-1
25337452_25337461_0,3,3,4,3,0
25337454_25305955_0,3,3,3,3,0
25337454_15925438_0,4,4,4,3,-1
25337455_25337456_0,1,3,3,3,2
25337455_25337448_0,2,3,2,3,1
25337456_25153074_0,1,3,3,3,2
25337456_25153103_0,3,3,3,3,0
25337456_21604533_0,3,3,3,3,0
25337457_195250_0,4,4,3,3,-1
25337457_25337452_0,1,3,3,3,2
25337458_565447495_0,3,3,3,3,0
25337458_25337462_0,3,3,3,3,0
25337459_25337458_0,3,3,2,2,-1
25337459_25337464_0,2,3,3,2,0
25337460_25337459_0,1,3,3,3,2
25337460_25337462_0,3,3,3,3,0
25337461_24009841_0,4,4,3,3,-1
25337462_25337463_0,3,3,3,3,0
25337462_25450962_0,3,3,3,3,0
25337463_25337455_0,3,3,4,3,0
25337463_25337461_0,4,3,3,3,-1
25337464_25337467_0,3,3,3,3,0
25337464_25337468_0,2,3,2,2,0
25337465_2217020722_0,3,3,3,2,-1
25337465_25337469_0,3,3,3,2,-1
25337467_663650280_0,4,4,4,3,-1
25337467_25452393_0,3,3,3,3,0
25337468_25450960_0,2,3,2,3,1
25337468_25450965_0,2,3,2,2,0
25337469_25337468_0,2,3,2,2,0
25337469_663650175_0,2,3,2,3,1
25450957_25450963_0,3,3,2,3,0
25450957_565447496_0,3,3,2,3,0
25450959_318711370_0,2,3,2,2,0
25450959_25450960_0,3,3,3,2,-1
25450960_25337458_0,3,3,3,3,0
25450960_25337464_0,3,3,3,3,0
25450962_565447495_0,2,3,3,3,1
25450962_25450964_0,2,3,3,3,1
25450963_25450964_0,3,3,3,3,0
25450964_26059185_0,1,3,3,3,2
25450964_25451944_0,3,3,3,3,0
25450965_25450967_0,2,3,2,2,0
25450965_25450966_0,2,3,2,3,1
25450966_276635164_0,2,3,2,3,1
25450966_26059236_0,2,3,2,2,0
25450967_318711366_0,3,3,2,3,0
25450967_26059219_0,3,3,3,3,0
25451370_195268_0,2,3,3,3,1
25451370_8541062635_0,3,3,3,3,0
25451454_8785560397_0,4,4,3,4,0
25451455_25451454_0,3,3,3,3,0
25451455_245957281_0,4,3,3,3,-1
25451862_25451863_0,3,3,3,3,0
25451862_8784789884_0,4,3,3,3,-1
25451863_25451865_0,3,3,3,3,0
25451863_15925451_0,3,3,3,3,0
25451865_25451868_0,3,3,3,3,0
25451865_25451869_0,3,3,3,3,0
25451866_5006393114_0,3,3,3,3,0
25451866_25451865_0,3,3,3,3,0
25451868_26731437_0,3,3,3,3,0
25451869_25451999_0,3,3,3,3,0
25451869_25451871_0,2,3,3,3,1
25451871_25451872_0,3,3,3,3,0
25451871_26058769_0,2,3,3,3,1
25451872_25451935_0,3,3,3,3,0
25451872_9214618_0,3,3,3,3,0
25451935_25451863_0,3,3,3,2,-1
25451935_25451869_0,3,3,3,3,0
25451937_25451944_0,2,3,3,3,1
25451937_25450957_0,3,3,2,3,0
25451944_26059180_0,2,3,3,3,1
25451944_25451960_0,3,3,4,3,0
25451960_26731441_0,4,3,4,3,-1
25451960_25451970_0,2,3,4,3,1
25451970_25499212_0,3,3,3,3,0
25451970_25499208_0,3,3,2,3,0
25451982_25451866_0,3,3,2,3,0
25451998_25451871_0,3,3,3,3,0
25452392_1352733757_0,4,4,4,3,-1
25452392_195252_0,3,3,3,3,0
25452393_25452392_0,4,4,4,4,0
25452874_25452884_0,2,3,2,3,1
25452874_26289489_0,3,3,3,3,0
25452874_26084253_0,2,3,3,3,1
25452874_25452878_0,2,3,3,3,1
25452878_25452882_0,2,3,2,3,1
25452878_35413414_0,3,3,3,3,0
25452878_25452874_0,2,3,3,3,1
25452882_25452878_0,2,3,2,3,1
25452884_286483707_0,3,3,2,2,-1
25452884_25452874_0,2,3,2,3,1
25452887_26289694_0,3,3,3,3,0
25452887_8794404140_0,4,3,3,3,-1
25452887_26115859_0,4,3,3,3,-1
25452888_26289580_0,2,3,2,3,1
25452888_26289489_0,3,3,3,3,0
25452888_26289694_0,2,3,3,2,0
25454179_23666815_0,2,3,2,2,0
25454179_16566897_0,3,3,2,2,-1
25468003_25468008_0,3,3,3,3,0
25468003_25468022_0,3,3,3,3,0
25468004_25468003_0,3,3,3,3,0
25468004_25468011_0,2,3,3,3,1
25468005_25468004_0,3,3,3,3,0
25468005_25468006_0,2,3,3,3,1
25468006_25468007_0,2,3,2,2,0
25468006_25468043_0,3,3,3,3,0
25468007_25468004_0,2,3,2,2,0
25468007_25468008_0,3,3,3,3,0
25468008_25468076_0,3,3,3,3,0
25468008_25468038_0,3,3,3,3,0
25468009_25468003_0,3,3,3,3,0
25468009_25468011_0,2,3,3,3,1
25468010_25468012_0,2,3,3,2,0
25468010_25468017_0,2,3,2,2,0
25468011_25468010_0,3,3,2,2,-1
25468012_25468009_0,3,3,3,3,0
25468012_25468021_0,3,3,3,3,0
25468012_25468010_0,2,3,3,2,0
25468014_25468005_0,3,3,3,3,0
25468017_25468019_0,2,3,2,2,0
25468019_25468012_0,3,3,3,2,-1
25468019_25468017_0,2,3,2,2,0
25468019_25468020_0,3,3,3,3,0
25468020_1678246930_0,3,3,3,3,0
25468020_25468019_0,3,3,3,3,0
25468020_25468021_0,2,3,3,3,1
25468020_8836199010_0,3,3,3,3,0
25468021_25468023_0,3,3,3,3,0
25468022_376378078_0,4,3,3,4,0
25468022_25468023_0,4,3,3,3,-1
25468023_8836199010_0,4,3,3,3,-1
25468025_25468022_0,4,3,3,3,-1
25468030_25468005_0,3,3,3,3,0
25468032_25468030_0,2,3,3,2,0
25468032_25468006_0,2,3,2,2,0
25468033_25468045_0,3,3,3,4,1
25468033_25468032_0,2,3,2,2,0
25468037_25468076_0,3,3,3,3,0
25468037_8832699229_0,3,3,3,3,0
25468037_25468038_0,3,3,2,2,-1
25468037_48837735_0,3,3,3,2,-1
25468038_25468037_0,3,3,2,2,-1
25468038_8832699235_0,3,3,3,3,0
25468040_25468041_0,2,3,2,2,0
25468040_25468069_0,3,3,3,3,0
25468041_25468067_0,2,3,2,2,0
25468041_26086115_0,2,3,2,2,0
25468043_25468044_0,3,3,3,3,0
25468044_25468032_0,3,3,3,4,1
25468044_25468066_0,3,3,3,4,1
25468044_25468045_0,4,3,3,3,-1
25468045_11216988757_0,4,3,3,3,-1
25468066_26086118_0,3,3,3,2,-1
25468066_25468068_0,3,3,2,2,-1
25468067_25468068_0,2,3,2,2,0
25468068_25468040_0,3,3,2,2,-1
25468069_8832699229_0,3,3,4,4,1
25468069_25468070_0,3,3,3,3,0
25468070_26086114_0,3,3,3,3,0
25468070_254567104_0,3,3,3,2,-1
25468070_25468041_0,2,3,2,2,0
25468073_25468069_0,3,3,3,3,0
25468073_8832666445_0,4,3,3,3,-1
25468075_25468073_0,4,3,3,3,-1
25468076_25468025_0,3,3,3,3,0
25468076_25468037_0,3,3,3,3,0
25468085_382011402_0,4,3,4,3,-1
25468090_1643908326_0,4,3,3,3,-1
25468090_8281232336_0,3,3,3,3,0
25468214_4143189207_0,3,3,3,3,0
25468214_5257013006_0,2,3,3,3,1
25468215_25468216_0,4,3,3,3,-1
25468215_283325403_0,4,3,3,4,0
25468216_25468217_0,4,3,3,3,-1
25468216_25468215_0,4,3,3,3,-1
25468217_928170072_0,4,3,3,3,-1
25468217_25468216_0,4,3,3,3,-1
25468217_215687061_0,2,3,3,3,1
25468218_25468219_0,3,3,3,3,0
25468218_928170072_0,4,3,3,3,-1
25468219_569061957_0,4,3,4,3,-1
25468219_25468218_0,3,3,3,3,0
25468226_4947306480_0,3,3,3,3,0
25468226_25468228_0,3,3,3,3,0
25468227_4968768578_0,3,3,3,3,0
25468227_4947306480_0,3,3,3,3,0
25468227_4947306501_0,2,3,3,3,1
25468228_25468226_0,3,3,3,3,0
25468228_283326996_0,3,3,3,3,0
25468301_26108000_0,4,3,3,3,-1
25468301_32533201_0,4,3,3,3,-1
25468301_26084258_0,4,3,3,3,-1
25468304_32533210_0,2,3,2,2,0
25468304_26108000_0,4,3,3,3,-1
25468304_165860035_0,4,3,3,3,-1
25468304_21674920_0,4,3,3,3,-1
25468305_173030870_0,4,3,3,3,-1
25468305_32533201_0,4,3,3,3,-1
25468305_286483713_0,4,3,3,3,-1
25470101_8434042_0,4,3,3,3,-1
25470101_493545513_0,3,1,3,3,0
25470101_34648986_0,3,3,4,3,0
25470290_26009776_0,3,3,3,2,-1
25470290_1798715904_0,3,3,3,3,0
25470914_25471053_0,4,3,3,3,-1
25470914_25470916_0,3,3,3,3,0
25470914_25471028_0,4,3,3,3,-1
25470914_25547435_0,3,3,3,3,0
25470916_25547440_0,2,3,3,3,1
25470916_25470914_0,3,3,3,3,0
25470916_8281232336_0,3,3,3,3,0
25470917_25549075_0,4,3,3,3,-1
25470917_59640255_0,3,3,3,3,0
25471028_59640255_0,4,3,3,3,-1
25471028_25470914_0,4,3,3,3,-1
25471053_25470914_0,4,3,3,3,-1
25471053_415638612_0,4,3,3,3,-1
25471072_25471053_0,2,3,3,3,1
25471074_984186416_0,3,3,3,3,0
25471074_654019202_0,3,3,3,3,0
25471717_48880063_0,3,3,2,2,-1
25471717_25471719_0,2,3,2,2,0
25471719_25471743_0,2,3,2,2,0
25471719_25471741_0,2,3,2,2,0
25471719_6424443708_0,2,3,2,2,0
25471728_8168938358_0,4,3,3,3,-1
25471730_26132242_0,4,3,3,3,-1
25471730_25471728_0,4,3,3,3,-1
25471741_1288817944_0,2,3,2,3,1
25471741_48880114_0,3,3,2,3,0
25471743_48880118_0,2,3,2,2,0
25471743_48880065_0,2,3,2,2,0
25471761_25525378_0,3,3,3,3,0
25478600_35224285_0,3,3,2,2,-1
25478600_35220563_0,1,3,2,2,1
25478602_25478600_0,2,3,2,3,1
25495293_25152928_0,3,3,3,4,1
25495293_25499134_0,4,3,3,4,0
25495294_2139361023_0,4,3,3,3,-1
25495294_1148982742_0,4,4,3,3,-1
25495295_26058917_0,4,3,3,3,-1
25495295_195241_0,4,4,4,4,0
25495298_2605393520_0,4,3,4,3,-1
25495299_1148982723_0,3,3,3,2,-1
25495299_25495298_0,2,3,3,3,1
25495334_25316185_0,3,3,2,2,-1
25495334_25495335_0,3,3,2,3,0
25495335_25316186_0,3,3,3,3,0
25495335_21674806_0,4,3,3,3,-1
25495335_25495338_0,4,3,3,3,-1
25495336_25316186_0,3,3,2,3,0
25495336_25495338_0,3,3,3,4,1
25495338_25495335_0,4,3,3,3,-1
25495338_25495347_0,4,3,3,3,-1
25495338_25495336_0,3,3,3,4,1
25495339_25495334_0,3,3,2,2,-1
25495339_25495340_0,3,3,2,3,0
25495340_21674806_0,4,3,3,3,-1
25495340_21674805_0,4,3,3,3,-1
25495340_1655658195_0,3,3,3,4,1
25495344_25495346_0,4,3,3,3,-1
25495346_25495347_0,4,3,3,3,-1
25495346_2813935188_0,4,3,3,3,-1
25495347_25495346_0,4,3,3,3,-1
25495347_25495345_0,3,3,3,3,0
25495347_25495338_0,4,3,3,3,-1
25498533_4575488373_0,4,3,3,3,-1
25498533_6990640984_0,4,3,3,3,-1
25498538_25316193_0,4,3,3,3,-1
25498538_2606641710_0,4,3,3,3,-1
25498539_25498538_0,4,3,3,4,0
25498539_25316195_0,4,3,3,3,-1
25498540_25316178_0,4,3,3,3,-1
25498540_25498539_0,4,3,3,3,-1
25498566_25316172_0,3,3,3,3,0
25498566_25498540_0,4,3,3,3,-1
25498567_21674807_0,4,3,3,3,-1
25498567_25498566_0,4,3,3,3,-1
25498568_25316177_0,4,3,3,3,-1
25498568_25498567_0,4,3,3,3,-1
25498569_25498568_0,4,3,3,3,-1
25498569_25316175_0,3,3,3,3,0
25498570_25498569_0,4,3,3,3,-1
25498570_25310830_0,3,3,3,3,0
25498571_25498570_0,4,3,3,3,-1
25498571_4576330333_0,4,3,3,3,-1
25498572_25495344_0,4,3,3,3,-1
25498572_13180101537_0,4,3,3,3,-1
25499134_25153108_0,4,3,3,3,-1
25499136_25495293_0,4,4,4,4,0
25499140_3208799313_0,3,3,3,4,1
25499149_3846297541_0,3,3,3,3,0
25499150_412291343_0,3,3,3,3,0
25499150_25499149_0,3,3,3,3,0
25499151_26058994_0,2,3,3,3,1
25499151_25499152_0,2,3,2,3,1
25499152_26058995_0,3,3,3,3,0
25499152_480971528_0,3,3,3,3,0
25499152_25499153_0,3,3,3,2,-1
25499153_25499154_0,3,3,2,2,-1
25499153_25499156_0,2,3,3,3,1
25499154_25499151_0,3,3,3,3,0
25499154_25499149_0,3,3,3,3,0
25499155_25499154_0,2,3,3,3,1
25499155_25499156_0,1,3,3,3,2
25499156_26059099_0,3,3,3,3,0
25499156_8764154567_0,3,3,3,2,-1
25499159_25499155_0,3,3,3,3,0
25499159_25499140_0,3,3,3,3,0
25499161_480971528_0,3,3,4,3,0
25499161_8764193131_0,3,4,4,4,1
25499208_15925452_0,2,3,3,3,1
25499212_25499215_0,3,3,3,3,0
25499215_25499220_0,3,3,3,3,0
25499216_25499217_0,3,3,3,3,0
25499216_581678_0,4,3,4,3,-1
25499217_25499150_0,3,3,3,3,0
25499217_25153100_0,3,3,3,3,0
25499218_25499210_0,2,3,3,3,1
25499218_15925452_0,2,3,3,3,1
25499219_26058937_0,3,3,3,3,0
25499219_25499218_0,2,3,3,2,0
25499220_25499218_0,3,3,3,3,0
25499220_26058935_0,3,3,3,3,0
25525378_8168938342_0,3,3,3,3,0
25547435_1837331253_0,2,3,2,3,1
25547435_8218182128_0,3,3,3,3,0
25547436_10705432732_0,4,3,3,3,-1
25547436_59654818_0,4,3,3,3,-1
25547440_25470916_0,2,3,3,3,1
25547440_8887828403_0,3,3,3,3,0
25547440_25471072_0,2,3,3,3,1
25547441_59640015_0,4,3,3,3,-1
25547441_59640254_0,4,3,3,3,-1
25547441_59654823_0,2,3,3,3,1
25549075_600873562_0,4,4,4,4,0
25549075_27359745_0,4,3,3,4,0
25549075_25470917_0,4,3,3,3,-1
25549076_10160330139_0,4,3,4,3,-1
25549076_4675415578_0,3,3,3,3,0
25549077_21604585_0,3,3,3,3,0
25549077_59640013_0,4,3,3,3,-1
25549077_27359745_0,4,3,3,3,-1
25610709_1367325366_0,4,3,3,3,-1
25610709_8137491713_0,4,3,3,3,-1
25610743_25611153_0,3,3,3,3,0
25610743_8794895035_0,4,3,2,3,-1
25610743_259977334_0,3,3,3,3,0
25610774_624172842_0,4,3,3,3,-1
25610774_26470113_0,2,3,2,3,1
25610774_25611003_0,4,3,3,3,-1
25611003_26464257_0,3,3,3,3,0
25611003_25610774_0,4,3,3,3,-1
25611003_25611043_0,4,3,3,3,-1
25611037_8137491713_0,4,3,3,3,-1
25611040_25611037_0,4,3,2,3,-1
25611043_25611040_0,4,3,3,3,-1
25611043_8794895035_0,4,3,3,3,-1
25611153_26470085_0,2,3,2,2,0
25611153_25610743_0,3,3,3,3,0
25611153_25611154_0,3,3,3,3,0
25611154_25611156_0,3,3,2,3,0
25611154_26470087_0,2,2,2,2,0
25611154_25611153_0,3,3,3,3,0
25611156_25611154_0,3,3,2,3,0
25611156_25611158_0,3,3,2,3,0
25611158_1370403183_0,3,3,2,2,-1
25611158_25611156_0,3,3,2,3,0
25611158_26470491_0,3,3,2,3,0
25611272_25611274_0,2,3,3,3,1
25611274_25611365_0,3,3,3,3,0
25611274_26149140_0,3,3,3,3,0
25611365_25611366_0,3,3,3,3,0
25611375_25611376_0,4,3,3,3,-1
25611376_25611377_0,4,3,3,3,-1
25611377_26286759_0,3,2,3,2,-1
25611377_251050296_0,3,3,3,3,0
25611395_249740340_0,4,3,3,3,-1
25611395_26286760_0,4,3,3,3,-1
25611400_25611401_0,4,3,3,3,-1
25611400_325772567_0,2,2,3,2,0
25611401_25611404_0,4,3,3,3,-1
25611404_1682387628_0,4,3,3,3,-1
25611404_26317345_0,2,2,3,2,0
25611408_25611409_0,4,3,3,3,-1
25611409_55463824_0,4,3,3,3,-1
25611409_26317318_0,2,2,3,2,0
25611411_26317310_0,3,3,3,3,0
25611411_25611424_0,4,3,3,3,-1
25611424_4690060601_0,2,3,2,3,1
25611424_25611425_0,4,3,3,3,-1
25611425_13045357050_0,4,3,3,3,-1
25611428_26317254_0,2,3,2,3,1
25611428_1368674799_0,4,3,3,3,-1
25611428_26317242_0,4,3,3,3,-1
25611760_13045357042_0,4,4,4,3,-1
25611760_13046082674_0,4,3,3,3,-1
25614299_26057008_0,4,4,3,3,-1
25615380_25319204_0,3,3,3,3,0
25615380_26064162_0,4,4,3,3,-1
25615380_26064143_0,4,3,3,3,-1
25618197_26022624_0,3,3,3,3,0
25618197_25618206_0,3,3,3,3,0
25618206_25310868_0,4,3,3,3,-1
25618206_26035007_0,3,3,2,3,0
25618214_25618439_0,4,3,3,3,-1
25618216_25618214_0,4,3,3,3,-1
25618436_25618216_0,3,3,3,3,0
25618436_1384310580_0,2,3,3,3,1
25618439_26035256_0,4,3,3,3,-1
25618439_26291349_0,4,3,3,3,-1
25618439_8399389567_0,4,3,3,3,-1
25620304_25316259_0,3,3,3,3,0
25620304_1042749384_0,4,4,3,3,-1
25620306_25620304_0,4,3,3,3,-1
25620809_26584165_0,3,3,2,3,0
25622515_25622530_0,4,4,4,3,-1
25622530_25622551_0,4,4,3,3,-1
25622530_1468760675_0,4,4,4,3,-1
25622551_25622530_0,4,4,3,3,-1
25622551_26131895_0,4,4,3,3,-1
25622570_25622573_0,4,4,3,4,0
25622571_25622551_0,4,4,4,4,0
25622573_11422035858_0,4,4,3,3,-1
25622574_25622571_0,4,4,3,3,-1
25622724_25622725_0,4,3,3,3,-1
25622724_4617186035_0,4,3,3,3,-1
25622725_25622724_0,4,3,3,3,-1
25622725_25622726_0,4,3,3,3,-1
25622725_29083977_0,4,3,3,3,-1
25622726_11422035859_0,4,3,3,3,-1
25622731_4617186038_0,4,3,3,3,-1
25622731_13289372527_0,4,3,3,3,-1
25624056_25624140_0,2,3,2,2,0
25624056_25624141_0,2,3,2,2,0
25624056_25624058_0,2,3,2,2,0
25624056_25624060_0,2,3,2,2,0
25624058_25624056_0,2,3,2,2,0
25624058_25624059_0,2,3,2,2,0
25624058_25624139_0,2,3,2,2,0
25624058_26132247_0,2,3,2,2,0
25624059_48880067_0,2,3,2,2,0
25624059_25624160_0,2,3,3,3,1
25624059_25624058_0,2,3,2,2,0
25624060_25624143_0,2,3,3,3,1
25624060_25624056_0,2,3,2,2,0
25624139_26132246_0,2,3,2,2,0
25624139_25624140_0,2,3,3,2,0
25624139_25624058_0,2,3,2,2,0
25624139_8897755315_0,3,3,3,3,0
25624140_25624056_0,2,3,2,2,0
25624140_8149345756_0,2,3,3,3,1
25624141_25624142_0,2,3,2,2,0
25624141_27362922_0,3,3,3,3,0
25624141_25624056_0,2,3,2,2,0
25624142_25624141_0,2,3,2,2,0
25624142_25624060_0,2,3,2,2,0
25624142_25624144_0,2,3,3,2,0
25624142_1255306647_0,2,3,3,3,1
25624143_891129815_0,3,3,3,2,-1
25624143_25624144_0,3,3,3,3,0
25624144_891129818_0,3,3,3,3,0
25624144_25624142_0,2,3,3,2,0
25624144_3626479005_0,3,3,3,3,0
25624145_25624146_0,2,3,2,2,0
25624146_26132246_0,2,3,2,2,0
25624146_26132243_0,3,3,2,3,0
25624146_25471717_0,3,3,2,2,-1
25624152_48880093_0,3,3,3,3,0
25624152_8168902706_0,3,3,3,3,0
25624160_891129825_0,3,3,4,4,1
25624160_25624059_0,2,3,3,3,1
25624160_25624143_0,3,3,3,3,0
25624666_27362894_0,3,3,3,3,0
25624666_1028380059_0,3,3,3,3,0
25631417_8149395025_0,2,3,3,3,1
25632290_26014245_0,4,4,3,3,-1
25632290_27504185_0,3,4,3,3,0
25632290_1764264890_0,4,4,4,3,-1
25632869_1026456304_0,4,3,3,3,-1
25632869_1029435020_0,4,3,3,4,0
25634092_26057042_0,4,3,3,3,-1
25719221_13383978_0,4,3,4,4,0
25719223_1042749303_0,4,3,3,3,-1
25719223_25316260_0,3,3,3,3,0
25719225_6744047182_0,4,3,4,4,0
25719228_3393859930_0,4,4,4,4,0
25719228_3393859920_0,4,4,3,3,-1
25722214_1967907778_0,3,3,2,2,-1
25722214_26584170_0,3,3,2,2,-1
25722218_25722219_0,3,3,2,3,0
25722219_33183165_0,3,3,2,3,0
25722219_24484855_0,3,3,3,3,0
25722220_33183161_0,3,3,2,3,0
25722220_25722222_0,1,3,2,3,2
25722222_25722223_0,3,3,2,3,0
25722222_22218377_0,3,3,2,3,0
25722223_33250400_0,3,3,2,3,0
25722224_23666981_0,3,3,2,3,0
25722225_23667285_0,3,3,2,3,0
25722226_25454179_0,3,3,2,2,-1
25722226_16566910_0,3,3,3,2,-1
25722234_3558474796_0,4,3,3,3,-1
25722234_26729000_0,1,2,3,3,2
25722234_83703898_0,2,3,2,3,1
25722244_2158548111_0,3,4,4,3,0
25722244_2106958155_0,4,4,4,3,-1
25722248_252333287_0,3,3,4,3,0
25722248_35210587_0,3,3,3,2,-1
25722257_252412611_0,3,3,3,3,0
25722257_25722258_0,3,3,3,3,0
25722258_25722260_0,4,3,3,3,-1
25722260_8210566445_0,3,3,3,3,0
25722260_25722261_0,4,4,3,3,-1
25722261_25722263_0,4,3,3,3,-1
25722263_25722264_0,4,3,4,3,-1
25722263_35218654_0,3,3,3,3,0
25722264_1975440385_0,3,3,4,3,0
25722264_2244836226_0,4,3,3,3,-1
25722266_26584156_0,4,3,3,3,-1
25722266_26014319_0,4,3,3,3,-1
25722267_26584163_0,3,3,3,3,0
25722267_11048560947_0,3,3,4,3,0
25722288_26023286_0,4,3,3,3,-1
25722288_25722292_0,4,3,2,3,-1
25722292_1438257885_0,4,4,3,4,0
25722292_25722293_0,4,3,3,3,-1
25722293_26052731_0,4,3,3,3,-1
25722293_21674805_0,4,3,3,4,0
25722293_26052730_0,3,3,3,2,-1
25722297_25498533_0,4,3,4,3,-1
25722301_27503213_0,4,3,3,3,-1
25722301_27503214_0,4,3,3,3,-1
25743294_25743300_0,2,1,2,2,0
25743294_25743297_0,3,1,2,3,0
25743297_26106404_0,3,3,2,2,-1
25743297_26106382_0,3,3,4,3,0
25743299_25743300_0,2,1,2,2,0
25743299_25743297_0,3,3,2,2,-1
25743300_25743307_0,3,1,1,2,-1
25743306_26583848_0,3,3,2,3,0
25743306_1528154145_0,3,3,2,3,0
25743307_26106387_0,2,1,2,2,0
25743307_25743294_0,2,1,2,2,0
25932612_25932613_0,3,3,3,3,0
25932613_25310907_0,3,3,3,3,0
25932613_25932614_0,3,3,3,3,0
25932614_528993516_0,3,3,3,3,0
25932614_25932613_0,3,3,3,3,0
25984655_3882989560_0,2,1,2,3,1
25984655_13256918436_0,2,3,2,3,1
25984655_21510487_0,2,3,3,3,1
26009776_1051082303_0,2,3,2,2,0
26009778_1051082303_0,3,3,2,3,0
26009778_21510491_0,2,3,2,2,0
26009822_26009841_0,3,3,3,3,0
26009822_26009833_0,3,3,3,3,0
26009828_21674897_0,3,3,2,2,-1
26009828_728283326_0,3,3,2,3,0
26009833_21674896_0,4,4,3,3,-1
26009837_26009841_0,3,3,3,3,0
26009837_26009833_0,4,4,3,3,-1
26009841_8831707916_0,3,3,3,3,0
26009843_26009844_0,3,3,3,3,0
26009843_249717498_0,4,4,3,3,-1
26009844_21674898_0,3,3,3,3,0
26009844_26009843_0,3,3,3,3,0
26009844_26009828_0,3,3,2,3,0
26012483_13256918436_0,2,3,3,3,1
26012483_82527987_0,3,3,3,3,0
26014245_26016372_0,4,4,3,3,-1
26014245_1764264890_0,4,4,3,3,-1
26014319_25722266_0,4,3,3,3,-1
26014319_27503201_0,4,3,3,3,-1
26014319_27503194_0,3,4,4,3,0
26016372_26014245_0,4,4,3,3,-1
26016372_959373357_0,4,4,3,3,-1
26016378_26583682_0,2,1,2,3,1
26016378_26583691_0,3,4,3,3,0
26022619_12568521907_0,3,3,3,2,-1
26022624_25310859_0,3,3,3,3,0
26022624_26022619_0,3,3,3,3,0
26022694_270473915_0,4,3,3,3,-1
26023286_3020993750_0,4,4,3,3,-1
26027222_8831923525_0,4,3,3,3,-1
26027222_26027230_0,3,3,3,3,0
26027224_25306185_0,3,3,2,3,0
26027224_26027222_0,4,3,2,3,-1
26027230_26027231_0,3,3,2,3,0
26027231_26027232_0,3,3,3,3,0
26027231_26027233_0,4,3,3,3,-1
26027232_25319255_0,2,3,2,3,1
26027232_264496809_0,3,3,3,2,-1
26027233_26027234_0,4,3,3,3,-1
26027233_26027239_0,3,3,3,3,0
26027234_26027239_0,2,3,3,3,1
26027234_11280341450_0,4,3,3,3,-1
26027237_2483668732_0,3,3,3,3,0
26027237_11280341450_0,3,3,3,3,0
26027238_26027237_0,3,3,3,3,0
26027238_26027224_0,4,4,3,3,-1
26027239_26027224_0,3,3,2,3,0
26033233_26033312_0,3,3,3,3,0
26033233_9495381679_0,3,3,2,2,-1
26033234_26079789_0,3,3,2,2,-1
26033234_26033233_0,3,3,2,2,-1
26033234_26033235_0,3,3,2,2,-1
26033235_26033310_0,2,3,2,2,0
26033310_26033311_0,3,3,2,3,0
26033311_26033312_0,3,3,3,3,0
26033311_26033234_0,3,3,2,3,0
26033311_26033321_0,3,3,3,3,0
26033312_26033320_0,4,3,3,3,-1
26033313_26033460_0,3,3,3,3,0
26033313_25258759_0,2,3,2,2,0
26033320_26033321_0,4,3,3,3,-1
26033320_4892381215_0,4,3,3,3,-1
26033321_26033322_0,4,3,3,3,-1
26033321_26033320_0,4,3,3,3,-1
26033322_362076524_0,4,3,3,3,-1
26033322_26033321_0,4,3,3,3,-1
26033322_26033310_0,3,3,3,3,0
26033323_6185376345_0,3,3,2,2,-1
26033323_26033310_0,2,3,2,3,1
26033324_2117622744_0,3,3,3,3,0
26033324_362076524_0,4,3,3,3,-1
26033324_975886496_0,3,3,3,3,0
26033460_26027238_0,3,3,3,3,0
26033460_2659801362_0,3,3,3,3,0
26035007_26035018_0,3,3,2,3,0
26035007_26035008_0,3,3,3,3,0
26035008_13176425186_0,4,3,3,3,-1
26035008_26035009_0,3,3,3,3,0
26035009_26035015_0,3,3,3,3,0
26035009_25310866_0,3,3,3,3,0
26035011_26035008_0,4,3,3,3,-1
26035011_26035009_0,3,3,3,3,0
26035014_1368366564_0,4,3,3,3,-1
26035015_26035014_0,3,3,3,3,0
26035018_26035256_0,3,3,3,3,0
26035040_26035014_0,3,3,3,3,0
26035063_378175582_0,4,3,3,3,-1
26035063_1368366566_0,4,3,3,3,-1
26035070_26035063_0,4,3,3,4,0
26035070_1778350879_0,4,3,3,3,-1
26035090_9904861860_0,4,3,3,3,-1
26035103_9904861860_0,3,3,3,3,0
26035103_26035127_0,2,3,3,3,1
26035104_26035110_0,3,3,3,3,0
26035104_26035090_0,3,3,3,3,0
26035106_25310893_0,3,3,2,2,-1
26035110_1368366540_0,4,3,3,3,-1
26035110_26035111_0,3,3,3,3,0
26035111_26035103_0,2,3,3,3,1
26035127_8832666439_0,3,3,3,3,0
26035131_26035070_0,3,3,3,3,0
26035131_1368366537_0,3,3,3,3,0
26035256_25618206_0,4,3,3,3,-1
26052730_4894298864_0,2,3,2,2,0
26052730_25495339_0,3,3,2,2,-1
26052731_26052732_0,4,3,3,3,-1
26052731_26052730_0,3,3,3,3,0
26052731_25722293_0,4,3,3,3,-1
26052732_26052731_0,4,3,3,3,-1
26052732_746310128_0,4,3,3,3,-1
26052934_25615380_0,4,4,3,3,-1
26053016_9499384374_0,4,3,3,3,-1
26053248_8831834970_0,3,3,3,3,0
26053248_26053249_0,3,3,2,2,-1
26053249_8831834972_0,3,3,3,3,0
26053249_8831710981_0,3,3,2,3,0
26053251_26053249_0,2,3,2,2,0
26053251_26053252_0,3,3,2,2,-1
26053252_26053540_0,2,3,2,2,0
26053252_26053928_0,3,3,3,3,0
26053253_26053251_0,2,3,2,2,0
26053253_26054495_0,2,3,2,2,0
26053540_26079777_0,2,3,2,2,0
26053540_26053252_0,2,3,2,2,0
26053540_26053570_0,2,3,2,2,0
26053570_1036025279_0,2,3,2,2,0
26053570_26054495_0,3,3,3,3,0
26053647_1036025279_0,2,3,2,2,0
26053928_8831707916_0,3,3,3,3,0
26053928_26009822_0,3,3,3,3,0
26053988_8831659639_0,3,3,3,3,0
26054495_21604549_0,3,3,3,3,0
26054497_25319261_0,4,4,3,3,-1
26054497_265809740_0,3,4,3,3,0
26057008_26057009_0,4,4,3,4,0
26057009_26054497_0,4,4,3,4,0
26057009_821517829_0,4,4,3,4,0
26057013_21674901_0,3,3,3,3,0
26057042_26079690_0,3,3,3,3,0
26057042_26057043_0,3,3,3,3,0
26057043_9681597416_0,3,3,3,3,0
26057055_6162384602_0,4,3,3,3,-1
26057055_2117622744_0,4,3,3,3,-1
26057055_2097815265_0,4,3,3,3,-1
26057061_8865464537_0,4,3,3,3,-1
26057064_26317236_0,4,3,3,3,-1
26057064_7218035845_0,3,3,3,3,0
26057069_26079652_0,3,3,3,3,0
26057069_6142285550_0,4,3,3,3,-1
26057083_26057069_0,4,3,2,2,-2
26057084_26057083_0,3,3,2,3,0
26057084_26079654_0,3,3,3,3,0
26057085_26317229_0,2,3,3,3,1
26057085_26057084_0,4,3,3,3,-1
26057106_26316429_0,3,3,2,2,-1
26057106_26057085_0,3,3,3,2,-1
26057109_48830472_0,2,3,2,2,0
26057109_2672660419_0,2,3,2,2,0
26058145_26058150_0,3,3,2,3,0
26058145_26058147_0,3,3,2,2,-1
26058147_26058160_0,3,3,2,3,0
26058147_8831478254_0,2,3,3,3,1
26058148_26058147_0,2,3,2,2,0
26058148_26058159_0,3,3,2,3,0
26058150_26058165_0,3,3,2,3,0
26058150_26058148_0,2,3,2,3,1
26058151_26058153_0,3,3,2,3,0
26058151_26058150_0,2,3,2,3,1
26058153_8831416857_0,3,3,3,3,0
26058153_26058145_0,3,3,2,2,-1
26058158_26058145_0,2,3,3,3,1
26058158_8831416864_0,3,3,3,3,0
26058159_663650206_0,3,3,3,3,0
26058159_26058687_0,3,3,3,3,0
26058160_26058174_0,3,3,2,2,-1
26058160_26058159_0,2,3,2,2,0
26058163_8831478256_0,3,3,3,3,0
26058163_26079757_0,3,3,3,3,0
26058165_26058168_0,4,4,3,3,-1
26058168_26058151_0,3,3,3,3,0
26058168_8824715202_0,4,4,3,3,-1
26058174_26058664_0,3,3,2,2,-1
26058174_26058687_0,3,3,2,2,-1
26058651_26058685_0,3,3,4,3,0
26058651_12506959804_0,4,4,4,3,-1
26058652_26058174_0,2,3,3,3,1
26058652_8831478256_0,3,3,3,3,0
26058652_26079757_0,2,3,3,3,1
26058664_26058685_0,3,3,3,3,0
26058664_663650234_0,2,3,3,2,0
26058685_26058652_0,3,3,3,3,0
26058687_195282_0,3,3,4,3,0
26058690_21674903_0,4,4,3,3,-1
26058712_26079753_0,3,3,3,3,0
26058712_21674900_0,3,3,3,3,0
26058767_195234_0,3,3,3,3,0
26058768_25451872_0,3,3,3,3,0
26058768_26058769_0,2,3,3,2,0
26058769_26058767_0,3,3,3,3,0
26058769_26058770_0,3,3,2,3,0
26058770_26058766_0,2,3,3,3,1
26058770_8824654290_0,3,4,3,3,0
26058771_26058768_0,3,3,2,2,-1
26058771_26058770_0,3,3,2,2,-1
26058773_26058771_0,3,3,3,3,0
26058773_611630141_0,4,4,4,4,0
26058917_3208799313_0,4,4,3,4,0
26058935_26058937_0,3,3,3,3,0
26058936_8764216683_0,3,3,3,3,0
26058937_26058936_0,3,3,3,3,0
26058937_8784777105_0,3,3,3,3,0
26058994_612951571_0,3,3,3,3,0
26058995_26058994_0,3,3,3,3,0
26059099_8764154567_0,3,3,3,3,0
26059102_2485984756_0,3,4,3,4,1
26059102_25499159_0,3,3,3,3,0
26059180_195237_0,3,3,3,3,0
26059180_26059183_0,3,3,3,3,0
26059183_26059186_0,4,3,4,3,-1
26059183_26059198_0,4,3,4,2,-2
26059185_26059180_0,3,3,3,3,0
26059185_26059186_0,3,3,3,3,0
26059186_21604533_0,4,3,4,3,-1
26059186_25153074_0,3,3,4,3,0
26059198_25153071_0,2,3,3,3,1
26059219_195235_0,4,4,4,3,-1
26059236_195235_0,3,3,4,3,0
26059236_25450967_0,1,3,2,2,1
26059302_195251_0,3,4,3,3,0
26064143_26064162_0,4,4,3,3,-1
26064162_6262067564_0,4,4,3,3,-1
26079652_26079653_0,3,3,3,3,0
26079653_26079654_0,3,3,3,3,0
26079653_26057083_0,3,3,2,2,-1
26079654_2587460577_0,3,3,3,3,0
26079654_26079655_0,3,3,3,3,0
26079655_26316513_0,3,3,2,3,0
26079655_26057085_0,2,3,2,3,1
26079656_26079652_0,3,3,3,3,0
26079656_6142285550_0,3,3,3,3,0
26079689_26079690_0,3,3,3,3,0
26079689_25634092_0,2,3,3,3,1
26079690_26079691_0,3,3,3,3,0
26079690_26079697_0,2,3,3,3,1
26079691_25306160_0,4,3,4,3,-1
26079697_25452392_0,3,3,4,3,0
26079703_26079704_0,2,3,2,2,0
26079703_26079707_0,2,3,2,2,0
26079704_26053647_0,1,3,2,2,1
26079704_26079706_0,2,3,2,2,0
26079706_1463826439_0,2,3,2,2,0
26079707_26053988_0,2,3,3,3,1
26079753_26053988_0,3,3,3,3,0
26079753_26079703_0,3,3,2,3,0
26079754_26058712_0,3,3,3,3,0
26079755_195252_0,3,4,3,3,0
26079757_26079755_0,1,3,3,3,2
26079777_26053540_0,2,3,2,2,0
26079788_34401979_0,3,3,4,3,0
26079788_26079789_0,3,3,3,2,-1
26079789_25175805_0,2,3,2,2,0
26079789_26079788_0,3,3,3,2,-1
26079790_25175798_0,3,3,3,3,0
26079790_26079788_0,2,3,3,3,1
26079797_25175805_0,3,3,2,2,-1
26084211_26084482_0,3,3,2,3,0
26084211_26084473_0,3,3,2,2,-1
26084211_26084474_0,3,3,2,3,0
26084213_3002320972_0,3,3,3,3,0
26084213_8814402884_0,2,3,3,3,1
26084213_26084476_0,3,3,3,2,-1
26084253_35964716_0,3,3,3,3,0
26084253_25452874_0,2,3,3,3,1
26084253_8814402883_0,4,3,3,3,-1
26084253_26084258_0,4,3,3,3,-1
26084258_26084253_0,4,3,3,3,-1
26084258_25468301_0,4,3,3,3,-1
26084261_26084264_0,3,2,2,3,0
26084261_26108002_0,3,2,3,2,-1
26084264_26084261_0,3,3,2,3,0
26084264_10982790033_0,3,2,2,2,-1
26084472_26084473_0,2,3,2,2,0
26084472_324281474_0,3,3,2,2,-1
26084473_26084211_0,3,3,2,2,-1
26084473_35496110_0,2,3,2,2,0
26084473_26084472_0,2,3,2,2,0
26084474_2429781612_0,3,3,2,3,0
26084475_567871885_0,2,3,2,2,0
26084475_26084476_0,2,3,2,2,0
26084475_26084477_0,2,3,2,2,0
26084475_567809298_0,2,3,2,2,0
26084476_26084475_0,2,3,2,2,0
26084476_26084213_0,3,3,3,2,-1
26084476_26084211_0,3,3,3,3,0
26084477_4353903012_0,3,3,2,2,-1
26084477_26084482_0,3,3,2,2,-1
26084478_26108006_0,3,3,2,2,-1
26084478_4353903012_0,3,3,2,2,-1
26084478_4353903013_0,3,3,2,2,-1
26084480_26084474_0,2,3,2,2,0
26084480_26084482_0,2,2,2,2,0
26084482_26084477_0,3,3,2,2,-1
26084482_26084211_0,3,3,2,3,0
26084483_567871889_0,3,3,2,2,-1
26084483_26084484_0,2,3,2,2,0
26084483_567871885_0,2,3,2,2,0
26084484_26084485_0,3,3,2,2,-1
26084484_26084483_0,2,3,2,2,0
26084485_26084484_0,3,3,2,2,-1
26084485_26084498_0,3,3,2,2,-1
26084497_26084498_0,3,3,2,2,-1
26084497_21674913_0,4,3,2,3,-1
26084497_653293588_0,4,3,3,3,-1
26084498_3667334139_0,3,3,2,2,-1
26084498_26084497_0,3,3,2,2,-1
26084498_26084485_0,3,3,2,2,-1
26084554_3667334139_0,3,3,2,2,-1
26084596_26084661_0,4,3,3,3,-1
26084596_26084597_0,3,3,4,3,0
26084597_26084596_0,3,3,4,3,0
26084597_26120306_0,4,3,3,3,-1
26084598_26084599_0,3,3,3,2,-1
26084599_26084601_0,2,3,2,2,0
26084600_637043151_0,3,1,2,2,-1
26084600_26084599_0,3,3,3,2,-1
26084601_26084603_0,2,3,3,3,1
26084603_26084604_0,2,3,3,2,0
26084603_26084600_0,2,3,2,2,0
26084604_26084609_0,2,3,3,3,1
26084604_26084605_0,3,3,2,2,-1
26084605_26084600_0,2,1,2,2,0
26084606_26084605_0,3,1,2,2,-1
26084608_653293588_0,4,3,3,3,-1
26084608_3446506082_0,4,3,3,3,-1
26084609_3446506083_0,3,3,3,3,0
26084660_26084661_0,4,4,3,3,-1
26084660_554237881_0,4,3,3,3,-1
26084661_600816158_0,4,4,3,3,-1
26084661_26084660_0,4,4,3,3,-1
26084661_26084596_0,4,3,3,3,-1
26084661_26084601_0,3,3,3,3,0
26084716_3446506083_0,3,3,3,3,0
26084717_26084716_0,3,3,2,2,-1
26086114_26086115_0,3,3,3,3,0
26086114_5504388559_0,3,3,3,3,0
26086114_5512880808_0,3,3,2,3,0
26086115_26086114_0,3,3,3,3,0
26086115_26086120_0,2,3,3,2,0
26086116_25468066_0,3,3,2,2,-1
26086116_11216988757_0,3,3,3,3,0
26086116_26086123_0,3,3,2,2,-1
26086117_208769279_0,2,3,2,3,1
26086117_26086123_0,3,3,2,2,-1
26086117_26086122_0,3,3,2,2,-1
26086117_26086118_0,2,3,3,2,0
26086118_26086121_0,2,3,3,3,1
26086118_26086119_0,2,3,3,2,0
26086118_26086117_0,2,3,3,2,0
26086119_26086118_0,2,3,3,2,0
26086119_26086120_0,2,3,2,2,0
26086120_25468067_0,2,3,2,2,0
26086120_26086119_0,2,3,2,2,0
26086120_26086115_0,2,3,3,2,0
26086121_48833743_0,2,3,2,2,0
26086121_26086122_0,2,3,3,3,1
26086122_26086117_0,3,3,2,2,-1
26086122_26086128_0,3,3,3,3,0
26086123_26086116_0,3,3,2,2,-1
26086123_26086117_0,3,3,2,2,-1
26086124_80311393_0,4,3,3,3,-1
26086124_26079656_0,3,3,3,3,0
26086124_26086126_0,4,3,3,3,-1
26086126_48833748_0,2,3,3,2,0
26086126_26086124_0,4,3,3,3,-1
26086126_26086127_0,4,3,3,3,-1
26086127_26086126_0,4,3,3,3,-1
26086127_26086128_0,4,3,3,3,-1
26086127_2587460578_0,3,3,2,2,-1
26086128_208769112_0,4,3,3,3,-1
26086128_26086127_0,4,3,3,3,-1
26086128_26086122_0,3,3,3,3,0
26086128_26086129_0,3,3,3,3,0
26086129_26086128_0,3,3,3,3,0
26086129_2587460577_0,3,3,2,3,0
26086130_208776568_0,2,3,2,2,0
26086273_1775489087_0,3,3,3,3,0
26086273_34400269_0,3,3,2,2,-1
26086277_3113108906_0,3,3,2,2,-1
26086277_26086273_0,3,3,3,3,0
26086277_26033321_0,3,3,3,3,0
26086284_26086286_0,3,3,3,2,-1
26086286_26086288_0,3,3,3,2,-1
26086286_26086306_0,2,3,3,2,0
26086288_26086303_0,3,3,3,3,0
26086288_500434722_0,2,3,3,3,1
26086303_25175743_0,3,4,4,3,0
26086306_2628204947_0,3,3,3,3,0
26086306_26086286_0,2,3,3,2,0
26086307_26086306_0,2,3,3,3,1
26106297_959373357_0,2,3,2,3,1
26106297_1029524866_0,3,3,3,3,0
26106298_26106297_0,3,3,3,3,0
26106298_25743299_0,3,3,4,3,0
26106382_26106405_0,3,3,2,3,0
26106382_26106384_0,3,3,3,3,0
26106382_26583882_0,3,3,4,3,0
26106384_25743294_0,3,1,2,3,0
26106384_26106387_0,2,3,2,3,1
26106387_26106397_0,2,3,2,2,0
26106403_25743299_0,3,3,2,3,0
26106403_26106297_0,3,3,3,3,0
26106404_26106403_0,3,3,2,3,0
26106405_26106404_0,3,3,3,3,0
26106447_26480144_0,2,3,2,3,1
26106447_26480120_0,2,3,2,3,1
26106449_26106447_0,3,3,2,2,-1
26106449_26106488_0,3,3,3,3,0
26106451_959373467_0,3,3,3,3,0
26106451_273216489_0,4,3,3,3,-1
26106468_26106473_0,3,3,2,3,0
26106468_26106447_0,3,3,2,3,0
26106468_730804047_0,3,3,2,3,0
26106473_25722214_0,3,3,2,3,0
26106473_26106475_0,2,3,2,2,0
26106475_26106481_0,3,3,2,2,-1
26106475_8023947398_0,2,3,2,2,0
26106481_26106468_0,3,3,2,2,-1
26106486_26106487_0,3,3,2,3,0
26106487_26106489_0,3,3,4,3,0
26106488_8023947398_0,3,3,4,3,0
26106488_26106481_0,3,3,2,3,0
26106489_26106485_0,3,3,2,3,0
26106489_26106488_0,3,3,4,3,0
26106542_26106475_0,3,3,3,2,-1
26106542_26584172_0,2,3,4,2,0
26108000_25468301_0,4,3,3,3,-1
26108000_25468304_0,4,3,3,3,-1
26108002_26084261_0,3,2,3,2,-1
26108002_10313783746_0,3,2,3,2,-1
26108005_1026456214_0,4,3,3,3,-1
26108005_26084484_0,2,3,3,3,1
26108005_21674913_0,3,3,3,3,0
26108006_26084478_0,3,3,2,2,-1
26108006_1026456214_0,3,3,3,3,0
26108118_26120302_0,4,3,3,3,-1
26108118_26289594_0,4,3,3,3,-1
26108118_8393613661_0,3,3,3,3,0
26108120_26058151_0,3,3,3,3,0
26108120_8824715202_0,4,4,4,3,-1
26115841_639533061_0,2,3,2,2,0
26115841_26108118_0,3,3,3,3,0
26115841_26115845_0,3,3,3,3,0
26115841_26120302_0,2,3,3,3,1
26115845_26115841_0,3,3,3,3,0
26115845_283325403_0,3,3,3,3,0
26115845_26115853_0,4,3,3,3,-1
26115853_26289584_0,3,3,3,3,0
26115853_26115845_0,4,3,3,3,-1
26115853_26115859_0,3,3,3,3,0
26115853_26289662_0,3,3,3,3,0
26115859_26289581_0,3,3,3,3,0
26115859_26115853_0,3,3,3,3,0
26115859_25452887_0,4,3,3,3,-1
26120299_324281474_0,3,3,3,3,0
26120299_21674914_0,3,3,3,3,0
26120302_283325404_0,3,3,3,3,0
26120302_26108118_0,4,3,3,3,-1
26120302_26115841_0,2,3,3,3,1
26120302_1445329952_0,3,3,3,3,0
26120305_5181464005_0,3,3,3,3,0
26120306_26084597_0,4,3,3,3,-1
26120306_569061956_0,4,3,3,3,-1
26120760_2830801687_0,2,3,2,2,0
26125366_565375197_0,4,3,3,3,-1
26125366_2026239409_0,4,3,3,3,-1
26131883_25622551_0,2,3,3,4,2
26131883_21674908_0,3,3,3,3,0
26131887_13580092503_0,3,3,3,3,0
26131887_26131888_0,3,3,3,3,0
26131888_21674907_0,3,3,3,3,0
26131888_25451862_0,3,3,3,3,0
26131889_26131890_0,3,3,3,3,0
26131890_26131888_0,3,3,3,3,0
26131890_26131887_0,3,3,3,3,0
26131895_195256_0,4,4,4,4,0
26132210_26132212_0,2,3,3,3,1
26132210_26132251_0,3,3,3,3,0
26132210_984186416_0,3,3,3,3,0
26132211_984186416_0,2,3,2,3,1
26132211_25471730_0,3,3,2,3,0
26132212_26132216_0,2,3,2,2,0
26132212_26132211_0,2,3,2,2,0
26132216_26132217_0,2,3,3,2,0
26132217_6480607194_0,2,3,3,2,0
26132217_26132220_0,3,3,2,2,-1
26132218_26132219_0,3,3,2,2,-1
26132218_26132256_0,2,3,2,2,0
26132218_1375459139_0,3,3,3,3,0
26132218_6480607194_0,3,3,3,3,0
26132219_26132220_0,2,3,3,2,0
26132219_8900710318_0,3,3,3,3,0
26132219_26132218_0,3,3,2,2,-1
26132220_26132221_0,2,3,2,2,0
26132220_11344923672_0,3,3,2,3,0
26132221_26132211_0,2,3,2,2,0
26132221_26132216_0,2,3,2,2,0
26132242_26132221_0,3,3,2,3,0
26132242_8900710318_0,4,3,3,3,-1
26132243_26132242_0,4,3,3,3,-1
26132243_25471728_0,4,3,3,3,-1
26132246_25624146_0,2,3,2,2,0
26132246_25624139_0,2,3,2,2,0
26132246_26132247_0,2,3,2,2,0
26132247_25624145_0,2,3,2,2,0
26132251_409269455_0,2,3,3,3,1
26132251_8149426952_0,3,3,3,3,0
26132251_26132210_0,3,3,3,3,0
26132256_26132218_0,2,3,2,2,0
26132381_8811275884_0,3,3,3,3,0
26132381_1375459139_0,3,3,3,3,0
26132617_6360762576_0,2,3,2,2,0
26132619_1365357449_0,3,3,2,2,-1
26132620_8913425919_0,4,3,3,3,-1
26132620_26132621_0,4,3,3,3,-1
26132621_6480734541_0,3,3,3,3,0
26132621_4768526930_0,4,3,3,3,-1
26149140_624172886_0,4,3,3,3,-1
26149140_26149146_0,3,2,2,2,-1
26149141_26149140_0,4,3,3,3,-1
26149141_25611366_0,1,2,2,2,1
26149142_26149160_0,2,2,2,3,1
26149142_26149157_0,3,2,2,2,-1
26149143_624172874_0,3,2,2,2,-1
26149143_11339589713_0,3,2,2,2,-1
26149144_26149145_0,3,2,2,2,-1
26149144_624172874_0,3,2,2,2,-1
26149145_26149146_0,2,2,2,2,0
26149145_26149147_0,3,2,2,2,-1
26149146_26149143_0,3,2,2,2,-1
26149147_26149149_0,1,3,2,3,2
26149147_26149148_0,3,2,2,2,-1
26149148_624172886_0,3,3,3,3,0
26149149_26470491_0,3,3,2,2,-1
26149149_12587706741_0,3,2,2,2,-1
26149150_26470490_0,2,2,2,2,0
26149150_26149145_0,2,2,2,2,0
26149150_26149149_0,2,2,2,2,0
26149151_26149144_0,2,2,2,3,1
26149151_26149150_0,2,2,2,2,0
26149152_26149144_0,3,3,2,3,0
26149153_26149156_0,2,2,2,2,0
26149153_26149152_0,3,3,2,2,-1
26149154_26149153_0,3,3,2,2,-1
26149155_26149165_0,2,2,2,3,1
26149155_26149174_0,2,2,2,2,0
26149155_26149154_0,3,3,2,2,-1
26149156_26149158_0,3,2,2,2,-1
26149157_26149152_0,2,2,2,2,0
26149157_26149156_0,3,2,2,2,-1
26149158_26149154_0,2,2,2,2,0
26149158_26149165_0,3,2,2,2,-1
26149159_26149156_0,3,2,2,2,-1
26149159_26149160_0,3,3,3,3,0
26149160_26149161_0,3,3,3,3,0
26149161_26149167_0,3,3,3,3,0
26149161_26149141_0,4,3,2,3,-1
26149163_864608478_0,3,3,3,3,0
26149164_7041322633_0,3,2,2,2,-1
26149164_26286696_0,2,2,2,2,0
26149165_2865000885_0,3,2,2,2,-1
26149165_26149166_0,3,2,2,2,-1
26149166_26149170_0,2,2,2,2,0
26149166_26149172_0,3,2,2,2,-1
26149167_26149163_0,3,3,3,3,0
26149170_26149166_0,2,2,2,2,0
26149170_26149155_0,3,3,2,2,-1
26149171_26149170_0,3,3,2,2,-1
26149171_26149173_0,2,2,2,2,0
26149172_26155375_0,3,3,2,3,0
26149172_26149171_0,2,2,2,2,0
26149173_26149174_0,2,2,2,2,0
26149173_26149171_0,2,2,2,2,0
26149174_26149151_0,2,2,2,2,0
26149174_26149155_0,2,2,2,2,0
26155366_26155367_0,2,3,2,2,0
26155366_26155369_0,2,3,2,2,0
26155367_26155380_0,2,3,2,3,1
26155367_1383027249_0,2,3,2,3,1
26155368_26155367_0,2,2,2,2,0
26155368_26155369_0,2,3,2,3,1
26155369_365086531_0,3,3,2,3,0
26155370_7644575043_0,3,3,3,3,0
26155370_26155402_0,3,3,2,3,0
26155372_26155378_0,2,2,2,2,0
26155372_26155368_0,2,2,2,2,0
26155373_26155372_0,2,2,2,2,0
26155373_365086537_0,3,3,2,3,0
26155374_26155419_0,3,2,2,2,-1
26155374_26155373_0,3,3,2,2,-1
26155375_26155376_0,3,3,2,3,0
26155375_26155374_0,3,3,2,3,0
26155376_26155372_0,2,2,2,2,0
26155376_26155377_0,3,2,2,2,-1
26155377_26286695_0,3,3,2,2,-1
26155378_26155377_0,2,3,2,3,1
26155379_26155378_0,3,3,2,2,-1
26155379_26155368_0,3,3,2,2,-1
26155380_26155379_0,2,3,2,3,1
26155380_26317393_0,2,2,2,2,0
26155380_325772567_0,2,3,2,2,0
26155381_868438829_0,3,2,2,3,0
26155381_26149171_0,3,3,2,3,0
26155382_26155419_0,2,3,2,2,0
26155382_26155373_0,3,3,2,2,-1
26155402_26155382_0,2,3,3,2,0
26155402_26155475_0,3,3,2,2,-1
26155419_4034132513_0,3,2,2,2,-1
26155421_26155382_0,3,3,2,2,-1
26155421_26155423_0,3,3,3,3,0
26155423_26155424_0,2,3,3,3,1
26155423_26155514_0,3,3,2,2,-1
26155424_26155381_0,3,3,2,2,-1
26155475_26155484_0,3,3,2,2,-1
26155484_26155498_0,3,3,2,2,-1
26155484_26155540_0,2,3,2,2,0
26155498_26155421_0,3,3,2,2,-1
26155514_26155528_0,2,3,2,2,0
26155514_26155423_0,3,3,2,2,-1
26155514_26155538_0,3,3,3,3,0
26155528_26155541_0,3,3,3,2,-1
26155528_26470078_0,2,3,2,2,0
26155528_26155514_0,2,3,2,2,0
26155538_26155514_0,3,3,3,3,0
26155538_26470389_0,3,3,3,3,0
26155538_26464320_0,3,3,3,3,0
26155540_26464323_0,3,3,2,3,0
26155540_388568803_0,4,3,3,3,-1
26155541_26155424_0,2,3,3,3,1
26155541_26149173_0,2,2,2,2,0
26235109_26058935_0,3,3,3,3,0
26235109_25499220_0,3,3,3,4,1
26286690_26286694_0,2,2,1,1,-1
26286694_251069553_0,3,2,2,2,-1
26286694_26286762_0,3,2,2,2,-1
26286695_26286694_0,3,2,2,2,-1
26286695_26286689_0,2,2,1,1,-1
26286696_26149172_0,2,2,2,2,0
26286696_26286695_0,2,2,2,2,0
26286759_3452410723_0,4,3,2,3,-1
26286759_251069553_0,2,2,2,2,0
26286760_25611395_0,4,3,3,3,-1
26286760_52564033_0,4,3,3,3,-1
26286762_1383027258_0,3,3,2,2,-1
26289489_1026456311_0,3,3,3,3,0
26289489_25452874_0,3,3,3,3,0
26289489_35413414_0,3,3,3,3,0
26289580_25452888_0,2,3,2,3,1
26289580_598174281_0,2,3,2,2,0
26289580_26289581_0,2,3,2,3,1
26289581_598174386_0,2,3,2,2,0
26289581_26289694_0,2,3,2,2,0
26289581_26115859_0,3,3,3,3,0
26289581_26289580_0,2,3,2,3,1
26289584_26115853_0,3,3,3,3,0
26289584_639533077_0,2,3,2,2,0
26289584_598174386_0,2,3,2,2,0
26289590_639533077_0,2,3,2,2,0
26289590_26289594_0,3,3,3,2,-1
26289590_598174281_0,2,3,2,2,0
26289593_570764061_0,3,3,3,3,0
26289593_26289594_0,4,3,3,3,-1
26289593_8814402873_0,4,3,3,3,-1
26289594_26108118_0,4,3,3,3,-1
26289594_26289590_0,3,3,3,2,-1
26289594_26289593_0,4,3,3,3,-1
26289694_26289581_0,2,3,2,2,0
26289694_25452887_0,3,3,3,3,0
26289694_25452888_0,2,3,3,2,0
26290948_26295043_0,3,3,3,3,0
26291349_376961302_0,4,3,3,3,-1
26291349_376378078_0,3,3,3,3,0
26294955_1678246930_0,2,3,3,2,0
26294955_26290948_0,3,3,3,3,0
26295043_1678246930_0,3,3,2,3,0
26295043_25468019_0,3,3,3,2,-1
26314979_8434031_0,4,3,3,3,-1
26314979_22156849_0,3,3,3,3,0
26314979_9249417_0,3,3,3,3,0
26315034_25618214_0,3,3,3,3,0
26315034_8838192657_0,4,3,3,3,-1
26316429_26057109_0,3,3,2,2,-1
26316432_26316433_0,2,3,2,2,0
26316433_26086130_0,2,3,2,2,0
26316513_26086130_0,2,3,1,2,0
26316513_26316429_0,3,3,2,2,-1
26317207_26125366_0,2,3,3,3,1
26317207_26317209_0,2,3,3,2,0
26317209_26317228_0,3,3,3,3,0
26317209_26317207_0,2,3,3,2,0
26317212_26317242_0,4,3,3,3,-1
26317212_26317248_0,4,3,3,3,-1
26317212_26317209_0,3,3,3,3,0
26317214_7942186731_0,3,4,4,3,0
26317228_26317229_0,4,3,3,3,-1
26317229_26317214_0,3,3,3,3,0
26317229_26317207_0,3,3,3,3,0
26317229_26317233_0,4,3,3,3,-1
26317233_26057084_0,3,3,3,3,0
26317233_25611760_0,4,3,3,3,-1
26317234_13646965055_0,4,3,2,2,-2
26317234_26057106_0,3,3,2,3,0
26317234_26317228_0,4,3,3,3,-1
26317235_25611760_0,4,3,3,3,-1
26317236_26057069_0,3,3,3,3,0
26317236_26317235_0,3,3,3,3,0
26317242_459797864_0,3,3,3,3,0
26317242_25611428_0,4,3,3,3,-1
26317242_26317212_0,4,3,3,3,-1
26317246_1682387619_0,2,3,2,2,0
26317246_26317248_0,2,3,3,2,0
26317248_565375197_0,4,3,3,3,-1
26317248_26317212_0,4,3,3,3,-1
26317254_25611428_0,2,3,2,3,1
26317257_1368674799_0,2,3,2,2,0
26317293_13045357050_0,3,3,3,3,0
26317293_25303841_0,1,3,3,3,2
26317310_26317313_0,2,2,2,2,0
26317310_26317315_0,1,2,2,2,1
26317310_25611411_0,3,3,3,3,0
26317311_26317313_0,2,2,2,2,0
26317312_26317313_0,2,2,2,2,0
26317313_26317310_0,2,2,2,2,0
26317313_26317312_0,2,2,2,2,0
26317313_26317311_0,2,2,2,2,0
26317315_26317310_0,1,2,2,2,1
26317318_25611409_0,2,2,3,2,0
26317341_2864952654_0,2,2,2,1,-1
26317345_25611404_0,2,2,3,2,0
26317392_2864952654_0,2,2,3,2,0
26317392_25611408_0,4,3,3,3,-1
26317393_26155380_0,2,2,2,2,0
26336370_26336371_0,3,3,2,3,0
26336370_26336375_0,2,3,2,3,1
26336371_26336379_0,3,3,3,3,0
26336371_26336370_0,3,3,2,3,0
26336372_26336371_0,3,3,2,3,0
26336372_26336373_0,3,3,2,3,0
26336373_26336372_0,3,3,2,3,0
26336375_26336526_0,2,1,2,3,1
26336376_26336370_0,2,3,3,3,1
26336376_26336375_0,2,1,2,3,1
26336379_6900796839_0,3,3,3,3,0
26336379_26336376_0,3,3,3,3,0
26336526_26336376_0,2,1,2,3,1
26336526_26723896_0,2,1,2,3,1
26336566_26336372_0,3,3,3,3,0
26336566_27504186_0,4,4,4,3,-1
26336843_26336844_0,2,1,2,2,0
26336844_26336843_0,2,1,2,2,0
26336844_26336847_0,2,1,2,3,1
26336844_26336845_0,2,1,3,2,0
26336845_26336844_0,2,1,3,2,0
26336847_26336854_0,2,1,3,3,1
26336847_26336844_0,2,1,2,3,1
26336854_26336919_0,3,3,3,2,-1
26336854_2260904703_0,3,1,2,2,-1
26336918_22146035_0,4,3,3,4,0
26336919_26336918_0,4,3,3,3,-1
26336919_26336921_0,4,3,3,3,-1
26336921_2260904703_0,4,3,3,3,-1
26336921_26336919_0,4,3,3,3,-1
26340341_3305876674_0,4,4,4,4,0
26340341_1126341696_0,4,4,3,3,-1
26463665_26470098_0,2,3,2,3,1
26463665_624172842_0,4,3,3,3,-1
26463665_26463666_0,4,3,3,3,-1
26463666_26464258_0,3,3,2,2,-1
26463666_26463665_0,4,3,3,3,-1
26463666_26463669_0,4,3,2,3,-1
26463667_26470389_0,4,3,3,3,-1
26463667_26464320_0,3,3,3,3,0
26463667_11432105605_0,4,3,3,3,-1
26463669_26464261_0,3,3,3,2,-1
26463669_26463666_0,4,3,2,3,-1
26463669_11432105605_0,3,3,3,3,0
26464252_365117223_0,3,3,3,3,0
26464252_26464271_0,3,3,2,2,-1
26464252_365117230_0,3,3,2,2,-1
26464253_26464299_0,3,3,2,2,-1
26464253_26464260_0,2,3,2,2,0
26464254_26464253_0,3,3,2,2,-1
26464254_26464259_0,2,3,2,2,0
26464255_26464254_0,3,3,2,2,-1
26464255_26464256_0,3,3,2,2,-1
26464255_25610709_0,3,3,3,3,0
26464256_25611037_0,3,3,2,3,0
26464256_26464255_0,3,3,2,2,-1
26464256_48808296_0,2,3,2,2,0
26464257_26464258_0,2,3,2,2,0
26464257_48808296_0,2,3,2,2,0
26464257_624172842_0,3,3,2,3,0
26464258_26463666_0,3,3,2,2,-1
26464258_26464259_0,2,3,2,2,0
26464258_26464261_0,2,3,2,2,0
26464259_26464258_0,2,3,2,2,0
26464259_26464256_0,2,3,2,2,0
26464259_26464254_0,2,3,2,2,0
26464260_26464261_0,2,3,2,2,0
26464260_26464253_0,2,3,2,2,0
26464260_26464259_0,2,3,2,2,0
26464261_26464265_0,2,3,2,2,0
26464261_26463669_0,3,3,3,2,-1
26464261_26464260_0,2,3,2,2,0
26464265_26464315_0,3,3,3,2,-1
26464265_26464269_0,2,3,2,2,0
26464269_26464299_0,2,3,2,2,0
26464269_26464260_0,2,3,2,2,0
26464269_26464265_0,2,3,2,2,0
26464270_26464316_0,3,3,2,2,-1
26464270_26464271_0,3,3,2,2,-1
26464270_26464313_0,2,3,2,2,0
26464270_26464269_0,2,3,2,2,0
26464271_26464270_0,3,3,2,2,-1
26464271_26464252_0,3,3,2,2,-1
26464271_26464312_0,2,3,2,2,0
26464299_26464252_0,3,3,2,2,-1
26464299_26464269_0,2,3,2,2,0
26464311_26464312_0,3,3,3,3,0
26464312_26464313_0,2,3,3,3,1
26464312_26464271_0,2,3,2,2,0
26464313_28973822_0,3,3,3,3,0
26464314_26464316_0,2,3,2,2,0
26464314_26464322_0,2,3,3,3,1
26464314_28973822_0,2,3,3,3,1
26464315_26464316_0,3,3,2,2,-1
26464315_26464320_0,3,3,3,3,0
26464316_26464315_0,3,3,2,2,-1
26464316_26464270_0,3,3,2,2,-1
26464319_29003880_0,3,3,3,3,0
26464319_26464323_0,3,3,3,3,0
26464319_388568803_0,3,3,3,3,0
26464319_26464321_0,3,3,3,3,0
26464320_26464319_0,3,3,3,3,0
26464320_26464315_0,3,3,3,3,0
26464320_26155538_0,3,3,3,3,0
26464321_29003880_0,3,3,3,3,0
26464321_26464319_0,3,3,3,3,0
26464321_26464322_0,2,3,3,3,1
26464322_29003879_0,3,3,2,2,-1
26464322_26464321_0,2,3,3,3,1
26464322_26464314_0,2,3,3,3,1
26464323_325213175_0,3,3,3,2,-1
26470078_52561455_0,2,3,2,2,0
26470078_26155528_0,2,3,2,2,0
26470078_26470082_0,2,3,2,2,0
26470080_26470085_0,2,2,2,2,0
26470080_26470082_0,2,3,2,2,0
26470080_26470091_0,2,3,2,2,0
26470082_26470088_0,2,3,2,2,0
26470082_26470080_0,2,3,2,2,0
26470082_26470078_0,2,3,2,2,0
26470085_26470086_0,2,2,2,2,0
26470085_25611153_0,2,3,2,2,0
26470085_26470080_0,2,2,2,2,0
26470086_26470085_0,2,2,2,2,0
26470086_26470087_0,3,2,2,2,-1
26470087_25611156_0,3,2,2,2,-1
26470088_26470082_0,2,3,2,2,0
26470088_26470091_0,2,3,2,2,0
26470088_26470089_0,2,3,2,2,0
26470089_26470090_0,2,3,2,2,0
26470089_26470092_0,2,3,2,2,0
26470089_26470088_0,2,3,2,2,0
26470090_26470094_0,2,3,2,2,0
26470090_26470089_0,2,3,2,2,0
26470090_26470093_0,2,3,2,2,0
26470090_26470091_0,2,3,2,2,0
26470091_26470107_0,1,3,2,2,1
26470091_26470088_0,2,3,2,2,0
26470091_26470090_0,2,3,2,2,0
26470091_26470080_0,2,3,2,2,0
26470092_325772328_0,2,3,2,2,0
26470092_26470089_0,2,3,2,2,0
26470093_11432105604_0,1,3,2,2,1
26470093_26470090_0,2,3,2,2,0
26470094_26470090_0,2,3,2,2,0
26470094_26470098_0,2,3,2,2,0
26470094_26470110_0,2,3,2,2,0
26470098_26470093_0,2,3,2,2,0
26470098_26463665_0,2,3,2,3,1
26470098_26470094_0,2,3,2,2,0
26470107_26470091_0,1,3,2,2,1
26470110_26470094_0,2,3,2,2,0
26470113_26470098_0,3,3,2,2,-1
26470389_26463667_0,4,3,3,3,-1
26470389_26470092_0,2,3,3,3,1
26470490_52561460_0,2,2,2,2,0
26470490_26149150_0,2,2,2,2,0
26470491_26470490_0,3,2,2,2,-1
26470491_25611158_0,3,3,2,3,0
26480120_1471824481_0,4,3,3,3,-1
26480120_26480357_0,4,3,3,3,-1
26480136_26480120_0,4,3,3,3,-1
26480144_26480146_0,2,3,2,3,1
26480144_26480136_0,3,3,2,3,0
26480144_7554999970_0,2,3,2,3,1
26480146_7554999969_0,2,3,2,3,1
26480146_7554999970_0,2,3,2,3,1
26480152_26480365_0,4,3,3,3,-1
26480152_26480136_0,4,3,3,3,-1
26480182_2283399575_0,4,3,3,3,-1
26480357_273218195_0,4,3,3,3,-1
26480357_1845251154_0,4,4,3,3,-1
26480360_7469501_0,4,4,3,3,-1
26480360_959373323_0,4,4,3,3,-1
26480365_175379380_0,4,4,4,3,-1
26480367_1032776486_0,4,3,3,3,-1
26480367_26740270_0,4,3,3,3,-1
26480370_26480371_0,4,3,3,3,-1
26480370_26583884_0,3,3,3,3,0
26480371_26480372_0,4,3,3,3,-1
26480372_26480375_0,4,3,3,3,-1
26480375_26480376_0,4,4,3,3,-1
26480376_7281044816_0,4,4,3,3,-1
26480377_26583871_0,4,3,4,3,-1
26480377_6919580832_0,4,4,4,3,-1
26480401_195222_0,4,4,4,4,0
26480401_9218729160_0,4,4,4,3,-1
26480401_26584185_0,4,4,4,3,-1
26480569_26480401_0,4,4,3,4,0
26480607_959438333_0,4,3,3,3,-1
26480607_1037257442_0,4,4,4,3,-1
26570167_25303800_0,1,3,3,3,2
26570167_2865089011_0,2,3,2,2,0
26570169_25303803_0,4,3,3,3,-1
26570169_26155402_0,3,3,3,2,-1
26574293_26574295_0,3,2,3,3,0
26574295_1104884206_0,3,3,3,3,0
26574295_270323500_0,4,3,3,3,-1
26574295_26574293_0,3,2,3,3,0
26575615_4574272209_0,4,4,3,3,-1
26575616_1037257431_0,3,3,3,3,0
26575616_195231_0,4,4,3,4,0
26575622_3101723973_0,4,4,3,3,-1
26575623_26575622_0,4,4,3,3,-1
26576932_12148021235_0,4,4,3,3,-1
26576932_4251081829_0,4,3,3,3,-1
26576955_12192585644_0,4,4,4,4,0
26576955_13056558377_0,4,4,3,3,-1
26576962_2097815265_0,4,3,3,3,-1
26576962_2117622742_0,4,3,4,3,-1
26576962_26576963_0,4,3,3,3,-1
26576963_25175819_0,4,3,3,3,-1
26576963_26576962_0,4,3,3,3,-1
26576963_6185376344_0,3,3,3,3,0
26577743_254581990_0,4,3,3,3,-1
26583684_26583685_0,3,1,2,3,0
26583684_26583687_0,3,1,2,2,-1
26583685_158244562_0,3,1,2,2,-1
26583687_26583685_0,3,1,2,2,-1
26583687_26583688_0,1,1,2,2,1
26583688_26583682_0,3,1,2,3,0
26583688_26583687_0,1,1,2,2,1
26583690_47147250_0,4,4,3,3,-1
26583691_10107576270_0,4,4,3,3,-1
26583848_26583853_0,3,3,3,3,0
26583848_26480375_0,3,3,3,3,0
26583850_26583848_0,3,3,3,3,0
26583850_26480376_0,3,3,3,3,0
26583853_959373377_0,3,3,2,3,0
26583853_26480372_0,3,3,3,3,0
26583858_959373377_0,3,3,2,3,0
26583858_26583884_0,3,3,2,3,0
26583858_26480371_0,3,3,3,3,0
26583858_26583890_0,3,3,2,3,0
26583871_13386535553_0,3,3,3,3,0
26583871_1167755955_0,3,3,2,3,0
26583876_26106487_0,2,3,2,2,0
26583876_26583879_0,3,3,2,3,0
26583879_26583882_0,3,3,2,3,0
26583879_26106405_0,3,3,3,3,0
26583879_26584182_0,3,3,4,3,0
26583882_1933378821_0,3,3,2,3,0
26583882_26106487_0,3,3,4,3,0
26583884_1468502076_0,3,3,2,2,-1
26583884_26583890_0,3,3,2,3,0
26583884_26583858_0,3,3,2,3,0
26583890_959373498_0,3,3,3,3,0
26584156_25722267_0,3,3,4,3,0
26584156_26584157_0,3,3,3,3,0
26584157_26584160_0,3,3,3,3,0
26584157_26584158_0,3,3,3,3,0
26584158_25620809_0,3,3,3,3,0
26584158_26584159_0,3,3,3,3,0
26584159_35216590_0,3,3,4,3,0
26584159_9362515477_0,3,3,3,3,0
26584159_26584160_0,3,3,3,3,0
26584160_26584161_0,3,3,3,3,0
26584161_2244836226_0,3,3,3,3,0
26584163_26584164_0,3,3,3,2,-1
26584163_270492135_0,3,3,2,3,0
26584163_25722267_0,3,3,3,3,0
26584164_26584158_0,2,3,3,3,1
26584165_270492131_0,3,3,2,3,0
26584165_25620809_0,3,3,2,3,0
26584165_26584164_0,3,3,2,2,-1
26584169_26584163_0,2,3,4,2,0
26584170_26584172_0,3,3,2,2,-1
26584170_26106542_0,3,3,2,2,-1
26584172_26584169_0,3,3,4,3,0
26584172_26106542_0,2,3,4,2,0
26584172_26584179_0,3,3,2,3,0
26584176_26584178_0,3,3,2,3,0
26584178_26584179_0,3,3,3,3,0
26584182_8461739677_0,3,3,4,3,0
26584185_21597808_0,3,4,4,3,0
26584186_26584185_0,2,3,2,3,1
26584186_1167755955_0,3,1,2,3,0
26597593_2372905206_0,3,3,4,3,0
26597593_2457757385_0,3,3,4,3,0
26597597_324458557_0,4,3,3,3,-1
26597597_2372905137_0,4,3,3,3,-1
26597597_2372905206_0,4,3,3,3,-1
26597601_2230337405_0,3,1,2,2,-1
26597601_1044597132_0,4,3,3,3,-1
26597601_1837379429_0,4,3,3,3,-1
26597608_192058895_0,4,3,2,3,-1
26597608_1837379429_0,4,3,3,3,-1
26723896_26723981_0,3,3,2,3,0
26723896_1049498000_0,3,3,3,3,0
26723981_26723896_0,3,3,2,3,0
26723981_26336847_0,3,3,2,3,0
26726769_868450830_0,4,3,3,3,-1
26726769_35216591_0,3,3,3,3,0
26728929_13176502891_0,3,3,3,3,0
26728929_83650693_0,3,3,2,2,-1
26728992_2789756669_0,4,3,3,3,-1
26728992_13124693229_0,4,3,3,3,-1
26728992_26728929_0,3,3,3,3,0
26728992_4514446555_0,3,3,3,3,0
26729000_35335890_0,3,3,3,3,0
26729010_13124693225_0,4,3,3,3,-1
26729010_35335880_0,4,3,3,3,-1
26731428_26731437_0,3,3,3,3,0
26731428_25451982_0,3,3,2,3,0
26731431_26731441_0,3,3,3,3,0
26731431_26731428_0,2,3,2,3,1
26731431_25451970_0,3,3,2,3,0
26731434_25451999_0,3,3,2,2,-1
26731434_26731437_0,3,3,2,3,0
26731437_9795491533_0,3,3,3,3,0
26731441_9795491534_0,4,3,3,3,-1
26731893_8149606913_0,3,3,3,3,0
26740258_1316035137_0,4,3,3,3,-1
26740270_1471827643_0,4,3,3,3,-1
26740271_4879722851_0,4,3,3,3,-1
26740272_26740271_0,4,3,3,3,-1
26740272_4879722851_0,4,3,3,3,-1
26740276_35291291_0,4,3,3,3,-1
26740277_2606641709_0,4,3,3,3,-1
26740278_26740277_0,4,3,3,3,-1
26740278_26740258_0,4,3,3,3,-1
27175446_2107157624_0,3,3,3,3,0
27179925_33122290_0,3,2,2,2,-1
27179925_27179926_0,3,3,3,3,0
27179925_4619742908_0,4,3,3,4,0
27179925_33122291_0,4,3,4,3,-1
27179926_21510488_0,4,3,4,3,-1
27179926_21510489_0,4,3,4,3,-1
27359745_27359746_0,2,3,3,3,1
27359745_25549077_0,4,3,3,3,-1
27359745_25549075_0,4,3,3,4,0
27359746_21604585_0,3,3,3,3,0
27359753_4675415571_0,4,3,3,4,0
27359753_600873562_0,4,3,3,4,0
27359754_27359824_0,4,3,3,3,-1
27359810_27359813_0,3,3,3,3,0
27359810_974116113_0,3,3,3,3,0
27359813_4675415571_0,3,3,3,3,0
27359816_27359819_0,3,3,3,3,0
27359816_8764004613_0,4,4,4,3,-1
27359819_27359824_0,3,3,3,3,0
27359819_27359813_0,3,3,3,3,0
27359824_25549076_0,4,3,3,3,-1
27362270_27362278_0,3,3,3,3,0
27362271_27362294_0,3,3,3,3,0
27362272_27362273_0,4,3,3,3,-1
27362272_27362277_0,4,3,3,3,-1
27362273_27362272_0,4,3,3,3,-1
27362273_4756679810_0,4,3,3,3,-1
27362277_27362278_0,4,3,3,3,-1
27362277_27362271_0,3,3,3,3,0
27362278_27362277_0,4,3,3,3,-1
27362278_27362273_0,4,3,3,3,-1
27362283_4709607315_0,3,3,3,3,0
27362284_1351112937_0,3,3,3,3,0
27362287_27362306_0,3,3,3,2,-1
27362287_27362289_0,3,3,3,3,0
27362288_27362287_0,3,3,3,3,0
27362288_1351112938_0,3,3,3,3,0
27362289_27362290_0,3,3,3,3,0
27362289_27362299_0,3,3,3,3,0
27362289_3904130746_0,2,3,3,3,1
27362290_27362289_0,3,3,3,3,0
27362290_350344029_0,2,3,3,3,1
27362290_27362288_0,3,3,3,3,0
27362293_27362294_0,3,3,3,3,0
27362293_27362270_0,3,3,3,3,0
27362294_27362293_0,3,3,3,3,0
27362294_27362296_0,3,3,3,3,0
27362295_27362293_0,3,3,3,3,0
27362296_27362295_0,3,3,3,3,0
27362296_27362298_0,3,3,3,3,0
27362297_27362298_0,3,3,3,3,0
27362297_27362295_0,3,3,3,3,0
27362297_1335415625_0,2,3,3,3,1
27362298_27362297_0,3,3,3,3,0
27362298_27362300_0,3,3,3,3,0
27362299_27362300_0,3,3,3,3,0
27362299_27362304_0,3,3,3,2,-1
27362299_27362297_0,3,3,3,3,0
27362300_27362299_0,3,3,3,3,0
27362300_8087837595_0,3,3,3,3,0
27362300_27362290_0,3,3,3,3,0
27362302_1335415566_0,3,2,2,2,-1
27362304_27362299_0,3,3,3,2,-1
27362558_103771069_0,4,3,3,3,-1
27362559_27362911_0,3,3,3,3,0
27362559_270298917_0,4,3,3,3,-1
27362559_8797918163_0,4,3,4,3,-1
27362561_27362911_0,3,3,2,2,-1
27362561_8087837595_0,3,3,3,3,0
27362561_27362904_0,2,3,2,2,0
27362894_8801809168_0,4,3,3,3,-1
27362894_6541872243_0,3,3,3,3,0
27362894_25624666_0,3,3,3,3,0
27362898_564782189_0,1,3,3,3,2
27362898_27362903_0,3,3,3,3,0
27362898_6541872243_0,3,3,3,3,0
27362899_27362901_0,3,3,3,3,0
27362899_27362900_0,4,3,3,3,-1
27362900_27362901_0,2,2,2,3,1
27362900_8148996575_0,4,3,3,3,-1
27362901_27362898_0,2,3,3,3,1
27362901_27362900_0,2,2,2,3,1
27362903_27362904_0,3,3,3,3,0
27362903_1335415655_0,3,3,3,3,0
27362903_27362898_0,3,3,3,3,0
27362904_8148996575_0,3,3,3,3,0
27362904_27362903_0,3,3,3,3,0
27362904_27362561_0,2,3,2,2,0
27362905_27362296_0,2,3,3,3,1
27362905_27362917_0,2,3,3,3,1
27362905_27362906_0,3,3,3,3,0
27362905_8087837595_0,3,3,3,3,0
27362906_8087837589_0,3,3,3,3,0
27362906_27362905_0,3,3,3,3,0
27362906_1297007330_0,2,3,3,3,1
27362911_27362559_0,3,3,3,3,0
27362911_27362561_0,3,3,2,2,-1
27362911_270298916_0,3,2,2,2,-1
27362912_11414276914_0,4,3,3,3,-1
27362913_27362912_0,3,2,3,3,0
27362917_1297007321_0,3,2,2,3,0
27362917_270298919_0,3,2,2,2,-1
27362917_27362905_0,2,3,3,3,1
27362921_11470215275_0,3,3,3,3,0
27362921_8087802997_0,3,3,3,3,0
27362921_458892770_0,3,2,3,3,0
27362922_25624141_0,3,3,3,3,0
27362922_8149345756_0,3,3,3,3,0
27487299_8788329523_0,3,3,3,3,0
27487299_34818667_0,3,3,3,3,0
27487299_712926919_0,3,3,3,3,0
27503186_252333899_0,3,3,3,3,0
27503186_27503189_0,2,3,3,3,1
27503188_27503195_0,3,3,3,3,0
27503188_27503198_0,3,3,3,3,0
27503189_27503188_0,3,3,3,3,0
27503190_27503186_0,4,3,4,3,-1
27503190_27503189_0,3,3,3,3,0
27503194_27503190_0,4,4,4,3,-1
27503195_27503194_0,3,3,3,3,0
27503195_27503188_0,3,3,3,3,0
27503195_27503198_0,3,3,3,3,0
27503198_27503200_0,3,3,3,3,0
27503198_27503195_0,3,3,3,3,0
27503200_1777530528_0,3,3,3,3,0
27503200_27503198_0,3,3,3,3,0
27503200_27503201_0,3,3,3,3,0
27503200_27503205_0,3,3,3,3,0
27503201_27503200_0,3,3,3,3,0
27503201_26014319_0,4,3,3,3,-1
27503201_27503205_0,3,3,3,3,0
27503202_26014319_0,4,3,4,3,-1
27503205_27503202_0,3,3,3,3,0
27503209_34815656_0,4,3,3,3,-1
27503209_27503211_0,4,3,3,3,-1
27503211_2837925614_0,3,3,3,3,0
27503211_27503209_0,4,3,3,3,-1
27503211_27503213_0,4,3,3,3,-1
27503213_25722301_0,4,3,3,3,-1
27503213_27503211_0,4,3,3,3,-1
27503214_831557317_0,4,3,3,3,-1
27503214_25722301_0,4,3,3,3,-1
27504185_10241846466_0,2,3,4,3,1
27504185_27504189_0,3,3,4,3,0
27504186_25632290_0,4,4,4,3,-1
27504186_10241846466_0,3,3,3,3,0
27504189_1275888709_0,2,1,3,2,0
27504189_1051082321_0,3,3,3,3,0
28973822_26464314_0,2,3,3,3,1
29003879_26464315_0,2,3,2,2,0
29003880_29003879_0,2,3,3,3,1
29006600_21604592_0,3,3,3,3,0
29006600_21702418_0,2,3,3,3,1
29083975_29083979_0,2,3,3,3,1
29083975_35495876_0,3,3,3,3,0
29083975_2429781615_0,3,3,3,3,0
29083977_25622726_0,4,3,3,3,-1
29083977_29083978_0,3,3,3,3,0
29083977_25622725_0,4,3,3,3,-1
29083978_21674913_0,3,3,3,3,0
29083978_29083977_0,3,3,3,3,0
29083979_29083975_0,2,3,3,3,1
29083979_13289372527_0,3,3,3,3,0
29083979_29083978_0,3,3,2,2,-1
29083979_562894729_0,2,1,2,2,0
29980115_29980173_0,4,3,3,3,-1
29980115_130110242_0,3,3,3,3,0
29980115_130110242_1,3,3,3,3,0
29980115_129940286_0,2,3,3,3,1
29980115_83700539_0,4,3,3,3,-1
29980119_206189067_0,3,3,3,2,-1
29980119_206189057_0,4,3,3,3,-1
29980119_206189058_0,4,3,3,3,-1
29980138_2439485670_0,4,3,3,3,-1
29980138_206188664_0,3,3,3,3,0
29980138_206189060_0,4,3,4,3,-1
29980142_3156680768_0,3,3,3,3,0
29980142_29980178_0,4,3,3,3,-1
29980154_270323500_0,3,3,3,3,0
29980154_29980168_0,3,3,3,3,0
29980159_192305024_0,3,3,3,3,0
29980159_192305011_0,3,3,3,3,0
29980168_29980185_0,3,3,2,3,0
29980168_192305026_0,3,3,2,3,0
29980173_2439485670_0,4,3,3,3,-1
29980173_129940286_0,3,3,3,3,0
29980173_29980115_0,4,3,3,3,-1
29980178_206189057_0,4,3,3,3,-1
29980178_29980142_0,4,3,3,3,-1
30267248_4428355484_0,4,4,4,3,-1
30267248_8753184568_0,4,4,3,3,-1
31917854_191918601_0,3,3,3,3,0
31917854_191988393_0,3,3,3,3,0
31917854_322191108_0,3,3,3,3,0
31922915_2441147803_0,4,3,3,3,-1
31922933_2441147825_0,4,3,3,3,-1
31922935_31922933_0,4,3,3,3,-1
31922935_324451947_0,4,3,3,3,-1
31922947_31922945_0,4,3,3,3,-1
31923923_35213504_0,1,3,3,3,2
31923923_35210587_0,3,3,2,3,0
31923923_35213496_0,3,3,3,3,0
31923923_35213502_0,3,3,3,3,0
31923933_31923945_0,3,3,3,3,0
31923933_253871330_0,3,3,3,3,0
31923933_35213557_0,3,3,3,3,0
31923945_868450830_0,3,3,3,3,0
31923945_31923933_0,3,3,3,3,0
31923945_35222916_0,3,3,3,3,0
32533201_25468305_0,4,3,3,3,-1
32533201_25468301_0,4,3,3,3,-1
32533203_1544580676_0,3,2,2,2,-1
32533203_568297644_0,2,2,2,3,1
32650339_35335888_0,3,3,3,3,0
32650339_13123162011_0,4,3,3,3,-1
32650339_32650340_0,4,3,3,3,-1
32650340_35335883_0,3,3,2,2,-1
32650340_83650891_0,4,3,3,3,-1
32650340_32650339_0,4,3,3,3,-1
32650350_83650900_0,3,3,3,3,0
32650350_1715948234_0,4,3,3,3,-1
32650982_4110265203_0,4,3,3,3,-1
32650982_83657546_0,4,3,3,3,-1
32650982_2813006545_0,3,3,3,3,0
32650990_5556994221_0,4,3,3,3,-1
32650990_32650991_0,4,3,3,3,-1
32650991_32650992_0,4,3,3,3,-1
32650992_32650993_0,4,3,3,3,-1
32650993_331362187_0,4,3,3,3,-1
32650994_32650997_0,4,3,3,3,-1
32650994_303507015_0,4,3,3,3,-1
32650997_32650990_0,4,3,3,3,-1
32651003_331362187_0,4,3,3,3,-1
32651003_7183740681_0,3,3,3,3,0
32651006_7183740681_0,4,3,3,3,-1
32651006_32651003_0,4,3,3,3,-1
32651006_12046689741_0,4,3,3,3,-1
33065949_13598368298_0,4,3,3,4,0
33065949_13034905058_0,4,3,3,4,0
33066088_33066313_0,4,3,3,4,0
33066313_33065949_0,4,3,3,3,-1
33070179_6943172520_0,4,3,3,3,-1
33116036_33116037_0,4,3,3,3,-1
33116036_24289066_0,4,3,3,3,-1
33116037_24289061_0,4,3,3,3,-1
33116037_12254593746_0,3,3,3,3,0
33116453_33118781_0,3,3,2,2,-1
33116457_8434031_0,3,3,3,3,0
33118776_33122286_0,4,3,3,3,-1
33118776_8434031_0,4,3,3,3,-1
33118781_33118782_0,3,3,3,2,-1
33118782_33118781_0,2,3,2,2,0
33118782_33116457_0,2,3,3,3,1
33122282_33122285_0,1,3,2,2,1
33122282_8434042_0,3,3,3,3,0
33122282_21510489_0,4,3,3,3,-1
33122285_33118776_0,4,3,3,3,-1
33122286_33122285_0,4,3,3,3,-1
33122286_33122291_0,4,3,4,3,-1
33122286_33118776_0,4,3,3,3,-1
33122290_27499918_0,2,2,2,2,0
33122291_27179925_0,4,3,4,3,-1
33122291_33122286_0,4,3,4,3,-1
33122297_33148287_0,2,2,2,2,0
33122297_25115153_0,3,3,2,3,0
33124063_2074708220_0,4,3,3,4,0
33126059_832449681_0,4,3,3,3,-1
33126059_13203497044_0,4,3,4,3,-1
33126077_33126078_0,4,3,3,3,-1
33126077_7183740681_0,3,3,3,3,0
33126078_33126077_0,4,3,3,3,-1
33126078_33149128_0,4,3,3,3,-1
33126078_33126081_0,3,3,3,3,0
33126081_257513701_0,3,3,2,3,0
33126081_1539951654_0,2,3,2,3,1
33126081_33126078_0,3,3,3,3,0
33126081_33126082_0,4,3,2,3,-1
33126082_33126081_0,4,3,2,3,-1
33148254_412247882_0,3,3,3,2,-1
33148254_33148258_0,3,1,2,2,-1
33148258_12046689741_0,3,1,2,1,-2
33148258_33148254_0,3,1,2,2,-1
33148287_33148254_0,2,2,2,2,0
33149128_33149204_0,4,3,3,3,-1
33149128_33126077_0,4,3,3,3,-1
33149204_33149128_0,4,3,3,3,-1
33149204_9213756_0,3,3,2,3,0
33149209_33149220_0,4,3,3,3,-1
33149209_2462509544_0,4,3,3,3,-1
33149220_7394910_0,3,3,3,3,0
33149220_33149209_0,4,3,3,3,-1
33149220_33149225_0,2,2,2,3,1
33149225_33149220_0,2,2,2,3,1
33183161_25722219_0,3,3,2,3,0
33183161_25722218_0,3,3,2,3,0
33183165_25722220_0,3,3,2,3,0
33183235_25722225_0,3,3,2,2,-1
33183235_23667198_0,2,3,2,2,0
33183236_33183235_0,3,3,2,2,-1
33225462_9349563081_0,3,3,3,3,0
33225463_33225462_0,3,3,3,3,0
33250396_23667059_0,3,3,2,3,0
33250398_24484928_0,1,3,2,2,1
33250399_22218513_0,3,3,2,3,0
33250399_25722224_0,3,3,2,3,0
33250400_33250399_0,3,3,2,3,0
33250400_22218474_0,3,3,3,3,0
33251970_22147748_0,4,3,4,4,0
33252034_33256996_0,4,4,3,3,-1
33252034_33252061_0,4,4,3,3,-1
33252250_33252022_0,4,3,3,3,-1
33252353_33252034_0,4,4,3,3,-1
33254326_25248947_0,4,3,4,3,-1
33254619_33255454_0,4,3,4,3,-1
33254622_831557378_0,4,3,4,4,0
33254622_33254619_0,4,3,4,3,-1
33255445_33255466_0,4,3,3,3,-1
33255454_33255466_0,4,3,3,3,-1
33255466_1106667340_0,4,3,3,3,-1
33256991_4006576960_0,4,3,3,4,0
33256991_33256994_0,4,4,3,4,0
33256994_33256996_0,4,4,3,4,0
33256994_1029506954_0,4,3,3,3,-1
33256996_33252034_0,4,4,3,3,-1
33256996_1126341696_0,4,4,3,4,0
33257040_13383951_0,4,3,4,4,0
33257059_25312121_0,4,3,3,3,-1
33257060_16564357_0,4,3,3,3,-1
33257061_1787648748_0,4,3,4,4,0
34235997_34235998_0,2,3,3,2,0
34235997_143417_0,3,3,3,3,0
34235998_21510475_0,2,3,3,2,0
34235998_21595835_0,3,3,3,3,0
34385819_1297040313_0,3,3,3,3,0
34385819_25327145_0,3,3,3,3,0
34385820_34385822_0,3,3,3,3,0
34385820_25327144_0,3,3,3,3,0
34385822_25310887_0,3,3,3,3,0
34385832_34385840_0,4,3,3,3,-1
34385832_1297040320_0,3,3,3,3,0
34385840_528993508_0,4,3,3,3,-1
34385840_1026166670_0,4,3,3,3,-1
34387221_2483668732_0,4,3,3,4,0
34389257_26027238_0,4,3,3,3,-1
34389257_2659801362_0,4,3,3,3,-1
34400264_5298945584_0,4,3,3,3,-1
34400264_3113108906_0,3,3,3,3,0
34400264_26033313_0,3,3,3,3,0
34400269_3113108906_0,3,3,2,2,-1
34400269_34400264_0,3,3,3,3,0
34401011_25258741_0,2,3,3,3,1
34401011_4892381215_0,4,3,3,3,-1
34401545_5320480823_0,4,3,3,3,-1
34401545_34401979_0,4,4,3,3,-1
34401545_9495381680_0,3,3,2,3,0
34401979_25258525_0,3,3,4,3,0
34401979_34401983_0,4,4,4,4,0
34401983_34401987_0,4,4,4,4,0
34401983_26079790_0,3,3,3,3,0
34401987_25306034_0,3,4,4,4,1
34401987_34402383_0,3,4,4,3,0
34402214_25174163_0,4,4,3,4,0
34402214_1987812136_0,4,4,4,4,0
34402383_26086284_0,2,3,3,3,1
34402383_34402214_0,3,4,4,3,0
34648986_34648988_0,2,1,2,3,1
34648986_1367543931_0,3,3,3,3,0
34648986_25470101_0,3,3,4,3,0
34648988_34648986_0,2,1,2,3,1
34815650_34815652_0,2,3,3,3,1
34815650_34818667_0,3,3,3,3,0
34815650_829114756_0,2,2,2,2,0
34815652_34815654_0,2,3,2,3,1
34815652_8788329528_0,3,3,3,3,0
34815652_829114764_0,3,3,2,3,0
34815653_34815656_0,3,3,3,3,0
34815654_34815653_0,2,3,2,3,1
34815656_8788252008_0,4,3,3,3,-1
34815656_27503209_0,4,3,3,3,-1
34818667_34815650_0,3,3,3,3,0
34818667_831557303_0,3,3,3,3,0
34818667_27487299_0,3,3,3,3,0
34819693_34819704_0,4,3,3,3,-1
34819704_34819706_0,4,3,3,4,0
34819704_1029435143_0,4,3,3,3,-1
34819706_1029435116_0,4,3,3,3,-1
34819706_16564364_0,4,3,3,3,-1
34819707_16564365_0,4,3,3,4,0
34820016_34819707_0,4,3,3,4,0
34820017_12385083532_0,4,3,3,3,-1
34820017_1085295539_0,4,3,3,4,0
34967237_9249817_0,4,3,3,3,-1
34967267_34967276_0,4,3,3,3,-1
34967269_34967274_0,4,3,4,3,-1
34967269_34967267_0,4,3,4,3,-1
34967274_34967273_0,4,3,4,3,-1
34967276_34967274_0,4,3,3,3,-1
35193761_35193764_0,4,3,3,3,-1
35193767_26575623_0,4,3,3,3,-1
35193767_16564353_0,4,3,3,3,-1
35210583_998859048_0,3,3,3,3,0
35210583_12616427837_0,3,3,3,3,0
35210583_35213496_0,3,3,2,3,0
35210587_998859048_0,3,3,3,2,-1
35210587_25722248_0,3,3,3,2,-1
35210587_31923923_0,3,3,2,3,0
35213496_35210583_0,3,3,2,3,0
35213496_31923923_0,3,3,3,3,0
35213497_35213506_0,2,3,2,2,0
35213497_35213507_0,2,3,2,2,0
35213500_35213496_0,2,3,2,3,1
35213502_35213504_0,2,3,2,3,1
35213502_31923923_0,3,3,3,3,0
35213502_2502213116_0,3,3,3,3,0
35213504_35213500_0,2,3,2,2,0
35213506_35213507_0,2,3,2,2,0
35213506_1513320537_0,3,3,3,3,0
35213507_35213500_0,2,3,2,2,0
35213513_35213527_0,2,3,2,2,0
35213513_35213497_0,2,3,2,2,0
35213518_35213521_0,3,3,2,3,0
35213521_35213539_0,3,3,2,3,0
35213521_35213513_0,2,3,2,2,0
35213523_35213518_0,3,3,2,3,0
35213523_35213513_0,2,3,2,2,0
35213527_35213528_0,2,3,2,2,0
35213527_35213528_1,3,3,2,2,-1
35213527_35213513_0,2,3,2,2,0
35213528_35213527_0,2,3,2,2,0
35213528_254772375_0,2,3,2,2,0
35213535_35213539_0,2,3,2,1,-1
35213535_31917854_0,3,3,3,3,0
35213539_35213547_0,3,3,2,3,0
35213543_243089519_0,3,3,2,3,0
35213543_35215586_0,2,3,2,3,1
35213544_35213535_0,3,3,2,2,-1
35213547_35213548_0,3,3,3,3,0
35213547_35213558_0,2,3,2,2,0
35213547_35213544_0,2,3,2,2,0
35213548_243089519_0,3,3,2,2,-1
35213548_35213543_0,2,3,3,3,1
35213557_253871314_0,2,3,3,3,1
35213557_35213560_0,3,3,2,3,0
35213558_35213560_0,2,3,2,3,1
35213558_13610524842_0,2,3,2,3,1
35213560_35213562_0,2,3,2,3,1
35213560_35213548_0,3,3,2,3,0
35213560_35213557_0,3,3,2,3,0
35213562_35222919_0,3,3,3,3,0
35213564_253867585_0,2,3,2,3,1
35213564_35213543_0,3,3,2,3,0
35213564_35213565_0,3,3,2,3,0
35213565_35213562_0,3,3,2,3,0
35213565_35213564_0,3,3,2,3,0
35215561_35215562_0,3,3,3,3,0
35215561_191988415_0,3,3,3,3,0
35215562_35215578_0,2,3,2,3,1
35215562_35215563_0,3,3,3,3,0
35215562_35215561_0,3,3,3,3,0
35215563_191988408_0,3,3,3,2,-1
35215563_35215565_0,3,3,3,3,0
35215563_35215562_0,3,3,3,3,0
35215565_35215582_0,2,2,2,2,0
35215565_35215566_0,3,3,3,3,0
35215565_35215563_0,3,3,3,3,0
35215566_1513320567_0,3,3,3,3,0
35215566_35215565_0,3,3,3,3,0
35215575_1234187568_0,2,3,2,2,0
35215575_243092180_0,1,2,2,2,1
35215576_35215575_0,2,2,2,2,0
35215576_35215586_0,3,3,2,2,-1
35215578_35215581_0,2,2,1,2,0
35215578_35215576_0,2,2,2,2,0
35215580_35215581_0,1,2,2,2,1
35215580_35215576_0,2,2,2,2,0
35215581_35215582_0,2,2,2,2,0
35215581_35215563_0,2,2,2,3,1
35215582_35220554_0,2,2,2,2,0
35215582_35215580_0,2,2,2,2,0
35215586_35215576_0,3,3,2,2,-1
35215586_35221958_0,2,3,2,3,1
35216586_1340052119_0,3,3,2,3,0
35216590_1034922644_0,3,3,3,3,0
35216590_26584159_0,3,3,4,3,0
35216590_1340052119_0,3,3,3,3,0
35216590_35216591_0,3,3,4,3,0
35216591_1034922644_0,3,3,3,3,0
35216591_35216590_0,3,3,4,3,0
35216591_26726769_0,3,3,3,3,0
35218653_1975440395_0,3,3,3,3,0
35218653_35218660_0,3,3,3,3,0
35218654_35218653_0,3,3,3,3,0
35218655_35218684_0,3,3,3,3,0
35218660_35218654_0,3,3,3,3,0
35218660_35218655_0,3,3,3,3,0
35218661_35218666_0,2,3,2,2,0
35218663_35218661_0,2,3,2,2,0
35218663_26726769_0,3,3,2,3,0
35218664_35218667_0,3,3,2,3,0
35218664_254347900_0,3,3,3,3,0
35218664_494425777_0,2,3,2,2,0
35218666_2356827774_0,3,3,2,2,-1
35218666_35218674_0,2,3,2,2,0
35218667_35218664_0,3,3,2,3,0
35218674_254348000_0,2,3,3,3,1
35218674_35218663_0,2,3,2,2,0
35218684_8210566445_0,3,3,3,3,0
35218684_25722261_0,3,3,3,3,0
35218687_35218688_0,2,3,2,2,0
35218687_254346821_0,2,3,2,2,0
35218688_35218664_0,2,3,2,2,0
35218688_35218684_0,3,3,3,3,0
35220554_35221948_0,2,2,2,2,0
35220554_35215566_0,2,2,2,3,1
35220554_1485142477_0,2,2,2,2,0
35220563_35220564_0,2,3,2,3,1
35220564_35224286_0,1,3,2,3,2
35220564_35224310_0,2,3,2,3,1
35221946_322191190_0,3,3,3,3,0
35221948_35221946_0,3,2,2,2,-1
35221948_35221952_0,2,2,2,2,0
35221952_35221948_0,2,2,2,2,0
35221958_35221969_0,2,3,2,2,0
35221958_35221946_0,2,3,2,2,0
35221969_35291579_0,2,3,2,2,0
35221969_253852358_0,2,3,2,3,1
35222916_35222919_0,3,3,3,3,0
35222916_31923945_0,3,3,3,3,0
35222919_35222972_0,2,3,2,2,0
35222919_35222916_0,3,3,3,3,0
35222952_253868084_0,2,3,2,1,-1
35222952_35213565_0,2,3,2,3,1
35222969_35291577_0,2,3,2,3,1
35222969_993523742_0,2,3,2,3,1
35222972_35222978_0,2,3,3,2,0
35222972_35224300_0,3,3,2,3,0
35222978_8572425297_0,2,3,2,3,1
35222978_35222916_0,3,3,3,3,0
35224285_35224286_0,3,3,2,3,0
35224285_35220563_0,2,3,2,2,0
35224286_25478602_0,2,3,2,3,1
35224293_35224303_0,2,3,2,3,1
35224293_529122835_0,2,3,2,3,1
35224293_253868661_0,3,1,1,3,0
35224300_35222969_0,2,3,2,3,1
35224303_35224293_0,2,3,2,3,1
35224303_35224300_0,3,3,2,3,0
35224308_35224310_0,4,3,2,3,-1
35224308_25478602_0,2,3,2,3,1
35224310_35291288_0,3,3,3,3,0
35224310_35224308_0,4,3,2,3,-1
35291282_868450596_0,4,3,3,3,-1
35291282_35291293_0,3,3,2,3,0
35291288_35224310_0,3,3,3,3,0
35291288_3923472452_0,3,3,3,3,0
35291288_35291289_0,3,3,2,3,0
35291289_35291288_0,3,3,2,3,0
35291290_26740271_0,4,3,3,3,-1
35291291_35291294_0,3,3,3,3,0
35291291_35291290_0,4,3,3,3,-1
35291292_35291290_0,2,3,3,3,1
35291292_35291294_0,3,3,2,3,0
35291293_35291292_0,3,3,2,3,0
35291293_3923472452_0,3,3,2,3,0
35291294_35291297_0,3,3,2,2,-1
35291297_3923472452_0,2,3,2,2,0
35291297_252466530_0,3,3,3,3,0
35291569_35224303_0,2,3,2,2,0
35291569_8572425297_0,3,1,1,2,-1
35291571_35291569_0,2,3,2,3,1
35291571_35291575_0,2,3,2,2,0
35291572_35291696_0,2,3,2,2,0
35291572_35291574_0,2,3,2,2,0
35291574_35291698_0,2,3,1,3,1
35291574_35291579_0,2,3,2,2,0
35291575_35291571_0,2,3,2,2,0
35291575_240467585_0,2,3,3,3,1
35291577_35291579_0,2,3,2,3,1
35291577_35291575_0,2,3,2,2,0
35291577_35222969_0,2,3,2,3,1
35291579_35291574_0,2,3,2,2,0
35291579_35291577_0,2,3,2,3,1
35291696_35291572_0,2,3,2,2,0
35291696_35291572_1,3,3,2,3,0
35291696_35291698_0,3,3,2,2,-1
35291698_1171868956_0,3,3,2,3,0
35291698_35291574_0,2,3,1,3,1
35291698_35291696_0,3,3,2,2,-1
35291702_1472874878_0,2,1,2,2,0
35291702_35291571_0,1,3,2,2,1
35335878_83650775_0,3,3,3,3,0
35335878_13176502896_0,4,3,3,3,-1
35335878_13176504302_0,4,3,3,3,-1
35335880_130110237_0,3,3,2,2,-1
35335880_26729010_0,4,3,3,3,-1
35335883_32650340_0,3,3,2,2,-1
35335883_83761731_0,2,3,2,2,0
35335888_349326546_0,3,3,2,3,0
35335888_32650339_0,3,3,3,3,0
35335888_83761731_0,3,3,2,2,-1
35335888_349326455_0,3,3,2,2,-1
35335890_82654500_0,4,3,3,3,-1
35335890_13295423007_0,4,3,3,3,-1
35335891_83650865_0,3,3,3,3,0
35335891_35393053_0,4,3,3,3,-1
35335891_12439930987_0,4,3,3,3,-1
35393046_35393050_0,4,3,3,3,-1
35393046_2501428230_0,4,3,3,3,-1
35393046_83690514_0,3,3,3,3,0
35393050_83650876_0,3,3,3,3,0
35393050_35393046_0,4,3,3,3,-1
35393050_35393053_0,4,3,3,3,-1
35393053_324805474_0,3,3,3,3,0
35393053_35441014_0,3,3,3,3,0
35393053_35335891_0,4,3,3,3,-1
35393053_35393050_0,4,3,3,3,-1
35413414_25452878_0,3,3,3,3,0
35413414_8794404135_0,3,3,3,3,0
35413414_26289489_0,3,3,3,3,0
35441009_324788955_0,4,3,3,3,-1
35441009_35441016_0,4,3,3,3,-1
35441011_35441012_0,2,2,2,3,1
35441011_35335891_0,3,3,3,3,0
35441012_35441015_0,1,3,2,3,2
35441014_83690520_0,2,3,3,3,1
35441014_35441012_0,3,3,3,3,0
35441015_35441009_0,2,3,3,2,0
35441015_35446276_0,3,3,2,3,0
35441016_82654499_0,3,3,3,3,0
35441016_35441009_0,4,3,3,3,-1
35441016_82654500_0,4,3,3,3,-1
35441025_35441031_0,2,3,3,3,1
35441025_35441016_0,3,3,3,3,0
35441038_35441044_0,2,2,2,2,0
35441044_35441025_0,3,3,2,2,-1
35441045_35441038_0,2,2,2,2,0
35441045_35441044_0,2,3,2,2,0
35446276_82654496_0,3,3,3,3,0
35446276_83690520_0,2,3,2,2,0
35495876_10100374433_0,3,3,2,3,0
35495876_29083975_0,3,3,3,3,0
35496110_26084473_0,2,3,2,2,0
35516374_195228_0,4,4,4,3,-1
35678468_25312144_0,3,3,3,3,0
35678468_35678668_0,2,3,3,3,1
35678468_712926919_0,3,3,3,3,0
35678578_25312126_0,3,3,3,3,0
35678578_25312129_0,3,3,3,3,0
35678579_25312127_0,3,3,2,2,-1
35678579_35678578_0,2,3,3,2,0
35678580_25312134_0,3,3,2,2,-1
35678580_35678579_0,2,3,3,3,1
35678668_35678580_0,2,3,2,2,0
35678668_25312136_0,3,3,2,2,-1
35678668_25312133_0,3,3,2,2,-1
35960757_832449658_0,4,3,3,3,-1
35960757_21510488_0,4,3,4,3,-1
35960758_832449690_0,4,3,3,3,-1
35960758_35960757_0,4,3,3,3,-1
35960758_4619742908_0,4,3,3,3,-1
35964716_26084253_0,3,3,3,3,0
35964716_1102932059_0,2,3,2,2,0
36163534_1577020309_0,3,3,3,3,0
36163534_361643451_0,3,3,3,3,0
36163534_2084363829_0,3,3,3,3,0
36843098_8814622279_0,3,3,3,3,0
36843098_8814683268_0,4,3,3,3,-1
36855706_1513320571_0,3,3,3,3,0
36855706_987974102_0,3,3,3,3,0
36855707_36855706_0,3,3,3,3,0
36855707_1171869035_0,3,3,3,3,0
36863014_36863018_0,3,3,3,3,0
36863014_130185637_0,3,3,3,3,0
36863014_191918624_0,3,3,3,3,0
36863018_36863014_0,3,3,3,3,0
36863018_10977638586_0,3,3,3,3,0
36863022_10215727016_0,3,3,3,2,-1
36863022_191988425_0,3,3,3,3,0
36863022_2927784180_0,3,3,3,3,0
47147250_195228_0,4,4,3,3,-1
48808296_25611040_0,3,3,2,3,0
48808296_26464256_0,2,3,2,2,0
48808296_26464257_0,2,3,2,2,0
48830472_208769069_0,2,3,2,2,0
48830472_55475052_0,2,3,2,2,0
48833743_48833748_0,2,3,2,2,0
48833743_26086127_0,2,3,3,3,1
48833748_26086119_0,2,3,2,2,0
48837735_25468037_0,3,3,3,2,-1
48880059_48880067_0,2,3,2,2,0
48880059_25624145_0,2,3,2,2,0
48880063_48880059_0,2,3,3,2,0
48880065_48880063_0,3,3,2,2,-1
48880067_48880065_0,2,3,2,2,0
48880085_25471741_0,1,3,2,2,1
48880085_48880089_0,3,3,2,2,-1
48880089_25471743_0,2,3,2,2,0
48880089_48880096_0,3,3,2,3,0
48880093_48880085_0,2,3,3,2,0
48880096_48880093_0,3,3,2,3,0
48880096_253449740_0,2,3,2,2,0
48880114_1957527534_0,4,4,3,4,0
48880118_25471743_0,2,3,2,2,0
52561455_26470078_0,2,3,2,2,0
52561455_26470086_0,2,2,2,2,0
52561460_26149151_0,2,2,2,2,0
52561460_52561455_0,2,2,2,2,0
52564033_26286762_0,3,3,3,3,0
52564033_26286759_0,4,3,3,3,-1
54150955_303505093_0,3,3,3,3,0
54150955_2501428230_0,4,3,3,3,-1
54150955_11966306052_0,3,3,3,3,0
54803122_54803125_0,2,3,2,2,0
54803125_26086123_0,2,3,2,2,0
55463824_25611411_0,4,3,3,3,-1
59640013_843129903_0,4,3,3,3,-1
59640013_25470917_0,2,3,3,3,1
59640013_25549077_0,4,3,3,3,-1
59640015_25471028_0,2,3,3,3,1
59640015_59654818_0,4,3,3,3,-1
59640015_25547441_0,4,3,3,3,-1
59640254_25547441_0,4,3,3,3,-1
59640254_843129903_0,4,3,3,3,-1
59640255_59640254_0,2,3,3,3,1
59640255_25470917_0,3,3,3,3,0
59640255_25471028_0,4,3,3,3,-1
59654811_59654812_0,2,3,3,2,0
59654811_21604585_0,2,3,3,3,1
59654812_59654811_0,2,3,3,2,0
59654812_8147160894_0,2,3,2,2,0
59654817_2587605830_0,4,3,3,3,-1
59654817_10705432732_0,4,3,3,3,-1
59654818_59654812_0,2,3,3,3,1
59654818_25547436_0,4,3,3,3,-1
59654818_59640015_0,4,3,3,3,-1
59654819_59654823_0,2,3,3,2,0
59654823_59654819_0,2,3,3,2,0
59654823_59654811_0,2,3,3,2,0
59654829_2465004217_0,3,3,3,2,-1
59654829_59654817_0,3,3,3,3,0
59654830_2465004217_0,2,3,3,2,0
59654830_8149518874_0,2,3,3,3,1
59654830_2465004181_0,2,3,2,2,0
60755977_1655683917_0,3,3,3,3,0
60755977_6919391600_0,3,3,3,3,0
60756023_3840413118_0,4,4,3,3,-1
60756023_3842221809_0,4,4,3,3,-1
62026451_6990640984_0,4,3,3,3,-1
62026530_62026451_0,4,3,3,3,-1
62026530_2571377366_0,4,3,3,3,-1
62026553_3020982382_0,4,3,3,3,-1
80311393_33066088_0,4,3,3,3,-1
80311393_26086124_0,4,3,3,3,-1
82527987_26012483_0,3,3,3,3,0
82527987_13293499343_0,3,3,3,3,0
82529528_13371854291_0,4,3,4,3,-1
82654496_324782812_0,3,3,3,3,0
82654496_13293499341_0,3,3,3,3,0
82654499_324782808_0,3,3,3,3,0
82654500_35335890_0,4,3,3,3,-1
82654500_35441016_0,4,3,3,3,-1
83650686_83650690_0,3,2,2,1,-2
83650690_10949089239_0,3,3,1,1,-2
83650690_83654737_0,3,3,2,2,-1
83650693_83650775_0,3,3,2,3,0
83650693_26728929_0,3,3,2,2,-1
83650775_302790938_0,3,3,2,3,0
83650815_83655164_0,2,3,2,3,1
83650815_83650820_0,3,3,2,2,-1
83650820_83650824_0,1,2,2,2,1
83650824_83655158_0,2,2,2,2,0
83650824_83654737_0,2,3,2,2,0
83650847_83650852_0,2,2,2,2,0
83650847_83650815_0,2,3,2,2,0
83650847_324805474_0,3,2,2,2,-1
83650852_83650820_0,2,2,2,2,0
83650865_83650847_0,2,3,2,3,1
83650872_83650865_0,3,3,2,2,-1
83650872_83650852_0,2,2,2,2,0
83650876_83657066_0,4,3,3,3,-1
83650876_35393050_0,3,3,3,3,0
83650876_13671872498_0,3,3,2,3,0
83650885_83650891_0,3,3,2,3,0
83650885_302790938_0,3,3,2,2,-1
83650885_2317533018_0,4,3,2,2,-2
83650891_13176504302_0,4,3,3,3,-1
83650891_32650340_0,4,3,3,3,-1
83650897_1715950508_0,3,3,3,3,0
83650897_4517945997_0,2,2,2,2,0
83650900_4517945997_0,1,3,2,3,2
83650900_32650350_0,3,3,3,3,0
83654737_83655158_0,3,3,2,2,-1
83655158_83650824_0,2,2,2,2,0
83655158_83655164_0,2,3,2,2,0
83655164_83650815_0,2,3,2,3,1
83655164_83655264_0,3,3,3,3,0
83655164_83655158_0,2,3,2,2,0
83655264_83657052_0,3,3,2,3,0
83655264_83655164_0,3,3,3,3,0
83655264_83657546_0,4,3,3,3,-1
83655264_83657066_0,3,3,3,3,0
83655266_83650872_0,2,2,2,2,0
83655266_12439930987_0,3,3,3,3,0
83657052_83657076_0,3,3,2,2,-1
83657052_83655264_0,3,3,2,3,0
83657056_83657052_1,3,3,2,2,-1
83657066_83650876_0,4,3,3,3,-1
83657066_83655264_0,3,3,3,3,0
83657070_83657088_0,3,3,3,3,0
83657070_83657066_0,2,3,3,3,1
83657070_83657081_0,3,3,2,2,-1
83657076_83657070_0,3,3,2,2,-1
83657076_83657081_0,3,3,2,2,-1
83657081_83657076_0,3,3,2,2,-1
83657081_83657056_0,3,1,2,2,-1
83657088_35393046_0,3,3,3,3,0
83657546_1463837300_0,4,3,3,3,-1
83657546_32650982_0,4,3,3,3,-1
83657546_83655264_0,4,3,3,3,-1
83657546_1715948234_0,4,3,3,3,-1
83690514_35393046_0,3,3,3,3,0
83690518_83690514_0,2,3,2,2,0
83690518_35393050_0,3,3,3,3,0
83690518_324805478_0,2,3,2,2,0
83690520_83690518_0,2,2,2,2,0
83700539_83703883_0,4,3,3,3,-1
83700568_83700578_0,4,3,3,3,-1
83700568_13699958374_0,4,3,3,3,-1
83700573_13125043912_1,4,3,3,3,-1
83700575_324802532_0,4,3,3,3,-1
83700575_2872708310_0,4,3,3,3,-1
83700578_83700580_0,4,3,3,3,-1
83700580_35335890_0,4,3,3,3,-1
83700580_324802532_0,3,3,3,3,0
83703883_13124693234_0,4,3,3,3,-1
83704446_13325884864_0,4,3,3,3,-1
83761715_349326546_0,3,3,3,3,0
83761715_83761726_0,4,3,3,3,-1
83761715_4525344027_0,4,3,4,3,-1
83761726_129940278_0,4,3,3,3,-1
83761726_83761715_0,4,3,3,3,-1
83761731_83761726_0,2,3,3,3,1
83761731_35335888_0,3,3,2,2,-1
83761733_83761738_0,4,3,3,3,-1
83761733_4525344025_0,4,3,3,3,-1
83761738_83761748_0,4,3,3,3,-1
83761748_83761769_0,4,3,3,3,-1
83761769_1908961868_0,4,3,3,3,-1
83761778_83761789_0,4,3,2,3,-1
83761789_83761800_0,4,3,3,3,-1
83761800_83761733_0,4,3,3,3,-1
83761905_83762474_0,4,3,3,3,-1
83761926_4670515495_0,4,3,3,3,-1
83761926_83761949_0,4,3,3,3,-1
83761949_83762474_0,4,3,3,3,-1
83761949_2813105657_0,3,3,2,3,0
83761949_83761976_0,4,3,2,3,-1
83761976_83761778_0,4,3,2,3,-1
83762462_83761926_0,4,3,3,3,-1
83762468_83762462_0,4,3,3,3,-1
83762468_83761949_0,4,3,3,3,-1
83762474_83762468_0,4,3,3,3,-1
83762474_83762515_0,4,3,3,3,-1
83762515_83762519_0,4,3,3,3,-1
83762515_83772662_0,4,3,3,3,-1
83762519_83762468_0,4,3,3,4,0
83762519_83762462_0,4,3,3,4,0
83772662_83762515_0,4,3,3,3,-1
83772662_83772669_0,4,3,3,3,-1
83772662_83772670_0,4,3,3,3,-1
83772669_83772687_0,3,3,3,3,0
83772670_83772669_0,3,3,3,3,0
83772670_83772709_0,4,3,3,3,-1
83772670_83772662_0,4,3,3,3,-1
83772675_12645083995_0,4,3,3,3,-1
83772675_83772676_0,4,3,3,3,-1
83772675_1788996611_0,4,3,3,3,-1
83772676_83772670_0,3,3,3,3,0
83772687_118273043_0,4,3,3,3,-1
83772709_83772670_0,4,3,3,3,-1
83772709_10099342769_0,3,3,3,3,0
83772709_2404539296_0,3,3,3,3,0
83772709_83772726_0,4,3,3,3,-1
83772709_206192615_0,4,3,3,3,-1
83772726_83774500_0,4,3,3,3,-1
83772726_83772709_0,4,3,3,3,-1
83774500_1511085512_0,3,3,3,3,0
83774500_83772726_0,4,3,3,3,-1
84458458_84458462_0,4,3,4,3,-1
84458458_2407541523_0,4,3,3,3,-1
84463207_4670515495_0,4,3,3,3,-1
88274580_13256918436_0,2,1,2,3,1
93856091_8218182127_0,2,3,3,3,1
93856091_2587605830_0,3,3,3,3,0
93856096_93856100_0,2,3,3,3,1
93856096_93856102_0,2,3,3,3,1
93856100_93856096_0,2,3,3,3,1
93856100_93856105_0,4,3,3,3,-1
93856100_5456383765_0,4,3,3,3,-1
93856102_93856105_0,2,3,3,3,1
93856102_93856091_0,3,3,3,3,0
93856105_415904109_0,4,3,3,3,-1
93856105_93856100_0,4,3,3,3,-1
95836805_8771456495_0,3,3,3,3,0
95836805_26058995_0,3,3,3,3,0
103755060_21702438_0,3,3,4,4,1
103755060_21604594_0,4,3,4,4,0
103771069_8560978660_0,4,3,3,3,-1
103771069_1042501525_0,4,3,3,3,-1
103794935_25149523_0,3,3,3,3,0
118272929_2439485671_0,4,3,3,3,-1
118272929_129940282_0,3,3,3,3,0
118272929_252156006_0,4,3,3,3,-1
118273028_83772675_0,4,3,3,3,-1
118273028_529913055_0,3,3,2,1,-2
118273028_206188645_0,3,3,3,3,0
118273043_118273028_0,4,3,3,3,-1
129940278_129940279_0,3,3,3,3,0
129940278_130110237_0,3,3,3,2,-1
129940278_252155997_0,4,3,3,3,-1
129940278_130110239_0,4,3,3,3,-1
129940278_83761726_0,4,3,3,3,-1
129940279_252155997_0,3,3,3,3,0
129940279_130110240_0,3,3,3,3,0
129940282_2439485671_0,3,3,3,3,0
129940282_129940285_0,3,2,2,2,-1
129940283_130110241_0,3,3,2,3,0
129940283_129940285_0,3,3,2,2,-1
129940285_349323431_0,3,3,3,3,0
129940285_129940279_0,3,3,3,3,0
129940286_130110243_0,3,3,3,3,0
129940286_129940282_0,3,3,3,3,0
129940286_29980173_0,3,3,3,3,0
130110237_13176504302_0,3,3,3,3,0
130110239_35335880_0,4,3,3,3,-1
130110240_130110239_0,3,3,3,3,0
130110240_129940279_0,3,3,3,3,0
130110240_130110242_0,4,3,3,3,-1
130110241_129940279_0,3,3,3,3,0
130110241_130110240_0,3,3,3,3,0
130110242_130110240_0,4,3,3,3,-1
130110242_130110243_0,3,3,3,3,0
130110242_29980115_0,3,3,3,3,0
130110243_129940286_0,3,3,3,3,0
130110243_129940283_0,3,3,3,2,-1
130143380_987974102_0,3,3,3,3,0
130143380_1171868956_0,3,3,3,3,0
130143380_130143381_0,3,3,3,3,0
130143381_130144380_0,3,3,3,3,0
130143384_130143404_0,2,3,2,3,1
130143384_130143385_0,3,3,3,3,0
130143385_130143386_0,3,3,3,3,0
130143385_130143396_0,2,3,2,2,0
130143386_253416092_0,3,3,3,2,-1
130143386_130143387_0,3,3,3,3,0
130143387_130143401_0,2,2,2,2,0
130143387_253416990_0,3,3,3,3,0
130143391_21674822_0,3,3,2,3,0
130143392_191988217_0,2,2,2,2,0
130143394_130143395_0,3,3,3,3,0
130143394_130143403_0,3,3,3,3,0
130143395_253416306_0,3,3,2,3,0
130143395_130143398_0,3,2,2,3,0
130143396_130143399_0,2,3,2,2,0
130143396_130143405_0,2,3,2,2,0
130143396_130143397_0,2,3,2,2,0
130143397_130143406_0,2,3,2,2,0
130143397_130143400_0,2,3,2,2,0
130143398_130143420_0,2,3,3,3,1
130143399_130143386_0,2,3,2,2,0
130143399_130143401_0,2,3,2,2,0
130143399_130143396_0,2,3,2,2,0
130143400_130143399_0,2,3,2,2,0
130143400_130143397_0,2,3,2,2,0
130143400_130143402_0,2,3,2,2,0
130143401_130143402_0,2,3,2,2,0
130143401_130144269_0,2,3,2,3,1
130143401_130143399_0,2,3,2,2,0
130143402_130143400_0,2,3,2,2,0
130143402_253417073_0,2,3,2,2,0
130143403_191988226_0,3,3,3,3,0
130143404_130143403_0,2,3,3,3,1
130143404_130143395_0,3,3,2,3,0
130143405_130143384_0,2,3,2,2,0
130143405_130143396_0,2,3,2,2,0
130143405_1328321035_0,2,3,2,2,0
130143406_130143405_0,2,3,2,2,0
130143406_130143397_0,2,3,2,2,0
130143406_1171867500_0,3,3,2,2,-1
130143409_1328321035_0,3,3,2,2,-1
130143410_130143413_0,3,3,3,3,0
130143410_130143420_0,3,3,3,3,0
130143410_191918644_0,3,3,3,3,0
130143413_191988222_0,3,3,3,3,0
130143413_191988214_0,2,2,3,3,1
130143417_1171869062_0,3,2,3,3,0
130143417_253414917_0,3,2,2,3,0
130143420_253416990_0,3,3,2,3,0
130144266_12035934861_0,2,3,2,2,0
130144266_130143381_0,2,3,3,3,1
130144266_230047436_0,1,3,2,3,2
130144267_253415591_0,2,3,2,2,0
130144267_1328321035_0,3,3,2,2,-1
130144267_130144380_0,3,3,3,3,0
130144269_130143401_0,2,3,2,3,1
130144269_130144270_0,2,3,2,3,1
130144269_253417073_0,2,3,2,2,0
130144270_253417301_0,3,3,2,2,-1
130144270_130144269_0,2,3,2,3,1
130144270_130144271_0,2,3,2,2,0
130144271_130144275_0,3,3,3,3,0
130144271_130144273_0,3,3,3,3,0
130144273_130144277_0,3,3,2,2,-1
130144275_253417218_0,3,3,3,3,0
130144275_130144276_0,3,3,3,3,0
130144276_130144273_0,3,3,3,3,0
130144276_130143391_0,3,3,3,3,0
130144277_253417301_0,3,3,2,2,-1
130144277_130144278_0,3,3,2,2,-1
130144278_252502668_0,2,3,2,2,0
130144278_130144297_0,2,3,2,2,0
130144278_130144295_0,2,3,2,2,0
130144278_130144277_0,3,3,2,2,-1
130144281_1468823679_0,4,3,3,3,-1
130144290_130144295_0,3,3,2,2,-1
130144295_130144278_0,2,3,2,2,0
130144295_21674822_0,2,3,3,3,1
130144297_130144387_0,2,2,2,1,-1
130144380_2922474452_0,3,3,3,3,0
130144381_1171867500_0,3,3,2,2,-1
130144381_130144267_0,2,3,2,2,0
130144387_252502668_0,2,2,2,1,-1
130144387_5889927418_0,1,3,2,3,2
130185637_130185639_0,3,3,3,3,0
130185637_36863014_0,3,3,3,3,0
130185639_243785953_0,2,3,2,3,1
130185639_191988249_0,2,3,2,2,0
130185639_2073932346_0,3,3,3,3,0
130185639_130185637_0,3,3,3,3,0
130185640_191988291_0,3,3,3,3,0
130185640_243786720_0,3,3,3,3,0
130185640_8576486926_0,3,3,3,3,0
158244562_775494838_0,2,1,2,2,0
158244562_26583690_0,3,1,2,2,-1
165860035_25468304_0,4,3,3,3,-1
165860035_980961157_0,4,3,3,3,-1
165860082_165860141_0,3,3,3,3,0
165860082_8820230151_0,4,3,4,3,-1
165860082_165860094_0,4,3,3,3,-1
165860094_165860133_0,3,3,3,3,0
165860094_980961157_0,4,3,3,3,-1
165860094_165860082_0,4,3,3,3,-1
165860133_980961334_0,3,3,2,3,0
165860141_165860133_0,3,3,3,3,0
165860141_165860082_0,3,3,3,3,0
173030870_601393124_0,4,3,3,3,-1
173030870_25468305_0,4,3,3,3,-1
175379380_7469500_0,4,4,4,3,-1
187824746_1400900990_0,1,2,3,2,1
187824746_18232186_0,2,3,3,3,1
190131566_6261544707_0,3,3,2,3,0
190131566_25312477_0,3,3,3,3,0
190131566_13730581237_0,3,3,3,3,0
191918576_191918644_0,3,3,3,3,0
191918576_191918624_0,3,3,3,3,0
191918582_191918587_0,2,3,3,3,1
191918582_192085440_0,3,3,3,3,0
191918582_6389351316_0,3,3,3,3,0
191918587_191918582_0,2,3,3,3,1
191918587_191918596_0,2,3,2,2,0
191918587_256992788_0,1,3,1,1,0
191918596_191918587_0,2,3,2,2,0
191918596_192085503_0,2,3,2,2,0
191918596_192085457_0,2,3,2,1,-1
191918598_192085503_0,2,3,2,1,-1
191918598_192085493_0,2,3,2,2,0
191918598_192085499_0,2,2,2,1,-1
191918598_2073912461_0,2,3,2,1,-1
191918601_191988390_0,3,3,3,3,0
191918601_31917854_0,3,3,3,3,0
191918607_191988390_0,3,3,3,3,0
191918607_988334561_0,3,3,3,3,0
191918612_191988400_0,2,2,2,2,0
191918612_191918615_0,2,3,3,3,1
191918615_191988434_0,3,3,3,3,0
191918620_191988132_0,2,3,3,3,1
191918624_191918576_0,3,3,3,3,0
191918624_191918630_0,3,3,3,3,0
191918624_36863014_0,3,3,3,3,0
191918630_36863018_0,2,3,3,3,1
191918644_191918576_0,3,3,3,3,0
191918644_130143410_0,3,3,3,3,0
191988125_191988132_0,2,2,2,2,0
191988125_191988435_0,2,3,2,3,1
191988132_191988125_0,2,2,2,2,0
191988132_241596086_0,2,3,3,3,1
191988135_191918615_0,2,2,3,3,1
191988135_988334554_0,2,3,3,3,1
191988143_191988180_0,2,2,2,1,-1
191988143_191988146_0,1,2,2,2,1
191988146_191988176_0,2,2,1,2,0
191988146_191988149_0,2,2,1,2,0
191988149_191988429_0,2,3,2,2,0
191988149_191988163_0,2,2,2,3,1
191988163_191988169_0,3,3,3,3,0
191988169_191988173_0,3,2,2,3,0
191988169_191988408_0,3,2,2,2,-1
191988173_191988149_0,2,2,1,2,0
191988173_191988176_0,3,2,1,2,-1
191988176_191988410_0,2,2,2,2,0
191988176_191988180_0,2,2,2,2,0
191988180_191988412_0,2,2,2,2,0
191988180_191988186_0,2,2,2,1,-1
191988186_191988143_0,2,2,2,1,-1
191988209_6374806460_0,2,2,3,2,0
191988214_6388307988_0,3,3,3,3,0
191988217_191988222_0,2,2,3,3,1
191988217_191988214_0,2,2,2,2,0
191988222_130143394_0,3,3,3,3,0
191988226_191988209_0,1,3,3,3,2
191988226_1171869062_0,3,3,3,3,0
191988245_191988249_0,2,3,1,1,-1
191988249_191988245_0,2,3,1,1,-1
191988255_191988135_0,2,3,2,3,1
191988255_191988295_0,2,2,2,2,0
191988260_258197086_0,2,2,1,1,-1
191988260_191988285_0,3,3,1,1,-2
191988285_192085571_0,3,3,2,2,-1
191988285_2602170153_0,2,3,2,2,0
191988285_191988260_0,3,3,1,1,-2
191988291_130185640_0,3,3,3,3,0
191988291_192085436_0,2,3,3,3,1
191988291_242163341_0,3,3,3,3,0
191988295_192085450_0,3,3,2,3,0
191988295_191988298_0,3,3,3,3,0
191988298_191988341_0,2,2,2,3,1
191988298_191988303_0,3,3,3,3,0
191988298_191988295_0,3,3,3,3,0
191988303_191988325_0,2,3,3,3,1
191988303_11014869454_0,3,3,3,3,0
191988303_191988298_0,3,3,3,3,0
191988315_2355995217_0,2,2,2,2,0
191988325_2355995217_0,3,3,2,2,-1
191988325_191988303_0,2,3,3,3,1
191988325_191988386_0,2,2,2,2,0
191988325_191988341_0,2,2,1,1,-1
191988341_191988135_0,2,2,3,2,0
191988341_191988325_0,2,2,1,1,-1
191988365_254777155_0,3,3,3,3,0
191988365_2073912370_0,3,3,3,3,0
191988382_191988386_0,2,2,2,2,0
191988386_191988382_0,2,2,2,2,0
191988386_191988387_0,2,3,2,2,0
191988386_191988325_0,2,2,2,2,0
191988386_191988390_0,3,3,3,2,-1
191988387_191988386_0,2,3,2,2,0
191988387_191918601_0,3,3,3,3,0
191988390_191918607_0,3,3,3,3,0
191988390_191918601_0,3,3,3,3,0
191988390_191988386_0,3,3,3,2,-1
191988390_191988397_0,2,3,3,2,0
191988393_191988397_0,3,3,3,3,0
191988393_191988415_0,3,3,3,3,0
191988393_31917854_0,3,3,3,3,0
191988397_191988390_0,2,3,3,2,0
191988397_191988441_0,1,2,2,2,1
191988397_191988393_0,3,3,3,3,0
191988400_191988441_0,2,2,2,2,0
191988408_191988173_0,2,2,2,2,0
191988408_191988410_0,3,2,2,2,-1
191988410_191988412_0,2,2,2,2,0
191988412_191988415_0,3,3,3,3,0
191988415_35215561_0,3,3,3,3,0
191988415_191988393_0,3,3,3,3,0
191988425_191988429_0,3,3,2,3,0
191988425_36863022_0,3,3,3,3,0
191988425_10977638587_0,3,3,2,3,0
191988429_191988425_0,3,3,2,3,0
191988429_191988430_0,2,3,2,2,0
191988430_191988431_0,2,2,2,2,0
191988430_241166549_0,2,2,2,2,0
191988431_191918620_0,2,2,2,2,0
191988434_191988435_0,2,2,2,2,0
191988434_191988431_0,2,2,2,3,1
191988434_191918620_0,2,3,2,3,1
191988435_191988255_0,2,3,2,3,1
191988435_191988434_0,2,2,2,2,0
191988438_191988186_0,2,2,2,2,0
191988438_191988400_0,2,2,2,2,0
191988441_12140914736_0,2,2,2,2,0
191988441_191988397_0,1,2,2,2,1
192058895_26597608_0,4,3,2,3,-1
192085356_192085450_0,3,3,3,3,0
192085356_384969605_0,3,3,3,3,0
192085356_192085363_0,3,3,3,3,0
192085363_192085440_0,3,3,3,3,0
192085381_192085395_0,3,3,2,1,-2
192085382_192085407_0,3,3,2,2,-1
192085395_2073912461_0,2,3,2,2,0
192085395_1048056117_0,3,3,2,1,-2
192085407_192085414_0,2,3,2,2,0
192085407_192085381_0,3,3,2,1,-2
192085414_1048058586_0,2,2,2,2,0
192085414_243786720_0,3,2,2,2,-1
192085436_242163341_0,3,3,2,3,0
192085436_192085490_0,3,3,2,3,0
192085436_192085363_0,3,3,2,3,0
192085440_192085450_0,3,3,2,3,0
192085440_191918582_0,3,3,3,3,0
192085450_191988295_0,3,3,2,3,0
192085450_192085356_0,3,3,3,3,0
192085457_192085382_0,2,2,2,2,0
192085457_191918596_0,2,3,2,1,-1
192085490_192085436_0,3,3,2,3,0
192085490_256992035_0,3,3,2,2,-1
192085490_192085457_0,3,3,2,2,-1
192085493_191918598_0,2,3,2,2,0
192085499_256990658_0,3,2,1,1,-2
192085499_191918598_0,2,2,2,1,-1
192085499_192085503_0,2,2,2,2,0
192085503_191918596_0,2,3,2,2,0
192085503_191918598_0,2,3,2,1,-1
192085503_192085499_0,2,2,2,2,0
192085541_2488267317_0,4,3,3,3,-1
192085541_2872676723_0,4,3,3,3,-1
192085559_8576486926_0,3,3,3,3,0
192085571_130185640_0,3,3,3,3,0
192305011_29980154_0,3,3,3,3,0
192305014_192305015_0,3,3,3,3,0
192305014_11368597032_0,3,3,2,3,0
192305015_192305016_0,3,3,3,3,0
192305016_192305018_0,4,3,3,3,-1
192305016_192305048_0,3,3,2,3,0
192305018_9588081529_0,3,3,2,3,0
192305018_192305020_0,3,3,3,3,0
192305020_192305032_0,4,3,2,3,-1
192305020_192305024_0,3,3,4,3,0
192305024_192305026_0,3,3,4,3,0
192305024_192305011_0,3,3,3,3,0
192305026_192305032_0,3,3,3,3,0
192305032_9588081529_0,3,3,3,3,0
192305032_29980185_0,3,3,2,3,0
192305048_192305060_0,3,3,2,3,0
192305048_192305018_0,3,3,2,3,0
192305060_192305048_0,3,3,2,3,0
192305060_192305061_0,3,3,2,3,0
192305061_1956845894_0,2,2,2,2,0
192305061_270323523_0,3,3,3,3,0
192305061_192305060_0,3,3,2,3,0
192305063_270323523_0,3,3,2,3,0
192305063_270323663_0,3,3,2,3,0
192305070_192305074_0,3,3,3,3,0
192305070_270323663_0,3,3,3,3,0
192305074_1511114293_0,3,3,3,3,0
192305074_192305070_0,3,3,3,3,0
192305105_3922348891_0,3,3,2,3,0
192305105_192305109_0,2,3,3,3,1
192305105_1511114282_0,2,2,2,3,1
192305109_192305105_0,2,3,3,3,1
192305109_1511104887_0,3,3,3,3,0
192305750_192305754_0,4,3,3,3,-1
192305754_2810964557_0,4,3,3,3,-1
192305754_192305750_0,4,3,3,3,-1
192400787_4002438195_0,3,3,2,3,0
192400787_13125186951_0,3,3,2,3,0
192400788_192400808_0,3,3,2,3,0
192400788_13125186935_0,3,3,2,3,0
192400808_13125812951_0,3,3,2,3,0
192400808_192400788_0,3,3,2,3,0
192400916_193547599_0,3,3,3,3,0
192400916_354723511_0,3,3,3,3,0
192400916_7417014158_0,3,3,3,3,0
192942470_13125190956_0,3,3,3,3,0
192942470_767485184_0,3,3,2,3,0
192942533_4915696754_0,3,3,2,3,0
192942533_193556738_0,3,3,3,3,0
192942533_767485184_0,3,3,3,3,0
193547599_354721858_0,3,3,3,3,0
193547599_683130949_0,3,3,3,3,0
193547599_192400916_0,3,3,3,3,0
193556734_2320137738_0,3,3,3,3,0
193556734_1613055789_0,3,3,3,3,0
193556734_766724350_0,2,3,3,3,1
193556734_7417014158_0,3,3,3,3,0
193556738_1613055789_0,3,3,2,3,0
193556738_192942533_0,3,3,3,3,0
193556833_767472407_0,2,1,2,2,0
193556833_704420283_0,3,2,1,1,-2
193556833_828689641_0,2,2,2,2,0
193594739_84463207_0,4,3,4,3,-1
193594802_766724350_0,2,3,3,3,1
193594802_354723520_0,2,2,2,3,1
193640963_193640970_0,4,3,3,3,-1
193640963_766724345_0,3,3,3,3,0
193640970_193640963_0,4,3,3,3,-1
193640970_792818869_0,3,3,3,3,0
193640970_84458458_0,4,3,3,3,-1
206188645_118273028_0,3,3,3,3,0
206188645_252156006_0,4,3,3,3,-1
206188664_206188645_0,3,3,3,3,0
206189053_206189070_0,3,3,3,3,0
206189054_206189070_0,4,3,2,3,-1
206189054_12645091703_0,3,3,3,3,0
206189057_29980119_0,4,3,3,3,-1
206189057_29980178_0,4,3,3,3,-1
206189058_206189059_0,3,3,3,2,-1
206189058_206189060_0,4,3,3,3,-1
206189058_29980119_0,4,3,3,3,-1
206189059_206189058_0,3,3,3,2,-1
206189059_206189063_0,2,3,2,2,0
206189059_1788996611_0,3,3,3,3,0
206189060_206189058_0,4,3,3,3,-1
206189060_7095808873_0,3,3,2,3,0
206189060_29980138_0,4,3,4,3,-1
206189061_206189069_0,3,3,2,2,-1
206189063_206189054_0,3,3,3,3,0
206189063_206189059_0,2,3,2,2,0
206189063_206189061_0,2,2,2,2,0
206189064_206189063_0,2,2,2,2,0
206189067_206189064_0,2,2,2,3,1
206189069_270323473_0,2,2,2,2,0
206189070_206189054_0,4,3,2,3,-1
206189070_206189071_0,3,3,3,3,0
206189071_206189072_0,4,3,3,3,-1
206189072_83772675_0,4,3,3,3,-1
206189072_83772676_0,4,3,3,3,-1
206189315_206189319_0,3,2,2,2,-1
206189315_937080671_0,3,3,2,2,-1
206189316_206189324_0,3,3,3,3,0
206189316_12645091703_0,3,3,3,3,0
206189319_2923949204_0,3,2,2,2,-1
206189319_2923948782_0,2,2,2,1,-1
206189324_206189325_0,3,3,3,3,0
206189324_206189316_0,3,3,3,3,0
206189325_7204776620_0,3,3,3,3,0
206189325_206189315_0,3,3,3,3,0
206189325_206189324_0,3,3,3,3,0
206189328_7204776620_0,3,3,2,3,0
206189328_2923949204_0,3,3,2,3,0
206189457_2923949207_0,2,3,2,3,1
206189457_2923948782_0,3,2,2,2,-1
206189460_2923949215_0,3,3,2,3,0
206189464_4249122124_0,3,3,3,3,0
206189464_206189466_0,3,3,3,3,0
206189466_206189460_0,2,2,2,2,0
206189466_206189464_0,3,3,3,3,0
206189466_2630568657_0,3,3,3,3,0
206192614_10099342769_0,3,2,2,2,-1
206192615_10681734331_0,4,3,2,3,-1
206192615_2813114176_0,3,2,2,3,0
206192615_83772709_0,4,3,3,3,-1
206192619_10681734331_0,4,3,3,3,-1
206193105_206192619_0,3,3,2,3,0
206196131_1392460122_0,2,2,2,2,0
206196133_2813818187_0,2,2,2,2,0
206227345_2813825709_0,3,2,3,2,-1
206227345_1589147517_0,3,3,3,3,0
206227373_206227376_0,3,2,2,2,-1
206227373_206228636_0,3,2,2,2,-1
206227376_206227373_0,3,2,2,2,-1
206227376_2213747138_0,3,3,3,3,0
206227376_1589126699_0,3,3,3,3,0
206227473_206228615_0,2,2,2,2,0
206228615_2813884264_0,2,2,2,1,-1
206228615_206227473_0,2,2,2,2,0
206228615_2813884263_0,2,2,2,3,1
206228618_2813884270_0,2,2,2,2,0
206228618_2813884267_0,2,2,2,2,0
206228620_2813884270_0,2,2,2,1,-1
206228620_673414894_0,2,2,1,0,-2
206228632_2813847803_0,2,2,2,1,-1
206228632_206228633_0,2,2,2,1,-1
206228632_1589098625_0,2,2,1,1,-1
206228633_2813847803_0,2,2,2,1,-1
206228633_206228636_0,2,2,1,2,0
206228633_206228632_0,2,2,1,1,-1
206228636_1589098625_0,2,2,1,1,-1
206228636_206227373_0,3,2,2,2,-1
206228636_206228633_0,2,2,1,2,0
206273165_206273186_0,4,3,3,3,-1
206273165_206273180_0,3,3,3,3,0
206273172_206273179_0,4,3,3,3,-1
206273172_206273180_0,3,3,3,3,0
206273179_206273172_0,4,3,3,3,-1
206273179_4249122124_0,3,3,3,3,0
206273180_206273165_0,3,3,3,3,0
206273180_206273172_0,3,3,3,3,0
206273186_206273189_1,4,3,3,3,-1
206273186_206273165_0,4,3,3,3,-1
206273189_206273186_1,4,3,3,3,-1
206273189_270323561_0,4,3,3,3,-1
208769027_208769069_0,2,3,2,2,0
208769027_55475052_0,2,3,2,2,0
208769069_26316432_0,2,3,2,2,0
208769069_208769027_0,2,3,2,2,0
208769069_26316429_0,2,3,2,2,0
208769083_26316433_0,3,3,2,2,-1
208769083_208769145_0,3,3,3,3,0
208769091_208769219_0,3,3,3,3,0
208769091_54803122_0,2,3,3,2,0
208769112_26086128_0,4,3,3,3,-1
208769112_208769120_0,4,3,3,3,-1
208769120_208769133_0,3,3,3,3,0
208769133_208769219_0,3,3,3,2,-1
208769133_208769083_0,3,3,3,3,0
208769145_208769180_0,3,3,3,3,0
208769145_3267479470_0,3,3,3,3,0
208769163_3870640550_0,3,3,3,3,0
208769163_3267479470_0,3,3,3,3,0
208769180_3870640550_0,3,3,3,3,0
208769180_208769163_0,3,3,3,3,0
208769219_208769227_0,3,3,3,3,0
208769219_208769279_0,2,3,3,2,0
208769227_208769112_0,4,3,3,3,-1
208769227_208769120_0,3,3,3,2,-1
208769279_26086117_0,2,3,2,3,1
208769279_54803122_0,2,3,2,2,0
208776568_208769133_0,3,3,3,3,0
208776568_26086129_0,2,3,2,3,1
215687061_215687070_0,2,3,2,2,0
215687061_4143189207_0,3,2,3,3,0
215687061_5257013006_0,2,3,3,2,0
215687070_8578386869_0,2,1,2,2,0
226202090_8173410515_0,2,3,3,3,1
230047436_252467947_0,2,3,3,3,1
230047436_13398022052_0,2,3,2,3,1
230047436_130144266_0,1,3,2,3,2
240467585_1171868956_0,2,3,3,3,1
240467585_1735877076_0,2,3,2,2,0
241166549_191988430_0,2,2,2,2,0
241596086_242374908_0,3,3,3,3,0
241596086_10977638586_0,2,3,3,3,1
242163341_384969605_0,3,3,3,3,0
242163341_192085436_0,3,3,2,3,0
242163341_192085356_0,3,3,3,3,0
242163349_26740277_0,4,3,3,3,-1
242163349_25498533_0,4,3,3,3,-1
242374906_242374908_0,2,2,3,3,1
242374908_242374906_0,2,2,3,3,1
242374908_36863018_0,3,3,3,3,0
243089519_35213544_0,3,3,2,3,0
243092180_35215575_0,1,2,2,2,1
243785953_191988125_0,3,3,2,3,0
243786720_1048058586_0,3,3,2,3,0
243786720_130185640_0,3,3,3,3,0
244419508_25722297_0,4,3,3,3,-1
245957281_7300867_0,4,3,3,4,0
249717498_1037249830_0,3,3,4,3,0
249717498_1468530294_0,4,4,4,4,0
249717499_21674906_0,4,4,4,3,-1
249717503_195222_0,4,4,4,3,-1
249717503_1468553185_0,4,4,4,3,-1
249740340_25611400_0,4,3,3,3,-1
250042857_6091651313_0,3,3,3,3,0
250042857_25336179_0,3,3,3,3,0
251047560_459797860_0,3,3,3,3,0
251047560_25321447_0,3,3,3,3,0
251050296_25611395_0,4,3,3,3,-1
251050719_25303840_0,2,3,2,2,0
251050862_1682387539_0,2,3,2,2,0
251050862_640541652_0,3,3,3,3,0
251069553_26286696_0,3,2,2,2,-1
251069553_7041322633_0,1,2,3,2,1
251171031_1992934964_0,3,3,2,2,-1
251171098_1992934964_0,1,3,2,2,1
251171098_25303832_0,2,2,3,2,0
251171098_25303841_0,2,3,3,3,1
252155997_129940279_0,3,3,3,3,0
252155997_349323431_0,4,3,3,3,-1
252155997_129940278_0,4,3,3,3,-1
252156006_206188645_0,4,3,3,3,-1
252156006_349323431_0,4,3,3,3,-1
252156006_118272929_0,4,3,3,3,-1
252333286_252333287_0,2,3,3,3,1
252333287_252333286_0,2,3,3,3,1
252333287_25722257_0,3,4,4,3,0
252333899_27175446_0,3,3,3,3,0
252333899_27175446_1,4,3,3,3,-1
252412611_25722257_0,3,3,3,3,0
252412613_35218687_0,3,3,2,2,-1
252412613_25722258_0,2,3,3,2,0
252466530_252466532_0,4,3,3,2,-2
252466530_1316035095_0,4,3,3,3,-1
252466532_252466533_0,4,3,3,2,-2
252466532_35291294_0,3,3,3,3,0
252466533_252466532_0,4,3,3,2,-2
252466535_1316035095_0,4,3,3,3,-1
252466535_242163349_0,4,3,3,3,-1
252467947_230047436_0,2,3,3,3,1
252467947_1734636083_0,2,3,2,3,1
252467947_62026530_0,2,3,3,3,1
252502656_1171867500_0,2,3,2,3,1
252502668_130144290_0,3,3,2,2,-1
253414917_987974102_0,3,3,2,3,0
253415591_130144267_0,2,3,2,2,0
253416092_130143398_0,2,3,2,3,1
253416092_253416306_0,2,2,2,2,0
253416306_130143385_0,3,3,2,3,0
253416987_130144269_0,3,3,3,3,0
253416987_130144275_0,3,3,2,3,0
253416990_253416987_0,3,3,3,3,0
253417073_130144270_0,2,3,2,2,0
253417073_130143402_0,2,3,2,2,0
253417218_130143410_0,3,3,3,3,0
253417301_130144277_0,3,3,2,2,-1
253417301_130144270_0,3,3,2,2,-1
253449740_48880096_0,2,3,2,2,0
253852358_1513320571_0,3,3,3,3,0
253867585_35213564_0,2,3,2,3,1
253868084_35222952_0,2,3,2,1,-1
253868661_35224293_0,3,1,1,3,0
253871314_2502213116_0,2,3,3,3,1
253871330_2502213116_0,3,3,3,3,0
253871330_253871314_0,3,3,3,3,0
253871330_31923933_0,3,3,3,3,0
254346821_35218687_0,2,3,2,3,1
254347900_4588190126_0,3,3,3,3,0
254347900_35218664_0,3,3,3,3,0
254347900_8035679173_0,2,3,3,3,1
254567104_25468070_0,3,3,3,2,-1
254581990_2069548810_0,4,3,3,3,-1
254772375_35213528_0,2,3,2,2,0
254777155_191988365_0,3,3,3,3,0
254777155_254777171_0,3,3,3,3,0
254777155_1513320536_0,3,3,3,3,0
254777171_254777155_0,3,3,3,3,0
256990658_192085499_0,3,2,2,1,-2
256992035_192085490_0,3,3,2,2,-1
256992788_191918587_0,1,3,1,1,0
257513237_6071660584_0,3,3,2,3,0
257513240_6071660584_0,3,1,2,2,-1
257513240_2652153371_0,3,1,2,2,-1
257513244_3898532756_0,3,2,2,2,-1
257513247_12844409460_0,3,2,3,2,-1
257513247_3898532753_0,3,2,2,2,-1
257513249_2503521410_0,2,2,2,2,0
257513249_257513244_0,3,2,2,2,-1
257513255_6135349230_0,3,2,2,2,-1
257513255_257513953_0,3,2,2,3,0
257513257_12825510574_0,3,1,3,2,-1
257513257_257513255_0,3,2,2,2,-1
257513701_2813020269_0,3,2,3,2,-1
257513701_257513706_0,2,3,2,2,0
257513701_33126081_0,3,3,2,3,0
257513706_257513701_0,2,2,2,2,0
257513706_257513249_0,3,2,2,2,-1
257513953_257513954_0,4,2,3,3,-1
257513953_6135349230_0,3,2,2,2,-1
257513954_257513953_0,4,2,3,3,-1
257513954_12844409460_0,3,2,3,3,0
258197086_191988260_0,2,2,1,1,-1
259977333_259977334_0,2,3,2,2,0
259977334_26470113_0,3,3,2,3,0
259977334_259977333_0,2,3,2,2,0
262860522_25115178_0,3,3,2,3,0
262860754_832449686_0,4,3,3,3,-1
264496809_21674802_0,3,3,2,2,-1
264496809_25319183_0,3,3,3,3,0
264496810_264496809_0,3,3,2,3,0
264496810_26027233_0,3,3,2,3,0
265783501_4549502008_0,3,2,3,3,0
265809740_6262067560_0,3,4,3,3,0
265809740_26057008_0,3,4,3,4,1
269229442_1298421634_0,3,3,3,3,0
269229442_21600354_0,4,3,3,3,-1
270298916_270298919_0,3,2,2,2,-1
270298916_27362911_0,3,2,2,2,-1
270298917_270298916_0,3,3,3,3,0
270298917_8148780813_0,4,3,3,3,-1
270298918_8148780813_0,3,3,3,3,0
270298918_1297007321_0,3,3,3,3,0
270298919_27362917_0,3,2,2,2,-1
270298919_270298916_0,3,2,2,2,-1
270322649_2209140020_0,2,2,2,2,0
270323473_206189057_0,3,3,2,2,-1
270323500_29980154_0,3,3,3,3,0
270323500_4308368197_0,2,2,2,2,0
270323500_26574295_0,4,3,3,3,-1
270323523_192305063_0,3,3,2,3,0
270323523_192305061_0,3,3,3,3,0
270323524_4308368197_0,3,3,3,3,0
270323524_1956845887_0,1,2,2,3,2
270323532_270323524_0,2,3,2,3,1
270323532_270323662_0,1,2,3,2,1
270323537_270323532_0,3,3,2,3,0
270323537_270323551_0,3,3,2,3,0
270323551_270323562_0,3,3,3,3,0
270323551_270323562_1,1,3,3,3,2
270323551_270323537_0,3,3,2,3,0
270323560_1104884203_0,3,3,3,3,0
270323560_270323562_0,3,3,3,3,0
270323561_1104884201_0,4,3,3,3,-1
270323561_206273189_0,4,3,3,3,-1
270323562_270323551_0,3,3,3,3,0
270323562_270323551_1,1,3,3,3,2
270323562_270323560_0,3,3,3,3,0
270323662_270323532_0,1,2,2,2,1
270323662_270323537_0,3,3,3,3,0
270323663_270323662_0,3,3,2,3,0
270323663_192305070_0,3,3,3,3,0
270323663_192305063_0,3,3,2,3,0
270323663_2621348580_0,2,2,2,2,0
270473915_26022694_0,4,3,3,3,-1
270473915_25327119_0,4,3,3,3,-1
270492131_1967907778_0,3,3,2,3,0
270492131_26584165_0,3,3,2,3,0
270492131_270492135_0,3,3,2,2,-1
270492135_1967907778_0,3,3,2,3,0
270492135_270492131_0,3,3,2,2,-1
270492135_26584163_0,3,3,2,3,0
270733389_25310911_0,3,3,3,3,0
270733389_1400710127_0,4,3,3,3,-1
271151916_11470215275_0,3,3,3,3,0
271151916_8087837589_0,3,3,3,3,0
271151916_1028380043_0,3,3,3,3,0
271415805_25334340_0,3,3,3,3,0
273216478_26106451_0,4,3,3,3,-1
273216478_12946029718_0,4,3,3,3,-1
273216489_12946029730_0,3,3,3,3,0
273218195_273218201_0,3,3,3,3,0
273218201_959373590_0,3,3,2,3,0
273218201_26106449_0,3,3,2,3,0
276635164_277046124_0,2,3,2,3,1
276635164_8831416864_0,3,3,3,2,-1
277045916_277045917_0,2,3,2,3,1
277045916_25450966_0,2,3,3,3,1
277045917_2087284322_0,2,3,3,3,1
277045917_276635164_0,3,3,2,3,0
277046124_26059236_0,2,3,3,3,1
283325403_25468215_0,4,3,3,4,0
283325403_26115845_0,3,3,3,3,0
283325404_283326996_0,4,3,4,3,-1
283325404_26120302_0,3,3,3,3,0
283326996_25468228_0,3,3,3,3,0
283326996_283325404_0,4,3,4,3,-1
286483707_25452884_0,3,3,2,2,-1
286483713_21604559_0,4,3,3,3,-1
286483713_25468305_0,4,3,3,3,-1
293177597_1382687432_0,3,2,2,2,-1
293177597_4741814127_0,3,2,2,2,-1
293177597_361643451_0,2,2,2,2,0
293585811_293585812_0,2,3,3,3,1
293585811_7300867_0,3,3,4,3,0
293585812_293585811_0,2,3,3,3,1
302790938_13176504302_0,3,3,3,3,0
302790938_83650885_0,3,3,2,2,-1
303502397_3728703095_0,4,3,4,4,0
303505093_32650997_0,4,3,3,3,-1
303505093_54150955_0,3,3,3,3,0
303507015_303505093_0,4,3,3,3,-1
313690625_792818869_0,2,3,3,3,1
318711366_318711370_0,2,3,3,3,1
318711366_25450957_0,2,3,2,3,1
318711370_25450965_0,2,3,3,3,1
320914981_25306178_0,4,3,3,3,-1
320914981_9681597415_0,3,3,3,3,0
322191108_2302760542_0,3,3,3,3,0
322191108_35213518_0,3,3,3,3,0
322191108_31917854_0,3,3,3,3,0
322191108_1513320539_0,3,3,3,3,0
322191190_322191195_0,3,3,3,3,0
322191190_1513320567_0,3,3,3,3,0
322191195_322191200_0,3,3,3,3,0
322191195_322191190_0,3,3,3,3,0
322191200_35221958_0,1,3,3,3,2
322191200_322191204_0,3,3,3,3,0
322191200_322191195_0,3,3,3,3,0
322191204_1513320571_0,3,3,3,3,0
322191204_36855707_0,3,3,3,3,0
322191204_322191200_0,3,3,3,3,0
322191223_1171868956_0,3,3,2,2,-1
324281474_26084472_0,3,3,2,2,-1
324281474_26120299_0,3,3,3,3,0
324281474_36843098_0,3,3,3,3,0
324451922_2441147824_0,4,3,3,3,-1
324451922_998858998_0,4,3,3,3,-1
324451947_2372905137_0,4,3,3,4,0
324451947_31922933_0,4,3,3,3,-1
324458557_13180260084_0,3,3,3,3,0
324458557_26597597_0,4,3,3,3,-1
324458557_2306955061_0,4,3,3,3,-1
324458571_2230337405_0,2,1,2,2,0
324782808_82654496_0,3,3,3,3,0
324782812_82654500_0,3,3,3,3,0
324788955_324788956_0,4,3,3,3,-1
324788955_35441009_0,4,3,3,3,-1
324788956_324788955_0,4,3,3,3,-1
324788956_35441011_0,3,3,3,3,0
324802532_83700578_0,4,3,3,3,-1
324805474_35393053_0,3,3,3,3,0
324805474_83650876_0,2,3,2,3,1
324805478_83690518_0,2,3,2,2,0
325213175_325213179_0,2,3,2,2,0
325213175_25303806_0,2,3,2,2,0
325213179_26155540_0,4,3,3,3,-1
325213183_325213187_0,2,3,2,2,0
325213183_26155538_0,4,3,3,3,-1
325213187_325213183_0,2,3,2,2,0
325772328_26155528_0,2,3,2,2,0
325772328_325772334_0,2,3,2,2,0
325772334_325772328_0,2,3,2,2,0
325772567_325772576_0,2,2,1,2,0
325772567_25611400_0,2,2,3,2,0
325772567_26155380_0,2,3,2,2,0
325772576_325772567_0,2,2,1,2,0
331362187_32651003_0,4,3,3,3,-1
331362187_7531586194_0,4,3,3,3,-1
347712111_8821236058_0,4,3,3,3,-1
349323431_252156006_0,4,3,3,3,-1
349323431_252155997_0,4,3,3,3,-1
349326455_1501001039_0,3,3,2,2,-1
349326455_35335888_0,3,3,2,2,-1
349326455_4002438195_0,3,3,2,2,-1
349326546_349326552_0,3,3,2,2,-1
349326546_83761715_0,3,3,3,3,0
349326546_35335888_0,3,3,2,3,0
349326552_349326546_0,3,3,2,2,-1
350344029_8087837595_0,3,3,3,3,0
350344029_1335415565_0,3,3,3,3,0
352752301_286483707_0,3,3,2,2,-1
354721858_766724345_0,2,3,2,3,1
354721858_193547599_0,3,3,3,3,0
354721858_354721859_0,3,3,2,3,0
354721859_354721858_0,3,3,2,3,0
354721859_3928535924_0,2,3,2,3,1
354721859_683130949_0,3,3,3,3,0
354721865_2407541523_0,4,3,3,3,-1
354721865_683130949_0,3,3,3,3,0
354721865_193640963_0,4,3,3,3,-1
354723511_354723512_0,3,2,2,3,0
354723511_192400916_0,3,3,3,3,0
354723511_766724345_0,3,3,3,2,-1
354723512_354723523_0,3,2,2,2,-1
354723512_354723520_0,2,2,2,3,1
354723512_354723511_0,3,2,2,3,0
354723520_193594802_0,2,2,2,3,1
354723520_354723512_0,2,2,2,3,1
354723523_354723526_0,3,2,2,3,0
354723523_354723525_0,2,2,2,2,0
354723525_354723523_0,2,2,2,2,0
354723525_354723520_0,2,2,2,2,0
354723526_354723525_0,2,2,2,1,-1
354723526_766724350_0,2,2,2,3,1
361643451_36163534_0,3,3,3,3,0
361643451_8207493_0,3,3,3,3,0
362076524_26033322_0,4,3,3,3,-1
362076524_26086273_0,3,3,3,3,0
362076524_26033323_0,2,3,3,3,1
362076524_26033324_0,4,3,3,3,-1
365086531_26155370_0,3,3,2,3,0
365086537_365086531_0,3,3,2,3,0
365086537_26155370_0,3,3,2,3,0
365117223_26464311_0,3,3,3,3,0
365117223_365117235_0,3,3,2,3,0
365117230_26464252_0,3,3,2,2,-1
365117230_8164417159_0,3,3,4,3,0
365117230_365117238_0,3,3,2,2,-1
365117235_365117223_0,3,3,2,3,0
365117238_365117230_0,3,3,2,2,-1
373205533_130144290_0,1,3,2,2,1
373205533_373205537_0,1,3,2,3,2
373205537_373205533_0,1,3,2,3,2
373205537_373344986_0,1,3,2,3,2
373344986_373205537_0,1,3,2,3,2
376378078_26035131_0,3,3,3,3,0
376378078_8832666439_0,4,3,3,3,-1
376961302_26315034_0,4,3,3,3,-1
376961302_8838192634_0,3,3,3,4,1
378175582_26291349_0,4,3,3,3,-1
378212455_1678246930_0,3,3,3,3,0
382011402_21992645_0,4,3,3,3,-1
382011402_382011406_0,4,3,4,3,-1
382011406_21855792_0,4,3,3,3,-1
384959104_25468090_0,4,3,3,3,-1
384959104_382011402_0,4,3,3,3,-1
384969605_242163341_0,3,3,3,3,0
384969605_191988291_0,3,3,3,3,0
388568803_325213183_0,4,3,3,3,-1
388568803_26155498_0,3,3,3,2,-1
394573341_1566655370_0,2,2,2,3,1
394625990_2813114176_0,3,3,2,3,0
409269451_8149426950_0,3,3,3,3,0
409269451_5456383765_0,3,3,3,3,0
409269452_8149426950_0,2,3,3,3,1
409269455_415638612_0,4,3,3,3,-1
409269455_26132251_0,2,3,3,3,1
409269455_415904109_0,4,3,3,3,-1
412247882_12046689741_0,4,3,3,3,-1
412247882_13203497040_0,4,3,3,3,-1
412291343_612951571_0,3,3,3,3,0
412291343_25499151_0,3,3,3,3,0
415638612_409269455_0,4,3,3,3,-1
415638612_25471053_0,4,3,3,3,-1
415904109_93856105_0,4,3,3,3,-1
415904109_415904110_0,3,3,3,3,0
415904109_409269455_0,4,3,3,3,-1
415904110_415904109_0,3,3,3,3,0
421813471_769175531_0,3,3,2,2,-1
421813471_21674920_0,3,3,3,3,0
434308458_25303801_0,3,3,3,3,0
434308458_26570169_0,4,3,3,3,-1
444667873_796917509_0,2,3,4,3,1
444667873_195250_0,3,3,3,3,0
458892770_27362272_0,3,2,3,3,0
458892770_458892771_0,2,3,3,3,1
458892771_458892770_0,2,3,3,3,1
459797860_25321687_0,1,3,3,3,2
459797860_251047560_0,3,3,3,3,0
459797860_1682387599_0,2,3,3,3,1
459797864_26317246_0,2,3,2,2,0
459797864_6176375685_0,2,3,2,2,0
462923907_462923959_0,3,3,2,2,-1
462923907_1562156928_0,3,2,2,2,-1
462923959_463206232_0,2,1,2,2,0
462923959_463206235_0,2,1,2,2,0
462923959_462923907_0,3,3,2,2,-1
462923973_463206235_0,2,1,2,2,0
463206232_462923959_0,2,1,2,2,0
463206232_463290454_0,2,1,1,2,0
463206232_463213236_0,2,1,2,2,0
463206235_463290454_0,2,1,2,2,0
463206235_462923959_0,2,1,2,2,0
463206235_462923973_0,2,1,2,2,0
463213236_463206232_0,2,1,2,2,0
463290454_463290496_0,2,1,2,2,0
463290454_463206232_0,2,1,1,2,0
463290454_463206235_0,2,1,2,2,0
463290496_463290454_0,2,1,2,2,0
465470608_465470622_0,2,2,2,2,0
465470622_465470608_0,2,2,2,2,0
471133020_21717943_0,1,3,2,2,1
471133022_21717932_0,3,3,3,3,0
471133022_21717939_0,3,3,3,3,0
471133022_471133023_0,2,3,3,3,1
471133023_471133022_0,2,3,3,3,1
474605974_474605980_0,3,3,3,3,0
474605974_25321304_0,1,3,3,3,2
474605980_474605974_0,3,3,3,3,0
474605986_474605980_0,3,3,3,3,0
474605986_21993017_0,4,4,4,4,0
475003534_25334263_0,3,3,3,3,0
479185290_479185301_0,3,3,3,3,0
479185290_25173835_0,3,3,3,3,0
479185301_479185309_0,3,3,2,2,-1
479185301_479185290_0,3,3,3,3,0
479185303_479185309_0,3,3,2,3,0
479185303_479185290_0,2,3,3,3,1
479185309_495424862_0,2,3,3,3,1
479185309_479185301_0,3,3,2,2,-1
480971528_25499153_0,3,3,3,3,0
492424673_21510484_0,2,3,2,3,1
492424673_13386275426_0,2,1,2,3,1
492424673_21510491_0,3,1,2,3,0
492460101_8433940_0,1,3,3,3,2
493545513_25470101_0,3,1,3,3,0
494425777_35218655_0,2,3,3,3,1
494425777_1975462251_0,2,3,2,2,0
495424862_25175778_0,2,3,3,3,1
495424862_500434722_0,2,3,3,2,0
495424862_479185309_0,2,3,3,3,1
495424862_479185303_0,2,3,3,2,0
500434722_495424862_0,2,3,3,2,0
500434722_26086288_0,2,3,3,3,1
500434722_25175764_0,3,3,3,3,0
504557626_504557631_0,3,2,2,2,-1
504557626_8433940_0,3,3,2,3,0
504557631_492460101_0,2,2,2,2,0
504557631_12253467275_0,2,3,2,2,0
522100855_6185336869_0,2,3,3,2,0
522100855_195271_0,2,3,2,2,0
528993508_1988830557_0,3,3,3,3,0
528993508_34387221_0,4,3,3,3,-1
528993516_25319178_0,3,3,3,3,0
528993516_1988830557_0,3,3,3,3,0
528993516_25932614_0,3,3,3,3,0
529122835_35224293_0,2,3,2,3,1
529913055_206188664_0,2,2,2,2,0
554199956_554199961_0,2,3,3,3,1
554199956_25327127_0,4,3,3,3,-1
554199961_25316263_0,2,3,3,3,1
554237881_4968768578_0,4,3,3,3,-1
554237881_569061957_0,3,3,3,3,0
554237881_26084660_0,4,3,3,3,-1
564782189_27362898_0,1,3,3,3,2
565368324_21993013_0,2,3,3,3,1
565368324_21992981_0,2,3,3,3,1
565375197_26317248_0,4,3,3,3,-1
565375197_1682387615_0,2,3,3,3,1
565375197_26125366_0,4,3,3,3,-1
565447495_25450963_0,3,3,2,3,0
565447495_565447496_0,3,3,3,3,0
565447496_25450959_0,3,3,2,3,0
567809298_3002320972_0,2,3,2,2,0
567871880_8393613661_0,3,3,3,3,0
567871880_3002320972_0,3,3,3,2,-1
567871880_567871882_0,2,3,2,1,-1
567871882_567871880_0,2,3,2,1,-1
567871882_567871887_0,2,3,2,3,1
567871885_26084483_0,2,3,2,2,0
567871885_26084475_0,2,3,2,2,0
567871887_567871882_0,2,3,2,3,1
567871887_567871891_0,3,3,1,2,-1
567871889_26084483_0,3,3,2,2,-1
567871889_567871891_0,3,3,2,3,0
567871889_567871890_0,2,3,1,2,0
567871890_1301805013_0,2,3,2,1,-1
567871891_567871889_0,3,3,2,3,0
567871891_567871887_0,3,3,1,2,-1
567871891_1445329952_0,2,3,3,2,0
568297644_32533203_0,2,2,2,3,1
569050800_26084717_0,3,1,2,2,-1
569061956_26120306_0,4,3,3,3,-1
569061956_569061957_0,4,3,3,3,-1
569061957_25468219_0,4,3,4,3,-1
569061957_569061956_0,4,3,3,3,-1
570764061_26289593_0,3,3,3,3,0
570764061_26289580_0,2,3,3,3,1
571794836_8794404140_0,3,3,3,3,0
571794836_6918506361_0,3,3,3,3,0
598174281_26289580_0,2,3,2,2,0
598174281_26289590_0,2,3,2,2,0
598174281_598174386_0,2,3,2,2,0
598174386_26289581_0,2,3,2,2,0
598174386_26289584_0,2,3,2,2,0
598174386_598174281_0,2,3,2,2,0
600734173_4675415578_0,4,3,3,3,-1
600734173_11917574941_0,3,3,3,3,0
600816158_26084661_0,4,4,3,3,-1
600816158_600816161_0,3,4,4,4,1
600816158_8764216683_0,4,4,4,4,0
600816161_25499161_0,4,4,4,4,0
600873562_25549075_0,4,4,4,4,0
600873562_27359746_0,3,3,3,3,0
600873562_27359753_0,4,3,3,4,0
601393134_173030870_0,4,3,3,3,-1
611630141_195256_0,4,4,3,4,0
611630141_1468747927_0,4,4,4,3,-1
612426770_25306186_0,3,3,3,3,0
612951571_8771456495_0,3,3,3,4,1
624172842_25610774_0,4,3,3,3,-1
624172842_26464257_0,3,3,2,3,0
624172842_26463665_0,4,3,3,3,-1
624172864_26155475_0,3,3,2,2,-1
624172864_25303807_0,4,3,3,3,-1
624172886_26149147_0,3,3,3,3,0
637043151_26084600_0,3,1,2,2,-1
639533077_26289584_0,2,3,2,2,0
639533077_26289590_0,2,3,2,2,0
639567628_695208116_0,3,3,3,3,0
639567628_21604553_0,4,3,3,3,-1
640541652_25336254_0,4,3,3,4,0
644880770_21604600_0,4,3,3,4,0
653293588_26084554_0,3,3,2,3,0
653293588_26084497_0,4,3,3,3,-1
653293588_26084608_0,4,3,3,3,-1
654019202_25471074_0,3,3,3,3,0
654019202_984186473_0,3,3,3,3,0
663650062_26058148_0,3,3,3,3,0
663650062_663650206_0,3,3,3,3,0
663650132_663650175_0,2,3,3,3,1
663650132_26058158_0,3,3,3,3,0
663650175_277045916_0,2,3,3,3,1
663650206_26058690_0,3,3,3,3,0
663650234_26058664_0,2,3,3,2,0
663650280_25337459_0,3,3,3,3,0
663650280_24009837_0,4,4,4,3,-1
673414894_206228620_0,2,2,1,0,-2
683130949_354721865_0,3,3,3,3,0
683130949_193547599_0,3,3,3,3,0
683130949_354721859_0,3,3,3,3,0
695208116_761253220_0,3,3,3,2,-1
704420283_193556833_0,3,2,1,1,-2
712909224_25312144_0,4,3,3,3,-1
712909224_25312137_0,4,3,3,3,-1
712909224_1085295539_0,4,3,3,3,-1
712926919_6588120227_0,2,3,3,3,1
712926919_35678468_0,3,3,3,3,0
712926919_27487299_0,3,3,3,3,0
726655170_13125812950_0,3,3,3,3,0
728283326_728283328_0,2,3,2,3,1
728283326_26009822_0,3,3,3,3,0
728283328_8831659639_0,3,3,3,3,0
730804047_25620809_0,3,3,3,3,0
730804047_7554999969_0,3,3,2,3,0
746310128_244419508_0,4,3,3,3,-1
746310128_26052732_0,4,3,3,3,-1
761253220_25319194_0,3,3,3,3,0
766724345_193640963_0,3,3,3,3,0
766724345_354721858_0,2,3,2,3,1
766724345_354723511_0,3,3,2,2,-1
766724350_193594802_0,2,3,3,3,1
766724350_193556734_0,2,3,3,3,1
766724350_354723526_0,2,2,2,3,1
767472407_193556833_0,2,1,2,2,0
767485175_3803779330_0,2,3,2,2,0
767485175_767485184_0,2,3,2,2,0
767485175_4670515495_0,3,3,3,3,0
767485184_192942533_0,3,3,3,3,0
767485184_767485175_0,2,3,2,2,0
767485184_192942470_0,3,3,2,3,0
769175531_421813471_0,3,3,2,2,-1
769175574_421813471_0,2,3,2,2,0
769175574_13077513238_0,2,2,2,2,0
775494838_158244562_0,2,1,2,2,0
775581408_25149512_0,3,3,3,3,0
775581409_775581412_0,4,3,3,3,-1
775581412_103794940_0,4,3,3,3,-1
775581412_775581417_0,4,3,3,3,-1
775581417_775581408_0,3,3,3,3,0
775581417_775581409_0,3,3,3,3,0
779459233_1513320539_0,3,3,3,3,0
779459233_35213523_0,3,3,3,3,0
779459233_1513320537_0,3,3,3,3,0
792818869_1819177531_0,3,3,3,3,0
792818869_313690625_0,2,3,3,3,1
796917475_18697400_0,2,3,3,3,1
796917509_25337452_0,2,3,3,3,1
796917509_8244994756_0,2,3,3,3,1
796918086_1475230728_0,3,3,3,2,-1
796918086_1475230723_0,3,3,3,3,0
821517829_821518051_0,3,3,3,3,0
821517829_8358135_0,4,4,4,3,-1
821518051_26054497_0,3,4,3,3,0
828689641_193556833_0,2,2,2,2,0
828689641_828689708_0,2,3,2,3,1
828689641_4945814675_0,2,2,2,2,0
828689708_828689641_0,2,3,2,3,1
828689708_828689641_1,3,2,2,2,-1
828689708_2320137738_0,2,3,3,3,1
828689708_4945814674_0,2,2,2,2,0
829114756_829114772_0,2,1,2,2,0
829114756_34815650_0,2,2,2,2,0
829114756_5947881174_0,2,1,1,2,0
829114756_829114764_0,2,2,2,2,0
829114764_829114756_0,2,2,2,2,0
829114764_34815652_0,3,3,2,3,0
829114764_829114765_0,2,1,2,1,-1
829114765_829114764_0,2,1,2,1,-1
829114772_829114756_0,2,1,2,2,0
829114772_831557303_0,3,1,2,2,-1
829114775_5947881174_0,2,1,1,1,-1
829528478_24485759_0,4,4,4,3,-1
829528479_829528478_0,4,4,4,3,-1
829528480_195232_0,4,4,3,3,-1
831557303_27487299_0,3,3,3,3,0
831557317_958117950_0,4,3,3,3,-1
831557317_27503214_0,4,3,3,3,-1
831557378_831557317_0,4,3,3,3,-1
832449658_4619742911_0,4,3,3,3,-1
832449658_832449690_0,4,3,3,3,-1
832449681_35960758_0,4,3,3,3,-1
832449681_262860522_0,4,3,3,3,-1
832449686_35960758_0,4,3,3,3,-1
832449690_832449681_0,4,3,3,3,-1
832449690_4619742911_0,4,3,3,3,-1
836850031_2512682731_0,3,3,3,3,0
836850034_836850031_0,3,4,3,3,0
836850034_1313906691_0,4,4,3,3,-1
838347881_838347933_0,3,4,3,4,1
838347915_23669387_0,3,3,3,3,0
838347915_24484923_0,2,3,2,2,0
838347919_24484941_0,2,3,2,3,1
838347919_838347881_0,4,3,3,3,-1
838347921_26480607_0,3,4,3,3,0
838347933_838347921_0,3,4,3,3,0
838347933_918297329_0,3,4,3,3,0
843129903_59640013_0,4,3,3,3,-1
843129903_11220462278_0,2,3,3,3,1
843129903_59640254_0,4,3,3,3,-1
864608478_26149159_0,3,3,3,3,0
864608478_26149164_0,3,2,2,2,-1
868438829_26155375_0,3,3,2,3,0
868450596_26480182_0,4,3,3,4,0
868450596_35291282_0,4,3,3,3,-1
868450680_868450596_0,4,3,3,4,0
868450680_26740270_0,4,3,3,3,-1
868450830_26726769_0,4,3,3,3,-1
868450830_31923945_0,3,3,3,3,0
891129815_25624143_0,3,3,3,2,-1
891129815_891129825_0,3,3,3,3,0
891129818_25624144_0,3,3,3,3,0
891129818_891129815_0,3,3,3,3,0
891129825_25624160_0,3,3,4,4,1
891129825_8168902712_0,4,3,3,3,-1
918297329_24809679_0,3,3,3,3,0
918297329_838347921_0,3,4,3,3,0
928170072_25468218_0,4,3,3,3,-1
928170072_25468217_0,4,3,3,3,-1
932576340_8087899721_0,4,3,3,4,0
932576342_8087899724_0,3,3,3,3,0
932576343_21714980_0,4,3,3,3,-1
937080671_29980142_0,2,3,3,3,1
958040717_22216548_0,4,4,3,4,0
958117915_829528479_0,3,3,4,3,0
958117915_5706947070_0,2,3,2,3,1
958117950_33255445_0,4,3,3,3,-1
959373323_1468502076_0,3,3,3,3,0
959373323_959373476_0,4,3,3,3,-1
959373323_26480370_0,4,4,3,3,-1
959373357_959373509_0,4,4,3,3,-1
959373366_273218195_0,3,3,3,3,0
959373366_959373590_0,4,3,3,3,-1
959373366_1845251154_0,4,3,3,3,-1
959373377_26583858_0,3,3,2,3,0
959373377_25743306_0,3,3,2,3,0
959373467_26106449_0,3,3,3,3,0
959373467_959373590_0,4,3,3,3,-1
959373467_12946029718_0,3,3,3,3,0
959373476_7469501_0,4,4,3,3,-1
959373498_273216478_0,4,3,3,3,-1
959373498_12942464148_0,4,3,3,3,-1
959373509_26016378_0,4,4,3,3,-1
959373509_1029524866_0,3,3,3,3,0
959373590_959373366_0,4,3,3,3,-1
959373590_12946029730_0,4,3,3,3,-1
959373590_959373467_0,4,3,3,3,-1
959438333_9218729159_0,4,4,3,3,-1
967133152_18697415_0,4,4,3,3,-1
974116096_974116113_0,3,3,3,3,0
974116109_8753184569_0,4,4,3,3,-1
974116109_974116113_0,3,3,3,3,0
974116113_974116096_0,3,3,3,3,0
974116113_27359810_0,3,3,3,3,0
974116113_974116109_0,3,3,3,3,0
975232215_6280901389_0,4,4,4,4,0
975656240_25258525_0,3,3,2,2,-1
975656240_7262708549_0,3,3,2,2,-1
975886496_26033323_0,3,3,3,3,0
975886496_6185376346_0,3,3,3,3,0
975886496_26033324_0,3,3,3,3,0
980961157_980961478_0,3,3,2,3,0
980961157_165860035_0,4,3,3,3,-1
980961157_165860094_0,4,3,3,3,-1
980961292_980961326_0,3,3,2,2,-1
980961326_980961292_0,3,3,2,2,-1
980961326_980961403_0,3,3,2,2,-1
980961334_980961403_0,3,3,3,3,0
980961334_165860094_0,3,3,2,3,0
980961403_980961478_0,3,3,2,2,-1
980961403_980961326_0,3,3,2,2,-1
980961478_165860107_0,3,3,2,2,-1
980961478_980961157_0,3,3,2,3,0
984186416_25471074_0,3,3,3,3,0
984186416_26132210_0,3,3,3,3,0
984186436_8887828392_0,4,3,3,3,-1
984186437_984186436_0,3,3,3,3,0
984186437_8168938357_0,3,3,3,3,0
984186472_25471730_0,4,3,3,3,-1
984186473_984186472_0,3,3,3,3,0
984186473_8168938359_0,3,3,3,3,0
987974102_130143380_0,3,3,3,3,0
987974102_36855706_0,3,3,3,3,0
988334554_191918607_0,3,3,3,3,0
988334561_191918612_0,2,3,3,3,1
991648001_25258530_0,3,3,4,3,0
993523742_35222919_0,2,3,2,2,0
993523742_35222952_0,1,3,2,2,1
998858998_12616427837_0,4,3,3,3,-1
998858998_324451922_0,4,3,3,3,-1
998858998_998859048_0,3,3,3,2,-1
998859048_998858998_0,3,3,3,2,-1
998859048_35210587_0,3,3,3,2,-1
1011010986_25327140_0,4,3,3,3,-1
1026030476_2587605830_0,4,3,3,3,-1
1026030476_8149518874_0,3,3,3,3,0
1026166670_25319181_0,4,3,3,3,-1
1026166670_25310905_0,3,3,3,3,0
1026456196_8820578231_0,4,3,3,3,-1
1026456196_347712111_0,4,3,3,3,-1
1026456196_8814683278_0,4,3,3,3,-1
1026456214_26108005_0,4,3,3,3,-1
1026456214_10100374427_0,3,3,3,3,0
1026456304_25632869_0,4,3,3,3,-1
1026456304_8821236057_0,4,3,3,3,-1
1026456311_8814402873_0,3,3,3,3,0
1026456311_26289489_0,3,3,3,3,0
1028320700_27362558_0,4,3,3,3,-1
1028380043_8087802997_0,4,3,3,3,-1
1028380059_25624666_0,3,3,3,3,0
1028380059_8087821651_0,3,3,3,3,0
1029435020_16564364_0,4,3,4,4,0
1029435116_25632869_0,4,3,3,3,-1
1029435143_1375748677_0,4,3,3,3,-1
1029506954_33252250_0,4,3,3,3,-1
1029524866_1029524884_0,3,3,2,3,0
1029524884_21597593_0,3,3,3,3,0
1029524884_21597590_0,3,1,2,3,0
1029591870_21604594_0,4,3,4,4,0
1032776486_868450596_0,4,3,3,3,-1
1032776486_26480182_0,4,3,3,3,-1
1034922644_35216590_0,3,3,3,3,0
1034922644_9362515477_0,3,3,3,3,0
1035871834_25152928_0,3,3,3,3,0
1035871834_18697385_0,3,3,3,3,0
1035871899_25499134_0,3,3,3,3,0
1035871899_25153067_0,3,3,3,4,1
1036025279_26053570_0,2,3,2,3,1
1036025279_26079707_0,3,3,2,2,-1
1036842114_2841904730_0,4,4,3,3,-1
1036842184_25306024_0,2,3,3,3,1
1036842184_15925438_0,3,3,3,3,0
1036842321_25258741_0,3,3,3,3,0
1036842321_4892381215_0,4,3,3,3,-1
1037249830_26009844_0,3,3,3,3,0
1037249830_26057013_0,3,3,3,3,0
1037257409_1037257425_0,3,1,3,3,0
1037257423_24810638_0,4,4,3,4,0
1037257423_195231_0,4,4,4,3,-1
1037257423_26575616_0,4,4,4,4,0
1037257425_1037257409_0,2,1,2,2,0
1037257431_1037257439_0,3,3,2,3,0
1037257431_24809692_0,3,3,3,3,0
1037257437_26575615_0,4,3,3,3,-1
1037257437_1037257442_0,4,3,3,3,-1
1037257439_24809679_0,3,3,2,3,0
1037257439_24809692_0,3,3,2,3,0
1037257442_26575615_0,4,4,3,3,-1
1039285693_226202090_0,3,3,3,3,0
1039285693_8088285556_0,4,3,3,3,-1
1039285712_25152616_0,3,3,3,3,0
1042501483_27362272_0,4,3,3,3,-1
1042501525_4756679808_0,4,3,3,3,-1
1042749170_25316191_0,3,3,3,3,0
1042749196_25327132_0,3,3,3,3,0
1042749228_25316399_0,2,3,2,3,1
1042749232_7469500_0,4,4,4,4,0
1042749232_8274304171_0,4,3,4,3,-1
1042749273_1042749277_0,4,3,3,3,-1
1042749273_25316257_0,3,3,3,3,0
1042749277_1042749384_0,4,3,3,3,-1
1042749303_9499384367_0,3,3,3,3,0
1042749303_1042749273_0,4,3,3,3,-1
1042749309_21674809_0,3,3,2,3,0
1042749384_1042749232_0,4,4,4,3,-1
1042749613_25316187_0,3,3,3,2,-1
1044597132_26597601_0,4,3,3,3,-1
1047333069_6322684553_0,3,3,3,3,0
1048056117_192085382_0,3,3,2,1,-2
1048058586_192085381_0,2,3,2,2,0
1048058586_243786720_0,3,3,2,3,0
1049498000_6900796839_0,4,4,3,3,-1
1049498000_26723896_0,3,3,3,3,0
1051082303_26009778_0,3,3,2,3,0
1051082303_26009776_0,2,3,2,2,0
1051082321_26336373_0,3,3,2,3,0
1056701798_26731893_0,3,3,3,3,0
1085295539_1301750261_0,4,3,3,3,-1
1085295539_34820017_0,4,3,3,4,0
1085295539_712909224_0,4,3,3,3,-1
1102932059_35964716_0,2,3,2,2,0
1104884201_3760583994_0,3,3,3,3,0
1104884203_1104884201_0,3,3,3,3,0
1104884203_270323561_0,3,3,3,3,0
1104884206_1104884203_0,3,3,3,3,0
1104884206_270323560_0,3,3,3,3,0
1106667340_33254090_0,4,3,4,3,-1
1106667340_1106667365_0,4,3,3,4,0
1106667365_16566904_0,4,3,3,3,-1
1106667365_5383127261_0,4,3,3,3,-1
1106667365_33254619_0,4,3,3,3,-1
1126334635_22145874_0,4,3,4,3,-1
1126334642_25248947_0,4,3,4,4,0
1126334642_22145874_0,4,3,4,3,-1
1126341696_33256996_0,4,4,3,4,0
1126341696_26340341_0,4,4,3,3,-1
1148982717_1148982730_0,4,3,3,2,-2
1148982717_25495299_0,3,3,3,2,-1
1148982723_1148982730_0,3,3,3,2,-1
1148982723_25495299_0,3,3,3,2,-1
1148982723_21789166_0,3,3,3,2,-1
1148982729_1148982743_0,3,3,3,3,0
1148982730_3404990017_0,4,3,3,2,-2
1148982742_1148982743_0,3,3,3,3,0
1148982742_25495294_0,4,4,3,3,-1
1148982742_195246_0,3,3,3,3,0
1148982743_1148982717_0,3,3,3,2,-1
1156367438_21717905_0,2,3,2,3,1
1161960871_8148599279_0,3,3,3,3,0
1161960871_21717915_0,2,3,2,2,0
1167755955_26584186_0,3,1,2,3,0
1171867296_13674176854_0,3,3,3,3,0
1171867296_322191195_0,3,3,2,3,0
1171867500_130144381_0,3,3,2,2,-1
1171867500_252502656_0,2,3,2,2,0
1171867500_130143406_0,3,3,2,2,-1
1171868102_1171869035_0,3,3,3,3,0
1171868102_1171867296_0,3,3,3,3,0
1171868956_35291698_0,3,3,2,2,-1
1171868956_130143380_0,3,3,3,3,0
1171868956_322191223_0,3,3,2,2,-1
1171868956_130144266_0,2,3,2,2,0
1171869035_130143417_0,3,2,3,3,0
1171869035_1171868102_0,3,3,3,3,0
1171869062_1171868102_0,3,3,3,3,0
1177532048_1177532202_0,2,3,2,3,1
1177532202_21510484_0,2,3,3,3,1
1177532202_21510476_0,2,3,3,3,1
1177532202_1177532048_0,2,3,2,3,1
1201354422_8148638868_0,3,3,3,3,0
1201354422_12672628783_0,3,3,3,3,0
1201354425_21717939_0,3,3,3,3,0
1201354425_8798316218_0,4,3,3,4,0
1201354435_21717930_0,3,3,3,3,0
1201354445_8148638868_0,3,3,3,3,0
1201354445_8148638869_0,3,3,3,3,0
1201354445_1201354422_0,3,3,3,3,0
1234187568_35215561_0,2,2,3,3,1
1234187568_35215578_0,2,2,2,2,0
1250985265_1250985279_0,4,3,4,4,0
1250985265_4801197974_0,4,3,3,3,-1
1250985279_27362912_0,4,3,3,3,-1
1255306647_27362922_0,4,3,3,3,-1
1255306647_25624142_0,2,3,3,3,1
1255306647_6817017634_0,3,3,3,3,0
1259561375_1288817934_0,2,3,2,2,0
1275888709_27504189_0,2,1,3,2,0
1288817934_25335981_0,2,3,2,2,0
1288817934_1259561375_0,2,3,2,2,0
1288817944_25471761_0,3,3,3,3,0
1288817944_8752288920_0,3,3,3,3,0
1291379525_12505754910_0,3,3,3,4,1
1291379525_26059302_0,3,3,3,3,0
1297007321_27362917_0,3,2,2,3,0
1297007321_270298918_0,3,3,3,3,0
1297007330_1297007347_0,2,3,2,2,0
1297007330_1297007338_0,3,3,2,2,-1
1297007338_1297007353_0,2,3,2,2,0
1297007338_27362294_0,3,3,2,2,-1
1297007347_1297007330_0,2,3,2,2,0
1297007353_1297007338_0,2,3,2,2,0
1297040310_25327131_0,2,3,2,3,1
1297040311_1297040310_0,2,3,2,2,0
1297040311_1297040317_0,2,3,2,2,0
1297040313_34385820_0,3,3,3,3,0
1297040317_25327144_0,2,3,2,3,1
1297040317_1297040313_0,2,3,3,3,1
1297040318_554199961_0,3,3,3,3,0
1297040318_21674895_0,4,3,3,3,-1
1297040320_34385832_0,3,3,3,3,0
1297040321_25327138_0,3,3,2,3,0
1297040323_1297040320_0,3,3,3,3,0
1297040327_1297040311_0,2,3,3,3,1
1297040327_25327143_0,3,3,3,3,0
1298421634_21992644_0,3,3,3,2,-1
1301750261_2853496797_0,3,2,3,3,0
1301750261_8791385058_0,3,3,3,3,0
1301750261_1085295539_0,4,3,3,3,-1
1301805013_1301805017_0,2,3,2,1,-1
1301805017_567809298_0,3,3,2,1,-2
1301805017_567871882_0,2,2,2,1,-1
1313906691_836850031_0,3,4,3,3,0
1316035095_26740276_0,4,3,3,3,-1
1328321035_130143409_0,3,3,2,2,-1
1328321035_130144267_0,3,3,2,2,-1
1328321035_130143405_0,2,3,2,2,0
1335415543_1335415610_0,3,2,2,2,-1
1335415543_1335415620_0,3,2,2,1,-2
1335415543_11201758005_0,3,2,2,1,-2
1335415565_1335415641_0,2,3,3,3,1
1335415565_350344029_0,3,3,3,3,0
1335415565_1335415655_0,3,3,3,3,0
1335415566_1335415634_0,2,2,2,2,0
1335415566_1335415625_0,3,3,2,2,-1
1335415566_27362302_0,3,2,2,2,-1
1335415610_1335415543_0,3,2,2,2,-1
1335415620_1335415543_0,3,2,2,1,-2
1335415625_1335415642_0,2,3,2,2,0
1335415625_27362297_0,2,3,3,3,1
1335415625_1335415566_0,3,3,2,2,-1
1335415634_1335415566_0,2,2,2,2,0
1335415641_1335415565_0,2,3,3,3,1
1335415642_1335415625_0,2,3,2,2,0
1335415655_10271302918_0,2,3,3,3,1
1335415655_1335415565_0,3,3,3,3,0
1335415655_27362903_0,3,3,3,3,0
1340052119_35216590_0,3,3,3,3,0
1351109211_25634092_0,4,3,3,3,-1
1351112937_27362287_0,3,3,3,3,0
1351112937_1351112938_0,3,3,3,3,0
1351112938_1351112937_0,3,3,3,3,0
1351112938_27362283_0,3,3,3,3,0
1351112938_10537564454_0,3,3,3,3,0
1352581090_8877564_0,1,2,2,2,1
1352581162_22156849_0,4,3,3,4,0
1352733757_26079689_0,3,3,4,3,0
1352733757_12506959804_0,4,4,4,4,0
1362781021_26023286_0,4,4,3,3,-1
1362781029_1362781021_0,4,4,3,3,-1
1362781029_1438257885_0,4,3,3,4,0
1364923622_3842221809_0,4,3,3,3,-1
1365357449_2576693393_0,3,3,3,2,-1
1367325366_1313906691_0,4,4,3,3,-1
1367543931_1367543980_0,4,3,3,3,-1
1367543931_34648986_0,3,3,3,3,0
1367543980_10889101574_0,3,1,2,2,-1
1367543980_10889101587_0,3,3,3,3,0
1368366537_26035111_0,3,3,3,3,0
1368366537_26035131_0,3,3,3,3,0
1368366540_1368366537_0,3,3,3,3,0
1368366540_26035070_0,4,3,3,3,-1
1368366564_1778350879_0,3,3,3,3,0
1368366564_1368366566_0,4,3,3,3,-1
1368366566_378175582_0,4,3,3,3,-1
1368366566_1368366577_0,4,3,3,3,-1
1368366577_26035011_0,4,3,3,3,-1
1368366577_26035018_0,3,3,3,3,0
1368674799_26317257_0,2,3,2,2,0
1368674799_25611428_0,3,3,4,3,0
1368674811_2672660419_0,4,3,2,2,-2
1370403183_12587706741_0,3,2,2,2,-1
1374638719_11959723522_0,4,3,3,3,-1
1374638719_8206700_0,4,3,3,3,-1
1375459139_26132381_0,3,3,3,3,0
1375459139_26132218_0,3,3,3,3,0
1375459149_4768526929_0,4,3,3,3,-1
1375459149_1375459139_0,3,3,2,3,0
1381860425_25327146_0,4,3,3,3,-1
1381860425_2450596804_0,4,3,3,3,-1
1381860426_25310902_0,3,3,2,2,-1
1381860427_1381860426_0,3,3,3,3,0
1381860427_25310901_0,3,3,3,3,0
1381860428_25327147_0,3,3,3,3,0
1381860428_1381860425_0,3,3,3,3,0
1381860429_1381860428_0,3,3,3,3,0
1381860429_25327152_0,3,3,3,3,0
1381860430_25310888_0,3,3,3,3,0
1381860430_1381860429_0,3,3,3,3,0
1381860431_25310881_0,2,3,3,3,1
1381860431_1381860430_0,3,3,3,3,0
1382687432_293177597_0,3,2,2,2,-1
1382687432_9213756_0,3,3,2,3,0
1382784520_8148996574_0,4,3,3,3,-1
1382784520_21718297_0,3,3,3,3,0
1383027249_251171098_0,3,3,2,3,0
1384310580_25618436_0,2,3,3,3,1
1384310580_24644347_0,2,3,2,2,0
1389703943_2213746896_0,2,2,2,2,0
1389703943_3819413983_0,2,2,2,2,0
1389703943_1511114282_0,2,2,2,2,0
1392460122_206196131_0,2,2,2,2,0
1393360830_1393360910_0,3,2,3,2,-1
1393360910_25312477_0,3,2,2,3,0
1393360910_1393360830_0,3,2,3,2,-1
1400710127_26035040_0,4,3,3,3,-1
1400710127_25310910_0,3,3,3,3,0
1400900990_187824746_0,1,2,3,2,1
1420701981_1420701982_0,3,3,2,3,0
1420701981_4915696754_0,3,3,2,2,-1
1420701981_1420701986_0,3,3,2,2,-1
1420701982_1420701989_0,3,3,2,3,0
1420701982_1420701981_0,3,3,2,3,0
1420701986_1420701982_0,2,3,2,2,0
1420701989_1420701982_0,3,3,2,3,0
1420701989_4915696753_0,2,3,3,2,0
1438257885_25722293_0,4,3,3,3,-1
1438257885_21674805_0,4,4,3,4,0
1445329952_567871891_0,2,3,3,2,0
1445329952_26120302_0,3,3,3,3,0
1445329952_4985231612_0,2,3,2,2,0
1462053950_1462053984_0,2,3,2,2,0
1462053950_1462053952_0,2,3,2,3,1
1462053950_1462053982_0,2,3,2,2,0
1462053952_1462054021_0,2,3,2,2,0
1462053952_1462053950_0,2,3,2,3,1
1462053952_1462054018_0,2,3,2,3,1
1462053975_11966306052_0,3,3,3,3,0
1462053975_1462054018_0,3,3,2,3,0
1462053975_13626439535_0,4,3,3,3,-1
1462053982_13204220048_0,3,3,3,2,-1
1462053982_1462053950_0,2,3,2,2,0
1462053982_1462054021_0,2,3,2,2,0
1462053982_1462054001_0,2,1,2,2,0
1462053984_1462053950_0,2,3,2,2,0
1462054001_1462053982_0,2,1,2,2,0
1462054011_1462054018_0,3,3,2,2,-1
1462054011_11966306052_0,3,3,2,3,0
1462054011_2812930903_0,2,3,2,2,0
1462054018_1462054011_0,3,3,2,2,-1
1462054018_1462053975_0,3,3,2,3,0
1462054018_1462053952_0,2,3,2,3,1
1462054021_1462053952_0,2,3,2,2,0
1462054021_1462053982_0,2,3,2,2,0
1462054021_3048171911_0,2,1,2,2,0
1463826439_1463826444_0,2,3,3,2,0
1463826444_26079704_0,2,3,2,2,0
1463837288_6135349230_0,3,1,2,2,-1
1463837300_83657546_0,4,3,3,3,-1
1465125837_2108824887_0,3,4,3,3,0
1465125837_25258530_0,2,3,3,3,1
1468502076_26583884_0,3,3,2,2,-1
1468502076_273216489_0,3,3,3,3,0
1468502076_959373323_0,3,3,3,3,0
1468530294_21674906_0,4,4,4,4,0
1468530294_249717503_0,4,4,4,3,-1
1468553178_195222_0,4,4,4,3,-1
1468553178_249717499_0,4,4,4,3,-1
1468553185_7470130_0,4,4,3,3,-1
1468747927_3305876674_0,4,4,4,3,-1
1468747927_195256_0,4,4,4,4,0
1468760675_25622570_0,4,4,4,4,0
1468823679_62026530_0,4,3,3,3,-1
1471824481_1471827637_0,4,4,3,3,-1
1471827637_26480365_0,4,3,3,3,-1
1471827643_26740278_0,4,3,3,3,-1
1472874878_35291702_0,2,1,2,2,0
1475230723_18697411_0,3,3,3,2,-1
1475230723_25153102_0,3,3,3,3,0
1475230727_25153102_0,3,3,3,2,-1
1475230727_25153103_0,3,3,3,3,0
1475230727_18697411_0,3,3,3,2,-1
1475230728_25153076_0,2,3,3,3,1
1485142477_35220554_0,2,2,2,2,0
1489507797_25306163_0,3,3,3,3,0
1489507797_25306162_0,3,3,3,3,0
1501001039_349326455_0,3,3,2,2,-1
1510257225_959373476_0,4,4,4,4,0
1511085512_83774500_0,3,3,3,3,0
1511104884_1511104898_0,3,3,3,3,0
1511104884_8461186035_0,3,3,3,3,0
1511104887_1511104919_0,3,3,3,3,0
1511104898_1511104920_0,3,3,3,3,0
1511104919_1511104921_0,3,3,3,3,0
1511104919_1589147517_0,3,3,3,3,0
1511104920_1511104887_0,3,3,3,3,0
1511104920_192305109_0,3,3,3,3,0
1511104921_1511104884_0,3,3,3,3,0
1511114282_3922348896_0,3,2,2,2,-1
1511114282_3922348891_0,2,2,2,3,1
1511114282_1389703943_0,2,2,2,2,0
1511114293_192305074_0,3,3,3,3,0
1511114293_2213747138_0,3,3,3,3,0
1511114321_2213746896_0,2,2,2,2,0
1511114321_2213746896_1,2,2,2,2,0
1513320536_12616427837_0,3,3,3,3,0
1513320536_1513320537_0,3,3,3,3,0
1513320536_254777155_0,3,3,3,3,0
1513320537_35213506_0,3,3,3,3,0
1513320537_779459233_0,3,3,3,3,0
1513320537_1513320536_0,3,3,3,3,0
1513320539_779459233_0,3,3,3,3,0
1513320539_11014869463_0,3,3,3,3,0
1513320539_322191108_0,3,3,3,3,0
1513320567_13674176854_0,3,3,3,3,0
1513320567_322191190_0,3,3,3,3,0
1513320567_35215566_0,3,3,3,3,0
1513320571_36855706_0,3,3,3,3,0
1513320571_322191204_0,3,3,3,3,0
1513320571_253852358_0,3,3,3,3,0
1519682880_7300862_0,3,3,3,3,0
1519682890_25451454_0,4,4,3,4,0
1519682890_1519682880_0,3,3,3,3,0
1539951654_33126081_0,2,3,2,3,1
1544580676_32533203_0,3,2,2,2,-1
1547919223_1547919290_0,3,2,2,2,-1
1547919290_1547919223_0,3,2,2,2,-1
1554830930_1051082321_0,3,3,3,3,0
1554830930_1798715904_0,3,1,3,3,0
1562156928_9514990301_0,3,2,2,1,-2
1562156928_462923907_0,3,2,2,2,-1
1562156928_6248153590_0,3,2,2,2,-1
1566655370_394573341_0,2,2,2,3,1
1566655370_1566655370_0,2,2,2,2,0
1576919133_2916105775_0,4,3,3,3,-1
1576919133_1577020326_0,4,3,3,3,-1
1577020307_1577020313_0,4,3,3,3,-1
1577020307_1577020309_0,3,3,3,3,0
1577020308_1577020307_0,4,3,3,3,-1
1577020309_1577020313_0,4,3,3,3,-1
1577020309_36163534_0,3,3,3,3,0
1577020313_1577020326_0,4,3,3,3,-1
1577020326_1576919133_0,4,3,3,3,-1
1589098581_1589098634_0,2,2,2,2,0
1589098625_206228632_0,2,2,1,1,-1
1589098625_206228636_0,2,2,1,1,-1
1589098634_1589098634_0,2,2,2,2,0
1589098634_1589098581_0,2,2,2,2,0
1589126697_1589126699_0,2,2,2,2,0
1589126699_1589126697_0,2,2,2,2,0
1589126699_3922348896_0,3,3,2,3,0
1589126699_206227376_0,3,3,3,3,0
1589147517_206227345_0,3,3,3,3,0
1589147517_1511104921_0,3,3,3,3,0
1603856892_640541652_0,3,3,3,3,0
1603856892_25336254_0,4,3,3,3,-1
1605115630_1605115657_0,3,2,2,2,-1
1605115657_1605115630_0,3,2,2,2,-1
1605115657_1605115657_0,2,2,2,2,0
1605115657_1605115657_1,2,2,2,2,0
1606993788_1606993790_0,3,3,2,3,0
1606993788_25327136_0,3,3,3,2,-1
1606993790_25327135_0,2,3,2,2,0
1606993790_1606993792_0,3,3,3,3,0
1606993792_1606993794_0,2,3,3,3,1
1606993792_25319194_0,3,3,3,3,0
1606993796_1606993797_0,3,3,2,2,-1
1606993797_1606993799_0,3,3,3,2,-1
1606993797_25316399_0,3,3,3,2,-1
1606993799_21674801_0,3,3,3,2,-1
1606993799_1606993801_0,2,3,3,3,1
1606993801_25316435_0,2,3,3,3,1
1613055786_2320137734_0,3,2,2,2,-1
1613055789_193556738_0,3,3,2,3,0
1613055789_193556734_0,3,3,3,3,0
1613055789_2320137734_0,3,2,2,2,-1
1643908326_8887828403_0,4,3,3,3,-1
1655658195_25495340_0,3,3,3,4,1
1655683917_60755977_0,3,3,3,3,0
1655683917_4092061493_0,3,3,3,3,0
1678246930_26294955_0,2,3,3,2,0
1678246930_25468020_0,3,3,3,3,0
1678246930_26295043_0,3,3,2,3,0
1678246930_378212455_0,3,3,3,3,0
1682324863_25310907_0,3,3,3,3,0
1682324863_25932614_0,3,3,3,3,0
1682387539_251050862_0,2,3,2,2,0
1682387599_459797860_0,2,3,3,3,1
1682387599_251047558_0,2,3,3,2,0
1682387615_565375197_0,2,3,3,3,1
1682387619_26317246_0,2,3,2,2,0
1682387628_26317392_0,4,3,3,3,-1
1694707162_25316176_0,3,3,3,3,0
1694707162_25310832_0,3,3,3,3,0
1703401805_25451370_0,2,3,3,3,1
1703401805_25334442_0,2,3,3,3,1
1715948232_1715948236_0,2,2,2,2,0
1715948232_1715950511_0,2,2,2,2,0
1715948232_3356893209_0,2,2,2,2,0
1715948234_83657546_0,4,3,3,3,-1
1715948234_1715950511_0,3,3,2,3,0
1715948234_32650350_0,4,3,3,3,-1
1715948236_1715948232_0,2,2,2,2,0
1715950508_1715950511_0,2,2,2,2,0
1715950508_32650350_0,3,3,3,3,0
1715950511_1715948232_0,2,2,2,2,0
1715950511_1715950508_0,2,2,2,2,0
1715950511_1715948234_0,3,3,2,3,0
1734636083_252467947_0,2,3,2,3,1
1735877076_240467585_0,2,3,2,2,0
1764264890_27503202_0,4,4,4,3,-1
1775489087_2117622744_0,3,3,3,3,0
1777530528_27503200_0,3,3,3,3,0
1777530528_25470290_0,3,3,3,3,0
1778350879_25310913_0,3,3,3,3,0
1787648748_25719224_0,4,3,4,4,0
1788996611_12645083995_0,3,3,3,3,0
1788996611_206189059_0,3,3,3,3,0
1790241887_8913468465_0,4,3,3,3,-1
1790241891_33225463_0,4,3,3,3,-1
1798715904_25470290_0,3,3,3,3,0
1798715904_2180784974_0,3,3,3,3,0
1819177531_792818869_0,3,3,3,3,0
1819177538_3803779443_0,3,3,2,3,0
1819177538_193594739_0,3,3,3,3,0
1819177540_1819177538_0,3,3,3,3,0
1819177541_84463207_0,4,3,3,3,-1
1835868026_25611375_0,4,3,3,3,-1
1837331253_8218182127_0,2,3,2,3,1
1837331253_415638612_0,2,3,3,3,1
1837379429_2439485670_0,4,3,3,3,-1
1837379429_26597601_0,4,3,3,3,-1
1837379429_26597608_0,4,3,3,3,-1
1845251154_26480360_0,4,4,3,3,-1
1845251154_959373366_0,4,3,3,3,-1
1856728232_1291379525_0,3,4,3,3,0
1856728236_1856728232_0,3,4,3,3,0
1856728236_1036842184_0,3,3,3,3,0
1866826428_7394824_0,2,2,2,2,0
1866856610_7394819_0,3,3,3,3,0
1908961868_83761778_0,4,3,2,3,-1
1908961868_83761905_0,4,3,3,3,-1
1933378821_26583882_0,3,3,2,3,0
1954994779_1954994781_0,3,3,3,3,0
1954994781_1954994821_0,3,3,3,3,0
1954994784_25310874_0,3,3,3,3,0
1954994784_1954994809_0,3,3,3,3,0
1954994787_2319500306_0,3,3,3,3,0
1954994787_1954994784_0,3,3,3,3,0
1954994809_1954994779_0,3,3,3,3,0
1954994809_25310891_0,3,3,3,3,0
1954994821_1954994787_0,3,3,3,3,0
1956845887_270323524_0,1,2,2,3,2
1956845894_192305061_0,2,2,2,2,0
1957527533_1957527551_0,3,3,3,3,0
1957527533_8087899720_0,3,3,3,3,0
1957527534_1957527541_0,4,3,4,4,0
1957527534_25624152_0,4,3,3,3,-1
1957527534_8087899720_0,4,3,3,3,-1
1957527534_1957527546_0,4,4,4,4,0
1957527541_8168902698_0,4,3,3,3,-1
1957527546_21703552_0,4,4,3,4,0
1957527548_25624152_0,4,3,4,4,0
1957527548_1957527534_0,4,3,3,3,-1
1957527551_8168902712_0,3,3,3,3,0
1957527551_8087821651_0,3,3,3,3,0
1957527553_1957527541_0,4,3,4,4,0
1957527553_1957527534_0,4,4,3,4,0
1967907778_25722214_0,3,3,2,2,-1
1967907778_270492131_0,3,3,2,3,0
1967907778_270492135_0,3,3,2,3,0
1969423902_21600353_0,3,3,3,3,0
1969423902_21600354_0,3,3,3,3,0
1969423902_10120780902_0,3,3,3,3,0
1975440385_1975440389_0,3,3,2,2,-1
1975440385_26584161_0,3,3,3,3,0
1975440389_1975440395_0,3,3,3,3,0
1975440389_26584160_0,2,3,3,3,1
1975440395_35218653_0,3,3,3,3,0
1975440395_9362515477_0,3,3,3,3,0
1975440395_35218661_0,3,3,2,3,0
1975462251_494425777_0,2,3,2,2,0
1987812136_15925446_0,4,4,4,4,0
1988830557_528993508_0,3,3,3,3,0
1988830557_528993516_0,3,3,3,3,0
1992934964_251171031_0,3,3,2,2,-1
1992934964_251171098_0,1,3,2,2,1
1992934964_8148458813_0,2,3,2,2,0
1993735489_26064143_0,4,4,3,3,-1
2011563454_192085541_0,4,3,3,3,-1
2018719148_1039285693_0,4,3,3,3,-1
2018719148_103755060_0,4,3,4,3,-1
2026239409_25336189_0,3,3,3,3,0
2026239409_1603856892_0,4,3,3,3,-1
2026239409_26125366_0,4,3,3,3,-1
2066046273_9862068885_0,3,3,3,3,0
2066046273_6541872243_0,3,3,3,3,0
2069548810_25468075_0,3,3,3,3,0
2072612784_26035106_0,3,3,3,3,0
2072612784_25310895_0,3,3,3,3,0
2072612784_11690126531_0,3,3,3,3,0
2073912370_6389351316_0,3,3,3,3,0
2073912370_11014869463_0,2,3,3,3,1
2073912372_2073912370_0,3,3,3,3,0
2073912372_191988365_0,2,3,3,3,1
2073912461_191918598_0,2,3,2,1,-1
2073912461_1048056117_0,2,3,2,2,0
2073932342_192085559_0,3,3,2,3,0
2073932342_2073932346_0,3,3,2,3,0
2073932346_130185639_0,3,3,3,3,0
2073932346_192085559_0,3,3,2,3,0
2074708220_3728703099_0,4,3,3,3,-1
2084363829_25312477_0,3,3,3,3,0
2084363829_36163534_0,3,3,3,3,0
2084363829_1393360910_0,3,2,3,2,-1
2087284322_277045917_0,2,3,3,3,1
2097815265_26576962_0,4,3,3,3,-1
2097815265_6162384602_0,4,3,3,3,-1
2097815265_26057055_0,4,3,3,3,-1
2104502856_26079754_0,3,3,3,3,0
2106958155_25722248_0,3,3,4,3,0
2107062403_26729000_0,3,3,3,3,0
2107062403_13124693237_0,4,3,3,3,-1
2107157586_2107171323_0,3,0,3,3,0
2107157586_2107157624_0,3,3,3,3,0
2107157618_2107157586_0,3,1,3,3,0
2107157624_13287784069_0,4,3,4,3,-1
2107157624_2107157586_0,3,3,3,3,0
2107171323_2107157586_0,3,0,3,3,0
2108824887_25306164_0,3,4,3,3,0
2108824887_3066729207_0,3,4,3,3,0
2110917290_7394832_0,3,3,3,3,0
2117622731_25175819_0,4,3,3,3,-1
2117622742_26576962_0,4,3,4,3,-1
2117622744_26057055_0,4,3,3,3,-1
2117622744_26033324_0,3,3,3,3,0
2139361023_2139361034_0,2,3,3,2,0
2139361023_25495294_0,4,3,3,3,-1
2139361023_195244_0,4,3,3,3,-1
2149820809_26009778_0,2,1,2,2,0
2155550593_13293499343_0,3,3,3,3,0
2158548094_13371854291_0,4,3,3,3,-1
2158548111_25722244_0,3,4,4,3,0
2158548111_2457757385_0,4,3,4,3,-1
2158614641_26058651_0,4,4,4,3,-1
2158614641_1468530294_0,4,4,4,4,0
2179108564_2813006540_0,4,3,3,3,-1
2179108564_5556994221_0,4,3,3,3,-1
2180784974_1798715904_0,3,3,3,3,0
2180784974_10889101582_0,3,3,3,3,0
2209140020_8699382644_0,2,3,2,3,1
2209140020_270322649_0,2,2,2,2,0
2209140020_2923949215_0,2,3,3,3,1
2213746896_1511114321_0,2,2,2,2,0
2213746896_1389703943_0,2,2,2,2,0
2213747138_206227376_0,3,3,3,3,0
2213747138_1511114293_0,3,3,3,3,0
2217020722_26058163_0,2,3,3,2,0
2217020722_25337465_0,3,3,3,2,-1
2230337405_324458571_0,2,1,2,2,0
2230337405_2488267317_0,4,1,2,2,-2
2234398946_62026553_0,4,3,3,3,-1
2244836226_25722266_0,4,3,3,3,-1
2260904703_1049498000_0,4,3,3,3,-1
2260904703_26336854_0,3,1,2,2,-1
2283399575_26480152_0,4,3,3,3,-1
2283399575_175379380_0,4,4,3,3,-1
2294100851_26576932_0,4,4,4,3,-1
2294100851_15925442_0,4,3,3,3,-1
2302760542_191988315_0,3,3,3,3,0
2302760542_322191108_0,3,3,3,3,0
2302760542_11014869454_0,3,3,3,3,0
2306955061_324458557_0,4,3,3,3,-1
2317533018_2317533029_0,3,3,2,3,0
2317533018_83650885_0,4,3,2,2,-2
2317533018_13123162011_0,4,3,2,3,-1
2317533029_2317533018_0,3,3,2,3,0
2319500305_1954994821_0,3,3,3,3,0
2319500305_2319500306_0,3,3,3,3,0
2319500306_1400710127_0,3,3,3,3,0
2320137734_1613055786_0,3,2,2,2,-1
2320137734_1613055789_0,3,2,2,2,-1
2320137738_193556734_0,3,3,3,3,0
2320137738_828689708_0,2,3,3,3,1
2320613216_1156367438_0,3,3,3,3,0
2320613216_8164417178_0,4,3,3,3,-1
2320613216_7205400947_0,4,3,3,3,-1
2355995217_191988325_0,3,3,2,2,-1
2355995217_191988387_0,2,3,2,2,0
2365376404_25303836_0,2,3,3,3,1
2365376404_2365376413_0,4,3,3,3,-1
2365376413_434308458_0,3,3,3,3,0
2365376413_7550893549_0,3,3,3,3,0
2365376415_25303836_0,2,3,3,3,1
2365376415_2365376404_0,4,3,3,3,-1
2372905137_324451947_0,4,3,3,4,0
2372905137_26597597_0,4,3,3,3,-1
2372905206_2372905137_0,3,3,3,3,0
2372905206_26597593_0,3,3,4,3,0
2372905206_26597597_0,4,3,3,3,-1
2383442929_8865464537_0,4,3,3,3,-1
2383442929_2383442939_0,4,3,3,2,-2
2383442931_2383442939_0,4,3,3,2,-2
2383442931_2383442941_0,4,3,3,3,-1
2383442939_2383442931_0,4,3,3,2,-2
2383442939_2383442929_0,3,3,3,3,0
2383442941_2383442931_0,3,3,3,3,0
2383442941_195261_0,4,3,3,3,-1
2384797254_21597591_0,3,4,4,3,0
2388251442_4799805073_0,2,3,3,3,1
2388251442_8148795588_0,3,3,3,3,0
2388251442_4986903881_0,2,3,3,3,1
2404539296_83772709_0,3,3,3,3,0
2407541523_354721865_0,4,3,3,3,-1
2429781612_21674914_0,3,3,3,3,0
2429781612_2429781615_0,3,3,3,3,0
2429781615_29083975_0,3,3,3,3,0
2429781615_21674914_0,3,3,3,3,0
2439485670_29980138_0,4,3,3,3,-1
2439485670_1837379429_0,4,3,3,3,-1
2439485670_29980173_0,4,3,3,3,-1
2439485670_13340852591_0,4,3,3,3,-1
2439485671_129940282_0,3,3,3,3,0
2439485671_118272929_0,4,3,3,3,-1
2439485671_13340852591_0,4,3,3,3,-1
2441147803_31922935_0,4,3,3,3,-1
2441147824_31922915_0,4,3,3,3,-1
2441147825_2441147824_0,4,3,3,3,-1
2441147825_324451922_0,4,3,3,3,-1
2441966631_7417014158_0,3,3,3,3,0
2441966631_4945814673_0,2,3,3,3,1
2450596804_25327140_0,4,3,3,3,-1
2450596804_25310904_0,3,3,3,3,0
2450713202_25310897_0,3,3,3,3,0
2450713202_2450713228_0,3,3,3,3,0
2450713228_25310890_0,3,3,3,3,0
2457757385_26597593_0,4,3,4,3,-1
2457757385_2158548111_0,4,3,4,3,-1
2462509543_2462509544_0,3,3,2,2,-1
2462509544_33149209_0,4,3,3,3,-1
2462509544_8433684_0,4,3,3,3,-1
2462509544_2462509543_0,3,3,2,2,-1
2465004181_59654830_0,2,3,2,2,0
2465004193_2465004202_0,2,3,2,2,0
2465004194_2465004202_0,2,3,2,2,0
2465004202_2465004194_0,2,3,2,2,0
2465004202_2465004193_0,2,3,2,2,0
2465004202_2465004217_0,2,3,2,2,0
2465004217_59654829_0,3,3,3,2,-1
2465004217_59654830_0,2,3,3,2,0
2465004217_2465004202_0,2,3,2,2,0
2480201967_25303803_0,2,3,3,3,1
2480201967_8168819577_0,3,3,3,3,0
2483668732_34389257_0,4,3,3,3,-1
2485984756_2605393566_0,3,3,3,3,0
2485984756_9214708_0,3,4,3,3,0
2485984756_3160860324_0,4,4,3,4,0
2485984761_2605393566_0,3,3,3,3,0
2485984761_25495295_0,4,4,4,3,-1
2488267317_26597601_0,4,3,3,3,-1
2490241911_21717953_0,3,3,3,3,0
2490241911_21717954_0,3,3,3,2,-1
2501428230_54150955_0,4,3,3,3,-1
2501428230_35393046_0,4,3,3,3,-1
2502213116_253871330_0,3,3,3,3,0
2502213116_35213502_0,3,3,3,3,0
2503521410_2652153371_0,3,1,2,2,-1
2503521410_257513240_0,3,1,2,2,-1
2512682702_1250985265_0,3,3,3,3,0
2512682731_8138143068_0,3,3,2,3,0
2571377366_62026530_0,4,3,3,3,-1
2571377366_7968562266_0,4,3,3,3,-1
2571377366_7968562266_1,2,3,3,3,1
2587460577_26086129_0,3,3,2,3,0
2587460577_26079654_0,3,3,3,3,0
2587460577_2587460578_0,2,3,3,3,1
2587460578_26079653_0,3,3,2,2,-1
2587605830_1026030476_0,4,3,3,3,-1
2587605830_59654817_0,4,3,3,3,-1
2587605830_93856091_0,3,3,3,3,0
2600858761_2451284911_0,2,3,2,3,1
2600858778_195249_0,4,4,4,3,-1
2600858778_2600858761_0,3,3,3,3,0
2600872714_8764287923_0,4,4,4,3,-1
2600872721_25495298_0,4,4,4,3,-1
2602170153_191988285_0,2,3,2,2,0
2602170153_6322684553_0,2,2,2,1,-1
2602170153_2602170211_0,2,3,1,1,-1
2602170211_2602170153_0,2,3,1,1,-1
2605393520_2485984761_0,4,3,4,3,-1
2605393566_2605393520_0,3,3,4,3,0
2606641709_2606641710_0,4,3,3,3,-1
2606641709_4844794552_0,4,3,3,3,-1
2606641709_25316193_0,4,3,3,4,0
2606641710_2606641709_0,4,3,3,3,-1
2606641710_25722297_0,4,3,4,3,-1
2606641710_2606641713_0,4,3,3,3,-1
2606641713_746310128_0,4,3,3,3,-1
2607943958_2607943963_0,3,2,3,2,-1
2607943963_2607943958_0,3,2,3,2,-1
2621348580_270323663_0,2,2,2,2,0
2628204930_2628204935_0,4,4,4,3,-1
2628204930_2628204947_0,3,3,3,3,0
2628204935_25173843_0,4,4,4,3,-1
2628204947_26086306_0,3,3,3,3,0
2628204947_2628204935_0,3,3,3,3,0
2630568657_206189466_0,3,3,3,3,0
2630568657_3156680768_0,3,3,3,3,0
2630568657_2630568658_0,2,2,2,3,1
2630568658_206189460_0,3,2,2,2,-1
2630568658_206189457_0,3,2,2,2,-1
2652153371_2503521410_0,3,1,2,2,-1
2652153371_12841673849_0,3,1,2,2,-1
2652153371_257513244_0,3,2,2,2,-1
2659801362_34400264_0,4,3,3,3,-1
2663770362_25258527_0,3,3,3,3,0
2663770362_7262708541_0,3,3,2,3,0
2672660419_26057106_0,3,3,2,2,-1
2786991022_2786991023_0,3,3,3,3,0
2786991022_21992644_0,3,3,3,2,-1
2786991023_4428355483_0,3,3,3,3,0
2789756669_35441038_0,3,2,2,2,-1
2789756669_12439930983_0,4,3,3,3,-1
2789756669_26728992_0,4,3,3,3,-1
2810964557_1511104898_0,3,3,3,3,0
2810964557_192305754_0,4,3,3,3,-1
2812930903_1462054011_0,2,3,2,2,0
2813006540_2179108564_0,4,3,3,3,-1
2813006540_4110265203_0,4,3,3,3,-1
2813006540_3046465012_0,4,3,2,2,-2
2813006545_4110265203_0,3,3,2,2,-1
2813006545_4110265190_0,3,2,2,2,-1
2813006545_32650982_0,3,3,3,3,0
2813020264_6071660584_0,3,1,2,2,-1
2813020269_257513701_0,3,2,3,2,-1
2813105657_83761949_0,3,3,2,3,0
2813114175_2813114176_0,3,2,2,2,-1
2813114176_394625990_0,3,3,2,3,0
2813114176_2813114175_0,3,2,2,2,-1
2813114176_206192615_0,3,3,2,3,0
2813818187_206196133_0,2,2,2,2,0
2813825709_206227345_0,3,2,3,2,-1
2813847803_206228633_0,2,2,2,1,-1
2813847803_206228632_0,2,2,2,1,-1
2813847803_2813847805_0,2,2,2,1,-1
2813847805_2813847803_0,2,2,2,1,-1
2813884261_4846538599_0,2,2,2,1,-1
2813884263_2813884267_0,2,2,2,3,1
2813884263_206228615_0,2,2,2,3,1
2813884263_4846538599_0,3,2,2,2,-1
2813884264_206228615_0,2,2,2,1,-1
2813884265_2813884267_0,2,2,2,1,-1
2813884267_2813884265_0,2,2,2,1,-1
2813884267_206228618_0,2,2,2,2,0
2813884267_2813884263_0,2,2,2,3,1
2813884270_206228618_0,2,2,2,2,0
2813884270_206228620_0,2,2,2,1,-1
2813884270_2813884285_0,2,2,2,1,-1
2813884285_2813884270_0,2,2,2,1,-1
2813935188_25498571_0,4,3,3,3,-1
2814044874_2814044876_0,3,3,3,2,-1
2814044874_25327117_0,3,3,3,3,0
2814044876_2814044874_0,3,3,3,2,-1
2814044876_25310822_0,3,3,2,3,0
2814082596_25310856_0,3,3,3,3,0
2830801687_173030870_0,3,3,2,2,-1
2841904730_25173820_0,4,4,4,4,0
2853496797_7544719212_0,3,1,3,2,-1
2864952654_26317341_0,2,2,2,1,-1
2864952654_26317392_0,2,2,3,2,0
2864952654_2864952656_0,1,2,2,1,0
2864952656_2864952654_0,1,2,2,1,0
2865000883_2865000885_0,1,2,2,2,1
2865000885_26149164_0,2,2,2,2,0
2865000885_2865000883_0,1,2,2,2,1
2865054509_7644575045_0,2,3,3,2,0
2865054509_25303836_0,2,3,2,2,0
2865054509_2865054511_0,2,3,2,2,0
2865054511_2865054509_0,2,3,2,2,0
2865089011_26570167_0,2,3,2,2,0
2865915271_7460755570_0,3,2,2,3,0
2872708310_13180260084_0,4,3,3,3,-1
2916105775_13730581237_0,4,3,3,3,-1
2920302042_21704335_0,3,3,3,3,0
2920302042_21703594_0,2,3,3,3,1
2922474452_130143409_0,2,3,2,2,0
2922474452_130143384_0,3,3,3,3,0
2922474452_253414917_0,3,3,2,2,-1
2923948782_3156680769_0,3,2,2,2,-1
2923949204_2923949207_0,3,3,2,2,-1
2923949204_206189328_0,3,3,2,3,0
2923949207_2923949208_0,3,3,2,3,0
2923949207_2923949204_0,3,3,2,2,-1
2923949208_2923949215_0,3,3,3,3,0
2923949208_2923949207_0,3,3,2,3,0
2923949208_2630568658_0,3,2,2,3,0
2923949215_3782175773_0,3,3,3,3,0
2923949215_2923949208_0,3,3,3,3,0
2923949215_2209140020_0,2,3,3,3,1
2924143717_18697393_0,3,3,3,3,0
2927784180_191988163_0,3,3,3,3,0
2927784180_36863022_0,3,3,3,3,0
2927784180_13674176854_0,3,3,3,3,0
2959901670_195276_0,4,4,3,4,0
2959901670_271415805_0,3,3,3,4,1
3002320972_26084213_0,3,3,3,3,0
3002320972_567871880_0,3,3,3,2,-1
3020982382_3020993750_0,4,4,3,3,-1
3020982382_1362781029_0,4,4,3,3,-1
3020991190_3020982382_0,4,4,3,3,-1
3020991190_130144281_0,4,4,3,3,-1
3020993750_3020993751_0,4,4,3,3,-1
3020993751_3020991190_0,4,4,3,3,-1
3046465012_2813006540_0,4,3,2,2,-2
3048171911_1462054021_0,2,1,2,2,0
3066729207_8496944255_0,4,4,4,3,-1
3084714716_4032593105_0,3,2,2,3,0
3101723973_3101723992_0,4,4,3,3,-1
3101723978_25149522_0,4,4,3,4,0
3101723983_24485749_0,4,4,4,3,-1
3101723992_829528480_0,4,4,4,4,0
3101723996_195232_0,4,4,4,3,-1
3101723996_1037257423_0,4,4,4,3,-1
3113108906_34400269_0,3,3,2,2,-1
3113108906_26086277_0,3,3,2,2,-1
3150681382_34819693_0,4,3,3,3,-1
3156680768_2630568657_0,3,3,3,3,0
3156680768_29980142_0,3,3,3,3,0
3156680769_3156680768_0,3,2,2,2,-1
3156680769_937080671_0,3,2,2,2,-1
3160860324_8764244747_0,4,4,4,4,0
3160860329_27359753_0,3,3,3,3,0
3160860329_27359754_0,3,3,3,3,0
3181893379_3181893380_0,4,2,3,3,-1
3208799313_26059102_0,3,4,3,3,0
3267479470_3870641963_0,3,3,3,3,0
3302602286_3302602287_0,2,2,2,2,0
3302602286_9257186_0,2,2,3,3,1
3302602287_3302602286_0,2,2,2,2,0
3305876674_26340341_0,4,4,4,4,0
3305876674_1468747927_0,4,4,4,3,-1
3356893209_1715948232_0,2,2,2,2,0
3393859920_195262_0,3,4,3,3,0
3393859920_25719228_0,4,4,3,3,-1
3393859927_6091703278_0,4,4,3,3,-1
3393859930_2841904730_0,4,4,4,4,0
3404990017_143439_0,4,3,3,3,-1
3446506082_26084608_0,4,3,3,3,-1
3446506082_26084609_0,4,3,3,3,-1
3446506083_26084609_0,3,3,3,3,0
3446506083_3446506082_0,3,3,3,3,0
3452410723_25611375_0,3,2,2,2,-1
3452410723_7041322634_0,4,3,3,3,-1
3552894977_21729405_0,3,3,3,3,0
3552894977_3552894983_0,3,3,3,2,-1
3552894983_21704348_0,2,3,3,3,1
3552894983_21729405_0,2,3,3,3,1
3558474796_83700575_0,4,3,3,3,-1
3558474796_25722228_0,4,3,3,3,-1
3626479005_3626479006_0,3,3,3,3,0
3626479005_8149173370_0,3,3,3,3,0
3626479006_10127767105_0,3,3,3,3,0
3626479006_891129818_0,3,3,3,3,0
3667334139_26084498_0,3,3,2,2,-1
3727734175_3727734177_0,2,3,3,3,1
3727734175_21851032_0,2,3,3,3,1
3727734177_269229442_0,3,3,3,3,0
3728703099_13445139_0,4,3,3,4,0
3760583994_1104884206_0,3,3,3,3,0
3760583994_26574295_0,4,3,3,3,-1
3770573715_21702435_0,3,3,3,3,0
3770573715_21702437_0,3,3,3,3,0
3770573715_21702423_0,3,3,3,4,1
3782175773_2923949215_0,3,3,3,3,0
3782175773_206189464_0,3,3,3,3,0
3803779330_767485175_0,2,3,2,2,0
3803779443_1819177538_0,3,3,2,3,0
3803779443_3803779447_0,3,3,2,3,0
3803779447_3803779443_0,3,3,2,3,0
3807653478_33254619_0,4,3,3,3,-1
3807653478_33254326_0,4,3,3,3,-1
3819413983_1389703943_0,2,2,2,2,0
3824873194_25152615_0,3,4,3,3,0
3824873200_12192585637_0,3,4,3,3,0
3834391683_1037257425_0,2,1,2,2,0
3840413118_60756023_0,4,4,3,3,-1
3842221809_60756023_0,4,4,3,3,-1
3842221809_1364923622_0,4,3,3,3,-1
3846297541_25153108_0,3,3,4,4,1
3846297548_25499150_0,3,3,3,3,0
3870640550_26316432_0,2,3,3,3,1
3870641963_208769091_0,3,3,3,3,0
3870641969_208769163_0,3,3,3,3,0
3882989560_21510486_0,2,1,2,3,1
3885678708_25471717_0,2,3,2,3,1
3885678708_4922541424_0,3,3,3,3,0
3898532753_257513706_0,3,2,2,2,-1
3898532756_3898532753_0,3,1,2,2,-1
3898532756_257513247_0,3,2,2,2,-1
3904130746_27362289_0,2,3,3,3,1
3904130746_27362308_0,2,2,2,2,0
3922348891_192305105_0,3,3,2,3,0
3922348891_3922348896_0,3,3,2,3,0
3922348896_3922348891_0,3,3,2,3,0
3922348896_1589126699_0,3,3,2,3,0
3923472452_35291292_0,3,3,3,2,-1
3923472452_35291288_0,3,3,3,3,0
3928535924_354721859_0,2,3,2,3,1
4002438195_349326455_0,3,3,2,2,-1
4002438195_4002438198_0,3,3,2,3,0
4002438198_13125186951_0,3,3,2,3,0
4002438198_4002438199_0,3,3,2,3,0
4002438199_192400788_0,3,3,2,3,0
4006576960_33257059_0,4,3,3,3,-1
4034132513_26155423_0,3,3,2,3,0
4034132513_868438829_0,2,2,2,2,0
4075536493_8764004613_0,3,3,3,3,0
4075536493_21789166_0,3,3,3,2,-1
4092061493_1026030476_0,3,3,3,3,0
4092061493_93856096_0,2,2,3,3,1
4110265190_2813006545_0,3,2,2,2,-1
4110265203_2813006545_0,3,3,2,2,-1
4110265203_2813006540_0,4,3,3,3,-1
4110265203_32650982_0,4,3,3,3,-1
4143189207_25468215_0,4,3,3,3,-1
4150019167_25611272_0,3,3,3,3,0
4195532425_34819706_0,4,3,3,3,-1
4249122124_206189464_0,3,3,3,3,0
4249122124_206273179_0,3,3,3,3,0
4249122124_3782175773_0,3,3,3,3,0
4251081829_10087719688_0,4,4,3,3,-1
4251081829_26576932_0,4,3,3,3,-1
4295013306_195241_0,4,4,4,4,0
4295013309_4295013306_0,4,4,4,4,0
4308368197_270323500_0,2,2,2,2,0
4308368197_270323523_0,3,3,2,3,0
4353903012_4353903013_0,3,3,2,2,-1
4353903012_26084478_0,3,3,2,2,-1
4353903012_26084477_0,3,3,2,2,-1
4353903013_4353903012_0,3,3,2,2,-1
4353903013_26084480_0,3,3,2,2,-1
4384836880_9214618_0,4,4,4,3,-1
4384836880_26058768_0,3,3,3,3,0
4428355478_21992712_0,4,3,3,3,-1
4428355483_4428355484_0,4,3,3,4,0
4428355483_4428355478_0,4,3,3,3,-1
4428355484_4251081829_0,4,3,3,3,-1
4428355731_25336175_0,2,3,3,2,0
4428355731_195261_0,3,3,3,3,0
4428355731_8866055432_0,3,4,3,3,0
4514446555_35441025_0,3,3,2,3,0
4514446555_35441038_0,2,2,3,2,0
4517945997_83650897_0,2,2,2,2,0
4525344025_4525344027_0,4,3,3,3,-1
4525344027_83761715_0,4,3,4,3,-1
4525344027_4525344028_0,4,3,3,3,-1
4525344028_83761738_0,4,3,3,3,-1
4528925726_10121704203_0,4,3,4,4,0
4549502008_265783501_0,3,2,3,3,0
4574272209_26575616_0,4,4,4,3,-1
4575488373_2606505884_0,4,3,3,3,-1
4576330333_7012463947_0,4,3,3,4,0
4588190126_254347900_0,3,3,3,3,0
4617186033_25622725_0,4,3,3,3,-1
4617186035_4617186036_0,4,4,3,3,-1
4617186036_25622731_0,4,3,3,3,-1
4617186038_4617186033_0,4,4,3,3,-1
4619742847_35441045_0,3,3,2,3,0
4619742908_35960758_0,4,3,3,3,-1
4619742908_27179925_0,4,3,3,3,-1
4619742911_33126059_0,4,3,3,3,-1
4670514771_192400787_0,3,3,2,3,0
4670515495_767485175_0,3,3,3,3,0
4670515495_83761926_0,4,3,3,3,-1
4670515495_84463207_0,4,3,3,3,-1
4675415571_27359754_0,4,3,3,3,-1
4675415578_3160860329_0,3,3,3,3,0
4690060601_25611424_0,2,3,2,3,1
4690060601_26317293_0,2,3,3,3,1
4709607315_6541872240_0,4,3,3,3,-1
4709607315_5770176051_0,4,3,3,3,-1
4741814127_9213739_0,3,3,1,2,-1
4741814127_293177597_0,3,2,2,2,-1
4756679808_4756679810_0,4,3,3,4,0
4756679808_1042501483_0,4,3,3,3,-1
4756679810_8560978659_0,4,3,4,3,-1
4768526929_26132381_0,3,3,3,3,0
4768526929_26132620_0,4,3,3,3,-1
4768526930_8897755315_0,4,3,3,3,-1
4768526930_4768526929_0,4,3,3,3,-1
4799805071_4986903881_0,2,3,3,3,1
4799805071_4799805073_0,3,3,3,3,0
4799805073_4799805071_0,3,3,3,3,0
4799805073_4799805074_0,2,3,3,2,0
4799805073_2388251442_0,2,3,3,3,1
4799805074_21717942_0,2,3,3,2,0
4799805074_4799805073_0,2,3,3,2,0
4799805074_8797918163_0,3,3,3,3,0
4801197974_8148780812_0,4,3,4,3,-1
4801197974_4827827547_0,3,3,3,3,0
4827827546_8148780812_0,4,3,3,3,-1
4827827546_8088334131_0,3,3,3,3,0
4827827547_4986903881_0,3,3,3,3,0
4827827547_4986903871_0,3,3,3,3,0
4827827556_8797918163_0,4,3,3,3,-1
4827827556_4799805074_0,3,3,3,3,0
4844794552_9680578368_0,4,3,3,3,-1
4846538599_2813884261_0,2,2,2,1,-1
4846538599_4846538600_0,2,2,2,1,-1
4846538599_2813884263_0,3,2,2,2,-1
4846538600_4846538599_0,2,2,2,1,-1
4879722851_868450680_0,4,3,3,3,-1
4892381215_34401545_0,3,3,3,3,0
4892381215_26033320_0,4,3,3,3,-1
4892381215_1036842321_0,4,3,3,3,-1
4894298864_25316171_0,2,3,2,2,0
4894298864_25316182_0,3,3,3,3,0
4915696753_1420701986_0,3,2,2,2,-1
4915696753_4915696754_0,3,3,2,3,0
4915696754_1420701981_0,3,3,2,2,-1
4915696754_192942533_0,3,3,2,3,0
4915696754_4915696753_0,3,3,2,3,0
4922541424_1288817944_0,3,3,3,3,0
4945814673_4945814674_0,2,2,2,1,-1
4945814673_2441966631_0,2,3,2,3,1
4945814673_4945814679_0,2,2,2,1,-1
4945814674_828689708_0,2,2,2,2,0
4945814674_4945814673_0,2,2,2,1,-1
4945814674_9254354610_0,2,2,2,2,0
4945814674_4945814675_0,2,2,2,1,-1
4945814675_6248153592_0,2,2,2,2,0
4945814675_4945814679_0,2,2,2,1,-1
4945814675_4945814674_0,2,2,2,1,-1
4945814675_828689641_0,2,2,2,2,0
4945814679_4945814673_0,2,2,2,1,-1
4947306480_25468227_0,3,3,3,3,0
4947306480_25468226_0,3,3,3,3,0
4947306480_4947306496_0,3,3,4,2,-1
4947306487_5181464005_0,2,3,2,2,0
4947306487_26084554_0,2,3,2,2,0
4947306496_4947306501_0,2,3,2,2,0
4947306501_4947306487_0,2,3,2,2,0
4947306501_4968768578_0,2,3,3,2,0
4962751944_354721865_0,4,3,3,4,0
4968768578_554237881_0,4,3,3,3,-1
4968768578_25468227_0,3,3,3,3,0
4986903871_8088334131_0,3,3,3,3,0
4986903871_4827827546_0,3,3,3,3,0
4986903881_4799805071_0,2,3,3,3,1
4986903881_4827827547_0,3,3,3,3,0
4986903881_2388251442_0,2,3,3,3,1
5006393114_15925451_0,3,3,2,3,0
5118566751_5504388559_0,3,3,3,3,0
5118566751_26086124_0,3,3,3,3,0
5181464005_26120305_0,3,3,3,3,0
5181464005_4947306496_0,2,3,2,2,0
5257013006_1108937309_0,2,3,2,2,0
5280814362_8814402883_0,4,3,3,3,-1
5280814362_8814402873_0,4,3,3,3,-1
5280814362_8814402884_0,3,3,3,3,0
5298945584_34401011_0,4,3,3,3,-1
5320480823_34401545_0,4,3,3,3,-1
5320480823_25258521_0,3,3,3,3,0
5383127261_16566895_0,4,3,3,3,-1
5383127261_16566904_0,4,3,3,3,-1
5456383764_5456383765_0,4,3,3,3,-1
5456383764_409269451_0,3,3,3,3,0
5456383765_93856100_0,4,3,3,3,-1
5456383765_1655683917_0,3,3,3,3,0
5456383765_6919391600_0,4,3,3,3,-1
5504388559_5118566751_0,3,3,3,3,0
5512880808_26086114_0,3,3,3,3,0
5556994221_32650990_0,4,3,3,3,-1
5556994221_2179108564_0,4,3,3,3,-1
5706947070_24485759_0,3,3,2,3,0
5706947070_24485763_0,3,3,2,3,0
5732208557_25327129_0,3,3,3,3,0
5732208558_5732208557_0,3,3,3,3,0
5732208558_2814082596_0,2,3,3,3,1
5732208559_5732208558_0,3,3,3,3,0
5732208559_25310856_0,2,3,2,3,1
5732208561_25327125_0,3,3,3,3,0
5732208561_5732208559_0,3,3,3,3,0
5770176051_27362284_0,3,3,3,3,0
5889927418_130144387_0,1,3,2,3,2
5904902397_5904902401_0,4,3,3,4,0
5904902397_8764287923_0,4,4,3,4,0
5904902401_27359816_0,4,4,4,3,-1
5947881174_829114756_0,2,1,1,2,0
5947881174_829114775_0,2,1,1,1,-1
6057029780_11216988757_0,4,3,3,4,0
6071660584_2813020264_0,3,1,2,2,-1
6071660584_257513240_0,3,1,2,2,-1
6071660584_257513237_0,3,3,2,3,0
6071682468_1682387599_0,2,3,3,2,0
6091651313_26317235_0,3,3,3,3,0
6091703278_25719228_0,4,4,3,3,-1
6101119291_8832666419_0,4,3,3,3,-1
6119410093_2110917290_0,3,3,3,3,0
6135349230_257513255_0,3,2,2,2,-1
6135349230_1463837288_0,3,1,2,2,-1
6135349230_257513257_0,3,2,2,2,-1
6142285550_26057064_0,4,3,3,3,-1
6142285550_8865464538_0,4,3,3,3,-1
6162384602_26057055_0,4,3,3,3,-1
6162399645_6162399654_0,3,2,2,2,-1
6162399649_6162399654_0,3,3,3,3,0
6162399650_6162399654_0,3,2,3,3,0
6162399654_6162399645_0,3,2,2,2,-1
6162399654_6162399649_0,3,3,3,3,0
6162399654_6162399650_0,3,2,3,3,0
6176375685_459797864_0,2,3,2,2,0
6185336869_522100855_0,2,3,3,2,0
6185376344_975886496_0,3,3,3,3,0
6185376344_2117622742_0,3,3,3,3,0
6185376345_26079797_0,2,3,2,2,0
6185376345_26033235_0,3,3,2,2,-1
6185376346_26079797_0,2,3,2,2,0
6185376346_6185376344_0,3,3,2,3,0
6185376346_6185376345_0,3,3,2,3,0
6239303250_8149602176_0,3,3,3,3,0
6239303250_8149579152_0,3,3,3,3,0
6248153590_6248153594_0,2,2,2,2,0
6248153590_1562156928_0,3,2,2,2,-1
6248153590_6248153593_0,2,0,2,1,-1
6248153591_4945814679_0,2,2,2,1,-1
6248153591_6248153592_0,2,2,2,1,-1
6248153592_4945814675_0,2,2,2,2,0
6248153592_6248153594_0,2,2,2,2,0
6248153592_6248153591_0,2,2,2,1,-1
6248153593_6248153594_0,2,0,2,1,-1
6248153593_6248153591_0,2,2,2,1,-1
6248153593_6248153590_0,2,0,2,1,-1
6248153594_6248153592_0,2,2,2,2,0
6248153594_6248153590_0,2,2,2,2,0
6248153594_6248153593_0,2,0,2,1,-1
6261544707_190131566_0,3,3,2,3,0
6261544707_6261544707_0,3,1,2,2,-1
6262067560_1993735489_0,4,4,4,3,-1
6262067560_25319207_0,4,3,3,3,-1
6262067564_1993735489_0,4,4,3,3,-1
6262067564_25614299_0,4,4,4,3,-1
6280901389_1856728236_0,3,4,3,4,1
6280901389_15925447_0,4,4,3,4,0
6290713370_6290713371_0,2,2,2,2,0
6290713371_6290713370_0,2,2,2,2,0
6290713372_6290713373_0,2,2,2,2,0
6290713373_6290713372_0,2,2,2,2,0
6291616343_21597584_0,2,3,2,3,1
6322684553_1047333069_0,3,3,3,3,0
6322684553_2602170153_0,2,2,2,1,-1
6359515623_25719228_0,4,4,3,3,-1
6360409723_6360409719_0,3,2,2,2,-1
6360762563_26132618_0,3,3,2,3,0
6360762563_6360762569_0,3,3,2,3,0
6360762568_6360762569_0,2,3,2,2,0
6360762569_6360762568_0,2,3,2,2,0
6360762569_6360762563_0,3,3,2,3,0
6360762569_6360762571_0,2,3,2,2,0
6360762571_6360762578_0,2,3,2,2,0
6360762571_6360762577_0,3,3,2,2,-1
6360762571_6360762569_0,2,3,2,2,0
6360762576_26132617_0,2,3,2,2,0
6360762576_6360762587_0,2,3,2,2,0
6360762576_6360762578_0,2,3,2,2,0
6360762577_6360762587_0,3,3,2,2,-1
6360762577_6360762571_0,3,3,2,2,-1
6360762577_6360762578_0,2,3,2,2,0
6360762578_6360762577_0,2,3,2,2,0
6360762578_6360762576_0,2,3,2,2,0
6360762578_6360762571_0,2,3,2,2,0
6360762584_6360762587_0,3,3,2,2,-1
6360762584_6360762584_0,3,3,2,3,0
6360762587_6360762577_0,3,3,2,2,-1
6360762587_6360762576_0,2,3,2,2,0
6374806460_130143392_0,3,3,3,2,-1
6388307988_191918630_0,3,3,3,3,0
6388307988_191918644_0,3,3,3,3,0
6389351316_2073912372_0,2,3,3,3,1
6389351316_191918582_0,3,3,3,3,0
6424443708_25471719_0,2,3,2,2,0
6480607194_26132218_0,3,3,3,3,0
6480734524_6480734527_0,3,3,3,3,0
6480734524_8811275884_0,4,3,3,3,-1
6480734527_6480734528_0,3,3,3,3,0
6480734527_6360762584_0,3,3,2,3,0
6480734528_6480734529_0,3,3,3,3,0
6480734529_26132620_0,3,3,3,3,0
6480734541_6817017634_0,3,3,3,3,0
6480734544_6541872240_0,4,3,3,3,-1
6480734544_5770176051_0,4,3,3,3,-1
6541872240_8801809168_0,4,3,3,3,-1
6541872240_2066046273_0,3,3,3,3,0
6541872243_8798316222_0,4,3,3,3,-1
6541872243_27362898_0,3,3,3,3,0
6541872243_27362894_0,3,3,3,3,0
6588120227_2853496797_0,3,3,3,3,0
6588120227_7544719212_0,3,1,3,2,-1
6744047182_33257040_0,4,3,4,3,-1
6817017634_1255306647_0,3,3,3,3,0
6817017634_6480734544_0,3,3,3,3,0
6900796839_26336566_0,4,4,3,4,0
6900796839_958040717_0,4,4,3,3,-1
6918506361_571794836_0,3,3,3,3,0
6918506361_1056701798_0,3,3,3,3,0
6919391600_8149395025_0,4,3,3,3,-1
6919391600_5456383764_0,4,3,3,3,-1
6919580832_26480569_0,4,4,4,3,-1
6919580833_6919580832_0,4,4,4,3,-1
6919580833_7470129_0,4,4,4,3,-1
6919580835_7470129_0,4,4,4,4,0
6919580835_6919580833_0,4,4,4,3,-1
6943172513_33070179_0,4,3,3,3,-1
6943172520_34967237_0,4,3,3,3,-1
6943172520_6943172523_0,4,3,3,3,-1
6943172523_9249808_0,4,3,3,3,-1
6943172533_24289146_0,4,3,3,3,-1
6943172533_6943172513_0,4,3,3,3,-1
6943216125_22158975_0,4,3,3,3,-1
6943216125_6943216130_0,4,3,3,3,-1
6943216130_34967237_0,4,3,3,3,-1
6943216130_6943172523_0,4,3,3,4,0
6990640909_25316182_0,3,3,3,3,0
6990640984_2234398946_0,4,3,3,3,-1
7002003110_25319302_0,3,3,3,3,0
7002003110_1606993788_0,3,3,3,3,0
7012463945_25310826_0,4,3,3,3,-1
7012463947_25310829_0,4,3,3,3,-1
7012463947_7012463945_0,4,3,3,3,-1
7041322633_7041322634_0,3,2,2,2,-1
7041322633_3452410723_0,3,3,3,2,-1
7041322634_26149163_0,4,3,2,3,-1
7095808873_529913055_0,2,3,2,2,0
7095808873_206189060_0,3,3,2,3,0
7183740681_32651006_0,4,3,3,3,-1
7183740681_33126077_0,3,3,3,3,0
7204776620_206189328_0,3,3,2,3,0
7204776620_206189325_0,3,3,3,3,0
7205400947_644880770_0,4,3,3,3,-1
7205400947_2320613216_0,4,3,3,3,-1
7218035845_6091651313_0,3,3,3,3,0
7218035845_25336179_0,3,3,3,3,0
7262708541_25258545_0,2,3,3,3,1
7262708549_25258524_0,2,3,3,3,1
7262708550_975656240_0,2,3,3,2,0
7262708550_7262708549_0,3,3,3,3,0
7274778339_1471824481_0,4,4,3,3,-1
7274778339_26480357_0,4,3,3,3,-1
7275092726_34967269_0,4,3,3,3,-1
7281044816_1510257225_0,4,4,3,4,0
7281044816_26480377_0,4,4,3,3,-1
7417014158_192400916_0,3,3,3,3,0
7417014158_193556734_0,3,3,3,3,0
7417014158_2441966631_0,3,3,3,3,0
7460755570_2865915271_0,3,2,2,3,0
7531586194_7531586199_0,4,3,3,3,-1
7531586199_32650994_0,4,3,3,3,-1
7544719212_6068627217_0,3,1,3,2,-1
7550893549_434308458_0,3,3,3,3,0
7550893549_2365376413_0,3,3,3,3,0
7554999969_26480152_0,1,3,4,3,2
7644575043_7644575045_0,3,3,3,2,-1
7644575043_26155366_0,2,3,3,3,1
7644575045_2865054509_0,2,3,3,2,0
7644575045_7550893549_0,3,3,3,2,-1
7942186731_13046082674_0,2,3,3,3,1
7942186731_2026239409_0,4,3,3,3,-1
7968562266_9444906851_0,4,3,3,3,-1
7968562266_2571377366_0,4,3,3,3,-1
8035679173_254347900_0,2,3,3,3,1
8087802997_1028320700_0,4,3,3,3,-1
8087802997_27362921_0,3,3,3,3,0
8087821651_1957527533_0,3,3,3,3,0
8087821651_1028380059_0,3,3,3,3,0
8087821651_1957527551_0,3,3,3,3,0
8087837589_271151916_0,3,3,3,3,0
8087837589_27362906_0,3,3,3,3,0
8087837595_27362561_0,3,3,3,3,0
8087837595_27362300_0,3,3,3,3,0
8087837595_27362905_0,3,3,3,3,0
8087837595_350344029_0,3,3,3,3,0
8087899720_8087899721_0,4,3,4,3,-1
8087899720_932576343_0,4,3,3,3,-1
8087899721_1957527553_0,4,3,3,3,-1
8087899721_8087899724_0,3,3,3,3,0
8087899724_8168902698_0,3,3,3,3,0
8087899724_8087899732_0,3,3,3,3,0
8087899727_8168902699_0,3,3,3,3,0
8087899727_8087900725_0,3,3,3,3,0
8087899732_8168819585_0,4,3,3,3,-1
8087899732_8087899727_0,3,3,3,3,0
8087900725_8087900728_0,3,3,3,3,0
8087900725_21704354_0,2,3,3,3,1
8087900728_21604592_0,4,3,3,3,-1
8087900728_8088147462_0,3,3,3,4,1
8088147462_25321323_0,1,3,3,3,2
8088147462_7300862_0,4,3,3,3,-1
8088247480_8088285562_0,3,3,3,3,0
8088247480_21704344_0,2,3,3,3,1
8088247480_21715353_0,3,3,3,3,0
8088247481_8088247480_0,3,3,3,3,0
8088247481_21704346_0,3,3,3,3,0
8088247481_21717905_0,3,3,2,3,0
8088285556_8088285559_0,3,3,4,3,0
8088285556_8088147462_0,4,3,3,3,-1
8088285556_25303795_0,3,3,3,3,0
8088285559_8088285556_0,3,3,4,3,0
8088285559_21702435_0,3,3,4,4,1
8088285559_21702438_0,4,3,3,3,-1
8088285562_8088247480_0,3,3,3,3,0
8088285562_21702423_0,3,3,3,4,1
8088285562_1029591870_0,3,3,4,3,0
8088318345_8148599279_0,3,3,3,3,0
8088318345_21717929_0,3,3,3,3,0
8088318345_21717928_0,3,3,3,3,0
8088318345_21717907_0,3,3,3,3,0
8088334131_4986903871_0,3,3,3,3,0
8088334131_4827827547_0,3,3,3,3,0
8111455579_8164417173_0,4,3,3,4,0
8111455579_12296232780_0,4,3,4,3,-1
8137491713_25610709_0,4,3,3,3,-1
8137491713_25611043_0,4,3,2,3,-1
8138143068_2512682702_0,4,3,3,3,-1
8138143068_12672628784_0,3,3,3,3,0
8147160894_59654829_0,2,3,2,2,0
8147160894_59654812_0,2,3,2,2,0
8148458813_1992934964_0,2,3,2,2,0
8148599278_21717913_0,3,3,3,3,0
8148599278_8148599279_0,3,3,3,3,0
8148599279_8148599278_0,3,3,3,3,0
8148599279_8088318345_0,3,3,3,3,0
8148599279_1161960871_0,3,3,3,3,0
8148638868_1201354445_0,3,3,3,3,0
8148638868_1201354435_0,3,3,3,3,0
8148638869_1201354445_0,3,3,3,3,0
8148638869_21717919_0,3,3,3,3,0
8148780812_4827827546_0,4,3,3,3,-1
8148780812_8148795588_0,4,3,4,4,0
8148780812_8148780813_0,4,3,4,3,-1
8148780813_270298918_0,3,3,3,3,0
8148780813_1250985279_0,4,3,3,3,-1
8148780813_8148780812_0,4,3,4,3,-1
8148795588_4827827556_0,4,3,3,3,-1
8148795588_2388251442_0,3,3,3,3,0
8148996574_8148996575_0,4,3,3,3,-1
8148996574_8149073107_0,4,3,3,3,-1
8148996574_21718291_0,3,3,3,3,0
8148996575_8148996574_0,4,3,3,3,-1
8148996575_27362904_0,3,3,3,3,0
8148996575_27362559_0,4,3,3,3,-1
8149051282_27362894_0,3,3,3,3,0
8149051282_8798316222_0,4,3,4,4,0
8149073107_8798316218_0,4,3,4,4,0
8149073107_1201354425_0,4,3,3,3,-1
8149173370_8801809168_0,4,3,3,3,-1
8149173370_1255306647_0,3,3,3,3,0
8149173370_6480734544_0,4,3,3,3,-1
8149345756_4768526930_0,3,3,3,3,0
8149395025_8814060595_0,4,3,3,3,-1
8149426950_409269451_0,3,3,3,3,0
8149426950_409269452_0,2,3,3,3,1
8149426950_8149426952_0,3,3,3,3,0
8149426952_8149426950_0,3,3,3,3,0
8149426952_26132251_0,3,3,3,3,0
8149518874_6239303250_0,3,3,3,3,0
8149518874_59654830_0,2,3,3,3,1
8149518874_8149579152_0,3,3,3,3,0
8149579152_8149518874_0,3,3,3,3,0
8149602176_8149602179_0,3,3,3,3,0
8149602176_6239303250_0,3,3,3,3,0
8149602177_8149606913_0,3,3,3,3,0
8149602177_8149602194_0,3,3,3,3,0
8149602179_8149602177_0,3,3,3,3,0
8149602194_8149602176_0,3,3,3,3,0
8149606913_8149602177_0,3,3,3,3,0
8149606913_8149666790_0,3,3,3,3,0
8149666790_6918506361_0,3,3,3,3,0
8149683531_8794404140_0,4,3,3,3,-1
8149683531_25452878_0,3,3,3,3,0
8149683531_571794836_0,3,3,3,3,0
8149683531_21604559_0,4,3,3,3,-1
8164417159_365117230_0,3,3,3,3,0
8164417159_836850034_0,4,3,3,3,-1
8164417173_8164417159_0,4,3,3,4,0
8164417173_21717915_0,2,3,3,3,1
8164417178_12296232780_0,4,3,3,4,0
8164417178_21717913_0,3,3,3,3,0
8164417178_2320613216_0,4,3,3,3,-1
8164417178_8111455579_0,4,3,3,4,0
8168819577_8173410515_0,3,3,3,3,0
8168819584_8168819585_0,3,3,3,3,0
8168819584_21702418_0,3,3,3,3,0
8168819584_8087899727_0,3,3,3,3,0
8168819585_8168819584_0,3,3,3,3,0
8168819585_21703587_0,2,3,3,3,1
8168819585_8088285562_0,3,3,3,3,0
8168902698_8168902699_0,3,4,3,3,0
8168902698_8087899732_0,3,3,3,3,0
8168902699_21703544_0,3,3,3,3,0
8168902699_21702760_0,4,3,3,3,-1
8168902706_8168902712_0,4,3,4,3,-1
8168902706_25624160_0,3,3,3,3,0
8168902712_8168902706_0,4,3,4,3,-1
8168902712_1957527551_0,3,3,3,3,0
8168902712_1957527548_0,3,3,3,3,0
8168938341_8752288920_0,4,4,3,3,-1
8168938341_25471761_0,3,3,3,3,0
8168938342_3885678708_0,3,3,3,3,0
8168938342_984186437_0,3,3,3,3,0
8168938357_984186436_0,4,3,3,3,-1
8168938357_8168938360_0,4,3,3,3,-1
8168938358_8168938357_0,4,3,4,3,-1
8168938358_3885678708_0,3,3,3,3,0
8168938359_984186472_0,4,3,3,3,-1
8168938359_8168938358_0,4,3,4,3,-1
8168938360_8168938359_0,4,3,3,3,-1
8168938360_654019202_0,3,3,3,3,0
8173410515_21604596_0,4,3,3,3,-1
8210566445_252412613_0,3,3,2,3,0
8210566445_25722260_0,3,3,3,3,0
8218182127_8218182128_0,2,3,3,3,1
8218182128_25547436_0,3,3,3,3,0
8244994756_796917509_0,2,3,3,3,1
8274304167_9499384367_0,3,3,3,3,0
8274304171_8274304167_0,3,3,3,3,0
8274304171_26052934_0,4,4,3,3,-1
8281232336_1643908326_0,3,3,3,3,0
8281232336_25470916_0,3,3,3,3,0
8363909975_25310870_0,3,3,3,3,0
8363909975_25310864_0,2,3,3,3,1
8393613661_26108118_0,3,3,3,3,0
8393613661_567871880_0,3,3,3,3,0
8393613661_1445329952_0,2,3,3,2,0
8399389567_1384310580_0,3,3,3,3,0
8399389567_24644383_0,4,3,3,3,-1
8461186035_2810964557_0,3,3,3,3,0
8461739677_26016372_0,4,4,3,3,-1
8496944255_25306161_0,4,4,4,3,-1
8496944255_25452393_0,4,4,4,4,0
8541062634_8541062635_0,3,3,3,3,0
8541062634_195274_0,3,3,3,3,0
8541062634_25321407_0,3,3,3,3,0
8541062635_8541062634_0,3,3,3,3,0
8541062635_25451370_0,3,3,3,3,0
8560978660_4756679808_0,4,3,3,3,-1
8560978660_8560978659_0,4,3,3,4,0
8572425297_35291702_0,3,3,3,2,-1
8572425297_35291569_0,3,1,1,2,-1
8576486926_130185640_0,3,3,3,3,0
8576486926_2073932342_0,3,3,3,3,0
8578386869_215687070_0,2,1,2,2,0
8699382644_2209140020_0,2,3,2,3,1
8752288920_48880114_0,4,3,3,3,-1
8752289484_143412_0,3,3,3,3,0
8752289484_8752289487_0,3,3,3,3,0
8752289484_8887828392_0,3,3,3,3,0
8752289487_21852326_0,3,4,3,4,1
8753184568_4428355478_0,4,4,3,3,-1
8753184569_8753184568_0,4,4,4,3,-1
8753184569_30267248_0,4,4,4,3,-1
8764004613_27359810_0,2,3,3,3,1
8764004613_4075536493_0,3,3,3,3,0
8764004613_974116109_0,4,4,3,3,-1
8764154567_25499159_0,3,3,2,2,-1
8764193131_9214708_0,3,4,3,4,1
8764193131_26059099_0,3,3,3,3,0
8764216683_95836805_0,4,4,4,4,0
8764216683_600816158_0,4,4,4,4,0
8764216683_600816161_0,4,4,4,4,0
8764244747_2600872714_0,4,4,3,4,0
8764287923_2600872721_0,4,3,4,4,0
8764287923_5904902401_0,4,4,3,3,-1
8771456495_26235109_0,3,3,4,4,1
8771456495_25499216_0,4,3,3,3,-1
8784777105_26131889_0,3,3,3,3,0
8784777105_8764216683_0,3,4,4,3,0
8784789884_8784819038_0,4,3,3,3,-1
8784789884_26131889_0,3,3,3,3,0
8784819038_8784777105_0,4,4,3,3,-1
8784819038_25499219_0,3,3,3,3,0
8784931018_26058771_0,3,3,3,3,0
8784931018_4384836880_0,4,4,4,3,-1
8785553694_25321357_0,2,3,3,3,1
8785553694_195277_0,4,4,3,3,-1
8785560397_195279_0,3,3,3,4,1
8785560397_8785553694_0,4,4,3,4,0
8788241044_8788241047_0,3,3,3,3,0
8788241046_8788252009_0,3,3,3,3,0
8788241047_8788329528_0,3,3,3,3,0
8788241047_34815654_0,3,3,3,3,0
8788241048_8788241047_0,3,3,3,3,0
8788241048_8788241046_0,3,3,3,3,0
8788252008_8788252009_0,4,3,3,3,-1
8788252008_34815656_0,4,3,3,3,-1
8788252008_8788241044_0,3,3,3,3,0
8788252009_25312126_0,4,3,3,3,-1
8788252009_8788252008_0,4,3,3,3,-1
8788329523_8788241048_0,3,3,3,3,0
8788329523_25312133_0,3,3,3,3,0
8788329523_8788329528_0,3,3,3,3,0
8788329528_34818667_0,3,3,3,3,0
8788329528_8788329523_0,3,3,3,3,0
8788329528_34815652_0,3,3,3,3,0
8791129061_3150681382_0,4,3,3,3,-1
8791129061_8791385058_0,4,3,3,3,-1
8791385058_8791129061_0,4,3,3,3,-1
8791385058_1301750261_0,3,3,3,3,0
8792993463_9214911_0,2,3,3,3,1
8794404135_35413414_0,3,3,3,3,0
8794404135_8149683531_0,4,3,3,3,-1
8794404140_8149683531_0,4,3,3,3,-1
8794404140_25452887_0,4,3,3,3,-1
8794404140_8794404135_0,4,3,3,3,-1
8794895035_25611003_0,4,3,2,3,-1
8794895035_25610743_0,4,3,2,3,-1
8794895035_25611043_0,4,3,3,3,-1
8797918163_4799805074_0,3,3,3,3,0
8797918163_27362559_0,4,3,4,3,-1
8797918163_1382784520_0,4,3,3,3,-1
8798316218_143403_0,4,3,3,3,-1
8798316218_8149051282_0,4,3,3,4,0
8798316222_27362899_0,4,3,4,4,0
8798316222_8149073107_0,4,3,4,3,-1
8801809168_8149173370_0,4,3,3,3,-1
8801809168_3626479006_0,3,3,3,3,0
8814060595_5456383764_0,3,3,3,3,0
8814402873_26289593_0,4,3,3,3,-1
8814402873_5280814362_0,4,3,3,3,-1
8814402873_8814402883_0,4,3,3,3,-1
8814402883_26084253_0,4,3,3,3,-1
8814402883_8814402873_0,4,3,3,3,-1
8814402883_1026456311_0,3,3,3,3,0
8814402884_26084213_0,2,3,3,3,1
8814402884_8814532458_0,3,3,3,3,0
8814402884_5280814362_0,3,3,3,3,0
8814532458_8814402884_0,3,3,3,3,0
8814532458_8814622279_0,3,3,3,3,0
8814622279_36843098_0,3,3,3,3,0
8814622279_8814532458_0,3,3,3,3,0
8814683268_347712111_0,4,3,3,3,-1
8814683268_36843098_0,4,3,3,3,-1
8814683278_8814683268_0,4,3,3,3,-1
8820230151_165860082_0,4,3,4,3,-1
8820230151_8814683278_0,4,3,3,3,-1
8820578231_165860141_0,3,3,3,3,0
8820578231_8820230151_0,4,3,3,3,-1
8821236057_1026456196_0,4,3,3,3,-1
8821236058_26120299_0,3,3,3,3,0
8821236058_8821278639_0,4,3,3,3,-1
8821236058_21674915_0,4,3,3,3,-1
8821278639_8821236057_0,4,3,3,3,-1
8821278639_1026456304_0,4,3,3,3,-1
8824654284_8824654290_0,3,4,4,3,0
8824654290_26058773_0,4,4,4,3,-1
8824715202_8824654284_0,4,4,3,3,-1
8824715202_3101723996_0,4,4,4,3,-1
8831416857_21674905_0,3,3,3,3,0
8831416864_8831416857_0,3,3,3,3,0
8831478254_663650132_0,3,3,3,3,0
8831478254_25337469_0,3,3,3,3,0
8831478256_8831478254_0,3,3,3,3,0
8831478256_26058160_0,2,3,3,3,1
8831659639_26053928_0,3,3,3,3,0
8831659639_26053540_0,3,3,3,3,0
8831707916_8831721720_0,3,3,3,3,0
8831707916_26053248_0,3,3,3,3,0
8831710981_25306181_0,3,3,3,3,0
8831710981_26053253_0,3,3,2,3,0
8831721720_821518051_0,3,3,3,3,0
8831721720_8358135_0,4,4,3,3,-1
8831834970_8831721720_0,4,4,3,3,-1
8831834972_8831834970_0,4,3,3,3,-1
8831923521_21604550_0,4,4,3,3,-1
8831923521_21674804_0,4,4,3,3,-1
8831923525_8831923521_0,4,4,3,3,-1
8831923525_25306182_0,3,3,3,3,0
8832666419_26035127_0,3,3,3,3,0
8832666419_26035090_0,4,3,3,3,-1
8832666439_8832666445_0,4,3,4,3,-1
8832666439_25468075_0,4,3,3,3,-1
8832666445_25468025_0,4,3,3,3,-1
8832666445_8832699229_0,4,3,3,3,-1
8832699229_8832699235_0,4,3,3,3,-1
8832699229_25468037_0,3,3,3,3,0
8832699235_25468040_0,3,3,3,3,0
8832699235_11074872197_0,4,3,3,3,-1
8836199010_8838192634_0,4,3,3,3,-1
8836199010_25468020_0,3,3,3,3,0
8838192634_26294955_0,1,3,2,4,3
8838192634_8838192657_0,4,3,3,3,-1
8838192657_8841218579_0,4,3,3,3,-1
8841218579_25618216_0,4,3,3,3,-1
8865464537_8865464538_0,4,3,3,3,-1
8865464537_26057064_0,3,3,3,3,0
8865464537_2383442929_0,4,3,3,3,-1
8865464538_8865464537_0,4,3,3,3,-1
8865464538_13034905058_0,3,3,3,3,0
8865464538_26057061_0,4,3,3,3,-1
8866055432_4428355731_0,3,4,3,3,0
8866055432_195262_0,3,4,3,3,0
8883130215_18697383_0,4,4,3,3,-1
8883130215_18697376_0,3,4,3,3,0
8883130215_12192585644_0,4,4,4,4,0
8887828392_8887828403_0,4,3,3,4,0
8887828392_8752289484_0,3,3,3,3,0
8887828392_25468085_0,4,3,3,3,-1
8887828403_8887828392_0,4,3,3,4,0
8887828403_8168938360_0,3,3,3,3,0
8887828403_25547440_0,3,3,3,3,0
8897755315_8900393129_0,4,3,3,3,-1
8897755315_25624139_0,3,3,3,3,0
8897755315_8900710318_0,4,3,3,4,0
8900393129_26132243_0,4,3,3,3,-1
8900393129_26132246_0,3,3,2,3,0
8900710318_1375459149_0,4,3,3,3,-1
8900710318_8897755315_0,4,3,3,4,0
8900710318_26132219_0,3,3,3,3,0
8906537924_8168938341_0,3,3,3,3,0
8906537924_9214909_0,4,4,4,3,-1
8913425919_1790241887_0,4,3,2,3,-1
8913425921_26132621_0,4,3,3,3,-1
8913468465_1790241891_0,4,3,3,3,-1
8913468466_8913425921_0,4,3,3,3,-1
8913468466_8913468465_0,4,3,3,3,-1
9218729159_9218729160_0,4,4,3,3,-1
9218729159_26480401_0,4,4,4,4,0
9218729160_959438333_0,4,4,3,3,-1
9254354610_4945814674_0,2,2,2,2,0
9349563081_6360762563_0,3,3,3,3,0
9362515477_1975440395_0,3,3,3,3,0
9362515477_1034922644_0,3,3,3,3,0
9444906851_7968562266_0,4,3,3,3,-1
9495381680_34401545_0,3,3,2,3,0
9499384367_9499384374_0,3,3,3,3,0
9499384367_25319201_0,3,3,3,3,0
9499384374_21674798_0,3,3,3,3,0
9499384374_25719223_0,4,3,3,3,-1
9514990301_1562156928_0,3,2,2,1,-2
9516750676_8906537924_0,3,3,3,3,0
9680578368_25620306_0,4,4,3,3,-1
9681597415_320914981_0,3,3,3,3,0
9681597415_9681597416_0,2,3,3,3,1
9681597416_9681665219_0,2,3,3,3,1
9681597416_9681597415_0,2,3,3,3,1
9681665219_26079706_0,2,3,2,2,0
9681665219_26053647_0,2,3,2,2,0
9795491531_26731431_0,3,3,3,3,0
9795491531_9795491534_0,4,3,3,3,-1
9795491533_195236_0,4,3,3,3,-1
9795491533_9795491531_0,3,3,3,3,0
9795491534_195236_0,4,4,4,3,-1
9821119469_130143392_0,3,3,3,2,-1
9821119469_6374806460_0,1,2,2,2,1
9862068885_2066046273_0,3,3,3,3,0
9904861859_26035110_0,4,3,3,3,-1
9904861859_12358419571_0,4,3,2,3,-1
9904861860_9904861859_0,4,3,3,3,-1
9985511560_26022624_0,3,3,3,3,0
9985511560_25310859_0,4,3,3,3,-1
10055724114_12766824120_0,4,3,3,3,-1
10055724114_25175778_0,3,3,4,3,0
10055724114_195259_0,4,3,3,3,-1
10087719688_30267248_0,4,3,3,3,-1
10099342769_206192614_0,3,2,2,2,-1
10099342769_10681734331_0,3,2,3,3,0
10100374427_10100374433_0,3,3,3,3,0
10100374427_35495876_0,3,3,3,3,0
10100374433_26108006_0,3,3,3,3,0
10100374433_1026456214_0,3,3,3,3,0
10107576270_26583684_0,3,3,2,3,0
10107576270_26583690_0,3,4,3,3,0
10120780902_21992709_0,4,3,3,3,-1
10120780902_1969423902_0,3,3,3,3,0
10121704203_33254326_0,4,3,4,4,0
10121704203_3807653478_0,4,3,3,3,-1
10127767105_1028380059_0,3,3,3,3,0
10127767105_8087821651_0,3,3,3,3,0
10138203531_13289372527_0,4,3,3,3,-1
10138203531_21674915_0,4,3,3,3,-1
10160330139_5904902397_0,4,4,4,4,0
10160330139_11917574941_0,1,3,3,3,2
10215727016_191988209_0,2,2,2,3,1
10215727016_242392520_0,3,3,2,2,-1
10241846466_27504186_0,3,3,3,3,0
10262507945_21702431_0,2,3,3,3,1
10271302918_1335415655_0,2,3,3,3,1
10313783746_13077513238_0,3,3,3,2,-1
10313783746_26108002_0,3,2,3,2,-1
10537564454_1351112938_0,3,3,3,3,0
10681734331_206192615_0,4,3,2,3,-1
10681734331_206192619_0,4,3,3,3,-1
10705432732_59654817_0,4,3,3,3,-1
10705432732_25547436_0,4,3,3,3,-1
10705432732_8147160894_0,2,3,3,3,1
10889101574_1367543931_0,3,3,3,3,0
10889101574_1367543980_0,3,1,2,2,-1
10889101574_10889101582_0,3,3,3,2,-1
10889101579_2180784974_0,3,1,2,2,-1
10889101579_10889101582_0,3,1,2,2,-1
10889101579_10889101587_0,3,1,2,2,-1
10889101582_10889101574_0,3,3,3,2,-1
10889101582_10889101579_0,3,1,2,2,-1
10889101587_1554830930_0,3,3,3,3,0
10889101587_10889101579_0,3,1,2,2,-1
10889101587_1367543980_0,3,3,3,3,0
10977638586_10977638587_0,3,3,3,3,0
10977638586_36863018_0,3,3,3,3,0
10977638587_9821119469_0,3,2,3,3,0
10977638587_191988425_0,3,3,2,3,0
10977638587_10977638586_0,3,3,3,3,0
10982790032_10982790033_0,2,2,3,2,0
10982790033_35964716_0,2,2,2,3,1
10982790033_10982790032_0,2,2,3,2,0
11014869454_191988315_0,3,3,3,3,0
11014869454_11014869463_0,2,2,3,3,1
11014869454_2302760542_0,3,3,3,3,0
11014869454_191988303_0,3,3,3,3,0
11014869463_191918582_0,2,3,3,3,1
11048560947_8461739677_0,4,4,3,3,-1
11071527613_23667013_0,3,3,2,3,0
11074872197_25468007_0,2,3,3,3,1
11074872197_25468043_0,3,3,3,3,0
11201758005_1335415543_0,3,2,2,1,-2
11216988757_6057029780_0,4,3,3,4,0
11216988757_26086116_0,3,3,3,4,1
11216988757_25614440_0,3,3,3,3,0
11220462278_11220462278_0,2,3,3,2,0
11220462278_11220462278_1,2,3,3,2,0
11220462278_843129903_0,2,3,3,3,1
11280341450_34387221_0,4,3,3,3,-1
11300914844_48833743_0,2,3,3,2,0
11304624943_25321330_0,1,3,2,2,1
11332038992_21702431_0,2,3,3,3,1
11332038992_245957281_0,2,3,3,3,1
11339589713_26149141_0,3,2,2,2,-1
11339589713_26149143_0,3,2,2,2,-1
11368597027_11368597028_0,3,3,3,3,0
11368597027_11368597032_0,3,3,2,3,0
11368597028_11368597027_0,3,3,3,3,0
11368597029_11368597031_0,2,2,2,2,0
11368597030_11368597031_0,2,2,2,2,0
11368597031_11368597030_0,2,2,2,2,0
11368597031_11368597032_0,3,2,2,2,-1
11368597031_11368597029_0,2,2,2,2,0
11368597032_11368597031_0,3,2,2,2,-1
11368597032_192305014_0,3,3,2,3,0
11368597032_11368597027_0,3,3,2,3,0
11414276914_1028380043_0,4,3,3,3,-1
11422035857_25622574_0,4,4,3,3,-1
11422035858_11422035860_0,4,4,3,3,-1
11422035859_11422035857_0,4,4,3,3,-1
11422035860_25622724_0,4,3,3,3,-1
11428571608_504557626_0,3,2,3,3,0
11428571608_8433808_0,3,3,3,3,0
11432105604_26463667_0,3,3,3,3,0
11432105604_11432105605_0,4,3,3,3,-1
11432105605_26463669_0,3,3,3,3,0
11432105605_26463667_0,4,3,3,3,-1
11470215275_27362921_0,3,3,3,3,0
11470215275_271151916_0,3,3,3,3,0
11470215275_27362277_0,3,2,3,3,0
11509487125_25153072_0,3,3,3,2,-1
11509487125_25153075_0,2,3,3,3,1
11690126531_26035104_0,3,3,2,3,0
11827157240_25618439_0,4,3,3,3,-1
11880778545_8206700_0,3,3,3,3,0
11898137499_1547919223_0,3,3,2,2,-1
11917574941_600734173_0,3,3,3,3,0
11917574941_10160330139_0,1,3,3,3,2
11956024523_26086284_0,3,3,3,3,0
11956024523_34401987_0,3,4,4,3,0
11956024523_26079790_0,2,3,4,3,1
11959723501_11959723522_0,4,3,3,3,-1
11959723522_1374638719_0,4,3,3,3,-1
11959723522_7394824_0,3,3,3,3,0
11959723522_11959723501_0,4,3,3,3,-1
11966306052_54150955_0,3,3,3,3,0
11966306052_1462053975_0,3,3,3,3,0
11966306052_1462054011_0,3,3,2,3,0
12035934861_130144266_0,2,3,2,2,0
12037042658_12037042661_0,3,4,4,3,0
12037042661_12037042658_0,3,4,4,3,0
12037042661_12037042664_0,4,4,4,3,-1
12037042664_12037042661_0,4,4,4,3,-1
12046689741_32651006_0,4,3,3,3,-1
12046689741_412247882_0,4,3,3,3,-1
12046689741_33148258_0,3,1,2,1,-2
12140914736_191988412_0,3,3,2,2,-1
12140914736_191988438_0,3,2,2,2,-1
12148021235_26576932_0,4,4,3,3,-1
12148021235_13732430128_0,4,4,3,3,-1
12192585637_25152613_0,4,4,3,3,-1
12192585637_2139361034_0,3,3,3,3,0
12192585644_26576955_0,4,4,4,4,0
12192585644_8883130215_0,4,4,4,4,0
12196885700_13260838645_0,2,2,2,1,-1
12253467275_504557631_0,2,3,2,2,0
12254593746_492460101_0,2,3,3,3,1
12254593746_13762748323_0,2,2,2,3,1
12296232780_26464311_0,4,3,3,3,-1
12385083532_34820017_0,4,3,3,3,-1
12385083532_34820016_0,4,3,3,3,-1
12439930938_12439930983_0,4,3,3,3,-1
12439930938_324788967_0,3,2,2,3,0
12439930938_12439930987_0,4,3,3,3,-1
12439930983_12439930938_0,4,3,3,3,-1
12439930983_2789756669_0,4,3,3,3,-1
12439930983_83655266_0,3,3,2,2,-1
12439930987_35335891_0,4,3,3,3,-1
12439930987_12439930938_0,4,3,3,3,-1
12505754910_991648001_0,3,4,4,3,0
12505754910_25306164_0,4,4,4,4,0
12506959804_2104502856_0,3,3,4,3,0
12506959804_1351109211_0,4,3,4,3,-1
12506959804_2158614641_0,4,4,4,3,-1
12506959804_26079755_0,3,4,4,3,0
12568521907_26022694_0,3,3,3,3,0
12568521907_25327121_0,3,3,2,3,0
12587706741_624172877_0,3,2,2,2,-1
12616427837_1513320536_0,3,3,3,3,0
12616427837_35210583_0,3,3,3,3,0
12616427837_998858998_0,4,3,3,3,-1
12645083995_206189053_0,3,3,3,3,0
12645091703_206189061_0,3,3,3,3,0
12645091703_206189316_0,3,3,3,3,0
12645091703_206189054_0,3,3,3,3,0
12645537505_25319177_0,3,3,3,3,0
12672628783_1201354422_0,3,3,3,3,0
12672628783_12672628784_0,3,3,3,3,0
12672628784_8138143068_0,3,3,3,3,0
12672628784_12672628783_0,3,3,3,3,0
12766824120_25175819_0,4,3,3,3,-1
12766824120_10055724114_0,4,3,3,3,-1
12766824120_25175791_0,3,3,3,3,0
12825510574_257513257_0,3,1,3,2,-1
12841673849_2652153371_0,3,1,2,2,-1
12844409460_257513954_0,3,2,3,3,0
12844409460_257513247_0,3,2,3,2,-1
12942464148_273216478_0,4,3,3,3,-1
12942464148_12946029718_0,4,3,3,3,-1
12946029718_12942464148_0,4,3,3,3,-1
12946029718_959373467_0,3,3,3,3,0
12946029730_26480360_0,4,3,3,3,-1
13034905058_8865464538_0,3,3,3,3,0
13034905058_13598368298_0,4,3,3,4,0
13045357042_26317214_0,4,4,4,3,-1
13045357042_26317233_0,4,3,3,3,-1
13045357050_26317293_0,3,3,3,3,0
13045357050_4772130162_0,2,3,3,3,1
13046082674_250042857_0,4,4,3,3,-1
13056558377_13473072247_0,3,4,3,3,0
13056558377_12148021235_0,4,4,4,3,-1
13077513238_769175574_0,2,3,2,2,0
13123162011_32650339_0,4,3,3,3,-1
13123162011_2317533018_0,4,3,2,3,-1
13124693225_13124693226_0,4,3,3,3,-1
13124693226_13176502891_0,4,3,3,3,-1
13124693226_13124693229_0,4,3,3,3,-1
13124693229_26728992_0,4,3,3,3,-1
13124693229_2107062403_0,4,3,3,3,-1
13124693234_13124693225_0,4,3,3,3,-1
13124693237_25722234_0,4,3,3,3,-1
13124693237_13124693234_0,4,3,3,3,-1
13125043912_324782799_0,4,3,3,3,-1
13125043912_83700568_0,4,3,3,3,-1
13125186935_4670514771_0,3,3,3,3,0
13125186951_4002438199_0,3,3,2,3,0
13125186951_13125186935_0,3,3,2,3,0
13125190956_726655170_0,3,3,3,3,0
13125812950_192400808_0,3,3,3,3,0
13125812951_192942470_0,3,3,3,3,0
13176425186_25310868_0,4,3,3,3,-1
13176502891_13124693226_0,4,3,3,3,-1
13176502891_13176502893_0,4,3,3,3,-1
13176502893_26729010_0,3,3,3,3,0
13176502893_13176502891_0,4,3,3,3,-1
13176502893_13176502896_0,4,3,3,3,-1
13176502896_83650693_0,3,3,3,3,0
13176502896_13176502893_0,4,3,3,3,-1
13176502896_35335878_0,4,3,3,3,-1
13176504302_302790938_0,3,3,3,3,0
13176504302_130110237_0,3,3,3,3,0
13176504302_35335878_0,4,3,3,3,-1
13176504302_83650891_0,4,3,3,3,-1
13180101537_25498571_0,4,3,3,3,-1
13180101537_25310826_0,2,3,3,3,1
13180260084_31922947_0,4,3,3,3,-1
13191199369_83650897_0,4,3,2,3,-1
13203497040_412247882_0,4,3,3,3,-1
13203497040_13203497044_0,4,3,2,3,-1
13203497044_33122297_0,2,3,3,3,1
13203497044_13626439535_0,4,3,3,3,-1
13203497044_13203497040_0,4,3,2,3,-1
13203497044_33126059_0,4,3,4,3,-1
13204220048_1462053982_0,3,3,3,2,-1
13243773771_13191199369_0,4,3,2,3,-1
13256918436_88274580_0,2,1,2,3,1
13256918436_25984655_0,2,3,2,3,1
13256918436_26012483_0,2,3,3,3,1
13260838645_12196885700_0,2,2,2,1,-1
13287784069_82529528_0,4,3,3,3,-1
13289372527_29083979_0,3,3,3,3,0
13289372527_25622731_0,4,3,3,3,-1
13289372527_10138203531_0,4,3,3,3,-1
13293499341_82654496_0,3,3,3,3,0
13293499341_2155550593_0,3,3,3,3,0
13293499343_82527987_0,3,3,3,3,0
13293499343_13293499349_0,3,3,3,3,0
13293499349_13293499341_0,3,3,2,3,0
13295423007_83700573_0,4,3,3,3,-1
13325884864_29980115_0,4,3,3,3,-1
13340852591_2439485671_0,4,3,3,3,-1
13340852591_2439485670_0,4,3,3,3,-1
13362551762_25336175_0,3,3,3,3,0
13362551762_25336179_0,4,3,3,3,-1
13371854291_2158548094_0,4,3,3,3,-1
13371854291_83700573_0,4,3,3,3,-1
13386275426_492424673_0,2,1,2,3,1
13386535553_26583871_0,3,3,3,3,0
13386535553_26583850_0,3,3,3,3,0
13398022052_230047436_0,2,3,2,3,1
13473072243_21712144_0,3,3,3,3,0
13473072243_15925440_0,3,4,3,3,0
13473072247_13473072243_0,3,4,3,3,0
13473072247_25152444_0,3,4,3,3,0
13580092501_13580092503_0,3,3,3,3,0
13580092503_21674910_0,3,3,3,3,0
13598368298_33066088_0,4,3,3,3,-1
13598368298_80311393_0,4,3,3,3,-1
13610524842_35213558_0,2,3,2,3,1
13626439535_1462053975_0,4,3,3,3,-1
13626439535_13203497044_0,4,3,3,3,-1
13671872498_83657088_0,3,3,2,3,0
13671872498_83650876_0,3,3,2,3,0
13674176854_2927784180_0,3,3,3,3,0
13674176854_1513320567_0,3,3,3,3,0
13699958374_13295423007_0,4,3,3,3,-1
13699958374_13125043912_0,4,3,3,3,-1
13730581237_190131566_0,3,3,3,3,0
13730581237_2916105775_0,4,3,3,3,-1
13732430128_1036842122_0,4,4,3,3,-1
13732430128_13056558377_0,4,4,3,3,-1
13786013546_6360409715_0,2,2,2,2,0
