road_id,db_day_true,pred_linreg,pred_xgb,pred_rf,db_diff_linreg
143403_21714981_0,75.14600372314453,63.73,63.32,65.05,-11.42
143403_21718288_0,70.84200286865234,63.31,61.82,64.6,-7.53
143403_143408_0,74.25299835205078,67.5,63.02,63.65,-6.75
143408_21718264_0,60.34299850463867,61.66,63.97,62.75,1.32
143408_932576340_0,73.38600158691406,68.31,66.57,64.5,-5.08
143412_8752289484_0,67.44100189208984,65.11,65.26,66.8,-2.33
143412_8752289487_0,70.11799621582031,71.74,65.09,66.95,1.62
143413_21852320_0,59.9640007019043,62.37,57.89,61.3,2.41
143413_8168938341_0,72.01599884033203,71.04,64.85,65.7,-0.98
143415_143435_0,72.5999984741211,69.01,64.6,65.95,-3.59
143415_21852322_0,59.89300155639648,61.02,59.28,59.6,1.13
143416_18232186_0,58.374000549316406,59.25,56.55,59.5,0.88
143416_18232178_0,59.1870002746582,60.06,56.64,59.1,0.87
143417_18232187_0,59.20899963378906,60.06,57.1,58.95,0.85
143417_143416_0,58.60200119018555,59.92,55.81,59.7,1.32
143418_25334276_0,71.80799865722656,66.63,64.23,62.6,-5.18
143418_21696193_0,61.18999862670898,61.49,59.8,60.65,0.3
143421_25334263_0,61.60200119018555,62.39,62.58,61.55,0.79
143421_195279_0,72.24299621582031,67.39,66.56,65.3,-4.85
143435_21600355_0,73.31400299072266,67.6,60.11,62.15,-5.71
143439_15925442_0,73.93900299072266,62.9,60.82,59.1,-11.04
143439_195246_0,72.08699798583984,63.18,59.16,60.8,-8.91
195222_249717499_0,80.01100158691406,70.27,59.5,66.65,-9.74
195222_26480401_0,76.62899780273438,78.18,61.78,66.65,1.55
195222_1468553185_0,75.86199951171875,69.31,59.27,66.35,-6.55
195228_26336566_0,72.79100036621094,70.37,65.16,65.8,-2.42
195228_958040717_0,73.76699829101562,66.04,63.98,66.0,-7.73
195231_829528479_0,76.79000091552734,68.19,63.37,67.1,-8.6
195232_829528479_0,78.0979995727539,69.35,62.67,67.5,-8.75
195232_1037257423_0,78.197998046875,69.8,63.99,65.75,-8.4
195234_26058153_0,60.47499847412109,62.77,64.57,60.75,2.3
195234_26108120_0,71.3290023803711,72.03,65.64,66.75,0.7
195235_21674905_0,73.95600128173828,71.45,65.68,66.3,-2.51
195235_26731434_0,62.50400161743164,61.75,65.44,63.4,-0.75
195236_26059219_0,70.8759994506836,73.52,62.81,67.15,2.64
195236_25451937_0,65.64299774169922,62.38,53.34,61.8,-3.26
195237_25499212_0,62.09199905395508,61.59,65.32,63.4,-0.5
195237_25451960_0,70.23799896240234,68.46,63.43,66.05,-1.78
195239_25499150_0,61.69499969482422,62.66,63.34,61.4,0.97
195239_25153100_0,74.23799896240234,68.32,66.8,66.05,-5.92
195241_25499136_0,73.51799774169922,73.17,67.89,67.75,-0.35
195241_26058917_0,72.16699981689453,71.81,71.91,68.6,-0.36
195241_4295013306_0,72.61299896240234,71.68,68.96,68.6,-0.93
195244_4295013309_0,73.73500061035156,67.92,63.8,67.15,-5.82
195244_2139361023_0,73.98799896240234,66.42,64.96,66.3,-7.57
195246_1148982742_0,69.5199966430664,64.84,61.64,62.85,-4.68
195246_3404990017_0,69.8550033569336,63.55,58.46,61.35,-6.31
195249_967133152_0,72.18099975585938,71.01,66.89,67.05,-1.17
195250_25306024_0,61.81999969482422,63.63,59.97,61.95,1.81
195250_25337454_0,71.60800170898438,69.68,67.09,64.9,-1.93
195251_24009841_0,70.13700103759766,69.28,69.97,67.8,-0.86
195251_25337457_0,71.13300323486328,72.83,62.81,64.55,1.7
195252_25337467_0,71.62000274658203,71.88,62.01,64.55,0.26
195252_25337465_0,59.95000076293945,62.31,60.15,61.8,2.36
195256_1468747927_0,76.94300079345703,70.95,68.6,63.0,-5.99
195256_8784931018_0,74.927001953125,68.47,65.78,63.2,-6.46
195256_25622515_0,75.41999816894531,70.92,66.8,62.2,-4.5
195259_1036842157_0,73.51000213623047,63.01,57.4,60.7,-10.5
195259_479185301_0,65.64800262451172,62.72,58.51,60.1,-2.93
195259_10055724114_0,71.10399627685547,69.1,54.0,65.05,-2.0
195261_25336179_0,70.88099670410156,70.14,66.42,65.4,-0.74
195261_2383442941_0,71.61399841308594,63.22,57.74,64.4,-8.39
195261_10055724114_0,70.23600006103516,70.64,56.44,65.25,0.4
195261_4428355731_0,62.4739990234375,63.12,57.7,63.95,0.65
195262_8866055432_0,65.8949966430664,65.35,61.18,62.3,-0.54
195262_3393859920_0,69.68499755859375,70.7,64.98,63.65,1.02
195262_25321302_0,70.96499633789062,65.3,61.39,62.05,-5.66
195266_195268_0,61.9630012512207,64.78,61.32,62.2,2.82
195266_25321302_0,69.06999969482422,64.16,62.78,63.0,-4.91
195268_25451370_0,59.70899963378906,61.79,61.3,62.0,2.08
195268_195270_0,61.7239990234375,64.33,61.47,61.05,2.61
195268_195266_0,61.9630012512207,64.78,61.26,62.2,2.82
195270_25336178_0,61.95299911499024,62.97,58.8,61.4,1.02
195270_522100855_0,60.507999420166016,60.78,57.58,59.55,0.27
195271_25335981_0,60.130001068115234,60.09,54.58,59.25,-0.04
195274_1703401805_0,59.51100158691406,60.69,59.1,60.65,1.18
195274_195275_0,60.62799835205078,60.04,57.94,59.5,-0.59
195275_2959901670_0,62.78799819946289,61.13,64.95,64.8,-1.66
195275_21992964_0,59.73400115966797,60.36,54.42,58.5,0.63
195276_25321304_0,60.84999847412109,63.06,63.28,58.15,2.21
195276_474605986_0,73.42400360107422,70.51,62.74,64.95,-2.91
195277_21992964_0,58.74399948120117,61.66,62.53,61.75,2.92
195277_2959901670_0,71.57099914550781,69.35,63.33,66.0,-2.22
195279_21696192_0,62.59099960327149,65.2,64.63,66.0,2.61
195279_25451455_0,72.03800201416016,68.44,67.32,66.45,-3.6
195282_26058651_0,75.43900299072266,70.3,68.5,67.25,-5.14
581678_26059183_0,72.49700164794922,66.91,66.88,67.1,-5.59
581678_195237_0,73.15599822998047,68.83,61.74,66.1,-4.33
7300862_1519682890_0,73.00299835205078,70.36,66.06,66.75,-2.64
7300862_293585811_0,64.73200225830078,61.66,61.64,61.45,-3.07
7300867_21704353_0,74.5009994506836,66.74,67.76,65.9,-7.76
7394819_6119410093_0,69.21199798583984,59.04,60.19,56.4,-10.17
7394820_9257232_0,70.01200103759766,61.53,62.23,61.42,-8.48
7394820_1866856610_0,58.70700073242188,58.0,61.01,58.1,-0.71
7394824_7394820_0,67.34100341796875,59.68,56.44,59.38,-7.66
7394824_1866826428_0,55.58399963378906,54.7,58.75,57.7,-0.88
7394832_8206700_0,68.88500213623047,60.92,52.01,60.85,-7.97
7394910_33149220_0,69.50700378417969,62.51,64.49,62.55,-7.0
7394910_7394925_0,70.76499938964844,64.03,67.06,63.4,-6.73
7394925_8207506_0,69.73899841308594,63.05,65.09,64.2,-6.69
7394925_9257214_0,69.93399810791016,62.95,63.98,63.1,-6.98
7394925_9213756_0,69.3479995727539,58.22,62.87,60.75,-11.13
7394925_7394910_0,70.76499938964844,64.03,67.06,63.4,-6.73
7469500_26480367_0,73.4520034790039,67.64,61.72,65.25,-5.81
7469500_1042749232_0,70.63800048828125,68.89,62.58,65.6,-1.75
7469501_25614299_0,74.40599822998047,70.83,62.92,64.45,-3.58
7469501_7274778339_0,77.41899871826172,70.25,63.43,64.3,-7.17
7470129_26480377_0,75.96700286865234,68.49,61.34,65.4,-7.48
7470129_1510257225_0,76.98400115966797,69.67,61.52,65.85,-7.31
7470130_6919580833_0,78.1449966430664,68.0,63.14,66.15,-10.14
8206700_11880778545_0,68.90699768066406,64.65,53.26,60.4,-4.26
8206700_1374638719_0,72.27899932861328,65.12,55.31,60.5,-7.16
8207493_3302602287_0,55.06900024414063,53.09,57.63,57.95,-1.98
8207493_361643451_0,66.25199890136719,59.05,60.45,60.92,-7.2
8207493_8207506_0,69.18199920654297,60.16,59.51,61.3,-9.02
8207506_7394925_0,69.73899841308594,63.05,65.09,64.2,-6.69
8207506_8207493_0,69.18199920654297,60.17,59.51,61.3,-9.01
8358135_6919580835_0,74.09100341796875,69.13,61.81,66.15,-4.96
8358135_26009837_0,74.78600311279297,68.96,64.65,65.2,-5.83
8433662_8593279_0,69.86299896240234,62.4,58.37,64.45,-7.46
8433662_8433808_0,71.13899993896484,59.56,68.18,61.95,-11.58
8433662_8433684_0,72.0979995727539,63.06,63.26,62.75,-9.04
8433684_2462509544_0,71.08200073242188,60.52,61.7,64.4,-10.56
8433684_8433662_0,72.0979995727539,63.06,63.26,62.75,-9.04
8433808_8433662_0,71.13899993896484,59.56,67.75,61.95,-11.58
8433808_504557626_0,69.14299774169922,57.65,62.26,56.5,-11.49
8433940_25115182_0,67.53800201416016,58.87,56.81,62.8,-8.67
8434031_8434042_0,62.57099914550781,56.46,54.53,60.1,-6.11
8434031_33118776_0,73.30699920654297,64.53,63.7,64.55,-8.78
8434031_26314979_0,72.46399688720703,62.3,62.42,61.75,-10.16
8434042_25470101_0,73.69000244140625,58.71,66.31,61.15,-14.98
8434042_33122282_0,67.04100036621094,58.98,62.37,54.05,-8.06
8592437_24289066_0,71.14199829101562,66.0,62.18,63.7,-5.14
8592437_33116037_0,68.78700256347656,65.4,60.24,63.6,-3.39
8593279_8433662_0,69.86299896240234,62.39,58.62,64.45,-7.47
8593279_24289061_0,72.83599853515625,62.14,59.18,64.2,-10.7
8593279_8877429_0,71.62100219726562,63.65,61.98,63.65,-7.97
8593425_8877429_0,70.9229965209961,63.41,63.38,59.2,-7.51
8593425_8876507_0,67.64600372314453,62.64,58.87,60.2,-5.01
8876507_8593425_0,67.64600372314453,62.64,58.87,60.2,-5.01
8877429_8593425_0,70.9229965209961,63.36,63.47,59.3,-7.56
8877429_8593279_0,71.62100219726562,63.65,61.98,63.65,-7.97
8877564_1352581090_0,49.30199813842773,54.58,50.75,53.7,5.28
9213739_4741814127_0,66.0270004272461,55.43,45.77,46.2,-10.6
9213756_1382687432_0,64.8280029296875,55.68,58.32,55.35,-9.15
9213756_7394925_0,69.3479995727539,58.23,62.01,60.75,-11.12
9213756_33149204_0,68.97899627685547,57.96,52.08,55.85,-11.02
9214618_25451862_0,72.79000091552734,70.5,68.02,64.05,-2.29
9214618_21674907_0,64.90899658203125,63.98,65.1,62.55,-0.93
9214708_600734173_0,70.71600341796875,64.45,59.0,66.2,-6.27
9214708_3160860324_0,72.75499725341797,71.06,65.15,66.65,-1.69
9214909_9214919_0,73.18800354003906,68.64,64.81,64.25,-4.55
9214909_9214911_0,59.672000885009766,61.88,63.98,62.25,2.21
9214911_9214915_0,56.86199951171875,61.78,61.38,61.35,4.92
9214911_18232179_0,58.90299987792969,61.27,56.21,59.0,2.37
9214911_8792993463_0,58.82500076293945,61.09,57.51,58.0,2.26
9214915_18232182_0,62.44400024414063,61.59,58.2,60.65,-0.85
9214915_9214911_0,56.86199951171875,61.78,61.38,61.35,4.92
9214915_9516750676_0,61.86600112915039,63.41,62.5,62.05,1.54
9214919_143415_0,72.95500183105469,68.48,63.56,65.15,-4.48
9249417_8592437_0,70.4010009765625,63.14,63.38,63.95,-7.26
9249808_24289146_0,71.1520004272461,64.98,60.04,64.65,-6.17
9249808_9249417_0,70.7969970703125,61.82,59.79,64.85,-8.98
9249817_24289158_0,74.15799713134766,65.69,57.32,64.05,-8.47
9249817_9250428_0,74.41400146484375,61.6,62.26,64.37,-12.81
9250428_9250674_0,76.25499725341797,63.66,62.06,63.72,-12.59
9250674_7275092726_0,77.21399688720703,67.15,61.75,63.45,-10.06
9250674_1126334635_0,77.43699645996094,66.8,63.68,64.35,-10.64
9257186_3302602286_0,59.31700134277344,55.25,53.42,53.45,-4.07
9257186_9257232_0,67.80699920654297,58.32,56.28,54.95,-9.49
9257214_7394925_0,69.93399810791016,62.95,63.98,63.1,-6.98
9257214_9257226_0,68.5719985961914,59.65,60.51,60.55,-8.92
9257226_9257214_0,68.5719985961914,59.65,60.51,60.55,-8.92
9257226_9257232_0,70.48600006103516,61.96,61.01,63.0,-8.53
9257232_9257186_0,67.80699920654297,58.49,56.29,54.2,-9.32
9257232_9257226_0,70.48600006103516,61.96,61.01,63.0,-8.53
9257232_7394820_0,70.01200103759766,61.53,62.23,61.42,-8.48
13383951_33252315_0,80.00199890136719,62.27,67.91,66.5,-17.73
13383978_958117926_0,83.25599670410156,66.89,64.45,66.05,-16.37
15925416_601393134_0,76.15599822998047,66.98,57.78,61.25,-9.18
15925438_2600858778_0,73.0719985961914,67.82,63.22,62.85,-5.25
15925438_18697400_0,62.03400039672852,62.37,62.44,60.85,0.34
15925440_21712143_0,60.67699813842773,63.31,57.81,63.9,2.63
15925440_25152444_0,70.552001953125,69.42,61.39,65.55,-1.13
15925442_10087719688_0,73.24500274658203,63.6,62.14,62.3,-9.65
15925442_143439_0,73.93900299072266,62.9,60.82,59.1,-11.04
15925446_25306034_0,62.04800033569336,64.68,68.4,61.2,2.63
15925446_975232215_0,68.7040023803711,72.55,64.11,67.85,3.85
15925447_1856728232_0,68.79399871826172,68.25,69.99,68.65,-0.54
15925447_12505754910_0,71.22799682617188,75.16,66.45,68.6,3.93
15925451_25499219_0,59.25899887084961,61.06,56.26,58.8,1.8
15925451_8784789884_0,64.09600067138672,61.61,57.98,59.55,-2.49
15925452_5006393114_0,60.03400039672852,61.35,60.59,60.75,1.32
15925452_25451866_0,58.99599838256836,62.72,62.12,61.4,3.72
16050062_25719223_0,67.72200012207031,67.53,63.68,64.3,-0.19
16050062_21674798_0,62.79600143432617,62.79,68.32,61.5,-0.01
16564346_16564347_0,66.7239990234375,56.25,60.66,52.6,-10.47
16564346_33257059_0,77.62699890136719,62.58,60.0,56.9,-15.05
16564347_16564349_0,59.209999084472656,56.29,55.31,52.55,-2.92
16564347_16564350_0,67.10800170898438,55.32,53.37,52.6,-11.79
16564349_220311331_0,69.62799835205078,55.96,52.46,48.3,-13.67
16564353_16564346_0,77.40899658203125,61.05,58.98,55.95,-16.36
16564357_25312123_0,78.99500274658203,60.52,61.29,63.45,-18.48
16564357_25312129_0,70.79199981689453,60.72,63.14,63.9,-10.07
16564364_16564365_0,82.95600128173828,66.98,69.39,64.75,-15.98
16564365_34819704_0,79.9800033569336,66.88,70.48,65.0,-13.1
16564365_8791385058_0,73.30699920654297,58.75,65.46,63.7,-14.56
16566895_16566904_0,76.8489990234375,63.72,69.55,63.85,-13.13
16566895_16566897_0,72.40699768066406,63.13,65.29,63.15,-9.28
16566897_4528925726_0,71.92500305175781,65.03,66.8,65.05,-6.9
16566897_23666834_0,63.821998596191406,63.7,61.35,61.35,-0.12
16566904_3807653478_0,76.88899993896484,68.44,66.67,66.05,-8.45
16566907_16566908_0,74.97100067138672,61.43,63.2,64.05,-13.54
16566910_25454179_0,64.91799926757812,58.75,54.32,53.65,-6.17
16566910_16566895_0,76.552001953125,60.87,64.83,63.55,-15.68
18232178_21600350_0,58.52199935913086,60.13,59.1,60.25,1.61
18232178_8792993463_0,58.02000045776367,60.7,59.48,59.7,2.68
18232178_143415_0,63.27899932861328,61.17,61.1,62.55,-2.11
18232179_143416_0,58.84999847412109,60.38,55.36,60.55,1.53
18232179_21696191_0,59.5880012512207,61.66,58.56,57.95,2.07
18232180_9214915_0,66.322998046875,63.57,63.12,62.15,-2.75
18232180_18232179_0,59.11800003051758,61.23,58.89,60.35,2.11
18232182_18232184_0,56.97600173950195,60.48,56.13,56.65,3.5
18232182_18232180_0,61.310001373291016,61.57,59.32,60.05,0.26
18232183_21696191_0,59.93899917602539,61.7,60.33,62.65,1.76
18232183_21702433_0,61.617000579833984,63.6,64.37,64.25,1.98
18232184_18232182_0,56.97600173950195,60.48,56.13,56.65,3.5
18232186_18697395_0,58.27000045776367,57.55,46.2,53.75,-0.72
18232186_18232187_0,59.23600006103516,59.11,59.51,59.8,-0.13
18232187_34235998_0,44.6870002746582,59.37,61.02,59.85,14.68
18232187_18697389_0,58.68299865722656,59.23,57.68,59.4,0.55
18697376_18697402_0,62.2509994506836,61.93,58.23,60.78,-0.32
18697376_2924143717_0,66.01499938964844,61.71,58.67,59.55,-4.3
18697378_18697402_0,61.44499969482422,60.61,57.21,58.6,-0.83
18697383_8883130215_0,71.63700103759766,68.42,60.19,64.8,-3.22
18697383_21992981_0,51.31600189208984,66.66,57.3,61.75,15.34
18697383_18697402_0,62.59799957275391,62.23,58.44,61.65,-0.37
18697385_18697420_0,62.85100173950195,65.66,60.24,63.25,2.81
18697385_25153048_0,66.28800201416016,65.13,61.42,61.55,-1.16
18697389_21510475_0,59.15900039672852,59.0,51.28,56.6,-0.16
18697389_18697378_0,56.04100036621094,59.33,56.86,57.6,3.29
18697393_18697378_0,58.797000885009766,59.47,49.64,54.5,0.67
18697393_2924143717_0,64.87699890136719,59.36,55.73,56.9,-5.52
18697395_18232186_0,58.27000045776367,57.54,47.54,53.6,-0.73
18697397_1039285712_0,58.64599990844727,61.93,57.96,61.45,3.28
18697397_25305960_0,63.03300094604492,61.48,55.52,59.0,-1.55
18697400_18697397_0,58.255001068115234,61.56,54.79,59.1,3.3
18697400_796917475_0,59.573001861572266,60.98,60.85,58.65,1.41
18697402_18697376_0,62.2509994506836,61.93,58.23,60.78,-0.32
18697402_18697383_0,62.59799957275391,62.23,58.44,61.65,-0.37
18697408_25152680_0,64.78199768066406,62.77,62.1,65.45,-2.01
18697408_3824873200_0,69.99500274658203,64.12,66.0,67.25,-5.88
18697408_25152618_0,74.09200286865234,68.94,65.46,67.0,-5.15
18697411_1475230728_0,62.5890007019043,61.92,56.79,58.6,-0.67
18697415_25152584_0,71.88600158691406,70.71,65.47,67.65,-1.18
18697415_18697408_0,74.90399932861328,68.92,60.24,66.95,-5.98
18697420_25152846_0,61.71900177001953,62.3,62.62,61.45,0.58
18697420_1039285712_0,62.25699996948242,65.25,58.11,62.0,2.99
21510475_18697378_0,58.30699920654297,59.77,49.87,57.15,1.46
21510475_21595834_0,58.29999923706055,61.05,62.59,62.0,2.75
21510476_21510488_0,64.33799743652344,57.17,58.18,61.9,-7.17
21510476_1177532202_0,59.19499969482422,56.97,64.04,58.1,-2.22
21510476_21510489_0,58.31800079345703,58.04,59.11,62.25,-0.28
21510484_492424673_0,58.26800155639648,56.01,64.22,56.55,-2.26
21510484_21510486_0,59.18899917602539,56.45,62.71,58.2,-2.74
21510484_1177532202_0,56.79199981689453,56.75,65.61,58.45,-0.04
21510486_21510487_0,55.5880012512207,56.48,55.59,54.4,0.89
21510486_21510484_0,59.18899917602539,56.45,62.71,58.2,-2.74
21510486_3882989560_0,56.42399978637695,54.49,58.12,53.4,-1.93
21510487_21510486_0,55.5880012512207,56.48,55.59,54.4,0.89
21510487_25984655_0,58.94900131225586,56.32,57.99,53.6,-2.63
21510488_27179926_0,73.0979995727539,62.3,61.88,63.5,-10.8
21510488_21510476_0,64.33799743652344,57.17,58.18,61.9,-7.17
21510488_35960757_0,71.56400299072266,63.22,63.21,63.9,-8.34
21510489_27179926_0,73.7770004272461,61.52,62.34,62.25,-12.26
21510489_21510476_0,58.31800079345703,58.1,60.87,62.3,-0.22
21510489_33122282_0,70.25700378417969,60.41,58.72,59.85,-9.85
21510491_21510487_0,43.117000579833984,54.7,56.8,54.25,11.58
21510491_26009778_0,59.53099822998047,54.67,57.24,52.62,-4.86
21510495_2149820809_0,57.41999816894531,52.08,49.58,45.15,-5.34
21595834_21595835_0,72.51399993896484,67.35,64.22,63.35,-5.16
21595835_21992836_0,58.1870002746582,61.91,61.26,60.7,3.72
21595835_143418_0,71.45099639892578,66.26,62.02,62.45,-5.19
21597584_21597589_0,61.0629997253418,57.85,51.41,53.75,-3.21
21597584_6291616343_0,58.96599960327149,58.07,52.2,53.9,-0.9
21597584_2384797254_0,61.10499954223633,65.41,63.83,60.85,4.31
21597587_21597584_0,65.42400360107422,64.87,58.19,56.25,-0.55
21597588_21597804_0,63.31800079345703,60.08,64.67,61.0,-3.24
21597588_21597587_0,60.665000915527344,57.67,59.04,54.95,-3.0
21597589_21597588_0,63.01900100708008,58.42,54.53,55.25,-4.6
21597589_21597590_0,62.06999969482422,57.45,51.39,53.5,-4.62
21597590_26583688_0,61.242000579833984,57.34,53.35,54.15,-3.9
21597590_21597802_0,61.21799850463867,56.83,60.53,57.7,-4.39
21597591_26106298_0,65.63999938964844,66.91,66.25,61.6,1.27
21597593_21597589_0,63.9739990234375,57.87,61.21,58.45,-6.1
21597593_2384797254_0,63.28400039672852,60.03,63.43,62.6,-3.25
21597802_23758496_0,70.56300354003906,67.45,64.15,65.4,-3.11
21597804_21597802_0,67.24700164794922,69.33,66.37,65.9,2.08
21597808_21597587_0,66.16100311279297,67.33,67.8,60.7,1.17
21597808_21597804_0,71.55500030517578,70.87,65.85,64.35,-0.69
21600350_18232178_0,58.52199935913086,60.13,59.1,60.25,1.61
21600350_21600353_0,59.805999755859375,59.48,60.33,60.2,-0.33
21600350_187824746_0,59.40900039672852,58.87,59.72,60.45,-0.54
21600353_1969423902_0,66.28800201416016,62.42,65.98,66.25,-3.87
21600353_21600350_0,59.805999755859375,59.48,60.33,60.2,-0.33
21600353_18697393_0,60.459999084472656,59.55,59.92,59.4,-0.91
21600354_1969423902_0,68.99800109863281,61.62,66.92,66.55,-7.38
21600354_10120780902_0,72.27999877929688,70.13,64.84,67.65,-2.15
21600355_21600354_0,72.60800170898438,67.08,61.95,65.3,-5.53
21600355_21600350_0,63.73400115966797,59.62,62.63,61.2,-4.11
21600355_3727734177_0,61.65599822998047,59.37,62.7,60.45,-2.29
21604533_25337456_0,64.58899688720703,62.27,58.8,60.4,-2.32
21604533_26059185_0,67.43900299072266,62.81,60.25,63.4,-4.63
21604533_25450962_0,60.09199905395508,62.45,62.15,61.25,2.36
21604533_25337463_0,71.19100189208984,67.44,64.65,65.75,-3.75
21604549_25306180_0,70.13500213623047,67.27,64.93,65.25,-2.87
21604549_25258725_0,61.97600173950195,61.51,60.53,60.9,-0.47
21604550_25310932_0,61.5260009765625,61.82,53.94,59.05,0.29
21604550_25319259_0,62.90800094604492,61.38,51.8,58.35,-1.53
21604550_25310933_0,72.49400329589844,66.79,61.4,64.15,-5.7
21604551_25319190_0,71.08799743652344,68.85,65.92,65.6,-2.24
21604551_21674803_0,62.50600051879883,63.26,56.03,60.25,0.75
21604552_25319212_0,62.220001220703125,64.51,63.6,64.55,2.29
21604552_25319195_0,70.75399780273438,67.4,64.74,65.75,-3.35
21604553_26053016_0,68.94100189208984,65.29,63.17,64.3,-3.65
21604553_25319201_0,61.7599983215332,60.85,60.1,60.0,-0.91
21604553_25316395_0,61.75699996948242,60.84,62.42,60.3,-0.92
21604559_8149683531_0,72.63300323486328,62.7,62.82,61.5,-9.93
21604559_286483713_0,72.19400024414062,64.56,63.89,62.8,-7.63
21604576_25468214_0,68.55799865722656,60.79,62.65,60.0,-7.77
21604576_21604585_0,70.7040023803711,60.89,63.63,57.9,-9.81
21604585_25549077_0,69.3489990234375,62.4,62.37,65.7,-6.95
21604585_21604576_0,70.7040023803711,60.89,63.63,57.9,-9.81
21604585_59654811_0,58.9630012512207,59.82,60.9,57.1,0.86
21604592_29006600_0,68.56800079345703,63.44,57.83,61.4,-5.13
21604592_8088285559_0,71.927001953125,66.77,65.93,65.25,-5.16
21604594_21604601_0,69.5999984741211,70.96,69.51,66.8,1.36
21604596_2018719148_0,70.66500091552734,72.87,64.12,66.0,2.2
21604600_21604596_0,70.66500091552734,70.95,64.84,65.7,0.28
21604601_21715353_0,70.7040023803711,69.14,60.4,63.85,-1.56
21604601_21604600_0,71.18599700927734,70.11,66.09,64.45,-1.08
21674798_1606993801_0,61.34299850463867,63.7,63.37,60.85,2.36
21674798_21674801_0,60.46500015258789,61.19,63.78,62.15,0.72
21674799_25316365_0,59.20000076293945,60.22,56.05,58.65,1.02
21674799_21674800_0,62.47299957275391,60.62,58.78,57.86,-1.85
21674800_25316436_0,58.89300155639648,60.55,52.65,57.65,1.66
21674800_25316410_0,64.96399688720703,60.38,53.08,57.65,-4.58
21674801_26053016_0,61.58300018310547,60.4,53.99,59.65,-1.18
21674801_25316395_0,60.71799850463867,60.67,55.61,58.4,-0.05
21674802_21604551_0,62.915000915527344,63.37,56.79,59.9,0.45
21674802_25319255_0,60.20800018310547,62.17,46.78,57.3,1.96
21674803_25310931_0,62.03300094604492,62.56,55.51,60.2,0.53
21674803_25319260_0,63.15299987792969,62.24,53.64,57.15,-0.91
21674804_8831834972_0,71.93099975585938,66.61,65.67,64.0,-5.32
21674804_8831710981_0,66.23699951171875,61.61,61.14,59.5,-4.63
21674805_25495340_0,73.88500213623047,66.12,63.41,65.4,-7.77
21674805_1362781021_0,74.95500183105469,66.69,57.01,64.05,-8.27
21674806_25495334_0,65.96800231933594,57.22,45.15,55.65,-8.75
21674806_25495340_0,70.78500366210938,63.47,59.48,64.3,-7.32
21674806_25495335_0,73.24099731445312,60.73,57.63,59.0,-12.51
21674807_25316177_0,71.62899780273438,64.83,58.95,63.25,-6.8
21674807_25316197_0,63.17300033569336,58.5,56.87,59.25,-4.67
21674808_25316251_0,62.00600051879883,58.6,50.71,54.9,-3.41
21674808_25316247_0,60.053001403808594,58.29,50.11,54.95,-1.76
21674809_25316255_0,60.0620002746582,59.17,50.4,54.25,-0.89
21674809_25316256_0,61.2400016784668,60.09,60.43,59.7,-1.15
21674822_130144295_0,58.49700164794922,56.36,57.57,54.15,-2.14
21674895_25327130_0,70.08999633789062,66.09,64.56,64.2,-4.0
21674895_21674799_0,64.18399810791016,61.49,61.29,60.4,-2.69
21674896_26009828_0,66.85600280761719,62.64,60.07,59.0,-4.22
21674896_26009843_0,72.5510025024414,69.13,64.05,66.75,-3.42
21674897_728283328_0,62.117000579833984,62.64,58.78,60.4,0.52
21674897_21674898_0,58.21900177001953,61.56,55.16,57.05,3.34
21674898_21674900_0,60.619998931884766,63.17,57.84,59.45,2.55
21674898_26009844_0,63.24800109863281,64.76,64.03,61.1,1.51
21674898_26057013_0,60.65599822998047,62.06,61.63,59.1,1.4
21674900_26058712_0,61.45700073242188,63.05,61.69,60.95,1.59
21674900_21674898_0,60.619998931884766,63.17,57.84,59.45,2.55
21674901_21674900_0,60.70399856567383,63.12,60.09,59.5,2.42
21674901_2104502856_0,60.04999923706055,64.65,63.88,60.2,4.6
21674903_26058165_0,72.43199920654297,67.67,62.85,65.2,-4.76
21674905_25451998_0,62.30500030517578,64.3,60.74,62.0,1.99
21674905_195234_0,73.322998046875,72.49,62.95,66.3,-0.83
21674906_26058690_0,70.24199676513672,67.86,62.32,65.85,-2.38
21674906_195282_0,73.88700103759766,71.34,63.56,67.05,-2.55
21674907_21674910_0,66.0260009765625,62.33,62.34,62.2,-3.7
21674908_8784931018_0,63.6349983215332,60.78,61.38,61.7,-2.85
21674910_26131883_0,63.34400177001953,62.49,62.66,62.05,-0.85
21674913_29083978_0,64.00199890136719,59.12,59.9,59.1,-4.88
21674913_26084497_0,70.63999938964844,60.66,60.85,58.8,-9.98
21674913_26084485_0,61.042999267578125,58.68,57.5,57.9,-2.36
21674913_26108005_0,69.94200134277344,61.13,62.24,61.3,-8.81
21674914_21674915_0,69.27999877929688,58.3,61.45,60.2,-10.98
21674914_2429781615_0,67.06300354003906,59.4,64.15,58.9,-7.66
21674914_26120299_0,66.35199737548828,59.76,62.57,61.15,-6.59
21674915_8821278639_0,72.9530029296875,64.48,67.56,64.6,-8.47
21674915_10138203531_0,72.0780029296875,64.21,66.96,63.65,-7.87
21674920_25468304_0,72.5510025024414,58.45,65.55,62.55,-14.1
21696145_21696193_0,58.70100021362305,61.33,59.32,60.15,2.63
21696145_143421_0,65.2229995727539,62.61,62.8,61.7,-2.61
21696191_143417_0,41.67300033569336,61.13,57.54,58.3,19.46
21696191_21696145_0,64.23100280761719,62.06,60.09,58.5,-2.17
21696192_18232183_0,61.19900131225586,63.53,64.03,64.75,2.33
21696192_21696145_0,57.36899948120117,61.52,62.79,60.95,4.15
21696193_34235997_0,61.38100051879883,60.71,58.03,59.4,-0.67
21702418_8168819584_0,66.49600219726562,64.14,63.26,65.1,-2.36
21702418_8087900725_0,60.86100006103516,62.19,64.45,63.15,1.33
21702423_3770573715_0,63.22600173950195,64.7,66.51,65.6,1.47
21702423_21702437_0,67.26100158691406,66.74,68.41,65.35,-0.52
21702423_8088285562_0,67.38099670410156,65.19,67.63,66.35,-2.19
21702431_10262507945_0,54.56499862670898,59.17,57.61,56.6,4.61
21702431_21702433_0,58.66999816894531,60.63,61.01,62.45,1.96
21702433_18232180_0,61.685001373291016,64.19,63.31,63.25,2.5
21702435_3770573715_0,65.65599822998047,66.37,66.39,64.1,0.71
21702435_29006600_0,66.73999786376953,62.16,63.83,61.75,-4.58
21702435_8088285559_0,66.10199737548828,66.06,66.45,66.0,-0.04
21702437_8168819584_0,68.97899627685547,65.65,65.35,65.2,-3.33
21702438_1029591870_0,71.33100128173828,69.66,69.0,67.25,-1.67
21702438_21702423_0,68.8280029296875,69.15,67.68,65.3,0.32
21702760_1957527534_0,72.71800231933594,69.69,68.64,67.65,-3.03
21702760_1957527546_0,71.06999969482422,70.46,68.65,67.0,-0.61
21703544_9516750676_0,47.11000061035156,61.88,59.94,61.6,14.77
21703544_21703552_0,69.81099700927734,66.44,62.53,65.1,-3.37
21703552_8906537924_0,72.66799926757812,72.65,63.66,65.85,-0.02
21703587_8168819585_0,55.34000015258789,61.37,61.11,63.8,6.03
21703587_21703594_0,51.387001037597656,60.51,56.23,58.15,9.12
21703587_21703589_0,56.43999862670898,60.28,59.18,57.35,3.84
21703589_21703590_0,58.30699920654297,59.92,56.46,57.25,1.61
21703589_21703587_0,56.43999862670898,60.27,59.18,57.3,3.83
21703590_21703591_0,57.4379997253418,59.77,59.11,56.6,2.33
21703590_21703595_0,57.470001220703125,59.32,57.94,57.2,1.85
21703591_21703589_0,58.63999938964844,59.76,59.84,57.2,1.12
21703591_21703598_0,59.13399887084961,59.47,58.53,56.25,0.34
21703594_21703587_0,51.387001037597656,60.51,56.29,58.15,9.12
21703594_2920302042_0,55.33000183105469,60.8,55.66,57.9,5.47
21703594_21703595_0,57.79199981689453,59.98,54.31,57.75,2.19
21703595_21703596_0,59.00899887084961,59.1,55.21,54.35,0.09
21703595_21703594_0,57.79199981689453,59.98,54.31,57.75,2.19
21703595_21704335_0,57.04499816894531,59.56,58.86,57.7,2.52
21703596_21703598_0,57.58100128173828,59.09,57.27,56.1,1.51
21703596_21703595_0,59.00899887084961,59.1,55.21,54.35,0.09
21703598_21704344_0,59.35100173950195,59.53,56.87,57.1,0.18
21703598_21703591_0,59.13399887084961,59.49,58.53,56.75,0.36
21704334_21704346_0,62.02099990844727,60.1,56.75,55.3,-1.92
21704334_21703596_0,57.91999816894531,59.22,55.53,55.3,1.3
21704335_21704334_0,61.016998291015625,59.63,56.08,56.8,-1.39
21704335_21704340_0,58.38899993896485,60.49,58.54,57.5,2.1
21704335_21704339_0,57.93199920654297,60.99,60.39,60.05,3.06
21704337_2920302042_0,60.803001403808594,61.43,55.9,59.35,0.63
21704337_932576342_0,61.99599838256836,63.63,60.76,61.95,1.63
21704339_21718264_0,62.09999847412109,63.43,60.58,61.2,1.33
21704340_21717954_0,59.92599868774414,61.8,58.27,60.65,1.87
21704340_21704341_0,58.46500015258789,60.37,57.02,55.55,1.9
21704341_21704334_0,58.50600051879883,59.62,56.16,54.35,1.11
21704341_21704340_0,58.46500015258789,60.37,57.02,55.55,1.9
21704341_21704347_0,58.70199966430664,60.07,59.55,57.85,1.37
21704344_21704346_0,59.32699966430664,60.18,55.0,58.2,0.85
21704344_21703598_0,59.35100173950195,59.53,56.87,57.1,0.18
21704344_8088247480_0,58.62099838256836,61.68,62.06,60.15,3.06
21704346_21704347_0,59.56600189208984,60.75,56.8,58.15,1.18
21704346_8088247481_0,60.04399871826172,61.52,59.03,60.55,1.48
21704347_21704348_0,59.742000579833984,60.77,58.5,58.15,1.03
21704347_21717908_0,58.41299819946289,61.1,54.14,57.15,2.69
21704347_21704341_0,58.70199966430664,60.07,59.36,57.85,1.37
21704348_21717932_0,60.68600082397461,61.18,58.59,62.35,0.49
21704348_3552894983_0,58.79999923706055,61.24,58.62,58.85,2.44
21704348_21729400_0,60.845001220703125,60.51,54.51,58.7,-0.34
21704353_21704354_0,58.61899948120117,60.9,63.34,60.65,2.28
21704353_8087900728_0,73.55400085449219,67.67,66.85,65.85,-5.88
21704354_11332038992_0,59.198001861572266,59.55,58.4,58.95,0.35
21704354_8087900725_0,59.37300109863281,59.37,61.99,61.82,-0.0
21712143_25173820_0,61.06499862670898,63.04,56.53,61.95,1.98
21712143_26576955_0,72.11499786376953,63.47,55.66,60.25,-8.64
21712144_21712143_0,58.244998931884766,62.12,56.76,58.95,3.88
21712144_25173760_0,58.6259994506836,62.07,58.33,60.15,3.44
21714980_143408_0,74.66200256347656,63.77,63.0,64.45,-10.89
21714980_21714981_0,74.25299835205078,67.64,64.18,63.75,-6.61
21714980_25624670_0,62.95000076293945,61.45,61.02,60.7,-1.5
21714981_143403_0,75.14600372314453,63.73,63.32,65.05,-11.42
21714981_8149051282_0,73.63899993896484,68.74,66.53,65.35,-4.9
21715353_644880770_0,73.63899993896484,64.93,61.87,63.75,-8.71
21715353_7205400947_0,70.9729995727539,69.72,61.41,62.85,-1.25
21717905_1156367438_0,58.76100158691406,62.14,56.18,57.35,3.38
21717905_21717906_0,58.63600158691406,62.18,56.47,57.95,3.54
21717905_8088247481_0,60.34999847412109,62.5,60.98,60.65,2.15
21717906_21717907_0,57.65499877929688,62.22,56.85,57.4,4.57
21717906_8148599278_0,60.05500030517578,62.41,60.09,61.7,2.35
21717907_21717906_0,57.65499877929688,62.22,56.94,57.4,4.57
21717907_21717908_0,62.24800109863281,62.66,63.19,62.25,0.41
21717908_21704347_0,58.41299819946289,61.09,54.14,57.15,2.68
21717908_8088247481_0,60.27399826049805,63.78,60.94,61.9,3.51
21717913_8148599278_0,67.0469970703125,64.33,59.44,62.8,-2.72
21717913_8164417178_0,66.93699645996094,65.61,63.43,63.05,-1.33
21717915_8164417173_0,59.88600158691406,62.94,60.75,58.45,3.05
21717916_1201354435_0,63.59400177001953,64.36,61.38,60.2,0.77
21717916_21717918_0,61.08700180053711,64.43,60.36,61.55,3.34
21717918_8148638869_0,63.60100173950195,64.15,59.45,61.4,0.55
21717918_1201354445_0,63.60100173950195,64.08,59.37,60.4,0.48
21717919_21717933_0,59.13999938964844,60.6,60.26,56.5,1.46
21717919_4799805071_0,57.00699996948242,60.82,60.15,59.1,3.81
21717927_21717916_0,59.5359992980957,62.32,64.21,61.15,2.78
21717927_21717934_0,69.13899993896484,63.14,54.73,62.7,-6.0
21717927_21717928_0,69.08100128173828,63.57,55.01,62.3,-5.51
21717928_21729400_0,64.38800048828125,61.37,52.27,61.15,-3.02
21717928_21717929_0,63.23500061035156,62.6,60.84,58.65,-0.64
21717928_8088318345_0,67.63999938964844,64.88,60.15,60.35,-2.76
21717928_21717927_0,69.08100128173828,63.57,55.01,62.3,-5.51
21717929_8088318345_0,63.72999954223633,64.25,65.78,61.95,0.52
21717929_21717930_0,60.92499923706055,64.47,65.3,61.65,3.55
21717930_21717916_0,62.244998931884766,64.48,61.69,61.25,2.24
21717930_21717929_0,60.92499923706055,64.46,65.3,61.65,3.54
21717931_3552894977_0,61.33000183105469,62.08,61.74,60.6,0.75
21717931_21718288_0,58.72299957275391,60.75,60.72,58.3,2.03
21717931_21717939_0,64.39299774169922,61.98,60.78,59.2,-2.41
21717932_471133022_0,68.45800018310547,63.09,59.93,57.55,-5.37
21717932_21717934_0,67.197998046875,63.43,60.93,64.2,-3.77
21717933_21717919_0,59.13999938964844,60.61,57.61,56.5,1.47
21717933_21717943_0,59.85699844360352,60.01,57.52,56.25,0.15
21717933_21717934_0,60.7400016784668,60.98,56.76,59.25,0.24
21717934_21717933_0,60.7400016784668,60.91,57.07,59.2,0.17
21717934_21717927_0,69.13899993896484,63.14,54.73,62.7,-6.0
21717934_21717932_0,67.197998046875,63.44,60.93,64.2,-3.76
21717939_21717946_0,61.55400085449219,60.44,58.6,58.57,-1.11
21717939_471133022_0,68.89800262451172,62.79,61.12,57.45,-6.11
21717939_1201354425_0,67.38300323486328,62.2,59.46,63.25,-5.18
21717939_21717931_0,64.39299774169922,61.99,60.78,59.2,-2.4
21717941_21717942_0,58.80199813842773,59.14,59.91,56.75,0.34
21717941_21717943_0,58.74700164794922,59.34,57.46,57.2,0.59
21717941_21717946_0,57.5359992980957,59.39,56.25,55.95,1.85
21717942_4799805074_0,59.71599960327149,58.81,55.9,56.75,-0.91
21717942_21717941_0,58.80199813842773,59.14,59.91,56.75,0.34
21717942_21718297_0,54.1619987487793,59.07,60.85,58.0,4.91
21717943_21717941_0,58.74700164794922,59.34,57.46,57.2,0.59
21717943_21717933_0,59.85699844360352,60.01,57.52,56.25,0.15
21717943_471133020_0,43.28400039672852,59.22,55.47,56.4,15.94
21717946_21718291_0,62.48500061035156,60.1,55.81,57.55,-2.39
21717946_21717939_0,61.55400085449219,60.44,58.6,58.57,-1.11
21717946_21717941_0,57.5359992980957,59.39,56.25,55.95,1.85
21717953_21704339_0,61.72600173950195,63.68,58.87,61.3,1.95
21717954_21717953_0,62.650001525878906,64.09,58.19,62.1,1.44
21717954_21704340_0,59.92599868774414,61.81,58.27,60.65,1.88
21717956_21704340_0,59.64599990844727,61.41,58.25,60.45,1.76
21717956_21717954_0,62.0099983215332,63.01,58.24,61.35,1.0
21718264_21704337_0,60.85499954223633,63.8,60.4,61.95,2.95
21718288_2490241911_0,59.31800079345703,61.26,64.71,61.45,1.94
21718288_21717931_0,58.72299957275391,60.74,60.72,58.35,2.02
21718288_143403_0,70.84200286865234,63.29,62.4,64.55,-7.55
21718291_21717946_0,62.48500061035156,60.1,55.81,57.55,-2.39
21718291_8148996574_0,62.99599838256836,60.6,59.27,60.5,-2.4
21718297_21718291_0,61.40299987792969,59.79,56.97,58.9,-1.61
21718297_21717942_0,54.1619987487793,59.07,60.85,58.0,4.91
21729400_21704348_0,60.845001220703125,60.51,54.51,58.7,-0.34
21729400_21717928_0,64.38800048828125,61.37,52.27,61.15,-3.02
21729405_21717956_0,61.08599853515625,62.84,59.11,62.15,1.75
21789166_1148982723_0,67.2959976196289,58.52,57.38,61.4,-8.78
21850766_21852320_0,58.29999923706055,61.47,57.83,59.4,3.17
21851032_21852322_0,57.52299880981445,60.28,54.45,59.3,2.76
21852320_9214909_0,63.32400131225586,62.44,65.26,64.65,-0.88
21852322_21850766_0,58.516998291015625,60.77,55.18,59.95,2.25
21852322_143412_0,58.95100021362305,61.93,57.78,57.55,2.98
21852326_143413_0,72.43299865722656,69.99,62.98,66.4,-2.44
21855792_143412_0,71.08399963378906,68.45,63.89,65.8,-2.63
21992644_21992645_0,62.41400146484375,60.77,54.5,61.0,-1.64
21992644_2786991022_0,61.84600067138672,59.5,53.02,56.7,-2.35
21992645_21992646_0,71.00800323486328,60.88,54.51,59.0,-10.13
21992646_3727734175_0,59.20199966430664,59.52,53.08,58.4,0.32
21992646_269229442_0,69.16999816894531,59.38,54.65,58.35,-9.79
21992709_1298421634_0,63.275001525878906,59.68,58.74,58.25,-3.6
21992709_21992798_0,73.0770034790039,67.57,62.08,64.05,-5.51
21992712_2786991022_0,65.97899627685547,59.91,60.17,58.55,-6.07
21992712_384959104_0,73.79399871826172,68.46,60.44,65.85,-5.33
21992798_2786991023_0,66.40499877929688,60.52,61.05,63.85,-5.88
21992798_2294100851_0,76.51499938964844,69.78,61.96,65.05,-6.73
21992835_21993015_0,64.06199645996094,63.09,60.77,58.4,-0.97
21992836_21992835_0,60.04899978637695,61.16,54.46,59.55,1.11
21992836_565368324_0,55.27799987792969,61.09,54.32,58.8,5.81
21992964_25321357_0,58.95199966430664,60.97,55.72,59.9,2.02
21992964_25335974_0,58.65599822998047,60.02,56.71,60.25,1.36
21992980_21993013_0,62.18199920654297,62.5,55.68,60.4,0.32
21992980_6359515623_0,72.427001953125,70.74,59.93,64.2,-1.69
21992981_21595834_0,72.77999877929688,66.65,59.41,63.9,-6.13
21992995_21992996_0,58.84299850463867,62.53,61.77,61.2,3.69
21992996_21993015_0,58.58200073242188,63.4,60.88,63.05,4.82
21992996_474605986_0,65.38999938964844,63.33,63.74,59.55,-2.06
21993013_21992980_0,62.18199920654297,62.51,55.92,60.55,0.33
21993013_565368324_0,59.823001861572266,61.81,57.28,59.75,1.99
21993013_21992995_0,52.82899856567383,61.76,55.94,60.85,8.93
21993015_195276_0,67.34100341796875,64.08,65.95,65.85,-3.26
21993015_271415805_0,63.21099853515625,62.73,61.69,60.2,-0.48
21993017_21992995_0,64.76699829101562,62.53,55.17,61.05,-2.24
21993017_21992980_0,72.54199981689453,69.79,56.57,60.85,-2.75
22145874_26336918_0,78.97200012207031,69.04,61.15,64.15,-9.93
22145874_34967269_0,84.00299835205078,64.13,63.79,64.5,-19.87
22145874_26336921_0,77.08699798583984,67.54,63.98,64.5,-9.55
22146035_22156869_0,74.5199966430664,64.44,63.58,65.0,-10.08
22156849_26314979_0,68.96900177001953,63.14,60.13,62.8,-5.83
22156849_6943216125_0,73.43499755859375,65.48,59.92,64.4,-7.95
22156869_24289158_0,74.15799713134766,65.47,59.62,64.75,-8.69
22156869_1352581162_0,72.88800048828125,67.04,61.03,64.85,-5.85
22158975_9249817_0,74.3740005493164,65.69,60.48,62.9,-8.68
22158975_6943216130_0,74.3740005493164,65.54,55.03,64.15,-8.83
22209228_22218349_0,71.63999938964844,65.24,63.39,64.4,-6.4
22216548_23669387_0,68.91999816894531,62.48,56.76,61.85,-6.44
22216548_22209228_0,71.95099639892578,65.38,64.16,65.65,-6.57
22218349_22218377_0,73.447998046875,63.8,51.42,57.8,-9.65
22218349_33183165_0,62.16400146484375,58.34,59.66,56.55,-3.82
22218377_22218444_0,71.052001953125,64.27,58.84,63.65,-6.78
22218444_25722223_0,63.00699996948242,59.45,57.05,60.65,-3.56
22218444_22218474_0,71.57499694824219,65.07,62.01,63.15,-6.5
22218474_22218513_0,71.78399658203125,65.43,61.06,63.15,-6.35
22218513_22218540_0,72.33599853515625,64.88,51.12,58.8,-7.46
22218540_25722224_0,69.31900024414062,60.01,51.31,55.95,-9.31
22218540_22470837_0,73.23699951171875,65.36,59.59,63.4,-7.88
22470837_22470880_0,69.03700256347656,65.59,60.7,63.75,-3.45
22470880_22470962_0,70.24500274658203,65.2,60.26,63.7,-5.05
22470880_23666882_0,64.08100128173828,59.1,56.54,57.85,-4.98
22470962_4528925726_0,73.7239990234375,67.03,67.25,65.1,-6.69
22470962_23666834_0,64.16300201416016,60.2,59.21,60.3,-3.96
23666815_23667222_0,63.4119987487793,60.49,52.88,53.5,-2.92
23666815_23666905_0,59.26800155639648,58.78,51.84,53.95,-0.49
23666834_23666815_0,61.43999862670898,61.15,57.06,58.75,-0.29
23666834_23666882_0,63.52099990844727,60.18,54.35,59.35,-3.34
23666882_23666905_0,60.900001525878906,58.91,58.6,58.8,-1.99
23666882_22470880_0,64.08100128173828,59.11,55.65,57.95,-4.97
23666882_23666931_0,63.98899841308594,60.72,56.54,59.5,-3.27
23666905_23666923_0,59.93299865722656,58.3,50.95,53.8,-1.63
23666905_23666882_0,60.900001525878906,58.91,58.6,58.8,-1.99
23666923_33183236_0,60.37099838256836,58.19,49.99,54.2,-2.18
23666923_23666931_0,62.698001861572266,59.19,56.65,59.65,-3.51
23666931_23666981_0,62.979000091552734,60.14,54.06,58.95,-2.84
23666931_22470837_0,50.48799896240234,60.97,58.81,60.95,10.48
23666981_33183236_0,60.5880012512207,58.67,46.98,54.6,-1.92
23666981_23667013_0,63.02299880981445,59.72,49.3,55.85,-3.3
23667013_33250399_0,59.13600158691406,58.13,52.37,54.15,-1.01
23667013_11071527613_0,60.35900115966797,57.81,49.72,53.85,-2.55
23667013_23667053_0,62.152000427246094,58.39,46.25,54.45,-3.76
23667053_23667059_0,60.47499847412109,57.54,47.46,53.9,-2.93
23667053_33183161_0,62.62799835205078,58.57,51.43,54.8,-4.06
23667059_23667053_0,60.47499847412109,57.57,47.56,54.3,-2.9
23667059_23667112_0,58.375,57.21,45.26,53.85,-1.16
23667059_33250396_0,60.03499984741211,57.07,49.86,54.0,-2.96
23667112_23667339_0,60.24800109863281,57.08,45.44,53.8,-3.17
23667198_23667059_0,60.31800079345703,57.69,43.87,53.85,-2.63
23667198_23667112_0,60.00400161743164,57.4,46.83,53.3,-2.6
23667222_23843291_0,63.448001861572266,59.56,53.82,53.6,-3.89
23667222_25722226_0,64.75199890136719,58.71,49.6,52.7,-6.04
23667285_23666923_0,59.95399856567383,58.38,46.28,54.1,-1.57
23667285_23667222_0,60.61000061035156,59.46,52.46,53.2,-1.15
23667335_24485668_0,53.04800033569336,60.46,51.66,55.35,7.41
23667335_23667198_0,58.9739990234375,58.84,46.55,54.9,-0.13
23667335_25722225_0,60.09600067138672,60.89,50.92,56.3,0.79
23667339_23667335_0,59.77000045776367,58.73,52.56,56.0,-1.04
23669146_23758496_0,65.23300170898438,59.37,67.53,65.85,-5.86
23669320_23669146_0,60.12699890136719,58.16,58.38,54.5,-1.97
23669320_35516374_0,63.59199905395508,61.2,66.97,61.5,-2.39
23669387_23669474_0,68.66300201416016,63.56,64.9,64.2,-5.1
23669387_23669320_0,62.266998291015625,60.55,61.36,60.95,-1.72
23669474_23669146_0,46.70800018310547,58.68,62.16,64.3,11.97
23669474_838347919_0,69.0260009765625,63.16,67.52,65.75,-5.87
23758496_35516374_0,67.58699798583984,68.62,64.34,62.85,1.03
23842995_24809664_0,50.5009994506836,55.48,53.41,52.48,4.98
23843288_23667285_0,61.64500045776367,58.53,48.53,55.1,-3.12
23843288_24485668_0,60.89599990844727,57.76,45.19,53.85,-3.14
23843291_25149521_0,64.9229965209961,59.31,54.46,54.2,-5.61
23843291_23843288_0,60.68600082397461,57.95,46.47,53.05,-2.74
23843291_23667222_0,63.448001861572266,59.56,53.82,53.6,-3.89
24009837_8496944255_0,71.63200378417969,69.99,63.19,64.5,-1.64
24009837_195251_0,73.49099731445312,75.66,69.06,68.45,2.17
24009841_25337460_0,69.42400360107422,68.18,68.09,66.25,-1.24
24009841_24009837_0,72.56999969482422,71.96,70.38,67.95,-0.61
24289061_33116036_0,72.59500122070312,62.8,57.75,63.8,-9.8
24289061_8593279_0,72.83599853515625,62.13,59.16,64.2,-10.71
24289066_8592437_0,71.14199829101562,66.0,62.18,63.7,-5.14
24289066_6943172533_0,70.78199768066406,61.86,62.81,64.85,-8.92
24289146_6943172520_0,72.04199981689453,66.58,61.24,64.9,-5.46
24289146_6943172513_0,70.61699676513672,64.75,58.11,64.45,-5.87
24289158_22158975_0,73.0999984741211,65.86,57.03,64.25,-7.24
24289158_1352581162_0,73.0999984741211,65.4,60.03,64.45,-7.7
24484855_838347915_0,61.14699935913086,58.55,50.92,54.75,-2.6
24484855_22209228_0,65.25299835205078,59.38,61.43,60.05,-5.87
24484923_24484855_0,66.16799926757812,57.63,53.22,54.0,-8.54
24484925_24484932_0,60.52099990844727,57.07,49.68,53.05,-3.45
24484925_24484923_0,66.55699920654297,57.18,51.6,53.22,-9.38
24484928_33250398_0,47.59299850463867,57.52,46.71,53.15,9.93
24484928_25722218_0,60.80400085449219,58.72,48.73,55.0,-2.08
24484932_24484928_0,60.13999938964844,57.33,47.17,53.15,-2.81
24484937_23667339_0,59.23400115966797,57.17,48.18,53.8,-2.06
24484937_24484932_0,58.31700134277344,57.19,48.05,53.08,-1.13
24484941_24484925_0,64.37200164794922,56.82,53.64,52.88,-7.55
24485668_24485956_0,59.948001861572266,57.96,59.24,59.05,-1.99
24485668_24485740_0,60.53900146484375,59.96,51.3,54.0,-0.58
24485668_23667335_0,53.04800033569336,60.47,50.21,55.3,7.42
24485740_24485746_0,63.64799880981445,59.47,51.89,54.7,-4.18
24485740_24485754_0,63.66600036621094,61.24,55.08,58.95,-2.43
24485746_23843288_0,63.30400085449219,58.99,51.73,54.4,-4.31
24485746_25149521_0,62.68600082397461,59.27,51.1,54.9,-3.42
24485749_3101723978_0,76.58999633789062,67.24,62.19,63.75,-9.35
24485749_24485746_0,65.42900085449219,59.91,55.82,55.6,-5.52
24485754_3101723983_0,78.62799835205078,66.45,63.09,63.5,-12.18
24485759_24485754_0,77.64800262451172,68.19,60.46,63.55,-9.46
24485763_5706947070_0,62.358001708984375,60.21,48.53,54.4,-2.15
24485763_24485740_0,61.34999847412109,59.49,49.49,53.75,-1.86
24485888_958117915_0,65.90899658203125,60.25,52.45,55.05,-5.66
24485888_24485922_0,64.23200225830078,60.46,59.79,60.95,-3.77
24485922_24485956_0,60.07899856567383,59.83,58.8,60.85,-0.25
24485922_24485763_0,62.84700012207031,59.84,59.43,59.15,-3.01
24485956_24809643_0,58.4010009765625,58.23,59.34,58.5,-0.17
24485956_24484937_0,59.97200012207031,58.3,57.78,58.6,-1.67
24644347_1384310580_0,58.87799835205078,58.64,54.57,55.85,-0.24
24644347_24644383_0,63.542999267578125,59.09,59.86,58.6,-4.45
24644383_24644347_0,63.542999267578125,59.09,59.86,58.6,-4.45
24809643_24484941_0,65.50700378417969,58.51,53.54,53.5,-7.0
24809643_24809664_0,59.85599899291992,57.29,55.76,52.5,-2.57
24809664_24809679_0,61.297000885009766,58.17,57.41,55.05,-3.13
24809664_838347881_0,59.12900161743164,57.95,59.94,60.0,-1.18
24809664_23842995_0,50.5009994506836,55.48,53.41,52.48,4.98
24809679_1037257437_0,63.233001708984375,59.31,53.72,57.3,-3.92
24809679_918297329_0,61.62799835205078,60.9,66.22,61.8,-0.73
24809679_1037257439_0,62.220001220703125,59.44,53.71,55.95,-2.78
24809692_24809643_0,64.54000091552734,57.99,51.84,55.45,-6.55
24809692_1037257439_0,63.01300048828125,59.51,53.83,55.3,-3.5
24809692_24485922_0,63.36100006103516,59.75,60.0,59.8,-3.61
25115153_11428571608_0,69.00299835205078,58.46,63.25,57.8,-10.54
25115178_33122297_0,60.68899917602539,54.58,59.64,56.05,-6.11
25115178_25115153_0,62.97299957275391,58.59,62.39,57.4,-4.38
25115182_262860754_0,69.88600158691406,59.27,57.2,62.65,-10.62
25149511_775581408_0,66.68000030517578,60.9,59.21,55.25,-5.78
25149511_775581409_0,66.15499877929688,59.17,61.58,61.05,-6.98
25149511_25149523_0,59.6510009765625,58.66,51.33,53.6,-0.99
25149512_33256991_0,77.83399963378906,66.67,61.88,63.3,-11.16
25149513_25149514_0,64.80699920654297,60.12,56.77,59.0,-4.69
25149513_25149512_0,77.22100067138672,67.0,62.17,63.25,-10.22
25149514_25149511_0,65.29900360107422,59.73,56.25,54.7,-5.57
25149521_25149522_0,67.72799682617188,60.54,58.91,59.4,-7.19
25149521_25149514_0,63.64699935913086,59.6,56.21,54.75,-4.05
25149522_25149513_0,78.09200286865234,67.87,62.12,63.05,-10.22
25149523_23843291_0,64.66799926757812,58.66,51.05,53.8,-6.01
25152444_26576955_0,73.45899963378906,70.33,64.03,66.15,-3.13
25152584_25152613_0,71.2239990234375,74.25,65.77,66.5,3.03
25152613_13473072243_0,73.08499908447266,71.56,63.24,64.85,-1.52
25152615_25152618_0,70.14800262451172,66.58,66.63,66.6,-3.57
25152616_3824873194_0,62.2760009765625,65.92,63.47,64.25,3.64
25152618_3824873200_0,70.12100219726562,65.84,64.88,67.2,-4.28
25152618_25152621_0,73.125,68.69,63.48,66.2,-4.44
25152621_25152845_0,73.35399627685547,67.5,64.64,65.55,-5.85
25152679_18697397_0,59.80500030517578,61.19,54.76,57.9,1.38
25152679_2600858761_0,58.41600036621094,59.74,59.72,58.65,1.32
25152680_25152679_0,60.05400085449219,61.48,55.69,58.55,1.43
25152845_195244_0,74.12300109863281,67.79,66.63,66.75,-6.33
25152849_25152928_0,58.667999267578125,61.43,60.3,58.65,2.76
25152928_1035871834_0,63.255001068115234,65.18,60.18,64.4,1.92
25152928_25495293_0,64.8479995727539,65.14,64.59,65.7,0.29
25153048_18697420_0,60.14899826049805,62.42,60.72,59.9,2.27
25153048_796918086_0,61.42100143432617,64.03,54.34,58.65,2.61
25153067_18697385_0,63.95600128173828,67.22,60.26,64.05,3.26
25153067_1035871834_0,61.87799835205078,63.92,61.27,63.45,2.04
25153069_25153101_0,63.38899993896485,62.13,63.09,62.15,-1.26
25153069_1035871899_0,59.8849983215332,62.61,63.14,61.5,2.73
25153070_25153069_0,59.06900024414063,61.45,57.56,59.15,2.38
25153070_195239_0,63.59299850463867,62.07,64.82,66.2,-1.52
25153071_25153070_0,59.52199935913086,60.99,58.15,59.2,1.47
25153071_25153072_0,60.21799850463867,60.69,56.85,59.35,0.47
25153072_25153094_0,57.02999877929688,60.86,56.98,58.45,3.83
25153072_25153075_0,59.5890007019043,60.31,56.21,59.3,0.72
25153074_11509487125_0,62.04399871826172,63.65,62.24,60.25,1.61
25153074_26059198_0,65.0199966430664,61.69,60.18,59.75,-3.33
25153075_25153103_0,59.70100021362305,60.27,56.85,59.15,0.57
25153076_25153048_0,60.119998931884766,61.43,55.86,60.1,1.31
25153076_25153069_0,59.632999420166016,61.73,51.95,57.6,2.1
25153076_25153067_0,57.89300155639648,62.54,59.93,59.8,4.65
25153094_25153076_0,59.66299819946289,61.3,49.94,58.45,1.64
25153094_25153070_0,59.887001037597656,60.9,56.09,58.45,1.01
25153100_581678_0,72.74400329589844,68.86,64.8,65.8,-3.88
25153100_25153071_0,64.00700378417969,61.15,65.11,63.35,-2.86
25153101_195239_0,73.65299987792969,68.85,67.21,66.45,-4.8
25153101_3846297548_0,67.5999984741211,65.23,64.83,66.7,-2.37
25153102_1475230727_0,64.23600006103516,62.96,56.74,58.85,-1.28
25153102_25337450_0,62.47600173950195,64.34,60.29,60.65,1.86
25153103_1475230727_0,61.69200134277344,60.98,57.31,59.35,-0.71
25153103_25337456_0,61.553001403808594,61.28,58.81,60.1,-0.27
25153103_25337448_0,59.652000427246094,60.7,58.5,59.6,1.05
25153108_1035871899_0,64.10700225830078,65.42,64.95,62.7,1.31
25153108_25153101_0,72.73300170898438,69.25,59.26,62.7,-3.48
25173749_25173760_0,59.729000091552734,62.31,60.3,60.8,2.58
25173749_25173835_0,59.56999969482422,63.03,62.96,60.1,3.46
25173760_25152584_0,61.507999420166016,63.77,59.63,61.7,2.26
25173820_25173835_0,70.9000015258789,70.83,62.57,64.75,-0.07
25173835_21712144_0,61.31499862670898,62.62,60.75,60.0,1.31
25173835_2628204930_0,70.20800018310547,70.36,62.87,65.0,0.15
25173835_479185290_0,65.34500122070312,62.87,65.18,64.8,-2.48
25173843_34402214_0,69.66600036621094,72.26,66.6,67.85,2.59
25173843_25173749_0,60.85900115966797,62.57,63.68,59.9,1.71
25174163_18697415_0,74.125,70.14,64.25,67.2,-3.98
25174163_25173749_0,62.20899963378906,63.16,62.93,59.75,0.95
25175743_11956024523_0,68.76000213623047,68.51,57.98,60.45,-0.25
25175764_26086303_0,69.70800018310547,68.01,54.96,60.2,-1.7
25175764_25175794_0,60.57699966430664,61.11,55.99,59.95,0.53
25175778_25175764_0,68.29900360107422,68.51,62.69,65.2,0.21
25175791_25175778_0,61.80500030517578,62.43,55.07,61.0,0.62
25175794_25175791_0,61.12300109863281,61.64,56.63,58.8,0.52
25175794_25175798_0,62.44900131225586,61.26,53.47,57.7,-1.19
25175798_26079789_0,57.48799896240234,61.42,59.57,59.85,3.93
25175798_25175743_0,61.35300064086914,61.49,56.98,60.5,0.14
25175805_26033235_0,59.40599822998047,61.56,52.71,57.05,2.15
25175805_25175794_0,59.27399826049805,61.28,51.98,58.05,2.01
25175819_26576963_0,74.03299713134766,69.96,57.86,64.4,-4.07
25175819_2117622731_0,74.03299713134766,64.73,58.06,64.8,-9.3
25175819_12766824120_0,73.42500305175781,68.94,59.98,64.6,-4.49
25248947_33254622_0,78.46399688720703,69.8,65.95,65.5,-8.66
25248947_1126334642_0,78.08000183105469,68.61,63.26,65.5,-9.47
25258518_25258528_0,62.49700164794922,61.52,51.29,57.5,-0.98
25258519_25258518_0,61.61199951171875,62.62,55.77,59.5,1.01
25258519_1036842321_0,71.12699890136719,65.14,55.6,60.45,-5.99
25258521_25258523_0,62.266998291015625,61.81,52.06,56.5,-0.46
25258521_1036842321_0,63.20500183105469,62.51,58.26,59.3,-0.7
25258523_25258518_0,62.04600143432617,61.77,49.71,56.4,-0.28
25258524_25258523_0,58.6150016784668,62.15,59.16,57.8,3.53
25258524_25258527_0,59.81999969482422,62.51,54.03,58.5,2.69
25258525_25258521_0,61.34999847412109,62.21,53.89,58.25,0.86
25258525_975656240_0,63.01800155639648,62.58,50.75,57.95,-0.44
25258527_7262708541_0,63.198001861572266,63.12,55.77,58.8,-0.08
25258527_25258518_0,58.19300079345703,62.15,54.88,58.4,3.96
25258527_25258529_0,62.39799880981445,62.61,55.42,58.6,0.21
25258528_25258539_0,61.81499862670898,61.4,52.88,57.3,-0.41
25258528_2663770362_0,61.882999420166016,62.16,55.32,58.45,0.28
25258529_7262708550_0,59.38199996948242,62.01,58.72,58.6,2.63
25258529_25306036_0,60.150001525878906,62.75,57.41,59.7,2.6
25258530_25258529_0,59.86299896240234,62.02,52.51,59.0,2.16
25258530_25258545_0,63.922000885009766,63.45,59.69,59.6,-0.47
25258534_25258519_0,72.2959976196289,64.84,59.35,60.35,-7.46
25258535_25258528_0,63.632999420166016,62.13,57.04,60.9,-1.5
25258535_25258534_0,58.24300003051758,64.28,55.65,62.0,6.04
25258539_25258542_0,59.40599822998047,61.3,54.4,56.95,1.89
25258539_25306175_0,61.20600128173828,61.87,61.88,61.7,0.66
25258542_25306176_0,62.970001220703125,62.07,56.78,61.45,-0.9
25258545_25258542_0,59.499000549316406,62.52,58.59,62.55,3.02
25258545_1489507797_0,59.86600112915039,63.97,65.08,61.15,4.1
25258720_25258721_0,60.744998931884766,61.57,53.55,57.95,0.83
25258720_25258732_0,62.400001525878906,61.36,52.78,58.0,-1.04
25258721_25258729_0,58.54100036621094,61.14,57.52,58.75,2.6
25258721_25258722_0,58.150001525878906,62.58,55.84,57.7,4.43
25258722_25306183_0,58.209999084472656,63.97,64.6,60.8,5.76
25258724_25306180_0,59.58399963378906,62.06,63.92,61.0,2.48
25258724_25258725_0,59.53400039672852,60.76,53.47,58.35,1.23
25258725_25258726_0,60.11299896240234,61.26,60.45,59.25,1.15
25258725_25258755_0,59.720001220703125,61.07,58.34,58.2,1.35
25258726_25258728_0,61.042999267578125,63.7,59.38,60.7,2.66
25258728_25258729_0,60.09600067138672,61.64,64.1,60.95,1.54
25258728_25258722_0,59.18199920654297,63.15,58.46,59.0,3.97
25258729_25258750_0,59.8380012512207,61.17,56.71,59.35,1.33
25258729_25258732_0,60.04600143432617,61.29,58.56,60.15,1.24
25258732_25258734_0,60.29999923706055,60.96,54.99,57.95,0.66
25258732_25258749_0,62.71500015258789,61.44,51.93,58.4,-1.28
25258734_25258743_0,60.25899887084961,61.18,55.95,57.9,0.92
25258734_25258737_0,60.19900131225586,61.18,54.71,57.55,0.98
25258737_26033313_0,59.29100036621094,61.8,50.41,57.15,2.51
25258737_5298945584_0,61.54800033569336,62.62,60.48,59.15,1.07
25258741_25258743_0,58.53099822998047,61.35,56.92,57.45,2.82
25258741_25258737_0,62.369998931884766,61.9,49.15,57.65,-0.47
25258743_25258749_0,60.25199890136719,61.21,56.97,58.55,0.96
25258743_25258534_0,59.01900100708008,61.86,60.05,60.6,2.84
25258749_25258750_0,60.547000885009766,61.07,58.99,58.0,0.52
25258749_25258535_0,62.387001037597656,62.12,55.58,60.55,-0.27
25258750_25258751_0,57.56399917602539,61.38,59.04,58.35,3.82
25258750_25306175_0,58.9379997253418,61.86,61.54,60.35,2.92
25258751_25258728_0,58.78400039672852,62.01,59.57,59.4,3.23
25258753_25258755_0,60.79899978637695,61.25,59.03,57.15,0.45
25258753_25258726_0,56.040000915527344,62.2,55.75,58.85,6.16
25258755_25258757_0,60.47100067138672,62.08,59.18,59.15,1.61
25258755_25306178_0,60.25199890136719,60.99,60.1,60.2,0.74
25258757_25306162_0,60.8120002746582,63.43,61.32,62.45,2.62
25258757_25258758_0,69.53199768066406,65.26,61.09,61.5,-4.27
25258758_25258753_0,64.47599792480469,62.68,58.97,58.65,-1.8
25258758_25306176_0,70.49099731445312,64.83,64.64,64.6,-5.66
25258759_25258734_0,58.74100112915039,61.09,54.91,57.55,2.35
25258759_25258720_0,58.494998931884766,61.54,53.04,58.6,3.05
25303795_226202090_0,57.8650016784668,61.49,58.9,59.7,3.62
25303795_25303799_0,57.5260009765625,60.39,59.25,60.3,2.86
25303796_8168819577_0,63.68199920654297,60.33,58.2,60.45,-3.35
25303796_25303799_0,58.5629997253418,59.24,57.79,55.15,0.68
25303799_26570167_0,59.130001068115234,59.6,56.01,58.25,0.47
25303800_25303833_0,45.1510009765625,59.66,63.34,60.75,14.51
25303800_25303801_0,59.04199981689453,59.53,55.97,57.75,0.49
25303800_25321469_0,57.641998291015625,58.51,60.22,61.05,0.87
25303801_25303796_0,65.62699890136719,59.39,54.36,56.5,-6.24
25303803_25303804_0,72.89600372314453,63.14,66.32,60.75,-9.76
25303804_25303805_0,57.637001037597656,59.09,60.6,58.9,1.45
25303804_624172864_0,71.08799743652344,63.29,67.36,58.85,-7.8
25303805_2480201967_0,66.52400207519531,60.09,58.2,57.0,-6.43
25303806_25303807_0,45.62099838256836,59.03,55.16,58.35,13.41
25303806_25303805_0,61.12900161743164,59.61,56.97,56.85,-1.52
25303807_325213179_0,70.80799865722656,62.01,69.71,59.15,-8.8
25303831_25336247_0,66.4540023803711,59.33,65.71,63.8,-7.12
25303831_25321456_0,64.46299743652344,63.19,65.92,65.95,-1.27
25303831_25303832_0,70.8239974975586,67.01,67.82,66.35,-3.81
25303831_25321689_0,64.44300079345703,62.18,67.44,62.55,-2.26
25303832_25303833_0,73.25700378417969,65.51,66.02,63.45,-7.75
25303833_2365376415_0,73.65899658203125,65.3,65.97,62.5,-8.36
25303836_1383027249_0,58.70100021362305,57.46,55.62,54.9,-1.24
25303836_2865054509_0,56.08000183105469,57.3,56.86,55.45,1.22
25303836_2365376415_0,55.02899932861328,58.95,63.69,59.75,3.92
25303840_25321687_0,56.266998291015625,60.76,56.82,59.4,4.49
25303840_251050719_0,55.4739990234375,58.28,53.74,53.4,2.81
25303841_26317293_0,44.2859992980957,61.61,63.55,61.2,17.32
25303841_25321689_0,66.23300170898438,61.97,61.2,63.0,-4.26
25303841_25303840_0,57.78400039672852,60.91,61.02,61.7,3.13
25305955_25305960_0,59.428001403808594,61.11,62.5,59.65,1.68
25305955_18697400_0,53.11800003051758,60.98,57.63,56.75,7.86
25305960_1475230723_0,62.20100021362305,62.14,56.05,58.0,-0.06
25306024_1291379525_0,62.803001403808594,63.61,59.79,59.3,0.81
25306024_1036842184_0,58.854000091552734,62.39,62.54,59.2,3.54
25306030_1987812136_0,65.6729965209961,64.26,66.54,67.25,-1.41
25306034_975232215_0,68.77400207519531,71.87,66.17,68.25,3.1
25306034_25306035_0,63.35300064086914,63.69,63.45,62.05,0.34
25306035_34401983_0,64.26499938964844,63.71,63.56,61.25,-0.55
25306035_25258525_0,65.03600311279297,62.31,54.09,58.8,-2.73
25306036_25306035_0,62.85499954223633,62.55,62.2,61.45,-0.3
25306036_15925447_0,66.072998046875,65.67,65.51,68.0,-0.4
25306159_320914981_0,67.53199768066406,68.38,66.38,67.25,0.85
25306159_25258757_0,70.83799743652344,66.47,63.24,64.75,-4.37
25306160_25306159_0,72.81800079345703,70.34,66.92,66.45,-2.48
25306160_26057043_0,70.32499694824219,66.82,67.51,66.35,-3.5
25306161_26079691_0,72.19000244140625,68.05,65.08,65.85,-4.14
25306161_26079697_0,62.35100173950195,64.06,65.15,61.8,1.71
25306162_25306163_0,61.32699966430664,63.27,60.5,59.2,1.94
25306162_25306160_0,62.6259994506836,65.17,64.68,63.75,2.54
25306163_1465125837_0,60.209999084472656,62.48,64.87,59.1,2.27
25306163_25306161_0,62.71699905395508,64.11,62.26,62.75,1.39
25306164_26059302_0,59.39300155639648,65.1,65.87,62.15,5.71
25306164_3066729207_0,71.25,76.05,64.78,60.08,4.8
25306175_25258535_0,70.74800109863281,64.43,58.33,62.0,-6.32
25306176_25258751_0,61.03200149536133,62.12,60.38,58.35,1.09
25306176_25306175_0,69.76899719238281,64.17,60.7,61.85,-5.6
25306178_21604549_0,70.39399719238281,65.86,62.65,64.8,-4.53
25306178_9681597415_0,60.81800079345703,59.72,59.88,62.45,-1.1
25306180_25306181_0,70.83699798583984,67.01,66.47,65.3,-3.83
25306180_26053253_0,61.32400131225586,62.03,60.08,62.35,0.71
25306181_8831923521_0,71.32599639892578,67.72,66.39,65.5,-3.61
25306181_25306182_0,62.81900024414063,62.89,63.9,63.05,0.07
25306182_25306183_0,60.04999923706055,63.38,63.0,60.2,3.33
25306182_25258724_0,58.48500061035156,62.28,56.24,57.85,3.79
25306183_26027222_0,61.73899841308594,63.89,65.08,61.75,2.15
25306183_25306184_0,59.762001037597656,64.69,66.71,60.3,4.93
25306184_25258721_0,44.73500061035156,61.7,62.67,59.0,16.96
25306184_25306185_0,59.27999877929688,62.31,64.4,59.1,3.03
25306185_25258720_0,62.17399978637695,61.38,55.2,58.35,-0.79
25306185_25306186_0,60.45800018310547,61.1,57.35,56.75,0.64
25306186_25258759_0,59.617000579833984,61.63,53.07,57.35,2.01
25306186_26033460_0,59.98400115966797,62.99,62.91,61.25,3.01
25306186_612426770_0,61.87099838256836,61.02,53.55,57.95,-0.85
25310822_25327119_0,72.42500305175781,61.74,61.57,63.4,-10.69
25310822_25310823_0,62.03099822998047,57.68,52.55,58.4,-4.35
25310823_25310824_0,57.57600021362305,57.39,46.42,54.85,-0.19
25310824_25327124_0,59.303001403808594,57.46,52.73,54.65,-1.84
25310824_25310825_0,62.84000015258789,58.02,61.97,60.65,-4.82
25310825_25310822_0,71.34700012207031,61.08,61.83,62.25,-10.27
25310825_2814044874_0,64.01599884033203,58.72,61.39,60.2,-5.3
25310826_25327124_0,59.117000579833984,57.17,60.91,58.3,-1.95
25310826_25310825_0,70.97599792480469,60.92,65.52,63.45,-10.06
25310829_25327125_0,71.31600189208984,63.69,64.22,65.45,-7.63
25310829_7012463945_0,73.23400115966797,63.36,61.91,64.95,-9.87
25310831_25498570_0,71.7030029296875,61.38,61.57,62.9,-10.32
25310831_4576330333_0,72.11000061035156,64.56,58.11,64.1,-7.55
25310832_25310829_0,65.59300231933594,57.95,64.73,63.95,-7.64
25310832_25310831_0,60.125,58.28,67.69,60.15,-1.84
25310854_25310857_0,59.6879997253418,58.53,55.33,58.0,-1.16
25310854_25310879_0,63.233001708984375,60.42,59.27,61.1,-2.81
25310855_25310860_0,58.619998931884766,58.38,54.77,58.75,-0.24
25310855_25310854_0,62.21099853515625,58.53,52.91,56.6,-3.68
25310856_25310855_0,59.93399810791016,57.65,57.65,54.1,-2.28
25310856_25310824_0,62.46099853515625,57.79,50.61,54.55,-4.67
25310857_2814082596_0,63.17699813842773,59.06,62.56,58.75,-4.12
25310857_5732208557_0,60.165000915527344,59.35,57.94,60.2,-0.82
25310858_25310854_0,60.32799911499024,58.58,52.11,57.8,-1.75
25310858_25310860_0,45.27999877929688,58.77,59.36,58.8,13.49
25310859_25310861_0,70.76300048828125,66.29,65.52,65.25,-4.47
25310859_25310858_0,61.06600189208984,59.76,58.73,60.85,-1.31
25310860_25327122_0,49.93199920654297,59.01,59.84,59.2,9.08
25310861_25327121_0,70.82599639892578,65.63,64.41,64.95,-5.2
25310862_25310879_0,73.03600311279297,64.18,63.48,62.8,-8.86
25310862_25310858_0,60.73799896240234,59.44,61.35,60.55,-1.3
25310863_25310862_0,73.81099700927734,62.63,66.93,62.85,-11.18
25310864_25310867_0,65.19400024414062,59.51,57.11,59.8,-5.68
25310864_25310863_0,58.79600143432617,57.73,59.07,59.5,-1.07
25310866_8363909975_0,66.30799865722656,61.13,63.27,60.45,-5.18
25310866_25310873_0,70.44100189208984,64.47,65.49,64.6,-5.97
25310867_25310866_0,71.91000366210938,63.8,63.37,64.35,-8.11
25310867_13176425186_0,64.7249984741211,59.38,54.28,60.45,-5.34
25310868_9985511560_0,74.46800231933594,70.51,65.56,66.3,-3.96
25310868_25310867_0,72.38700103759766,63.71,63.69,65.9,-8.68
25310868_25310863_0,72.16200256347656,63.38,61.09,64.95,-8.78
25310869_25310862_0,61.17699813842773,59.8,66.09,60.8,-1.38
25310869_25310864_0,60.80699920654297,59.25,54.26,57.1,-1.56
25310870_25310877_0,60.275001525878906,59.29,60.69,54.4,-0.99
25310870_25310869_0,58.33200073242188,59.42,53.52,53.92,1.09
25310871_25310870_0,60.03499984741211,59.7,52.39,53.58,-0.33
25310871_25310872_0,61.11100006103516,59.31,54.85,54.55,-1.8
25310872_8363909975_0,58.70500183105469,58.8,62.57,59.4,0.09
25310872_25310873_0,66.15399932861328,60.18,63.86,59.45,-5.97
25310873_26035015_0,61.98099899291992,59.36,57.55,61.05,-2.62
25310873_270733389_0,69.64099884033203,63.85,62.02,64.45,-5.79
25310874_25310871_0,58.83399963378906,59.83,53.75,53.5,1.0
25310874_25310875_0,60.025001525878906,59.77,58.66,53.35,-0.26
25310875_25310891_0,63.2140007019043,60.1,55.91,54.8,-3.11
25310875_25327153_0,60.21500015258789,60.12,57.3,58.35,-0.1
25310876_25310875_0,52.858001708984375,59.83,50.75,53.0,6.97
25310876_25310871_0,59.77899932861328,59.39,57.1,54.6,-0.39
25310877_25310876_0,44.98099899291992,59.68,50.06,53.95,14.7
25310877_25310882_0,60.35499954223633,59.23,55.59,54.45,-1.12
25310878_25310877_0,45.71099853515625,59.64,59.92,58.35,13.93
25310878_25310869_0,59.73099899291992,59.39,59.23,57.3,-0.34
25310879_25310878_0,63.70899963378906,60.87,63.16,61.3,-2.84
25310879_25310880_0,71.90299987792969,64.56,62.82,63.85,-7.34
25310880_25327127_0,74.34200286865234,63.9,65.13,62.9,-10.44
25310880_25310857_0,63.42699813842773,61.43,65.21,61.1,-2.0
25310881_25310880_0,63.7859992980957,61.94,64.11,61.3,-1.85
25310881_25310878_0,59.95800018310547,59.72,60.24,59.05,-0.24
25310882_25310881_0,60.37799835205078,60.41,56.26,61.85,0.03
25310882_1381860430_0,60.321998596191406,60.14,61.63,59.15,-0.18
25310885_25310882_0,62.18899917602539,59.69,50.14,54.45,-2.5
25310885_25310886_0,60.99300003051758,59.63,50.05,53.7,-1.36
25310886_25327153_0,58.78300094604492,60.28,57.34,60.6,1.5
25310886_25310876_0,59.755001068115234,59.35,49.87,53.65,-0.41
25310887_1381860429_0,71.26599884033203,62.9,63.82,65.55,-8.37
25310887_25327147_0,70.7959976196289,67.67,63.39,65.5,-3.13
25310888_25316384_0,61.47600173950195,60.57,61.76,60.35,-0.91
25310888_25310887_0,70.37300109863281,67.58,63.85,65.15,-2.79
25310889_1381860431_0,71.87300109863281,63.56,66.47,65.45,-8.31
25310889_25310888_0,71.15799713134766,67.06,64.47,65.55,-4.1
25310890_25310896_0,61.02999877929688,59.78,57.92,57.95,-1.25
25310890_1954994779_0,70.43399810791016,64.15,66.81,64.2,-6.28
25310890_25310893_0,61.87699890136719,59.87,63.61,59.9,-2.01
25310891_25310890_0,63.67900085449219,60.23,57.79,59.85,-3.45
25310891_25310900_0,61.96099853515625,61.9,58.19,61.45,-0.06
25310893_1954994781_0,59.72100067138672,60.15,65.05,62.25,0.43
25310893_25310909_0,61.75,58.55,63.77,62.0,-3.2
25310894_26035106_0,58.48799896240234,59.15,57.81,53.15,0.66
25310894_25310896_0,60.49100112915039,59.27,54.95,53.0,-1.22
25310895_25310894_0,59.29899978637695,58.81,56.84,53.0,-0.49
25310895_11690126531_0,65.28199768066406,58.41,64.17,62.35,-6.87
25310896_1682324863_0,63.47299957275391,60.61,61.08,60.95,-2.86
25310896_2450713202_0,61.345001220703125,59.62,56.12,56.05,-1.73
25310897_2450713228_0,68.7239990234375,64.64,55.07,61.95,-4.08
25310897_25310898_0,47.435001373291016,60.42,56.95,58.85,12.98
25310898_25310905_0,61.8650016784668,60.17,52.37,56.45,-1.7
25310898_25310899_0,63.12799835205078,60.29,52.04,56.2,-2.84
25310899_25310900_0,61.75400161743164,60.68,58.47,61.05,-1.07
25310899_25310890_0,60.10499954223633,59.74,61.22,58.5,-0.36
25310900_1381860427_0,61.6870002746582,60.75,57.74,60.95,-0.94
25310900_25310903_0,61.108001708984375,62.21,64.66,63.35,1.1
25310901_25310885_0,61.37900161743164,60.57,55.8,62.25,-0.81
25310901_25310902_0,60.34099960327149,60.11,60.85,62.1,-0.23
25310902_25327152_0,59.540000915527344,59.5,52.53,53.85,-0.04
25310902_1381860428_0,63.36000061035156,61.13,64.27,62.75,-2.23
25310903_1381860426_0,59.95899963378906,59.87,58.4,56.55,-0.09
25310903_1381860425_0,62.25600051879883,62.78,61.23,62.95,0.52
25310904_25310903_0,60.16999816894531,60.05,59.87,55.75,-0.12
25310904_25310899_0,58.25400161743164,59.66,53.99,52.9,1.41
25310905_34385832_0,62.32799911499024,61.78,63.09,60.15,-0.55
25310905_25310904_0,56.61000061035156,60.04,55.97,53.95,3.43
25310907_25310894_0,62.66600036621094,60.46,58.05,61.55,-2.21
25310907_25310908_0,68.40599822998047,67.44,69.56,64.5,-0.97
25310908_25932612_0,67.68800354003906,64.8,69.33,64.4,-2.89
25310908_6101119291_0,68.91000366210938,68.5,64.93,65.2,-0.41
25310909_2072612784_0,70.28800201416016,64.94,63.47,63.6,-5.35
25310910_2319500305_0,62.8120002746582,63.53,62.48,64.9,0.72
25310910_25310909_0,70.71399688720703,65.44,57.82,65.45,-5.27
25310911_25310874_0,61.09099960327149,60.2,61.48,60.75,-0.89
25310911_25310872_0,59.22299957275391,58.54,60.77,60.75,-0.68
25310913_25310910_0,62.97600173950195,62.55,62.78,64.15,-0.43
25310913_26035104_0,60.047000885009766,59.9,60.38,59.75,-0.15
25310931_25310932_0,63.42300033569336,63.06,62.97,63.0,-0.36
25310931_25310933_0,72.90599822998047,67.6,63.39,63.65,-5.31
25310932_21604550_0,61.5260009765625,61.82,53.94,59.05,0.29
25310932_21674804_0,63.24399948120117,62.08,61.08,62.75,-1.16
25310933_25319258_0,73.552001953125,67.06,63.56,64.4,-6.49
25310933_25319257_0,71.3759994506836,67.77,63.55,64.4,-3.61
25312121_33257060_0,79.125,65.23,65.51,58.88,-13.89
25312123_25312128_0,68.51499938964844,57.4,58.63,56.2,-11.11
25312123_25312138_0,79.59200286865234,60.4,62.76,61.45,-19.19
25312123_16564357_0,78.99500274658203,60.52,61.29,63.5,-18.48
25312126_25312127_0,60.09400177001953,57.04,59.73,56.4,-3.05
25312126_3834391683_0,60.08300018310547,54.82,58.37,53.9,-5.26
25312126_35678578_0,68.51300048828125,60.19,62.78,57.85,-8.32
25312126_8788252009_0,70.69400024414062,61.09,61.76,63.7,-9.6
25312127_8788241046_0,57.77099990844727,57.55,52.9,61.55,-0.22
25312127_25312134_0,58.935001373291016,56.66,53.82,54.65,-2.28
25312128_35678579_0,62.38199996948242,57.01,57.43,54.05,-5.37
25312128_25312135_0,60.12300109863281,57.18,56.88,54.8,-2.94
25312129_25312128_0,60.87200164794922,57.55,59.98,56.85,-3.32
25312129_24526417_0,59.56999969482422,55.04,60.17,54.85,-4.53
25312129_16564357_0,70.79199981689453,60.72,63.14,63.9,-10.07
25312129_35678578_0,69.33499908447266,60.09,64.09,57.75,-9.24
25312133_35678668_0,62.52099990844727,56.04,52.48,53.05,-6.48
25312133_8788329523_0,62.73899841308594,57.11,56.32,57.1,-5.63
25312133_712926919_0,59.71500015258789,56.0,61.24,56.45,-3.72
25312134_8788241048_0,60.4379997253418,57.91,59.4,58.1,-2.53
25312134_25312133_0,59.68199920654297,56.16,51.28,52.65,-3.52
25312135_25312136_0,59.84600067138672,56.71,56.63,54.25,-3.14
25312135_35678580_0,62.09400177001953,57.11,52.71,53.55,-4.98
25312136_25312144_0,60.59299850463867,56.17,61.57,56.5,-4.42
25312136_25312137_0,70.3499984741211,57.57,60.99,58.35,-12.78
25312136_35678668_0,64.10099792480469,56.35,59.19,54.05,-7.75
25312137_712909224_0,79.62100219726562,60.41,62.66,62.35,-19.21
25312137_25312138_0,79.37100219726562,60.44,62.52,59.8,-18.93
25312137_25312136_0,70.3499984741211,57.57,60.99,58.35,-12.78
25312138_25312135_0,68.81300354003906,58.36,55.53,60.35,-10.45
25312138_25312137_0,79.37100219726562,60.44,62.52,59.8,-18.93
25312138_25312123_0,79.59200286865234,60.4,62.76,61.45,-19.19
25312144_35678468_0,62.641998291015625,58.1,60.13,57.85,-4.54
25312144_712909224_0,70.08100128173828,59.42,60.13,61.2,-10.66
25312477_2084363829_0,69.25,57.08,61.94,64.05,-12.17
25312477_190131566_0,67.7040023803711,57.34,60.69,57.5,-10.36
25316171_25498540_0,60.672000885009766,57.91,62.63,60.15,-2.76
25316172_25316184_0,60.0260009765625,56.61,49.26,54.1,-3.42
25316173_25498567_0,64.26000213623047,58.33,56.79,59.85,-5.93
25316174_25498568_0,60.79800033569336,58.17,61.25,59.85,-2.63
25316175_25495336_0,62.25899887084961,57.63,58.23,58.7,-4.63
25316176_25498569_0,72.10600280761719,61.37,63.43,62.9,-10.74
25316176_25310831_0,71.13899993896484,65.02,58.83,64.2,-6.12
25316177_25316176_0,71.21600341796875,65.28,60.36,63.05,-5.94
25316177_25316199_0,59.6619987487793,58.17,65.46,59.75,-1.49
25316178_25316179_0,72.79199981689453,64.0,61.09,63.85,-8.79
25316178_25316189_0,62.89599990844727,58.47,62.4,59.15,-4.43
25316179_25498566_0,72.65899658203125,60.54,61.46,62.95,-12.12
25316179_21674807_0,72.87000274658203,63.93,58.25,63.3,-8.94
25316180_25498539_0,74.4520034790039,66.05,63.31,64.4,-8.4
25316180_25316178_0,73.00900268554688,65.14,64.42,64.4,-7.87
25316181_25316182_0,68.80500030517578,61.95,64.05,64.4,-6.86
25316182_26052732_0,72.64399719238281,63.06,61.38,64.7,-9.58
25316182_6990640909_0,69.9489974975586,58.96,60.63,64.7,-10.99
25316184_4894298864_0,60.24800109863281,56.61,46.52,54.35,-3.64
25316184_25495339_0,59.95700073242188,56.9,47.52,53.35,-3.06
25316185_25316173_0,62.2239990234375,56.53,49.69,53.9,-5.69
25316185_25316184_0,59.75199890136719,56.39,51.25,54.85,-3.36
25316186_25316174_0,58.83000183105469,56.45,48.47,54.25,-2.38
25316186_25316185_0,58.66299819946289,56.49,51.43,54.1,-2.17
25316187_25316197_0,62.20800018310547,57.58,52.34,53.3,-4.63
25316187_25316188_0,61.07600021362305,58.05,47.8,54.15,-3.03
25316188_25316179_0,61.797000885009766,58.51,59.53,59.75,-3.29
25316189_1042749309_0,61.79100036621094,58.43,46.27,54.95,-3.36
25316190_25316180_0,69.75599670410156,63.72,63.25,64.25,-6.04
25316191_25316190_0,67.59500122070312,62.53,61.94,64.15,-5.07
25316191_25316192_0,61.57500076293945,58.41,54.23,59.8,-3.17
25316192_25316258_0,62.80400085449219,58.74,58.32,58.65,-4.06
25316193_25316192_0,62.35200119018555,59.34,58.23,60.6,-3.01
25316193_25316180_0,73.98400115966797,66.17,65.05,64.6,-7.81
25316194_25498538_0,70.21299743652344,60.04,63.38,60.35,-10.17
25316195_25316181_0,69.28099822998047,63.4,63.9,63.85,-5.88
25316197_25316199_0,62.15599822998047,57.37,53.94,54.55,-4.79
25316197_21674808_0,62.255001068115234,58.02,48.69,54.05,-4.24
25316199_1694707162_0,63.266998291015625,57.35,53.09,55.0,-5.92
25316247_1042749613_0,60.49300003051758,58.54,46.95,53.95,-1.95
25316247_21674809_0,58.40399932861328,58.89,51.48,54.95,0.49
25316249_25316251_0,59.04899978637695,58.89,60.04,59.0,-0.16
25316249_25316247_0,59.499000549316406,59.55,58.57,58.5,0.05
25316250_25316254_0,59.69400024414063,60.34,58.97,59.6,0.65
25316250_25316249_0,59.290000915527344,60.59,60.67,60.8,1.3
25316251_25316252_0,62.63600158691406,59.8,62.87,59.15,-2.84
25316251_25316262_0,57.91400146484375,57.78,58.15,54.75,-0.13
25316252_25316250_0,58.49300003051758,60.51,60.4,60.05,2.02
25316252_21674895_0,63.05199813842773,61.52,67.55,60.4,-1.53
25316254_25316260_0,61.37200164794922,61.38,60.68,61.05,0.01
25316254_16050062_0,61.3849983215332,61.89,62.47,60.7,0.51
25316255_25316249_0,59.40900039672852,59.44,59.27,58.8,0.03
25316255_25316254_0,59.00899887084961,59.53,51.92,57.3,0.52
25316256_1042749170_0,70.01200103759766,64.33,64.43,62.9,-5.68
25316257_25316192_0,60.38899993896485,59.06,49.16,54.65,-1.33
25316257_25316256_0,62.59799957275391,60.47,59.35,59.6,-2.13
25316258_4844794552_0,68.47000122070312,59.1,62.18,58.8,-9.37
25316258_25316259_0,60.88800048828125,59.04,57.82,58.4,-1.85
25316258_9680578368_0,56.31399917602539,60.32,62.87,59.35,4.01
25316259_25316257_0,61.680999755859375,59.33,50.18,55.15,-2.35
25316259_1042749277_0,59.6870002746582,59.34,54.42,59.75,-0.35
25316260_25316256_0,69.5469970703125,64.53,64.8,62.95,-5.02
25316260_1042749273_0,63.59999847412109,62.66,66.26,61.0,-0.94
25316261_1694707162_0,62.46799850463867,57.39,58.64,54.55,-5.08
25316261_21674808_0,59.51900100708008,57.75,54.17,55.9,-1.77
25316262_25316261_0,60.165000915527344,57.48,56.67,53.8,-2.69
25316263_25316262_0,58.03200149536133,58.77,60.28,59.05,0.74
25316263_25316252_0,59.54399871826172,59.77,63.3,60.1,0.23
25316365_25310889_0,59.172000885009766,60.27,59.64,59.0,1.1
25316365_1297040318_0,62.41699981689453,60.78,64.72,63.35,-1.64
25316384_25316365_0,57.821998596191406,60.1,59.76,59.35,2.28
25316384_21674800_0,59.43399810791016,59.97,53.87,58.15,0.54
25316395_1606993797_0,63.09799957275391,61.13,57.95,57.3,-1.97
25316395_695208116_0,61.95199966430664,60.66,56.37,57.6,-1.29
25316399_25316410_0,63.86199951171875,60.31,58.41,57.6,-3.55
25316399_25316436_0,60.15599822998047,60.38,50.97,57.1,0.22
25316410_25316417_0,58.37099838256836,59.83,57.05,57.75,1.46
25316410_25327131_0,62.1259994506836,60.62,53.35,56.9,-1.51
25316417_25316384_0,57.766998291015625,59.83,52.41,54.6,2.06
25316417_34385822_0,58.6619987487793,60.58,60.68,60.1,1.92
25316435_21674799_0,60.047000885009766,60.68,58.8,59.3,0.63
25316435_25327130_0,61.479000091552734,62.36,62.28,61.3,0.88
25316436_1606993799_0,60.584999084472656,60.24,56.5,58.1,-0.34
25316436_25316435_0,59.266998291015625,60.8,58.67,60.6,1.53
25319177_25310897_0,69.1500015258789,65.2,63.63,64.4,-3.95
25319177_25310898_0,67.05500030517578,61.23,63.69,62.5,-5.83
25319178_1682324863_0,65.947998046875,66.2,66.36,63.65,0.25
25319178_12645537506_0,68.43099975585938,64.8,62.51,64.0,-3.63
25319181_25319177_0,70.24800109863281,67.63,65.6,63.4,-2.62
25319181_25319178_0,68.87000274658203,68.6,66.7,62.95,-0.27
25319182_34385840_0,72.50299835205078,67.55,61.16,66.4,-4.95
25319182_264496810_0,65.625,64.57,65.79,61.0,-1.06
25319183_25319182_0,72.15399932861328,67.24,64.62,62.8,-4.91
25319183_25327137_0,64.1259994506836,63.89,60.77,60.75,-0.24
25319190_25319302_0,69.61699676513672,68.85,66.48,65.65,-0.77
25319190_25319196_0,71.23699951171875,67.96,63.88,64.95,-3.28
25319193_1606993790_0,62.08599853515625,61.49,57.1,56.65,-0.6
25319193_25327136_0,62.0620002746582,63.62,61.18,61.25,1.56
25319194_25319193_0,62.05199813842773,63.12,64.77,61.8,1.07
25319194_21604552_0,63.5009994506836,65.54,63.9,64.45,2.04
25319195_639567628_0,69.02799987792969,68.98,67.03,65.7,-0.05
25319196_25319193_0,62.54199981689453,61.53,58.72,58.9,-1.01
25319196_21604552_0,70.60199737548828,67.13,62.6,65.85,-3.47
25319201_25319203_0,61.40900039672852,60.61,56.73,53.67,-0.8
25319201_25319202_0,60.27899932861328,59.18,56.21,53.54,-1.1
25319202_25319212_0,60.3650016784668,61.23,62.25,60.6,0.86
25319202_25319195_0,61.527000427246094,62.64,62.77,62.0,1.11
25319203_26052934_0,61.95700073242188,60.94,66.51,60.7,-1.02
25319203_8274304167_0,61.63399887084961,60.34,56.39,57.55,-1.29
25319204_25319202_0,63.36199951171875,60.86,59.57,52.75,-2.5
25319204_25319203_0,60.51399993896485,61.08,54.8,53.07,0.57
25319205_26064143_0,64.9530029296875,64.41,64.31,63.1,-0.54
25319205_25319204_0,60.36000061035156,61.4,62.0,55.65,1.04
25319206_25319211_0,59.50199890136719,61.58,58.32,54.1,2.08
25319206_25319205_0,61.85200119018555,61.58,62.0,55.5,-0.27
25319207_25319208_0,73.05799865722656,66.52,66.11,61.3,-6.54
25319207_25319206_0,62.72200012207031,63.05,64.58,59.9,0.33
25319208_25319190_0,72.33200073242188,67.02,65.98,62.85,-5.31
25319208_21674803_0,61.8759994506836,62.92,63.68,61.3,1.04
25319211_25319208_0,60.68999862670898,63.28,61.45,60.65,2.59
25319211_25319196_0,61.83300018310547,61.77,56.5,58.5,-0.06
25319212_25319211_0,62.57500076293945,61.71,61.68,60.55,-0.87
25319212_25319205_0,62.220001220703125,63.59,58.01,61.35,1.37
25319255_25319257_0,62.19900131225586,62.29,55.3,59.85,0.09
25319255_25319258_0,63.70800018310547,63.14,57.85,60.6,-0.57
25319257_21604551_0,71.2239990234375,67.48,63.46,63.9,-3.74
25319258_26027231_0,72.58999633789062,66.25,60.33,64.6,-6.34
25319258_25319259_0,62.94300079345703,62.44,57.57,60.25,-0.5
25319259_26027230_0,61.02000045776367,61.06,55.78,56.7,0.04
25319259_8831923525_0,62.87200164794922,61.69,59.75,60.15,-1.18
25319260_25319207_0,60.59199905395508,62.35,60.36,59.8,1.76
25319260_265809740_0,62.59600067138672,63.38,56.7,59.45,0.78
25319260_25319261_0,62.01499938964844,62.79,57.51,59.8,0.78
25319261_25310931_0,72.62899780273438,68.12,64.97,63.95,-4.51
25319302_25319183_0,73.04299926757812,67.64,64.32,63.95,-5.4
25319302_21674802_0,61.64799880981445,63.58,62.68,60.65,1.93
25321302_21993017_0,61.132999420166016,62.77,57.99,63.2,1.64
25321302_195266_0,69.06999969482422,64.15,62.78,62.9,-4.92
25321302_195262_0,70.96499633789062,65.3,61.39,62.05,-5.66
25321304_1703401805_0,59.38899993896485,60.99,59.06,59.35,1.6
25321304_195275_0,58.20199966430664,60.74,57.11,59.1,2.54
25321309_1519682880_0,59.608001708984375,61.2,59.9,60.05,1.59
25321309_25321323_0,57.86399841308594,61.14,58.47,61.7,3.28
25321323_25321327_0,61.4109992980957,62.74,63.23,62.45,1.33
25321327_25321469_0,62.198001861572266,62.21,62.1,62.45,0.01
25321327_25321330_0,58.5620002746582,60.31,58.35,60.74,1.75
25321330_25321309_0,58.63399887084961,59.98,56.97,57.5,1.35
25321330_11304624943_0,46.777000427246094,59.17,55.24,55.4,12.39
25321330_25321327_0,58.5620002746582,60.29,57.95,60.89,1.73
25321354_8785560397_0,62.20800018310547,65.84,66.31,65.9,3.63
25321357_25321354_0,58.50199890136719,61.65,54.28,61.2,3.15
25321359_25335974_0,59.13100051879883,61.27,60.64,60.15,2.14
25321359_25321354_0,61.04100036621094,63.19,64.38,63.05,2.15
25321407_25321359_0,66.36000061035156,63.49,63.57,63.5,-2.87
25321408_25321407_0,62.650001525878906,62.77,61.05,62.75,0.12
25321408_25321469_0,59.005001068115234,60.34,59.21,60.1,1.33
25321422_25321408_0,61.92499923706055,62.19,60.73,61.45,0.27
25321422_1288817934_0,58.805999755859375,60.06,55.11,60.9,1.25
25321433_25321422_0,61.02299880981445,62.52,62.46,61.4,1.5
25321447_25336247_0,66.89800262451172,64.09,66.16,64.05,-2.81
25321447_25303831_0,71.2760009765625,67.18,65.74,65.9,-4.1
25321456_25321433_0,62.30400085449219,60.44,62.2,61.15,-1.86
25321456_25303831_0,64.46299743652344,63.19,65.92,65.95,-1.27
25321469_25321456_0,62.720001220703125,62.16,62.54,62.3,-0.56
25321687_25321689_0,46.04999923706055,59.79,62.22,61.25,13.74
25321687_459797860_0,44.43299865722656,60.78,59.08,59.95,16.35
25321687_25321447_0,61.44900131225586,60.85,64.54,64.6,-0.6
25321689_25321687_0,46.04999923706055,59.79,62.22,61.25,13.74
25321689_25303841_0,66.23300170898438,61.98,60.8,62.95,-4.25
25321689_25303831_0,64.44300079345703,62.18,67.44,62.55,-2.26
25327117_25498572_0,71.48799896240234,67.05,61.5,65.0,-4.44
25327118_25327117_0,70.78600311279297,63.85,63.84,63.65,-6.94
25327118_2814044876_0,69.86699676513672,57.52,50.24,57.95,-12.35
25327119_270473915_0,74.59200286865234,62.64,58.49,64.3,-11.95
25327119_25327118_0,73.8219985961914,64.29,64.74,64.5,-9.53
25327119_25327123_0,65.16000366210938,59.05,59.36,59.55,-6.11
25327120_270473915_0,68.55999755859375,61.77,57.14,63.55,-6.79
25327120_25327119_0,72.177001953125,64.82,64.87,64.5,-7.36
25327121_25327120_0,71.01000213623047,65.21,65.28,64.9,-5.8
25327121_25327122_0,67.75,59.39,60.6,63.3,-8.36
25327122_25327123_0,60.617000579833984,58.2,50.47,57.45,-2.42
25327123_25310823_0,59.20600128173828,57.85,47.69,54.3,-1.36
25327123_25310855_0,61.70299911499024,58.24,52.14,53.45,-3.46
25327124_5732208561_0,63.10699844360352,57.77,62.61,63.1,-5.34
25327125_25327128_0,71.73799896240234,63.45,62.18,65.9,-8.29
25327125_25316261_0,60.65999984741211,57.61,60.26,58.15,-3.05
25327127_25310889_0,73.33200073242188,65.82,61.15,63.75,-7.51
25327127_1297040318_0,72.6969985961914,63.68,64.92,65.1,-9.02
25327128_5732208559_0,68.90799713134766,58.29,56.75,56.2,-10.62
25327128_25327129_0,70.31900024414062,64.87,62.9,65.75,-5.45
25327129_25316263_0,60.44499969482422,59.9,63.43,60.55,-0.54
25327129_554199956_0,71.73200225830078,66.56,67.13,62.5,-5.17
25327130_16050062_0,71.78700256347656,66.57,61.66,64.6,-5.22
25327130_25316250_0,62.2859992980957,62.12,59.2,60.25,-0.17
25327131_25327148_0,59.96099853515625,61.44,55.85,61.25,1.48
25327131_25327132_0,58.39300155639648,61.09,62.87,60.35,2.7
25327132_1042749228_0,60.68999862670898,62.62,62.23,60.75,1.93
25327133_25327148_0,59.797000885009766,61.2,59.92,59.45,1.4
25327133_1042749196_0,60.483001708984375,62.71,61.28,61.0,2.23
25327134_1606993792_0,63.26100158691406,65.62,61.64,62.2,2.36
25327134_25327133_0,60.78300094604492,63.16,62.57,61.0,2.38
25327135_25327139_0,58.77999877929688,61.07,52.29,55.8,2.29
25327135_25327134_0,60.45500183105469,62.64,59.49,60.55,2.18
25327136_7002003110_0,64.50599670410156,66.06,63.05,60.5,1.55
25327137_1606993788_0,59.650001525878906,62.75,61.34,60.3,3.1
25327137_25327135_0,59.92699813842773,62.24,58.98,60.55,2.31
25327138_1297040321_0,60.345001220703125,61.53,57.68,59.65,1.18
25327138_25327137_0,57.12900161743164,61.79,60.45,60.65,4.66
25327138_25319182_0,64.59200286865234,63.37,58.7,60.15,-1.22
25327139_25327138_0,62.152000427246094,61.79,55.98,61.05,-0.36
25327140_2450596804_0,73.01200103759766,63.38,64.04,66.0,-9.63
25327140_34385832_0,71.4530029296875,69.21,61.46,66.3,-2.24
25327140_1011010986_0,70.05899810791016,63.28,64.95,66.1,-6.78
25327143_25327134_0,62.73099899291992,64.75,61.17,62.6,2.02
25327143_25327139_0,61.63399887084961,62.52,61.05,60.25,0.89
25327144_25316417_0,59.17599868774414,59.99,54.87,53.55,0.81
25327144_1297040310_0,60.58100128173828,59.94,54.79,54.65,-0.64
25327145_1297040317_0,59.257999420166016,60.65,57.65,55.25,1.39
25327145_1297040327_0,61.87799835205078,62.59,55.52,57.5,0.71
25327146_25327140_0,71.83000183105469,68.58,61.9,66.15,-3.25
25327146_34385819_0,70.44000244140625,65.81,60.3,65.75,-4.63
25327147_34385820_0,69.06500244140625,63.42,65.57,65.95,-5.65
25327147_25327146_0,72.1520004272461,67.25,61.17,65.55,-4.9
25327148_25327143_0,61.73199844360352,62.71,61.18,60.95,0.98
25327152_25310885_0,59.44300079345703,59.28,54.35,54.0,-0.16
25327153_25310901_0,60.45600128173828,60.47,57.02,62.1,0.01
25334263_25334281_0,61.150001525878906,62.0,58.19,60.8,0.85
25334263_475003534_0,60.91600036621094,62.02,58.28,60.35,1.1
25334276_25334281_0,59.946998596191406,62.61,59.62,60.25,2.66
25334276_143421_0,71.46800231933594,68.06,65.86,63.4,-3.41
25334281_25334299_0,59.24300003051758,61.66,55.16,59.4,2.42
25334281_195277_0,62.01900100708008,62.81,63.39,66.05,0.79
25334299_143418_0,60.33300018310547,61.83,58.15,59.0,1.5
25334340_21992835_0,58.02999877929688,61.19,54.68,58.6,3.16
25334340_25334299_0,60.28499984741211,61.43,54.18,59.2,1.15
25334442_474605974_0,60.672000885009766,61.49,58.98,59.1,0.82
25334442_195266_0,62.24399948120117,61.89,61.68,61.5,-0.35
25335974_195274_0,61.185001373291016,60.37,58.39,58.55,-0.82
25335974_8541062634_0,60.483001708984375,60.4,60.36,64.35,-0.08
25335981_8541062635_0,61.62900161743164,60.58,59.76,63.75,-1.05
25336175_25336178_0,58.95800018310547,61.34,59.49,60.45,2.38
25336175_4428355731_0,57.97299957275391,61.5,53.67,56.0,3.53
25336178_25336175_0,58.95800018310547,61.34,59.49,60.45,2.38
25336178_25336189_0,54.104000091552734,63.66,63.7,63.8,9.56
25336179_195261_0,70.88099670410156,70.14,66.42,65.4,-0.74
25336179_13362551762_0,71.49800109863281,63.44,65.07,65.2,-8.06
25336189_195271_0,61.479000091552734,62.11,57.35,62.3,0.63
25336189_2026239409_0,69.9260025024414,66.26,65.52,65.6,-3.67
25336247_251050862_0,62.37900161743164,61.38,62.6,64.05,-1.0
25336247_25321433_0,62.42399978637695,63.15,64.62,64.3,0.73
25336254_251047560_0,69.3499984741211,68.2,70.72,63.9,-1.15
25337448_25337450_0,60.05899810791016,60.98,56.41,58.6,0.92
25337450_444667873_0,61.672000885009766,63.94,62.51,60.75,2.27
25337452_25337455_0,61.3380012512207,61.14,62.42,60.8,-0.2
25337452_25337461_0,61.2130012512207,60.87,58.13,61.15,-0.34
25337454_25305955_0,60.23500061035156,61.86,61.81,60.55,1.62
25337454_15925438_0,72.96299743652344,68.89,64.9,64.55,-4.07
25337455_25337456_0,46.11800003051758,61.33,62.81,60.3,15.21
25337455_25337448_0,59.92100143432617,61.09,58.7,58.8,1.17
25337456_25153074_0,44.84299850463867,61.52,60.49,59.9,16.68
25337456_25153103_0,61.553001403808594,61.28,58.81,60.1,-0.27
25337456_21604533_0,64.58899688720703,62.27,58.8,60.4,-2.32
25337457_195250_0,70.45099639892578,71.48,60.48,64.05,1.03
25337457_25337452_0,44.64899826049805,61.97,57.1,59.75,17.32
25337458_565447495_0,60.459999084472656,61.56,61.12,60.3,1.1
25337458_25337462_0,61.26300048828125,62.66,63.26,60.85,1.4
25337459_25337458_0,60.60200119018555,61.89,61.57,59.45,1.29
25337459_25337464_0,59.31700134277344,62.14,62.84,59.8,2.82
25337460_25337459_0,49.21599960327149,63.51,66.34,63.0,14.29
25337460_25337462_0,60.869998931884766,66.25,65.85,64.9,5.38
25337461_24009841_0,71.71399688720703,70.46,66.05,67.35,-1.25
25337462_25337463_0,63.06100082397461,62.86,61.91,61.65,-0.2
25337462_25450962_0,60.90599822998047,64.64,62.7,62.5,3.73
25337463_25337455_0,60.007999420166016,62.18,56.78,60.25,2.17
25337463_25337461_0,71.86100006103516,68.29,67.14,65.95,-3.57
25337464_25337467_0,62.891998291015625,63.17,60.21,63.4,0.28
25337464_25337468_0,59.766998291015625,61.04,57.32,59.45,1.27
25337465_2217020722_0,60.23600006103516,61.64,58.47,58.85,1.4
25337465_25337469_0,60.516998291015625,59.91,58.36,58.0,-0.61
25337467_663650280_0,71.81999969482422,73.41,64.06,64.95,1.59
25337467_25452393_0,61.12799835205078,63.73,65.19,60.95,2.6
25337468_25450960_0,58.18999862670898,60.8,53.33,58.25,2.61
25337468_25450965_0,58.229000091552734,60.4,55.48,58.2,2.17
25337469_25337468_0,58.28200149536133,60.88,55.55,58.55,2.6
25337469_663650175_0,59.09999847412109,59.59,51.37,58.45,0.49
25450957_25450963_0,60.76100158691406,61.37,51.75,59.55,0.61
25450957_565447496_0,61.20700073242188,61.08,52.09,58.3,-0.13
25450959_318711370_0,58.02299880981445,60.45,59.25,59.55,2.43
25450959_25450960_0,61.52299880981445,60.92,54.72,58.35,-0.6
25450960_25337458_0,60.43000030517578,61.56,54.82,58.5,1.13
25450960_25337464_0,63.09999847412109,61.4,56.49,58.85,-1.7
25450962_565447495_0,59.19300079345703,61.78,60.28,61.85,2.59
25450962_25450964_0,58.59799957275391,64.27,60.22,62.2,5.67
25450963_25450964_0,60.74100112915039,61.73,56.41,61.85,0.99
25450964_26059185_0,47.98799896240234,62.66,60.69,62.25,14.67
25450964_25451944_0,60.45000076293945,64.09,60.23,62.1,3.64
25450965_25450967_0,57.8759994506836,60.47,57.21,57.75,2.59
25450965_25450966_0,58.70500183105469,60.55,59.07,59.25,1.84
25450966_276635164_0,59.124000549316406,62.01,61.48,60.85,2.89
25450966_26059236_0,58.41899871826172,59.34,54.89,57.95,0.92
25450967_318711366_0,60.624000549316406,60.72,57.53,58.3,0.1
25450967_26059219_0,61.755001068115234,60.0,67.07,64.75,-1.76
25451370_195268_0,59.70899963378906,61.79,61.3,62.0,2.08
25451370_8541062635_0,62.071998596191406,60.28,60.1,60.45,-1.79
25451454_8785560397_0,71.80000305175781,71.98,67.38,67.8,0.18
25451455_25451454_0,61.19400024414063,63.72,61.47,64.6,2.53
25451455_245957281_0,72.55000305175781,66.68,63.13,62.1,-5.87
25451862_25451863_0,63.47800064086914,63.82,64.1,62.7,0.34
25451862_8784789884_0,74.22200012207031,68.3,65.01,64.65,-5.92
25451863_25451865_0,62.57600021362305,63.13,63.67,61.65,0.55
25451863_15925451_0,60.23699951171875,61.84,59.96,61.25,1.6
25451865_25451868_0,60.47999954223633,63.12,62.17,60.95,2.64
25451865_25451869_0,61.12900161743164,63.76,61.76,61.25,2.63
25451866_5006393114_0,60.78200149536133,61.08,60.4,61.15,0.3
25451866_25451865_0,60.88899993896485,62.77,54.99,61.3,1.88
25451868_26731437_0,62.4119987487793,63.17,61.18,60.2,0.76
25451869_25451999_0,60.27399826049805,61.79,53.62,58.95,1.52
25451869_25451871_0,52.27000045776367,64.16,60.66,60.9,11.89
25451871_25451872_0,60.89799880981445,63.66,62.22,61.15,2.76
25451871_26058769_0,59.60699844360352,63.62,64.35,61.7,4.01
25451872_25451935_0,60.74599838256836,61.54,59.89,61.65,0.79
25451872_9214618_0,62.61399841308594,64.22,65.69,63.85,1.61
25451935_25451863_0,62.8489990234375,63.18,60.81,61.65,0.33
25451935_25451869_0,60.53099822998047,61.99,64.01,62.05,1.46
25451937_25451944_0,56.76399993896485,61.14,60.46,62.7,4.38
25451937_25450957_0,63.4010009765625,61.05,51.78,58.4,-2.35
25451944_26059180_0,57.3380012512207,61.47,60.71,63.9,4.13
25451944_25451960_0,60.65900039672852,64.61,61.34,62.3,3.95
25451960_26731441_0,73.79399871826172,70.26,65.84,66.3,-3.53
25451960_25451970_0,51.44100189208984,62.63,61.9,61.9,11.19
25451970_25499212_0,60.07799911499024,62.69,56.29,59.6,2.61
25451970_25499208_0,60.869998931884766,61.36,51.93,58.5,0.49
25451982_25451866_0,60.59299850463867,61.12,61.73,60.4,0.53
25451998_25451871_0,62.02199935913086,64.87,61.95,61.15,2.85
25452392_1352733757_0,71.94100189208984,74.53,67.14,67.5,2.59
25452392_195252_0,61.792999267578125,63.55,66.43,61.15,1.76
25452393_25452392_0,72.31199645996094,73.67,65.5,67.2,1.36
25452874_25452884_0,58.0880012512207,58.47,58.73,58.1,0.38
25452874_26289489_0,60.61600112915039,59.46,61.25,60.3,-1.16
25452874_26084253_0,59.56900024414063,58.72,62.49,60.95,-0.85
25452874_25452878_0,59.2509994506836,59.09,58.92,59.5,-0.16
25452878_25452882_0,58.93000030517578,59.15,53.88,57.3,0.22
25452878_35413414_0,64.93399810791016,59.96,58.98,61.25,-4.97
25452878_25452874_0,59.2509994506836,59.09,58.92,59.5,-0.16
25452882_25452878_0,58.93000030517578,59.15,53.88,57.3,0.22
25452884_286483707_0,60.37300109863281,58.68,54.3,55.25,-1.69
25452884_25452874_0,58.0880012512207,58.47,58.73,58.1,0.38
25452887_26289694_0,60.48400115966797,59.44,56.08,61.5,-1.04
25452887_8794404140_0,71.6449966430664,62.94,63.01,62.45,-8.7
25452887_26115859_0,70.5989990234375,61.76,60.16,63.35,-8.84
25452888_26289580_0,57.98099899291992,58.5,53.57,54.51,0.52
25452888_26289489_0,63.51900100708008,61.29,60.75,60.55,-2.23
25452888_26289694_0,59.494998931884766,58.81,56.03,58.96,-0.68
25454179_23666815_0,56.22999954223633,59.05,51.72,53.7,2.82
25454179_16566897_0,62.38100051879883,61.02,60.94,60.8,-1.36
25468003_25468008_0,61.15599822998047,62.03,59.7,59.75,0.87
25468003_25468022_0,65.13700103759766,65.13,62.61,64.25,-0.01
25468004_25468003_0,60.61000061035156,63.32,59.33,62.2,2.71
25468004_25468011_0,59.98099899291992,60.9,55.89,55.95,0.92
25468005_25468004_0,62.2239990234375,63.13,58.97,61.85,0.91
25468005_25468006_0,59.04899978637695,61.28,59.47,61.35,2.23
25468006_25468007_0,59.255001068115234,60.13,47.84,54.2,0.87
25468006_25468043_0,61.604000091552734,60.88,58.81,62.55,-0.72
25468007_25468004_0,58.72299957275391,60.8,52.81,55.65,2.08
25468007_25468008_0,61.97499847412109,60.35,53.37,60.65,-1.62
25468008_25468076_0,62.08399963378906,61.16,56.5,61.25,-0.92
25468008_25468038_0,62.12699890136719,60.68,54.87,60.8,-1.45
25468009_25468003_0,62.729000091552734,62.92,59.79,60.7,0.19
25468009_25468011_0,59.630001068115234,61.21,56.45,59.95,1.58
25468010_25468012_0,58.0099983215332,60.62,48.34,55.4,2.61
25468010_25468017_0,58.05500030517578,60.41,50.34,55.55,2.35
25468011_25468010_0,61.77899932861328,60.48,45.59,54.7,-1.3
25468012_25468009_0,61.071998596191406,62.45,59.01,60.25,1.38
25468012_25468021_0,60.0359992980957,61.48,50.99,60.5,1.44
25468012_25468010_0,58.0099983215332,60.62,48.34,55.4,2.61
25468014_25468005_0,60.16999816894531,61.15,57.16,60.9,0.98
25468017_25468019_0,58.78099822998047,60.25,50.49,56.55,1.47
25468019_25468012_0,61.58399963378906,61.04,49.61,57.05,-0.54
25468019_25468017_0,58.78099822998047,60.25,50.49,56.55,1.47
25468019_25468020_0,60.430999755859375,60.33,54.84,60.9,-0.1
25468020_1678246930_0,61.46900177001953,60.29,54.08,60.75,-1.18
25468020_25468019_0,60.430999755859375,60.33,54.84,60.9,-0.1
25468020_25468021_0,58.8390007019043,60.58,55.05,60.25,1.74
25468020_8836199010_0,63.744998931884766,60.96,59.64,63.25,-2.78
25468021_25468023_0,63.9109992980957,61.56,61.94,60.0,-2.35
25468022_376378078_0,72.78500366210938,68.93,61.35,66.05,-3.86
25468022_25468023_0,71.65899658203125,67.22,62.07,64.7,-4.44
25468023_8836199010_0,71.40699768066406,65.47,58.83,64.05,-5.94
25468025_25468022_0,71.77400207519531,66.58,61.84,65.3,-5.19
25468030_25468005_0,61.34199905395508,63.18,60.18,59.25,1.84
25468032_25468030_0,59.13999938964844,61.44,57.46,62.05,2.3
25468032_25468006_0,58.83599853515625,60.25,50.45,54.7,1.41
25468033_25468045_0,63.32400131225586,61.79,64.76,63.05,-1.53
25468033_25468032_0,58.51499938964844,60.78,51.72,56.25,2.27
25468037_25468076_0,61.4640007019043,60.76,56.74,58.7,-0.7
25468037_8832699229_0,63.27899932861328,62.52,57.28,62.7,-0.76
25468037_25468038_0,60.28400039672852,59.72,49.72,56.05,-0.56
25468037_48837735_0,62.01900100708008,60.99,51.57,56.45,-1.03
25468038_25468037_0,60.28400039672852,59.72,49.72,56.05,-0.56
25468038_8832699235_0,63.61399841308594,61.78,60.28,62.3,-1.83
25468040_25468041_0,57.35300064086914,59.57,46.74,53.9,2.22
25468040_25468069_0,62.5620002746582,60.36,55.56,60.15,-2.2
25468041_25468067_0,56.97499847412109,59.48,41.01,53.15,2.51
25468041_26086115_0,58.803001403808594,59.69,44.78,54.15,0.89
25468043_25468044_0,65.12899780273438,65.58,62.24,63.85,0.45
25468044_25468032_0,62.3380012512207,61.61,63.05,62.95,-0.73
25468044_25468066_0,60.90399932861328,61.47,60.23,61.6,0.57
25468044_25468045_0,71.56700134277344,66.91,57.15,63.55,-4.66
25468045_11216988757_0,70.95899963378906,67.43,56.61,62.2,-3.53
25468066_26086118_0,60.92599868774414,60.04,46.32,51.8,-0.89
25468066_25468068_0,63.42499923706055,59.36,43.28,53.05,-4.06
25468067_25468068_0,58.83300018310547,59.44,47.59,54.05,0.61
25468068_25468040_0,62.49599838256836,59.13,43.55,53.5,-3.37
25468069_8832699229_0,63.35699844360352,65.16,60.25,64.05,1.8
25468069_25468070_0,60.34999847412109,62.67,57.06,60.75,2.32
25468070_26086114_0,62.83399963378906,62.04,51.71,53.65,-0.79
25468070_254567104_0,61.96099853515625,59.06,48.0,53.7,-2.9
25468070_25468041_0,58.930999755859375,59.37,43.46,53.55,0.44
25468073_25468069_0,65.15499877929688,61.28,55.08,60.0,-3.87
25468073_8832666445_0,73.70899963378906,65.39,60.25,63.6,-8.32
25468075_25468073_0,75.45899963378906,66.0,55.78,64.65,-9.46
25468076_25468025_0,66.68499755859375,61.04,58.98,59.5,-5.64
25468076_25468037_0,61.4640007019043,60.76,56.74,59.4,-0.7
25468085_382011402_0,72.38400268554688,65.2,60.14,65.3,-7.18
25468090_1643908326_0,71.04399871826172,65.11,61.82,64.95,-5.93
25468090_8281232336_0,66.7750015258789,60.41,59.11,63.75,-6.37
25468214_4143189207_0,69.49800109863281,60.37,65.23,58.75,-9.13
25468214_5257013006_0,59.7140007019043,58.21,57.0,57.15,-1.5
25468215_25468216_0,72.13899993896484,62.82,61.85,64.35,-9.32
25468215_283325403_0,72.24700164794922,64.32,61.49,63.8,-7.93
25468216_25468217_0,71.2959976196289,61.46,58.13,58.5,-9.84
25468216_25468215_0,72.13899993896484,62.82,61.85,64.35,-9.32
25468217_928170072_0,70.98600006103516,61.37,60.11,58.75,-9.62
25468217_25468216_0,71.2959976196289,61.43,58.76,58.5,-9.87
25468217_215687061_0,52.04399871826172,58.69,55.21,58.1,6.65
25468218_25468219_0,69.16600036621094,64.31,60.33,58.8,-4.86
25468218_928170072_0,70.9260025024414,62.57,63.44,58.65,-8.36
25468219_569061957_0,70.78399658203125,63.43,62.13,57.3,-7.35
25468219_25468218_0,69.16600036621094,64.31,60.33,58.8,-4.86
25468226_4947306480_0,69.64399719238281,63.3,54.76,63.95,-6.34
25468226_25468228_0,69.18900299072266,65.38,61.04,65.35,-3.81
25468227_4968768578_0,69.6510009765625,63.94,65.32,64.3,-5.71
25468227_4947306480_0,68.96299743652344,63.53,64.02,65.15,-5.43
25468227_4947306501_0,59.152000427246094,58.75,64.73,60.85,-0.4
25468228_25468226_0,69.18900299072266,65.38,61.04,65.35,-3.81
25468228_283326996_0,69.94100189208984,65.55,60.06,66.55,-4.39
25468301_26108000_0,72.97000122070312,66.39,65.33,64.2,-6.58
25468301_32533201_0,70.9280014038086,64.8,62.99,63.05,-6.13
25468301_26084258_0,71.73699951171875,63.12,65.9,62.85,-8.62
25468304_32533210_0,58.86899948120117,56.58,55.1,54.1,-2.29
25468304_26108000_0,74.22100067138672,62.78,62.07,63.1,-11.44
25468304_165860035_0,73.73999786376953,62.83,66.31,63.55,-10.91
25468304_21674920_0,72.5510025024414,58.45,65.55,62.55,-14.1
25468305_173030870_0,73.97699737548828,67.34,67.5,64.0,-6.64
25468305_32533201_0,71.65499877929688,67.67,65.24,63.35,-3.98
25468305_286483713_0,71.50499725341797,65.69,64.59,63.9,-5.81
25470101_8434042_0,73.69000244140625,58.71,66.31,61.15,-14.98
25470101_493545513_0,64.03199768066406,55.14,55.74,61.75,-8.89
25470101_34648986_0,68.05599975585938,59.8,60.75,61.9,-8.26
25470290_26009776_0,61.81900024414063,53.27,56.65,51.17,-8.55
25470290_1798715904_0,65.97699737548828,54.84,59.6,53.6,-11.14
25470914_25471053_0,70.77300262451172,63.78,64.64,61.8,-6.99
25470914_25470916_0,62.06800079345703,61.67,64.22,62.8,-0.4
25470914_25471028_0,71.98799896240234,62.98,64.85,62.0,-9.01
25470914_25547435_0,63.2859992980957,61.67,64.5,64.4,-1.62
25470916_25547440_0,59.54199981689453,60.48,55.62,59.5,0.94
25470916_25470914_0,62.06800079345703,61.67,64.22,62.8,-0.4
25470916_8281232336_0,64.44599914550781,59.63,54.79,59.65,-4.82
25470917_25549075_0,71.01300048828125,64.06,68.12,65.95,-6.95
25470917_59640255_0,66.23899841308594,61.46,64.78,63.3,-4.78
25471028_59640255_0,71.31900024414062,61.34,59.05,63.1,-9.98
25471028_25470914_0,71.98799896240234,62.98,64.68,62.0,-9.01
25471053_25470914_0,70.77300262451172,63.78,64.64,61.9,-6.99
25471053_415638612_0,70.74099731445312,65.68,65.36,63.55,-5.06
25471072_25471053_0,57.99800109863281,62.45,62.56,61.92,4.45
25471074_984186416_0,65.35199737548828,65.17,55.23,62.3,-0.18
25471074_654019202_0,65.20500183105469,68.66,63.8,63.95,3.45
25471717_48880063_0,61.61100006103516,61.66,49.36,56.6,0.05
25471717_25471719_0,58.8489990234375,61.4,53.8,56.6,2.55
25471719_25471743_0,58.57500076293945,60.97,51.58,56.15,2.39
25471719_25471741_0,58.69300079345703,61.37,55.55,57.55,2.68
25471719_6424443708_0,58.02399826049805,60.96,53.98,54.9,2.94
25471728_8168938358_0,70.93199920654297,67.96,64.3,65.7,-2.97
25471730_26132242_0,71.78199768066406,67.89,66.4,63.85,-3.89
25471730_25471728_0,70.67500305175781,66.05,63.09,65.15,-4.63
25471741_1288817944_0,59.23199844360352,62.52,60.38,60.85,3.29
25471741_48880114_0,60.07500076293945,63.31,62.42,64.6,3.23
25471743_48880118_0,58.45500183105469,61.54,54.22,55.65,3.08
25471743_48880065_0,59.50299835205078,61.25,52.3,56.8,1.75
25471761_25525378_0,62.26599884033203,64.62,61.0,62.55,2.35
25478600_35224285_0,60.400001525878906,56.99,49.69,51.7,-3.41
25478600_35220563_0,48.78300094604492,56.82,53.49,59.97,8.04
25478602_25478600_0,55.071998596191406,56.83,49.08,51.7,1.76
25495293_25152928_0,64.8479995727539,65.14,64.59,65.7,0.29
25495293_25499134_0,74.01200103759766,68.23,63.3,63.15,-5.78
25495294_2139361023_0,73.6780014038086,66.45,64.05,66.3,-7.23
25495294_1148982742_0,70.87200164794922,66.91,64.65,65.95,-3.96
25495295_26058917_0,70.927001953125,66.69,65.87,67.3,-4.24
25495295_195241_0,71.48200225830078,70.1,66.91,67.6,-1.38
25495298_2605393520_0,70.95600128173828,66.61,61.32,62.7,-4.35
25495299_1148982723_0,68.12300109863281,58.89,55.74,61.2,-9.23
25495299_25495298_0,59.91299819946289,59.46,63.68,62.85,-0.45
25495334_25316185_0,63.762001037597656,56.76,46.18,54.25,-7.0
25495334_25495335_0,67.74800109863281,57.13,44.63,55.7,-10.62
25495335_25316186_0,63.17900085449219,56.73,47.8,55.3,-6.45
25495335_21674806_0,73.24099731445312,60.73,57.63,59.0,-12.51
25495335_25495338_0,72.11100006103516,61.27,59.8,63.7,-10.84
25495336_25316186_0,62.33200073242188,58.11,58.18,59.35,-4.22
25495336_25495338_0,68.7979965209961,60.25,52.17,63.2,-8.55
25495338_25495335_0,72.11100006103516,61.27,59.8,63.7,-10.84
25495338_25495347_0,71.90899658203125,62.02,60.5,63.7,-9.89
25495338_25495336_0,68.7979965209961,60.25,52.17,63.2,-8.55
25495339_25495334_0,60.15599822998047,57.54,51.53,55.35,-2.62
25495339_25495340_0,62.11199951171875,59.61,60.26,62.45,-2.5
25495340_21674806_0,70.78500366210938,63.47,59.48,64.3,-7.32
25495340_21674805_0,73.88500213623047,66.11,63.41,65.4,-7.78
25495340_1655658195_0,66.33499908447266,61.63,57.31,64.25,-4.7
25495344_25495346_0,72.91500091552734,60.8,60.91,63.75,-12.12
25495346_25495347_0,73.22200012207031,61.09,61.67,63.5,-12.13
25495346_2813935188_0,73.06500244140625,61.24,61.09,63.9,-11.83
25495347_25495346_0,73.22200012207031,61.09,61.67,63.5,-12.13
25495347_25495345_0,66.9739990234375,56.47,54.78,63.2,-10.5
25495347_25495338_0,71.90899658203125,62.01,60.5,63.7,-9.9
25498533_4575488373_0,73.97200012207031,65.22,62.27,64.0,-8.75
25498533_6990640984_0,74.66600036621094,67.39,65.07,65.1,-7.28
25498538_25316193_0,73.99800109863281,62.99,63.6,64.35,-11.01
25498538_2606641710_0,74.22699737548828,67.74,63.55,64.5,-6.49
25498539_25498538_0,74.10700225830078,67.33,65.1,65.0,-6.78
25498539_25316195_0,70.14600372314453,64.64,64.3,64.75,-5.51
25498540_25316178_0,73.07499694824219,61.17,68.15,63.6,-11.9
25498540_25498539_0,73.76100158691406,66.16,64.43,64.9,-7.6
25498566_25316172_0,62.75699996948242,57.72,57.95,59.8,-5.04
25498566_25498540_0,71.93900299072266,65.02,61.54,64.25,-6.92
25498567_21674807_0,72.75700378417969,63.09,61.25,62.25,-9.67
25498567_25498566_0,72.93900299072266,64.8,59.27,63.45,-8.14
25498568_25316177_0,72.3280029296875,62.59,62.93,62.05,-9.74
25498568_25498567_0,72.48600006103516,65.65,59.24,63.4,-6.84
25498569_25498568_0,72.20600128173828,66.04,61.08,63.3,-6.17
25498569_25316175_0,62.63100051879883,58.13,57.64,59.75,-4.5
25498570_25498569_0,71.88300323486328,65.82,59.69,64.2,-6.06
25498570_25310830_0,60.94100189208984,58.48,57.72,59.8,-2.46
25498571_25498570_0,72.0199966430664,65.66,62.51,64.25,-6.36
25498571_4576330333_0,73.72200012207031,65.22,58.3,64.3,-8.5
25498572_25495344_0,70.76000213623047,61.63,61.38,64.85,-9.13
25498572_13180101537_0,70.38700103759766,65.78,60.17,64.85,-4.61
25499134_25153108_0,74.64700317382812,68.09,62.09,62.05,-6.56
25499136_25495293_0,72.17400360107422,72.23,65.57,67.8,0.06
25499140_3208799313_0,69.06600189208984,63.49,65.85,65.45,-5.58
25499149_3846297541_0,61.69100189208984,64.01,61.08,61.65,2.32
25499150_412291343_0,62.845001220703125,65.22,62.74,63.55,2.37
25499150_25499149_0,61.4119987487793,63.49,64.29,63.6,2.08
25499151_26058994_0,59.59600067138672,63.86,63.14,61.7,4.26
25499151_25499152_0,57.20700073242188,61.89,58.14,59.25,4.68
25499152_26058995_0,61.36800003051758,63.17,58.53,59.35,1.8
25499152_480971528_0,61.21699905395508,62.01,59.83,62.5,0.79
25499152_25499153_0,61.37900161743164,61.67,56.8,58.25,0.29
25499153_25499154_0,60.573001861572266,61.84,55.28,58.35,1.27
25499153_25499156_0,59.25600051879883,61.27,58.12,58.9,2.01
25499154_25499151_0,60.41899871826172,62.36,55.74,61.7,1.94
25499154_25499149_0,60.02799987792969,63.16,60.61,63.3,3.13
25499155_25499154_0,59.1870002746582,61.54,53.06,57.6,2.35
25499155_25499156_0,48.83399963378906,61.16,57.56,60.15,12.33
25499156_26059099_0,60.59700012207031,61.41,56.14,59.35,0.81
25499156_8764154567_0,60.084999084472656,61.29,57.03,61.2,1.21
25499159_25499155_0,60.04499816894531,61.0,51.15,58.15,0.96
25499159_25499140_0,62.26900100708008,61.08,57.31,62.35,-1.19
25499161_480971528_0,66.99600219726562,63.04,64.81,67.35,-3.96
25499161_8764193131_0,69.26799774169922,67.92,64.96,66.9,-1.35
25499208_15925452_0,59.8489990234375,61.41,60.69,61.75,1.56
25499212_25499215_0,61.05099868774414,63.23,58.33,60.1,2.18
25499215_25499220_0,60.52899932861328,64.27,61.8,61.25,3.74
25499216_25499217_0,67.69599914550781,63.28,62.35,63.3,-4.42
25499216_581678_0,72.26100158691406,67.17,63.11,66.4,-5.09
25499217_25499150_0,62.00299835205078,62.92,63.77,61.4,0.92
25499217_25153100_0,61.834999084472656,62.06,61.58,59.8,0.23
25499218_25499210_0,59.391998291015625,60.67,62.42,54.8,1.28
25499218_15925452_0,59.78799819946289,62.6,59.48,61.55,2.81
25499219_26058937_0,60.55699920654297,61.31,65.23,61.95,0.75
25499219_25499218_0,55.92399978637695,60.92,60.38,62.6,5.0
25499220_25499218_0,60.470001220703125,64.38,61.64,61.95,3.91
25499220_26058935_0,65.07499694824219,66.45,67.42,62.35,1.38
25525378_8168938342_0,63.45000076293945,65.31,60.81,63.0,1.86
25547435_1837331253_0,58.98500061035156,59.7,57.02,58.15,0.71
25547435_8218182128_0,61.53900146484375,59.92,61.69,62.9,-1.62
25547436_10705432732_0,72.3949966430664,64.34,65.84,64.5,-8.05
25547436_59654818_0,71.66100311279297,63.69,65.72,66.6,-7.97
25547440_25470916_0,59.54199981689453,60.5,55.12,59.5,0.96
25547440_8887828403_0,64.65299987792969,62.99,61.26,65.05,-1.66
25547440_25471072_0,59.92699813842773,61.59,56.3,58.75,1.66
25547441_59640015_0,70.58599853515625,63.58,62.54,63.4,-7.01
25547441_59640254_0,71.35299682617188,63.49,62.67,65.8,-7.86
25547441_59654823_0,56.19499969482422,58.53,60.17,58.95,2.34
25549075_600873562_0,72.35399627685547,69.65,67.34,67.1,-2.7
25549075_27359745_0,72.88300323486328,67.99,66.62,65.9,-4.89
25549075_25470917_0,71.01300048828125,64.06,68.12,65.95,-6.95
25549076_10160330139_0,73.8489990234375,65.02,60.36,62.8,-8.83
25549076_4675415578_0,60.698001861572266,60.51,63.29,60.5,-0.19
25549077_21604585_0,69.3489990234375,62.4,62.37,65.7,-6.95
25549077_59640013_0,72.22799682617188,64.79,64.77,66.35,-7.44
25549077_27359745_0,72.6449966430664,66.97,67.54,66.95,-5.67
25610709_1367325366_0,70.20099639892578,68.01,66.09,65.1,-2.19
25610709_8137491713_0,71.83300018310547,66.47,65.02,59.2,-5.36
25610743_25611153_0,68.8280029296875,63.7,58.62,59.2,-5.13
25610743_8794895035_0,70.10900115966797,65.63,63.35,60.1,-4.48
25610743_259977334_0,66.75499725341797,60.76,56.67,55.55,-5.99
25610774_624172842_0,71.76000213623047,64.1,63.77,57.5,-7.66
25610774_26470113_0,55.1879997253418,60.73,64.67,55.65,5.54
25610774_25611003_0,72.02899932861328,66.18,64.49,58.35,-5.85
25611003_26464257_0,66.00399780273438,61.5,62.59,58.55,-4.5
25611003_25610774_0,72.02899932861328,66.18,64.49,58.35,-5.85
25611003_25611043_0,73.63300323486328,66.83,65.67,60.7,-6.8
25611037_8137491713_0,70.3499984741211,67.01,59.93,59.7,-3.34
25611040_25611037_0,73.50599670410156,67.22,61.67,60.65,-6.29
25611043_25611040_0,72.54199981689453,69.0,64.6,60.75,-3.54
25611043_8794895035_0,72.44400024414062,69.22,64.14,60.0,-3.22
25611153_26470085_0,58.22299957275391,56.77,57.56,53.1,-1.45
25611153_25610743_0,68.8280029296875,63.69,58.62,59.2,-5.14
25611153_25611154_0,67.5719985961914,61.38,60.54,57.55,-6.19
25611154_25611156_0,65.38899993896484,60.45,54.93,53.95,-4.94
25611154_26470087_0,58.584999084472656,56.38,54.89,53.45,-2.2
25611154_25611153_0,67.5719985961914,61.4,60.54,57.5,-6.17
25611156_25611154_0,65.38899993896484,60.45,54.93,53.95,-4.94
25611156_25611158_0,63.05500030517578,60.51,59.31,57.8,-2.55
25611158_1370403183_0,62.02999877929688,56.17,57.39,56.4,-5.86
25611158_25611156_0,63.05500030517578,60.5,59.31,57.95,-2.56
25611158_26470491_0,68.58499908447266,61.99,61.46,58.7,-6.59
25611272_25611274_0,52.81399917602539,57.88,53.93,55.05,5.07
25611274_25611365_0,67.84100341796875,57.52,58.42,55.25,-10.32
25611274_26149140_0,64.78500366210938,57.83,62.87,58.95,-6.96
25611365_25611366_0,69.60299682617188,57.41,54.53,61.05,-12.19
25611375_25611376_0,71.4800033569336,57.94,57.2,62.2,-13.54
25611376_25611377_0,70.56600189208984,58.18,60.94,62.35,-12.39
25611377_26286759_0,65.67400360107422,54.57,53.96,56.8,-11.1
25611377_251050296_0,66.12200164794922,58.42,60.41,62.0,-7.7
25611395_249740340_0,71.06500244140625,60.47,54.05,57.4,-10.6
25611395_26286760_0,70.40599822998047,62.28,56.61,57.5,-8.13
25611400_25611401_0,72.96800231933594,60.08,54.84,64.6,-12.89
25611400_325772567_0,59.25299835205078,55.98,60.44,57.45,-3.27
25611401_25611404_0,71.84600067138672,59.53,57.04,62.75,-12.32
25611404_1682387628_0,74.50499725341797,59.66,59.06,62.8,-14.84
25611404_26317345_0,58.85699844360352,54.95,56.43,57.9,-3.91
25611408_25611409_0,74.37000274658203,60.03,61.69,62.65,-14.34
25611409_55463824_0,74.21299743652344,60.3,65.76,62.7,-13.91
25611409_26317318_0,57.54999923706055,55.01,57.77,58.25,-2.54
25611411_26317310_0,62.345001220703125,56.79,65.74,59.25,-5.56
25611411_25611424_0,71.82499694824219,62.03,62.01,63.85,-9.79
25611424_4690060601_0,59.33200073242188,58.28,60.46,59.15,-1.05
25611424_25611425_0,72.97000122070312,61.8,60.4,64.25,-11.17
25611425_13045357050_0,72.0459976196289,62.29,62.21,62.4,-9.76
25611428_26317254_0,59.1609992980957,58.68,53.82,58.8,-0.48
25611428_1368674799_0,71.48500061035156,63.06,58.79,63.2,-8.43
25611428_26317242_0,70.81999969482422,62.56,54.25,63.8,-8.26
25611760_13045357042_0,74.38600158691406,72.4,66.62,66.2,-1.99
25611760_13046082674_0,71.8550033569336,67.61,66.86,64.85,-4.25
25614299_26057008_0,74.03399658203125,70.38,66.34,65.75,-3.65
25615380_25319204_0,62.62900161743164,61.68,64.22,58.85,-0.95
25615380_26064162_0,74.80899810791016,68.36,66.04,65.2,-6.45
25615380_26064143_0,74.00499725341797,64.52,66.97,65.45,-9.48
25618197_26022624_0,60.04999923706055,59.36,60.47,59.7,-0.69
25618197_25618206_0,65.41100311279297,63.06,57.96,63.85,-2.35
25618206_25310868_0,75.48100280761719,65.11,67.06,66.5,-10.37
25618206_26035007_0,65.01200103759766,60.14,60.91,59.25,-4.87
25618214_25618439_0,75.39199829101562,65.36,55.83,64.6,-10.03
25618216_25618214_0,75.0739974975586,66.72,64.53,64.8,-8.35
25618436_25618216_0,61.72600173950195,61.02,49.65,61.5,-0.71
25618436_1384310580_0,58.10900115966797,58.47,56.24,55.25,0.36
25618439_26035256_0,75.47599792480469,66.5,62.6,65.05,-8.98
25618439_26291349_0,71.12100219726562,64.51,56.78,65.5,-6.61
25618439_8399389567_0,74.67500305175781,65.88,62.6,64.6,-8.8
25620304_25316259_0,65.54499816894531,59.42,52.27,55.85,-6.12
25620304_1042749384_0,73.10199737548828,67.55,59.16,64.6,-5.55
25620306_25620304_0,73.6510009765625,66.49,62.92,64.25,-7.16
25620809_26584165_0,65.76899719238281,60.02,48.21,52.55,-5.75
25622515_25622530_0,74.6520004272461,68.81,65.47,62.55,-5.84
25622530_25622551_0,73.0479965209961,66.13,63.68,63.0,-6.92
25622530_1468760675_0,72.32599639892578,68.65,65.2,62.5,-3.68
25622551_25622530_0,73.0479965209961,66.13,63.68,63.0,-6.92
25622551_26131895_0,74.21499633789062,68.43,64.73,62.7,-5.78
25622570_25622573_0,74.03199768066406,66.22,67.46,63.2,-7.81
25622571_25622551_0,71.75700378417969,68.2,63.38,62.65,-3.56
25622573_11422035858_0,72.80599975585938,65.35,66.62,63.1,-7.46
25622574_25622571_0,74.06199645996094,66.48,67.74,63.5,-7.58
25622724_25622725_0,73.1240005493164,62.13,63.74,62.2,-10.99
25622724_4617186035_0,73.81700134277344,63.57,63.06,62.65,-10.25
25622725_25622724_0,73.1240005493164,62.13,63.74,62.2,-10.99
25622725_25622726_0,72.90699768066406,66.04,62.41,62.35,-6.87
25622725_29083977_0,70.14800262451172,59.77,64.52,61.8,-10.38
25622726_11422035859_0,72.63300323486328,64.29,63.0,62.9,-8.34
25622731_4617186038_0,73.70099639892578,62.81,63.89,63.3,-10.89
25622731_13289372527_0,73.35600280761719,64.51,63.79,63.35,-8.85
25624056_25624140_0,57.35100173950195,60.8,56.93,55.8,3.45
25624056_25624141_0,57.2239990234375,60.7,54.85,57.3,3.48
25624056_25624058_0,58.78799819946289,60.61,54.13,58.1,1.82
25624056_25624060_0,59.02299880981445,60.41,56.05,55.71,1.39
25624058_25624056_0,58.78799819946289,60.61,54.13,58.1,1.82
25624058_25624059_0,58.95800018310547,60.63,52.92,54.4,1.67
25624058_25624139_0,59.63800048828125,61.02,52.63,55.05,1.38
25624058_26132247_0,58.99100112915039,60.39,52.83,56.6,1.4
25624059_48880067_0,56.27399826049805,60.92,53.03,54.95,4.65
25624059_25624160_0,59.45199966430664,63.14,60.78,63.8,3.69
25624059_25624058_0,58.95800018310547,60.63,52.92,54.4,1.67
25624060_25624143_0,55.275001525878906,61.42,61.56,58.5,6.14
25624060_25624056_0,59.02299880981445,60.41,56.05,55.71,1.39
25624139_26132246_0,59.53400039672852,60.96,57.17,56.6,1.43
25624139_25624140_0,59.119998931884766,61.1,56.21,56.8,1.98
25624139_25624058_0,59.63800048828125,61.02,52.63,55.05,1.38
25624139_8897755315_0,65.06500244140625,62.13,57.87,61.5,-2.94
25624140_25624056_0,57.35100173950195,60.8,56.93,55.8,3.45
25624140_8149345756_0,59.650001525878906,61.95,63.3,61.88,2.3
25624141_25624142_0,59.275001525878906,60.4,54.28,56.2,1.12
25624141_27362922_0,61.180999755859375,61.15,62.21,60.81,-0.03
25624141_25624056_0,57.2239990234375,60.7,54.85,57.3,3.48
25624142_25624141_0,59.275001525878906,60.4,54.28,56.2,1.12
25624142_25624060_0,55.4010009765625,60.09,54.86,54.9,4.69
25624142_25624144_0,58.32899856567383,60.9,61.36,59.45,2.57
25624142_1255306647_0,55.59799957275391,61.22,61.49,60.9,5.62
25624143_891129815_0,68.83100128173828,62.3,61.38,59.3,-6.53
25624143_25624144_0,68.79900360107422,65.44,64.06,61.15,-3.36
25624144_891129818_0,68.73100280761719,62.11,59.08,58.65,-6.62
25624144_25624142_0,58.32899856567383,60.9,61.42,59.45,2.57
25624144_3626479005_0,67.71700286865234,66.21,65.75,63.1,-1.51
25624145_25624146_0,57.52399826049805,61.09,51.49,57.15,3.57
25624146_26132246_0,58.59000015258789,60.76,54.1,56.35,2.17
25624146_26132243_0,61.63199996948242,62.29,59.17,59.35,0.66
25624146_25471717_0,60.59400177001953,61.65,54.54,56.3,1.06
25624152_48880093_0,61.867000579833984,63.1,61.46,63.65,1.23
25624152_8168902706_0,69.16999816894531,68.85,65.69,64.95,-0.32
25624160_891129825_0,69.6969985961914,67.66,64.94,65.8,-2.04
25624160_25624059_0,59.45199966430664,63.14,60.78,63.8,3.69
25624160_25624143_0,69.01799774169922,67.14,63.73,65.15,-1.88
25624666_27362894_0,65.49400329589844,64.56,65.97,61.25,-0.93
25624666_1028380059_0,62.79600143432617,63.52,61.2,62.45,0.72
25631417_8149395025_0,57.93199920654297,60.66,61.42,60.6,2.73
25632290_26014245_0,71.99199676513672,65.97,65.45,63.8,-6.02
25632290_27504185_0,68.5739974975586,60.65,65.09,60.9,-7.92
25632290_1764264890_0,70.25700378417969,68.82,67.03,63.55,-1.44
25632869_1026456304_0,76.57499694824219,64.03,68.87,63.28,-12.54
25632869_1029435020_0,77.92900085449219,67.94,69.48,65.6,-9.99
25634092_26057042_0,72.5510025024414,62.19,57.63,58.9,-10.36
25719221_13383978_0,83.802001953125,66.32,65.59,67.45,-17.48
25719223_1042749303_0,71.4010009765625,67.98,64.25,64.55,-3.42
25719223_25316260_0,69.25499725341797,67.07,65.38,63.85,-2.18
25719225_6744047182_0,84.58200073242188,65.01,67.0,66.7,-19.57
25719228_3393859930_0,75.74400329589844,76.27,67.2,66.25,0.53
25719228_3393859920_0,71.80400085449219,71.34,67.0,65.8,-0.46
25722214_1967907778_0,65.77200317382812,62.43,53.69,54.72,-3.34
25722214_26584170_0,64.65599822998047,59.98,50.8,53.1,-4.68
25722218_25722219_0,61.59799957275391,59.34,51.94,54.9,-2.26
25722219_33183165_0,61.10900115966797,60.02,51.68,54.9,-1.09
25722219_24484855_0,63.39599990844727,58.94,46.78,54.25,-4.46
25722220_33183161_0,63.935001373291016,60.35,56.28,54.85,-3.59
25722220_25722222_0,48.79899978637695,58.79,47.62,55.55,9.99
25722222_25722223_0,60.63999938964844,58.91,57.87,60.2,-1.73
25722222_22218377_0,61.999000549316406,58.56,58.16,56.6,-3.44
25722223_33250400_0,62.1879997253418,59.66,58.9,60.05,-2.53
25722224_23666981_0,61.73899841308594,59.43,52.11,55.75,-2.31
25722225_23667285_0,61.31600189208984,59.24,50.38,54.62,-2.08
25722226_25454179_0,60.74399948120117,58.8,50.33,52.95,-1.94
25722226_16566910_0,65.77999877929688,59.6,50.58,53.85,-6.18
25722234_3558474796_0,73.83100128173828,69.1,67.97,64.05,-4.73
25722234_26729000_0,48.04199981689453,56.13,63.93,59.25,8.09
25722234_83703898_0,53.0880012512207,57.47,57.12,56.1,4.38
25722244_2158548111_0,69.56600189208984,71.7,61.63,65.2,2.13
25722244_2106958155_0,71.7969970703125,71.59,62.08,64.95,-0.21
25722248_252333287_0,68.9209976196289,68.91,64.9,63.2,-0.01
25722248_35210587_0,62.92300033569336,57.79,53.42,58.0,-5.13
25722257_252412611_0,62.22499847412109,59.98,60.02,62.42,-2.24
25722257_25722258_0,69.64099884033203,69.74,66.63,64.3,0.1
25722258_25722260_0,71.94000244140625,70.08,66.52,64.8,-1.86
25722260_8210566445_0,69.0739974975586,62.65,66.97,64.95,-6.42
25722260_25722261_0,70.66300201416016,73.36,68.04,65.6,2.7
25722261_25722263_0,73.09500122070312,71.6,68.36,64.95,-1.5
25722263_25722264_0,72.61399841308594,71.17,67.1,64.65,-1.44
25722263_35218654_0,64.4000015258789,60.02,57.64,60.15,-4.38
25722264_1975440385_0,63.75699996948242,59.14,57.56,59.7,-4.62
25722264_2244836226_0,71.98300170898438,73.05,67.94,64.55,1.07
25722266_26584156_0,70.94300079345703,75.25,69.86,64.6,4.31
25722266_26014319_0,76.50599670410156,68.84,67.8,65.25,-7.67
25722267_26584163_0,61.60900115966797,62.12,61.77,61.35,0.51
25722267_11048560947_0,69.62100219726562,69.88,68.68,64.15,0.26
25722288_26023286_0,74.42400360107422,64.83,63.41,63.35,-9.59
25722288_25722292_0,74.1510009765625,64.65,57.98,63.4,-9.5
25722292_1438257885_0,73.68199920654297,65.87,62.51,64.6,-7.81
25722292_25722293_0,75.06500244140625,64.94,63.05,64.4,-10.13
25722293_26052731_0,76.15699768066406,64.07,63.49,65.6,-12.09
25722293_21674805_0,75.29900360107422,66.57,62.4,64.85,-8.73
25722293_26052730_0,64.48400115966797,58.19,56.9,56.15,-6.29
25722297_25498533_0,74.677001953125,67.2,61.1,64.65,-7.48
25722301_27503213_0,70.2020034790039,62.32,64.02,62.95,-7.88
25722301_27503214_0,70.71600341796875,63.14,65.11,61.95,-7.58
25743294_25743300_0,59.34000015258789,56.87,52.19,52.42,-2.47
25743294_25743297_0,62.23099899291992,56.9,56.25,53.6,-5.33
25743297_26106404_0,62.44900131225586,58.41,55.16,53.85,-4.04
25743297_26106382_0,66.64299774169922,61.43,65.92,60.1,-5.21
25743299_25743300_0,58.858001708984375,56.51,56.47,53.4,-2.35
25743299_25743297_0,66.03800201416016,60.49,58.36,55.08,-5.55
25743300_25743307_0,64.96199798583984,56.29,50.76,52.48,-8.67
25743306_26583848_0,64.11000061035156,59.34,59.66,58.45,-4.77
25743306_1528154145_0,63.01599884033203,59.83,52.9,54.05,-3.19
25743307_26106387_0,59.757999420166016,57.12,50.2,52.28,-2.64
25743307_25743294_0,59.777000427246094,56.81,52.33,52.52,-2.97
25932612_25932613_0,63.766998291015625,62.34,65.8,62.05,-1.43
25932613_25310907_0,62.845001220703125,62.5,68.43,62.0,-0.35
25932613_25932614_0,61.2509994506836,60.9,61.78,62.0,-0.35
25932614_528993516_0,62.28400039672852,61.53,56.02,53.65,-0.75
25932614_25932613_0,61.2509994506836,60.9,61.78,62.0,-0.35
25984655_3882989560_0,54.60300064086914,53.6,56.05,48.75,-1.0
25984655_13256918436_0,58.45399856567383,55.4,57.48,53.7,-3.05
25984655_21510487_0,58.94900131225586,56.31,58.0,53.6,-2.64
26009776_1051082303_0,58.792999267578125,53.75,56.4,49.52,-5.04
26009778_1051082303_0,60.61899948120117,54.14,52.43,48.97,-6.48
26009778_21510491_0,59.53099822998047,54.67,57.24,52.62,-4.86
26009822_26009841_0,61.334999084472656,62.98,62.04,60.35,1.65
26009822_26009833_0,67.44100189208984,62.97,58.79,60.8,-4.47
26009828_21674897_0,62.81700134277344,62.16,54.78,60.25,-0.66
26009828_728283326_0,61.26800155639648,62.47,59.6,59.2,1.2
26009833_21674896_0,74.93499755859375,68.32,62.4,66.8,-6.61
26009837_26009841_0,67.67500305175781,63.58,65.05,60.65,-4.1
26009837_26009833_0,70.46499633789062,68.34,63.71,65.85,-2.12
26009841_8831707916_0,64.87300109863281,64.48,65.15,61.35,-0.39
26009843_26009844_0,69.11599731445312,64.58,61.81,62.25,-4.54
26009843_249717498_0,73.2490005493164,69.6,63.66,66.9,-3.65
26009844_21674898_0,63.24800109863281,64.76,64.03,61.1,1.51
26009844_26009843_0,69.11599731445312,64.57,61.81,62.1,-4.55
26009844_26009828_0,60.797000885009766,62.83,59.63,59.8,2.03
26012483_13256918436_0,58.249000549316406,54.36,57.33,52.75,-3.89
26012483_82527987_0,61.66899871826172,56.13,58.41,53.25,-5.54
26014245_26016372_0,73.08100128173828,69.39,65.71,64.6,-3.69
26014245_1764264890_0,70.50199890136719,66.46,62.67,63.3,-4.04
26014319_25722266_0,76.50599670410156,68.84,67.8,65.25,-7.67
26014319_27503201_0,70.2979965209961,65.05,65.58,62.3,-5.25
26014319_27503194_0,69.30699920654297,70.1,65.31,65.65,0.79
26016372_26014245_0,73.08100128173828,69.39,65.71,64.6,-3.69
26016372_959373357_0,71.0479965209961,66.31,64.82,64.9,-4.74
26016378_26583682_0,58.22100067138672,56.38,58.46,57.9,-1.84
26016378_26583691_0,69.5979995727539,66.32,62.27,63.75,-3.28
26022619_12568521907_0,65.00399780273438,58.71,50.5,54.4,-6.29
26022624_25310859_0,64.86199951171875,60.75,63.85,65.5,-4.11
26022624_26022619_0,65.49800109863281,59.67,58.58,63.05,-5.83
26022694_270473915_0,73.38200378417969,61.8,60.45,63.25,-11.58
26023286_3020993750_0,75.25599670410156,66.96,62.97,63.45,-8.3
26027222_8831923525_0,72.33499908447266,65.33,65.09,63.45,-7.0
26027222_26027230_0,62.65399932861328,62.24,60.3,59.75,-0.41
26027224_25306185_0,63.2859992980957,62.7,61.07,60.6,-0.59
26027224_26027222_0,71.08699798583984,66.28,65.51,64.35,-4.81
26027230_26027231_0,65.96199798583984,62.34,58.42,59.9,-3.62
26027231_26027232_0,63.36600112915039,62.71,58.01,59.9,-0.66
26027231_26027233_0,72.3489990234375,65.62,58.7,64.7,-6.73
26027232_25319255_0,59.2239990234375,61.84,56.94,56.75,2.62
26027232_264496809_0,60.90700149536133,62.59,54.96,57.55,1.68
26027233_26027234_0,71.62100219726562,65.63,61.0,64.4,-5.99
26027233_26027239_0,64.44999694824219,62.58,57.73,63.36,-1.87
26027234_26027239_0,57.01900100708008,61.86,54.24,59.05,4.84
26027234_11280341450_0,71.83000183105469,66.23,57.58,61.3,-5.6
26027237_2483668732_0,60.0629997253418,62.39,59.95,58.55,2.33
26027237_11280341450_0,62.36299896240234,63.51,57.81,60.95,1.15
26027238_26027237_0,65.20500183105469,63.05,61.29,62.5,-2.16
26027238_26027224_0,71.83499908447266,65.85,61.6,64.5,-5.98
26027239_26027224_0,64.06600189208984,63.67,64.61,64.15,-0.4
26033233_26033312_0,68.30400085449219,62.79,61.71,61.6,-5.51
26033233_9495381679_0,64.16600036621094,61.7,48.52,52.2,-2.47
26033234_26079789_0,60.19300079345703,61.76,52.86,56.9,1.57
26033234_26033233_0,62.233001708984375,61.53,50.71,53.05,-0.7
26033234_26033235_0,62.40700149536133,61.58,53.22,52.3,-0.83
26033235_26033310_0,58.44900131225586,61.82,54.32,52.87,3.37
26033310_26033311_0,60.70199966430664,63.17,61.03,59.7,2.47
26033311_26033312_0,62.244998931884766,64.06,63.18,59.6,1.82
26033311_26033234_0,62.8390007019043,62.81,61.08,60.25,-0.03
26033311_26033321_0,66.97799682617188,64.51,63.57,60.3,-2.47
26033312_26033320_0,72.36000061035156,65.72,62.78,61.1,-6.64
26033313_26033460_0,61.430999755859375,63.11,60.75,61.7,1.68
26033313_25258759_0,59.45899963378906,61.17,55.66,57.15,1.71
26033320_26033321_0,71.84300231933594,66.33,64.2,61.9,-5.51
26033320_4892381215_0,72.69200134277344,67.87,64.08,63.75,-4.82
26033321_26033322_0,73.0999984741211,65.94,61.48,61.15,-7.16
26033321_26033320_0,71.84300231933594,66.33,64.2,61.9,-5.51
26033322_362076524_0,73.58499908447266,64.64,59.17,62.1,-8.94
26033322_26033321_0,73.0999984741211,65.94,61.48,61.15,-7.16
26033322_26033310_0,63.85200119018555,62.53,58.84,60.35,-1.32
26033323_6185376345_0,60.387001037597656,62.06,47.54,52.52,1.67
26033323_26033310_0,59.85300064086914,62.11,46.09,52.42,2.26
26033324_2117622744_0,69.58300018310547,65.07,60.83,63.3,-4.51
26033324_362076524_0,72.00599670410156,64.92,60.06,61.5,-7.09
26033324_975886496_0,67.76000213623047,64.6,59.38,61.85,-3.16
26033460_26027238_0,66.75199890136719,63.84,63.37,63.85,-2.91
26033460_2659801362_0,62.16400146484375,63.75,67.68,65.1,1.59
26035007_26035018_0,61.82600021362305,59.95,59.8,59.25,-1.88
26035007_26035008_0,68.48600006103516,60.75,62.44,64.7,-7.74
26035008_13176425186_0,71.88400268554688,66.06,61.13,66.15,-5.82
26035008_26035009_0,67.05599975585938,60.89,60.04,64.75,-6.17
26035009_26035015_0,64.11399841308594,60.59,55.03,60.05,-3.52
26035009_25310866_0,62.1349983215332,60.28,61.44,60.65,-1.85
26035011_26035008_0,71.22599792480469,67.39,60.4,66.35,-3.84
26035011_26035009_0,69.23899841308594,62.2,60.67,66.3,-7.04
26035014_1368366564_0,71.23600006103516,66.49,64.25,63.55,-4.75
26035015_26035014_0,66.08499908447266,61.54,58.65,63.5,-4.54
26035018_26035256_0,61.3849983215332,60.1,63.29,59.45,-1.28
26035040_26035014_0,69.58100128173828,63.99,62.73,65.1,-5.59
26035063_378175582_0,71.00800323486328,66.02,65.35,65.6,-4.99
26035063_1368366566_0,73.27899932861328,69.4,64.11,66.05,-3.88
26035070_26035063_0,72.54299926757812,69.49,61.77,66.75,-3.05
26035070_1778350879_0,70.62200164794922,65.48,63.52,65.55,-5.14
26035090_9904861860_0,72.8280029296875,66.32,57.96,56.85,-6.51
26035103_9904861860_0,61.323001861572266,60.33,58.65,54.35,-0.99
26035103_26035127_0,58.935001373291016,61.44,64.56,59.15,2.5
26035104_26035110_0,65.74800109863281,60.8,58.5,61.4,-4.95
26035104_26035090_0,65.85199737548828,60.23,68.51,60.0,-5.62
26035106_25310893_0,60.42300033569336,59.4,54.44,53.65,-1.02
26035110_1368366540_0,72.94400024414062,66.97,62.36,65.25,-5.97
26035110_26035111_0,66.40599822998047,61.38,58.06,61.15,-5.03
26035111_26035103_0,59.61199951171875,61.7,60.48,62.75,2.09
26035127_8832666439_0,67.9739990234375,66.54,64.23,64.65,-1.43
26035131_26035070_0,69.21199798583984,66.68,65.43,65.25,-2.53
26035131_1368366537_0,67.63099670410156,64.31,66.27,62.55,-3.32
26035256_25618206_0,74.5510025024414,65.5,65.3,65.0,-9.05
26052730_4894298864_0,59.23099899291992,57.24,53.76,53.4,-1.99
26052730_25495339_0,60.79399871826172,57.59,50.21,54.15,-3.2
26052731_26052732_0,75.01300048828125,66.8,63.67,66.15,-8.21
26052731_26052730_0,65.71800231933594,58.79,61.93,58.65,-6.93
26052731_25722293_0,76.15699768066406,64.07,63.49,65.6,-12.09
26052732_26052731_0,75.01300048828125,66.8,63.67,66.15,-8.21
26052732_746310128_0,75.55599975585938,65.19,61.78,65.3,-10.37
26052934_25615380_0,73.66899871826172,68.76,64.65,65.1,-4.91
26053016_9499384374_0,70.78299713134766,66.4,63.38,64.65,-4.38
26053248_8831834970_0,61.803001403808594,62.27,63.93,59.7,0.47
26053248_26053249_0,62.33399963378906,61.64,56.81,53.82,-0.69
26053249_8831834972_0,66.24800109863281,61.8,62.26,60.8,-4.45
26053249_8831710981_0,63.09999847412109,61.16,54.98,53.67,-1.94
26053251_26053249_0,57.417999267578125,60.62,59.8,53.35,3.2
26053251_26053252_0,62.92499923706055,60.82,54.24,53.6,-2.1
26053252_26053540_0,58.00899887084961,60.76,55.76,55.6,2.75
26053252_26053928_0,62.262001037597656,63.26,60.72,60.35,1.0
26053253_26053251_0,59.73699951171875,60.59,58.61,53.65,0.85
26053253_26054495_0,58.4640007019043,60.39,57.11,54.95,1.93
26053540_26079777_0,55.375,58.89,56.06,54.1,3.52
26053540_26053252_0,58.00899887084961,60.76,55.76,55.65,2.75
26053540_26053570_0,59.73199844360352,60.84,53.03,57.2,1.11
26053570_1036025279_0,56.2239990234375,59.03,56.62,56.75,2.81
26053570_26054495_0,60.64699935913086,60.83,57.93,57.5,0.18
26053647_1036025279_0,59.60100173950195,60.63,49.75,55.7,1.03
26053928_8831707916_0,65.41300201416016,67.71,63.52,64.65,2.3
26053928_26009822_0,63.81900024414063,63.37,62.13,59.85,-0.45
26053988_8831659639_0,64.7969970703125,66.17,64.9,65.4,1.37
26054495_21604549_0,61.5260009765625,61.18,61.57,60.15,-0.35
26054497_25319261_0,71.90399932861328,67.78,62.53,64.75,-4.12
26054497_265809740_0,66.37000274658203,66.26,60.83,63.55,-0.11
26057008_26057009_0,73.31199645996094,69.21,61.63,66.25,-4.1
26057009_26054497_0,72.74099731445312,68.51,65.15,66.0,-4.23
26057009_821517829_0,74.28199768066406,69.11,64.42,66.0,-5.17
26057013_21674901_0,62.01399993896485,63.69,60.66,61.8,1.68
26057042_26079690_0,61.09600067138672,61.67,59.37,57.15,0.57
26057042_26057043_0,69.4990005493164,64.19,64.44,62.5,-5.31
26057043_9681597416_0,60.09199905395508,62.91,62.49,62.55,2.82
26057055_6162384602_0,73.31099700927734,70.35,62.39,64.8,-2.96
26057055_2117622744_0,72.96800231933594,68.36,59.02,64.5,-4.61
26057055_2097815265_0,73.61299896240234,70.74,59.03,64.7,-2.87
26057061_8865464537_0,70.49600219726562,65.97,55.88,63.75,-4.53
26057064_26317236_0,71.15299987792969,65.55,60.46,64.4,-5.6
26057064_7218035845_0,62.5009994506836,61.19,61.58,63.6,-1.31
26057069_26079652_0,60.99300003051758,60.29,56.58,60.95,-0.7
26057069_6142285550_0,70.6510009765625,61.06,60.99,61.4,-9.59
26057083_26057069_0,70.51100158691406,59.14,50.61,53.1,-11.37
26057084_26057083_0,69.84500122070312,58.95,56.5,59.6,-10.9
26057084_26079654_0,65.38999938964844,59.82,54.82,59.7,-5.57
26057085_26317229_0,57.27799987792969,59.91,59.39,62.25,2.63
26057085_26057084_0,70.19400024414062,59.66,57.96,60.55,-10.53
26057106_26316429_0,60.02799987792969,58.72,48.17,53.7,-1.31
26057106_26057085_0,69.93199920654297,58.74,50.37,55.9,-11.19
26057109_48830472_0,59.13899993896485,58.43,43.8,52.15,-0.71
26057109_2672660419_0,58.10499954223633,58.51,47.81,52.25,0.41
26058145_26058150_0,60.38600158691406,61.49,50.54,57.65,1.1
26058145_26058147_0,60.75299835205078,61.56,53.82,57.75,0.81
26058147_26058160_0,60.59299850463867,61.7,57.34,57.8,1.11
26058147_8831478254_0,57.17499923706055,62.37,62.07,59.6,5.2
26058148_26058147_0,59.48400115966797,61.54,56.48,58.85,2.06
26058148_26058159_0,62.34600067138672,61.96,56.54,58.5,-0.39
26058150_26058165_0,63.55500030517578,62.21,64.55,59.95,-1.35
26058150_26058148_0,59.7140007019043,61.91,54.55,59.65,2.2
26058151_26058153_0,62.2599983215332,61.54,55.78,58.2,-0.72
26058151_26058150_0,59.3390007019043,59.76,55.9,58.3,0.42
26058153_8831416857_0,60.34999847412109,61.96,53.52,60.2,1.61
26058153_26058145_0,60.18600082397461,61.26,56.6,57.65,1.07
26058158_26058145_0,59.14099884033203,62.85,55.53,59.1,3.71
26058158_8831416864_0,62.01900100708008,65.44,62.55,61.4,3.42
26058159_663650206_0,65.9219970703125,62.32,61.39,61.0,-3.6
26058159_26058687_0,67.4749984741211,62.02,58.64,58.8,-5.45
26058160_26058174_0,60.56700134277344,62.17,57.29,58.5,1.6
26058160_26058159_0,59.99300003051758,61.62,54.98,58.3,1.63
26058163_8831478256_0,63.69100189208984,62.58,62.38,60.3,-1.11
26058163_26079757_0,61.53099822998047,63.23,62.65,63.6,1.7
26058165_26058168_0,75.36299896240234,67.23,65.49,64.8,-8.13
26058168_26058151_0,66.93299865722656,61.14,60.09,62.3,-5.79
26058168_8824715202_0,73.12000274658203,67.01,67.44,64.25,-6.11
26058174_26058664_0,60.01499938964844,62.33,58.74,61.5,2.32
26058174_26058687_0,62.2509994506836,61.99,55.39,58.95,-0.26
26058651_26058685_0,67.11900329589844,68.41,59.67,58.38,1.29
26058651_12506959804_0,73.0790023803711,72.21,64.9,59.18,-0.87
26058652_26058174_0,58.915000915527344,62.96,58.5,60.85,4.04
26058652_8831478256_0,62.61299896240234,65.02,61.57,61.5,2.41
26058652_26079757_0,59.01900100708008,62.99,59.04,59.4,3.97
26058664_26058685_0,61.63199996948242,64.83,64.82,59.8,3.2
26058664_663650234_0,59.18600082397461,62.24,62.7,58.5,3.05
26058685_26058652_0,63.95399856567383,67.25,65.54,64.45,3.3
26058687_195282_0,67.4739990234375,63.31,63.99,65.9,-4.16
26058690_21674903_0,74.33499908447266,67.57,65.53,65.2,-6.76
26058712_26079753_0,64.68499755859375,67.26,65.06,66.0,2.58
26058712_21674900_0,61.45700073242188,63.07,63.43,62.85,1.61
26058767_195234_0,60.08100128173828,61.48,60.62,62.05,1.4
26058768_25451872_0,60.10699844360352,61.18,62.33,60.85,1.07
26058768_26058769_0,59.479000091552734,61.19,60.21,60.9,1.71
26058769_26058767_0,60.68600082397461,60.94,58.31,59.9,0.25
26058769_26058770_0,60.96799850463867,62.65,62.7,61.7,1.68
26058770_26058766_0,59.72499847412109,60.49,58.18,56.8,0.77
26058770_8824654290_0,63.18899917602539,64.39,62.86,61.65,1.2
26058771_26058768_0,60.82500076293945,60.68,52.87,56.0,-0.15
26058771_26058770_0,60.90399932861328,60.99,58.08,60.35,0.09
26058773_26058771_0,63.375,61.17,60.5,58.7,-2.2
26058773_611630141_0,71.44599914550781,69.33,67.34,63.4,-2.12
26058917_3208799313_0,70.6240005493164,71.74,69.61,67.85,1.12
26058935_26058937_0,64.06199645996094,65.22,65.45,62.45,1.16
26058936_8764216683_0,66.36100006103516,66.29,66.89,66.8,-0.07
26058937_26058936_0,62.93600082397461,64.98,57.38,62.9,2.04
26058937_8784777105_0,63.19100189208984,63.75,67.69,65.75,0.56
26058994_612951571_0,65.63899993896484,66.91,66.67,63.9,1.27
26058995_26058994_0,64.87699890136719,64.39,66.73,61.95,-0.49
26059099_8764154567_0,60.33000183105469,61.3,59.38,62.25,0.97
26059102_2485984756_0,68.177001953125,68.95,63.15,66.55,0.77
26059102_25499159_0,60.06399917602539,61.34,53.53,60.25,1.28
26059180_195237_0,62.88800048828125,61.31,62.22,63.0,-1.58
26059180_26059183_0,63.90399932861328,61.31,54.83,60.5,-2.59
26059183_26059186_0,71.80799865722656,66.78,64.1,65.2,-5.03
26059183_26059198_0,70.78700256347656,62.08,54.94,60.65,-8.71
26059185_26059180_0,60.76399993896485,62.34,61.35,62.7,1.58
26059185_26059186_0,67.74500274658203,63.82,68.65,64.9,-3.93
26059186_21604533_0,71.60199737548828,67.21,60.56,65.6,-4.39
26059186_25153074_0,68.23999786376953,63.3,67.66,61.55,-4.94
26059198_25153071_0,58.97999954223633,60.82,54.75,60.8,1.84
26059219_195235_0,71.44100189208984,70.99,65.08,66.15,-0.45
26059236_195235_0,60.9109992980957,61.56,63.29,65.2,0.65
26059236_25450967_0,48.30099868774414,60.9,59.92,58.75,12.6
26059302_195251_0,68.4800033569336,68.97,66.33,66.8,0.49
26064143_26064162_0,73.18199920654297,67.23,63.74,64.65,-5.95
26064162_6262067564_0,73.01499938964844,70.5,64.74,64.65,-2.51
26079652_26079653_0,61.45000076293945,60.35,56.63,60.2,-1.1
26079653_26079654_0,60.69100189208984,59.58,55.47,60.55,-1.11
26079653_26057083_0,60.9370002746582,59.13,52.55,53.2,-1.81
26079654_2587460577_0,62.68199920654297,60.92,56.98,59.55,-1.76
26079654_26079655_0,61.44400024414063,59.58,53.71,60.15,-1.86
26079655_26316513_0,61.869998931884766,58.9,44.6,53.25,-2.97
26079655_26057085_0,58.935001373291016,59.31,51.58,55.5,0.37
26079656_26079652_0,61.06900024414063,60.96,57.7,61.1,-0.11
26079656_6142285550_0,65.7979965209961,64.03,59.72,59.9,-1.77
26079689_26079690_0,60.8849983215332,62.21,58.76,59.2,1.33
26079689_25634092_0,59.48899841308594,61.89,61.06,59.85,2.4
26079690_26079691_0,61.31100082397461,62.89,61.96,61.75,1.58
26079690_26079697_0,59.479000091552734,62.84,62.05,62.0,3.36
26079691_25306160_0,72.4219970703125,68.53,65.33,66.25,-3.89
26079697_25452392_0,66.822998046875,64.01,63.5,62.05,-2.81
26079703_26079704_0,59.68199920654297,59.97,55.3,57.35,0.29
26079703_26079707_0,58.59000015258789,59.93,54.71,56.1,1.34
26079704_26053647_0,43.97100067138672,59.6,51.33,55.5,15.63
26079704_26079706_0,59.82699966430664,59.44,51.92,53.42,-0.39
26079706_1463826439_0,57.90399932861328,59.42,52.98,53.35,1.52
26079707_26053988_0,59.84099960327149,61.06,59.08,60.2,1.22
26079753_26053988_0,65.8479995727539,66.3,62.9,66.35,0.45
26079753_26079703_0,60.54999923706055,61.61,60.18,61.6,1.06
26079754_26058712_0,65.54199981689453,67.46,65.48,65.75,1.92
26079755_195252_0,69.50700378417969,71.87,63.08,64.85,2.36
26079757_26079755_0,44.70100021362305,62.26,59.63,60.6,17.56
26079777_26053540_0,55.375,58.89,56.06,54.1,3.52
26079788_34401979_0,68.83300018310547,63.9,61.63,61.85,-4.93
26079788_26079789_0,60.310001373291016,61.72,51.8,57.75,1.41
26079789_25175805_0,59.89300155639648,61.44,54.36,57.75,1.55
26079789_26079788_0,60.310001373291016,61.72,51.8,57.75,1.41
26079790_25175798_0,62.32099914550781,61.59,57.33,58.95,-0.73
26079790_26079788_0,59.749000549316406,62.06,57.43,59.05,2.31
26079797_25175805_0,60.38600158691406,61.11,50.43,57.3,0.72
26084211_26084482_0,64.52200317382812,57.11,55.16,58.35,-7.41
26084211_26084473_0,64.61599731445312,57.11,57.74,56.08,-7.51
26084211_26084474_0,62.15700149536133,57.35,59.24,59.05,-4.81
26084213_3002320972_0,61.5629997253418,56.89,48.16,50.8,-4.67
26084213_8814402884_0,58.82899856567383,57.68,62.71,60.55,-1.15
26084213_26084476_0,61.196998596191406,56.72,47.32,51.45,-4.48
26084253_35964716_0,61.78300094604492,58.48,60.54,61.85,-3.3
26084253_25452874_0,59.56900024414063,58.72,62.49,60.95,-0.85
26084253_8814402883_0,71.34400177001953,64.16,62.76,62.4,-7.18
26084253_26084258_0,70.375,62.27,60.82,60.87,-8.1
26084258_26084253_0,70.375,62.27,60.82,60.87,-8.1
26084258_25468301_0,71.73699951171875,63.12,65.9,62.85,-8.62
26084261_26084264_0,63.01100158691406,55.55,54.74,51.71,-7.46
26084261_26108002_0,62.58000183105469,54.84,59.38,52.22,-7.74
26084264_26084261_0,63.01100158691406,55.56,54.74,51.71,-7.45
26084264_10982790033_0,60.33100128173828,55.66,55.29,51.89,-4.67
26084472_26084473_0,59.4630012512207,57.01,57.4,53.55,-2.45
26084472_324281474_0,61.5260009765625,57.36,55.41,53.45,-4.17
26084473_26084211_0,64.61599731445312,57.11,57.74,56.08,-7.51
26084473_35496110_0,57.96200180053711,56.5,55.01,52.35,-1.46
26084473_26084472_0,59.4630012512207,57.01,57.4,53.55,-2.45
26084474_2429781612_0,62.35100173950195,57.38,58.63,54.9,-4.97
26084475_567871885_0,58.43600082397461,56.4,52.6,50.88,-2.04
26084475_26084476_0,57.64799880981445,56.52,45.68,50.25,-1.13
26084475_26084477_0,57.04899978637695,56.64,56.52,53.56,-0.41
26084475_567809298_0,59.81399917602539,56.2,46.14,50.15,-3.61
26084476_26084475_0,57.64799880981445,56.52,45.68,50.25,-1.13
26084476_26084213_0,61.196998596191406,56.72,47.32,51.45,-4.48
26084476_26084211_0,60.25699996948242,57.17,59.63,58.25,-3.09
26084477_4353903012_0,63.96699905395508,56.67,59.38,55.21,-7.3
26084477_26084482_0,61.34299850463867,56.64,56.07,53.61,-4.7
26084478_26108006_0,64.95700073242188,57.11,57.48,56.4,-7.85
26084478_4353903012_0,63.81800079345703,56.89,59.35,55.0,-6.93
26084478_4353903013_0,63.27799987792969,56.94,57.07,54.45,-6.34
26084480_26084474_0,58.130001068115234,56.29,54.03,52.35,-1.84
26084480_26084482_0,57.48799896240234,56.12,51.81,52.0,-1.37
26084482_26084477_0,61.34299850463867,56.64,56.07,53.61,-4.7
26084482_26084211_0,64.52200317382812,57.11,55.16,58.35,-7.41
26084483_567871889_0,61.63899993896485,56.8,53.45,52.11,-4.84
26084483_26084484_0,59.505001068115234,56.63,52.0,52.31,-2.88
26084483_567871885_0,57.73899841308594,56.44,50.73,51.25,-1.3
26084484_26084485_0,60.124000549316406,56.77,50.55,51.91,-3.35
26084484_26084483_0,59.505001068115234,56.62,52.0,52.31,-2.89
26084485_26084484_0,60.124000549316406,56.77,50.55,51.91,-3.35
26084485_26084498_0,60.23199844360352,56.87,52.38,50.95,-3.36
26084497_26084498_0,61.152000427246094,57.54,60.02,53.85,-3.61
26084497_21674913_0,70.63999938964844,60.66,60.85,58.8,-9.98
26084497_653293588_0,70.8239974975586,59.46,60.81,57.3,-11.36
26084498_3667334139_0,62.45399856567383,56.78,53.11,50.79,-5.67
26084498_26084497_0,61.152000427246094,57.54,60.02,53.85,-3.61
26084498_26084485_0,60.23199844360352,56.87,52.38,50.95,-3.36
26084554_3667334139_0,60.900001525878906,56.05,51.89,51.35,-4.85
26084596_26084661_0,70.97699737548828,65.0,65.65,67.5,-5.98
26084596_26084597_0,69.96199798583984,63.37,62.37,61.8,-6.59
26084597_26084596_0,69.96199798583984,63.37,62.37,61.8,-6.59
26084597_26120306_0,70.55699920654297,63.91,62.68,60.0,-6.65
26084598_26084599_0,60.02299880981445,57.1,55.77,51.95,-2.92
26084599_26084601_0,51.67599868774414,58.27,58.31,52.72,6.59
26084600_637043151_0,61.22999954223633,56.53,50.92,50.7,-4.7
26084600_26084599_0,60.45600128173828,57.39,54.24,51.95,-3.07
26084601_26084603_0,59.81600189208984,59.16,57.77,54.64,-0.66
26084603_26084604_0,58.805999755859375,57.81,52.38,52.65,-1.0
26084603_26084600_0,59.24399948120117,57.44,51.04,52.18,-1.8
26084604_26084609_0,59.55799865722656,57.05,57.69,62.05,-2.51
26084604_26084605_0,60.85499954223633,56.56,51.07,50.55,-4.29
26084605_26084600_0,59.803001403808594,56.47,47.92,49.65,-3.33
26084606_26084605_0,61.5009994506836,56.02,49.46,49.6,-5.48
26084608_653293588_0,71.61000061035156,60.58,60.04,63.15,-11.03
26084608_3446506082_0,71.28900146484375,61.67,62.65,64.1,-9.62
26084609_3446506083_0,68.68900299072266,60.16,58.01,61.97,-8.53
26084660_26084661_0,70.71099853515625,66.91,65.26,66.95,-3.8
26084660_554237881_0,70.08499908447266,65.8,65.05,64.5,-4.28
26084661_600816158_0,73.4010009765625,69.57,64.06,66.7,-3.83
26084661_26084660_0,70.71099853515625,66.91,65.26,66.95,-3.8
26084661_26084596_0,70.97699737548828,65.0,65.65,67.5,-5.98
26084661_26084601_0,61.60900115966797,61.06,61.64,61.55,-0.55
26084716_3446506083_0,61.733001708984375,57.68,55.0,62.47,-4.05
26084717_26084716_0,63.762001037597656,55.98,47.05,51.05,-7.78
26086114_26086115_0,60.30699920654297,60.14,46.21,54.0,-0.17
26086114_5504388559_0,64.18000030517578,63.52,50.28,54.45,-0.66
26086114_5512880808_0,62.15800094604492,59.78,47.86,53.7,-2.38
26086115_26086114_0,60.30699920654297,60.14,46.21,54.0,-0.17
26086115_26086120_0,59.26399993896485,59.9,49.37,54.6,0.64
26086116_25468066_0,60.01800155639648,59.94,50.08,54.7,-0.08
26086116_11216988757_0,63.56999969482422,63.04,61.51,61.05,-0.53
26086116_26086123_0,61.32799911499024,60.55,51.04,54.85,-0.78
26086117_208769279_0,58.2239990234375,60.43,53.87,58.85,2.21
26086117_26086123_0,61.43399810791016,60.76,53.27,57.75,-0.67
26086117_26086122_0,61.61100006103516,60.83,54.76,58.75,-0.78
26086117_26086118_0,58.79899978637695,60.33,54.88,56.5,1.53
26086118_26086121_0,58.97600173950195,60.05,43.42,53.6,1.07
26086118_26086119_0,59.37900161743164,59.9,42.44,54.3,0.52
26086118_26086117_0,58.79899978637695,60.33,54.88,56.5,1.53
26086119_26086118_0,59.37900161743164,59.9,42.44,54.3,0.52
26086119_26086120_0,59.46699905395508,60.06,44.86,54.8,0.59
26086120_25468067_0,58.55099868774414,59.56,46.43,53.85,1.01
26086120_26086119_0,59.46699905395508,60.06,44.86,54.8,0.59
26086120_26086115_0,59.26399993896485,59.91,49.37,54.6,0.65
26086121_48833743_0,59.06399917602539,59.87,47.2,54.85,0.81
26086121_26086122_0,59.47299957275391,59.94,47.97,55.0,0.47
26086122_26086117_0,61.61100006103516,60.83,54.76,58.75,-0.78
26086122_26086128_0,60.83399963378906,60.74,57.96,60.2,-0.09
26086123_26086116_0,61.32799911499024,60.55,51.04,54.85,-0.78
26086123_26086117_0,61.43399810791016,60.76,53.27,57.75,-0.67
26086124_80311393_0,72.1969985961914,66.98,56.14,61.55,-5.22
26086124_26079656_0,64.947998046875,65.47,61.35,61.5,0.52
26086124_26086126_0,71.5790023803711,62.98,57.97,61.8,-8.6
26086126_48833748_0,59.95399856567383,60.0,48.74,55.95,0.05
26086126_26086124_0,71.5790023803711,62.98,57.97,61.8,-8.6
26086126_26086127_0,71.22000122070312,61.57,50.21,56.65,-9.65
26086127_26086126_0,71.22000122070312,61.57,50.21,56.65,-9.65
26086127_26086128_0,70.49800109863281,61.85,63.35,60.15,-8.65
26086127_2587460578_0,63.61600112915039,59.69,46.45,57.05,-3.93
26086128_208769112_0,71.81900024414062,62.45,56.96,60.35,-9.37
26086128_26086127_0,70.49800109863281,61.85,63.35,60.15,-8.65
26086128_26086122_0,60.83399963378906,60.74,57.96,60.2,-0.09
26086128_26086129_0,66.78700256347656,62.66,50.73,60.05,-4.13
26086129_26086128_0,66.78700256347656,62.66,50.73,60.05,-4.13
26086129_2587460577_0,65.3479995727539,61.42,46.45,59.5,-3.93
26086130_208776568_0,58.79199981689453,58.74,42.91,54.48,-0.05
26086273_1775489087_0,62.58399963378906,62.84,57.09,55.8,0.26
26086273_34400269_0,64.90799713134766,62.74,50.05,52.35,-2.17
26086277_3113108906_0,62.555999755859375,63.22,58.25,61.0,0.66
26086277_26086273_0,63.34099960327149,63.38,58.49,61.45,0.04
26086277_26033321_0,66.73799896240234,65.11,64.2,61.45,-1.63
26086284_26086286_0,61.04600143432617,60.75,58.16,57.7,-0.3
26086286_26086288_0,60.02399826049805,60.62,55.26,58.1,0.6
26086286_26086306_0,59.02999877929688,60.86,52.48,57.85,1.83
26086288_26086303_0,61.66400146484375,61.09,57.26,60.2,-0.57
26086288_500434722_0,56.5989990234375,59.95,56.77,55.2,3.35
26086303_25175743_0,66.89700317382812,69.58,58.09,61.9,2.68
26086306_2628204947_0,61.58399963378906,62.1,60.85,63.3,0.52
26086306_26086286_0,59.02999877929688,60.86,52.48,57.85,1.83
26086307_26086306_0,58.38600158691406,60.64,52.66,56.75,2.25
26106297_959373357_0,59.06600189208984,57.14,63.72,58.35,-1.93
26106297_1029524866_0,62.78900146484375,58.84,60.52,63.45,-3.95
26106298_26106297_0,62.20100021362305,63.02,68.07,61.1,0.82
26106298_25743299_0,65.8740005493164,60.93,62.91,59.2,-4.94
26106382_26106405_0,63.70399856567383,60.15,62.05,60.15,-3.55
26106382_26106384_0,62.4109992980957,60.51,67.39,62.15,-1.9
26106382_26583882_0,69.56300354003906,61.74,65.61,62.45,-7.82
26106384_25743294_0,62.119998931884766,57.25,56.58,54.78,-4.87
26106384_26106387_0,58.3489990234375,58.15,54.88,53.82,-0.2
26106387_26106397_0,54.345001220703125,57.67,48.08,50.38,3.32
26106403_25743299_0,62.41400146484375,58.33,53.12,55.95,-4.08
26106403_26106297_0,60.04399871826172,62.45,67.21,61.55,2.41
26106404_26106403_0,61.98500061035156,62.96,57.54,56.45,0.97
26106405_26106404_0,60.31499862670898,63.36,67.27,58.55,3.05
26106447_26480144_0,59.26800155639648,58.34,56.35,53.1,-0.93
26106447_26480120_0,57.8489990234375,60.19,60.77,59.3,2.34
26106449_26106447_0,62.38999938964844,59.22,51.48,54.05,-3.17
26106449_26106488_0,68.49299621582031,62.29,61.25,59.1,-6.2
26106451_959373467_0,69.98200225830078,64.06,64.12,63.8,-5.92
26106451_273216489_0,70.05500030517578,63.59,60.33,63.15,-6.47
26106468_26106473_0,60.21699905395508,59.4,54.98,52.7,-0.82
26106468_26106447_0,63.9010009765625,59.59,54.44,53.72,-4.31
26106468_730804047_0,64.54499816894531,59.8,50.1,54.85,-4.74
26106473_25722214_0,62.10100173950195,59.99,52.42,52.4,-2.11
26106473_26106475_0,50.87099838256836,59.53,51.56,51.35,8.66
26106475_26106481_0,60.45600128173828,59.49,51.61,51.5,-0.97
26106475_8023947398_0,53.02199935913086,63.58,53.86,52.9,10.56
26106481_26106468_0,65.10099792480469,59.65,51.56,54.22,-5.45
26106486_26106487_0,61.20100021362305,58.26,51.88,52.0,-2.94
26106487_26106489_0,65.7239990234375,64.36,66.8,61.45,-1.36
26106488_8023947398_0,63.61600112915039,64.66,66.61,61.95,1.04
26106488_26106481_0,63.88199996948242,61.5,65.38,60.25,-2.38
26106489_26106485_0,61.31100082397461,60.17,59.01,60.8,-1.14
26106489_26106488_0,66.5780029296875,66.13,67.43,61.15,-0.45
26106542_26106475_0,61.57600021362305,64.08,54.34,53.77,2.5
26106542_26584172_0,59.63600158691406,62.21,53.55,53.55,2.57
26108000_25468301_0,72.97000122070312,66.39,65.33,64.2,-6.58
26108000_25468304_0,74.22100067138672,62.78,62.07,63.1,-11.44
26108002_26084261_0,62.58000183105469,54.84,59.38,52.22,-7.74
26108002_10313783746_0,63.51399993896485,54.71,59.65,51.65,-8.8
26108005_1026456214_0,70.37200164794922,61.77,59.73,60.8,-8.6
26108005_26084484_0,59.83700180053711,57.56,63.89,54.95,-2.28
26108005_21674913_0,69.94200134277344,61.13,62.24,61.3,-8.81
26108006_26084478_0,64.95700073242188,57.11,57.48,56.4,-7.85
26108006_1026456214_0,67.18599700927734,58.27,59.26,59.15,-8.92
26108118_26120302_0,71.37100219726562,62.36,62.88,64.45,-9.01
26108118_26289594_0,72.51399993896484,62.15,64.94,63.6,-10.36
26108118_8393613661_0,68.63099670410156,60.41,60.2,59.9,-8.22
26108120_26058151_0,60.632999420166016,61.1,60.98,58.2,0.47
26108120_8824715202_0,72.99099731445312,70.12,63.01,65.8,-2.87
26115841_639533061_0,56.53200149536133,57.91,52.48,52.85,1.38
26115841_26108118_0,62.0989990234375,58.52,63.59,59.9,-3.58
26115841_26115845_0,66.21800231933594,60.57,57.54,63.2,-5.65
26115841_26120302_0,59.64899826049805,58.43,58.17,58.0,-1.22
26115845_26115841_0,66.21800231933594,60.57,57.54,63.2,-5.65
26115845_283325403_0,69.12899780273438,62.14,61.25,62.9,-6.99
26115845_26115853_0,71.48200225830078,62.0,63.38,61.45,-9.48
26115853_26289584_0,61.4109992980957,58.69,61.83,58.25,-2.72
26115853_26115845_0,71.48200225830078,62.0,63.38,61.45,-9.48
26115853_26115859_0,69.76100158691406,61.83,61.4,62.45,-7.93
26115853_26289662_0,60.87300109863281,57.81,61.57,58.85,-3.06
26115859_26289581_0,60.44200134277344,59.0,59.69,58.3,-1.44
26115859_26115853_0,69.76100158691406,61.83,61.2,61.6,-7.93
26115859_25452887_0,70.5989990234375,61.76,60.16,63.35,-8.84
26120299_324281474_0,65.64800262451172,58.41,58.29,59.25,-7.24
26120299_21674914_0,66.35199737548828,59.76,62.57,61.15,-6.59
26120302_283325404_0,69.9209976196289,62.91,62.07,63.35,-7.01
26120302_26108118_0,71.37100219726562,62.37,62.88,64.35,-9.0
26120302_26115841_0,59.64899826049805,58.42,58.24,58.05,-1.23
26120302_1445329952_0,60.65700149536133,57.84,58.17,62.65,-2.82
26120305_5181464005_0,62.40399932861328,59.16,54.55,61.05,-3.24
26120306_26084597_0,70.55699920654297,63.91,62.68,60.0,-6.65
26120306_569061956_0,70.94000244140625,63.46,64.02,58.95,-7.48
26120760_2830801687_0,59.29499816894531,58.77,47.36,48.85,-0.52
26125366_565375197_0,70.84500122070312,64.16,64.52,62.9,-6.69
26125366_2026239409_0,70.38999938964844,66.05,64.91,65.15,-4.34
26131883_25622551_0,59.255001068115234,63.18,63.69,64.35,3.92
26131883_21674908_0,60.47800064086914,60.2,59.74,60.1,-0.28
26131887_13580092503_0,63.87200164794922,63.03,65.44,62.2,-0.84
26131887_26131888_0,65.21700286865234,62.63,63.23,62.15,-2.59
26131888_21674907_0,60.51100158691406,60.82,61.33,61.6,0.31
26131888_25451862_0,65.7239990234375,63.25,61.47,61.55,-2.47
26131889_26131890_0,62.84799957275391,62.96,61.48,61.75,0.11
26131890_26131888_0,61.72200012207031,61.09,62.21,61.7,-0.63
26131890_26131887_0,63.15299987792969,62.98,65.12,62.75,-0.17
26131895_195256_0,74.60299682617188,69.21,68.62,62.7,-5.39
26132210_26132212_0,59.76399993896485,62.24,52.99,60.9,2.48
26132210_26132251_0,63.74399948120117,64.09,57.53,61.4,0.35
26132210_984186416_0,63.70899963378906,64.83,54.85,62.1,1.12
26132211_984186416_0,59.76599884033203,62.06,53.5,59.35,2.29
26132211_25471730_0,62.492000579833984,63.19,61.4,62.45,0.7
26132212_26132216_0,58.797000885009766,61.23,51.63,57.05,2.43
26132212_26132211_0,57.255001068115234,61.26,54.05,57.45,4.0
26132216_26132217_0,59.22700119018555,60.54,52.44,57.8,1.31
26132217_6480607194_0,59.387001037597656,60.04,54.57,57.05,0.65
26132217_26132220_0,60.23199844360352,59.88,50.24,55.25,-0.35
26132218_26132219_0,60.64699935913086,60.37,54.36,55.55,-0.28
26132218_26132256_0,58.95299911499024,59.61,52.06,56.0,0.66
26132218_1375459139_0,60.249000549316406,60.7,53.0,57.4,0.45
26132218_6480607194_0,61.39099884033203,60.28,57.01,57.55,-1.11
26132219_26132220_0,58.025001525878906,60.42,53.87,56.1,2.39
26132219_8900710318_0,63.875,62.15,59.17,61.0,-1.73
26132219_26132218_0,60.64699935913086,60.37,54.36,55.55,-0.28
26132220_26132221_0,59.02299880981445,60.66,52.9,57.6,1.64
26132220_11344923672_0,60.63999938964844,60.34,62.17,59.6,-0.3
26132221_26132211_0,58.76499938964844,61.33,48.47,57.5,2.57
26132221_26132216_0,59.18000030517578,60.66,52.65,57.05,1.48
26132242_26132221_0,62.09000015258789,62.28,58.03,62.6,0.19
26132242_8900710318_0,71.46700286865234,66.18,60.96,63.85,-5.29
26132243_26132242_0,70.62899780273438,65.88,58.14,64.55,-4.75
26132243_25471728_0,70.30799865722656,67.69,62.27,63.95,-2.62
26132246_25624146_0,58.59000015258789,60.76,54.1,56.35,2.17
26132246_25624139_0,59.53400039672852,60.96,57.17,56.6,1.43
26132246_26132247_0,58.25600051879883,60.3,55.32,55.1,2.04
26132247_25624145_0,58.608001708984375,60.55,52.49,56.2,1.94
26132251_409269455_0,57.262001037597656,61.72,60.63,58.8,4.46
26132251_8149426952_0,64.2040023803711,63.17,59.47,61.55,-1.03
26132251_26132210_0,63.74399948120117,64.09,57.53,61.4,0.35
26132256_26132218_0,58.95299911499024,59.61,52.06,56.0,0.66
26132381_8811275884_0,68.49299621582031,62.51,58.9,57.95,-5.98
26132381_1375459139_0,61.17100143432617,61.81,58.47,61.05,0.64
26132617_6360762576_0,59.95100021362305,57.87,46.29,49.7,-2.08
26132619_1365357449_0,67.69999694824219,62.02,53.07,56.55,-5.68
26132620_8913425919_0,71.25599670410156,66.12,60.18,57.15,-5.14
26132620_26132621_0,72.5530014038086,68.35,65.23,63.6,-4.2
26132621_6480734541_0,69.35399627685547,65.71,65.43,63.45,-3.64
26132621_4768526930_0,73.00599670410156,69.89,65.69,63.75,-3.12
26149140_624172886_0,71.26699829101562,62.89,55.86,60.25,-8.38
26149140_26149146_0,64.66100311279297,54.58,58.24,57.12,-10.08
26149141_26149140_0,70.93499755859375,57.73,61.36,57.86,-13.2
26149141_25611366_0,46.44599914550781,53.8,51.51,54.5,7.35
26149142_26149160_0,57.48199844360352,54.74,47.38,52.75,-2.74
26149142_26149157_0,64.5260009765625,54.75,52.46,53.45,-9.78
26149143_624172874_0,66.3550033569336,54.03,45.95,48.69,-12.33
26149143_11339589713_0,61.83000183105469,53.65,45.94,49.35,-8.18
26149144_26149145_0,63.2859992980957,54.85,50.82,56.5,-8.44
26149144_624172874_0,60.43899917602539,54.06,51.02,55.8,-6.38
26149145_26149146_0,58.76599884033203,53.94,55.1,52.3,-4.83
26149145_26149147_0,60.39599990844727,54.92,59.98,56.7,-5.48
26149146_26149143_0,66.7239990234375,53.8,48.49,49.45,-12.92
26149147_26149149_0,46.11000061035156,58.17,63.02,56.6,12.06
26149147_26149148_0,62.935001373291016,55.43,61.27,56.12,-7.51
26149148_624172886_0,68.91000366210938,58.36,58.73,58.2,-10.55
26149149_26470491_0,64.75499725341797,58.92,62.16,57.85,-5.83
26149149_12587706741_0,60.90900039672852,54.83,55.66,53.0,-6.08
26149150_26470490_0,57.41400146484375,55.05,54.56,53.35,-2.36
26149150_26149145_0,57.887001037597656,54.85,51.17,53.5,-3.04
26149150_26149149_0,58.84799957275391,54.97,55.95,53.2,-3.88
26149151_26149144_0,58.87200164794922,55.03,50.75,55.35,-3.84
26149151_26149150_0,59.49300003051758,55.16,54.86,53.7,-4.33
26149152_26149144_0,69.40299987792969,55.67,53.73,55.9,-13.73
26149153_26149156_0,59.790000915527344,55.02,53.91,52.15,-4.77
26149153_26149152_0,68.64099884033203,55.96,52.69,56.5,-12.68
26149154_26149153_0,67.38700103759766,56.04,53.4,56.25,-11.35
26149155_26149165_0,59.35699844360352,55.38,54.73,55.45,-3.98
26149155_26149174_0,58.34299850463867,55.73,56.66,53.0,-2.61
26149155_26149154_0,67.86100006103516,55.58,56.12,57.0,-12.28
26149156_26149158_0,65.28700256347656,55.11,53.9,56.35,-10.18
26149157_26149152_0,59.542999267578125,55.02,54.22,53.45,-4.52
26149157_26149156_0,65.39099884033203,54.92,50.16,53.25,-10.47
26149158_26149154_0,59.65399932861328,54.99,51.83,53.95,-4.66
26149158_26149165_0,65.06500244140625,55.81,49.89,51.4,-9.26
26149159_26149156_0,60.06100082397461,55.19,49.5,51.7,-4.87
26149159_26149160_0,69.99299621582031,60.01,48.32,51.0,-9.98
26149160_26149161_0,69.99299621582031,59.7,47.99,51.05,-10.29
26149161_26149167_0,68.80699920654297,59.7,54.08,53.65,-9.11
26149161_26149141_0,72.28299713134766,57.59,50.91,51.65,-14.69
26149163_864608478_0,69.30999755859375,59.83,54.43,52.9,-9.48
26149164_7041322633_0,61.98500061035156,54.39,53.41,52.95,-7.6
26149164_26286696_0,58.49599838256836,54.9,48.93,50.55,-3.6
26149165_2865000885_0,60.38399887084961,55.0,55.43,51.6,-5.38
26149165_26149166_0,65.72000122070312,55.89,51.38,51.55,-9.83
26149166_26149170_0,58.58100128173828,55.6,54.31,52.75,-2.98
26149166_26149172_0,64.0009994506836,56.03,50.41,53.15,-7.97
26149167_26149163_0,69.13600158691406,59.96,56.31,53.0,-9.18
26149170_26149166_0,58.58100128173828,55.6,54.31,52.75,-2.98
26149170_26149155_0,69.26699829101562,56.09,57.91,55.9,-13.18
26149171_26149170_0,68.30999755859375,56.38,60.14,56.2,-11.93
26149171_26149173_0,59.382999420166016,56.39,54.1,53.2,-2.99
26149172_26155375_0,66.33300018310547,56.39,58.02,57.3,-9.94
26149172_26149171_0,59.76399993896485,55.71,53.29,52.85,-4.05
26149173_26149174_0,58.11800003051758,56.27,53.33,53.7,-1.85
26149173_26149171_0,59.382999420166016,56.39,54.1,53.2,-2.99
26149174_26149151_0,58.71599960327149,55.81,55.49,52.75,-2.91
26149174_26149155_0,58.34299850463867,55.72,56.66,53.1,-2.62
26155366_26155367_0,57.446998596191406,56.78,51.96,53.4,-0.67
26155366_26155369_0,54.92300033569336,57.01,52.98,54.15,2.09
26155367_26155380_0,58.167999267578125,56.98,54.32,55.2,-1.19
26155367_1383027249_0,59.875,57.29,58.51,56.45,-2.59
26155368_26155367_0,58.244998931884766,56.33,53.21,53.15,-1.91
26155368_26155369_0,59.61899948120117,56.86,54.08,52.35,-2.76
26155369_365086531_0,63.25899887084961,60.06,52.07,52.25,-3.2
26155370_7644575043_0,66.12300109863281,58.0,59.15,54.55,-8.12
26155370_26155402_0,62.30799865722656,57.45,58.49,54.2,-4.86
26155372_26155378_0,58.09400177001953,55.97,52.16,52.75,-2.12
26155372_26155368_0,58.77099990844727,56.1,52.5,52.6,-2.67
26155373_26155372_0,59.22100067138672,56.23,55.23,52.95,-2.99
26155373_365086537_0,64.86000061035156,57.31,56.4,53.05,-7.55
26155374_26155419_0,64.36100006103516,56.25,53.92,53.8,-8.11
26155374_26155373_0,64.71900177001953,56.67,51.8,53.2,-8.05
26155375_26155376_0,62.130001068115234,56.49,58.06,56.6,-5.64
26155375_26155374_0,62.66400146484375,56.94,59.13,57.7,-5.72
26155376_26155372_0,57.874000549316406,55.86,52.96,51.7,-2.01
26155376_26155377_0,60.88899993896485,55.54,52.2,51.55,-5.35
26155377_26286695_0,60.36199951171875,55.85,52.8,52.65,-4.51
26155378_26155377_0,58.6879997253418,56.21,57.82,54.2,-2.48
26155379_26155378_0,61.132999420166016,56.82,58.36,55.25,-4.31
26155379_26155368_0,60.62699890136719,56.33,53.75,54.7,-4.3
26155380_26155379_0,58.67399978637695,56.58,57.09,55.4,-2.09
26155380_26317393_0,58.672000885009766,54.68,44.7,49.15,-3.99
26155380_325772567_0,59.854000091552734,56.17,52.14,54.4,-3.68
26155381_868438829_0,63.35499954223633,56.58,55.41,55.8,-6.77
26155381_26149171_0,67.54900360107422,57.14,60.62,56.25,-10.41
26155382_26155419_0,59.11899948120117,56.64,59.96,55.2,-2.48
26155382_26155373_0,60.90599822998047,56.78,59.56,54.0,-4.13
26155402_26155382_0,58.387001037597656,57.13,61.28,54.9,-1.26
26155402_26155475_0,62.4630012512207,57.44,57.44,52.35,-5.02
26155419_4034132513_0,64.2030029296875,56.23,54.53,52.85,-7.97
26155421_26155382_0,60.16600036621094,56.89,57.78,55.3,-3.28
26155421_26155423_0,61.86800003051758,57.84,60.39,59.35,-4.03
26155423_26155424_0,59.50199890136719,57.74,60.26,58.5,-1.76
26155423_26155514_0,64.19999694824219,57.46,58.23,55.3,-6.74
26155424_26155381_0,67.53500366210938,57.38,58.83,56.2,-10.16
26155475_26155484_0,62.47999954223633,58.54,58.5,54.95,-3.94
26155484_26155498_0,62.73099899291992,58.23,58.73,53.8,-4.5
26155484_26155540_0,59.94200134277344,58.02,61.1,54.25,-1.92
26155498_26155421_0,61.18399810791016,57.84,57.36,53.6,-3.34
26155514_26155528_0,58.69300079345703,57.29,55.3,55.8,-1.4
26155514_26155423_0,64.19999694824219,57.47,58.23,55.25,-6.73
26155514_26155538_0,62.055999755859375,59.43,65.27,59.95,-2.63
26155528_26155541_0,60.14699935913086,57.37,55.41,55.75,-2.78
26155528_26470078_0,57.51100158691406,57.33,53.94,56.5,-0.18
26155528_26155514_0,58.69300079345703,57.32,55.3,55.85,-1.37
26155538_26155514_0,62.055999755859375,59.42,65.27,60.0,-2.64
26155538_26470389_0,68.62899780273438,64.69,65.74,59.65,-3.94
26155538_26464320_0,66.53500366210938,61.34,64.05,59.4,-5.2
26155540_26464323_0,60.64500045776367,59.36,62.72,58.25,-1.29
26155540_388568803_0,71.302001953125,63.22,67.42,62.3,-8.08
26155541_26155424_0,59.48600006103516,56.98,55.55,56.4,-2.51
26155541_26149173_0,58.387001037597656,56.79,55.58,53.4,-1.6
26235109_26058935_0,66.04299926757812,68.21,66.69,65.1,2.17
26235109_25499220_0,65.50299835205078,69.12,66.95,65.6,3.62
26286690_26286694_0,59.99100112915039,54.49,50.5,49.35,-5.5
26286694_251069553_0,60.21699905395508,54.7,49.78,50.65,-5.52
26286694_26286762_0,62.37200164794922,55.2,58.27,56.1,-7.17
26286695_26286694_0,64.38899993896484,55.28,51.31,51.0,-9.11
26286695_26286689_0,59.45199966430664,54.66,49.47,49.25,-4.79
26286696_26149172_0,55.51499938964844,55.16,54.65,51.7,-0.35
26286696_26286695_0,59.59299850463867,55.3,50.58,52.15,-4.29
26286759_3452410723_0,70.447998046875,57.64,59.67,61.4,-12.81
26286759_251069553_0,59.92499923706055,54.55,55.46,56.7,-5.37
26286760_25611395_0,70.40599822998047,62.28,56.61,57.5,-8.13
26286760_52564033_0,70.14700317382812,61.29,55.11,57.15,-8.86
26286762_1383027258_0,64.83999633789062,57.36,51.91,53.78,-7.48
26289489_1026456311_0,68.58300018310547,63.27,63.89,62.9,-5.31
26289489_25452874_0,60.61600112915039,59.46,61.25,60.4,-1.16
26289489_35413414_0,67.56600189208984,61.71,63.8,62.3,-5.86
26289580_25452888_0,57.98099899291992,58.5,53.57,54.51,0.52
26289580_598174281_0,58.141998291015625,57.12,49.05,49.5,-1.02
26289580_26289581_0,58.01499938964844,57.53,50.12,51.15,-0.48
26289581_598174386_0,56.57400131225586,57.29,47.45,50.8,0.72
26289581_26289694_0,54.86899948120117,58.18,48.52,50.9,3.31
26289581_26115859_0,60.44200134277344,59.0,59.69,58.3,-1.44
26289581_26289580_0,58.01499938964844,57.53,50.12,51.15,-0.48
26289584_26115853_0,61.4109992980957,58.69,61.83,58.25,-2.72
26289584_639533077_0,57.92699813842773,56.98,48.84,50.9,-0.95
26289584_598174386_0,58.11100006103516,57.24,48.01,51.05,-0.87
26289590_639533077_0,59.05799865722656,57.09,49.55,50.3,-1.97
26289590_26289594_0,61.31800079345703,57.14,55.73,57.25,-4.18
26289590_598174281_0,57.59600067138672,56.91,50.34,50.91,-0.69
26289593_570764061_0,60.78799819946289,57.65,59.76,58.3,-3.14
26289593_26289594_0,72.01499938964844,61.52,62.58,60.25,-10.49
26289593_8814402873_0,71.40399932861328,63.34,64.31,62.08,-8.06
26289594_26108118_0,72.51399993896484,62.15,64.94,63.6,-10.36
26289594_26289590_0,61.31800079345703,57.15,55.73,57.25,-4.17
26289594_26289593_0,72.01499938964844,61.52,62.58,60.25,-10.49
26289694_26289581_0,54.86899948120117,58.18,48.52,50.9,3.31
26289694_25452887_0,60.48400115966797,59.44,56.08,61.5,-1.04
26289694_25452888_0,59.494998931884766,58.82,56.03,58.96,-0.67
26290948_26295043_0,61.91899871826172,61.17,57.42,58.75,-0.75
26291349_376961302_0,72.2300033569336,65.08,60.97,64.55,-7.15
26291349_376378078_0,68.5250015258789,66.13,64.28,65.2,-2.4
26294955_1678246930_0,59.027000427246094,60.73,50.19,57.0,1.7
26294955_26290948_0,60.02999877929688,60.87,55.58,58.85,0.84
26295043_1678246930_0,60.19200134277344,60.21,50.25,56.85,0.02
26295043_25468019_0,61.93999862670898,60.56,55.94,58.5,-1.38
26314979_8434031_0,72.46399688720703,62.3,62.42,62.0,-10.16
26314979_22156849_0,68.96900177001953,63.15,60.13,62.8,-5.82
26314979_9249417_0,60.650001525878906,56.85,59.69,53.7,-3.8
26315034_25618214_0,62.92699813842773,61.08,57.49,58.5,-1.85
26315034_8838192657_0,71.84600067138672,64.77,61.55,64.1,-7.08
26316429_26057109_0,62.59099960327149,58.55,46.28,51.65,-4.04
26316432_26316433_0,59.81700134277344,58.46,44.91,53.7,-1.36
26316433_26086130_0,58.5880012512207,58.62,45.39,54.82,0.03
26316513_26086130_0,57.7599983215332,58.79,46.08,54.35,1.03
26316513_26316429_0,60.810001373291016,58.65,46.26,52.9,-2.16
26317207_26125366_0,58.553001403808594,60.54,64.17,60.8,1.99
26317207_26317209_0,57.70399856567383,59.28,54.95,55.8,1.58
26317209_26317228_0,61.34199905395508,59.3,59.17,60.15,-2.04
26317209_26317207_0,57.70399856567383,59.28,54.95,55.8,1.58
26317212_26317242_0,71.13899993896484,62.55,60.72,61.7,-8.59
26317212_26317248_0,70.28800201416016,63.75,63.2,62.8,-6.54
26317212_26317209_0,61.13600158691406,59.54,61.41,62.15,-1.6
26317214_7942186731_0,68.24299621582031,71.98,64.48,65.7,3.74
26317228_26317229_0,70.6520004272461,62.95,59.84,65.85,-7.7
26317229_26317214_0,67.91200256347656,61.87,60.75,65.45,-6.04
26317229_26317207_0,60.03300094604492,61.24,62.26,63.0,1.21
26317229_26317233_0,72.52799987792969,67.03,63.1,66.6,-5.5
26317233_26057084_0,65.31500244140625,60.52,63.37,63.45,-4.8
26317233_25611760_0,73.68299865722656,67.47,64.88,65.3,-6.21
26317234_13646965055_0,72.45500183105469,59.17,44.78,56.7,-13.29
26317234_26057106_0,62.18000030517578,58.77,47.13,58.6,-3.41
26317234_26317228_0,71.26000213623047,62.47,57.55,63.5,-8.79
26317235_25611760_0,71.5989990234375,65.6,65.16,65.45,-6.0
26317236_26057069_0,61.5620002746582,59.61,62.18,62.55,-1.95
26317236_26317235_0,69.9749984741211,64.03,72.3,63.1,-5.94
26317242_459797864_0,60.02099990844727,58.39,54.13,58.35,-1.63
26317242_25611428_0,70.81999969482422,62.56,54.25,63.8,-8.26
26317242_26317212_0,71.13899993896484,62.55,60.72,61.7,-8.59
26317246_1682387619_0,56.42300033569336,58.24,47.68,53.45,1.82
26317246_26317248_0,58.82099914550781,59.0,61.67,58.3,0.18
26317248_565375197_0,70.44300079345703,63.65,65.67,64.35,-6.79
26317248_26317212_0,70.28800201416016,63.75,63.2,62.8,-6.54
26317254_25611428_0,59.1609992980957,58.68,53.82,58.8,-0.48
26317257_1368674799_0,58.03200149536133,58.11,56.27,57.8,0.08
26317293_13045357050_0,65.16300201416016,59.69,63.98,60.3,-5.47
26317293_25303841_0,44.2859992980957,61.61,63.55,61.2,17.32
26317310_26317313_0,58.90999984741211,55.23,51.73,50.19,-3.68
26317310_26317315_0,43.02799987792969,55.57,50.53,49.7,12.54
26317310_25611411_0,62.345001220703125,56.79,65.74,59.25,-5.56
26317311_26317313_0,56.57500076293945,54.56,47.64,48.3,-2.02
26317312_26317313_0,58.48400115966797,54.39,46.54,48.65,-4.09
26317313_26317310_0,58.90999984741211,55.23,51.73,50.19,-3.68
26317313_26317312_0,58.48400115966797,54.39,46.54,48.65,-4.09
26317313_26317311_0,56.57500076293945,54.56,47.64,48.3,-2.02
26317315_26317310_0,43.02799987792969,55.57,50.53,49.7,12.54
26317318_25611409_0,57.54999923706055,55.01,57.77,58.25,-2.54
26317341_2864952654_0,55.44200134277344,54.42,49.99,48.5,-1.02
26317345_25611404_0,58.85699844360352,54.94,56.66,57.9,-3.92
26317392_2864952654_0,58.40999984741211,55.55,61.97,58.4,-2.86
26317392_25611408_0,71.5770034790039,59.85,61.18,62.55,-11.73
26317393_26155380_0,58.672000885009766,54.68,44.7,49.15,-3.99
26336370_26336371_0,60.97700119018555,59.03,55.26,55.25,-1.95
26336370_26336375_0,59.35499954223633,58.46,55.66,54.3,-0.89
26336371_26336379_0,65.7750015258789,60.51,62.39,63.35,-5.27
26336371_26336370_0,60.97700119018555,59.03,55.26,55.25,-1.95
26336372_26336371_0,67.71499633789062,60.16,55.82,55.95,-7.55
26336372_26336373_0,66.9540023803711,59.68,55.13,55.55,-7.27
26336373_26336372_0,66.9540023803711,59.68,55.13,55.55,-7.27
26336375_26336526_0,59.44599914550781,57.83,49.8,52.05,-1.62
26336376_26336370_0,59.66699981689453,58.47,57.82,54.45,-1.2
26336376_26336375_0,59.84700012207031,57.92,50.59,52.35,-1.93
26336379_6900796839_0,68.94300079345703,62.34,68.33,64.25,-6.6
26336379_26336376_0,60.99100112915039,58.58,58.21,59.4,-2.41
26336526_26336376_0,52.56399917602539,57.49,56.96,52.45,4.93
26336526_26723896_0,59.060001373291016,56.98,60.03,53.15,-2.08
26336566_26336372_0,65.41200256347656,60.13,65.17,64.6,-5.28
26336566_27504186_0,74.6760025024414,69.08,68.14,65.3,-5.6
26336843_26336844_0,59.52899932861328,56.54,44.91,50.9,-2.99
26336844_26336843_0,59.52899932861328,56.54,44.91,50.9,-2.99
26336844_26336847_0,50.00699996948242,56.18,52.01,51.75,6.17
26336844_26336845_0,59.28499984741211,55.4,44.51,50.6,-3.88
26336845_26336844_0,59.28499984741211,55.4,44.51,50.6,-3.88
26336847_26336854_0,50.229000091552734,57.09,57.53,51.6,6.86
26336847_26336844_0,50.00699996948242,56.18,52.01,51.75,6.17
26336854_26336919_0,61.98899841308594,58.7,53.26,60.0,-3.29
26336854_2260904703_0,69.74600219726562,57.17,46.1,50.7,-12.58
26336918_22146035_0,80.21800231933594,68.63,61.96,64.3,-11.59
26336919_26336918_0,79.23799896240234,62.39,63.39,65.3,-16.85
26336919_26336921_0,73.46900177001953,63.31,64.55,64.95,-10.16
26336921_2260904703_0,73.10299682617188,64.05,63.02,63.4,-9.05
26336921_26336919_0,73.46900177001953,63.31,64.55,64.95,-10.16
26340341_3305876674_0,77.51000213623047,67.63,64.15,63.1,-9.88
26340341_1126341696_0,78.56999969482422,66.38,55.54,57.05,-12.19
26463665_26470098_0,58.5009994506836,60.6,59.55,59.65,2.1
26463665_624172842_0,70.697998046875,64.91,59.94,58.0,-5.79
26463665_26463666_0,72.19200134277344,64.32,62.24,58.3,-7.87
26463666_26464258_0,62.28200149536133,61.02,59.19,56.25,-1.26
26463666_26463665_0,72.19200134277344,64.32,62.24,58.3,-7.87
26463666_26463669_0,72.5790023803711,64.55,59.82,58.7,-8.03
26463667_26470389_0,71.59200286865234,66.24,63.2,57.85,-5.35
26463667_26464320_0,66.23400115966797,61.46,61.55,60.25,-4.77
26463667_11432105605_0,72.53299713134766,64.72,60.6,57.85,-7.81
26463669_26464261_0,63.45000076293945,60.5,58.67,55.9,-2.95
26463669_26463666_0,72.5790023803711,64.55,59.82,58.7,-8.03
26463669_11432105605_0,69.93299865722656,63.72,62.85,57.55,-6.21
26464252_365117223_0,64.26899719238281,63.05,62.74,59.95,-1.22
26464252_26464271_0,63.90800094604492,62.07,60.46,57.75,-1.84
26464252_365117230_0,64.07599639892578,62.65,60.91,58.85,-1.43
26464253_26464299_0,63.3120002746582,62.64,56.97,58.85,-0.67
26464253_26464260_0,58.512001037597656,61.7,57.68,55.05,3.19
26464254_26464253_0,63.150001525878906,62.64,58.63,58.05,-0.51
26464254_26464259_0,59.55400085449219,62.09,55.62,55.55,2.54
26464255_26464254_0,63.64699935913086,62.82,58.03,58.25,-0.83
26464255_26464256_0,60.0629997253418,62.21,54.75,56.05,2.15
26464255_25610709_0,65.70999908447266,63.39,65.41,61.35,-2.32
26464256_25611037_0,61.27099990844727,61.57,59.96,59.95,0.3
26464256_26464255_0,60.0629997253418,62.2,54.75,56.05,2.14
26464256_48808296_0,59.29399871826172,61.28,52.76,55.6,1.99
26464257_26464258_0,58.321998596191406,60.41,56.64,57.75,2.09
26464257_48808296_0,57.9370002746582,61.12,51.82,55.65,3.18
26464257_624172842_0,64.89800262451172,61.18,64.04,59.2,-3.72
26464258_26463666_0,62.28200149536133,61.01,59.26,56.25,-1.27
26464258_26464259_0,58.92900085449219,60.81,54.68,54.0,1.88
26464258_26464261_0,59.617000579833984,60.0,55.2,54.6,0.38
26464259_26464258_0,58.92900085449219,60.81,54.68,54.0,1.88
26464259_26464256_0,58.70199966430664,61.17,51.1,53.85,2.47
26464259_26464254_0,59.55400085449219,62.09,55.62,55.55,2.54
26464260_26464261_0,57.80099868774414,60.68,53.45,53.55,2.88
26464260_26464253_0,58.512001037597656,61.7,57.68,55.05,3.19
26464260_26464259_0,58.66600036621094,60.56,53.38,53.9,1.89
26464261_26464265_0,59.98400115966797,60.24,52.89,53.95,0.26
26464261_26463669_0,63.45000076293945,60.5,58.67,55.9,-2.95
26464261_26464260_0,57.80099868774414,60.68,53.45,53.55,2.88
26464265_26464315_0,62.053001403808594,60.18,51.76,55.1,-1.87
26464265_26464269_0,58.512001037597656,60.79,51.8,53.35,2.28
26464269_26464299_0,58.17599868774414,61.57,56.9,54.2,3.39
26464269_26464260_0,58.68600082397461,60.81,51.58,53.2,2.12
26464269_26464265_0,58.512001037597656,60.79,51.8,53.35,2.28
26464270_26464316_0,61.979000091552734,60.72,56.1,56.15,-1.26
26464270_26464271_0,60.06499862670898,61.39,57.92,56.4,1.33
26464270_26464313_0,59.61399841308594,60.61,55.5,54.85,1.0
26464270_26464269_0,59.54999923706055,60.85,52.71,54.15,1.3
26464271_26464270_0,60.06499862670898,61.39,57.92,56.4,1.33
26464271_26464252_0,63.90800094604492,62.07,60.46,57.75,-1.84
26464271_26464312_0,58.0620002746582,61.94,56.78,56.65,3.88
26464299_26464252_0,63.15599822998047,62.9,57.69,59.45,-0.26
26464299_26464269_0,58.17599868774414,61.58,56.9,54.2,3.4
26464311_26464312_0,60.49100112915039,64.29,60.16,63.05,3.8
26464312_26464313_0,59.435001373291016,62.09,57.69,59.05,2.65
26464312_26464271_0,58.0620002746582,61.94,56.78,56.65,3.88
26464313_28973822_0,60.141998291015625,62.3,58.77,59.8,2.16
26464314_26464316_0,58.80799865722656,60.46,55.82,55.25,1.65
26464314_26464322_0,59.22299957275391,61.51,59.29,60.75,2.29
26464314_28973822_0,59.928001403808594,63.11,59.38,59.45,3.18
26464315_26464316_0,61.821998596191406,60.67,54.12,56.75,-1.15
26464315_26464320_0,63.9379997253418,60.99,57.83,58.35,-2.95
26464316_26464315_0,61.821998596191406,60.67,54.12,56.75,-1.15
26464316_26464270_0,61.979000091552734,60.72,56.1,56.15,-1.26
26464319_29003880_0,61.17599868774414,60.88,59.5,61.2,-0.3
26464319_26464323_0,61.19400024414063,60.56,61.62,61.45,-0.63
26464319_388568803_0,61.75199890136719,60.47,64.06,61.6,-1.28
26464319_26464321_0,61.834999084472656,61.18,59.42,62.11,-0.65
26464320_26464319_0,60.1349983215332,60.7,61.32,61.36,0.57
26464320_26464315_0,63.9379997253418,60.99,57.83,58.35,-2.95
26464320_26155538_0,66.53500366210938,61.34,64.05,59.4,-5.2
26464321_29003880_0,61.46200180053711,61.4,58.03,61.2,-0.06
26464321_26464319_0,61.834999084472656,61.19,59.42,62.11,-0.64
26464321_26464322_0,58.07600021362305,60.87,56.7,61.76,2.79
26464322_29003879_0,60.108001708984375,60.07,52.77,54.3,-0.04
26464322_26464321_0,58.07600021362305,60.86,56.39,61.76,2.78
26464322_26464314_0,59.22299957275391,61.51,59.29,60.75,2.29
26464323_325213175_0,60.92100143432617,60.18,60.37,58.65,-0.74
26470078_52561455_0,58.67900085449219,56.19,50.4,56.65,-2.49
26470078_26155528_0,57.51100158691406,57.33,53.94,56.5,-0.18
26470078_26470082_0,58.31900024414063,57.07,49.64,53.9,-1.25
26470080_26470085_0,59.35599899291992,55.34,50.31,52.05,-4.02
26470080_26470082_0,57.2140007019043,56.59,52.67,53.45,-0.62
26470080_26470091_0,58.40599822998047,56.88,53.0,53.1,-1.53
26470082_26470088_0,58.150001525878906,57.28,53.06,52.75,-0.87
26470082_26470080_0,57.2140007019043,56.59,52.67,53.45,-0.62
26470082_26470078_0,58.31900024414063,57.07,49.64,53.9,-1.25
26470085_26470086_0,58.91600036621094,55.1,51.62,51.34,-3.82
26470085_25611153_0,58.22299957275391,56.77,57.56,53.1,-1.45
26470085_26470080_0,59.35599899291992,55.35,50.24,52.05,-4.01
26470086_26470085_0,58.91600036621094,55.1,51.62,51.34,-3.82
26470086_26470087_0,60.26300048828125,55.4,54.73,52.6,-4.86
26470087_25611156_0,60.762001037597656,56.39,55.7,54.8,-4.37
26470088_26470082_0,58.150001525878906,57.28,53.06,52.75,-0.87
26470088_26470091_0,57.619998931884766,57.39,53.78,53.8,-0.23
26470088_26470089_0,53.54399871826172,57.88,52.84,54.45,4.34
26470089_26470090_0,59.012001037597656,58.03,54.67,53.9,-0.98
26470089_26470092_0,53.625,58.31,55.42,57.35,4.69
26470089_26470088_0,53.54399871826172,57.88,52.84,54.45,4.34
26470090_26470094_0,54.66999816894531,57.84,51.05,53.4,3.17
26470090_26470089_0,59.012001037597656,58.03,54.67,53.9,-0.98
26470090_26470093_0,53.0,59.25,56.32,54.5,6.25
26470090_26470091_0,57.32699966430664,57.69,52.84,53.55,0.36
26470091_26470107_0,47.86800003051758,57.24,49.35,53.15,9.37
26470091_26470088_0,57.619998931884766,57.39,53.78,53.8,-0.23
26470091_26470090_0,57.32699966430664,57.69,52.84,53.55,0.36
26470091_26470080_0,58.40599822998047,56.88,53.0,53.1,-1.53
26470092_325772328_0,57.92300033569336,58.05,56.28,55.3,0.13
26470092_26470089_0,53.625,58.31,55.42,57.35,4.69
26470093_11432105604_0,43.86299896240234,60.1,62.07,58.75,16.24
26470093_26470090_0,53.0,59.25,56.32,54.5,6.25
26470094_26470090_0,54.66999816894531,57.84,51.05,53.4,3.17
26470094_26470098_0,54.10599899291992,59.31,58.02,53.3,5.2
26470094_26470110_0,57.82699966430664,56.97,51.38,53.0,-0.86
26470098_26470093_0,58.571998596191406,59.77,56.18,56.4,1.2
26470098_26463665_0,58.5009994506836,60.6,59.55,59.65,2.1
26470098_26470094_0,54.10599899291992,59.31,58.02,53.3,5.2
26470107_26470091_0,47.86800003051758,57.24,49.35,53.15,9.37
26470110_26470094_0,57.82699966430664,56.97,51.38,53.0,-0.86
26470113_26470098_0,60.09700012207031,60.11,55.35,56.75,0.01
26470389_26463667_0,71.59200286865234,66.24,63.2,57.85,-5.35
26470389_26470092_0,59.915000915527344,60.17,62.42,59.95,0.25
26470490_52561460_0,59.60499954223633,55.2,52.48,52.94,-4.4
26470490_26149150_0,57.41400146484375,55.05,54.56,53.35,-2.36
26470491_26470490_0,60.84700012207031,55.92,58.12,56.45,-4.93
26470491_25611158_0,68.58499908447266,61.99,61.46,58.7,-6.59
26480120_1471824481_0,76.91000366210938,62.98,64.9,65.45,-13.93
26480120_26480357_0,77.12100219726562,66.75,66.98,65.15,-10.37
26480136_26480120_0,76.76699829101562,65.85,62.91,64.95,-10.92
26480144_26480146_0,58.51100158691406,59.79,54.93,53.72,1.28
26480144_26480136_0,62.797000885009766,58.92,60.34,57.05,-3.88
26480144_7554999970_0,56.47499847412109,60.25,56.61,53.28,3.78
26480146_7554999969_0,58.4370002746582,60.41,52.98,52.48,1.97
26480146_7554999970_0,57.99599838256836,60.68,55.38,53.0,2.68
26480152_26480365_0,73.197998046875,65.25,64.7,65.25,-7.95
26480152_26480136_0,75.802001953125,65.83,62.63,64.8,-9.97
26480182_2283399575_0,76.4540023803711,67.71,62.81,64.9,-8.74
26480357_273218195_0,71.60700225830078,65.19,64.32,61.85,-6.42
26480357_1845251154_0,76.00499725341797,67.72,64.66,65.15,-8.28
26480360_7469501_0,77.16400146484375,70.03,63.84,62.95,-7.13
26480360_959373323_0,76.38400268554688,69.77,63.69,63.15,-6.61
26480365_175379380_0,72.9209976196289,70.35,65.95,66.35,-2.57
26480367_1032776486_0,75.08899688720703,67.15,61.7,64.95,-7.94
26480367_26740270_0,73.06800079345703,68.01,61.37,65.2,-5.06
26480370_26480371_0,75.44200134277344,66.13,52.31,58.25,-9.31
26480370_26583884_0,67.49199676513672,60.99,56.47,54.75,-6.5
26480371_26480372_0,75.18499755859375,65.3,53.94,57.8,-9.88
26480372_26480375_0,75.79199981689453,66.2,58.81,63.7,-9.59
26480375_26480376_0,76.15299987792969,68.9,60.4,65.6,-7.25
26480376_7281044816_0,75.5530014038086,69.42,63.51,65.45,-6.13
26480377_26583871_0,70.66000366210938,62.97,63.94,65.55,-7.69
26480377_6919580832_0,77.39700317382812,69.41,61.34,65.7,-7.99
26480401_195222_0,76.62899780273438,78.18,61.78,66.65,1.55
26480401_9218729160_0,73.3239974975586,63.62,63.01,67.4,-9.7
26480401_26584185_0,71.64600372314453,77.59,62.81,65.95,5.94
26480569_26480401_0,76.33799743652344,67.95,64.89,66.6,-8.39
26480607_959438333_0,74.20800018310547,61.9,65.94,61.5,-12.31
26480607_1037257442_0,72.20899963378906,64.42,65.8,59.7,-7.79
26570167_25303800_0,44.242000579833984,59.7,54.85,57.85,15.46
26570167_2865089011_0,56.52899932861328,58.89,57.45,55.0,2.36
26570169_25303803_0,72.00399780273438,64.04,65.2,64.25,-7.96
26570169_26155402_0,60.790000915527344,58.01,61.84,57.9,-2.78
26574293_26574295_0,62.99700164794922,50.66,53.18,51.65,-12.34
26574295_1104884206_0,69.4010009765625,60.83,51.52,59.0,-8.57
26574295_270323500_0,71.36100006103516,56.79,57.72,64.3,-14.57
26574295_26574293_0,62.99700164794922,50.66,53.18,51.65,-12.34
26575615_4574272209_0,73.36299896240234,65.23,66.39,66.25,-8.13
26575616_1037257431_0,66.63400268554688,61.31,64.04,61.45,-5.32
26575616_195231_0,76.13400268554688,67.89,66.44,65.9,-8.24
26575622_3101723973_0,76.63600158691406,69.18,65.27,63.37,-7.46
26575623_26575622_0,77.64199829101562,65.45,62.54,63.92,-12.19
26576932_12148021235_0,75.30999755859375,68.07,57.07,61.0,-7.24
26576932_4251081829_0,73.5,64.69,63.58,63.85,-8.81
26576955_12192585644_0,72.51599884033203,72.57,66.28,67.0,0.05
26576955_13056558377_0,72.3270034790039,68.62,62.0,65.7,-3.71
26576962_2097815265_0,72.93800354003906,68.47,56.59,62.4,-4.47
26576962_2117622742_0,71.18199920654297,64.85,54.76,55.0,-6.33
26576962_26576963_0,72.79199981689453,67.93,59.85,65.4,-4.86
26576963_25175819_0,74.03299713134766,69.96,57.86,64.4,-4.07
26576963_26576962_0,72.79199981689453,67.93,59.85,65.4,-4.86
26576963_6185376344_0,68.54900360107422,63.19,57.09,64.95,-5.36
26577743_254581990_0,71.49299621582031,62.36,62.66,64.15,-9.13
26583684_26583685_0,60.527000427246094,55.93,50.44,53.68,-4.6
26583684_26583687_0,63.632999420166016,56.25,54.23,54.0,-7.38
26583685_158244562_0,68.33000183105469,55.61,51.29,52.65,-12.72
26583687_26583685_0,68.72899627685547,55.38,53.07,52.62,-13.35
26583687_26583688_0,48.7869987487793,56.15,55.03,54.25,7.36
26583688_26583682_0,60.72600173950195,55.89,52.43,54.7,-4.84
26583688_26583687_0,48.7869987487793,56.16,55.03,54.25,7.37
26583690_47147250_0,73.27300262451172,65.39,63.24,64.25,-7.88
26583691_10107576270_0,72.67500305175781,65.53,61.27,63.7,-7.15
26583848_26583853_0,61.09199905395508,59.74,57.26,58.85,-1.35
26583848_26480375_0,66.9219970703125,61.32,63.86,60.65,-5.6
26583850_26583848_0,61.94400024414063,60.88,59.63,60.35,-1.06
26583850_26480376_0,68.61100006103516,62.92,61.15,61.55,-5.69
26583853_959373377_0,62.56499862670898,60.05,54.72,54.7,-2.51
26583853_26480372_0,65.63700103759766,59.7,60.94,54.25,-5.94
26583858_959373377_0,65.18499755859375,61.19,55.19,55.95,-3.99
26583858_26583884_0,63.6510009765625,59.91,51.11,54.95,-3.74
26583858_26480371_0,65.16999816894531,60.06,58.96,54.45,-5.11
26583858_26583890_0,62.58399963378906,60.93,48.98,54.55,-1.65
26583871_13386535553_0,65.38600158691406,63.59,66.9,63.45,-1.8
26583871_1167755955_0,62.97700119018555,59.52,60.65,61.0,-3.46
26583876_26106487_0,55.53300094604492,59.25,56.22,52.8,3.72
26583876_26583879_0,65.73500061035156,59.9,56.98,54.4,-5.84
26583879_26583882_0,63.124000549316406,59.95,63.86,59.9,-3.17
26583879_26106405_0,68.2760009765625,63.56,68.37,60.3,-4.72
26583879_26584182_0,62.34299850463867,64.89,69.02,61.2,2.55
26583882_1933378821_0,60.41400146484375,58.85,54.8,59.55,-1.56
26583882_26106487_0,65.8010025024414,62.31,64.73,59.45,-3.49
26583884_1468502076_0,67.26699829101562,60.99,47.71,53.5,-6.28
26583884_26583890_0,63.46900177001953,60.4,53.41,53.3,-3.07
26583884_26583858_0,63.6510009765625,59.91,51.11,54.95,-3.74
26583890_959373498_0,62.93199920654297,61.28,61.49,61.15,-1.65
26584156_25722267_0,69.64800262451172,71.68,65.63,64.2,2.03
26584156_26584157_0,66.53099822998047,65.29,62.34,64.35,-1.24
26584157_26584160_0,62.0890007019043,61.27,59.37,60.2,-0.82
26584157_26584158_0,66.6510009765625,65.87,62.76,63.3,-0.78
26584158_25620809_0,66.26799774169922,63.75,65.58,61.2,-2.52
26584158_26584159_0,64.09100341796875,68.72,63.32,63.2,4.63
26584159_35216590_0,66.39800262451172,65.41,66.77,62.1,-0.99
26584159_9362515477_0,62.209999084472656,64.63,66.05,64.15,2.42
26584159_26584160_0,65.84200286865234,64.15,62.27,63.35,-1.69
26584160_26584161_0,66.11100006103516,63.41,60.68,63.6,-2.7
26584161_2244836226_0,66.96800231933594,64.02,63.54,63.8,-2.95
26584163_26584164_0,61.15499877929688,62.75,54.32,53.9,1.6
26584163_270492135_0,62.81499862670898,60.07,49.63,54.6,-2.74
26584163_25722267_0,61.60900115966797,62.11,61.77,61.3,0.5
26584164_26584158_0,58.757999420166016,65.26,63.02,61.75,6.5
26584165_270492131_0,63.14799880981445,60.16,48.31,52.75,-2.99
26584165_25620809_0,65.76899719238281,60.02,48.21,52.55,-5.75
26584165_26584164_0,62.94100189208984,59.66,49.06,52.5,-3.28
26584169_26584163_0,59.00600051879883,62.0,53.82,53.7,2.99
26584170_26584172_0,61.95800018310547,58.14,54.36,52.28,-3.82
26584170_26106542_0,65.85600280761719,60.06,45.83,52.75,-5.8
26584172_26584169_0,60.25199890136719,62.92,56.96,54.32,2.67
26584172_26106542_0,59.63600158691406,62.22,52.12,53.85,2.58
26584172_26584179_0,61.17399978637695,58.61,59.22,56.85,-2.56
26584176_26584178_0,63.24100112915039,58.24,51.84,52.32,-5.0
26584178_26584179_0,60.358001708984375,57.49,57.65,60.9,-2.87
26584182_8461739677_0,63.4109992980957,66.08,68.28,62.2,2.67
26584185_21597808_0,68.66300201416016,76.63,66.86,63.15,7.97
26584186_26584185_0,59.56800079345703,59.05,60.27,60.5,-0.52
26584186_1167755955_0,60.33700180053711,57.36,57.59,53.85,-2.98
26597593_2372905206_0,69.36599731445312,69.05,63.39,64.65,-0.32
26597593_2457757385_0,69.23799896240234,70.07,60.42,65.2,0.83
26597597_324458557_0,71.4800033569336,69.1,61.94,64.05,-2.38
26597597_2372905137_0,72.76000213623047,64.55,61.95,64.3,-8.21
26597597_2372905206_0,70.9520034790039,68.83,62.51,64.45,-2.12
26597601_2230337405_0,62.625,50.02,51.5,54.3,-12.6
26597601_1044597132_0,72.58100128173828,57.52,54.27,58.7,-15.06
26597601_1837379429_0,72.34100341796875,57.15,59.1,62.8,-15.19
26597608_192058895_0,72.62100219726562,56.57,55.28,60.35,-16.05
26597608_1837379429_0,74.59300231933594,58.12,59.32,60.6,-16.47
26723896_26723981_0,61.66299819946289,57.02,60.89,54.05,-4.64
26723896_1049498000_0,67.81999969482422,57.73,63.09,55.9,-10.09
26723981_26723896_0,61.66299819946289,57.02,60.89,54.05,-4.64
26723981_26336847_0,61.0359992980957,56.66,57.21,53.3,-4.38
26726769_868450830_0,70.43900299072266,65.37,59.28,62.3,-5.07
26726769_35216591_0,69.72699737548828,67.27,61.82,63.15,-2.46
26728929_13176502891_0,60.483001708984375,57.39,63.36,53.5,-3.09
26728929_83650693_0,63.45100021362305,56.57,55.61,58.0,-6.88
26728992_2789756669_0,71.0510025024414,61.99,62.15,62.75,-9.06
26728992_13124693229_0,70.71900177001953,64.98,64.35,64.5,-5.74
26728992_26728929_0,61.99100112915039,57.82,59.55,60.4,-4.17
26728992_4514446555_0,63.67399978637695,58.68,59.75,62.2,-4.99
26729000_35335890_0,61.983001708984375,61.01,64.83,62.85,-0.97
26729010_13124693225_0,72.03700256347656,61.97,63.18,64.0,-10.07
26729010_35335880_0,75.14299774169922,61.39,63.74,54.81,-13.75
26731428_26731437_0,61.06499862670898,61.54,58.2,59.35,0.48
26731428_25451982_0,60.48199844360352,61.21,57.95,57.35,0.73
26731431_26731441_0,66.9540023803711,63.37,65.49,67.25,-3.58
26731431_26731428_0,59.32699966430664,62.05,56.48,60.3,2.72
26731431_25451970_0,60.09099960327149,63.88,59.08,62.25,3.79
26731434_25451999_0,60.47700119018555,61.64,54.66,56.74,1.16
26731434_26731437_0,60.26499938964844,61.45,60.86,60.45,1.19
26731437_9795491533_0,63.74100112915039,63.81,64.75,64.45,0.07
26731441_9795491534_0,72.0510025024414,71.13,62.84,67.0,-0.92
26731893_8149606913_0,68.91999816894531,66.83,62.5,58.4,-2.09
26740258_1316035137_0,75.77200317382812,63.97,58.65,56.5,-11.8
26740270_1471827643_0,75.01799774169922,65.36,62.8,64.85,-9.66
26740271_4879722851_0,77.0250015258789,63.84,49.17,56.15,-13.19
26740272_26740271_0,76.64299774169922,63.47,53.77,56.35,-13.17
26740272_4879722851_0,74.72100067138672,63.54,50.74,56.7,-11.18
26740276_35291291_0,73.48100280761719,63.18,57.83,57.75,-10.3
26740277_2606641709_0,74.55500030517578,65.01,60.99,64.9,-9.55
26740278_26740277_0,74.56500244140625,64.38,62.04,63.9,-10.19
26740278_26740258_0,75.96299743652344,63.57,56.66,56.5,-12.39
27175446_2107157624_0,69.13800048828125,65.06,58.51,62.7,-4.08
27179925_33122290_0,64.20800018310547,54.44,56.84,50.45,-9.77
27179925_27179926_0,67.1520004272461,55.55,63.28,63.7,-11.6
27179925_4619742908_0,71.07099914550781,63.51,62.53,62.55,-7.56
27179925_33122291_0,70.95500183105469,62.59,57.39,56.3,-8.37
27179926_21510488_0,73.0979995727539,62.3,61.88,63.5,-10.8
27179926_21510489_0,73.7770004272461,61.52,62.34,62.25,-12.26
27359745_27359746_0,58.54199981689453,61.33,63.15,64.1,2.79
27359745_25549077_0,72.6449966430664,66.97,67.54,66.95,-5.67
27359745_25549075_0,72.88300323486328,67.99,66.62,65.9,-4.89
27359746_21604585_0,63.25299835205078,62.28,57.73,62.5,-0.97
27359753_4675415571_0,72.72200012207031,69.14,64.51,65.55,-3.58
27359753_600873562_0,72.86100006103516,68.91,65.61,65.95,-3.95
27359754_27359824_0,72.9260025024414,67.62,64.33,64.9,-5.31
27359810_27359813_0,61.698001861572266,61.95,61.85,62.25,0.25
27359810_974116113_0,60.35499954223633,61.41,58.88,59.3,1.06
27359813_4675415571_0,65.68599700927734,64.02,64.57,65.45,-1.67
27359816_27359819_0,61.23099899291992,61.06,59.66,59.45,-0.17
27359816_8764004613_0,73.58899688720703,68.92,68.31,67.1,-4.67
27359819_27359824_0,62.63600158691406,61.71,67.57,61.95,-0.93
27359819_27359813_0,60.42499923706055,61.12,60.51,60.35,0.7
27359824_25549076_0,73.83300018310547,66.22,66.04,65.35,-7.61
27362270_27362278_0,68.81099700927734,64.11,60.86,60.55,-4.7
27362271_27362294_0,68.37000274658203,63.8,61.46,60.7,-4.57
27362272_27362273_0,73.66000366210938,63.31,61.31,62.35,-10.35
27362272_27362277_0,72.23600006103516,64.1,62.71,63.0,-8.14
27362273_27362272_0,73.66000366210938,63.31,61.31,62.35,-10.35
27362273_4756679810_0,73.76100158691406,65.7,59.14,64.95,-8.06
27362277_27362278_0,72.28500366210938,60.5,57.42,58.7,-11.79
27362277_27362271_0,69.16300201416016,64.17,61.77,59.7,-4.99
27362278_27362277_0,72.28500366210938,60.5,57.42,58.7,-11.79
27362278_27362273_0,72.23600006103516,64.0,61.5,62.8,-8.24
27362283_4709607315_0,65.47200012207031,64.78,62.02,57.2,-0.69
27362284_1351112937_0,67.74800109863281,63.9,60.41,57.8,-3.85
27362287_27362306_0,61.9640007019043,58.59,60.1,55.8,-3.37
27362287_27362289_0,67.6510009765625,64.88,64.62,59.7,-2.77
27362288_27362287_0,68.1510009765625,62.18,62.19,58.1,-5.97
27362288_1351112938_0,67.52400207519531,65.15,64.78,59.8,-2.37
27362289_27362290_0,68.04000091552734,64.53,68.35,61.74,-3.51
27362289_27362299_0,67.96499633789062,64.18,66.06,58.55,-3.78
27362289_3904130746_0,57.2760009765625,58.82,58.84,59.45,1.54
27362290_27362289_0,68.04000091552734,64.53,68.35,61.74,-3.51
27362290_350344029_0,59.23600006103516,61.22,60.63,61.3,1.98
27362290_27362288_0,68.0739974975586,64.67,64.29,59.85,-3.4
27362293_27362294_0,69.81400299072266,59.79,54.95,55.35,-10.02
27362293_27362270_0,68.08399963378906,63.85,61.16,60.4,-4.23
27362294_27362293_0,69.81400299072266,59.79,54.95,55.35,-10.02
27362294_27362296_0,68.37799835205078,63.26,60.62,60.9,-5.12
27362295_27362293_0,68.37799835205078,62.99,61.16,60.55,-5.39
27362296_27362295_0,68.49800109863281,60.7,60.82,57.05,-7.8
27362296_27362298_0,68.20700073242188,64.6,58.35,61.35,-3.61
27362297_27362298_0,68.66899871826172,62.1,59.18,57.75,-6.57
27362297_27362295_0,67.36199951171875,64.36,57.5,61.1,-3.0
27362297_1335415625_0,59.32899856567383,59.3,58.24,59.9,-0.03
27362298_27362297_0,68.66899871826172,62.1,59.18,57.75,-6.57
27362298_27362300_0,66.85399627685547,64.42,65.86,59.95,-2.43
27362299_27362300_0,68.8030014038086,62.7,62.84,61.38,-6.1
27362299_27362304_0,60.43000030517578,58.59,57.19,56.0,-1.84
27362299_27362297_0,68.43699645996094,64.35,65.74,59.85,-4.09
27362300_27362299_0,68.8030014038086,62.7,62.84,61.38,-6.1
27362300_8087837595_0,60.87799835205078,61.56,62.28,60.95,0.68
27362300_27362290_0,68.16600036621094,64.22,66.77,58.3,-3.95
27362302_1335415566_0,63.19100189208984,56.41,51.71,53.3,-6.78
27362304_27362299_0,60.43000030517578,58.59,57.19,56.0,-1.84
27362558_103771069_0,74.15899658203125,66.3,60.82,64.35,-7.86
27362559_27362911_0,60.64400100708008,59.79,56.6,63.1,-0.85
27362559_270298917_0,72.28700256347656,66.1,59.9,66.8,-6.19
27362559_8797918163_0,71.59500122070312,63.55,64.12,66.2,-8.05
27362561_27362911_0,62.42900085449219,58.82,55.37,57.25,-3.61
27362561_8087837595_0,60.29100036621094,60.28,58.48,59.45,-0.01
27362561_27362904_0,58.91400146484375,58.41,54.17,55.7,-0.5
27362894_8801809168_0,70.55699920654297,64.31,62.29,62.5,-6.25
27362894_6541872243_0,68.08899688720703,66.71,65.64,63.35,-1.38
27362894_25624666_0,65.49400329589844,64.57,65.97,61.25,-0.92
27362898_564782189_0,46.823001861572266,59.03,59.49,60.3,12.21
27362898_27362903_0,63.94900131225586,62.63,61.73,62.0,-1.32
27362898_6541872243_0,63.15900039672852,63.23,64.25,58.5,0.07
27362899_27362901_0,60.040000915527344,60.87,60.68,57.15,0.83
27362899_27362900_0,73.87899780273438,66.7,60.71,65.05,-7.18
27362900_27362901_0,59.38800048828125,58.19,57.09,58.42,-1.2
27362900_8148996575_0,73.74600219726562,66.25,59.83,65.1,-7.5
27362901_27362898_0,59.30400085449219,60.23,61.63,59.5,0.93
27362901_27362900_0,59.38800048828125,58.18,57.09,58.52,-1.21
27362903_27362904_0,61.4640007019043,60.45,57.93,59.9,-1.01
27362903_1335415655_0,64.72100067138672,62.88,62.34,60.1,-1.84
27362903_27362898_0,63.94900131225586,62.63,61.73,62.0,-1.32
27362904_8148996575_0,62.31900024414063,59.86,57.74,58.05,-2.46
27362904_27362903_0,61.4640007019043,60.45,57.93,59.9,-1.01
27362904_27362561_0,58.91400146484375,58.41,54.17,55.7,-0.5
27362905_27362296_0,58.44100189208984,61.02,60.48,59.8,2.58
27362905_27362917_0,59.2130012512207,59.62,58.8,59.7,0.41
27362905_27362906_0,64.04199981689453,62.78,60.97,57.9,-1.26
27362905_8087837595_0,64.69000244140625,63.41,60.71,58.15,-1.28
27362906_8087837589_0,64.16000366210938,63.51,61.28,58.85,-0.65
27362906_27362905_0,64.04199981689453,62.78,60.97,57.9,-1.26
27362906_1297007330_0,59.970001220703125,60.59,59.5,58.05,0.62
27362911_27362559_0,60.64400100708008,59.79,56.6,63.1,-0.85
27362911_27362561_0,62.42900085449219,58.82,55.37,57.25,-3.61
27362911_270298916_0,61.64899826049805,57.18,53.21,57.0,-4.47
27362912_11414276914_0,73.48500061035156,64.01,59.71,59.4,-9.48
27362913_27362912_0,67.08100128173828,56.83,57.91,58.8,-10.25
27362917_1297007321_0,62.72600173950195,57.15,57.09,60.75,-5.58
27362917_270298919_0,61.11899948120117,56.97,54.39,55.5,-4.15
27362917_27362905_0,59.2130012512207,59.62,58.8,59.7,0.41
27362921_11470215275_0,65.73200225830078,62.89,65.12,64.8,-2.84
27362921_8087802997_0,66.75299835205078,63.55,64.83,65.9,-3.2
27362921_458892770_0,60.84199905395508,58.78,58.95,60.7,-2.06
27362922_25624141_0,61.180999755859375,61.11,62.21,60.11,-0.07
27362922_8149345756_0,69.41100311279297,64.11,62.51,61.6,-5.3
27487299_8788329523_0,62.527000427246094,58.91,63.03,60.55,-3.62
27487299_34818667_0,67.00499725341797,61.23,62.91,61.05,-5.77
27487299_712926919_0,60.50199890136719,58.46,61.34,63.0,-2.04
27503186_252333899_0,69.46399688720703,65.96,65.44,63.6,-3.5
27503186_27503189_0,59.47600173950195,58.99,54.98,59.22,-0.49
27503188_27503195_0,65.35900115966797,61.99,66.0,59.45,-3.37
27503188_27503198_0,65.35900115966797,62.57,63.71,60.1,-2.79
27503189_27503188_0,62.44499969482422,60.97,61.25,61.45,-1.47
27503190_27503186_0,70.87300109863281,67.4,66.19,63.85,-3.47
27503190_27503189_0,60.28099822998047,60.29,66.94,62.7,0.01
27503194_27503190_0,70.34300231933594,68.99,66.97,65.45,-1.35
27503195_27503194_0,65.48699951171875,61.98,63.02,62.0,-3.51
27503195_27503188_0,65.35900115966797,61.98,65.75,59.45,-3.38
27503195_27503198_0,61.78900146484375,63.08,61.79,59.8,1.29
27503198_27503200_0,64.83699798583984,62.67,62.83,59.55,-2.17
27503198_27503195_0,61.78900146484375,63.08,61.79,59.8,1.29
27503200_1777530528_0,64.5530014038086,65.49,63.5,60.1,0.94
27503200_27503198_0,64.83699798583984,62.68,62.83,59.55,-2.16
27503200_27503201_0,64.64199829101562,63.94,64.46,61.2,-0.7
27503200_27503205_0,62.20399856567383,61.15,62.11,59.15,-1.05
27503201_27503200_0,64.64199829101562,63.94,64.46,61.2,-0.7
27503201_26014319_0,70.2979965209961,65.05,65.58,62.3,-5.25
27503201_27503205_0,68.13600158691406,61.09,61.41,59.4,-7.05
27503202_26014319_0,71.88400268554688,68.63,65.58,65.45,-3.25
27503205_27503202_0,65.44200134277344,59.85,61.13,56.0,-5.59
27503209_34815656_0,71.8239974975586,60.69,63.09,63.7,-11.13
27503209_27503211_0,72.06300354003906,60.15,65.01,58.15,-11.91
27503211_2837925614_0,60.50400161743164,57.61,66.42,55.6,-2.89
27503211_27503209_0,72.06300354003906,60.15,65.01,58.15,-11.91
27503211_27503213_0,71.99299621582031,61.06,63.65,58.55,-10.93
27503213_25722301_0,70.2020034790039,62.32,64.02,62.95,-7.88
27503213_27503211_0,71.99299621582031,61.06,63.65,58.55,-10.93
27503214_831557317_0,71.9540023803711,62.73,61.46,58.32,-9.22
27503214_25722301_0,70.71600341796875,63.14,65.11,61.95,-7.58
27504185_10241846466_0,51.98699951171875,59.89,66.5,61.2,7.9
27504185_27504189_0,60.97100067138672,59.72,66.76,60.75,-1.25
27504186_25632290_0,71.5199966430664,67.68,64.84,63.5,-3.84
27504186_10241846466_0,64.96499633789062,58.8,55.98,53.9,-6.16
27504189_1275888709_0,58.28300094604492,56.6,56.48,57.3,-1.68
27504189_1051082321_0,62.06100082397461,58.79,66.08,59.9,-3.27
28973822_26464314_0,59.928001403808594,63.11,59.38,59.45,3.18
29003879_26464315_0,58.29899978637695,60.07,54.86,56.55,1.77
29003880_29003879_0,59.57400131225586,60.66,58.92,61.1,1.09
29006600_21604592_0,68.56800079345703,63.44,57.83,61.4,-5.13
29006600_21702418_0,59.83700180053711,61.84,61.35,59.65,2.0
29083975_29083979_0,58.902000427246094,57.45,58.62,58.85,-1.45
29083975_35495876_0,66.9260025024414,59.26,61.21,60.95,-7.67
29083975_2429781615_0,68.01699829101562,59.24,65.75,60.95,-8.78
29083977_25622726_0,70.24500274658203,60.16,61.25,62.25,-10.09
29083977_29083978_0,64.6510009765625,58.77,61.38,58.65,-5.88
29083977_25622725_0,70.14800262451172,59.78,64.52,61.8,-10.37
29083978_21674913_0,64.00199890136719,59.12,59.9,59.1,-4.88
29083978_29083977_0,64.6510009765625,58.77,61.38,58.65,-5.88
29083979_29083975_0,58.902000427246094,57.45,58.62,58.85,-1.45
29083979_13289372527_0,62.57799911499024,57.23,62.17,63.35,-5.35
29083979_29083978_0,61.08000183105469,56.43,57.28,52.6,-4.65
29083979_562894729_0,58.73099899291992,54.89,53.67,58.88,-3.84
29980115_29980173_0,72.6449966430664,65.24,61.51,63.6,-7.4
29980115_130110242_0,67.04199981689453,58.62,53.5,58.75,-8.42
29980115_130110242_1,69.29000091552734,56.74,55.42,55.5,-12.55
29980115_129940286_0,59.10200119018555,58.1,52.65,61.45,-1.0
29980115_83700539_0,74.49700164794922,68.64,59.45,64.45,-5.86
29980119_206189067_0,62.84600067138672,55.09,58.6,52.15,-7.76
29980119_206189057_0,71.86599731445312,62.73,57.47,56.05,-9.14
29980119_206189058_0,73.25499725341797,62.07,60.76,54.55,-11.18
29980138_2439485670_0,70.18900299072266,62.78,60.91,62.95,-7.41
29980138_206188664_0,62.36100006103516,55.23,55.55,54.1,-7.13
29980138_206189060_0,71.51200103759766,63.54,58.11,65.35,-7.97
29980142_3156680768_0,69.37799835205078,61.23,60.69,53.92,-8.15
29980142_29980178_0,70.65399932861328,61.71,59.77,54.37,-8.94
29980154_270323500_0,69.76300048828125,57.19,59.39,51.02,-12.57
29980154_29980168_0,66.37999725341797,57.37,51.28,60.15,-9.01
29980159_192305024_0,68.51599884033203,57.04,52.11,58.55,-11.48
29980159_192305011_0,69.0270004272461,58.03,49.58,59.8,-11.0
29980168_29980185_0,69.0530014038086,57.98,50.08,59.8,-11.07
29980168_192305026_0,69.62699890136719,55.28,52.92,59.4,-14.35
29980173_2439485670_0,72.16999816894531,63.45,62.33,63.25,-8.72
29980173_129940286_0,64.11100006103516,57.74,47.84,53.4,-6.37
29980173_29980115_0,72.6449966430664,65.24,61.51,63.6,-7.4
29980178_206189057_0,72.5790023803711,61.36,56.85,55.22,-11.22
29980178_29980142_0,70.65399932861328,61.72,59.77,54.22,-8.93
30267248_4428355484_0,75.18499755859375,68.74,61.84,65.25,-6.44
30267248_8753184568_0,75.08300018310547,68.53,60.33,64.6,-6.55
31917854_191918601_0,64.71199798583984,64.02,65.99,65.45,-0.69
31917854_191988393_0,67.55000305175781,60.81,65.96,66.0,-6.74
31917854_322191108_0,67.67400360107422,61.65,66.54,66.35,-6.02
31922915_2441147803_0,73.66899871826172,62.81,71.7,59.85,-10.86
31922933_2441147825_0,72.0999984741211,64.21,63.33,65.15,-7.89
31922935_31922933_0,72.93399810791016,63.15,67.0,60.4,-9.78
31922935_324451947_0,73.68800354003906,63.56,60.55,64.25,-10.13
31922947_31922945_0,76.2229995727539,62.16,66.23,59.55,-14.06
31923923_35213504_0,43.150001525878906,57.18,63.03,54.85,14.03
31923923_35210587_0,61.29800033569336,57.43,62.23,54.2,-3.87
31923923_35213496_0,63.92900085449219,59.33,60.75,57.25,-4.6
31923923_35213502_0,64.05500030517578,59.46,62.95,58.8,-4.6
31923933_31923945_0,64.03900146484375,59.82,55.65,63.0,-4.22
31923933_253871330_0,64.38899993896484,61.42,60.99,64.05,-2.97
31923933_35213557_0,61.03300094604492,57.15,56.7,56.35,-3.88
31923945_868450830_0,67.27200317382812,64.49,59.16,61.65,-2.78
31923945_31923933_0,64.03900146484375,59.82,55.65,63.0,-4.22
31923945_35222916_0,62.891998291015625,61.91,61.1,62.1,-0.98
32533201_25468305_0,71.65499877929688,67.67,65.24,63.35,-3.98
32533201_25468301_0,70.9280014038086,64.8,62.99,63.05,-6.13
32533203_1544580676_0,60.06700134277344,58.23,56.53,54.95,-1.84
32533203_568297644_0,57.07799911499024,56.67,58.99,55.7,-0.41
32650339_35335888_0,67.68099975585938,62.98,63.63,62.75,-4.7
32650339_13123162011_0,74.90299987792969,65.76,64.82,62.75,-9.14
32650339_32650340_0,70.0999984741211,67.03,61.41,64.25,-3.07
32650340_35335883_0,61.266998291015625,59.48,55.92,54.98,-1.79
32650340_83650891_0,73.52400207519531,66.89,59.24,64.65,-6.63
32650340_32650339_0,70.0999984741211,67.04,61.41,64.25,-3.06
32650350_83650900_0,69.83599853515625,59.89,49.81,54.85,-9.95
32650350_1715948234_0,72.78299713134766,60.77,52.36,58.95,-12.01
32650982_4110265203_0,73.06099700927734,60.96,61.27,61.95,-12.1
32650982_83657546_0,74.50399780273438,61.8,63.62,62.0,-12.7
32650982_2813006545_0,66.3030014038086,57.36,60.15,56.52,-8.94
32650990_5556994221_0,72.88800048828125,59.35,72.93,64.97,-13.54
32650990_32650991_0,77.83000183105469,59.75,72.48,64.4,-18.08
32650991_32650992_0,75.95500183105469,60.09,72.85,64.65,-15.87
32650992_32650993_0,75.54299926757812,60.39,75.83,64.5,-15.15
32650993_331362187_0,75.63200378417969,60.8,75.53,64.5,-14.83
32650994_32650997_0,75.46800231933594,60.45,76.95,64.65,-15.02
32650994_303507015_0,75.5199966430664,61.79,74.1,66.0,-13.73
32650997_32650990_0,73.73200225830078,60.13,75.03,64.5,-13.6
32651003_331362187_0,71.7249984741211,59.15,59.88,63.82,-12.57
32651003_7183740681_0,69.5999984741211,62.04,60.21,63.4,-7.56
32651006_7183740681_0,71.13899993896484,64.14,60.48,63.8,-7.0
32651006_32651003_0,70.73899841308594,62.42,59.08,63.9,-8.32
32651006_12046689741_0,73.23999786376953,62.35,63.97,64.05,-10.89
33065949_13598368298_0,73.625,67.2,62.31,65.45,-6.42
33065949_13034905058_0,71.4010009765625,67.95,61.18,66.3,-3.45
33066088_33066313_0,71.9990005493164,67.09,61.82,65.45,-4.91
33066313_33065949_0,73.625,68.59,60.3,65.75,-5.03
33070179_6943172520_0,70.84500122070312,64.7,58.45,64.2,-6.15
33116036_33116037_0,72.26699829101562,65.85,63.65,63.4,-6.42
33116036_24289066_0,70.16000366210938,65.01,59.16,63.35,-5.15
33116037_24289061_0,72.59500122070312,63.26,61.61,64.05,-9.34
33116037_12254593746_0,63.49100112915039,59.0,59.56,64.05,-4.49
33116453_33118781_0,60.92399978637695,56.01,48.69,50.0,-4.91
33116457_8434031_0,65.8290023803711,58.03,54.94,61.2,-7.8
33118776_33122286_0,72.06900024414062,64.23,61.25,64.35,-7.84
33118776_8434031_0,73.30699920654297,64.53,63.7,64.55,-8.78
33118781_33118782_0,63.38600158691406,55.83,49.69,50.7,-7.56
33118782_33118781_0,57.72700119018555,55.9,49.29,50.85,-1.83
33118782_33116457_0,51.12300109863281,57.53,44.29,60.97,6.41
33122282_33122285_0,49.417999267578125,57.67,52.42,61.0,8.25
33122282_8434042_0,67.04100036621094,58.98,62.37,54.05,-8.06
33122282_21510489_0,70.25700378417969,60.45,58.37,59.75,-9.81
33122285_33118776_0,71.0459976196289,60.49,60.86,64.2,-10.56
33122286_33122285_0,70.375,56.26,58.78,62.8,-14.12
33122286_33122291_0,71.375,63.63,56.42,55.7,-7.74
33122286_33118776_0,72.06900024414062,64.23,61.25,64.95,-7.84
33122290_27499918_0,57.797000885009766,53.99,52.22,49.75,-3.81
33122291_27179925_0,70.95500183105469,62.59,57.39,56.3,-8.37
33122291_33122286_0,71.375,63.63,56.42,55.7,-7.74
33122297_33148287_0,57.75299835205078,54.03,52.38,50.95,-3.72
33122297_25115153_0,62.0359992980957,56.32,59.35,55.05,-5.72
33124063_2074708220_0,73.64600372314453,59.69,67.08,68.15,-13.96
33126059_832449681_0,74.24800109863281,66.69,63.03,64.55,-7.56
33126059_13203497044_0,73.28099822998047,65.48,59.46,64.55,-7.8
33126077_33126078_0,70.96600341796875,65.1,58.45,63.55,-5.87
33126077_7183740681_0,68.87000274658203,62.46,63.21,63.8,-6.41
33126078_33126077_0,70.96600341796875,65.1,58.45,63.55,-5.87
33126078_33149128_0,71.27400207519531,60.99,55.56,58.5,-10.28
33126078_33126081_0,69.6259994506836,61.98,61.95,64.6,-7.65
33126081_257513701_0,62.70000076293945,55.42,59.36,63.3,-7.28
33126081_1539951654_0,58.80699920654297,54.14,55.04,53.72,-4.67
33126081_33126078_0,69.6259994506836,61.94,62.05,64.55,-7.69
33126081_33126082_0,70.322998046875,59.73,54.46,59.9,-10.59
33126082_33126081_0,70.322998046875,59.73,54.46,59.9,-10.59
33148254_412247882_0,60.84799957275391,55.68,57.89,50.3,-5.17
33148254_33148258_0,60.64400100708008,55.25,48.27,49.4,-5.39
33148258_12046689741_0,65.95700073242188,54.01,53.11,47.95,-11.95
33148258_33148254_0,60.64400100708008,55.25,48.27,49.4,-5.39
33148287_33148254_0,55.91999816894531,54.36,49.55,49.65,-1.56
33149128_33149204_0,71.39099884033203,57.85,56.89,58.85,-13.54
33149128_33126077_0,71.27400207519531,60.98,55.49,58.7,-10.29
33149204_33149128_0,71.39099884033203,57.85,56.89,58.85,-13.54
33149204_9213756_0,68.97899627685547,57.96,52.08,55.85,-11.02
33149209_33149220_0,70.98400115966797,61.29,61.33,61.9,-9.69
33149209_2462509544_0,71.00199890136719,60.64,60.62,60.85,-10.36
33149220_7394910_0,69.50700378417969,62.51,64.49,62.55,-7.0
33149220_33149209_0,70.98400115966797,61.29,61.33,61.9,-9.69
33149220_33149225_0,54.680999755859375,53.55,57.15,57.6,-1.13
33149225_33149220_0,54.680999755859375,53.54,57.15,57.6,-1.14
33183161_25722219_0,62.80099868774414,60.47,52.22,55.5,-2.33
33183161_25722218_0,60.64599990844727,59.18,54.39,55.35,-1.47
33183165_25722220_0,61.79100036621094,60.57,55.42,55.15,-1.22
33183235_25722225_0,60.48799896240234,57.95,47.68,53.5,-2.54
33183235_23667198_0,59.45299911499024,57.79,48.64,53.25,-1.66
33183236_33183235_0,60.185001373291016,58.07,46.46,54.0,-2.12
33225462_9349563081_0,66.76100158691406,61.55,54.66,58.9,-5.21
33225463_33225462_0,69.50399780273438,61.67,53.57,58.9,-7.83
33250396_23667059_0,60.03499984741211,57.07,49.86,54.0,-2.96
33250398_24484928_0,47.59299850463867,57.52,46.71,53.15,9.93
33250399_22218513_0,66.46299743652344,58.74,54.79,54.65,-7.72
33250399_25722224_0,61.33000183105469,58.53,52.9,54.45,-2.8
33250400_33250399_0,63.180999755859375,58.95,57.99,61.55,-4.23
33250400_22218474_0,66.4990005493164,60.37,60.83,63.35,-6.13
33251970_22147748_0,81.54399871826172,66.22,65.74,67.6,-15.32
33252034_33256996_0,77.0009994506836,66.73,64.21,63.25,-10.27
33252034_33252061_0,76.62300109863281,65.71,65.31,62.9,-10.91
33252250_33252022_0,78.5009994506836,64.43,51.36,56.18,-14.07
33252353_33252034_0,76.62300109863281,65.41,63.76,63.2,-11.21
33254326_25248947_0,77.76899719238281,70.75,66.73,65.55,-7.02
33254619_33255454_0,80.99600219726562,67.37,66.55,65.5,-13.63
33254622_831557378_0,76.09300231933594,63.36,63.32,65.3,-12.73
33254622_33254619_0,77.81099700927734,68.46,66.37,65.25,-9.35
33255445_33255466_0,77.60199737548828,65.43,66.93,65.6,-12.17
33255454_33255466_0,85.78800201416016,67.99,65.65,65.7,-17.8
33255466_1106667340_0,79.18599700927734,68.4,64.92,66.6,-10.79
33256991_4006576960_0,78.58699798583984,65.26,62.78,63.9,-13.33
33256991_33256994_0,80.13700103759766,65.86,63.44,63.55,-14.28
33256994_33256996_0,75.20899963378906,66.18,66.96,62.95,-9.03
33256994_1029506954_0,78.41600036621094,64.23,54.23,56.8,-14.19
33256996_33252034_0,77.0009994506836,66.73,64.21,63.25,-10.27
33256996_1126341696_0,80.4010009765625,66.58,64.86,63.1,-13.82
33257040_13383951_0,81.29199981689453,63.18,67.73,66.8,-18.11
33257059_25312121_0,77.8290023803711,64.91,64.12,58.65,-12.92
33257060_16564357_0,78.32599639892578,62.45,64.66,64.15,-15.88
33257061_1787648748_0,83.8499984741211,64.66,62.91,64.85,-19.19
34235997_34235998_0,58.02199935913086,60.25,53.93,57.8,2.23
34235997_143417_0,64.58599853515625,60.27,58.04,59.2,-4.32
34235998_21510475_0,59.262001037597656,59.42,47.36,56.5,0.16
34235998_21595835_0,60.22499847412109,60.92,63.98,61.35,0.7
34385819_1297040313_0,68.70600128173828,60.1,64.62,62.9,-8.61
34385819_25327145_0,65.7509994506836,62.99,61.04,62.55,-2.76
34385820_34385822_0,68.33599853515625,60.89,63.88,63.45,-7.45
34385820_25327144_0,60.19100189208984,60.79,64.41,63.0,0.6
34385822_25310887_0,69.26300048828125,62.6,63.75,65.3,-6.66
34385832_34385840_0,71.86599731445312,71.12,61.04,66.15,-0.75
34385832_1297040320_0,67.40299987792969,63.13,66.82,65.65,-4.27
34385840_528993508_0,72.26799774169922,72.76,63.86,66.35,0.49
34385840_1026166670_0,72.31099700927734,71.9,60.67,65.0,-0.41
34387221_2483668732_0,72.86699676513672,70.52,58.7,65.45,-2.35
34389257_26027238_0,70.91300201416016,67.25,65.17,64.35,-3.66
34389257_2659801362_0,72.12699890136719,72.07,65.28,65.4,-0.06
34400264_5298945584_0,72.73799896240234,71.61,64.85,64.45,-1.13
34400264_3113108906_0,68.05400085449219,63.81,59.73,64.95,-4.24
34400264_26033313_0,62.73600006103516,62.98,58.62,59.85,0.24
34400269_3113108906_0,66.68699645996094,62.71,50.21,52.2,-3.98
34400269_34400264_0,68.05400085449219,63.67,61.27,65.3,-4.38
34401011_25258741_0,58.6609992980957,62.28,62.02,59.7,3.62
34401011_4892381215_0,72.33599853515625,70.94,63.65,64.3,-1.4
34401545_5320480823_0,72.18000030517578,64.87,62.15,64.95,-7.31
34401545_34401979_0,74.13700103759766,69.08,63.04,65.0,-5.06
34401545_9495381680_0,67.12699890136719,62.78,60.3,64.45,-4.35
34401979_25258525_0,62.08000183105469,63.9,59.64,60.85,1.82
34401979_34401983_0,72.49299621582031,70.03,64.98,67.0,-2.46
34401983_34401987_0,73.23999786376953,71.76,69.17,68.4,-1.48
34401983_26079790_0,63.641998291015625,63.21,64.35,61.05,-0.43
34401987_25306034_0,68.85900115966797,72.52,69.14,67.6,3.66
34401987_34402383_0,66.72599792480469,71.98,68.28,68.05,5.25
34402214_25174163_0,72.26799774169922,70.65,68.08,67.5,-1.62
34402214_1987812136_0,70.13200378417969,74.38,68.23,67.9,4.25
34402383_26086284_0,59.24100112915039,63.63,62.01,61.65,4.39
34402383_34402214_0,67.4209976196289,72.09,68.26,67.9,4.67
34648986_34648988_0,59.92300033569336,53.06,51.48,61.2,-6.86
34648986_1367543931_0,66.59400177001953,58.64,64.1,62.2,-7.95
34648986_25470101_0,68.05599975585938,59.8,60.75,61.9,-8.26
34648988_34648986_0,59.92300033569336,53.06,51.48,61.2,-6.86
34815650_34815652_0,58.57099914550781,56.13,56.59,57.7,-2.44
34815650_34818667_0,63.03400039672852,57.47,60.22,57.6,-5.56
34815650_829114756_0,58.41600036621094,55.56,51.98,56.4,-2.86
34815652_34815654_0,59.09799957275391,56.56,58.46,58.4,-2.54
34815652_8788329528_0,61.04499816894531,57.77,57.99,58.7,-3.27
34815652_829114764_0,60.80699920654297,56.25,60.16,57.2,-4.56
34815653_34815656_0,60.470001220703125,57.6,58.7,61.2,-2.87
34815654_34815653_0,57.75699996948242,56.65,53.68,58.85,-1.11
34815656_8788252008_0,71.89099884033203,62.4,59.12,63.8,-9.49
34815656_27503209_0,71.8239974975586,60.69,63.09,63.7,-11.13
34818667_34815650_0,63.03400039672852,57.47,60.22,57.6,-5.56
34818667_831557303_0,67.4260025024414,56.81,61.18,58.75,-10.62
34818667_27487299_0,67.00499725341797,61.23,62.91,61.05,-5.77
34819693_34819704_0,77.0250015258789,63.37,69.13,64.45,-13.66
34819704_34819706_0,84.33300018310547,67.61,69.89,65.6,-16.72
34819704_1029435143_0,80.48100280761719,67.1,68.51,65.1,-13.38
34819706_1029435116_0,79.5979995727539,67.66,67.04,66.35,-11.94
34819706_16564364_0,80.9219970703125,67.42,65.66,64.85,-13.5
34819707_16564365_0,79.23699951171875,66.42,70.42,65.15,-12.82
34820016_34819707_0,79.59200286865234,64.88,69.13,64.1,-14.71
34820017_12385083532_0,77.99099731445312,61.11,68.61,63.3,-16.88
34820017_1085295539_0,77.98300170898438,60.95,70.14,62.35,-17.03
34967237_9249817_0,73.11000061035156,65.11,60.31,63.65,-8.0
34967267_34967276_0,73.43499755859375,64.56,59.56,62.65,-8.87
34967269_34967274_0,78.18299865722656,67.44,62.73,64.6,-10.74
34967269_34967267_0,76.23500061035156,64.38,60.41,64.5,-11.86
34967274_34967273_0,81.69499969482422,67.02,63.48,64.65,-14.67
34967276_34967274_0,75.68900299072266,64.15,57.35,63.05,-11.54
35193761_35193764_0,75.99400329589844,64.38,71.49,64.2,-11.61
35193767_26575623_0,77.9990005493164,62.6,52.55,56.6,-15.4
35193767_16564353_0,72.98200225830078,61.96,51.77,54.85,-11.02
35210583_998859048_0,62.93299865722656,57.73,59.43,56.7,-5.2
35210583_12616427837_0,64.19400024414062,59.23,59.13,61.5,-4.96
35210583_35213496_0,62.58399963378906,59.31,61.77,56.25,-3.27
35210587_998859048_0,60.198001861572266,57.2,59.15,54.95,-3.0
35210587_25722248_0,62.92300033569336,57.8,53.42,58.6,-5.12
35210587_31923923_0,61.29800033569336,57.46,62.18,54.25,-3.84
35213496_35210583_0,62.58399963378906,59.31,61.77,56.25,-3.27
35213496_31923923_0,63.92900085449219,59.3,60.75,57.15,-4.63
35213497_35213506_0,59.43999862670898,55.18,54.18,50.85,-4.26
35213497_35213507_0,58.05099868774414,54.97,47.84,47.58,-3.08
35213500_35213496_0,57.76399993896485,57.29,62.64,53.9,-0.47
35213502_35213504_0,58.97800064086914,57.55,61.93,54.15,-1.43
35213502_31923923_0,64.05500030517578,59.5,62.45,58.8,-4.56
35213502_2502213116_0,63.36100006103516,58.97,58.29,60.9,-4.39
35213504_35213500_0,57.20600128173828,56.61,54.64,51.2,-0.6
35213506_35213507_0,57.65399932861328,55.13,53.75,50.6,-2.52
35213506_1513320537_0,62.31600189208984,56.93,61.01,59.62,-5.39
35213507_35213500_0,56.80699920654297,55.7,51.95,51.65,-1.11
35213513_35213527_0,53.84099960327149,54.85,49.2,49.42,1.01
35213513_35213497_0,56.94100189208984,55.0,51.22,50.29,-1.94
35213518_35213521_0,63.12900161743164,56.77,57.47,59.05,-6.36
35213521_35213539_0,62.69599914550781,56.35,55.19,53.35,-6.35
35213521_35213513_0,57.10300064086914,55.35,52.29,52.7,-1.75
35213523_35213518_0,62.68399810791016,56.18,54.09,58.9,-6.5
35213523_35213513_0,59.172000885009766,55.43,51.47,50.4,-3.74
35213527_35213528_0,58.82600021362305,55.03,46.01,45.12,-3.8
35213527_35213528_1,60.05500030517578,54.99,46.41,45.22,-5.07
35213527_35213513_0,53.84099960327149,54.89,49.72,48.88,1.05
35213528_35213527_0,58.82600021362305,55.03,46.01,45.12,-3.8
35213528_254772375_0,56.00299835205078,54.74,45.2,44.32,-1.26
35213535_35213539_0,59.14599990844727,56.11,47.87,50.1,-3.04
35213535_31917854_0,60.45299911499024,58.76,65.56,65.4,-1.69
35213539_35213547_0,60.33200073242188,56.61,52.61,52.85,-3.72
35213543_243089519_0,63.13100051879883,59.25,51.62,53.75,-3.88
35213543_35215586_0,57.71900177001953,55.94,53.77,53.5,-1.78
35213544_35213535_0,62.31700134277344,57.52,54.5,52.45,-4.8
35213547_35213548_0,61.1259994506836,57.7,53.51,53.35,-3.43
35213547_35213558_0,57.54899978637695,56.09,52.54,52.05,-1.46
35213547_35213544_0,59.62699890136719,56.02,43.91,50.8,-3.61
35213548_243089519_0,61.41999816894531,57.93,47.14,51.4,-3.49
35213548_35213543_0,59.63800048828125,58.57,51.22,52.9,-1.07
35213557_253871314_0,57.834999084472656,57.11,53.68,60.68,-0.72
35213557_35213560_0,60.05500030517578,55.96,53.1,52.95,-4.1
35213558_35213560_0,57.77000045776367,55.8,51.26,52.15,-1.97
35213558_13610524842_0,56.69900131225586,55.94,48.39,50.58,-0.76
35213560_35213562_0,59.95899963378906,56.08,49.79,51.3,-3.88
35213560_35213548_0,60.00199890136719,56.4,51.11,53.4,-3.6
35213560_35213557_0,60.05500030517578,55.96,53.1,52.95,-4.1
35213562_35222919_0,63.999000549316406,60.41,52.08,52.85,-3.59
35213564_253867585_0,55.9630012512207,56.18,48.76,51.6,0.22
35213564_35213543_0,62.86299896240234,59.58,56.09,53.9,-3.28
35213564_35213565_0,62.95000076293945,59.24,55.83,51.78,-3.71
35213565_35213562_0,60.979000091552734,59.14,54.05,52.75,-1.84
35213565_35213564_0,62.95000076293945,59.25,55.63,51.88,-3.7
35215561_35215562_0,65.64600372314453,58.42,59.57,65.95,-7.23
35215561_191988415_0,65.45700073242188,59.07,57.98,65.85,-6.39
35215562_35215578_0,59.04100036621094,54.22,52.43,58.6,-4.82
35215562_35215563_0,66.2750015258789,58.5,60.59,66.1,-7.78
35215562_35215561_0,65.64600372314453,58.42,59.57,65.95,-7.23
35215563_191988408_0,61.8849983215332,54.99,56.25,60.45,-6.89
35215563_35215565_0,65.02300262451172,58.18,58.4,66.15,-6.84
35215563_35215562_0,66.2750015258789,58.5,60.59,66.1,-7.78
35215565_35215582_0,57.78099822998047,53.38,55.42,58.6,-4.4
35215565_35215566_0,65.45700073242188,57.87,58.51,64.05,-7.59
35215565_35215563_0,65.02300262451172,58.18,58.4,66.15,-6.84
35215566_1513320567_0,65.41600036621094,60.54,64.41,64.4,-4.88
35215566_35215565_0,65.45700073242188,57.87,58.51,64.05,-7.59
35215575_1234187568_0,59.2239990234375,54.72,49.82,48.25,-4.5
35215575_243092180_0,43.22299957275391,52.68,44.52,47.9,9.46
35215576_35215575_0,56.59199905395508,53.12,49.0,48.45,-3.47
35215576_35215586_0,60.20800018310547,54.07,51.83,50.85,-6.14
35215578_35215581_0,55.994998931884766,53.47,49.09,48.0,-2.52
35215578_35215576_0,56.98099899291992,53.46,47.74,48.45,-3.52
35215580_35215581_0,49.16600036621094,53.14,49.51,49.1,3.97
35215580_35215576_0,53.27799987792969,53.23,45.73,46.95,-0.05
35215581_35215582_0,59.62200164794922,53.14,48.72,49.85,-6.48
35215581_35215563_0,57.86199951171875,53.72,52.68,58.6,-4.14
35215582_35220554_0,56.277000427246094,53.32,52.73,48.7,-2.96
35215582_35215580_0,59.94100189208984,53.04,45.54,45.95,-6.9
35215586_35215576_0,60.20800018310547,54.08,51.83,50.9,-6.13
35215586_35221958_0,57.90499877929688,55.11,51.52,54.1,-2.79
35216586_1340052119_0,62.44599914550781,62.21,53.41,58.7,-0.24
35216590_1034922644_0,69.03900146484375,64.42,65.77,62.4,-4.62
35216590_26584159_0,66.39800262451172,65.43,66.37,62.15,-0.97
35216590_1340052119_0,62.15900039672852,63.07,59.55,59.75,0.91
35216590_35216591_0,68.12000274658203,68.53,68.63,64.4,0.41
35216591_1034922644_0,67.52200317382812,64.59,63.2,62.8,-2.93
35216591_35216590_0,68.12000274658203,68.53,68.63,64.4,0.41
35216591_26726769_0,69.72699737548828,67.27,61.82,63.15,-2.46
35218653_1975440395_0,67.38700103759766,62.11,59.41,61.55,-5.28
35218653_35218660_0,66.33599853515625,61.55,60.22,58.25,-4.79
35218654_35218653_0,62.43899917602539,59.58,63.2,56.55,-2.86
35218655_35218684_0,66.7959976196289,64.15,62.34,64.0,-2.65
35218660_35218654_0,62.07899856567383,59.97,60.98,56.9,-2.11
35218660_35218655_0,66.71099853515625,62.86,60.09,63.2,-3.85
35218661_35218666_0,59.44499969482422,58.75,50.09,53.55,-0.69
35218663_35218661_0,59.86100006103516,58.8,50.2,53.8,-1.06
35218663_26726769_0,60.64400100708008,58.75,59.39,59.1,-1.89
35218664_35218667_0,60.42300033569336,57.5,53.59,51.42,-2.92
35218664_254347900_0,60.499000549316406,58.38,60.71,60.5,-2.12
35218664_494425777_0,59.69900131225586,56.98,49.32,52.58,-2.72
35218666_2356827774_0,60.92699813842773,58.95,53.27,53.55,-1.98
35218666_35218674_0,59.89699935913086,58.47,54.73,54.82,-1.43
35218667_35218664_0,60.42300033569336,57.51,53.59,51.42,-2.91
35218674_254348000_0,56.46599960327149,58.02,56.24,57.8,1.55
35218674_35218663_0,59.025001525878906,58.4,52.46,53.75,-0.63
35218684_8210566445_0,68.06999969482422,62.76,67.71,62.35,-5.31
35218684_25722261_0,69.18299865722656,64.93,63.16,64.6,-4.25
35218687_35218688_0,58.15900039672852,57.24,47.81,52.29,-0.92
35218687_254346821_0,59.20399856567383,57.21,47.98,52.05,-1.99
35218688_35218664_0,58.39400100708008,56.9,50.93,50.48,-1.49
35218688_35218684_0,60.18299865722656,59.27,60.89,61.55,-0.91
35220554_35221948_0,55.83700180053711,53.57,53.79,48.75,-2.27
35220554_35215566_0,56.89599990844727,53.72,63.85,58.5,-3.18
35220554_1485142477_0,57.8129997253418,53.37,54.81,48.0,-4.44
35220563_35220564_0,58.85300064086914,56.83,49.57,50.5,-2.02
35220564_35224286_0,49.16600036621094,57.29,51.37,51.65,8.12
35220564_35224310_0,55.23899841308594,57.77,49.18,59.95,2.53
35221946_322191190_0,62.53200149536133,56.83,58.06,61.5,-5.7
35221948_35221946_0,66.08100128173828,53.89,52.72,53.3,-12.19
35221948_35221952_0,55.79800033569336,53.61,53.53,48.65,-2.19
35221952_35221948_0,55.79800033569336,53.61,53.53,48.65,-2.19
35221958_35221969_0,59.220001220703125,54.45,45.79,48.58,-4.77
35221958_35221946_0,59.97200012207031,54.74,53.43,56.65,-5.23
35221969_35291579_0,57.86800003051758,54.49,45.87,48.65,-3.38
35221969_253852358_0,59.63100051879883,55.65,55.14,59.45,-3.98
35222916_35222919_0,60.983001708984375,59.51,53.34,55.05,-1.47
35222916_31923945_0,62.891998291015625,61.9,60.6,62.1,-0.99
35222919_35222972_0,57.72499847412109,56.0,46.68,50.45,-1.72
35222919_35222916_0,60.983001708984375,59.64,54.0,54.95,-1.34
35222952_253868084_0,55.48199844360352,54.71,44.71,44.9,-0.77
35222952_35213565_0,59.56700134277344,55.78,51.87,53.07,-3.79
35222969_35291577_0,58.52999877929688,54.79,50.01,50.47,-3.74
35222969_993523742_0,59.13600158691406,55.1,42.48,49.07,-4.04
35222972_35222978_0,57.89500045776367,56.43,50.7,51.17,-1.47
35222972_35224300_0,60.7400016784668,55.76,47.91,51.17,-4.98
35222978_8572425297_0,59.39500045776367,54.66,47.4,48.02,-4.74
35222978_35222916_0,60.02000045776367,56.94,54.27,55.85,-3.08
35224285_35224286_0,62.69200134277344,56.88,49.41,51.55,-5.81
35224285_35220563_0,59.89300155639648,57.34,46.7,51.65,-2.55
35224286_25478602_0,53.27000045776367,56.89,46.43,51.25,3.62
35224293_35224303_0,59.7599983215332,54.04,49.75,48.38,-5.72
35224293_529122835_0,58.00199890136719,54.26,46.45,46.3,-3.74
35224293_253868661_0,60.61299896240234,53.8,48.8,46.07,-6.81
35224300_35222969_0,58.869998931884766,55.46,52.01,50.72,-3.41
35224303_35224293_0,59.7599983215332,54.07,49.93,48.53,-5.69
35224303_35224300_0,60.19499969482422,54.67,51.46,50.27,-5.52
35224308_35224310_0,70.62899780273438,60.27,52.66,57.85,-10.36
35224308_25478602_0,55.81399917602539,58.34,54.88,60.15,2.53
35224310_35291288_0,68.6729965209961,58.94,56.74,61.25,-9.73
35224310_35224308_0,70.62899780273438,60.27,52.66,57.85,-10.36
35291282_868450596_0,71.98999786376953,61.11,65.49,64.9,-10.88
35291282_35291293_0,69.43399810791016,59.19,51.05,52.05,-10.24
35291288_35224310_0,68.6729965209961,58.94,56.74,61.25,-9.73
35291288_3923472452_0,69.9530029296875,59.09,60.68,60.85,-10.86
35291288_35291289_0,61.12200164794922,57.8,51.65,60.15,-3.32
35291289_35291288_0,61.12200164794922,57.8,51.65,60.15,-3.32
35291290_26740271_0,76.64299774169922,63.54,48.93,56.8,-13.1
35291291_35291294_0,65.6050033569336,57.79,60.13,52.95,-7.82
35291291_35291290_0,73.85399627685547,63.04,50.58,56.8,-10.81
35291292_35291290_0,56.96699905395508,58.76,58.22,54.15,1.79
35291292_35291294_0,61.8849983215332,57.95,54.62,53.25,-3.93
35291293_35291292_0,63.52399826049805,58.73,52.61,52.9,-4.79
35291293_3923472452_0,69.95999908447266,58.47,50.18,51.75,-11.49
35291294_35291297_0,61.99800109863281,57.44,50.11,52.3,-4.56
35291297_3923472452_0,57.95500183105469,57.57,52.82,53.8,-0.39
35291297_252466530_0,61.2859992980957,57.43,59.0,54.5,-3.86
35291569_35224303_0,58.43399810791016,54.0,50.44,50.12,-4.43
35291569_8572425297_0,61.1609992980957,53.9,45.59,46.23,-7.26
35291571_35291569_0,59.74599838256836,54.19,50.6,51.57,-5.56
35291571_35291575_0,58.91400146484375,55.98,51.27,50.42,-2.93
35291572_35291696_0,59.595001220703125,54.99,42.78,46.9,-4.61
35291572_35291574_0,58.917999267578125,54.55,46.91,45.98,-4.37
35291574_35291698_0,57.915000915527344,54.25,45.62,46.7,-3.67
35291574_35291579_0,56.3849983215332,55.26,46.75,48.92,-1.12
35291575_35291571_0,58.91400146484375,55.99,51.27,50.42,-2.92
35291575_240467585_0,59.78900146484375,54.43,49.77,50.02,-5.36
35291577_35291579_0,59.77099990844727,55.48,48.14,49.57,-4.29
35291577_35291575_0,59.757999420166016,54.83,45.39,47.05,-4.93
35291577_35222969_0,58.52999877929688,54.79,50.01,50.47,-3.74
35291579_35291574_0,56.3849983215332,55.14,45.47,48.67,-1.24
35291579_35291577_0,59.77099990844727,55.48,48.14,49.57,-4.29
35291696_35291572_0,59.595001220703125,54.99,42.78,46.9,-4.61
35291696_35291572_1,60.4119987487793,54.57,45.67,46.52,-5.84
35291696_35291698_0,60.23199844360352,54.48,44.93,46.52,-5.75
35291698_1171868956_0,60.2599983215332,55.09,47.92,49.49,-5.17
35291698_35291574_0,57.915000915527344,54.25,45.62,46.7,-3.67
35291698_35291696_0,60.23199844360352,54.48,44.93,46.52,-5.75
35291702_1472874878_0,59.96599960327149,53.05,48.13,43.45,-6.92
35291702_35291571_0,46.303001403808594,53.31,45.36,45.63,7.01
35335878_83650775_0,61.672000885009766,57.4,51.8,55.7,-4.27
35335878_13176502896_0,72.71299743652344,63.66,60.19,65.7,-9.05
35335878_13176504302_0,72.34400177001953,64.67,64.23,65.4,-7.67
35335880_130110237_0,61.44300079345703,57.62,54.38,52.12,-3.82
35335880_26729010_0,75.14299774169922,61.39,63.74,54.81,-13.75
35335883_32650340_0,61.266998291015625,59.49,55.92,55.08,-1.78
35335883_83761731_0,59.36100006103516,58.76,56.05,53.1,-0.6
35335888_349326546_0,68.83799743652344,61.72,56.53,55.85,-7.12
35335888_32650339_0,67.68099975585938,62.99,63.63,62.75,-4.69
35335888_83761731_0,60.99100112915039,60.82,59.86,59.58,-0.17
35335888_349326455_0,60.99399948120117,60.33,56.61,59.15,-0.66
35335890_82654500_0,72.88200378417969,63.22,59.76,62.75,-9.66
35335890_13295423007_0,71.74700164794922,65.68,63.53,64.75,-6.07
35335891_83650865_0,65.33699798583984,58.44,59.0,59.9,-6.9
35335891_35393053_0,72.8239974975586,61.56,62.49,62.88,-11.26
35335891_12439930987_0,73.20500183105469,61.94,60.7,62.78,-11.27
35393046_35393050_0,70.1449966430664,61.1,62.26,62.35,-9.04
35393046_2501428230_0,72.13200378417969,62.98,62.83,63.25,-9.15
35393046_83690514_0,65.91200256347656,57.48,59.26,55.32,-8.43
35393050_83650876_0,64.70999908447266,59.1,56.51,57.72,-5.61
35393050_35393046_0,70.1449966430664,61.1,62.26,62.35,-9.04
35393050_35393053_0,71.36799621582031,61.41,64.18,62.85,-9.96
35393053_324805474_0,65.99400329589844,56.78,60.47,59.05,-9.21
35393053_35441014_0,66.58599853515625,58.34,62.11,60.0,-8.25
35393053_35335891_0,72.8239974975586,61.56,62.49,62.88,-11.26
35393053_35393050_0,71.36799621582031,61.41,64.18,62.85,-9.96
35413414_25452878_0,64.93399810791016,59.96,58.98,61.25,-4.97
35413414_8794404135_0,69.3290023803711,63.33,60.01,62.1,-6.0
35413414_26289489_0,67.56600189208984,61.71,63.8,62.3,-5.86
35441009_324788955_0,71.59100341796875,59.98,62.54,56.85,-11.61
35441009_35441016_0,71.65899658203125,60.52,63.24,62.75,-11.14
35441011_35441012_0,59.874000549316406,55.75,59.08,54.5,-4.12
35441011_35335891_0,67.93199920654297,59.51,56.65,62.03,-8.42
35441012_35441015_0,49.34199905395508,57.6,52.95,56.79,8.26
35441014_83690520_0,59.54600143432617,55.77,60.48,52.9,-3.78
35441014_35441012_0,60.89500045776367,57.25,60.53,55.35,-3.65
35441015_35441009_0,57.62099838256836,56.3,56.43,58.45,-1.32
35441015_35446276_0,60.78300094604492,58.62,55.29,58.51,-2.16
35441016_82654499_0,64.0,59.2,63.77,61.65,-4.8
35441016_35441009_0,71.65899658203125,60.52,63.24,62.75,-11.14
35441016_82654500_0,71.79100036621094,61.72,63.91,63.2,-10.07
35441025_35441031_0,56.8380012512207,56.37,59.65,55.85,-0.47
35441025_35441016_0,64.02999877929688,57.65,59.79,60.95,-6.38
35441038_35441044_0,50.99399948120117,55.89,51.69,52.22,4.9
35441044_35441025_0,60.04100036621094,56.86,55.74,53.73,-3.18
35441045_35441038_0,53.358001708984375,56.43,56.17,52.28,3.07
35441045_35441044_0,50.42300033569336,56.44,56.79,53.2,6.02
35446276_82654496_0,63.15399932861328,58.22,58.41,61.8,-4.93
35446276_83690520_0,58.93399810791016,56.1,55.33,53.65,-2.83
35495876_10100374433_0,67.35299682617188,58.91,61.8,58.5,-8.44
35495876_29083975_0,66.9260025024414,59.26,61.21,60.95,-7.67
35496110_26084473_0,57.96200180053711,56.49,55.2,52.4,-1.47
35516374_195228_0,70.5790023803711,70.35,64.78,66.75,-0.23
35678468_25312144_0,62.641998291015625,58.1,60.13,57.85,-4.54
35678468_35678668_0,57.96900177001953,56.21,61.64,57.1,-1.76
35678468_712926919_0,63.13999938964844,58.69,60.65,58.35,-4.45
35678578_25312126_0,68.51300048828125,60.19,62.78,57.85,-8.32
35678578_25312129_0,69.33499908447266,60.09,64.09,57.75,-9.24
35678579_25312127_0,61.82400131225586,56.9,52.45,53.2,-4.92
35678579_35678578_0,57.79600143432617,57.45,61.64,55.5,-0.35
35678580_25312134_0,60.57500076293945,57.32,53.19,53.8,-3.26
35678580_35678579_0,58.073001861572266,56.47,52.6,52.9,-1.6
35678668_35678580_0,58.79999923706055,56.09,50.49,52.7,-2.71
35678668_25312136_0,64.10099792480469,56.35,59.19,54.05,-7.75
35678668_25312133_0,62.52099990844727,56.04,52.48,53.05,-6.48
35960757_832449658_0,72.49199676513672,63.02,60.23,64.05,-9.47
35960757_21510488_0,71.56400299072266,63.22,63.21,63.9,-8.34
35960758_832449690_0,73.46800231933594,66.0,61.68,63.85,-7.47
35960758_35960757_0,73.6240005493164,62.54,62.6,64.4,-11.08
35960758_4619742908_0,71.56600189208984,66.53,65.21,64.65,-5.04
35964716_26084253_0,61.78300094604492,58.48,60.54,61.85,-3.3
35964716_1102932059_0,57.48199844360352,57.42,56.39,57.2,-0.06
36163534_1577020309_0,68.73799896240234,59.05,61.16,59.25,-9.69
36163534_361643451_0,68.43699645996094,58.52,62.74,60.98,-9.92
36163534_2084363829_0,69.03800201416016,58.62,58.86,59.45,-10.42
36843098_8814622279_0,69.78500366210938,61.41,61.09,61.47,-8.38
36843098_8814683268_0,71.17400360107422,62.22,67.47,64.35,-8.95
36855706_1513320571_0,64.25499725341797,62.04,58.7,63.2,-2.21
36855706_987974102_0,61.797000885009766,60.17,57.98,62.25,-1.63
36855707_36855706_0,62.51499938964844,59.09,60.03,61.85,-3.42
36855707_1171869035_0,63.39500045776367,58.02,60.84,61.3,-5.38
36863014_36863018_0,69.16999816894531,60.26,66.56,61.85,-8.91
36863014_130185637_0,67.4800033569336,59.42,60.67,62.5,-8.06
36863014_191918624_0,64.31900024414062,59.56,67.69,62.7,-4.76
36863018_36863014_0,69.16999816894531,60.27,66.56,61.85,-8.9
36863018_10977638586_0,67.70999908447266,59.64,64.65,61.75,-8.07
36863022_10215727016_0,61.56100082397461,54.86,56.18,60.2,-6.7
36863022_191988425_0,64.01599884033203,57.89,62.46,61.3,-6.13
36863022_2927784180_0,65.97599792480469,59.09,61.69,65.5,-6.89
47147250_195228_0,72.8759994506836,67.12,65.07,65.15,-5.76
48808296_25611040_0,62.49800109863281,61.6,57.94,58.75,-0.9
48808296_26464256_0,59.29399871826172,61.29,52.41,55.6,2.0
48808296_26464257_0,57.9370002746582,61.12,51.82,55.65,3.18
48830472_208769069_0,58.80899810791016,58.81,45.65,53.05,0.0
48830472_55475052_0,59.44499969482422,58.06,44.33,52.6,-1.38
48833743_48833748_0,53.64500045776367,59.8,48.0,54.4,6.15
48833743_26086127_0,59.60599899291992,60.0,50.27,56.75,0.39
48833748_26086119_0,58.3129997253418,60.1,44.37,54.5,1.79
48837735_25468037_0,62.01900100708008,60.99,51.57,56.45,-1.03
48880059_48880067_0,59.43299865722656,61.2,52.24,55.3,1.77
48880059_25624145_0,58.59799957275391,61.16,50.19,56.05,2.56
48880063_48880059_0,59.887001037597656,61.39,48.79,56.25,1.5
48880065_48880063_0,60.13399887084961,61.33,49.58,56.5,1.2
48880067_48880065_0,59.91699981689453,61.2,54.76,55.05,1.28
48880085_25471741_0,45.5369987487793,61.91,56.25,58.3,16.37
48880085_48880089_0,60.57400131225586,62.25,57.23,57.7,1.68
48880089_25471743_0,58.89599990844727,61.79,52.22,57.45,2.89
48880089_48880096_0,60.55400085449219,62.42,51.13,58.0,1.87
48880093_48880085_0,59.76599884033203,62.38,57.51,57.5,2.61
48880096_48880093_0,60.68199920654297,62.58,53.54,57.9,1.9
48880096_253449740_0,58.90900039672852,62.9,54.75,56.75,3.99
48880114_1957527534_0,72.7969970703125,72.68,66.0,66.5,-0.12
48880118_25471743_0,58.45500183105469,61.54,54.22,55.65,3.08
52561455_26470078_0,58.67900085449219,56.19,50.4,56.65,-2.49
52561455_26470086_0,58.680999755859375,55.37,53.89,54.81,-3.31
52561460_26149151_0,57.92699813842773,54.98,55.93,53.7,-2.95
52561460_52561455_0,58.42699813842773,55.4,51.05,51.69,-3.03
52564033_26286762_0,65.86399841308594,56.27,51.54,55.5,-9.59
52564033_26286759_0,71.2030029296875,58.43,55.92,55.0,-12.77
54150955_303505093_0,68.79199981689453,63.01,62.97,63.57,-5.78
54150955_2501428230_0,73.16899871826172,64.4,66.93,64.15,-8.77
54150955_11966306052_0,68.43000030517578,60.47,62.14,62.98,-7.96
54803122_54803125_0,58.7400016784668,59.7,47.29,52.8,0.96
54803125_26086123_0,57.13999938964844,59.84,41.04,50.8,2.7
55463824_25611411_0,73.07599639892578,61.75,62.92,64.2,-11.33
59640013_843129903_0,70.25499725341797,65.97,65.69,65.9,-4.28
59640013_25470917_0,58.76900100708008,60.06,57.78,63.7,1.29
59640013_25549077_0,72.22799682617188,64.79,64.77,66.35,-7.44
59640015_25471028_0,54.05199813842773,60.16,64.93,63.7,6.11
59640015_59654818_0,71.7969970703125,63.32,65.2,67.1,-8.48
59640015_25547441_0,70.58599853515625,63.58,62.54,63.4,-7.01
59640254_25547441_0,71.35299682617188,63.49,62.67,65.8,-7.86
59640254_843129903_0,70.69000244140625,64.25,63.1,66.95,-6.44
59640255_59640254_0,59.91699981689453,58.54,66.7,62.65,-1.38
59640255_25470917_0,66.23899841308594,61.46,64.78,63.3,-4.78
59640255_25471028_0,71.31900024414062,61.34,59.05,63.1,-9.98
59654811_59654812_0,59.54100036621094,58.62,54.52,53.1,-0.92
59654811_21604585_0,58.9630012512207,59.82,60.9,57.1,0.86
59654812_59654811_0,59.54100036621094,58.62,54.52,53.1,-0.92
59654812_8147160894_0,55.43000030517578,58.05,54.21,54.65,2.62
59654817_2587605830_0,70.87699890136719,66.68,63.9,65.15,-4.2
59654817_10705432732_0,71.677001953125,63.51,65.57,65.2,-8.17
59654818_59654812_0,57.61399841308594,58.3,60.87,58.85,0.69
59654818_25547436_0,71.66100311279297,63.69,65.72,66.6,-7.97
59654818_59640015_0,71.7969970703125,63.32,65.2,67.1,-8.48
59654819_59654823_0,57.14500045776367,57.69,56.34,53.25,0.54
59654823_59654819_0,57.14500045776367,57.69,56.34,53.25,0.54
59654823_59654811_0,57.303001403808594,58.18,54.62,52.3,0.88
59654829_2465004217_0,60.305999755859375,58.79,56.29,57.5,-1.52
59654829_59654817_0,60.49700164794922,59.89,63.8,62.82,-0.61
59654830_2465004217_0,58.90700149536133,58.87,56.94,57.45,-0.04
59654830_8149518874_0,59.560001373291016,59.96,59.79,60.9,0.4
59654830_2465004181_0,58.31399917602539,58.44,54.81,55.8,0.13
60755977_1655683917_0,63.84799957275391,62.12,62.77,64.2,-1.73
60755977_6919391600_0,62.56800079345703,62.67,63.32,64.08,0.1
60756023_3840413118_0,71.21499633789062,66.97,62.61,60.15,-4.24
60756023_3842221809_0,70.88800048828125,65.51,59.05,51.0,-5.38
62026451_6990640984_0,75.29000091552734,68.62,64.0,64.65,-6.67
62026530_62026451_0,73.0479965209961,68.27,64.87,64.9,-4.78
62026530_2571377366_0,71.34300231933594,58.99,66.54,64.5,-12.35
62026553_3020982382_0,74.38899993896484,65.99,63.51,62.95,-8.4
80311393_33066088_0,70.87100219726562,65.83,64.84,65.8,-5.04
80311393_26086124_0,72.1969985961914,66.98,56.14,61.55,-5.22
82527987_26012483_0,61.66899871826172,56.12,58.41,53.25,-5.55
82527987_13293499343_0,62.5620002746582,57.37,61.02,53.6,-5.19
82529528_13371854291_0,71.28099822998047,66.08,62.09,63.75,-5.2
82654496_324782812_0,60.55899810791016,59.08,55.98,62.73,-1.48
82654496_13293499341_0,62.915000915527344,55.82,55.26,54.5,-7.1
82654499_324782808_0,61.79499816894531,59.72,55.46,61.1,-2.07
82654500_35335890_0,72.88200378417969,63.22,59.76,62.75,-9.66
82654500_35441016_0,71.79100036621094,61.72,63.91,63.2,-10.07
83650686_83650690_0,62.46799850463867,54.39,45.69,47.45,-8.08
83650690_10949089239_0,60.56700134277344,54.4,45.8,46.1,-6.17
83650690_83654737_0,63.0260009765625,54.57,46.98,46.6,-8.46
83650693_83650775_0,69.75199890136719,57.05,58.07,58.12,-12.7
83650693_26728929_0,63.45100021362305,56.57,55.61,58.0,-6.88
83650775_302790938_0,69.58699798583984,56.51,53.45,51.3,-13.08
83650815_83655164_0,58.98899841308594,56.68,56.97,53.24,-2.31
83650815_83650820_0,60.23099899291992,56.36,56.14,52.22,-3.87
83650820_83650824_0,49.18000030517578,55.49,52.91,51.11,6.31
83650824_83655158_0,59.47700119018555,55.39,53.4,49.85,-4.09
83650824_83654737_0,59.68000030517578,54.69,52.18,47.95,-4.99
83650847_83650852_0,58.45199966430664,56.01,57.42,52.92,-2.44
83650847_83650815_0,59.6609992980957,56.81,60.58,53.38,-2.85
83650847_324805474_0,61.65299987792969,56.53,53.26,51.58,-5.12
83650852_83650820_0,58.071998596191406,55.7,54.67,52.88,-2.37
83650865_83650847_0,58.858001708984375,57.16,57.03,55.21,-1.7
83650872_83650865_0,60.73899841308594,57.03,53.71,55.16,-3.71
83650872_83650852_0,57.97999954223633,55.95,52.86,53.33,-2.03
83650876_83657066_0,71.0479965209961,58.7,65.28,55.5,-12.35
83650876_35393050_0,64.70999908447266,59.1,56.51,57.72,-5.61
83650876_13671872498_0,64.60900115966797,56.85,60.44,53.35,-7.76
83650885_83650891_0,61.28900146484375,59.95,61.38,56.9,-1.34
83650885_302790938_0,69.78199768066406,57.7,55.4,52.61,-12.08
83650885_2317533018_0,70.04100036621094,59.07,58.77,55.72,-10.97
83650891_13176504302_0,73.09700012207031,64.53,63.07,64.55,-8.57
83650891_32650340_0,73.52400207519531,66.89,59.24,64.65,-6.63
83650897_1715950508_0,69.4520034790039,58.17,66.01,64.0,-11.28
83650897_4517945997_0,58.66899871826172,54.92,55.03,56.95,-3.75
83650900_4517945997_0,49.29600143432617,56.58,46.78,54.75,7.28
83650900_32650350_0,69.83599853515625,59.89,49.81,54.85,-9.95
83654737_83655158_0,61.297000885009766,55.65,49.8,49.25,-5.65
83655158_83650824_0,59.47700119018555,55.39,53.4,49.85,-4.09
83655158_83655164_0,59.345001220703125,56.95,54.63,49.65,-2.4
83655164_83650815_0,58.98899841308594,56.68,56.97,53.24,-2.31
83655164_83655264_0,62.20000076293945,57.79,58.73,55.4,-4.41
83655164_83655158_0,59.345001220703125,56.95,54.63,49.65,-2.4
83655264_83657052_0,63.507999420166016,57.21,64.37,54.65,-6.3
83655264_83655164_0,62.20000076293945,57.79,58.73,55.4,-4.41
83655264_83657546_0,71.7509994506836,59.5,65.01,60.34,-12.25
83655264_83657066_0,68.47799682617188,58.68,65.47,55.8,-9.8
83655266_83650872_0,50.77000045776367,55.97,58.01,56.24,5.2
83655266_12439930987_0,68.66999816894531,56.88,57.45,55.3,-11.79
83657052_83657076_0,62.31600189208984,55.65,52.16,50.55,-6.67
83657052_83655264_0,63.507999420166016,57.21,64.37,54.65,-6.3
83657056_83657052_1,67.03500366210938,55.48,53.46,50.6,-11.56
83657066_83650876_0,71.0479965209961,58.7,65.28,55.5,-12.35
83657066_83655264_0,68.47799682617188,58.68,65.47,55.8,-9.8
83657070_83657088_0,60.95100021362305,57.0,59.72,58.55,-3.95
83657070_83657066_0,59.87799835205078,56.26,62.09,53.75,-3.62
83657070_83657081_0,61.72100067138672,55.62,51.97,49.55,-6.1
83657076_83657070_0,60.229000091552734,56.1,55.77,51.04,-4.13
83657076_83657081_0,61.108001708984375,55.36,51.23,49.0,-5.75
83657081_83657076_0,61.108001708984375,55.36,51.23,49.0,-5.75
83657081_83657056_0,61.45199966430664,54.7,50.86,49.0,-6.75
83657088_35393046_0,66.7509994506836,59.15,60.9,60.5,-7.6
83657546_1463837300_0,71.03500366210938,55.86,54.99,56.15,-15.18
83657546_32650982_0,74.50399780273438,61.8,63.62,62.0,-12.7
83657546_83655264_0,71.7509994506836,59.49,65.07,60.34,-12.26
83657546_1715948234_0,71.74299621582031,60.7,59.19,61.03,-11.04
83690514_35393046_0,65.91200256347656,57.48,59.26,55.32,-8.43
83690518_83690514_0,58.83300018310547,55.18,55.43,51.7,-3.65
83690518_35393050_0,60.6619987487793,56.42,53.92,55.8,-4.24
83690518_324805478_0,58.43299865722656,54.84,48.76,49.75,-3.59
83690520_83690518_0,59.37200164794922,55.18,52.51,49.69,-4.19
83700539_83703883_0,72.93199920654297,68.64,59.71,64.45,-4.29
83700568_83700578_0,73.23500061035156,64.57,63.03,64.4,-8.67
83700568_13699958374_0,73.23500061035156,67.29,67.39,64.4,-5.95
83700573_13125043912_1,71.13200378417969,66.88,66.21,64.65,-4.25
83700575_324802532_0,72.33100128173828,62.21,64.78,64.25,-10.12
83700575_2872708310_0,82.56199645996094,71.23,66.08,64.35,-11.33
83700578_83700580_0,71.41799926757812,64.72,63.43,64.1,-6.7
83700580_35335890_0,72.27100372314453,64.44,62.64,63.85,-7.83
83700580_324802532_0,65.20899963378906,60.07,61.38,62.85,-5.14
83703883_13124693234_0,72.87100219726562,67.77,64.86,63.45,-5.1
83704446_13325884864_0,72.13400268554688,63.92,55.05,58.8,-8.21
83761715_349326546_0,69.66400146484375,61.93,60.88,59.65,-7.73
83761715_83761726_0,77.49700164794922,63.11,65.51,63.23,-14.39
83761715_4525344027_0,77.06900024414062,67.9,60.99,63.9,-9.17
83761726_129940278_0,74.71900177001953,63.06,64.02,64.02,-11.66
83761726_83761715_0,77.49700164794922,63.1,65.51,63.23,-14.4
83761731_83761726_0,59.97800064086914,59.86,62.32,56.1,-0.12
83761731_35335888_0,60.99100112915039,60.83,59.23,59.52,-0.16
83761733_83761738_0,75.4020004272461,64.11,67.14,61.92,-11.29
83761733_4525344025_0,75.3550033569336,61.21,60.66,61.08,-14.15
83761738_83761748_0,75.20500183105469,66.06,59.64,58.48,-9.15
83761748_83761769_0,79.63899993896484,65.72,57.07,57.58,-13.92
83761769_1908961868_0,74.88899993896484,65.63,55.29,56.61,-9.26
83761778_83761789_0,74.85700225830078,63.71,55.57,59.29,-11.15
83761789_83761800_0,79.3010025024414,64.02,61.98,61.02,-15.28
83761800_83761733_0,77.20500183105469,64.32,61.72,61.52,-12.89
83761905_83762474_0,73.18499755859375,66.72,64.99,64.65,-6.46
83761926_4670515495_0,70.822998046875,62.39,58.13,57.85,-8.43
83761926_83761949_0,72.23400115966797,64.77,62.7,59.95,-7.46
83761949_83762474_0,71.14900207519531,66.01,69.9,64.4,-5.14
83761949_2813105657_0,60.94200134277344,57.46,56.06,54.5,-3.48
83761949_83761976_0,72.33399963378906,63.77,64.02,63.15,-8.56
83761976_83761778_0,73.3489990234375,63.67,57.39,56.25,-9.68
83762462_83761926_0,72.36199951171875,67.9,62.49,64.7,-4.46
83762468_83762462_0,72.99600219726562,68.24,60.35,64.55,-4.76
83762468_83761949_0,71.51899719238281,66.36,71.11,64.25,-5.16
83762474_83762468_0,73.46700286865234,68.36,66.04,64.75,-5.11
83762474_83762515_0,75.4260025024414,64.57,56.31,60.55,-10.86
83762515_83762519_0,74.50599670410156,66.51,60.63,62.7,-8.0
83762515_83772662_0,71.8010025024414,62.02,63.51,64.15,-9.78
83762519_83762468_0,73.13500213623047,66.13,59.31,60.0,-7.01
83762519_83762462_0,73.13500213623047,66.31,57.79,61.9,-6.83
83772662_83762515_0,71.8010025024414,62.01,63.84,64.15,-9.79
83772662_83772669_0,70.5469970703125,64.05,53.03,59.85,-6.5
83772662_83772670_0,70.33599853515625,64.07,60.08,63.9,-6.27
83772669_83772687_0,69.58799743652344,64.58,61.45,65.75,-5.01
83772670_83772669_0,69.49700164794922,62.7,58.9,65.55,-6.8
83772670_83772709_0,70.41799926757812,59.71,61.36,64.6,-10.71
83772670_83772662_0,70.33599853515625,64.07,60.08,63.9,-6.27
83772675_12645083995_0,72.03500366210938,61.91,58.64,60.15,-10.13
83772675_83772676_0,71.41500091552734,64.99,63.32,60.55,-6.43
83772675_1788996611_0,71.91300201416016,60.14,60.38,55.75,-11.77
83772676_83772670_0,69.98899841308594,63.85,61.87,64.85,-6.14
83772687_118273043_0,70.79900360107422,65.03,60.62,66.25,-5.77
83772709_83772670_0,70.41799926757812,59.71,61.36,64.6,-10.71
83772709_10099342769_0,64.37999725341797,56.86,53.95,53.78,-7.52
83772709_2404539296_0,69.60700225830078,58.29,54.31,53.25,-11.32
83772709_83772726_0,73.04000091552734,59.18,46.85,55.4,-13.86
83772709_206192615_0,70.01000213623047,58.54,59.86,59.12,-11.47
83772726_83774500_0,71.23500061035156,57.98,64.32,64.75,-13.26
83772726_83772709_0,73.04000091552734,59.1,46.77,55.4,-13.94
83774500_1511085512_0,67.80999755859375,57.05,65.22,64.45,-10.76
83774500_83772726_0,71.23500061035156,57.98,64.32,64.75,-13.26
84458458_84458462_0,72.02100372314453,60.54,55.72,59.9,-11.48
84458458_2407541523_0,72.9540023803711,61.13,51.24,60.15,-11.82
84463207_4670515495_0,71.46900177001953,59.52,58.94,58.1,-11.95
88274580_13256918436_0,58.1619987487793,52.3,53.74,47.7,-5.86
93856091_8218182127_0,59.22800064086914,59.85,61.57,59.85,0.62
93856091_2587605830_0,66.93699645996094,63.21,60.15,63.35,-3.73
93856096_93856100_0,57.382999420166016,59.83,60.58,62.05,2.45
93856096_93856102_0,59.12300109863281,59.07,56.54,56.95,-0.05
93856100_93856096_0,57.382999420166016,59.83,60.58,62.05,2.45
93856100_93856105_0,71.50599670410156,62.82,61.85,61.25,-8.69
93856100_5456383765_0,70.05899810791016,63.78,64.65,63.35,-6.28
93856102_93856105_0,57.84700012207031,59.84,56.15,61.4,1.99
93856102_93856091_0,60.367000579833984,60.34,62.21,62.4,-0.03
93856105_415904109_0,70.78600311279297,62.24,60.5,62.05,-8.55
93856105_93856100_0,71.50599670410156,62.82,61.85,61.25,-8.69
95836805_8771456495_0,69.0260009765625,70.66,66.73,66.25,1.63
95836805_26058995_0,65.93599700927734,64.46,65.95,61.2,-1.48
103755060_21702438_0,69.8219985961914,69.81,68.93,67.15,-0.01
103755060_21604594_0,71.88600158691406,70.86,70.81,67.15,-1.03
103771069_8560978660_0,75.18499755859375,68.25,65.76,65.6,-6.93
103771069_1042501525_0,75.37100219726562,67.68,65.25,65.25,-7.69
103794935_25149523_0,64.58499908447266,59.1,58.99,60.35,-5.48
118272929_2439485671_0,72.54100036621094,60.28,53.85,57.88,-12.26
118272929_129940282_0,64.97599792480469,56.2,56.97,52.49,-8.78
118272929_252156006_0,72.48999786376953,61.99,59.89,62.8,-10.5
118273028_83772675_0,70.66400146484375,63.79,62.65,66.1,-6.87
118273028_529913055_0,62.72999954223633,55.65,52.04,47.75,-7.08
118273028_206188645_0,68.94999694824219,62.94,61.68,64.05,-6.01
118273043_118273028_0,71.44599914550781,64.74,61.69,66.1,-6.71
129940278_129940279_0,62.20199966430664,57.87,59.39,55.2,-4.33
129940278_130110237_0,63.0359992980957,58.62,59.71,59.55,-4.42
129940278_252155997_0,71.46199798583984,60.22,61.36,61.18,-11.24
129940278_130110239_0,75.55500030517578,61.12,64.06,61.5,-14.44
129940278_83761726_0,74.71900177001953,63.06,64.02,64.02,-11.66
129940279_252155997_0,65.72899627685547,61.83,60.38,57.68,-3.9
129940279_130110240_0,62.98099899291992,59.82,57.5,57.26,-3.16
129940282_2439485671_0,65.74099731445312,54.87,54.93,54.42,-10.87
129940282_129940285_0,60.98199844360352,55.01,52.25,49.9,-5.97
129940283_130110241_0,60.56600189208984,56.13,53.57,53.4,-4.44
129940283_129940285_0,61.09199905395508,55.69,48.57,53.65,-5.4
129940285_349323431_0,64.65899658203125,56.36,54.27,54.9,-8.3
129940285_129940279_0,61.74300003051758,56.65,57.48,55.25,-5.09
129940286_130110243_0,64.03900146484375,59.24,56.59,59.55,-4.8
129940286_129940282_0,60.84000015258789,55.01,51.95,59.05,-5.83
129940286_29980173_0,64.11100006103516,57.74,47.84,53.4,-6.37
130110237_13176504302_0,60.79999923706055,58.79,56.47,56.92,-2.01
130110239_35335880_0,76.0009994506836,60.69,60.74,54.63,-15.31
130110240_130110239_0,61.08000183105469,57.03,59.04,55.48,-4.05
130110240_129940279_0,62.98099899291992,59.82,57.5,57.26,-3.16
130110240_130110242_0,70.16500091552734,57.96,58.08,56.05,-12.21
130110241_129940279_0,61.95700073242188,57.34,57.27,55.6,-4.62
130110241_130110240_0,61.79999923706055,56.41,59.16,53.9,-5.39
130110242_130110240_0,70.16500091552734,57.96,58.08,56.05,-12.21
130110242_130110243_0,60.10699844360352,56.6,54.42,54.2,-3.51
130110242_29980115_0,67.04199981689453,58.62,53.5,58.75,-8.42
130110243_129940286_0,64.03900146484375,59.24,56.59,59.55,-4.8
130110243_129940283_0,60.52000045776367,57.11,53.99,54.35,-3.41
130143380_987974102_0,65.22200012207031,61.75,56.91,58.0,-3.47
130143380_1171868956_0,60.30699920654297,57.31,55.88,56.7,-3.0
130143380_130143381_0,61.0099983215332,60.99,56.03,57.35,-0.02
130143381_130144380_0,64.1050033569336,60.18,52.98,57.2,-3.93
130143384_130143404_0,57.54600143432617,55.84,62.34,55.75,-1.71
130143384_130143385_0,63.04100036621094,58.61,59.59,57.45,-4.43
130143385_130143386_0,62.119998931884766,58.7,55.66,58.0,-3.42
130143385_130143396_0,59.85599899291992,55.85,64.04,55.65,-4.01
130143386_253416092_0,60.01800155639648,57.05,55.56,55.7,-2.97
130143386_130143387_0,62.72700119018555,58.06,56.56,57.52,-4.67
130143387_130143401_0,58.45500183105469,55.66,59.29,56.3,-2.8
130143387_253416990_0,61.571998596191406,58.1,54.55,61.8,-3.47
130143391_21674822_0,66.26399993896484,59.82,54.51,57.0,-6.44
130143392_191988217_0,59.39300155639648,53.64,50.93,50.34,-5.75
130143394_130143395_0,60.62799835205078,55.43,60.62,55.8,-5.2
130143394_130143403_0,65.24099731445312,56.45,62.8,57.1,-8.79
130143395_253416306_0,60.83200073242188,56.28,53.33,54.49,-4.55
130143395_130143398_0,60.59099960327149,55.14,54.61,52.2,-5.45
130143396_130143399_0,59.507999420166016,56.09,53.82,54.4,-3.42
130143396_130143405_0,58.96599960327149,55.62,56.05,52.9,-3.35
130143396_130143397_0,59.617000579833984,55.35,51.25,53.11,-4.27
130143397_130143406_0,58.979000091552734,55.66,49.36,51.99,-3.32
130143397_130143400_0,58.50199890136719,55.33,51.14,50.35,-3.17
130143398_130143420_0,58.46500015258789,55.95,61.33,61.4,-2.52
130143399_130143386_0,59.84199905395508,55.99,58.92,55.15,-3.85
130143399_130143401_0,59.29499816894531,55.88,50.83,54.85,-3.41
130143399_130143396_0,59.507999420166016,56.09,53.82,54.4,-3.42
130143400_130143399_0,58.03900146484375,55.32,52.64,52.91,-2.72
130143400_130143397_0,58.50199890136719,55.33,51.14,50.35,-3.17
130143400_130143402_0,59.18999862670898,54.77,50.97,50.1,-4.42
130143401_130143402_0,58.994998931884766,55.17,51.12,51.11,-3.82
130143401_130144269_0,57.91699981689453,55.69,50.36,59.1,-2.23
130143401_130143399_0,59.29499816894531,55.88,50.83,54.85,-3.41
130143402_130143400_0,59.18999862670898,54.77,50.97,50.1,-4.42
130143402_253417073_0,58.499000549316406,54.89,50.61,50.75,-3.61
130143403_191988226_0,64.7699966430664,56.9,63.54,56.51,-7.87
130143404_130143403_0,59.43199920654297,55.66,62.64,55.96,-3.77
130143404_130143395_0,62.03799819946289,55.83,57.8,53.25,-6.21
130143405_130143384_0,59.54199981689453,55.61,60.99,54.85,-3.93
130143405_130143396_0,58.96599960327149,55.62,56.05,52.9,-3.35
130143405_1328321035_0,59.54600143432617,55.63,53.46,53.29,-3.92
130143406_130143405_0,59.79199981689453,55.38,51.29,53.36,-4.41
130143406_130143397_0,58.979000091552734,55.66,49.36,51.99,-3.32
130143406_1171867500_0,60.54999923706055,55.61,49.5,51.8,-4.94
130143409_1328321035_0,60.88999938964844,56.06,45.86,52.85,-4.83
130143410_130143413_0,65.9739990234375,57.78,61.48,61.1,-8.19
130143410_130143420_0,60.119998931884766,59.61,60.13,60.2,-0.51
130143410_191918644_0,64.24800109863281,58.47,64.02,62.4,-5.78
130143413_191988222_0,66.08399963378906,56.83,61.55,57.56,-9.25
130143413_191988214_0,57.99300003051758,54.92,58.59,57.4,-3.07
130143417_1171869062_0,61.05099868774414,54.43,56.6,55.0,-6.62
130143417_253414917_0,63.97600173950195,53.96,54.9,52.95,-10.02
130143420_253416990_0,60.277000427246094,59.19,62.09,61.1,-1.09
130144266_12035934861_0,57.983001708984375,57.92,48.42,52.8,-0.06
130144266_130143381_0,58.46799850463867,59.29,56.14,56.5,0.82
130144266_230047436_0,42.96799850463867,59.12,52.22,52.5,16.15
130144267_253415591_0,59.2130012512207,55.6,47.33,52.4,-3.61
130144267_1328321035_0,60.27799987792969,55.69,51.28,53.29,-4.59
130144267_130144380_0,60.45500183105469,56.68,57.86,55.6,-3.78
130144269_130143401_0,57.91699981689453,55.69,50.36,59.1,-2.23
130144269_130144270_0,59.87699890136719,56.18,51.44,59.35,-3.7
130144269_253417073_0,58.38800048828125,55.69,52.65,59.37,-2.7
130144270_253417301_0,61.23500061035156,55.38,54.84,52.55,-5.86
130144270_130144269_0,59.87699890136719,56.18,51.44,59.35,-3.7
130144270_130144271_0,58.79800033569336,56.1,54.26,54.55,-2.7
130144271_130144275_0,60.74399948120117,58.04,58.57,56.9,-2.7
130144271_130144273_0,61.19300079345703,58.02,54.01,55.9,-3.17
130144273_130144277_0,60.39300155639648,56.21,53.41,54.45,-4.18
130144275_253417218_0,60.06600189208984,56.36,59.02,57.0,-3.71
130144275_130144276_0,63.51499938964844,59.78,58.77,57.85,-3.73
130144276_130144273_0,60.51800155639648,57.83,58.92,56.35,-2.69
130144276_130143391_0,61.38999938964844,58.33,61.93,58.15,-3.06
130144277_253417301_0,62.50400161743164,58.1,55.45,53.05,-4.4
130144277_130144278_0,60.61600112915039,56.18,54.16,53.55,-4.44
130144278_252502668_0,59.9630012512207,55.44,51.15,53.85,-4.52
130144278_130144297_0,58.292999267578125,55.31,53.73,53.3,-2.98
130144278_130144295_0,58.90700149536133,55.65,49.59,52.7,-3.26
130144278_130144277_0,60.61600112915039,56.18,54.16,53.55,-4.44
130144281_1468823679_0,73.76300048828125,64.84,63.63,62.1,-8.92
130144290_130144295_0,63.33399963378906,55.36,47.68,49.95,-7.97
130144295_130144278_0,58.90700149536133,55.64,49.59,52.7,-3.27
130144295_21674822_0,58.49700164794922,56.36,57.57,54.15,-2.14
130144297_130144387_0,59.12200164794922,54.39,46.2,46.47,-4.73
130144380_2922474452_0,63.27799987792969,58.79,58.19,56.7,-4.49
130144381_1171867500_0,60.15800094604492,55.25,47.84,51.32,-4.91
130144381_130144267_0,58.007999420166016,55.6,47.49,53.24,-2.41
130144387_252502668_0,58.28900146484375,54.88,48.83,49.2,-3.41
130144387_5889927418_0,44.64500045776367,55.19,44.24,53.1,10.54
130185637_130185639_0,66.53199768066406,57.83,60.27,60.25,-8.7
130185637_36863014_0,67.4800033569336,59.43,61.26,62.3,-8.05
130185639_243785953_0,59.12300109863281,57.42,64.08,58.45,-1.7
130185639_191988249_0,59.40700149536133,55.82,57.83,55.2,-3.59
130185639_2073932346_0,67.97000122070312,58.29,63.69,57.8,-9.68
130185639_130185637_0,66.53199768066406,57.83,60.27,60.25,-8.7
130185640_191988291_0,63.42399978637695,58.19,63.66,63.3,-5.23
130185640_243786720_0,61.31999969482422,57.88,60.04,59.55,-3.44
130185640_8576486926_0,67.34600067138672,59.11,62.27,59.85,-8.24
158244562_775494838_0,58.61399841308594,55.81,59.77,54.8,-2.8
158244562_26583690_0,60.92300033569336,56.59,55.57,55.2,-4.33
165860035_25468304_0,73.73999786376953,62.83,66.31,63.55,-10.91
165860035_980961157_0,73.06999969482422,63.34,59.5,65.1,-9.73
165860082_165860141_0,68.30799865722656,59.11,64.48,61.3,-9.2
165860082_8820230151_0,74.50599670410156,65.13,66.72,64.75,-9.38
165860082_165860094_0,74.19599914550781,64.17,68.15,65.8,-10.03
165860094_165860133_0,66.78800201416016,58.41,58.55,53.93,-8.38
165860094_980961157_0,74.5270004272461,63.54,64.88,65.25,-10.99
165860094_165860082_0,74.19599914550781,64.17,68.15,65.8,-10.03
165860133_980961334_0,64.12100219726562,58.19,58.4,58.45,-5.93
165860141_165860133_0,62.62699890136719,58.11,59.22,59.05,-4.52
165860141_165860082_0,68.30799865722656,59.11,64.48,61.3,-9.2
173030870_601393124_0,76.21600341796875,65.76,60.61,61.28,-10.46
173030870_25468305_0,73.97699737548828,67.34,67.5,64.0,-6.64
175379380_7469500_0,74.55400085449219,70.72,63.58,65.5,-3.83
187824746_1400900990_0,46.422000885009766,56.94,52.48,56.55,10.52
187824746_18232186_0,58.61399841308594,58.45,60.57,60.4,-0.16
190131566_6261544707_0,60.90499877929688,54.02,52.98,53.2,-6.88
190131566_25312477_0,67.7040023803711,57.35,60.69,57.5,-10.35
190131566_13730581237_0,68.28800201416016,56.67,57.13,54.7,-11.62
191918576_191918644_0,65.88200378417969,62.49,61.47,63.1,-3.39
191918576_191918624_0,65.88200378417969,62.38,61.44,63.1,-3.5
191918582_191918587_0,59.09799957275391,55.67,54.59,61.05,-3.43
191918582_192085440_0,60.512001037597656,57.62,62.36,61.6,-2.89
191918582_6389351316_0,60.81999969482422,60.21,62.77,63.3,-0.61
191918587_191918582_0,59.09799957275391,55.69,54.59,61.5,-3.41
191918587_191918596_0,58.87099838256836,55.12,48.33,48.85,-3.75
191918587_256992788_0,41.55899810791016,54.61,40.85,46.75,13.05
191918596_191918587_0,58.87099838256836,55.11,48.33,48.85,-3.76
191918596_192085503_0,58.28799819946289,55.05,49.82,50.15,-3.24
191918596_192085457_0,57.67699813842773,55.07,47.36,48.75,-2.61
191918598_192085503_0,59.32699966430664,55.24,47.23,48.45,-4.09
191918598_192085493_0,58.63100051879883,55.01,47.26,47.35,-3.62
191918598_192085499_0,57.48600006103516,54.43,47.36,48.05,-3.06
191918598_2073912461_0,59.54100036621094,55.29,50.01,47.55,-4.25
191918601_191988390_0,61.88399887084961,60.75,64.26,64.0,-1.13
191918601_31917854_0,64.71199798583984,64.02,65.99,65.45,-0.69
191918607_191988390_0,62.03499984741211,58.25,59.68,58.25,-3.78
191918607_988334561_0,60.1609992980957,58.42,65.44,58.05,-1.74
191918612_191988400_0,54.459999084472656,55.18,61.41,54.8,0.72
191918612_191918615_0,59.90599822998047,57.06,66.29,62.3,-2.85
191918615_191988434_0,60.11100006103516,56.7,63.79,62.8,-3.41
191918620_191988132_0,59.678001403808594,56.46,61.56,57.5,-3.22
191918624_191918576_0,65.88200378417969,62.38,61.44,63.1,-3.5
191918624_191918630_0,62.3849983215332,59.13,60.09,61.45,-3.25
191918624_36863014_0,64.31900024414062,59.56,67.69,62.7,-4.76
191918630_36863018_0,59.604000091552734,56.08,59.12,60.35,-3.52
191918644_191918576_0,65.88200378417969,62.49,61.47,63.1,-3.39
191918644_130143410_0,64.24800109863281,58.47,64.02,62.4,-5.78
191988125_191988132_0,57.39400100708008,54.76,57.28,52.85,-2.63
191988125_191988435_0,58.62799835205078,56.21,64.71,58.45,-2.42
191988132_191988125_0,57.39400100708008,54.76,57.28,52.85,-2.63
191988132_241596086_0,59.31800079345703,56.59,62.93,62.45,-2.73
191988135_191918615_0,58.38100051879883,54.96,59.1,59.4,-3.42
191988135_988334554_0,59.89599990844727,57.15,65.18,58.7,-2.75
191988143_191988180_0,59.9370002746582,53.26,47.81,43.8,-6.68
191988143_191988146_0,44.97200012207031,53.23,46.77,46.2,8.26
191988146_191988176_0,59.24399948120117,53.1,45.75,46.3,-6.14
191988146_191988149_0,59.6510009765625,53.11,50.96,48.3,-6.54
191988149_191988429_0,59.43299865722656,54.43,59.76,59.75,-5.0
191988149_191988163_0,59.03300094604492,54.31,54.29,56.0,-4.72
191988163_191988169_0,62.80400085449219,55.92,56.77,55.6,-6.88
191988169_191988173_0,60.42100143432617,54.19,56.44,54.2,-6.23
191988169_191988408_0,61.38899993896485,54.15,56.51,54.75,-7.24
191988173_191988149_0,59.624000549316406,53.36,51.29,48.5,-6.26
191988173_191988176_0,60.132999420166016,53.46,48.76,47.25,-6.67
191988176_191988410_0,53.321998596191406,53.03,49.53,48.35,-0.29
191988176_191988180_0,58.98099899291992,53.22,46.81,46.55,-5.76
191988180_191988412_0,57.35200119018555,53.25,51.49,48.45,-4.1
191988180_191988186_0,57.91400146484375,53.47,45.37,43.25,-4.44
191988186_191988143_0,59.55500030517578,53.43,44.24,42.75,-6.13
191988209_6374806460_0,57.92599868774414,54.04,53.77,52.84,-3.89
191988214_6388307988_0,62.96599960327149,55.43,59.64,59.95,-7.54
191988217_191988222_0,59.96699905395508,53.13,58.96,57.55,-6.84
191988217_191988214_0,58.13600158691406,53.96,51.36,52.95,-4.18
191988222_130143394_0,65.80899810791016,57.49,58.58,58.35,-8.32
191988226_191988209_0,41.4630012512207,55.22,64.18,56.95,13.76
191988226_1171869062_0,65.52799987792969,57.33,60.32,57.5,-8.2
191988245_191988249_0,58.375,54.89,46.78,46.3,-3.48
191988249_191988245_0,58.375,54.89,46.78,46.3,-3.48
191988255_191988135_0,58.52299880981445,56.59,63.73,56.75,-1.93
191988255_191988295_0,58.74100112915039,55.14,59.03,53.6,-3.6
191988260_258197086_0,54.94200134277344,53.34,40.37,43.15,-1.6
191988260_191988285_0,62.95700073242188,54.41,44.23,47.12,-8.55
191988285_192085571_0,61.18899917602539,55.05,45.68,50.72,-6.14
191988285_2602170153_0,59.48500061035156,53.92,43.8,48.1,-5.57
191988285_191988260_0,62.95700073242188,54.41,44.23,47.12,-8.55
191988291_130185640_0,63.42399978637695,58.19,63.66,63.3,-5.23
191988291_192085436_0,59.94599914550781,55.55,60.6,54.5,-4.4
191988291_242163341_0,64.27100372314453,57.35,63.74,57.75,-6.92
191988295_192085450_0,65.17400360107422,59.48,66.06,58.5,-5.69
191988295_191988298_0,66.54299926757812,58.33,64.6,58.0,-8.21
191988298_191988341_0,59.3849983215332,55.48,58.92,53.95,-3.9
191988298_191988303_0,66.4729995727539,57.84,64.46,58.65,-8.63
191988298_191988295_0,66.54299926757812,58.37,64.6,58.0,-8.17
191988303_191988325_0,57.47299957275391,56.72,57.77,57.0,-0.75
191988303_11014869454_0,62.93000030517578,57.55,61.15,60.65,-5.38
191988303_191988298_0,66.4729995727539,57.84,64.46,58.65,-8.63
191988315_2355995217_0,58.0629997253418,55.5,55.97,52.24,-2.56
191988325_2355995217_0,61.310001373291016,56.3,56.82,51.7,-5.01
191988325_191988303_0,57.47299957275391,56.72,57.77,57.0,-0.75
191988325_191988386_0,59.21200180053711,55.34,54.78,48.65,-3.87
191988325_191988341_0,58.52099990844727,55.2,53.75,48.3,-3.32
191988341_191988135_0,58.59400177001953,55.1,59.15,53.15,-3.49
191988341_191988325_0,58.52099990844727,55.2,53.75,48.3,-3.32
191988365_254777155_0,60.979000091552734,57.84,64.19,61.7,-3.14
191988365_2073912370_0,62.35300064086914,58.41,64.5,62.15,-3.94
191988382_191988386_0,58.9379997253418,55.41,54.46,49.65,-3.53
191988386_191988382_0,58.9379997253418,55.41,54.46,49.65,-3.53
191988386_191988387_0,59.76900100708008,55.82,50.77,49.9,-3.95
191988386_191988325_0,59.21200180053711,55.34,54.78,48.65,-3.87
191988386_191988390_0,60.44599914550781,55.96,60.05,54.25,-4.49
191988387_191988386_0,59.76900100708008,55.82,50.77,49.9,-3.95
191988387_191918601_0,60.71599960327149,58.66,62.74,63.6,-2.06
191988390_191918607_0,62.03499984741211,58.25,59.68,58.25,-3.78
191988390_191918601_0,61.88399887084961,60.75,64.26,64.0,-1.13
191988390_191988386_0,60.44599914550781,56.05,61.02,54.25,-4.4
191988390_191988397_0,57.57699966430664,55.68,62.16,54.6,-1.9
191988393_191988397_0,61.64300155639648,55.47,54.78,59.7,-6.17
191988393_191988415_0,64.4260025024414,58.76,61.1,66.8,-5.67
191988393_31917854_0,67.55000305175781,60.8,65.96,66.0,-6.75
191988397_191988390_0,57.57699966430664,55.69,62.16,54.6,-1.89
191988397_191988441_0,41.39699935913086,54.82,53.18,52.99,13.42
191988397_191988393_0,61.64300155639648,55.47,54.78,59.7,-6.17
191988400_191988441_0,59.48699951171875,54.83,53.6,50.34,-4.66
191988408_191988173_0,57.78300094604492,53.42,50.55,49.2,-4.36
191988408_191988410_0,60.042999267578125,53.52,51.24,49.25,-6.52
191988410_191988412_0,59.81399917602539,53.74,51.18,50.55,-6.07
191988412_191988415_0,60.57699966430664,54.37,53.57,60.4,-6.21
191988415_35215561_0,65.45700073242188,59.07,57.98,65.85,-6.39
191988415_191988393_0,64.4260025024414,58.76,61.1,66.8,-5.67
191988425_191988429_0,61.61000061035156,55.22,61.29,59.1,-6.39
191988425_36863022_0,64.01599884033203,57.89,62.46,61.3,-6.13
191988425_10977638587_0,64.19200134277344,58.05,60.8,60.1,-6.14
191988429_191988425_0,61.61000061035156,55.24,61.06,58.9,-6.37
191988429_191988430_0,58.38399887084961,54.89,61.15,58.6,-3.49
191988430_191988431_0,57.61600112915039,53.77,52.96,50.95,-3.85
191988430_241166549_0,59.729000091552734,53.53,58.0,52.9,-6.2
191988431_191918620_0,58.90800094604492,54.35,49.2,51.8,-4.56
191988434_191988435_0,51.0890007019043,52.9,57.62,52.15,1.81
191988434_191988431_0,57.77099990844727,54.05,56.63,53.85,-3.72
191988434_191918620_0,57.65599822998047,56.05,64.44,57.1,-1.61
191988435_191988255_0,59.33300018310547,56.31,64.55,58.1,-3.02
191988435_191988434_0,51.0890007019043,52.9,57.62,52.15,1.81
191988438_191988186_0,58.72800064086914,53.62,53.11,49.05,-5.11
191988438_191988400_0,59.53200149536133,54.26,53.57,49.0,-5.27
191988441_12140914736_0,57.979000091552734,54.23,51.65,48.55,-3.75
191988441_191988397_0,41.39699935913086,54.81,53.48,53.04,13.41
192058895_26597608_0,72.62100219726562,56.57,55.28,60.35,-16.05
192085356_192085450_0,65.84300231933594,59.23,66.65,58.38,-6.61
192085356_384969605_0,65.29499816894531,58.42,64.5,59.13,-6.87
192085356_192085363_0,63.57899856567383,58.85,64.36,57.5,-4.73
192085363_192085440_0,61.5,58.74,67.19,58.1,-2.76
192085381_192085395_0,60.632999420166016,56.45,50.99,48.3,-4.18
192085382_192085407_0,60.04999923706055,55.05,48.45,47.7,-5.0
192085395_2073912461_0,58.88999938964844,55.41,47.83,48.3,-3.48
192085395_1048056117_0,60.00600051879883,56.33,53.42,48.25,-3.68
192085407_192085414_0,59.42499923706055,55.09,47.0,48.3,-4.33
192085407_192085381_0,60.775001525878906,55.05,48.79,48.0,-5.73
192085414_1048058586_0,59.21200180053711,54.97,48.17,48.5,-4.24
192085414_243786720_0,60.86399841308594,54.92,49.68,50.4,-5.94
192085436_242163341_0,62.834999084472656,56.98,63.68,56.95,-5.85
192085436_192085490_0,61.65399932861328,56.09,59.53,54.95,-5.56
192085436_192085363_0,61.959999084472656,56.92,62.81,56.55,-5.04
192085440_192085450_0,62.04100036621094,58.6,64.28,57.3,-3.44
192085440_191918582_0,60.512001037597656,57.62,62.36,61.6,-2.89
192085450_191988295_0,65.17400360107422,59.48,66.06,58.5,-5.69
192085450_192085356_0,65.84300231933594,59.23,66.65,58.38,-6.61
192085457_192085382_0,59.62099838256836,54.8,51.76,49.15,-4.82
192085457_191918596_0,57.67699813842773,55.07,47.36,48.75,-2.61
192085490_192085436_0,61.65399932861328,56.09,59.53,54.95,-5.56
192085490_256992035_0,60.20199966430664,55.33,49.88,49.1,-4.87
192085490_192085457_0,61.08300018310547,55.03,53.8,51.09,-6.05
192085493_191918598_0,58.63100051879883,55.01,47.26,47.35,-3.62
192085499_256990658_0,61.20299911499024,53.41,43.75,46.6,-7.79
192085499_191918598_0,57.48600006103516,54.43,47.36,48.1,-3.06
192085499_192085503_0,58.448001861572266,54.3,46.4,48.7,-4.15
192085503_191918596_0,58.28799819946289,55.05,49.82,50.15,-3.24
192085503_191918598_0,59.32699966430664,55.24,47.23,48.45,-4.09
192085503_192085499_0,58.448001861572266,54.3,46.4,48.7,-4.15
192085541_2488267317_0,74.86900329589844,56.12,51.22,59.35,-18.75
192085541_2872676723_0,74.96099853515625,55.97,54.75,58.45,-18.99
192085559_8576486926_0,67.8010025024414,57.3,62.74,56.55,-10.5
192085571_130185640_0,63.5260009765625,56.41,59.65,58.35,-7.12
192305011_29980154_0,67.63700103759766,57.5,57.34,52.35,-10.14
192305014_192305015_0,65.03800201416016,57.44,47.73,50.85,-7.6
192305014_11368597032_0,63.70000076293945,54.88,50.15,51.35,-8.82
192305015_192305016_0,63.62799835205078,56.97,47.32,51.0,-6.66
192305016_192305018_0,70.34100341796875,57.91,47.99,51.0,-12.43
192305016_192305048_0,67.6510009765625,57.28,48.04,49.45,-10.37
192305018_9588081529_0,69.9729995727539,57.68,46.53,49.05,-12.29
192305018_192305020_0,68.1969985961914,56.03,48.86,51.25,-12.17
192305020_192305032_0,71.25299835205078,55.37,45.49,50.15,-15.88
192305020_192305024_0,69.0770034790039,55.11,57.07,64.2,-13.97
192305024_192305026_0,69.44999694824219,56.08,49.4,59.3,-13.37
192305024_192305011_0,69.78600311279297,55.33,56.94,64.55,-14.46
192305026_192305032_0,69.0770034790039,55.18,47.87,59.3,-13.9
192305032_9588081529_0,69.78900146484375,55.65,46.47,50.2,-14.14
192305032_29980185_0,69.91400146484375,55.42,45.54,49.75,-14.49
192305048_192305060_0,68.2969970703125,55.33,48.0,50.35,-12.97
192305048_192305018_0,68.35700225830078,57.46,48.04,49.45,-10.9
192305060_192305048_0,68.2969970703125,55.33,48.0,50.35,-12.97
192305060_192305061_0,64.34300231933594,54.85,52.28,50.8,-9.49
192305061_1956845894_0,58.119998931884766,51.97,53.94,48.0,-6.15
192305061_270323523_0,69.06099700927734,54.31,54.72,51.6,-14.75
192305061_192305060_0,64.34300231933594,54.85,52.28,50.8,-9.49
192305063_270323523_0,67.26699829101562,55.52,49.87,50.55,-11.75
192305063_270323663_0,69.67400360107422,53.53,53.54,50.6,-16.14
192305070_192305074_0,69.94499969482422,54.54,55.13,52.45,-15.4
192305070_270323663_0,69.74099731445312,54.58,57.01,51.7,-15.16
192305074_1511114293_0,67.72599792480469,54.37,51.18,51.85,-13.36
192305074_192305070_0,69.94499969482422,54.53,55.13,52.45,-15.41
192305105_3922348891_0,61.98500061035156,49.68,53.53,52.0,-12.31
192305105_192305109_0,59.73799896240234,49.58,61.7,58.45,-10.16
192305105_1511114282_0,59.98400115966797,47.84,44.46,47.05,-12.14
192305109_192305105_0,59.73799896240234,49.58,61.7,58.45,-10.16
192305109_1511104887_0,64.21800231933594,51.52,58.96,59.25,-12.7
192305750_192305754_0,70.31199645996094,51.7,67.0,58.65,-18.61
192305754_2810964557_0,71.92500305175781,52.78,63.12,60.1,-19.15
192305754_192305750_0,70.31199645996094,51.7,67.0,58.65,-18.61
192400787_4002438195_0,63.79100036621094,59.58,58.44,56.75,-4.21
192400787_13125186951_0,68.16300201416016,61.13,60.48,57.75,-7.03
192400788_192400808_0,66.28299713134766,58.5,59.52,56.7,-7.78
192400788_13125186935_0,69.54100036621094,59.7,63.36,58.5,-9.84
192400808_13125812951_0,69.30799865722656,58.13,50.95,52.7,-11.18
192400808_192400788_0,66.28299713134766,58.5,59.52,56.7,-7.78
192400916_193547599_0,63.23799896240234,58.23,55.68,59.4,-5.01
192400916_354723511_0,61.03300094604492,56.45,59.08,52.87,-4.58
192400916_7417014158_0,63.88999938964844,59.9,54.58,59.85,-3.99
192942470_13125190956_0,64.97100067138672,59.51,50.15,53.05,-5.46
192942470_767485184_0,63.45700073242188,56.43,54.7,54.8,-7.03
192942533_4915696754_0,65.2020034790039,58.63,54.47,58.67,-6.57
192942533_193556738_0,61.33300018310547,57.55,55.18,54.95,-3.78
192942533_767485184_0,63.82400131225586,58.29,57.87,59.77,-5.53
193547599_354721858_0,61.435001373291016,59.78,56.22,59.35,-1.66
193547599_683130949_0,64.04000091552734,58.29,57.99,61.46,-5.75
193547599_192400916_0,63.23799896240234,58.23,55.68,59.4,-5.01
193556734_2320137738_0,63.678001403808594,58.34,58.02,60.3,-5.34
193556734_1613055789_0,62.48099899291992,57.56,59.95,59.3,-4.92
193556734_766724350_0,59.35599899291992,57.62,60.44,58.3,-1.74
193556734_7417014158_0,63.02000045776367,57.32,57.79,59.85,-5.7
193556738_1613055789_0,61.14599990844727,56.55,57.2,51.65,-4.6
193556738_192942533_0,61.33300018310547,57.55,55.18,54.95,-3.78
193556833_767472407_0,57.51100158691406,50.99,43.6,41.94,-6.52
193556833_704420283_0,62.483001708984375,51.66,43.53,41.87,-10.82
193556833_828689641_0,58.41999816894531,51.37,47.2,46.92,-7.05
193594739_84463207_0,70.34700012207031,63.26,55.67,64.95,-7.09
193594802_766724350_0,58.91899871826172,55.02,55.13,54.95,-3.9
193594802_354723520_0,59.29399871826172,53.43,52.37,48.05,-5.86
193640963_193640970_0,70.78500366210938,61.26,58.4,63.55,-9.53
193640963_766724345_0,62.46699905395508,57.56,61.77,64.3,-4.91
193640970_193640963_0,70.78500366210938,61.26,58.4,63.55,-9.53
193640970_792818869_0,63.516998291015625,56.55,59.8,54.95,-6.97
193640970_84458458_0,71.06700134277344,60.59,56.49,60.1,-10.48
206188645_118273028_0,68.94999694824219,62.94,61.68,64.05,-6.01
206188645_252156006_0,70.04399871826172,61.95,63.51,63.4,-8.09
206188664_206188645_0,62.50400161743164,55.67,57.08,53.8,-6.83
206189053_206189070_0,68.62300109863281,58.77,57.46,58.85,-9.85
206189054_206189070_0,71.25499725341797,57.7,65.81,56.85,-13.55
206189054_12645091703_0,69.66699981689453,57.44,57.49,61.9,-12.23
206189057_29980119_0,71.86599731445312,62.71,57.47,56.15,-9.16
206189057_29980178_0,72.5790023803711,61.36,56.85,55.22,-11.22
206189058_206189059_0,60.9739990234375,54.65,56.85,50.0,-6.32
206189058_206189060_0,72.45999908447266,62.37,60.76,64.75,-10.09
206189058_29980119_0,73.25499725341797,61.88,59.48,54.6,-11.37
206189059_206189058_0,60.9739990234375,54.65,56.85,50.0,-6.32
206189059_206189063_0,58.948001861572266,54.52,54.4,50.9,-4.43
206189059_1788996611_0,61.13199996948242,56.57,59.97,55.3,-4.56
206189060_206189058_0,72.45999908447266,62.37,60.64,64.75,-10.09
206189060_7095808873_0,63.6150016784668,55.37,55.91,53.9,-8.25
206189060_29980138_0,71.51200103759766,63.53,58.11,65.35,-7.98
206189061_206189069_0,60.31399917602539,53.69,48.37,51.8,-6.62
206189063_206189054_0,60.130001068115234,55.13,62.32,54.05,-5.0
206189063_206189059_0,58.948001861572266,54.52,54.4,50.9,-4.43
206189063_206189061_0,57.1150016784668,53.78,50.05,51.35,-3.34
206189064_206189063_0,59.92499923706055,54.07,50.07,49.45,-5.85
206189067_206189064_0,59.59000015258789,53.77,50.91,50.08,-5.82
206189069_270323473_0,59.66699981689453,53.13,50.76,50.12,-6.54
206189070_206189054_0,71.25499725341797,57.7,65.81,56.85,-13.55
206189070_206189071_0,69.21499633789062,59.1,60.02,64.5,-10.11
206189071_206189072_0,70.12699890136719,62.32,58.44,65.25,-7.81
206189072_83772675_0,70.8219985961914,61.68,61.37,65.85,-9.14
206189072_83772676_0,70.14600372314453,61.41,62.85,64.0,-8.74
206189315_206189319_0,60.05699920654297,53.91,52.29,46.75,-6.15
206189315_937080671_0,62.499000549316406,54.73,53.74,47.95,-7.77
206189316_206189324_0,64.48799896240234,58.28,54.56,59.05,-6.21
206189316_12645091703_0,67.43900299072266,57.68,57.02,60.28,-9.76
206189319_2923949204_0,63.85499954223633,54.24,48.48,47.65,-9.61
206189319_2923948782_0,59.262001037597656,53.88,48.25,45.25,-5.38
206189324_206189325_0,66.23999786376953,59.4,53.66,59.72,-6.84
206189324_206189316_0,64.48799896240234,58.28,54.56,59.05,-6.21
206189325_7204776620_0,67.7229995727539,59.57,53.01,59.6,-8.15
206189325_206189315_0,61.6150016784668,55.99,55.17,54.15,-5.63
206189325_206189324_0,66.23999786376953,59.4,53.66,59.72,-6.84
206189328_7204776620_0,69.00900268554688,60.84,57.23,60.25,-8.17
206189328_2923949204_0,69.76200103759766,56.72,54.41,58.82,-13.04
206189457_2923949207_0,59.73199844360352,54.3,54.36,52.9,-5.43
206189457_2923948782_0,63.104000091552734,52.67,50.18,45.96,-10.43
206189460_2923949215_0,62.06399917602539,53.67,52.72,57.05,-8.39
206189464_4249122124_0,68.93900299072266,65.0,56.26,63.85,-3.94
206189464_206189466_0,68.66899871826172,60.63,58.88,64.2,-8.04
206189466_206189460_0,58.84199905395508,52.6,49.31,44.7,-6.24
206189466_206189464_0,68.66899871826172,60.63,58.88,64.2,-8.04
206189466_2630568657_0,68.24700164794922,59.75,58.97,52.02,-8.5
206192614_10099342769_0,60.387001037597656,54.77,55.48,51.6,-5.62
206192615_10681734331_0,70.61499786376953,55.95,49.02,53.92,-14.66
206192615_2813114176_0,66.72000122070312,53.73,48.73,53.4,-12.99
206192615_83772709_0,70.01000213623047,58.53,59.86,59.17,-11.48
206192619_10681734331_0,70.4469985961914,55.48,54.33,53.55,-14.97
206193105_206192619_0,68.69499969482422,56.55,56.68,51.4,-12.14
206196131_1392460122_0,57.52799987792969,56.1,52.5,55.05,-1.43
206196133_2813818187_0,51.047000885009766,58.38,54.59,56.25,7.33
206227345_2813825709_0,60.08599853515625,47.75,57.8,57.2,-12.34
206227345_1589147517_0,69.49600219726562,51.87,59.29,60.75,-17.63
206227373_206227376_0,61.5620002746582,50.23,52.81,50.0,-11.33
206227373_206228636_0,60.91699981689453,49.81,47.75,47.25,-11.11
206227376_206227373_0,61.5620002746582,50.23,52.81,50.0,-11.33
206227376_2213747138_0,65.27100372314453,53.75,60.59,59.4,-11.52
206227376_1589126699_0,67.16699981689453,51.92,54.01,52.5,-15.25
206227473_206228615_0,57.87099838256836,51.48,48.61,50.07,-6.39
206228615_2813884264_0,57.95000076293945,50.97,43.96,53.4,-6.98
206228615_206227473_0,57.87099838256836,51.49,48.61,50.07,-6.38
206228615_2813884263_0,59.180999755859375,53.6,55.22,55.15,-5.58
206228618_2813884270_0,58.31999969482422,51.87,52.43,53.95,-6.45
206228618_2813884267_0,57.50400161743164,52.41,53.04,54.8,-5.09
206228620_2813884270_0,58.305999755859375,50.19,42.34,50.67,-8.12
206228620_673414894_0,57.85100173950195,48.02,41.53,42.54,-9.83
206228632_2813847803_0,57.87699890136719,49.07,40.44,43.16,-8.81
206228632_206228633_0,58.54600143432617,49.25,41.69,41.32,-9.3
206228632_1589098625_0,57.35900115966797,49.14,40.22,40.72,-8.22
206228633_2813847803_0,59.42300033569336,49.35,45.03,45.18,-10.07
206228633_206228636_0,58.90900039672852,49.4,47.05,46.92,-9.51
206228633_206228632_0,58.54600143432617,49.25,41.69,41.42,-9.3
206228636_1589098625_0,59.71599960327149,49.65,41.64,42.59,-10.07
206228636_206227373_0,60.91699981689453,49.8,48.39,47.25,-11.12
206228636_206228633_0,58.90900039672852,49.43,47.2,46.82,-9.48
206273165_206273186_0,71.9219970703125,60.03,56.8,51.02,-11.89
206273165_206273180_0,69.76799774169922,60.93,59.51,64.5,-8.84
206273172_206273179_0,70.12899780273438,64.64,52.34,64.2,-5.49
206273172_206273180_0,69.82099914550781,61.52,55.58,64.6,-8.3
206273179_206273172_0,70.12899780273438,64.64,52.34,64.2,-5.49
206273179_4249122124_0,69.31400299072266,61.16,59.44,63.85,-8.15
206273180_206273165_0,69.76799774169922,60.93,59.51,64.5,-8.84
206273180_206273172_0,69.82099914550781,61.52,55.58,64.6,-8.3
206273186_206273189_1,72.68699645996094,59.48,56.78,51.32,-13.21
206273186_206273165_0,71.9219970703125,60.03,56.8,51.02,-11.89
206273189_206273186_1,72.68699645996094,59.48,56.78,51.32,-13.21
206273189_270323561_0,71.125,59.65,57.57,64.85,-11.48
208769027_208769069_0,58.547000885009766,58.97,45.74,53.0,0.42
208769027_55475052_0,56.0369987487793,58.78,43.05,52.55,2.74
208769069_26316432_0,59.8849983215332,58.76,48.82,53.85,-1.12
208769069_208769027_0,58.547000885009766,58.92,45.32,52.95,0.37
208769069_26316429_0,58.77299880981445,58.95,49.21,54.1,0.18
208769083_26316433_0,60.43199920654297,58.56,47.87,56.6,-1.87
208769083_208769145_0,68.59300231933594,61.55,52.58,60.05,-7.04
208769091_208769219_0,68.27100372314453,61.17,46.57,57.35,-7.1
208769091_54803122_0,59.547000885009766,59.45,46.91,55.8,-0.1
208769112_26086128_0,71.81900024414062,62.45,56.96,60.35,-9.37
208769112_208769120_0,70.7030029296875,62.46,47.4,58.75,-8.24
208769120_208769133_0,69.15799713134766,62.56,45.99,58.35,-6.6
208769133_208769219_0,67.93099975585938,60.84,46.89,57.5,-7.09
208769133_208769083_0,68.65699768066406,61.09,45.64,58.35,-7.57
208769145_208769180_0,68.34700012207031,63.68,52.09,59.6,-4.67
208769145_3267479470_0,68.16999816894531,63.6,55.16,59.95,-4.57
208769163_3870640550_0,68.88300323486328,61.98,57.23,60.8,-6.9
208769163_3267479470_0,69.21600341796875,63.83,57.95,60.45,-5.39
208769180_3870640550_0,66.91000366210938,62.05,54.44,60.75,-4.86
208769180_208769163_0,68.16999816894531,63.68,57.99,60.1,-4.49
208769219_208769227_0,68.43699645996094,62.57,47.57,58.1,-5.87
208769219_208769279_0,59.047000885009766,59.92,47.01,56.0,0.87
208769227_208769112_0,70.7030029296875,62.41,47.46,57.85,-8.29
208769227_208769120_0,68.74099731445312,60.9,46.03,57.8,-7.84
208769279_26086117_0,58.2239990234375,60.43,53.87,58.85,2.21
208769279_54803122_0,58.66400146484375,59.62,42.49,53.7,0.96
208776568_208769133_0,62.72200012207031,59.32,47.83,56.5,-3.4
208776568_26086129_0,59.78400039672852,60.17,49.94,58.9,0.39
215687061_215687070_0,59.46799850463867,57.43,51.74,49.95,-2.04
215687061_4143189207_0,60.0,56.31,56.68,56.9,-3.69
215687061_5257013006_0,57.11199951171875,57.86,51.36,53.75,0.75
215687070_8578386869_0,59.20600128173828,55.49,58.67,50.78,-3.72
226202090_8173410515_0,59.05099868774414,61.61,60.88,61.55,2.56
230047436_252467947_0,56.63899993896485,59.42,56.49,53.55,2.78
230047436_13398022052_0,57.27299880981445,56.75,47.86,50.7,-0.52
230047436_130144266_0,42.96799850463867,59.12,52.22,52.5,16.15
240467585_1171868956_0,59.11399841308594,55.66,50.39,51.22,-3.45
240467585_1735877076_0,56.95000076293945,54.58,43.02,43.7,-2.37
241166549_191988430_0,59.729000091552734,53.53,58.0,52.9,-6.2
241596086_242374908_0,61.0260009765625,58.44,62.75,62.25,-2.59
241596086_10977638586_0,59.891998291015625,55.22,66.27,61.7,-4.67
242163341_384969605_0,65.02899932861328,56.74,61.59,55.95,-8.29
242163341_192085436_0,62.834999084472656,56.98,63.68,56.95,-5.85
242163341_192085356_0,64.46900177001953,58.36,65.76,59.13,-6.11
242163349_26740277_0,77.28800201416016,66.19,60.65,65.15,-11.1
242163349_25498533_0,75.86699676513672,66.39,61.16,65.3,-9.48
242374906_242374908_0,55.47999954223633,53.28,61.31,60.85,-2.2
242374908_242374906_0,55.47999954223633,53.28,61.31,60.85,-2.2
242374908_36863018_0,64.90499877929688,58.77,63.92,62.85,-6.13
243089519_35213544_0,61.27899932861328,58.33,51.26,53.15,-2.95
243092180_35215575_0,43.22299957275391,52.68,44.52,47.9,9.46
243785953_191988125_0,61.4010009765625,56.67,63.53,58.5,-4.73
243786720_1048058586_0,61.63899993896485,55.25,52.66,51.5,-6.39
243786720_130185640_0,61.31999969482422,57.88,60.04,59.55,-3.44
244419508_25722297_0,72.41600036621094,65.18,64.52,64.95,-7.24
245957281_7300867_0,72.84200286865234,66.33,70.82,64.95,-6.51
249717498_1037249830_0,68.98400115966797,64.14,65.86,66.55,-4.84
249717498_1468530294_0,73.51100158691406,70.71,65.0,67.1,-2.8
249717499_21674906_0,73.50299835205078,69.74,63.09,66.65,-3.76
249717503_195222_0,80.01100158691406,77.66,59.05,66.75,-2.35
249717503_1468553185_0,75.94100189208984,69.41,60.2,66.25,-6.53
249740340_25611400_0,71.21299743652344,60.65,53.07,59.05,-10.56
250042857_6091651313_0,65.26599884033203,63.87,63.25,65.25,-1.4
250042857_25336179_0,69.1500015258789,70.15,66.93,65.15,1.0
251047560_459797860_0,62.6609992980957,62.05,66.39,62.45,-0.61
251047560_25321447_0,69.73799896240234,67.28,67.23,65.1,-2.46
251050296_25611395_0,70.47200012207031,59.92,57.73,56.8,-10.55
251050719_25303840_0,55.4739990234375,58.3,53.74,53.4,2.83
251050862_1682387539_0,58.55199813842773,60.07,53.41,57.2,1.52
251050862_640541652_0,60.255001068115234,60.53,60.08,60.3,0.27
251069553_26286696_0,60.82899856567383,54.63,51.92,48.5,-6.2
251069553_7041322633_0,47.03499984741211,54.54,49.21,53.35,7.51
251171031_1992934964_0,61.34799957275391,57.82,54.56,54.9,-3.53
251171098_1992934964_0,41.790000915527344,57.64,55.17,53.5,15.85
251171098_25303832_0,55.77899932861328,57.8,62.99,59.75,2.02
251171098_25303841_0,56.73099899291992,60.18,63.48,62.35,3.45
252155997_129940279_0,65.72899627685547,61.83,60.38,57.68,-3.9
252155997_349323431_0,71.73899841308594,60.07,59.52,57.33,-11.67
252155997_129940278_0,71.46199798583984,60.22,61.36,61.18,-11.24
252156006_206188645_0,70.04399871826172,61.95,63.51,63.4,-8.09
252156006_349323431_0,73.0790023803711,58.52,53.53,58.9,-14.56
252156006_118272929_0,72.48999786376953,61.99,59.89,62.8,-10.5
252333286_252333287_0,59.749000549316406,58.01,57.4,51.9,-1.74
252333287_252333286_0,59.749000549316406,58.04,59.8,52.4,-1.71
252333287_25722257_0,68.55699920654297,69.22,60.32,64.0,0.66
252333899_27175446_0,64.73999786376953,59.57,64.93,63.15,-5.17
252333899_27175446_1,70.2760009765625,66.11,68.44,63.55,-4.17
252412611_25722257_0,62.22499847412109,59.97,60.66,62.52,-2.25
252412613_35218687_0,60.59199905395508,57.23,49.54,51.74,-3.36
252412613_25722258_0,57.98699951171875,57.46,51.51,53.52,-0.53
252466530_252466532_0,70.11299896240234,57.66,58.39,56.15,-12.45
252466530_1316035095_0,73.14099884033203,59.17,62.24,63.95,-13.97
252466532_252466533_0,71.2020034790039,58.99,59.61,55.15,-12.21
252466532_35291294_0,62.63899993896485,57.59,58.74,53.78,-5.05
252466533_252466532_0,71.2020034790039,58.99,59.61,55.15,-12.21
252466535_1316035095_0,72.42400360107422,63.73,60.15,63.6,-8.69
252466535_242163349_0,74.66699981689453,64.13,59.53,64.3,-10.54
252467947_230047436_0,56.63899993896485,59.42,56.49,53.55,2.78
252467947_1734636083_0,57.257999420166016,56.73,48.31,53.4,-0.53
252467947_62026530_0,59.23899841308594,60.24,58.91,62.05,1.0
252502656_1171867500_0,58.72800064086914,54.82,45.26,45.0,-3.91
252502668_130144290_0,60.23400115966797,55.26,49.95,50.05,-4.97
253414917_987974102_0,65.98799896240234,56.83,57.45,56.0,-9.16
253415591_130144267_0,59.2130012512207,55.6,47.33,52.4,-3.61
253416092_130143398_0,55.68600082397461,55.57,55.42,53.1,-0.12
253416092_253416306_0,58.87300109863281,54.91,47.37,52.1,-3.96
253416306_130143385_0,60.928001403808594,57.29,56.38,56.45,-3.64
253416987_130144269_0,60.242000579833984,57.22,53.58,59.05,-3.02
253416987_130144275_0,61.152000427246094,59.8,57.22,60.3,-1.35
253416990_253416987_0,62.6870002746582,61.26,58.52,63.15,-1.43
253417073_130144270_0,59.68399810791016,55.28,47.84,50.75,-4.4
253417073_130143402_0,58.499000549316406,54.89,50.61,50.75,-3.61
253417218_130143410_0,67.80999755859375,58.89,58.72,61.45,-8.92
253417301_130144277_0,62.50400161743164,58.1,55.45,53.05,-4.4
253417301_130144270_0,61.23500061035156,55.38,54.84,52.55,-5.86
253449740_48880096_0,58.90900039672852,62.9,54.75,56.75,3.99
253852358_1513320571_0,61.97299957275391,59.83,60.51,62.55,-2.14
253867585_35213564_0,55.9630012512207,56.18,48.59,51.6,0.22
253868084_35222952_0,55.48199844360352,54.71,44.71,44.9,-0.77
253868661_35224293_0,60.61299896240234,53.8,48.8,46.07,-6.81
253871314_2502213116_0,57.39599990844727,60.41,59.35,62.02,3.01
253871330_2502213116_0,64.84700012207031,63.38,58.73,63.55,-1.47
253871330_253871314_0,60.685001373291016,60.75,59.63,62.22,0.06
253871330_31923933_0,64.38899993896484,61.42,60.99,64.05,-2.97
254346821_35218687_0,59.20399856567383,57.22,48.24,52.05,-1.98
254347900_4588190126_0,61.91899871826172,59.9,61.44,62.85,-2.02
254347900_35218664_0,60.499000549316406,58.38,60.71,60.5,-2.12
254347900_8035679173_0,55.15999984741211,57.15,57.34,62.47,1.99
254567104_25468070_0,61.96099853515625,59.06,48.0,53.7,-2.9
254581990_2069548810_0,70.69200134277344,61.4,56.73,64.5,-9.29
254772375_35213528_0,56.00299835205078,54.73,44.51,44.28,-1.27
254777155_191988365_0,60.979000091552734,57.84,64.19,61.7,-3.14
254777155_254777171_0,68.58300018310547,55.88,56.07,59.85,-12.7
254777155_1513320536_0,64.44100189208984,58.71,64.43,62.95,-5.73
254777171_254777155_0,68.58300018310547,55.86,57.5,60.2,-12.72
256990658_192085499_0,61.20299911499024,53.34,45.2,46.8,-7.86
256992035_192085490_0,60.20199966430664,55.33,49.88,49.1,-4.87
256992788_191918587_0,41.55899810791016,54.61,40.65,46.75,13.05
257513237_6071660584_0,63.53499984741211,53.54,52.82,51.15,-9.99
257513240_6071660584_0,61.90900039672852,50.79,51.55,47.62,-11.12
257513240_2652153371_0,62.35100173950195,50.97,47.44,43.7,-11.38
257513244_3898532756_0,65.12899780273438,51.83,50.85,49.65,-13.3
257513247_12844409460_0,67.11000061035156,51.8,57.37,51.4,-15.31
257513247_3898532753_0,66.99099731445312,51.65,55.51,52.15,-15.34
257513249_2503521410_0,59.64500045776367,51.18,51.54,50.17,-8.47
257513249_257513244_0,62.922000885009766,51.95,54.93,50.1,-10.97
257513255_6135349230_0,68.49500274658203,52.71,58.2,49.75,-15.79
257513255_257513953_0,69.35800170898438,52.84,58.5,51.3,-16.52
257513257_12825510574_0,68.91200256347656,51.74,52.21,50.05,-17.17
257513257_257513255_0,67.47200012207031,52.84,56.52,50.45,-14.63
257513701_2813020269_0,62.75,53.07,51.27,48.4,-9.68
257513701_257513706_0,59.57600021362305,53.19,58.22,51.95,-6.39
257513701_33126081_0,62.70000076293945,55.42,59.36,63.3,-7.28
257513706_257513701_0,59.57600021362305,53.18,58.22,51.95,-6.4
257513706_257513249_0,62.494998931884766,52.51,58.64,52.25,-9.98
257513953_257513954_0,74.41899871826172,53.08,61.85,52.7,-21.34
257513953_6135349230_0,68.52200317382812,52.8,58.96,50.75,-15.72
257513954_257513953_0,74.41899871826172,53.08,61.85,52.7,-21.34
257513954_12844409460_0,68.63099670410156,53.15,59.19,52.25,-15.48
258197086_191988260_0,54.94200134277344,53.34,40.37,43.15,-1.6
259977333_259977334_0,59.65900039672852,59.73,56.25,55.0,0.07
259977334_26470113_0,61.62200164794922,60.28,58.87,57.5,-1.34
259977334_259977333_0,59.65900039672852,59.73,56.25,55.0,0.07
262860522_25115178_0,63.87200164794922,59.09,61.06,58.45,-4.78
262860754_832449686_0,70.13600158691406,62.87,59.04,63.55,-7.27
264496809_21674802_0,60.29800033569336,62.36,54.95,57.55,2.06
264496809_25319183_0,63.28400039672852,63.86,62.88,60.25,0.58
264496810_264496809_0,60.36100006103516,62.3,58.19,57.5,1.94
264496810_26027233_0,63.31399917602539,62.8,60.87,63.6,-0.51
265783501_4549502008_0,65.56300354003906,56.88,61.2,61.3,-8.68
265809740_6262067560_0,69.34700012207031,65.92,64.44,62.95,-3.43
265809740_26057008_0,69.74800109863281,64.85,63.14,65.7,-4.9
269229442_1298421634_0,60.8849983215332,59.04,51.99,56.45,-1.84
269229442_21600354_0,70.50700378417969,59.57,64.26,65.85,-10.94
270298916_270298919_0,61.53300094604492,57.21,55.55,56.45,-4.32
270298916_27362911_0,61.64899826049805,57.18,53.21,57.0,-4.47
270298917_270298916_0,60.62699890136719,59.01,59.92,59.92,-1.62
270298917_8148780813_0,73.41500091552734,65.58,59.83,66.5,-7.84
270298918_8148780813_0,68.01200103759766,61.62,63.21,64.0,-6.39
270298918_1297007321_0,62.42300033569336,59.18,62.43,60.55,-3.24
270298919_27362917_0,61.11899948120117,56.97,54.39,55.5,-4.15
270298919_270298916_0,61.53300094604492,57.21,55.55,56.45,-4.32
270322649_2209140020_0,55.57899856567383,51.08,43.75,48.15,-4.5
270323473_206189057_0,62.98099899291992,53.92,52.32,51.97,-9.06
270323500_29980154_0,69.76300048828125,57.19,59.39,51.02,-12.57
270323500_4308368197_0,59.71599960327149,52.26,48.73,50.5,-7.46
270323500_26574295_0,71.36100006103516,56.78,57.72,64.3,-14.58
270323523_192305063_0,67.26699829101562,55.52,49.87,50.55,-11.75
270323523_192305061_0,69.06099700927734,54.31,54.72,51.6,-14.75
270323524_4308368197_0,62.22600173950195,53.58,56.43,51.65,-8.65
270323524_1956845887_0,46.81100082397461,51.79,54.53,47.8,4.98
270323532_270323524_0,50.41899871826172,53.39,55.0,51.65,2.97
270323532_270323662_0,46.7239990234375,51.61,49.75,46.85,4.89
270323537_270323532_0,62.09700012207031,53.92,56.53,52.3,-8.18
270323537_270323551_0,61.49800109863281,54.21,59.96,52.0,-7.29
270323551_270323562_0,60.06100082397461,52.75,60.42,61.85,-7.31
270323551_270323562_1,46.685001373291016,54.64,50.76,63.4,7.95
270323551_270323537_0,61.49800109863281,54.21,60.27,51.95,-7.29
270323560_1104884203_0,65.3239974975586,58.03,57.62,63.7,-7.29
270323560_270323562_0,63.92100143432617,56.78,52.15,63.05,-7.14
270323561_1104884201_0,70.16500091552734,61.1,54.69,64.05,-9.07
270323561_206273189_0,71.125,59.65,57.57,64.85,-11.48
270323562_270323551_0,60.06100082397461,52.74,60.22,61.75,-7.32
270323562_270323551_1,46.685001373291016,54.64,50.76,63.4,7.95
270323562_270323560_0,63.92100143432617,56.82,55.76,63.05,-7.1
270323662_270323532_0,46.7239990234375,51.65,49.95,47.25,4.93
270323662_270323537_0,61.82500076293945,54.68,57.2,52.3,-7.15
270323663_270323662_0,63.98099899291992,54.51,59.34,52.05,-9.47
270323663_192305070_0,69.74099731445312,54.55,57.01,51.7,-15.19
270323663_192305063_0,69.67400360107422,53.53,53.54,50.6,-16.14
270323663_2621348580_0,59.99100112915039,51.76,54.37,47.45,-8.23
270473915_26022694_0,73.38200378417969,61.8,60.45,63.25,-11.58
270473915_25327119_0,74.59200286865234,62.64,58.81,64.3,-11.95
270492131_1967907778_0,65.19599914550781,62.13,52.23,53.8,-3.07
270492131_26584165_0,63.14799880981445,60.16,48.31,52.75,-2.99
270492131_270492135_0,63.53099822998047,61.39,56.4,52.75,-2.14
270492135_1967907778_0,63.60699844360352,62.18,51.59,54.2,-1.43
270492135_270492131_0,63.53099822998047,61.38,56.4,52.75,-2.15
270492135_26584163_0,62.81499862670898,60.02,49.35,54.7,-2.79
270733389_25310911_0,69.88899993896484,61.81,57.69,63.95,-8.08
270733389_1400710127_0,70.4540023803711,65.69,61.93,65.1,-4.76
271151916_11470215275_0,65.50399780273438,62.28,62.59,60.45,-3.22
271151916_8087837589_0,64.39299774169922,62.8,63.09,60.35,-1.59
271151916_1028380043_0,61.867000579833984,60.27,66.26,60.25,-1.6
271415805_25334340_0,62.38600158691406,61.66,60.41,63.65,-0.73
273216478_26106451_0,73.70600128173828,63.43,65.2,63.7,-10.28
273216478_12946029718_0,73.70600128173828,64.04,66.38,64.05,-9.67
273216489_12946029730_0,69.6449966430664,64.46,64.21,62.95,-5.18
273218195_273218201_0,69.63200378417969,64.73,65.61,63.65,-4.9
273218201_959373590_0,61.3380012512207,61.01,61.89,60.8,-0.33
273218201_26106449_0,67.3550033569336,62.13,51.99,53.45,-5.23
276635164_277046124_0,58.09000015258789,62.17,56.21,60.2,4.08
276635164_8831416864_0,60.178001403808594,63.68,61.49,62.4,3.5
277045916_277045917_0,58.33599853515625,63.0,61.66,60.9,4.66
277045916_25450966_0,59.14099884033203,59.09,53.44,57.7,-0.05
277045917_2087284322_0,51.18299865722656,64.42,61.49,60.3,13.24
277045917_276635164_0,60.24300003051758,63.6,62.03,61.45,3.36
277046124_26059236_0,59.54600143432617,61.26,62.22,64.15,1.71
283325403_25468215_0,72.24700164794922,64.32,61.49,63.8,-7.93
283325403_26115845_0,69.12899780273438,62.14,61.25,62.9,-6.99
283325404_283326996_0,70.04499816894531,64.15,60.75,65.45,-5.89
283325404_26120302_0,69.9209976196289,62.91,62.07,63.35,-7.01
283326996_25468228_0,69.94100189208984,65.55,60.06,66.55,-4.39
283326996_283325404_0,70.04499816894531,64.14,61.18,65.5,-5.9
286483707_25452884_0,60.37300109863281,58.68,54.3,55.25,-1.69
286483713_21604559_0,72.19400024414062,64.56,63.89,62.8,-7.63
286483713_25468305_0,71.50499725341797,65.69,64.18,63.9,-5.81
293177597_1382687432_0,64.05400085449219,54.76,48.75,46.4,-9.29
293177597_4741814127_0,66.4219970703125,54.35,47.11,46.62,-12.07
293177597_361643451_0,58.54399871826172,55.26,55.79,56.0,-3.28
293585811_293585812_0,56.97600173950195,60.7,61.03,59.7,3.72
293585811_7300867_0,60.22100067138672,61.6,58.98,62.95,1.38
293585812_293585811_0,56.97600173950195,60.7,61.03,59.7,3.72
302790938_13176504302_0,60.23799896240234,58.05,56.04,57.82,-2.19
302790938_83650885_0,69.78199768066406,57.7,55.4,52.61,-12.08
303502397_3728703095_0,83.48899841308594,66.26,66.55,69.3,-17.23
303505093_32650997_0,74.03199768066406,60.81,72.73,65.9,-13.22
303505093_54150955_0,68.79199981689453,63.0,62.97,63.52,-5.79
303507015_303505093_0,74.25800323486328,61.54,72.96,65.9,-12.72
313690625_792818869_0,59.95399856567383,58.23,51.04,56.71,-1.72
318711366_318711370_0,58.31700134277344,58.79,57.75,57.1,0.47
318711366_25450957_0,58.74100112915039,60.96,55.49,58.1,2.22
318711370_25450965_0,57.39799880981445,60.58,59.94,59.35,3.18
320914981_25306178_0,72.02100372314453,65.82,64.45,64.45,-6.2
320914981_9681597415_0,68.40299987792969,61.94,66.11,65.15,-6.46
322191108_2302760542_0,67.92900085449219,61.52,65.08,64.45,-6.41
322191108_35213518_0,64.43099975585938,58.8,64.51,63.2,-5.63
322191108_31917854_0,67.67400360107422,61.65,66.54,66.35,-6.02
322191108_1513320539_0,69.02200317382812,62.48,66.28,65.15,-6.54
322191190_322191195_0,64.77300262451172,61.88,58.63,64.6,-2.89
322191190_1513320567_0,66.24099731445312,62.15,65.31,65.15,-4.09
322191195_322191200_0,64.3239974975586,61.36,62.1,63.35,-2.96
322191195_322191190_0,64.77300262451172,61.88,58.63,64.6,-2.89
322191200_35221958_0,45.84099960327149,56.88,56.58,60.3,11.04
322191200_322191204_0,64.72599792480469,61.87,61.9,63.6,-2.86
322191200_322191195_0,64.3239974975586,61.36,62.1,63.35,-2.96
322191204_1513320571_0,63.5620002746582,61.92,59.26,63.15,-1.64
322191204_36855707_0,65.38099670410156,59.69,63.55,62.5,-5.69
322191204_322191200_0,64.72599792480469,61.87,61.9,63.6,-2.86
322191223_1171868956_0,60.79899978637695,55.73,50.77,51.8,-5.07
324281474_26084472_0,61.5260009765625,57.36,55.41,53.45,-4.17
324281474_26120299_0,65.64800262451172,58.41,58.29,59.25,-7.24
324281474_36843098_0,66.11100006103516,59.09,59.01,59.1,-7.02
324451922_2441147824_0,73.25,61.15,72.62,65.6,-12.1
324451922_998858998_0,72.5260009765625,60.95,65.29,63.35,-11.58
324451947_2372905137_0,73.16600036621094,65.01,64.67,64.65,-8.16
324451947_31922933_0,73.26399993896484,64.69,62.64,64.95,-8.57
324458557_13180260084_0,69.73100280761719,61.89,61.09,63.0,-7.84
324458557_26597597_0,71.4800033569336,69.1,61.94,64.05,-2.38
324458557_2306955061_0,72.16500091552734,62.41,62.95,56.38,-9.76
324458571_2230337405_0,57.96099853515625,48.68,43.31,42.05,-9.28
324782808_82654496_0,61.39300155639648,58.84,58.82,60.6,-2.55
324782812_82654500_0,63.25699996948242,59.0,59.47,62.4,-4.26
324788955_324788956_0,70.02200317382812,60.39,61.82,57.65,-9.63
324788955_35441009_0,71.59100341796875,59.98,62.54,56.85,-11.61
324788956_324788955_0,70.02200317382812,60.39,61.82,57.65,-9.63
324788956_35441011_0,69.70700073242188,59.93,61.86,57.05,-9.78
324802532_83700578_0,72.00900268554688,62.77,64.17,63.5,-9.24
324805474_35393053_0,65.99400329589844,56.78,60.47,59.05,-9.21
324805474_83650876_0,59.709999084472656,56.84,61.25,53.3,-2.87
324805478_83690518_0,58.43299865722656,54.84,48.76,49.75,-3.59
325213175_325213179_0,59.29600143432617,59.26,62.02,57.45,-0.04
325213175_25303806_0,59.50199890136719,59.83,55.0,57.35,0.33
325213179_26155540_0,70.80500030517578,62.23,67.37,59.75,-8.58
325213183_325213187_0,57.17399978637695,58.71,62.88,56.4,1.54
325213183_26155538_0,70.52400207519531,63.7,65.68,60.35,-6.82
325213187_325213183_0,57.17399978637695,58.71,62.88,56.4,1.54
325772328_26155528_0,57.198001861572266,57.52,54.81,53.9,0.32
325772328_325772334_0,59.0260009765625,57.47,53.99,54.05,-1.56
325772334_325772328_0,59.0260009765625,57.47,53.99,54.05,-1.56
325772567_325772576_0,55.042999267578125,55.69,45.65,49.75,0.65
325772567_25611400_0,59.25299835205078,55.98,60.44,57.45,-3.27
325772567_26155380_0,59.854000091552734,56.17,52.14,54.4,-3.68
325772576_325772567_0,55.042999267578125,55.7,45.65,49.75,0.66
331362187_32651003_0,71.7249984741211,59.14,59.88,63.82,-12.58
331362187_7531586194_0,75.63200378417969,61.35,72.92,64.4,-14.28
347712111_8821236058_0,73.43399810791016,64.85,64.4,64.55,-8.58
349323431_252156006_0,73.0790023803711,58.52,53.53,58.9,-14.56
349323431_252155997_0,71.73899841308594,60.08,58.94,57.33,-11.66
349326455_1501001039_0,65.96099853515625,57.96,51.66,52.6,-8.0
349326455_35335888_0,60.99399948120117,60.33,56.61,59.15,-0.66
349326455_4002438195_0,60.167999267578125,59.58,51.09,55.05,-0.59
349326546_349326552_0,64.56199645996094,60.07,57.17,56.35,-4.49
349326546_83761715_0,69.66400146484375,61.93,60.88,59.55,-7.73
349326546_35335888_0,68.83799743652344,61.71,56.53,55.85,-7.13
349326552_349326546_0,64.56199645996094,60.07,57.17,56.35,-4.49
350344029_8087837595_0,64.22899627685547,63.36,61.66,58.1,-0.87
350344029_1335415565_0,63.59299850463867,62.9,58.33,59.4,-0.69
352752301_286483707_0,61.22100067138672,59.23,53.65,56.28,-1.99
354721858_766724345_0,59.67300033569336,56.99,57.89,59.83,-2.68
354721858_193547599_0,61.435001373291016,59.78,56.22,59.35,-1.66
354721858_354721859_0,61.117000579833984,55.19,50.36,50.35,-5.93
354721859_354721858_0,61.117000579833984,55.19,50.36,50.35,-5.93
354721859_3928535924_0,58.99399948120117,55.76,49.91,52.05,-3.23
354721859_683130949_0,62.61199951171875,57.78,55.66,52.1,-4.83
354721865_2407541523_0,72.41799926757812,62.06,54.37,59.65,-10.36
354721865_683130949_0,68.22699737548828,58.84,58.83,64.3,-9.39
354721865_193640963_0,72.05599975585938,60.63,56.25,60.05,-11.43
354723511_354723512_0,64.8030014038086,53.96,49.25,47.1,-10.84
354723511_192400916_0,61.03300094604492,56.45,59.08,52.87,-4.58
354723511_766724345_0,60.358001708984375,54.4,52.53,47.4,-5.96
354723512_354723523_0,61.12300109863281,53.78,44.65,45.05,-7.34
354723512_354723520_0,59.81399917602539,53.54,46.22,46.5,-6.27
354723512_354723511_0,64.8030014038086,53.96,49.25,47.1,-10.84
354723520_193594802_0,59.29399871826172,53.43,52.37,48.05,-5.86
354723520_354723512_0,59.81399917602539,53.54,46.22,46.5,-6.27
354723523_354723526_0,60.96599960327149,54.18,53.11,52.8,-6.79
354723523_354723525_0,57.6619987487793,53.34,44.08,45.05,-4.32
354723525_354723523_0,57.6619987487793,53.34,44.08,45.05,-4.32
354723525_354723520_0,56.9640007019043,53.08,41.67,43.95,-3.88
354723526_354723525_0,58.36399841308594,53.03,43.96,45.05,-5.33
354723526_766724350_0,58.76800155639648,53.35,51.31,53.1,-5.42
361643451_36163534_0,68.43699645996094,58.53,62.74,60.92,-9.91
361643451_8207493_0,66.25199890136719,59.07,60.45,60.88,-7.18
362076524_26033322_0,73.58499908447266,64.64,59.17,62.1,-8.94
362076524_26086273_0,69.01300048828125,62.59,62.15,60.1,-6.42
362076524_26033323_0,58.797000885009766,62.43,59.18,60.05,3.63
362076524_26033324_0,72.00599670410156,64.92,60.06,61.5,-7.09
365086531_26155370_0,64.77799987792969,58.69,52.71,53.5,-6.09
365086537_365086531_0,61.935001373291016,58.2,55.39,53.45,-3.74
365086537_26155370_0,65.40399932861328,58.44,53.4,53.95,-6.96
365117223_26464311_0,64.80400085449219,64.37,58.16,63.7,-0.43
365117223_365117235_0,63.31600189208984,63.1,56.42,57.9,-0.22
365117230_26464252_0,64.07599639892578,62.65,60.91,58.85,-1.43
365117230_8164417159_0,65.91400146484375,63.87,63.13,62.2,-2.04
365117230_365117238_0,62.69100189208984,62.8,56.93,56.95,0.11
365117235_365117223_0,63.31600189208984,63.1,56.42,57.9,-0.22
365117238_365117230_0,62.69100189208984,62.8,56.93,56.95,0.11
373205533_130144290_0,47.64599990844727,55.15,47.77,54.02,7.5
373205533_373205537_0,46.84400177001953,55.27,43.47,54.55,8.43
373205537_373205533_0,46.84400177001953,55.26,42.24,54.55,8.42
373205537_373344986_0,48.15999984741211,54.25,53.62,55.15,6.09
373344986_373205537_0,48.15999984741211,54.27,53.43,54.7,6.11
376378078_26035131_0,62.49399948120117,64.86,67.45,64.05,2.37
376378078_8832666439_0,71.79499816894531,66.14,67.78,64.95,-5.65
376961302_26315034_0,72.15899658203125,65.91,60.24,63.35,-6.25
376961302_8838192634_0,66.40699768066406,61.69,60.44,60.1,-4.72
378175582_26291349_0,71.49600219726562,64.74,63.33,65.25,-6.76
378212455_1678246930_0,63.04899978637695,60.01,49.99,56.55,-3.04
382011402_21992645_0,72.27100372314453,62.32,61.81,64.65,-9.95
382011402_382011406_0,72.38400268554688,67.09,60.45,65.1,-5.29
382011406_21855792_0,70.97899627685547,67.46,56.38,65.15,-3.52
384959104_25468090_0,72.15799713134766,64.97,61.77,65.7,-7.19
384959104_382011402_0,73.7770004272461,68.04,60.95,65.9,-5.74
384969605_242163341_0,65.02899932861328,56.74,61.59,55.95,-8.29
384969605_191988291_0,64.28199768066406,57.51,66.8,58.73,-6.77
388568803_325213183_0,71.54900360107422,63.32,68.18,59.9,-8.23
388568803_26155498_0,63.21799850463867,58.72,61.86,56.2,-4.5
394573341_1566655370_0,58.3650016784668,55.87,51.16,55.8,-2.5
394625990_2813114176_0,63.5629997253418,53.74,48.37,52.75,-9.82
409269451_8149426950_0,64.56500244140625,65.57,60.46,64.65,1.0
409269451_5456383765_0,65.31900024414062,65.46,62.7,64.7,0.14
409269452_8149426950_0,58.21200180053711,60.17,58.84,60.1,1.96
409269455_415638612_0,71.19200134277344,65.88,65.03,63.45,-5.31
409269455_26132251_0,57.262001037597656,61.72,60.63,58.8,4.46
409269455_415904109_0,71.7040023803711,62.97,63.68,62.3,-8.73
412247882_12046689741_0,70.08200073242188,62.41,60.39,55.99,-7.67
412247882_13203497040_0,72.41799926757812,62.71,60.34,56.84,-9.71
412291343_612951571_0,63.77899932861328,66.0,63.47,64.3,2.22
412291343_25499151_0,60.26300048828125,62.56,63.57,62.95,2.3
415638612_409269455_0,71.19200134277344,65.88,65.03,63.45,-5.31
415638612_25471053_0,70.74099731445312,65.68,65.36,63.55,-5.06
415904109_93856105_0,70.78600311279297,62.24,60.5,62.05,-8.55
415904109_415904110_0,62.0369987487793,60.39,61.81,60.6,-1.65
415904109_409269455_0,71.7040023803711,62.97,63.68,62.3,-8.73
415904110_415904109_0,62.0369987487793,60.39,61.81,60.6,-1.65
421813471_769175531_0,61.13899993896485,56.28,51.39,50.32,-4.86
421813471_21674920_0,64.7040023803711,57.27,60.99,59.22,-7.43
434308458_25303801_0,61.61800003051758,59.88,64.34,60.45,-1.74
434308458_26570169_0,73.11799621582031,64.64,65.15,64.65,-8.48
444667873_796917509_0,59.2869987487793,59.78,63.96,59.6,0.49
444667873_195250_0,64.50499725341797,65.55,65.89,62.45,1.05
458892770_27362272_0,63.20899963378906,58.46,55.85,60.2,-4.75
458892770_458892771_0,59.65700149536133,59.11,57.65,58.78,-0.55
458892771_458892770_0,59.65700149536133,59.11,57.65,58.78,-0.55
459797860_25321687_0,44.43299865722656,60.78,59.08,59.95,16.35
459797860_251047560_0,62.6609992980957,62.05,66.39,62.45,-0.61
459797860_1682387599_0,58.90399932861328,59.02,59.46,57.5,0.12
459797864_26317246_0,58.82899856567383,58.1,50.14,53.68,-0.73
459797864_6176375685_0,55.59600067138672,58.21,50.42,52.8,2.61
462923907_462923959_0,60.01399993896485,52.08,52.99,57.0,-7.93
462923907_1562156928_0,60.78499984741211,50.37,53.45,49.67,-10.41
462923959_463206232_0,59.516998291015625,50.72,48.38,52.7,-8.8
462923959_463206235_0,58.15900039672852,50.37,54.62,57.0,-7.79
462923959_462923907_0,60.01399993896485,52.08,52.99,57.0,-7.93
462923973_463206235_0,58.26800155639648,49.82,44.72,43.78,-8.45
463206232_462923959_0,59.516998291015625,50.71,48.38,52.7,-8.81
463206232_463290454_0,59.76900100708008,49.45,46.3,42.38,-10.32
463206232_463213236_0,59.51399993896485,49.24,45.95,45.08,-10.27
463206235_463290454_0,56.04100036621094,49.63,45.52,45.16,-6.41
463206235_462923959_0,58.15900039672852,50.37,54.62,57.0,-7.79
463206235_462923973_0,58.26800155639648,49.82,44.72,43.78,-8.45
463213236_463206232_0,59.51399993896485,49.24,45.95,45.08,-10.27
463290454_463290496_0,59.33000183105469,49.25,46.4,44.9,-10.08
463290454_463206232_0,59.76900100708008,49.45,46.3,42.38,-10.32
463290454_463206235_0,56.04100036621094,49.6,45.67,45.48,-6.44
463290496_463290454_0,59.33000183105469,49.25,46.4,44.9,-10.08
465470608_465470622_0,56.220001220703125,58.51,51.27,55.85,2.29
465470622_465470608_0,56.220001220703125,58.51,51.27,55.85,2.29
471133020_21717943_0,43.28400039672852,59.22,55.47,56.4,15.94
471133022_21717932_0,68.45800018310547,63.09,59.93,57.55,-5.37
471133022_21717939_0,68.89800262451172,62.79,61.12,57.45,-6.11
471133022_471133023_0,56.680999755859375,60.41,59.89,59.15,3.73
471133023_471133022_0,56.680999755859375,60.41,59.89,59.15,3.73
474605974_474605980_0,61.08399963378906,61.51,59.55,58.7,0.43
474605974_25321304_0,46.305999755859375,61.08,58.67,59.15,14.77
474605980_474605974_0,61.08399963378906,61.51,59.55,58.7,0.43
474605986_474605980_0,62.74300003051758,62.82,65.4,64.35,0.08
474605986_21993017_0,71.4020004272461,70.95,63.23,65.15,-0.45
475003534_25334263_0,60.91600036621094,62.02,58.28,60.35,1.1
479185290_479185301_0,60.887001037597656,62.29,58.02,59.3,1.4
479185290_25173835_0,65.34500122070312,62.87,65.18,64.8,-2.48
479185301_479185309_0,60.10599899291992,61.85,52.04,56.1,1.74
479185301_479185290_0,60.887001037597656,62.28,58.02,59.25,1.39
479185303_479185309_0,60.34400177001953,60.6,52.0,52.03,0.26
479185303_479185290_0,56.51300048828125,61.47,56.23,57.5,4.96
479185309_495424862_0,58.44100189208984,61.03,57.36,56.65,2.59
479185309_479185301_0,60.10599899291992,61.84,52.57,56.1,1.73
480971528_25499153_0,61.012001037597656,62.36,58.03,62.45,1.35
492424673_21510484_0,58.26800155639648,56.01,64.22,56.55,-2.26
492424673_13386275426_0,55.33700180053711,52.56,52.23,47.55,-2.78
492424673_21510491_0,60.16600036621094,53.27,62.89,56.05,-6.9
492460101_8433940_0,44.2140007019043,58.2,60.15,60.9,13.99
493545513_25470101_0,64.03199768066406,55.14,55.74,61.75,-8.89
494425777_35218655_0,58.042999267578125,59.34,59.46,61.0,1.3
494425777_1975462251_0,59.59799957275391,57.53,50.78,51.32,-2.07
495424862_25175778_0,58.71900177001953,61.78,54.79,60.45,3.06
495424862_500434722_0,56.89400100708008,60.5,52.83,55.05,3.61
495424862_479185309_0,58.44100189208984,61.03,57.36,56.65,2.59
495424862_479185303_0,55.180999755859375,60.89,56.05,56.95,5.71
500434722_495424862_0,56.89400100708008,60.5,52.83,55.05,3.61
500434722_26086288_0,56.5989990234375,59.95,56.77,55.2,3.35
500434722_25175764_0,60.025001525878906,60.7,55.63,60.1,0.67
504557626_504557631_0,62.492000579833984,54.09,64.76,54.5,-8.4
504557626_8433940_0,60.10900115966797,57.62,57.02,60.05,-2.49
504557631_492460101_0,58.17699813842773,54.11,65.52,52.85,-4.07
504557631_12253467275_0,59.29800033569336,54.11,61.2,50.2,-5.19
522100855_6185336869_0,58.95100021362305,60.0,51.01,54.45,1.05
522100855_195271_0,58.32799911499024,59.97,55.29,57.35,1.64
528993508_1988830557_0,69.52400207519531,66.04,66.78,64.7,-3.48
528993508_34387221_0,72.06600189208984,72.16,62.88,65.0,0.09
528993516_25319178_0,61.09999847412109,62.59,62.45,60.65,1.49
528993516_1988830557_0,62.84000015258789,63.12,65.04,61.95,0.28
528993516_25932614_0,62.28400039672852,61.53,56.02,53.65,-0.75
529122835_35224293_0,58.00199890136719,54.28,47.68,46.45,-3.72
529913055_206188664_0,58.59099960327149,54.12,47.78,47.95,-4.47
554199956_554199961_0,52.26499938964844,59.98,66.73,60.25,7.72
554199956_25327127_0,72.81300354003906,66.47,67.07,63.5,-6.34
554199961_25316263_0,58.92900085449219,60.67,65.48,59.1,1.74
554237881_4968768578_0,70.43399810791016,64.29,61.61,63.15,-6.14
554237881_569061957_0,64.16200256347656,60.87,59.5,60.9,-3.29
554237881_26084660_0,70.08499908447266,65.8,65.05,64.5,-4.28
564782189_27362898_0,46.823001861572266,59.03,59.49,60.3,12.21
565368324_21993013_0,59.823001861572266,61.81,57.28,59.75,1.99
565368324_21992981_0,59.61899948120117,61.96,57.55,61.65,2.34
565375197_26317248_0,70.44300079345703,63.65,65.67,64.35,-6.79
565375197_1682387615_0,57.31900024414063,59.31,59.47,58.7,1.99
565375197_26125366_0,70.84500122070312,64.16,64.52,62.9,-6.69
565447495_25450963_0,60.19599914550781,61.48,60.1,59.7,1.28
565447495_565447496_0,60.39799880981445,61.35,59.65,60.6,0.95
565447496_25450959_0,62.979000091552734,61.04,55.23,58.2,-1.94
567809298_3002320972_0,58.92699813842773,56.11,45.56,49.2,-2.82
567871880_8393613661_0,61.90299987792969,57.69,59.55,58.65,-4.21
567871880_3002320972_0,62.2239990234375,56.69,46.05,51.5,-5.53
567871880_567871882_0,58.53400039672852,56.35,48.01,49.2,-2.18
567871882_567871880_0,58.53400039672852,56.35,48.01,49.2,-2.18
567871882_567871887_0,55.66299819946289,56.3,51.37,50.15,0.64
567871885_26084483_0,57.73899841308594,56.44,50.73,51.25,-1.3
567871885_26084475_0,58.43600082397461,56.4,52.6,50.88,-2.04
567871887_567871882_0,55.66299819946289,56.3,51.37,50.15,0.64
567871887_567871891_0,60.37699890136719,56.65,50.43,49.7,-3.73
567871889_26084483_0,61.63899993896485,56.78,53.44,52.21,-4.86
567871889_567871891_0,61.8120002746582,56.93,49.6,50.75,-4.88
567871889_567871890_0,53.071998596191406,56.36,47.65,49.15,3.29
567871890_1301805013_0,57.57799911499024,56.67,46.97,48.35,-0.91
567871891_567871889_0,61.8120002746582,56.93,49.6,50.75,-4.88
567871891_567871887_0,60.37699890136719,56.65,50.43,49.7,-3.73
567871891_1445329952_0,59.64300155639648,56.81,52.96,51.4,-2.83
568297644_32533203_0,57.07799911499024,56.67,58.99,55.7,-0.41
569050800_26084717_0,65.78800201416016,55.43,48.8,50.85,-10.36
569061956_26120306_0,70.94000244140625,63.46,64.02,58.95,-7.48
569061956_569061957_0,71.67500305175781,64.26,58.34,59.35,-7.42
569061957_25468219_0,70.78399658203125,63.43,62.13,57.3,-7.35
569061957_569061956_0,71.67500305175781,64.26,58.34,59.35,-7.42
570764061_26289593_0,60.78799819946289,57.65,59.76,58.3,-3.14
570764061_26289580_0,55.59199905395508,57.47,52.24,52.27,1.88
571794836_8794404140_0,69.20700073242188,63.94,61.21,63.2,-5.27
571794836_6918506361_0,68.38999938964844,63.98,61.78,62.6,-4.41
598174281_26289580_0,58.141998291015625,57.12,49.05,49.5,-1.02
598174281_26289590_0,57.59600067138672,56.91,50.34,50.91,-0.69
598174281_598174386_0,58.11600112915039,57.24,48.12,51.15,-0.88
598174386_26289581_0,56.57400131225586,57.29,47.45,50.8,0.72
598174386_26289584_0,58.11100006103516,57.24,48.01,51.05,-0.87
598174386_598174281_0,58.11600112915039,57.24,48.12,51.15,-0.88
600734173_4675415578_0,70.97699737548828,63.42,60.01,59.75,-7.56
600734173_11917574941_0,60.58300018310547,58.55,57.32,60.6,-2.03
600816158_26084661_0,73.4010009765625,69.57,64.06,66.7,-3.83
600816158_600816161_0,69.18299865722656,68.71,67.48,64.9,-0.47
600816158_8764216683_0,72.58699798583984,70.52,67.6,59.28,-2.07
600816161_25499161_0,72.52799987792969,71.34,66.12,67.45,-1.19
600873562_25549075_0,72.35399627685547,69.65,67.34,67.1,-2.7
600873562_27359746_0,60.72999954223633,63.42,62.22,63.8,2.69
600873562_27359753_0,72.86100006103516,68.91,65.61,65.95,-3.95
601393134_173030870_0,76.41600036621094,65.64,61.26,61.58,-10.78
611630141_195256_0,72.90899658203125,69.91,69.34,62.7,-3.0
611630141_1468747927_0,72.00800323486328,69.15,67.88,62.35,-2.86
612426770_25306186_0,61.87099838256836,61.02,53.55,57.95,-0.85
612951571_8771456495_0,69.0739974975586,69.02,68.22,65.85,-0.05
624172842_25610774_0,71.76000213623047,64.1,63.77,57.5,-7.66
624172842_26464257_0,64.89800262451172,61.12,63.38,59.2,-3.78
624172842_26463665_0,70.697998046875,64.91,59.94,58.0,-5.79
624172864_26155475_0,63.24399948120117,58.85,66.47,56.45,-4.39
624172864_25303807_0,71.28700256347656,62.18,66.05,58.7,-9.11
624172886_26149147_0,64.28500366210938,57.96,62.64,58.45,-6.33
637043151_26084600_0,61.22999954223633,56.52,50.92,50.65,-4.71
639533077_26289584_0,57.92699813842773,56.98,48.84,50.9,-0.95
639533077_26289590_0,59.05799865722656,57.09,49.55,50.3,-1.97
639567628_695208116_0,63.11100006103516,61.84,65.58,63.7,-1.27
639567628_21604553_0,70.59700012207031,66.76,66.31,64.4,-3.84
640541652_25336254_0,70.29499816894531,62.29,66.09,65.85,-8.0
644880770_21604600_0,71.75199890136719,69.62,63.25,64.1,-2.13
653293588_26084554_0,61.17599868774414,57.11,62.17,55.75,-4.07
653293588_26084497_0,70.8239974975586,59.46,60.81,57.3,-11.36
653293588_26084608_0,71.61000061035156,60.57,59.93,63.2,-11.04
654019202_25471074_0,65.20500183105469,68.66,63.8,63.95,3.45
654019202_984186473_0,65.9540023803711,67.9,65.13,63.95,1.95
663650062_26058148_0,62.66299819946289,62.04,60.42,60.0,-0.62
663650062_663650206_0,69.9530029296875,60.22,61.26,63.15,-9.73
663650132_663650175_0,58.65399932861328,60.98,59.03,58.7,2.33
663650132_26058158_0,62.53499984741211,67.44,58.41,63.75,4.91
663650175_277045916_0,58.35499954223633,59.34,52.67,58.15,0.99
663650206_26058690_0,69.17500305175781,61.68,61.17,62.5,-7.5
663650234_26058664_0,59.18600082397461,62.24,62.7,58.5,3.05
663650280_25337459_0,61.72600173950195,63.51,59.93,61.55,1.78
663650280_24009837_0,72.2959976196289,75.98,63.96,64.2,3.68
673414894_206228620_0,57.85100173950195,48.03,41.4,42.39,-9.82
683130949_354721865_0,68.22699737548828,58.84,58.83,64.3,-9.39
683130949_193547599_0,64.04000091552734,58.29,57.99,61.46,-5.75
683130949_354721859_0,62.61199951171875,57.78,55.66,52.1,-4.83
695208116_761253220_0,63.08200073242188,60.9,56.37,57.2,-2.18
704420283_193556833_0,62.483001708984375,51.66,43.53,41.87,-10.82
712909224_25312144_0,70.08100128173828,59.42,60.13,61.2,-10.66
712909224_25312137_0,79.62100219726562,60.41,62.66,62.35,-19.21
712909224_1085295539_0,80.08799743652344,60.25,67.77,61.85,-19.84
712926919_6588120227_0,59.96900177001953,55.95,63.41,58.55,-4.02
712926919_35678468_0,63.13999938964844,58.69,60.65,58.35,-4.45
712926919_27487299_0,60.50199890136719,58.46,61.34,63.0,-2.04
726655170_13125812950_0,67.8489990234375,59.38,46.49,51.2,-8.47
728283326_728283328_0,59.50899887084961,62.59,60.5,60.45,3.08
728283326_26009822_0,64.77200317382812,64.81,66.08,63.35,0.04
728283328_8831659639_0,63.83200073242188,62.98,61.47,62.2,-0.85
730804047_25620809_0,63.95700073242188,61.97,54.22,54.9,-1.99
730804047_7554999969_0,65.9229965209961,61.54,53.27,54.94,-4.38
746310128_244419508_0,74.0780029296875,66.13,63.07,64.45,-7.95
746310128_26052732_0,75.55599975585938,65.19,61.78,65.3,-10.37
761253220_25319194_0,61.04499816894531,62.67,65.49,61.9,1.63
766724345_193640963_0,62.46699905395508,57.56,61.77,64.3,-4.91
766724345_354721858_0,59.67300033569336,56.99,57.89,59.83,-2.68
766724345_354723511_0,60.358001708984375,54.36,52.21,47.55,-6.0
766724350_193594802_0,58.91899871826172,55.02,55.13,54.95,-3.9
766724350_193556734_0,59.35599899291992,57.62,60.44,58.3,-1.74
766724350_354723526_0,58.76800155639648,53.35,51.31,53.1,-5.42
767472407_193556833_0,57.51100158691406,50.89,42.73,41.89,-6.62
767485175_3803779330_0,58.5989990234375,54.91,49.66,49.5,-3.69
767485175_767485184_0,59.21099853515625,56.81,56.15,53.7,-2.4
767485175_4670515495_0,62.68399810791016,56.47,52.65,52.7,-6.21
767485184_192942533_0,63.82400131225586,58.3,57.87,59.77,-5.52
767485184_767485175_0,59.21099853515625,56.79,56.15,53.7,-2.42
767485184_192942470_0,63.45700073242188,56.43,54.7,54.8,-7.03
769175531_421813471_0,61.13899993896485,56.27,51.39,50.22,-4.87
769175574_421813471_0,56.823001861572266,56.47,54.0,50.2,-0.35
769175574_13077513238_0,55.641998291015625,55.76,57.73,50.55,0.12
775494838_158244562_0,58.61399841308594,55.81,58.96,54.65,-2.8
775581408_25149512_0,66.45700073242188,60.5,60.27,58.9,-5.96
775581409_775581412_0,70.0479965209961,62.01,61.63,61.2,-8.04
775581412_103794940_0,72.7229995727539,60.78,63.57,62.85,-11.94
775581412_775581417_0,70.79000091552734,61.09,66.26,60.85,-9.7
775581417_775581408_0,66.15499877929688,59.28,62.56,61.05,-6.87
775581417_775581409_0,69.25299835205078,62.15,64.79,61.45,-7.1
779459233_1513320539_0,68.48500061035156,64.01,68.59,64.45,-4.48
779459233_35213523_0,62.367000579833984,56.15,57.33,58.4,-6.22
779459233_1513320537_0,65.26100158691406,60.7,64.42,64.25,-4.56
792818869_1819177531_0,61.62099838256836,58.65,48.91,56.01,-2.97
792818869_313690625_0,59.95399856567383,58.23,51.04,56.71,-1.72
796917475_18697400_0,59.573001861572266,60.98,60.85,58.65,1.41
796917509_25337452_0,59.95899963378906,59.79,63.16,61.15,-0.17
796917509_8244994756_0,59.07699966430664,61.37,59.03,57.4,2.29
796918086_1475230728_0,62.72999954223633,61.44,54.53,57.4,-1.29
796918086_1475230723_0,62.540000915527344,64.4,59.4,59.8,1.86
821517829_821518051_0,67.47000122070312,62.84,66.38,62.15,-4.63
821517829_8358135_0,72.08300018310547,69.67,65.75,65.15,-2.41
821518051_26054497_0,67.76200103759766,67.73,60.78,64.75,-0.03
828689641_193556833_0,58.41999816894531,51.38,47.22,46.92,-7.04
828689641_828689708_0,58.32600021362305,52.97,52.77,48.17,-5.36
828689641_4945814675_0,58.27199935913086,51.89,49.26,47.97,-6.38
828689708_828689641_0,58.32600021362305,52.97,52.77,48.17,-5.36
828689708_828689641_1,60.0629997253418,52.59,51.74,49.32,-7.47
828689708_2320137738_0,59.48699951171875,55.76,63.53,58.7,-3.73
828689708_4945814674_0,59.33200073242188,52.61,49.37,46.74,-6.72
829114756_829114772_0,58.37300109863281,54.68,46.38,49.05,-3.69
829114756_34815650_0,58.41600036621094,55.56,51.98,56.4,-2.86
829114756_5947881174_0,58.98099899291992,54.8,50.27,49.5,-4.18
829114756_829114764_0,58.678001403808594,54.81,48.7,47.3,-3.87
829114764_829114756_0,58.678001403808594,54.81,48.7,47.3,-3.87
829114764_34815652_0,60.80699920654297,56.25,60.16,57.2,-4.56
829114764_829114765_0,59.14099884033203,55.19,46.39,46.0,-3.95
829114765_829114764_0,59.14099884033203,55.19,46.39,46.0,-3.95
829114772_829114756_0,58.37300109863281,54.68,46.38,49.05,-3.69
829114772_831557303_0,61.05400085449219,55.13,53.01,53.65,-5.92
829114775_5947881174_0,54.72999954223633,53.63,43.58,45.6,-1.1
829528478_24485759_0,76.98400115966797,69.32,61.55,65.4,-7.66
829528479_829528478_0,78.81999969482422,70.65,63.59,67.05,-8.17
829528480_195232_0,78.02100372314453,67.73,65.17,64.9,-10.29
831557303_27487299_0,69.6780014038086,56.47,55.82,58.65,-13.21
831557317_958117950_0,72.927001953125,61.99,65.65,63.5,-10.94
831557317_27503214_0,71.9540023803711,62.73,61.46,58.32,-9.22
831557378_831557317_0,73.41999816894531,62.68,66.27,58.0,-10.74
832449658_4619742911_0,71.89199829101562,63.45,66.94,64.65,-8.44
832449658_832449690_0,71.89199829101562,63.21,64.97,64.4,-8.68
832449681_35960758_0,73.46800231933594,67.08,63.03,64.95,-6.39
832449681_262860522_0,70.33499908447266,63.01,63.55,64.15,-7.32
832449686_35960758_0,71.04900360107422,62.77,62.68,64.4,-8.28
832449690_832449681_0,75.88700103759766,63.67,63.04,64.65,-12.22
832449690_4619742911_0,75.88700103759766,65.85,60.32,63.85,-10.04
836850031_2512682731_0,69.23300170898438,66.53,61.45,64.6,-2.7
836850034_836850031_0,68.625,68.35,64.43,66.25,-0.28
836850034_1313906691_0,71.87200164794922,71.98,63.91,65.7,0.11
838347881_838347933_0,69.01599884033203,64.91,67.55,64.65,-4.11
838347915_23669387_0,63.98400115966797,59.14,59.82,60.55,-4.84
838347915_24484923_0,59.5,57.58,54.79,53.1,-1.92
838347919_24484941_0,59.34099960327149,57.3,61.46,57.9,-2.04
838347919_838347881_0,70.80799865722656,61.99,65.75,65.35,-8.82
838347921_26480607_0,69.52999877929688,65.1,66.21,64.5,-4.43
838347933_838347921_0,68.64099884033203,66.31,65.39,64.9,-2.33
838347933_918297329_0,65.71299743652344,62.86,64.96,64.3,-2.85
843129903_59640013_0,70.25499725341797,65.97,65.69,65.9,-4.28
843129903_11220462278_0,56.93600082397461,59.22,61.89,63.5,2.28
843129903_59640254_0,70.69000244140625,64.21,63.1,66.85,-6.48
864608478_26149159_0,69.0770034790039,59.97,47.87,51.35,-9.11
864608478_26149164_0,60.06499862670898,55.32,48.32,50.7,-4.74
868438829_26155375_0,61.85300064086914,56.63,55.88,56.2,-5.22
868450596_26480182_0,76.71199798583984,67.83,63.34,65.65,-8.88
868450596_35291282_0,71.98999786376953,61.11,65.49,64.9,-10.88
868450680_868450596_0,76.03199768066406,68.08,63.72,65.8,-7.95
868450680_26740270_0,71.98400115966797,67.49,63.79,64.95,-4.49
868450830_26726769_0,70.43900299072266,65.35,59.23,62.05,-5.09
868450830_31923945_0,67.27200317382812,64.49,59.16,61.65,-2.78
891129815_25624143_0,68.83100128173828,62.3,61.38,59.3,-6.53
891129815_891129825_0,69.01799774169922,67.05,63.3,65.1,-1.97
891129818_25624144_0,68.73100280761719,62.11,59.08,58.65,-6.62
891129818_891129815_0,68.62100219726562,65.44,64.06,61.05,-3.18
891129825_25624160_0,69.6969985961914,67.66,64.94,65.8,-2.04
891129825_8168902712_0,70.08599853515625,68.71,62.72,64.65,-1.38
918297329_24809679_0,61.62799835205078,60.9,66.22,61.8,-0.73
918297329_838347921_0,65.71299743652344,63.13,67.83,64.35,-2.58
928170072_25468218_0,70.9260025024414,62.57,63.44,58.65,-8.36
928170072_25468217_0,70.98600006103516,61.37,60.11,58.75,-9.62
932576340_8087899721_0,72.10199737548828,69.38,64.19,64.45,-2.72
932576342_8087899724_0,61.00600051879883,64.4,63.99,63.55,3.39
932576343_21714980_0,74.38999938964844,68.27,65.24,64.1,-6.12
937080671_29980142_0,58.41999816894531,54.73,55.0,49.28,-3.69
958040717_22216548_0,72.41300201416016,64.91,60.96,66.2,-7.5
958117915_829528479_0,68.73400115966797,60.98,64.45,66.15,-7.75
958117915_5706947070_0,59.52000045776367,59.31,50.5,55.9,-0.21
958117950_33255445_0,75.75,64.31,63.63,62.5,-11.44
959373323_1468502076_0,68.70700073242188,63.08,63.5,64.25,-5.63
959373323_959373476_0,75.26399993896484,64.57,64.19,63.65,-10.69
959373323_26480370_0,76.21900177001953,68.25,60.38,63.6,-7.97
959373357_959373509_0,71.86900329589844,70.22,59.21,63.9,-1.65
959373366_273218195_0,60.13800048828125,61.87,60.33,60.9,1.73
959373366_959373590_0,71.88600158691406,64.04,64.09,62.15,-7.85
959373366_1845251154_0,73.27400207519531,64.32,62.76,64.35,-8.95
959373377_26583858_0,65.18499755859375,61.19,55.19,55.95,-3.99
959373377_25743306_0,63.54899978637695,59.58,55.37,54.6,-3.97
959373467_26106449_0,60.02799987792969,60.78,61.27,61.05,0.75
959373467_959373590_0,71.55500030517578,63.74,65.01,63.05,-7.82
959373467_12946029718_0,69.98200225830078,63.95,67.48,64.05,-6.03
959373476_7469501_0,78.19200134277344,69.05,63.39,62.8,-9.14
959373498_273216478_0,72.23699951171875,63.44,63.7,64.35,-8.8
959373498_12942464148_0,72.23699951171875,63.08,63.85,63.9,-9.16
959373509_26016378_0,70.06099700927734,66.78,62.28,63.65,-3.28
959373509_1029524866_0,62.94599914550781,57.0,62.39,59.05,-5.95
959373590_959373366_0,71.88600158691406,64.04,64.09,62.15,-7.85
959373590_12946029730_0,71.66500091552734,64.31,65.17,62.75,-7.36
959373590_959373467_0,71.55500030517578,63.74,63.39,63.0,-7.82
959438333_9218729159_0,76.41600036621094,64.73,65.36,65.85,-11.69
967133152_18697415_0,72.9229965209961,70.21,64.11,67.55,-2.71
974116096_974116113_0,60.479000091552734,60.73,62.2,61.97,0.25
974116109_8753184569_0,74.2020034790039,69.1,63.27,64.75,-5.1
974116109_974116113_0,60.65499877929688,61.12,60.02,60.35,0.47
974116113_974116096_0,60.479000091552734,60.73,62.2,61.97,0.25
974116113_27359810_0,60.35499954223633,61.41,58.88,59.3,1.06
974116113_974116109_0,60.65499877929688,61.11,60.02,60.3,0.46
975232215_6280901389_0,71.12300109863281,79.3,67.95,69.0,8.18
975656240_25258525_0,63.01800155639648,62.58,50.75,57.95,-0.44
975656240_7262708549_0,61.62300109863281,62.48,53.07,58.2,0.86
975886496_26033323_0,60.84400177001953,62.44,61.91,59.7,1.6
975886496_6185376346_0,61.49300003051758,62.49,61.32,59.65,1.0
975886496_26033324_0,67.76000213623047,64.6,59.38,61.85,-3.16
980961157_980961478_0,69.11199951171875,57.59,56.54,57.74,-11.52
980961157_165860035_0,73.06999969482422,63.31,59.44,65.1,-9.76
980961157_165860094_0,74.5270004272461,63.54,64.88,65.25,-10.99
980961292_980961326_0,63.2760009765625,56.56,51.62,55.18,-6.72
980961326_980961292_0,63.2760009765625,56.58,49.82,55.22,-6.7
980961326_980961403_0,63.33200073242188,57.14,55.65,55.78,-6.19
980961334_980961403_0,62.06800079345703,57.76,60.85,58.05,-4.31
980961334_165860094_0,67.26000213623047,58.39,59.27,53.98,-8.87
980961403_980961478_0,64.82099914550781,57.67,55.79,55.4,-7.15
980961403_980961326_0,63.33200073242188,57.14,55.65,55.78,-6.19
980961478_165860107_0,69.22799682617188,57.54,56.03,55.42,-11.69
980961478_980961157_0,69.11199951171875,57.59,56.54,57.74,-11.52
984186416_25471074_0,65.35199737548828,65.17,55.23,62.3,-0.18
984186416_26132210_0,63.70899963378906,64.83,54.85,62.1,1.12
984186436_8887828392_0,71.4219970703125,67.49,63.64,65.7,-3.93
984186437_984186436_0,68.9469985961914,66.22,64.67,66.8,-2.73
984186437_8168938357_0,67.17900085449219,67.27,67.88,67.3,0.09
984186472_25471730_0,71.4020004272461,68.36,66.07,65.8,-3.04
984186473_984186472_0,68.14600372314453,67.91,69.9,66.25,-0.24
984186473_8168938359_0,68.20899963378906,68.59,67.07,67.15,0.38
987974102_130143380_0,65.22200012207031,61.75,56.91,58.0,-3.47
987974102_36855706_0,61.797000885009766,60.17,57.98,62.25,-1.63
988334554_191918607_0,60.47700119018555,58.25,64.76,58.2,-2.23
988334561_191918612_0,59.8650016784668,57.59,64.24,58.25,-2.28
991648001_25258530_0,61.13800048828125,64.72,64.81,60.2,3.58
993523742_35222919_0,59.67900085449219,55.65,47.77,49.72,-4.03
993523742_35222952_0,46.417999267578125,55.07,46.39,47.82,8.65
998858998_12616427837_0,70.42900085449219,60.95,58.91,63.25,-9.48
998858998_324451922_0,72.5260009765625,60.93,65.01,63.35,-11.6
998858998_998859048_0,68.46199798583984,57.37,60.43,58.9,-11.09
998859048_998858998_0,68.46199798583984,57.37,60.43,58.9,-11.09
998859048_35210587_0,60.198001861572266,57.18,58.99,54.9,-3.02
1011010986_25327140_0,70.05899810791016,63.28,64.95,66.1,-6.78
1026030476_2587605830_0,70.54100036621094,64.14,65.33,64.8,-6.4
1026030476_8149518874_0,68.68099975585938,63.13,65.51,64.78,-5.55
1026166670_25319181_0,71.08100128173828,70.85,60.71,62.85,-0.23
1026166670_25310905_0,62.1619987487793,62.36,66.89,61.35,0.2
1026456196_8820578231_0,74.60900115966797,65.21,66.54,64.5,-9.4
1026456196_347712111_0,73.5199966430664,64.55,65.7,64.1,-8.97
1026456196_8814683278_0,76.1240005493164,65.6,65.07,64.3,-10.52
1026456214_26108005_0,70.37200164794922,61.77,59.73,60.8,-8.6
1026456214_10100374427_0,68.29100036621094,60.07,61.26,61.4,-8.22
1026456304_25632869_0,76.57499694824219,64.03,68.87,63.28,-12.54
1026456304_8821236057_0,75.64199829101562,64.62,65.43,64.15,-11.02
1026456311_8814402873_0,69.78199768066406,64.7,66.53,63.5,-5.08
1026456311_26289489_0,68.58300018310547,63.27,63.89,62.9,-5.31
1028320700_27362558_0,71.74600219726562,66.14,62.9,61.95,-5.61
1028380043_8087802997_0,71.01300048828125,65.8,67.07,66.15,-5.21
1028380059_25624666_0,62.79600143432617,63.52,61.2,62.45,0.72
1028380059_8087821651_0,63.08599853515625,63.97,61.5,62.45,0.88
1029435020_16564364_0,78.20099639892578,67.86,70.13,65.65,-10.34
1029435116_25632869_0,77.98100280761719,67.64,66.65,65.55,-10.34
1029435143_1375748677_0,79.60800170898438,66.94,66.73,64.9,-12.67
1029506954_33252250_0,77.5270004272461,63.92,55.53,56.8,-13.61
1029524866_1029524884_0,63.20700073242188,58.72,53.03,56.45,-4.49
1029524884_21597593_0,62.65299987792969,58.27,59.19,62.65,-4.38
1029524884_21597590_0,61.6870002746582,55.61,51.4,53.5,-6.08
1029591870_21604594_0,70.70099639892578,69.76,69.15,67.4,-0.94
1032776486_868450596_0,72.33699798583984,67.79,63.82,65.55,-4.55
1032776486_26480182_0,75.0719985961914,67.46,62.98,65.0,-7.61
1034922644_35216590_0,69.03900146484375,64.42,65.77,62.4,-4.62
1034922644_9362515477_0,68.66699981689453,65.54,62.84,63.75,-3.13
1035871834_25152928_0,63.255001068115234,65.18,60.18,64.4,1.92
1035871834_18697385_0,62.62099838256836,65.77,60.61,64.2,3.15
1035871899_25499134_0,62.99599838256836,62.68,63.11,60.95,-0.32
1035871899_25153067_0,63.229000091552734,66.36,62.71,63.9,3.13
1036025279_26053570_0,56.2239990234375,59.02,56.62,56.7,2.8
1036025279_26079707_0,60.79499816894531,60.36,51.68,55.5,-0.43
1036842114_2841904730_0,70.6510009765625,68.19,67.13,65.95,-2.46
1036842184_25306024_0,58.854000091552734,62.39,62.54,59.2,3.54
1036842184_15925438_0,60.18299865722656,62.83,62.05,60.65,2.65
1036842321_25258741_0,65.54199981689453,62.6,57.48,59.5,-2.94
1036842321_4892381215_0,71.60600280761719,66.28,60.81,64.55,-5.33
1037249830_26009844_0,61.946998596191406,63.29,62.39,61.55,1.34
1037249830_26057013_0,64.09600067138672,63.62,61.98,60.25,-0.48
1037257409_1037257425_0,65.76300048828125,55.46,58.96,62.67,-10.3
1037257423_24810638_0,77.56999969482422,66.89,63.49,65.1,-10.68
1037257423_195231_0,75.87799835205078,69.4,66.17,65.5,-6.48
1037257423_26575616_0,75.8030014038086,68.95,65.63,65.75,-6.85
1037257425_1037257409_0,59.9370002746582,56.08,51.0,50.8,-3.86
1037257431_1037257439_0,63.01300048828125,59.24,53.2,55.7,-3.77
1037257431_24809692_0,63.70500183105469,61.35,57.71,56.9,-2.36
1037257437_26575615_0,73.76300048828125,61.14,56.39,59.1,-12.62
1037257437_1037257442_0,72.48899841308594,59.55,52.52,59.45,-12.94
1037257439_24809679_0,62.220001220703125,59.44,53.71,55.95,-2.78
1037257439_24809692_0,63.01300048828125,59.51,53.83,55.3,-3.5
1037257442_26575615_0,72.9020004272461,64.49,60.66,59.6,-8.41
1039285693_226202090_0,60.43000030517578,62.13,59.23,59.5,1.7
1039285693_8088285556_0,72.6709976196289,70.57,65.06,66.35,-2.1
1039285712_25152616_0,61.7859992980957,64.84,58.09,62.05,3.05
1042501483_27362272_0,73.76599884033203,66.38,59.35,64.3,-7.39
1042501525_4756679808_0,74.26300048828125,65.85,62.96,65.4,-8.41
1042749170_25316191_0,67.60700225830078,63.29,59.54,64.15,-4.32
1042749196_25327132_0,60.26499938964844,62.93,61.72,60.95,2.67
1042749228_25316399_0,59.29399871826172,61.74,60.91,60.3,2.45
1042749232_7469500_0,70.63800048828125,68.89,62.58,65.6,-1.75
1042749232_8274304171_0,74.48999786376953,68.51,63.76,66.15,-5.98
1042749273_1042749277_0,73.35299682617188,64.45,61.26,63.5,-8.9
1042749273_25316257_0,61.46900177001953,60.63,60.19,59.75,-0.84
1042749277_1042749384_0,73.54499816894531,64.59,60.34,64.3,-8.95
1042749303_9499384367_0,65.48400115966797,62.19,64.5,62.45,-3.29
1042749303_1042749273_0,72.49099731445312,65.88,64.96,63.7,-6.61
1042749309_21674809_0,60.44400024414063,58.74,51.75,53.9,-1.7
1042749384_1042749232_0,75.62699890136719,70.14,58.73,64.05,-5.49
1042749613_25316187_0,61.766998291015625,58.37,48.55,53.95,-3.4
1044597132_26597601_0,72.58100128173828,57.52,54.27,58.7,-15.06
1047333069_6322684553_0,66.75499725341797,53.67,48.82,53.45,-13.08
1048056117_192085382_0,60.05400085449219,56.29,50.67,49.0,-3.76
1048058586_192085381_0,59.8120002746582,55.23,50.24,48.3,-4.58
1048058586_243786720_0,61.63899993896485,55.25,52.66,51.5,-6.39
1049498000_6900796839_0,72.88999938964844,63.47,65.3,66.1,-9.42
1049498000_26723896_0,67.81999969482422,57.73,63.08,55.9,-10.09
1051082303_26009778_0,60.61899948120117,54.14,52.43,48.97,-6.48
1051082303_26009776_0,58.792999267578125,53.75,56.4,49.52,-5.04
1051082321_26336373_0,64.2699966430664,57.97,59.16,55.95,-6.3
1056701798_26731893_0,68.1719970703125,66.96,61.55,61.12,-1.21
1085295539_1301750261_0,70.67500305175781,59.04,65.74,59.45,-11.64
1085295539_34820017_0,77.98300170898438,60.95,70.14,62.35,-17.03
1085295539_712909224_0,80.08799743652344,60.25,67.77,61.85,-19.84
1102932059_35964716_0,57.48199844360352,57.42,56.39,57.2,-0.06
1104884201_3760583994_0,69.21600341796875,60.94,54.14,63.95,-8.28
1104884203_1104884201_0,68.68399810791016,55.74,56.43,54.6,-12.94
1104884203_270323561_0,69.03199768066406,61.27,54.43,63.9,-7.76
1104884206_1104884203_0,67.93800354003906,60.55,51.3,58.65,-7.39
1104884206_270323560_0,65.4209976196289,57.53,53.77,58.7,-7.89
1106667340_33254090_0,78.5459976196289,64.1,52.47,58.32,-14.45
1106667340_1106667365_0,84.71499633789062,66.79,67.51,66.0,-17.92
1106667365_16566904_0,77.64800262451172,68.42,70.21,65.15,-9.23
1106667365_5383127261_0,77.84500122070312,64.0,70.24,64.75,-13.85
1106667365_33254619_0,77.25499725341797,68.33,68.12,65.85,-8.92
1126334635_22145874_0,86.01399993896484,67.13,65.55,64.9,-18.88
1126334642_25248947_0,78.08000183105469,68.61,63.26,65.5,-9.47
1126334642_22145874_0,79.28099822998047,69.36,62.1,65.65,-9.92
1126341696_33256996_0,80.4010009765625,66.58,64.86,63.1,-13.82
1126341696_26340341_0,78.56999969482422,66.38,55.54,57.05,-12.19
1148982717_1148982730_0,70.19599914550781,58.78,60.41,61.05,-11.42
1148982717_25495299_0,68.12300109863281,57.32,60.05,60.6,-10.8
1148982723_1148982730_0,68.12300109863281,58.81,58.3,61.0,-9.31
1148982723_25495299_0,68.12300109863281,58.89,55.74,61.2,-9.23
1148982723_21789166_0,67.2959976196289,58.52,57.38,61.4,-8.78
1148982729_1148982743_0,68.46700286865234,61.0,65.58,63.65,-7.47
1148982730_3404990017_0,72.16100311279297,58.77,60.62,60.95,-13.39
1148982742_1148982743_0,68.46700286865234,60.25,62.68,66.1,-8.22
1148982742_25495294_0,70.87200164794922,66.91,64.65,65.95,-3.96
1148982742_195246_0,69.5199966430664,64.84,61.64,62.85,-4.68
1148982743_1148982717_0,67.66799926757812,58.05,58.36,61.9,-9.62
1156367438_21717905_0,58.76100158691406,62.14,56.18,57.35,3.38
1161960871_8148599279_0,60.805999755859375,62.84,64.5,59.05,2.03
1161960871_21717915_0,59.09000015258789,62.27,58.92,57.45,3.18
1167755955_26584186_0,60.33700180053711,57.35,57.59,53.8,-2.99
1171867296_13674176854_0,62.91299819946289,58.75,64.74,61.75,-4.16
1171867296_322191195_0,64.32599639892578,60.59,61.75,62.4,-3.74
1171867500_130144381_0,60.15800094604492,55.25,47.84,51.32,-4.91
1171867500_252502656_0,58.72800064086914,54.82,45.26,45.0,-3.91
1171867500_130143406_0,60.54999923706055,55.66,50.33,51.85,-4.89
1171868102_1171869035_0,65.19999694824219,57.27,54.85,50.45,-7.93
1171868102_1171867296_0,62.17599868774414,58.57,61.86,62.85,-3.61
1171868956_35291698_0,60.2599983215332,55.05,47.54,49.24,-5.21
1171868956_130143380_0,60.30699920654297,57.32,55.88,56.7,-2.99
1171868956_322191223_0,60.79899978637695,55.67,49.28,51.8,-5.13
1171868956_130144266_0,59.5620002746582,56.23,54.03,53.4,-3.33
1171869035_130143417_0,61.32899856567383,53.93,57.8,53.75,-7.4
1171869035_1171868102_0,65.19999694824219,57.27,54.85,50.45,-7.93
1171869062_1171868102_0,64.5770034790039,57.12,52.32,54.4,-7.46
1177532048_1177532202_0,56.01599884033203,54.55,59.78,54.95,-1.47
1177532202_21510484_0,56.79199981689453,56.74,65.89,58.45,-0.05
1177532202_21510476_0,59.19499969482422,56.96,64.04,58.1,-2.23
1177532202_1177532048_0,56.01599884033203,54.55,59.78,54.95,-1.47
1201354422_8148638868_0,63.82799911499024,64.27,60.71,61.6,0.44
1201354422_12672628783_0,62.54899978637695,62.61,59.4,60.6,0.06
1201354425_21717939_0,67.38300323486328,62.21,59.46,63.15,-5.17
1201354425_8798316218_0,70.9000015258789,66.01,64.91,65.85,-4.89
1201354435_21717930_0,61.82600021362305,64.25,62.16,60.85,2.42
1201354445_8148638868_0,63.82799911499024,64.17,59.3,60.05,0.34
1201354445_8148638869_0,63.60100173950195,64.15,59.16,60.25,0.55
1201354445_1201354422_0,63.82799911499024,64.08,61.24,60.35,0.25
1234187568_35215561_0,58.41299819946289,53.69,51.72,58.65,-4.72
1234187568_35215578_0,57.40900039672852,53.36,49.9,47.95,-4.05
1250985265_1250985279_0,76.13700103759766,69.7,64.59,67.35,-6.44
1250985265_4801197974_0,74.64600372314453,67.31,61.62,66.65,-7.34
1250985279_27362912_0,71.12699890136719,66.02,64.1,65.8,-5.11
1255306647_27362922_0,70.5790023803711,63.1,61.89,60.35,-7.48
1255306647_25624142_0,55.59799957275391,61.22,61.49,60.9,5.62
1255306647_6817017634_0,69.94000244140625,64.1,65.26,60.39,-5.84
1259561375_1288817934_0,57.90299987792969,58.77,52.0,54.95,0.87
1275888709_27504189_0,58.28300094604492,56.55,56.02,57.5,-1.73
1288817934_25335981_0,58.78099822998047,58.97,51.38,56.75,0.19
1288817934_1259561375_0,57.90299987792969,58.77,52.0,54.95,0.87
1288817944_25471761_0,63.87900161743164,66.6,66.94,63.4,2.72
1288817944_8752288920_0,64.23200225830078,66.9,63.32,65.35,2.67
1291379525_12505754910_0,65.88500213623047,64.74,66.4,67.85,-1.15
1291379525_26059302_0,64.90599822998047,66.35,63.41,64.55,1.44
1297007321_27362917_0,62.72600173950195,57.15,57.09,60.75,-5.58
1297007321_270298918_0,62.42300033569336,59.18,62.43,60.55,-3.24
1297007330_1297007347_0,56.917999267578125,59.18,57.57,55.5,2.26
1297007330_1297007338_0,60.94599914550781,59.48,60.31,56.35,-1.47
1297007338_1297007353_0,57.073001861572266,59.11,59.12,55.35,2.04
1297007338_27362294_0,62.63999938964844,59.42,56.44,56.95,-3.22
1297007347_1297007330_0,56.917999267578125,59.18,57.57,55.5,2.26
1297007353_1297007338_0,57.073001861572266,59.11,59.12,55.35,2.04
1297040310_25327131_0,59.89099884033203,60.23,56.73,54.25,0.34
1297040311_1297040310_0,58.016998291015625,60.54,51.54,55.3,2.52
1297040311_1297040317_0,59.83200073242188,60.26,49.01,55.25,0.43
1297040313_34385820_0,68.76300048828125,60.71,63.82,63.15,-8.05
1297040317_25327144_0,59.547000885009766,60.1,52.94,54.9,0.55
1297040317_1297040313_0,55.266998291015625,60.24,54.22,57.8,4.97
1297040318_554199961_0,64.59300231933594,61.3,67.46,63.85,-3.29
1297040318_21674895_0,71.81700134277344,63.93,64.64,63.65,-7.89
1297040320_34385832_0,67.40299987792969,63.13,66.82,65.65,-4.27
1297040321_25327138_0,60.345001220703125,61.53,57.68,59.65,1.18
1297040323_1297040320_0,62.6870002746582,62.83,61.6,63.4,0.14
1297040327_1297040311_0,58.71500015258789,60.96,51.9,56.7,2.24
1297040327_25327143_0,60.400001525878906,64.02,62.37,63.2,3.62
1298421634_21992644_0,63.9379997253418,59.72,55.13,55.8,-4.22
1301750261_2853496797_0,64.79900360107422,55.83,63.2,59.4,-8.97
1301750261_8791385058_0,67.53900146484375,59.71,64.6,60.4,-7.83
1301750261_1085295539_0,70.67500305175781,59.04,65.74,59.45,-11.64
1301805013_1301805017_0,56.73400115966797,56.24,46.69,48.65,-0.49
1301805017_567809298_0,60.77299880981445,56.37,47.94,48.35,-4.4
1301805017_567871882_0,59.125,56.03,47.37,49.3,-3.09
1313906691_836850031_0,69.8740005493164,68.95,62.48,64.65,-0.92
1316035095_26740276_0,73.40599822998047,64.6,62.68,64.2,-8.81
1328321035_130143409_0,60.88999938964844,56.06,45.86,52.85,-4.83
1328321035_130144267_0,60.27799987792969,55.72,50.78,53.59,-4.56
1328321035_130143405_0,59.54600143432617,55.67,54.42,53.09,-3.88
1335415543_1335415610_0,66.66600036621094,47.16,39.17,45.23,-19.51
1335415543_1335415620_0,60.56100082397461,48.1,41.22,43.09,-12.46
1335415543_11201758005_0,61.2599983215332,47.59,37.76,44.06,-13.67
1335415565_1335415641_0,55.85599899291992,60.07,57.37,58.65,4.21
1335415565_350344029_0,63.59299850463867,62.9,58.33,59.4,-0.69
1335415565_1335415655_0,64.35099792480469,62.82,59.07,59.25,-1.53
1335415566_1335415634_0,58.44900131225586,55.5,52.62,53.8,-2.95
1335415566_1335415625_0,62.29899978637695,57.47,55.2,54.8,-4.83
1335415566_27362302_0,63.19100189208984,56.41,51.71,53.3,-6.78
1335415610_1335415543_0,66.66600036621094,47.16,39.17,45.23,-19.51
1335415620_1335415543_0,60.56100082397461,48.1,41.22,43.09,-12.46
1335415625_1335415642_0,59.42499923706055,57.66,54.37,53.85,-1.76
1335415625_27362297_0,59.32899856567383,59.29,57.03,59.9,-0.04
1335415625_1335415566_0,62.29899978637695,57.47,55.2,54.8,-4.83
1335415634_1335415566_0,58.44900131225586,55.5,52.62,53.8,-2.95
1335415641_1335415565_0,55.85599899291992,60.07,57.37,58.65,4.21
1335415642_1335415625_0,59.42499923706055,57.66,54.37,53.85,-1.76
1335415655_10271302918_0,58.483001708984375,60.82,58.29,58.4,2.34
1335415655_1335415565_0,64.35099792480469,62.82,59.07,59.25,-1.53
1335415655_27362903_0,64.72100067138672,62.88,62.34,60.1,-1.84
1340052119_35216590_0,62.15900039672852,63.08,59.75,59.7,0.92
1351109211_25634092_0,72.63300323486328,62.48,58.28,59.7,-10.15
1351112937_27362287_0,67.83499908447266,65.12,63.81,59.75,-2.71
1351112937_1351112938_0,67.98999786376953,62.74,64.66,61.35,-5.25
1351112938_1351112937_0,67.98999786376953,62.74,64.66,61.35,-5.25
1351112938_27362283_0,67.74800109863281,63.94,62.53,57.75,-3.81
1351112938_10537564454_0,61.17100143432617,60.1,59.81,59.25,-1.07
1352581090_8877564_0,49.30199813842773,54.59,50.75,53.7,5.29
1352581162_22156849_0,72.3030014038086,67.33,61.14,65.1,-4.97
1352733757_26079689_0,63.16600036621094,63.71,64.29,61.2,0.54
1352733757_12506959804_0,71.81500244140625,73.82,63.92,66.3,2.0
1362781021_26023286_0,75.7229995727539,68.68,58.04,64.1,-7.04
1362781029_1362781021_0,77.25399780273438,67.8,61.81,63.7,-9.45
1362781029_1438257885_0,74.25499725341797,66.29,61.65,64.65,-7.96
1364923622_3842221809_0,72.7760009765625,64.68,60.57,50.95,-8.1
1365357449_2576693393_0,66.30899810791016,61.09,55.31,55.85,-5.22
1367325366_1313906691_0,72.9010009765625,72.82,64.28,66.15,-0.08
1367543931_1367543980_0,70.697998046875,57.37,57.19,53.2,-13.33
1367543931_34648986_0,66.59400177001953,58.64,64.1,62.2,-7.95
1367543980_10889101574_0,69.31500244140625,56.18,44.66,51.45,-13.14
1367543980_10889101587_0,69.7770004272461,58.52,54.39,52.95,-11.26
1368366537_26035111_0,61.79199981689453,63.13,61.24,61.35,1.34
1368366537_26035131_0,67.63099670410156,64.31,66.27,62.55,-3.32
1368366540_1368366537_0,69.09600067138672,62.98,63.02,64.85,-6.12
1368366540_26035070_0,72.59200286865234,68.11,64.91,65.15,-4.48
1368366564_1778350879_0,69.41200256347656,62.88,63.43,64.2,-6.53
1368366564_1368366566_0,71.76799774169922,66.34,65.37,65.2,-5.43
1368366566_378175582_0,73.3290023803711,66.91,65.96,66.1,-6.42
1368366566_1368366577_0,71.96900177001953,69.25,66.88,65.85,-2.72
1368366577_26035011_0,72.11199951171875,68.87,60.71,66.1,-3.24
1368366577_26035018_0,61.55500030517578,61.12,56.66,60.95,-0.44
1368674799_26317257_0,58.03200149536133,58.12,56.27,57.85,0.09
1368674799_25611428_0,68.14099884033203,63.03,59.24,63.2,-5.11
1368674811_2672660419_0,70.54499816894531,59.34,52.12,57.0,-11.2
1370403183_12587706741_0,62.76800155639648,55.08,48.01,51.99,-7.69
1374638719_11959723522_0,72.99800109863281,67.9,57.53,60.35,-5.1
1374638719_8206700_0,72.27899932861328,65.12,55.31,60.5,-7.16
1375459139_26132381_0,61.17100143432617,61.81,58.47,61.05,0.64
1375459139_26132218_0,60.249000549316406,60.7,53.0,57.4,0.45
1375459149_4768526929_0,71.625,67.41,62.85,63.02,-4.22
1375459149_1375459139_0,61.07600021362305,60.73,61.51,57.2,-0.35
1381860425_25327146_0,72.302001953125,65.65,60.67,65.9,-6.65
1381860425_2450596804_0,70.73600006103516,61.47,65.26,63.45,-9.27
1381860426_25310902_0,60.95000076293945,59.8,53.08,54.45,-1.15
1381860427_1381860426_0,60.13199996948242,59.79,59.93,61.45,-0.34
1381860427_25310901_0,62.00299835205078,60.96,56.79,62.75,-1.04
1381860428_25327147_0,69.13200378417969,63.1,64.54,65.8,-6.03
1381860428_1381860425_0,69.28600311279297,60.25,65.76,62.95,-9.04
1381860429_1381860428_0,68.31099700927734,60.77,65.54,63.2,-7.54
1381860429_25327152_0,62.617000579833984,60.85,63.17,60.1,-1.77
1381860430_25310888_0,69.49299621582031,62.92,64.85,65.85,-6.57
1381860430_1381860429_0,68.39900207519531,60.83,63.37,62.7,-7.57
1381860431_25310881_0,59.56700134277344,59.97,59.5,58.55,0.4
1381860431_1381860430_0,66.59400177001953,60.26,63.95,63.0,-6.33
1382687432_293177597_0,64.05400085449219,54.76,48.75,46.4,-9.29
1382687432_9213756_0,64.8280029296875,55.68,58.32,55.35,-9.15
1382784520_8148996574_0,74.47000122070312,66.85,59.28,66.55,-7.62
1382784520_21718297_0,64.57599639892578,60.32,59.33,61.5,-4.26
1383027249_251171098_0,63.685001373291016,58.27,61.4,57.65,-5.42
1384310580_25618436_0,58.10900115966797,58.47,56.24,55.25,0.36
1384310580_24644347_0,58.87799835205078,58.67,54.57,55.9,-0.21
1389703943_2213746896_0,57.292999267578125,47.25,46.08,45.36,-10.04
1389703943_3819413983_0,57.402000427246094,45.48,41.65,44.48,-11.92
1389703943_1511114282_0,58.63399887084961,48.07,47.01,47.76,-10.56
1392460122_206196131_0,57.52799987792969,56.12,53.8,55.15,-1.41
1393360830_1393360910_0,61.66400146484375,52.47,56.65,51.65,-9.19
1393360910_25312477_0,66.36900329589844,53.63,49.98,58.15,-12.74
1393360910_1393360830_0,61.66400146484375,52.49,56.65,51.65,-9.17
1400710127_26035040_0,70.44000244140625,66.21,62.32,64.95,-4.23
1400710127_25310910_0,69.70800018310547,65.23,61.56,65.65,-4.48
1400900990_187824746_0,46.422000885009766,56.98,52.42,56.55,10.56
1420701981_1420701982_0,64.52799987792969,57.98,51.07,51.7,-6.55
1420701981_4915696754_0,62.125,57.62,48.78,55.12,-4.51
1420701981_1420701986_0,60.05799865722656,55.33,48.4,49.7,-4.73
1420701982_1420701989_0,65.947998046875,57.12,60.36,53.56,-8.83
1420701982_1420701981_0,64.52799987792969,57.98,51.07,51.7,-6.55
1420701986_1420701982_0,56.9370002746582,55.15,49.76,49.96,-1.79
1420701989_1420701982_0,65.947998046875,57.12,60.36,53.56,-8.83
1420701989_4915696753_0,57.96599960327149,54.84,50.46,50.65,-3.13
1438257885_25722293_0,75.29900360107422,66.14,62.57,64.75,-9.16
1438257885_21674805_0,76.89800262451172,66.93,62.18,64.6,-9.97
1445329952_567871891_0,59.64300155639648,56.81,52.96,51.4,-2.83
1445329952_26120302_0,60.65700149536133,57.84,58.17,62.65,-2.82
1445329952_4985231612_0,59.35599899291992,55.98,49.98,48.2,-3.38
1462053950_1462053984_0,58.16899871826172,54.3,48.59,49.35,-3.87
1462053950_1462053952_0,58.928001403808594,55.26,56.58,52.1,-3.67
1462053950_1462053982_0,58.56800079345703,54.95,51.43,50.55,-3.62
1462053952_1462054021_0,58.39599990844727,55.34,54.99,49.8,-3.06
1462053952_1462053950_0,58.928001403808594,55.26,56.58,52.1,-3.67
1462053952_1462054018_0,58.75400161743164,55.85,55.39,52.6,-2.9
1462053975_11966306052_0,69.89600372314453,59.07,66.61,57.55,-10.83
1462053975_1462054018_0,61.76900100708008,56.31,61.29,54.55,-5.46
1462053975_13626439535_0,70.33899688720703,59.72,67.35,57.5,-10.62
1462053982_13204220048_0,63.14400100708008,54.89,59.89,53.65,-8.25
1462053982_1462053950_0,58.56800079345703,54.97,51.65,50.55,-3.6
1462053982_1462054021_0,59.757999420166016,54.86,53.9,49.67,-4.9
1462053982_1462054001_0,59.21799850463867,54.05,50.15,48.9,-5.17
1462053984_1462053950_0,58.16899871826172,54.3,48.59,49.35,-3.87
1462054001_1462053982_0,59.21799850463867,54.05,50.15,48.9,-5.17
1462054011_1462054018_0,61.29600143432617,55.52,57.1,51.6,-5.78
1462054011_11966306052_0,63.60599899291992,56.83,65.19,55.0,-6.78
1462054011_2812930903_0,59.345001220703125,55.26,55.06,49.75,-4.09
1462054018_1462054011_0,61.29600143432617,55.52,57.1,51.6,-5.78
1462054018_1462053975_0,61.76900100708008,56.32,61.29,54.55,-5.45
1462054018_1462053952_0,58.75400161743164,55.84,56.06,52.6,-2.91
1462054021_1462053952_0,58.39599990844727,55.34,54.99,49.8,-3.06
1462054021_1462053982_0,59.757999420166016,54.87,53.9,49.77,-4.89
1462054021_3048171911_0,59.26499938964844,54.81,51.41,49.3,-4.45
1463826439_1463826444_0,59.90700149536133,60.93,55.16,54.75,1.02
1463826444_26079704_0,58.01800155639648,60.06,56.67,54.48,2.04
1463837288_6135349230_0,66.52899932861328,50.82,51.12,46.15,-15.71
1463837300_83657546_0,71.03500366210938,55.89,55.25,56.3,-15.15
1465125837_2108824887_0,61.77000045776367,66.74,62.8,61.95,4.97
1465125837_25258530_0,57.797000885009766,62.65,59.05,60.95,4.85
1468502076_26583884_0,67.26699829101562,60.99,47.71,53.5,-6.28
1468502076_273216489_0,62.387001037597656,62.34,61.58,60.8,-0.05
1468502076_959373323_0,68.70700073242188,63.09,64.74,64.85,-5.62
1468530294_21674906_0,76.38200378417969,70.89,64.35,66.55,-5.49
1468530294_249717503_0,74.05599975585938,77.29,63.28,66.8,3.23
1468553178_195222_0,76.91999816894531,69.13,59.67,66.3,-7.79
1468553178_249717499_0,74.125,69.21,59.91,66.3,-4.92
1468553185_7470130_0,75.51799774169922,67.68,65.19,65.15,-7.84
1468747927_3305876674_0,76.76699829101562,70.36,68.05,62.5,-6.41
1468747927_195256_0,76.94300079345703,70.95,68.6,63.0,-5.99
1468760675_25622570_0,74.84600067138672,66.69,66.69,63.15,-8.16
1468823679_62026530_0,74.26699829101562,63.02,65.24,62.55,-11.25
1471824481_1471827637_0,74.35099792480469,67.78,64.45,65.45,-6.57
1471827637_26480365_0,76.2699966430664,66.68,64.82,66.0,-9.59
1471827643_26740278_0,75.98799896240234,64.23,57.41,57.15,-11.76
1472874878_35291702_0,59.96599960327149,53.05,48.13,43.45,-6.92
1475230723_18697411_0,63.696998596191406,62.86,58.51,58.6,-0.84
1475230723_25153102_0,63.51900100708008,64.84,59.15,60.3,1.32
1475230727_25153102_0,64.23600006103516,62.96,56.74,58.85,-1.28
1475230727_25153103_0,61.69200134277344,60.98,57.31,59.35,-0.71
1475230727_18697411_0,61.790000915527344,61.81,57.45,59.55,0.02
1475230728_25153076_0,59.41400146484375,61.54,52.32,58.45,2.13
1485142477_35220554_0,57.8129997253418,53.37,54.81,48.0,-4.44
1489507797_25306163_0,61.17599868774414,62.4,62.79,60.6,1.22
1489507797_25306162_0,60.62300109863281,63.94,59.74,60.3,3.32
1501001039_349326455_0,65.96099853515625,57.96,51.66,52.6,-8.0
1510257225_959373476_0,76.94599914550781,67.5,61.21,65.35,-9.45
1511085512_83774500_0,67.80999755859375,57.05,65.22,64.45,-10.76
1511104884_1511104898_0,69.50599670410156,53.84,59.63,61.8,-15.67
1511104884_8461186035_0,69.50599670410156,53.92,62.48,61.85,-15.59
1511104887_1511104919_0,67.08499908447266,53.64,60.85,61.05,-13.44
1511104898_1511104920_0,66.822998046875,53.73,59.02,61.05,-13.09
1511104919_1511104921_0,68.68800354003906,53.73,60.93,61.8,-14.96
1511104919_1589147517_0,68.68800354003906,53.57,60.73,62.1,-15.12
1511104920_1511104887_0,65.49500274658203,53.39,64.93,60.85,-12.11
1511104920_192305109_0,64.21800231933594,51.5,58.97,59.25,-12.72
1511104921_1511104884_0,68.16799926757812,53.79,64.04,61.6,-14.38
1511114282_3922348896_0,60.64699935913086,47.99,48.26,50.6,-12.66
1511114282_3922348891_0,59.98400115966797,47.87,44.46,46.5,-12.11
1511114282_1389703943_0,58.63399887084961,48.09,47.26,47.86,-10.54
1511114293_192305074_0,67.72599792480469,54.37,51.18,51.85,-13.36
1511114293_2213747138_0,69.85800170898438,54.43,55.78,58.45,-15.43
1511114321_2213746896_0,58.28400039672852,46.86,45.81,44.29,-11.42
1511114321_2213746896_1,58.74100112915039,45.2,44.32,43.74,-13.54
1513320536_12616427837_0,69.21900177001953,62.91,63.34,64.1,-6.31
1513320536_1513320537_0,69.1760025024414,63.64,62.98,63.2,-5.54
1513320536_254777155_0,64.44100189208984,58.71,64.43,62.95,-5.73
1513320537_35213506_0,62.31600189208984,56.93,61.01,59.62,-5.39
1513320537_779459233_0,65.26100158691406,60.7,64.42,64.25,-4.56
1513320537_1513320536_0,69.1760025024414,63.64,62.98,63.2,-5.54
1513320539_779459233_0,68.48500061035156,64.01,68.59,64.45,-4.48
1513320539_11014869463_0,62.00899887084961,55.84,63.24,61.95,-6.17
1513320539_322191108_0,69.02200317382812,62.48,66.28,65.15,-6.54
1513320567_13674176854_0,67.59500122070312,63.31,65.58,64.5,-4.29
1513320567_322191190_0,66.24099731445312,62.15,65.31,65.15,-4.09
1513320567_35215566_0,65.41600036621094,60.54,64.41,64.4,-4.88
1513320571_36855706_0,64.25499725341797,62.05,58.7,63.2,-2.2
1513320571_322191204_0,63.5620002746582,61.92,59.26,63.15,-1.64
1513320571_253852358_0,61.97299957275391,59.83,60.51,62.55,-2.14
1519682880_7300862_0,66.25199890136719,61.89,62.33,61.35,-4.36
1519682890_25451454_0,72.71900177001953,74.5,66.39,67.85,1.78
1519682890_1519682880_0,60.0260009765625,63.63,61.31,60.1,3.6
1539951654_33126081_0,58.80699920654297,54.14,55.04,53.72,-4.67
1544580676_32533203_0,60.06700134277344,58.23,56.53,54.95,-1.84
1547919223_1547919290_0,61.40800094604492,56.22,41.46,46.85,-5.19
1547919290_1547919223_0,61.40800094604492,56.22,41.46,46.85,-5.19
1554830930_1051082321_0,62.1259994506836,58.52,57.01,56.45,-3.61
1554830930_1798715904_0,60.130001068115234,53.23,58.7,61.3,-6.9
1562156928_9514990301_0,60.50699996948242,51.98,48.05,42.46,-8.53
1562156928_462923907_0,60.78499984741211,50.37,53.45,49.67,-10.41
1562156928_6248153590_0,60.483001708984375,50.76,49.64,47.42,-9.72
1566655370_394573341_0,58.3650016784668,55.87,51.16,55.8,-2.5
1566655370_1566655370_0,58.42300033569336,55.13,51.57,55.35,-3.29
1576919133_2916105775_0,72.51699829101562,58.1,59.07,53.45,-14.42
1576919133_1577020326_0,71.93199920654297,57.08,61.94,58.85,-14.85
1577020307_1577020313_0,74.01100158691406,62.21,62.71,56.35,-11.8
1577020307_1577020309_0,68.7239990234375,61.14,60.1,56.2,-7.58
1577020308_1577020307_0,70.3010025024414,62.25,61.43,56.35,-8.05
1577020309_1577020313_0,70.74800109863281,61.18,60.08,56.0,-9.57
1577020309_36163534_0,68.73799896240234,59.05,61.16,59.25,-9.69
1577020313_1577020326_0,73.49600219726562,60.28,60.85,55.85,-13.22
1577020326_1576919133_0,71.93199920654297,57.08,61.94,58.85,-14.85
1589098581_1589098634_0,59.88600158691406,57.85,54.29,53.75,-2.04
1589098625_206228632_0,57.35900115966797,49.15,40.22,40.72,-8.21
1589098625_206228636_0,59.71599960327149,49.65,41.64,42.59,-10.07
1589098634_1589098634_0,58.25699996948242,58.06,55.69,55.2,-0.2
1589098634_1589098581_0,59.88600158691406,57.84,54.63,53.75,-2.05
1589126697_1589126699_0,58.69599914550781,49.23,52.22,47.3,-9.47
1589126699_1589126697_0,58.69599914550781,49.22,52.31,47.3,-9.48
1589126699_3922348896_0,66.94599914550781,50.5,52.64,52.7,-16.45
1589126699_206227376_0,67.16699981689453,51.92,54.01,52.5,-15.25
1589147517_206227345_0,69.49600219726562,51.87,59.29,60.75,-17.63
1589147517_1511104921_0,68.7760009765625,53.72,63.75,61.6,-15.06
1603856892_640541652_0,67.08200073242188,61.25,62.12,63.45,-5.83
1603856892_25336254_0,71.73200225830078,68.7,64.36,65.45,-3.03
1605115630_1605115657_0,60.08200073242188,49.87,53.94,51.6,-10.21
1605115657_1605115630_0,60.08200073242188,49.89,53.94,51.7,-10.19
1605115657_1605115657_0,58.7599983215332,49.76,53.63,53.0,-9.0
1605115657_1605115657_1,58.7599983215332,49.69,53.7,52.9,-9.07
1606993788_1606993790_0,60.4119987487793,62.1,63.97,61.2,1.69
1606993788_25327136_0,64.2979965209961,66.09,70.05,60.65,1.79
1606993790_25327135_0,59.41899871826172,60.97,56.08,56.85,1.55
1606993790_1606993792_0,60.6879997253418,62.86,65.33,61.25,2.17
1606993792_1606993794_0,59.41299819946289,62.51,65.68,62.5,3.1
1606993792_25319194_0,63.277000427246094,66.16,65.32,62.85,2.88
1606993796_1606993797_0,62.46500015258789,60.26,54.98,53.95,-2.21
1606993797_1606993799_0,60.60200119018555,60.38,58.11,56.4,-0.22
1606993797_25316399_0,60.10300064086914,60.26,57.64,57.35,0.16
1606993799_21674801_0,60.94900131225586,61.11,57.46,58.4,0.16
1606993799_1606993801_0,59.96699905395508,60.88,62.29,61.85,0.91
1606993801_25316435_0,59.75699996948242,61.09,58.73,59.85,1.33
1613055786_2320137734_0,61.81700134277344,53.15,45.85,46.3,-8.67
1613055789_193556738_0,61.14599990844727,56.55,57.2,51.65,-4.6
1613055789_193556734_0,62.48099899291992,57.56,59.95,59.3,-4.92
1613055789_2320137734_0,62.970001220703125,53.51,49.7,47.3,-9.46
1643908326_8887828403_0,70.2699966430664,65.7,58.74,64.35,-4.57
1655658195_25495340_0,66.33499908447266,61.62,57.31,64.25,-4.71
1655683917_60755977_0,63.84799957275391,62.12,62.77,64.2,-1.73
1655683917_4092061493_0,62.81100082397461,62.11,61.68,64.7,-0.7
1678246930_26294955_0,59.027000427246094,60.73,50.19,57.0,1.7
1678246930_25468020_0,61.46900177001953,60.29,54.08,60.75,-1.18
1678246930_26295043_0,60.19200134277344,60.21,50.25,56.85,0.02
1678246930_378212455_0,63.04899978637695,60.01,49.99,56.55,-3.04
1682324863_25310907_0,69.16799926757812,66.35,68.92,64.35,-2.82
1682324863_25932614_0,61.34700012207031,61.87,64.52,61.45,0.52
1682387539_251050862_0,58.55199813842773,60.07,53.41,57.2,1.52
1682387599_459797860_0,58.90399932861328,59.02,59.46,57.5,0.12
1682387599_251047558_0,59.24399948120117,58.73,53.46,55.75,-0.51
1682387615_565375197_0,57.31900024414063,59.31,59.47,58.7,1.99
1682387619_26317246_0,56.42300033569336,58.24,47.68,53.45,1.82
1682387628_26317392_0,73.5459976196289,59.73,61.56,62.55,-13.82
1694707162_25316176_0,61.0099983215332,58.08,64.02,62.0,-2.93
1694707162_25310832_0,63.117000579833984,57.31,61.7,58.75,-5.81
1703401805_25451370_0,56.50899887084961,60.41,59.92,59.75,3.9
1703401805_25334442_0,59.31999969482422,61.06,60.89,59.75,1.74
1715948232_1715948236_0,59.26100158691406,53.79,47.62,49.95,-5.47
1715948232_1715950511_0,59.37300109863281,53.96,49.34,51.35,-5.41
1715948232_3356893209_0,56.72999954223633,53.88,46.9,50.6,-2.85
1715948234_83657546_0,71.74299621582031,60.7,59.19,61.03,-11.04
1715948234_1715950511_0,64.0479965209961,56.37,51.82,57.6,-7.68
1715948234_32650350_0,72.78299713134766,60.77,52.36,58.95,-12.01
1715948236_1715948232_0,59.26100158691406,53.79,47.62,49.95,-5.47
1715950508_1715950511_0,59.999000549316406,54.35,52.04,57.2,-5.65
1715950508_32650350_0,62.08399963378906,58.81,57.38,57.52,-3.27
1715950511_1715948232_0,59.37300109863281,53.96,49.34,51.35,-5.41
1715950511_1715950508_0,59.999000549316406,54.35,52.04,57.2,-5.65
1715950511_1715948234_0,64.0479965209961,56.37,51.82,57.6,-7.68
1734636083_252467947_0,57.257999420166016,56.71,50.08,53.4,-0.55
1735877076_240467585_0,56.95000076293945,54.58,43.02,43.7,-2.37
1764264890_27503202_0,72.83100128173828,69.14,66.72,64.15,-3.69
1775489087_2117622744_0,67.85199737548828,64.84,62.8,62.8,-3.01
1777530528_27503200_0,64.5530014038086,65.49,63.5,60.1,0.94
1777530528_25470290_0,63.698001861572266,57.97,59.28,53.82,-5.73
1778350879_25310913_0,63.71900177001953,64.02,60.62,63.1,0.3
1787648748_25719224_0,83.79299926757812,65.31,65.78,66.8,-18.48
1788996611_12645083995_0,69.59500122070312,60.14,59.94,55.85,-9.46
1788996611_206189059_0,61.13199996948242,56.56,59.97,55.3,-4.57
1790241887_8913468465_0,73.17900085449219,66.66,52.83,56.1,-6.52
1790241891_33225463_0,70.27899932861328,63.13,57.0,57.9,-7.15
1798715904_25470290_0,65.97699737548828,54.82,59.92,53.55,-11.16
1798715904_2180784974_0,64.83999633789062,55.15,56.54,53.5,-9.69
1819177531_792818869_0,61.62099838256836,58.65,48.91,56.01,-2.97
1819177538_3803779443_0,69.11599731445312,58.66,48.18,58.55,-10.46
1819177538_193594739_0,68.81700134277344,61.48,53.44,63.5,-7.34
1819177540_1819177538_0,68.81700134277344,60.5,46.57,58.45,-8.32
1819177541_84463207_0,71.02400207519531,64.94,49.45,60.0,-6.08
1835868026_25611375_0,70.44499969482422,57.79,57.71,62.25,-12.65
1837331253_8218182127_0,50.65299987792969,59.77,57.49,58.4,9.12
1837331253_415638612_0,59.92699813842773,61.26,63.6,62.65,1.33
1837379429_2439485670_0,79.16400146484375,60.32,58.37,63.95,-18.84
1837379429_26597601_0,72.34100341796875,57.15,59.1,62.8,-15.19
1837379429_26597608_0,74.59300231933594,58.12,59.32,60.6,-16.47
1845251154_26480360_0,77.0479965209961,70.43,64.46,63.1,-6.62
1845251154_959373366_0,73.27400207519531,64.32,62.76,64.35,-8.95
1856728232_1291379525_0,66.83100128173828,68.25,61.77,65.9,1.42
1856728236_1856728232_0,68.14900207519531,70.94,65.13,66.2,2.79
1856728236_1036842184_0,60.07600021362305,63.91,65.1,60.95,3.83
1866826428_7394824_0,55.58399963378906,54.7,58.75,57.7,-0.88
1866856610_7394819_0,66.1760025024414,58.69,62.25,56.5,-7.49
1908961868_83761778_0,74.16300201416016,63.56,61.59,56.5,-10.6
1908961868_83761905_0,73.45099639892578,65.86,63.03,64.3,-7.59
1933378821_26583882_0,60.41400146484375,58.85,54.8,59.55,-1.56
1954994779_1954994781_0,66.78700256347656,66.94,65.63,65.8,0.15
1954994781_1954994821_0,66.43699645996094,65.57,67.1,65.9,-0.87
1954994784_25310874_0,61.05199813842773,60.35,61.12,60.85,-0.7
1954994784_1954994809_0,66.3239974975586,67.22,65.51,65.85,0.9
1954994787_2319500306_0,68.52100372314453,66.33,67.23,65.95,-2.19
1954994787_1954994784_0,68.37899780273438,67.69,63.97,65.95,-0.69
1954994809_1954994779_0,67.91600036621094,66.84,67.74,65.9,-1.08
1954994809_25310891_0,63.00199890136719,62.14,65.93,63.6,-0.86
1954994821_1954994787_0,68.37899780273438,67.32,64.38,65.5,-1.06
1956845887_270323524_0,46.81100082397461,51.79,54.53,47.8,4.98
1956845894_192305061_0,58.119998931884766,51.97,53.94,48.0,-6.15
1957527533_1957527551_0,63.50299835205078,61.98,58.9,61.4,-1.52
1957527533_8087899720_0,62.48799896240234,62.85,60.05,62.7,0.36
1957527534_1957527541_0,72.71800231933594,69.59,68.23,67.55,-3.13
1957527534_25624152_0,72.01499938964844,69.35,63.4,66.2,-2.66
1957527534_8087899720_0,72.12300109863281,68.51,63.3,64.3,-3.61
1957527534_1957527546_0,74.19200134277344,74.51,68.07,67.55,0.32
1957527541_8168902698_0,70.4219970703125,67.22,66.92,67.35,-3.2
1957527546_21703552_0,72.43099975585938,70.8,65.92,66.9,-1.63
1957527548_25624152_0,72.13700103759766,66.44,61.26,65.05,-5.7
1957527548_1957527534_0,73.48600006103516,69.67,64.91,66.55,-3.82
1957527551_8168902712_0,64.13800048828125,64.61,64.57,62.85,0.47
1957527551_8087821651_0,64.8270034790039,63.9,60.28,62.15,-0.93
1957527553_1957527541_0,71.87899780273438,69.13,64.88,66.05,-2.75
1957527553_1957527534_0,73.4469985961914,71.24,65.9,67.15,-2.21
1967907778_25722214_0,65.77200317382812,62.43,53.69,54.72,-3.34
1967907778_270492131_0,65.19599914550781,62.13,52.23,53.8,-3.07
1967907778_270492135_0,63.60699844360352,62.18,51.59,54.2,-1.43
1969423902_21600353_0,66.28800201416016,62.42,65.98,66.25,-3.87
1969423902_21600354_0,68.99800109863281,61.63,67.24,66.55,-7.37
1969423902_10120780902_0,69.84100341796875,62.07,66.94,66.4,-7.77
1975440385_1975440389_0,65.25800323486328,58.46,51.77,54.12,-6.8
1975440385_26584161_0,60.935001373291016,59.32,55.96,60.5,-1.62
1975440389_1975440395_0,60.9119987487793,58.76,54.95,58.9,-2.15
1975440389_26584160_0,59.37200164794922,58.71,54.23,57.55,-0.66
1975440395_35218653_0,67.38700103759766,62.11,59.41,61.55,-5.28
1975440395_9362515477_0,64.76799774169922,63.72,64.04,63.7,-1.05
1975440395_35218661_0,60.810001373291016,58.58,56.86,58.55,-2.23
1975462251_494425777_0,59.59799957275391,57.53,50.78,51.32,-2.07
1987812136_15925446_0,71.11399841308594,73.64,68.33,67.85,2.53
1988830557_528993508_0,69.52400207519531,66.04,66.78,64.7,-3.48
1988830557_528993516_0,62.84000015258789,63.12,65.04,61.95,0.28
1992934964_251171031_0,61.34799957275391,57.82,54.56,54.9,-3.53
1992934964_251171098_0,41.790000915527344,57.64,55.17,53.5,15.85
1992934964_8148458813_0,57.20800018310547,57.27,51.65,54.6,0.06
1993735489_26064143_0,70.61399841308594,66.07,65.35,62.85,-4.54
2011563454_192085541_0,76.23799896240234,54.62,48.75,58.95,-21.62
2018719148_1039285693_0,71.60700225830078,70.77,62.83,66.1,-0.84
2018719148_103755060_0,72.2979965209961,71.22,69.15,66.4,-1.08
2026239409_25336189_0,69.9260025024414,66.25,65.52,65.6,-3.68
2026239409_1603856892_0,71.08000183105469,70.29,67.63,65.75,-0.79
2026239409_26125366_0,70.38999938964844,66.09,65.11,65.2,-4.3
2066046273_9862068885_0,66.98600006103516,61.94,58.86,60.38,-5.05
2066046273_6541872243_0,68.7959976196289,63.79,61.68,61.25,-5.01
2069548810_25468075_0,67.52899932861328,62.29,59.47,64.25,-5.24
2072612784_26035106_0,61.48400115966797,59.85,62.61,61.05,-1.63
2072612784_25310895_0,66.93499755859375,60.29,64.92,63.3,-6.64
2072612784_11690126531_0,66.77300262451172,62.57,66.66,64.4,-4.2
2073912370_6389351316_0,61.37200164794922,59.69,62.17,63.25,-1.68
2073912370_11014869463_0,59.5,55.66,57.87,60.8,-3.84
2073912372_2073912370_0,62.055999755859375,59.92,61.54,62.3,-2.14
2073912372_191988365_0,58.73799896240234,58.51,63.27,61.3,-0.23
2073912461_191918598_0,59.54100036621094,55.29,50.01,47.55,-4.25
2073912461_1048056117_0,57.65800094604492,55.39,46.84,48.25,-2.27
2073932342_192085559_0,68.0260009765625,55.64,54.13,53.55,-12.39
2073932342_2073932346_0,68.24299621582031,57.6,60.93,56.35,-10.64
2073932346_130185639_0,67.97000122070312,58.29,63.69,57.8,-9.68
2073932346_192085559_0,68.24299621582031,57.68,62.57,57.8,-10.56
2074708220_3728703099_0,73.75599670410156,62.46,61.68,65.1,-11.3
2084363829_25312477_0,69.25,57.08,61.94,64.05,-12.17
2084363829_36163534_0,69.03800201416016,58.62,58.86,59.45,-10.42
2084363829_1393360910_0,64.2979965209961,53.66,49.15,58.4,-10.64
2087284322_277045917_0,51.18299865722656,64.42,61.49,60.3,13.24
2097815265_26576962_0,72.93800354003906,68.47,56.59,62.4,-4.47
2097815265_6162384602_0,73.61299896240234,65.6,62.68,64.7,-8.01
2097815265_26057055_0,73.61299896240234,70.74,59.03,64.7,-2.87
2104502856_26079754_0,64.9229965209961,68.53,65.99,65.55,3.61
2106958155_25722248_0,68.21099853515625,69.33,63.56,65.45,1.12
2107062403_26729000_0,62.76499938964844,61.86,62.04,63.25,-0.9
2107062403_13124693237_0,71.92500305175781,70.33,61.67,64.4,-1.6
2107157586_2107171323_0,65.4260025024414,58.39,58.81,63.75,-7.04
2107157586_2107157624_0,69.12699890136719,58.88,61.54,65.1,-10.25
2107157618_2107157586_0,66.44400024414062,55.69,59.31,62.45,-10.75
2107157624_13287784069_0,70.89199829101562,65.22,59.59,62.75,-5.67
2107157624_2107157586_0,69.12699890136719,58.88,61.54,65.1,-10.25
2107171323_2107157586_0,65.4260025024414,58.39,58.81,63.75,-7.04
2108824887_25306164_0,69.3219985961914,67.34,61.43,61.05,-1.98
2108824887_3066729207_0,67.59200286865234,67.24,61.38,53.73,-0.35
2110917290_7394832_0,67.11900329589844,58.87,57.12,55.7,-8.25
2117622731_25175819_0,74.03299713134766,64.73,58.06,64.8,-9.3
2117622742_26576962_0,71.18199920654297,64.85,54.76,55.0,-6.33
2117622744_26057055_0,72.96800231933594,68.36,59.02,64.5,-4.61
2117622744_26033324_0,69.58300018310547,65.07,60.83,63.3,-4.51
2139361023_2139361034_0,59.255001068115234,61.0,62.62,62.4,1.74
2139361023_25495294_0,73.6780014038086,66.45,64.05,66.3,-7.23
2139361023_195244_0,73.98799896240234,66.42,64.96,66.3,-7.57
2149820809_26009778_0,59.15599822998047,53.42,46.26,45.77,-5.74
2155550593_13293499343_0,61.70899963378906,56.43,58.74,52.8,-5.28
2158548094_13371854291_0,70.11799621582031,65.68,64.83,64.6,-4.44
2158548111_25722244_0,69.56600189208984,71.7,61.63,65.2,2.13
2158548111_2457757385_0,70.99299621582031,70.39,61.42,64.9,-0.6
2158614641_26058651_0,74.73999786376953,69.2,69.33,56.73,-5.54
2158614641_1468530294_0,75.37300109863281,78.8,66.14,68.0,3.43
2179108564_2813006540_0,74.6780014038086,63.57,55.86,60.08,-11.11
2179108564_5556994221_0,77.66899871826172,59.47,61.88,60.98,-18.2
2180784974_1798715904_0,64.83999633789062,55.15,56.54,53.5,-9.69
2180784974_10889101582_0,65.83300018310547,56.11,56.32,52.85,-9.72
2209140020_8699382644_0,54.5989990234375,53.07,50.1,52.64,-1.53
2209140020_270322649_0,55.57899856567383,51.08,43.75,48.15,-4.5
2209140020_2923949215_0,58.59799957275391,52.72,51.4,53.7,-5.88
2213746896_1511114321_0,58.28400039672852,46.86,45.81,44.29,-11.42
2213746896_1389703943_0,57.292999267578125,47.26,46.0,45.36,-10.03
2213747138_206227376_0,65.27100372314453,53.72,60.59,59.45,-11.55
2213747138_1511114293_0,69.85800170898438,54.44,53.95,58.45,-15.42
2217020722_26058163_0,59.51599884033203,62.78,55.44,59.75,3.26
2217020722_25337465_0,60.23600006103516,61.71,57.89,59.1,1.47
2230337405_324458571_0,57.96099853515625,48.68,43.31,42.05,-9.28
2230337405_2488267317_0,71.41899871826172,49.59,54.68,55.95,-21.83
2234398946_62026553_0,75.0739974975586,64.91,61.17,63.8,-10.16
2244836226_25722266_0,71.63999938964844,74.83,69.4,64.65,3.19
2260904703_1049498000_0,71.3949966430664,63.07,62.4,57.3,-8.32
2260904703_26336854_0,69.74600219726562,57.17,46.1,50.7,-12.58
2283399575_26480152_0,75.10700225830078,67.69,63.67,65.4,-7.42
2283399575_175379380_0,72.77999877929688,68.15,67.76,64.65,-4.63
2294100851_26576932_0,72.98999786376953,67.26,62.25,63.85,-5.73
2294100851_15925442_0,72.3740005493164,63.97,60.1,64.0,-8.4
2302760542_191988315_0,61.8380012512207,57.27,60.58,60.85,-4.57
2302760542_322191108_0,67.92900085449219,61.52,65.08,64.45,-6.41
2302760542_11014869454_0,62.617000579833984,59.65,65.81,63.15,-2.97
2306955061_324458557_0,72.16500091552734,62.41,62.95,56.38,-9.76
2317533018_2317533029_0,62.13600158691406,60.21,61.88,55.8,-1.93
2317533018_83650885_0,70.04100036621094,59.07,58.77,55.72,-10.97
2317533018_13123162011_0,72.51100158691406,60.07,62.23,56.85,-12.44
2317533029_2317533018_0,62.13600158691406,60.23,61.88,55.8,-1.91
2319500305_1954994821_0,68.52100372314453,64.6,64.94,66.1,-3.92
2319500305_2319500306_0,68.45099639892578,64.56,71.16,66.3,-3.89
2319500306_1400710127_0,68.76499938964844,64.85,65.07,66.0,-3.91
2320137734_1613055786_0,61.81700134277344,53.15,45.85,46.3,-8.67
2320137734_1613055789_0,62.970001220703125,53.51,49.7,47.3,-9.46
2320137738_193556734_0,63.678001403808594,58.34,58.02,60.3,-5.34
2320137738_828689708_0,59.48699951171875,55.76,63.53,58.7,-3.73
2320613216_1156367438_0,61.39400100708008,62.18,57.96,60.3,0.79
2320613216_8164417178_0,72.45700073242188,69.22,64.54,63.85,-3.24
2320613216_7205400947_0,73.79000091552734,67.98,63.96,62.85,-5.81
2355995217_191988325_0,61.310001373291016,56.3,56.82,51.7,-5.01
2355995217_191988387_0,59.77199935913086,56.05,50.96,54.19,-3.72
2365376404_25303836_0,59.70100021362305,58.99,67.26,59.65,-0.71
2365376404_2365376413_0,71.58000183105469,66.46,61.15,63.8,-5.12
2365376413_434308458_0,69.46600341796875,65.73,65.9,64.65,-3.74
2365376413_7550893549_0,67.81099700927734,60.36,63.42,61.85,-7.45
2365376415_25303836_0,55.02899932861328,58.95,63.69,59.75,3.92
2365376415_2365376404_0,73.00800323486328,65.98,64.14,62.6,-7.03
2372905137_324451947_0,73.16600036621094,65.01,64.67,64.65,-8.16
2372905137_26597597_0,72.76000213623047,64.55,61.95,64.3,-8.21
2372905206_2372905137_0,68.79900360107422,63.26,61.7,64.25,-5.54
2372905206_26597593_0,69.36599731445312,69.05,63.39,64.65,-0.32
2372905206_26597597_0,70.9520034790039,68.83,62.51,64.45,-2.12
2383442929_8865464537_0,71.20700073242188,62.44,56.84,63.85,-8.77
2383442929_2383442939_0,71.28800201416016,61.06,50.56,54.9,-10.23
2383442931_2383442939_0,71.55500030517578,61.02,52.05,55.05,-10.54
2383442931_2383442941_0,71.52999877929688,62.22,52.25,55.85,-9.31
2383442939_2383442931_0,71.55500030517578,61.02,52.05,55.05,-10.54
2383442939_2383442929_0,67.99800109863281,61.01,50.63,54.95,-6.99
2383442941_2383442931_0,68.65599822998047,62.22,53.67,55.75,-6.44
2383442941_195261_0,71.61399841308594,63.22,57.74,64.4,-8.39
2384797254_21597591_0,65.6719970703125,69.45,66.3,63.2,3.78
2388251442_4799805073_0,59.25199890136719,58.97,57.35,57.45,-0.28
2388251442_8148795588_0,63.02899932861328,59.38,61.8,58.9,-3.65
2388251442_4986903881_0,59.97999954223633,59.78,57.63,58.4,-0.2
2404539296_83772709_0,69.60700225830078,58.29,54.31,53.25,-11.32
2407541523_354721865_0,72.41799926757812,62.06,54.37,59.65,-10.36
2429781612_21674914_0,66.88400268554688,57.6,63.15,57.05,-9.28
2429781612_2429781615_0,66.76100158691406,57.46,62.81,57.05,-9.3
2429781615_29083975_0,68.01699829101562,59.24,65.75,60.95,-8.78
2429781615_21674914_0,67.06300354003906,59.4,64.15,58.9,-7.66
2439485670_29980138_0,70.18900299072266,62.78,60.91,62.95,-7.41
2439485670_1837379429_0,79.16400146484375,60.32,58.37,63.95,-18.84
2439485670_29980173_0,72.16999816894531,63.45,62.33,63.25,-8.72
2439485670_13340852591_0,73.48899841308594,62.22,53.95,58.62,-11.27
2439485671_129940282_0,65.74099731445312,54.88,54.93,54.42,-10.86
2439485671_118272929_0,72.54100036621094,60.28,53.85,57.88,-12.26
2439485671_13340852591_0,72.6259994506836,61.57,55.36,58.02,-11.06
2441147803_31922935_0,73.2239990234375,62.94,70.01,60.15,-10.28
2441147824_31922915_0,73.99600219726562,62.77,71.34,65.85,-11.23
2441147825_2441147824_0,73.24099731445312,63.21,66.6,66.45,-10.03
2441147825_324451922_0,72.4469985961914,62.27,64.31,65.5,-10.18
2441966631_7417014158_0,64.00299835205078,57.98,53.39,51.0,-6.02
2441966631_4945814673_0,59.74100112915039,54.19,54.31,49.93,-5.55
2450596804_25327140_0,73.01200103759766,63.38,64.04,66.0,-9.63
2450596804_25310904_0,62.76100158691406,61.56,61.89,60.35,-1.2
2450713202_25310897_0,66.91300201416016,60.66,55.63,58.7,-6.25
2450713202_2450713228_0,65.70899963378906,60.44,59.53,59.05,-5.27
2450713228_25310890_0,67.302001953125,64.12,59.28,61.45,-3.18
2457757385_26597593_0,71.01599884033203,70.02,60.88,65.2,-1.0
2457757385_2158548111_0,70.99299621582031,70.39,61.42,64.9,-0.6
2462509543_2462509544_0,60.96599960327149,55.21,57.33,57.9,-5.76
2462509544_33149209_0,71.00199890136719,60.63,60.08,60.75,-10.37
2462509544_8433684_0,71.08200073242188,60.51,61.7,64.4,-10.57
2462509544_2462509543_0,60.96599960327149,55.21,57.33,57.9,-5.76
2465004181_59654830_0,58.31399917602539,58.44,54.81,55.8,0.13
2465004193_2465004202_0,58.11100006103516,58.27,56.53,55.31,0.16
2465004194_2465004202_0,55.03300094604492,58.16,56.23,55.29,3.13
2465004202_2465004194_0,55.03300094604492,58.16,56.23,55.29,3.13
2465004202_2465004193_0,58.11100006103516,58.27,56.53,55.31,0.16
2465004202_2465004217_0,58.2130012512207,58.3,56.46,56.15,0.09
2465004217_59654829_0,60.305999755859375,58.79,56.29,57.5,-1.52
2465004217_59654830_0,58.90700149536133,58.86,56.94,57.45,-0.05
2465004217_2465004202_0,58.2130012512207,58.31,56.58,56.25,0.1
2480201967_25303803_0,59.63899993896485,59.29,55.71,59.7,-0.35
2480201967_8168819577_0,67.27799987792969,61.28,60.07,61.55,-6.0
2483668732_34389257_0,72.15599822998047,71.21,61.08,65.2,-0.95
2485984756_2605393566_0,60.80099868774414,61.04,60.39,65.15,0.24
2485984756_9214708_0,69.37100219726562,68.08,62.16,66.5,-1.29
2485984756_3160860324_0,70.41899871826172,68.07,61.12,66.75,-2.35
2485984761_2605393566_0,62.141998291015625,60.38,54.41,60.9,-1.76
2485984761_25495295_0,70.96299743652344,68.81,64.17,66.15,-2.15
2488267317_26597601_0,72.0739974975586,56.64,57.24,61.8,-15.43
2490241911_21717953_0,62.650001525878906,62.25,57.9,61.0,-0.4
2490241911_21717954_0,62.650001525878906,62.24,61.08,60.55,-0.41
2501428230_54150955_0,73.16899871826172,64.39,66.93,64.15,-8.78
2501428230_35393046_0,70.31199645996094,62.76,62.88,63.2,-7.55
2502213116_253871330_0,64.84700012207031,63.38,58.73,63.55,-1.47
2502213116_35213502_0,63.36100006103516,58.97,58.29,60.9,-4.39
2503521410_2652153371_0,63.78400039672852,50.78,45.89,44.1,-13.0
2503521410_257513240_0,61.48099899291992,51.07,54.77,49.12,-10.41
2512682702_1250985265_0,69.9260025024414,63.62,65.99,64.8,-6.31
2512682731_8138143068_0,69.08899688720703,64.56,60.34,57.25,-4.53
2571377366_62026530_0,71.34300231933594,58.97,66.78,64.55,-12.37
2571377366_7968562266_0,70.4229965209961,57.16,63.17,63.65,-13.26
2571377366_7968562266_1,53.10300064086914,56.46,61.33,63.55,3.36
2587460577_26086129_0,65.3479995727539,61.42,45.78,59.45,-3.93
2587460577_26079654_0,62.68199920654297,60.92,56.98,59.55,-1.76
2587460577_2587460578_0,59.2140007019043,59.83,44.72,54.45,0.62
2587460578_26079653_0,60.19100189208984,59.4,44.39,54.9,-0.79
2587605830_1026030476_0,70.54100036621094,64.14,65.33,64.8,-6.4
2587605830_59654817_0,70.87699890136719,66.68,63.9,65.15,-4.2
2587605830_93856091_0,66.93699645996094,63.25,61.39,64.25,-3.69
2600858761_2451284911_0,58.64699935913086,60.39,52.49,56.4,1.74
2600858778_195249_0,72.2979965209961,70.12,65.17,65.95,-2.18
2600858778_2600858761_0,62.77299880981445,60.51,55.97,59.2,-2.26
2600872714_8764287923_0,73.70899963378906,68.31,69.45,66.6,-5.4
2600872721_25495298_0,70.97200012207031,69.53,68.81,66.0,-1.44
2602170153_191988285_0,59.48500061035156,53.92,43.8,48.1,-5.57
2602170153_6322684553_0,55.27799987792969,52.12,46.98,45.72,-3.16
2602170153_2602170211_0,55.13600158691406,53.54,47.1,47.2,-1.6
2602170211_2602170153_0,55.13600158691406,53.54,47.1,47.2,-1.6
2605393520_2485984761_0,70.68800354003906,66.68,59.5,60.6,-4.01
2605393566_2605393520_0,60.22700119018555,59.96,57.3,61.9,-0.27
2606641709_2606641710_0,76.21099853515625,68.03,58.64,63.85,-8.18
2606641709_4844794552_0,72.23899841308594,66.77,64.7,64.15,-5.47
2606641709_25316193_0,74.71399688720703,65.79,64.14,64.05,-8.92
2606641710_2606641709_0,76.21099853515625,68.03,58.64,63.85,-8.18
2606641710_25722297_0,76.21099853515625,68.95,59.59,64.05,-7.26
2606641710_2606641713_0,72.68699645996094,66.13,62.01,64.65,-6.56
2606641713_746310128_0,71.44400024414062,65.55,66.49,65.05,-5.89
2607943958_2607943963_0,61.29100036621094,55.04,54.73,56.9,-6.25
2607943963_2607943958_0,61.29100036621094,55.0,54.73,56.8,-6.29
2621348580_270323663_0,59.99100112915039,51.76,54.37,47.45,-8.23
2628204930_2628204935_0,70.27200317382812,70.51,63.79,65.7,0.24
2628204930_2628204947_0,66.42400360107422,63.19,64.26,65.85,-3.23
2628204935_25173843_0,71.84400177001953,70.51,64.21,66.15,-1.33
2628204947_26086306_0,61.58399963378906,62.1,60.85,63.3,0.52
2628204947_2628204935_0,68.05599975585938,63.16,64.89,66.45,-4.9
2630568657_206189466_0,68.24700164794922,59.75,58.97,52.07,-8.5
2630568657_3156680768_0,69.54100036621094,59.98,56.92,51.82,-9.56
2630568657_2630568658_0,58.76800155639648,53.31,59.04,48.62,-5.46
2630568658_206189460_0,61.47100067138672,52.75,51.48,49.45,-8.72
2630568658_206189457_0,60.12200164794922,52.79,49.51,45.88,-7.33
2652153371_2503521410_0,63.78400039672852,50.78,45.89,44.1,-13.0
2652153371_12841673849_0,63.98500061035156,48.84,43.83,44.25,-15.15
2652153371_257513244_0,60.04999923706055,50.91,43.08,46.17,-9.14
2659801362_34400264_0,72.19400024414062,72.42,66.4,64.8,0.23
2663770362_25258527_0,63.198001861572266,62.86,54.19,58.3,-0.34
2663770362_7262708541_0,61.7869987487793,62.85,57.11,59.7,1.06
2672660419_26057106_0,69.91000366210938,58.61,48.58,53.5,-11.3
2786991022_2786991023_0,60.6870002746582,59.77,55.59,58.75,-0.92
2786991022_21992644_0,61.84600067138672,59.5,53.02,56.7,-2.35
2786991023_4428355483_0,66.49600219726562,61.5,60.48,63.15,-5.0
2789756669_35441038_0,62.49399948120117,55.88,58.18,57.85,-6.61
2789756669_12439930983_0,72.69499969482422,60.46,57.95,61.85,-12.23
2789756669_26728992_0,71.0510025024414,62.0,62.15,62.75,-9.05
2810964557_1511104898_0,69.7249984741211,53.8,60.18,61.85,-15.92
2810964557_192305754_0,71.92500305175781,52.72,60.23,60.1,-19.21
2812930903_1462054011_0,59.345001220703125,55.22,55.43,49.85,-4.13
2813006540_2179108564_0,74.6780014038086,63.57,55.86,60.08,-11.11
2813006540_4110265203_0,73.54000091552734,61.36,58.03,60.29,-12.18
2813006540_3046465012_0,74.57599639892578,55.98,58.83,58.72,-18.6
2813006545_4110265203_0,66.80599975585938,56.95,61.58,59.05,-9.86
2813006545_4110265190_0,64.46099853515625,55.68,52.63,50.65,-8.78
2813006545_32650982_0,66.3030014038086,57.36,60.15,56.52,-8.94
2813020264_6071660584_0,61.72800064086914,50.52,45.32,44.55,-11.21
2813020269_257513701_0,62.75,53.08,51.23,48.4,-9.67
2813105657_83761949_0,60.94200134277344,57.45,51.66,54.5,-3.49
2813114175_2813114176_0,60.150001525878906,52.36,52.56,53.15,-7.79
2813114176_394625990_0,63.5629997253418,53.74,48.37,52.75,-9.82
2813114176_2813114175_0,60.150001525878906,52.36,52.56,53.15,-7.79
2813114176_206192615_0,66.72000122070312,53.83,50.01,53.25,-12.89
2813818187_206196133_0,51.047000885009766,58.38,54.59,56.25,7.33
2813825709_206227345_0,60.08599853515625,47.76,57.8,57.2,-12.33
2813847803_206228633_0,59.42300033569336,49.35,45.03,45.18,-10.07
2813847803_206228632_0,57.87699890136719,49.07,40.44,43.16,-8.81
2813847803_2813847805_0,56.55699920654297,49.11,41.19,43.06,-7.45
2813847805_2813847803_0,56.55699920654297,49.11,41.19,43.06,-7.45
2813884261_4846538599_0,59.233001708984375,51.43,49.9,50.1,-7.8
2813884263_2813884267_0,57.71699905395508,53.03,54.83,54.95,-4.69
2813884263_206228615_0,59.180999755859375,53.59,55.22,55.15,-5.59
2813884263_4846538599_0,60.06900024414063,52.94,53.19,53.55,-7.13
2813884264_206228615_0,57.95000076293945,50.96,43.96,53.55,-6.99
2813884265_2813884267_0,58.86899948120117,50.09,51.5,50.15,-8.78
2813884267_2813884265_0,58.86899948120117,50.09,51.5,50.15,-8.78
2813884267_206228618_0,57.50400161743164,52.44,53.47,54.9,-5.06
2813884267_2813884263_0,57.71699905395508,53.09,53.84,54.9,-4.63
2813884270_206228618_0,58.31999969482422,51.87,52.43,53.95,-6.45
2813884270_206228620_0,58.305999755859375,50.18,42.35,50.67,-8.13
2813884270_2813884285_0,58.12799835205078,50.04,46.65,49.22,-8.09
2813884285_2813884270_0,58.12799835205078,50.03,46.68,49.22,-8.1
2813935188_25498571_0,71.6449966430664,62.28,62.19,64.05,-9.36
2814044874_2814044876_0,60.92699813842773,57.62,59.39,58.1,-3.31
2814044874_25327117_0,63.507999420166016,58.5,57.84,59.2,-5.01
2814044876_2814044874_0,60.92699813842773,57.62,59.39,58.1,-3.31
2814044876_25310822_0,65.64900207519531,57.32,56.67,59.8,-8.33
2814082596_25310856_0,62.46599960327149,58.51,61.99,59.55,-3.96
2830801687_173030870_0,65.34400177001953,60.18,52.77,53.2,-5.16
2841904730_25173820_0,73.13200378417969,74.1,63.89,66.7,0.97
2853496797_7544719212_0,64.5250015258789,54.5,56.09,55.0,-10.03
2864952654_26317341_0,55.44200134277344,54.42,49.99,48.5,-1.02
2864952654_26317392_0,58.40999984741211,55.55,61.97,58.4,-2.86
2864952654_2864952656_0,42.9900016784668,54.99,51.76,48.4,12.0
2864952656_2864952654_0,42.9900016784668,54.99,51.76,48.4,12.0
2865000883_2865000885_0,44.40599822998047,53.68,44.61,47.75,9.27
2865000885_26149164_0,57.80199813842773,54.33,48.51,50.15,-3.47
2865000885_2865000883_0,44.40599822998047,53.68,44.61,47.75,9.27
2865054509_7644575045_0,58.108001708984375,57.43,53.5,56.6,-0.68
2865054509_25303836_0,56.08000183105469,57.3,56.86,55.45,1.22
2865054509_2865054511_0,55.33300018310547,56.85,54.21,55.15,1.52
2865054511_2865054509_0,55.33300018310547,56.85,54.21,55.15,1.52
2865089011_26570167_0,56.52899932861328,58.91,57.45,55.05,2.38
2865915271_7460755570_0,61.667999267578125,54.8,55.62,55.65,-6.87
2872708310_13180260084_0,74.95800018310547,69.36,64.54,63.55,-5.6
2916105775_13730581237_0,73.3479995727539,59.48,57.38,54.55,-13.87
2920302042_21704335_0,60.31399917602539,60.53,57.56,57.95,0.22
2920302042_21703594_0,55.33000183105469,60.79,55.71,57.9,5.46
2922474452_130143409_0,57.58300018310547,55.85,58.55,54.9,-1.73
2922474452_130143384_0,63.20800018310547,58.23,59.11,56.95,-4.98
2922474452_253414917_0,60.04800033569336,55.59,59.85,53.85,-4.46
2923948782_3156680769_0,61.854000091552734,53.76,48.45,46.39,-8.09
2923949204_2923949207_0,67.33000183105469,56.78,53.42,57.57,-10.55
2923949204_206189328_0,69.76200103759766,56.72,54.41,58.82,-13.04
2923949207_2923949208_0,67.59500122070312,56.45,53.55,57.47,-11.15
2923949207_2923949204_0,67.33000183105469,56.78,53.42,57.57,-10.55
2923949208_2923949215_0,61.178001403808594,55.11,52.7,60.35,-6.07
2923949208_2923949207_0,67.59500122070312,56.45,53.55,57.47,-11.15
2923949208_2630568658_0,60.1619987487793,53.6,53.03,46.8,-6.56
2923949215_3782175773_0,63.27799987792969,55.82,54.36,63.3,-7.46
2923949215_2923949208_0,61.178001403808594,55.11,52.7,60.35,-6.07
2923949215_2209140020_0,58.59799957275391,52.72,51.4,53.7,-5.88
2924143717_18697393_0,64.87699890136719,59.36,55.73,56.9,-5.52
2927784180_191988163_0,68.66899871826172,56.31,58.76,60.4,-12.36
2927784180_36863022_0,65.97599792480469,59.09,61.69,65.5,-6.89
2927784180_13674176854_0,68.88500213623047,60.28,67.92,64.15,-8.61
2959901670_195276_0,70.16200256347656,70.0,63.75,64.9,-0.16
2959901670_271415805_0,68.50900268554688,63.13,64.85,66.25,-5.38
3002320972_26084213_0,61.5629997253418,56.89,48.16,50.8,-4.67
3002320972_567871880_0,62.2239990234375,56.69,46.05,51.5,-5.53
3020982382_3020993750_0,76.4540023803711,70.04,57.44,62.0,-6.41
3020982382_1362781029_0,74.88300323486328,66.91,59.85,64.25,-7.97
3020991190_3020982382_0,78.02300262451172,69.91,57.94,62.0,-8.11
3020991190_130144281_0,75.80599975585938,69.59,59.37,61.9,-6.22
3020993750_3020993751_0,75.93399810791016,69.82,58.3,61.65,-6.11
3020993751_3020991190_0,77.4260025024414,69.82,60.86,61.4,-7.61
3046465012_2813006540_0,74.57599639892578,55.97,58.83,58.62,-18.61
3048171911_1462054021_0,59.26499938964844,54.79,51.44,49.45,-4.47
3066729207_8496944255_0,72.0790023803711,75.99,69.15,60.63,3.91
3084714716_4032593105_0,65.25499725341797,56.99,46.54,51.83,-8.26
3101723973_3101723992_0,78.05899810791016,66.03,66.39,65.0,-12.03
3101723978_25149522_0,77.09100341796875,69.31,66.61,63.15,-7.78
3101723983_24485749_0,78.28900146484375,66.86,51.73,58.4,-11.43
3101723992_829528480_0,77.58100128173828,68.14,62.22,64.25,-9.44
3101723996_195232_0,73.91899871826172,68.8,64.49,66.05,-5.12
3101723996_1037257423_0,73.53299713134766,68.59,64.63,66.05,-4.94
3113108906_34400269_0,66.68699645996094,62.71,50.21,52.2,-3.98
3113108906_26086277_0,62.555999755859375,63.22,58.25,61.0,0.66
3150681382_34819693_0,73.13899993896484,58.23,59.76,59.6,-14.91
3156680768_2630568657_0,69.54100036621094,59.98,56.92,51.82,-9.56
3156680768_29980142_0,69.37799835205078,61.23,60.69,53.92,-8.15
3156680769_3156680768_0,61.33599853515625,54.06,52.01,48.07,-7.28
3156680769_937080671_0,62.27099990844727,53.94,52.37,46.23,-8.33
3160860324_8764244747_0,72.71800231933594,66.66,60.36,63.8,-6.06
3160860329_27359753_0,65.56800079345703,65.5,60.85,64.85,-0.07
3160860329_27359754_0,60.797000885009766,61.92,63.81,60.65,1.12
3181893379_3181893380_0,72.34700012207031,58.5,62.44,61.55,-13.85
3208799313_26059102_0,69.13400268554688,67.7,62.59,66.7,-1.43
3267479470_3870641963_0,69.61499786376953,64.61,54.66,60.8,-5.0
3302602286_3302602287_0,57.470001220703125,54.68,47.45,50.11,-2.79
3302602286_9257186_0,59.31700134277344,55.26,53.42,53.45,-4.06
3302602287_3302602286_0,57.470001220703125,54.72,47.81,49.96,-2.75
3305876674_26340341_0,77.51000213623047,67.63,64.15,63.1,-9.88
3305876674_1468747927_0,76.76699829101562,70.36,68.05,62.5,-6.41
3356893209_1715948232_0,56.72999954223633,53.85,47.09,50.55,-2.88
3393859920_195262_0,69.68499755859375,70.7,64.98,63.65,1.02
3393859920_25719228_0,71.80400085449219,71.34,67.0,65.8,-0.46
3393859927_6091703278_0,73.5790023803711,69.32,65.14,63.37,-4.26
3393859930_2841904730_0,72.17900085449219,76.18,67.11,66.5,4.0
3404990017_143439_0,73.01699829101562,62.77,60.49,61.05,-10.25
3446506082_26084608_0,71.28900146484375,61.67,62.65,64.1,-9.62
3446506082_26084609_0,70.01499938964844,61.18,58.88,62.8,-8.83
3446506083_26084609_0,68.68900299072266,60.16,58.01,61.97,-8.53
3446506083_3446506082_0,68.23600006103516,60.94,58.18,62.67,-7.3
3452410723_25611375_0,62.23099899291992,54.21,50.39,56.2,-8.02
3452410723_7041322634_0,71.78500366210938,58.3,60.57,62.1,-13.49
3552894977_21729405_0,62.03200149536133,62.58,62.52,61.05,0.55
3552894977_3552894983_0,62.15299987792969,61.23,60.36,60.6,-0.92
3552894983_21704348_0,58.79999923706055,61.24,58.62,58.85,2.44
3552894983_21729405_0,59.67300033569336,61.25,58.9,60.6,1.58
3558474796_83700575_0,76.21099853515625,70.78,66.62,64.25,-5.43
3558474796_25722228_0,73.3219985961914,60.2,64.72,62.75,-13.12
3626479005_3626479006_0,68.80400085449219,65.64,63.1,63.65,-3.16
3626479005_8149173370_0,69.59500122070312,69.14,66.84,64.15,-0.46
3626479006_10127767105_0,62.56100082397461,62.14,61.72,62.5,-0.42
3626479006_891129818_0,67.70500183105469,65.56,65.61,63.0,-2.15
3667334139_26084498_0,62.45399856567383,56.78,53.11,50.79,-5.67
3727734175_3727734177_0,58.665000915527344,59.35,52.73,57.8,0.68
3727734175_21851032_0,58.28200149536133,59.8,54.31,59.15,1.52
3727734177_269229442_0,61.198001861572266,59.47,52.0,59.35,-1.73
3728703099_13445139_0,83.46600341796875,65.04,67.0,69.25,-18.43
3760583994_1104884206_0,68.8280029296875,60.77,53.5,58.85,-8.06
3760583994_26574295_0,70.25700378417969,61.13,52.98,64.55,-9.13
3770573715_21702435_0,65.65599822998047,66.37,66.39,64.1,0.71
3770573715_21702437_0,64.27200317382812,63.0,64.25,65.95,-1.27
3770573715_21702423_0,63.22600173950195,64.73,66.51,65.7,1.5
3782175773_2923949215_0,63.27799987792969,55.81,54.36,63.4,-7.47
3782175773_206189464_0,66.98100280761719,59.87,54.66,58.05,-7.11
3803779330_767485175_0,58.5989990234375,54.91,49.66,49.5,-3.69
3803779443_1819177538_0,69.11599731445312,58.66,48.18,58.55,-10.46
3803779443_3803779447_0,61.720001220703125,55.54,58.9,53.9,-6.18
3803779447_3803779443_0,61.720001220703125,55.53,58.9,54.0,-6.19
3807653478_33254619_0,77.09400177001953,68.23,66.67,65.7,-8.86
3807653478_33254326_0,77.50700378417969,68.67,68.14,65.6,-8.84
3819413983_1389703943_0,57.402000427246094,45.48,41.65,44.48,-11.92
3824873194_25152615_0,65.99600219726562,67.64,60.62,66.35,1.64
3824873200_12192585637_0,63.91400146484375,66.1,59.83,62.35,2.19
3834391683_1037257425_0,58.26399993896485,54.93,52.87,51.3,-3.33
3840413118_60756023_0,71.21499633789062,66.97,62.61,60.15,-4.24
3842221809_60756023_0,70.88800048828125,65.51,59.05,51.0,-5.38
3842221809_1364923622_0,72.7760009765625,64.68,60.57,50.95,-8.1
3846297541_25153108_0,66.35299682617188,63.95,63.02,66.9,-2.4
3846297548_25499150_0,63.25899887084961,65.13,62.13,63.35,1.87
3870640550_26316432_0,59.632999420166016,59.66,57.56,60.9,0.03
3870641963_208769091_0,68.33699798583984,61.79,57.36,60.6,-6.55
3870641969_208769163_0,67.29100036621094,62.09,56.05,60.7,-5.2
3882989560_21510486_0,56.42399978637695,54.49,58.12,53.4,-1.93
3885678708_25471717_0,58.65900039672852,62.62,55.85,60.25,3.96
3885678708_4922541424_0,62.13100051879883,65.41,60.96,63.0,3.28
3898532753_257513706_0,63.93999862670898,52.57,59.43,52.1,-11.37
3898532756_3898532753_0,65.12899780273438,52.36,53.85,50.9,-12.77
3898532756_257513247_0,66.99099731445312,51.29,52.65,50.15,-15.7
3904130746_27362289_0,57.2760009765625,58.83,58.84,59.35,1.55
3904130746_27362308_0,55.4739990234375,55.61,50.41,51.08,0.14
3922348891_192305105_0,61.98500061035156,49.68,53.53,52.0,-12.31
3922348891_3922348896_0,62.10200119018555,49.82,54.56,52.0,-12.28
3922348896_3922348891_0,62.10200119018555,49.82,54.56,52.0,-12.28
3922348896_1589126699_0,66.94599914550781,50.5,52.64,52.7,-16.45
3923472452_35291292_0,67.66699981689453,58.45,52.01,53.25,-9.22
3923472452_35291288_0,69.9530029296875,59.1,59.64,60.8,-10.85
3928535924_354721859_0,58.99399948120117,55.76,49.91,52.05,-3.23
4002438195_349326455_0,60.167999267578125,59.58,51.09,55.05,-0.59
4002438195_4002438198_0,64.4219970703125,59.09,55.11,56.25,-5.33
4002438198_13125186951_0,68.572998046875,58.54,57.24,56.5,-10.03
4002438198_4002438199_0,69.16300201416016,58.67,57.66,55.7,-10.49
4002438199_192400788_0,69.54100036621094,59.68,60.55,58.25,-9.86
4006576960_33257059_0,77.38500213623047,64.91,61.96,58.9,-12.48
4034132513_26155423_0,63.85300064086914,56.76,56.14,55.95,-7.09
4034132513_868438829_0,59.05500030517578,55.98,53.64,54.85,-3.08
4075536493_8764004613_0,63.630001068115234,59.89,60.89,65.7,-3.74
4075536493_21789166_0,63.09700012207031,58.44,57.94,61.05,-4.66
4092061493_1026030476_0,64.3239974975586,62.69,65.49,65.15,-1.63
4092061493_93856096_0,56.94400024414063,57.64,61.56,61.75,0.7
4110265190_2813006545_0,64.46099853515625,55.7,56.72,50.65,-8.76
4110265203_2813006545_0,66.80599975585938,56.95,61.58,59.05,-9.86
4110265203_2813006540_0,73.54000091552734,61.36,58.03,60.29,-12.18
4110265203_32650982_0,73.06099700927734,60.96,61.27,61.95,-12.1
4143189207_25468215_0,70.72000122070312,62.31,63.3,64.0,-8.41
4150019167_25611272_0,64.86100006103516,58.15,62.88,58.75,-6.71
4195532425_34819706_0,79.11399841308594,67.7,68.06,65.75,-11.41
4249122124_206189464_0,68.93900299072266,65.0,56.26,63.85,-3.94
4249122124_206273179_0,69.31400299072266,61.16,59.44,63.85,-8.15
4249122124_3782175773_0,67.24800109863281,59.94,55.93,63.7,-7.31
4251081829_10087719688_0,73.0469970703125,66.83,62.3,63.7,-6.22
4251081829_26576932_0,73.5,64.69,63.58,63.85,-8.81
4295013306_195241_0,72.61299896240234,71.68,68.96,68.6,-0.93
4295013309_4295013306_0,73.48799896240234,71.36,67.92,68.0,-2.13
4308368197_270323500_0,59.71599960327149,52.27,48.06,50.5,-7.45
4308368197_270323523_0,66.10800170898438,55.36,54.51,51.6,-10.75
4353903012_4353903013_0,63.56100082397461,56.62,53.97,54.15,-6.94
4353903012_26084478_0,63.81800079345703,56.89,59.35,55.0,-6.93
4353903012_26084477_0,63.96699905395508,56.67,59.38,55.21,-7.3
4353903013_4353903012_0,63.56100082397461,56.62,53.97,54.15,-6.94
4353903013_26084480_0,61.1510009765625,56.15,53.3,53.0,-5.0
4384836880_9214618_0,72.74199676513672,68.92,65.75,64.35,-3.82
4384836880_26058768_0,60.792999267578125,61.58,59.45,59.5,0.79
4428355478_21992712_0,74.447998046875,67.7,61.18,65.35,-6.75
4428355483_4428355484_0,70.48200225830078,63.57,61.02,66.4,-6.91
4428355483_4428355478_0,73.39199829101562,61.98,62.87,65.75,-11.41
4428355484_4251081829_0,71.10700225830078,65.68,59.27,64.15,-5.43
4428355731_25336175_0,57.97299957275391,61.49,53.5,56.0,3.52
4428355731_195261_0,62.4739990234375,63.12,57.7,63.95,0.65
4428355731_8866055432_0,64.26699829101562,65.1,59.77,62.45,0.83
4514446555_35441025_0,61.00699996948242,56.8,56.84,60.88,-4.21
4514446555_35441038_0,54.185001373291016,54.93,54.44,55.6,0.74
4517945997_83650897_0,58.66899871826172,54.96,54.79,56.95,-3.71
4525344025_4525344027_0,77.2229995727539,63.29,64.91,64.33,-13.93
4525344027_83761715_0,77.06900024414062,67.9,60.99,63.9,-9.17
4525344027_4525344028_0,76.0979995727539,65.92,68.72,64.88,-10.18
4525344028_83761738_0,76.6709976196289,63.81,66.25,64.15,-12.86
4528925726_10121704203_0,73.03199768066406,70.25,67.84,65.6,-2.78
4549502008_265783501_0,65.56300354003906,56.91,61.2,61.3,-8.65
4574272209_26575616_0,76.05500030517578,68.48,70.13,66.4,-7.58
4575488373_2606505884_0,72.88899993896484,64.05,60.04,63.55,-8.84
4576330333_7012463947_0,73.11799621582031,65.4,59.36,64.9,-7.72
4588190126_254347900_0,61.91899871826172,59.9,61.44,62.85,-2.02
4617186033_25622725_0,73.62000274658203,63.07,64.33,62.65,-10.55
4617186035_4617186036_0,73.24700164794922,66.25,63.51,62.35,-7.0
4617186036_25622731_0,72.6989974975586,63.28,63.15,63.25,-9.42
4617186038_4617186033_0,73.36599731445312,65.88,61.44,62.5,-7.49
4619742847_35441045_0,64.34700012207031,57.18,59.55,54.95,-7.17
4619742908_35960758_0,71.56600189208984,66.53,65.21,64.65,-5.04
4619742908_27179925_0,71.07099914550781,63.49,62.29,62.55,-7.58
4619742911_33126059_0,71.96900177001953,66.94,61.58,64.6,-5.03
4670514771_192400787_0,67.25900268554688,60.87,59.13,56.3,-6.39
4670515495_767485175_0,62.68399810791016,56.48,52.65,52.65,-6.2
4670515495_83761926_0,70.822998046875,62.39,58.13,57.85,-8.43
4670515495_84463207_0,71.46900177001953,59.51,58.9,58.1,-11.96
4675415571_27359754_0,73.21600341796875,67.15,66.88,64.6,-6.07
4675415578_3160860329_0,65.18399810791016,64.18,57.16,59.0,-1.0
4690060601_25611424_0,59.33200073242188,58.28,60.46,59.15,-1.05
4690060601_26317293_0,58.83000183105469,58.85,57.16,57.0,0.02
4709607315_6541872240_0,70.86599731445312,66.95,65.53,63.25,-3.92
4709607315_5770176051_0,70.85800170898438,67.77,68.31,62.55,-3.09
4741814127_9213739_0,66.0270004272461,55.43,45.77,46.2,-10.6
4741814127_293177597_0,66.4219970703125,54.37,47.28,46.62,-12.05
4756679808_4756679810_0,75.51899719238281,65.97,67.5,66.1,-9.55
4756679808_1042501483_0,74.6050033569336,67.01,61.35,65.25,-7.6
4756679810_8560978659_0,74.3550033569336,67.61,66.37,65.75,-6.75
4768526929_26132381_0,68.22899627685547,65.53,62.44,62.35,-2.7
4768526929_26132620_0,73.23300170898438,70.48,66.25,63.8,-2.75
4768526930_8897755315_0,72.35800170898438,66.61,61.51,62.58,-5.75
4768526930_4768526929_0,71.81199645996094,68.32,66.46,63.8,-3.49
4799805071_4986903881_0,59.8390007019043,60.16,57.22,58.7,0.32
4799805071_4799805073_0,60.073001861572266,59.54,56.99,57.95,-0.53
4799805073_4799805071_0,60.073001861572266,59.54,56.99,57.95,-0.53
4799805073_4799805074_0,59.53799819946289,58.98,54.63,57.0,-0.56
4799805073_2388251442_0,59.25199890136719,58.96,57.35,57.45,-0.29
4799805074_21717942_0,59.71599960327149,58.81,55.9,56.75,-0.91
4799805074_4799805073_0,59.53799819946289,58.98,54.63,57.0,-0.56
4799805074_8797918163_0,61.68199920654297,59.78,56.89,58.8,-1.9
4801197974_8148780812_0,73.0479965209961,67.84,64.92,66.5,-5.21
4801197974_4827827547_0,63.69900131225586,61.1,61.36,61.15,-2.6
4827827546_8148780812_0,74.07599639892578,63.95,65.2,66.2,-10.13
4827827546_8088334131_0,65.38899993896484,61.5,66.42,64.1,-3.89
4827827547_4986903881_0,61.10599899291992,59.93,58.06,59.0,-1.18
4827827547_4986903871_0,62.25899887084961,59.69,62.73,59.8,-2.57
4827827556_8797918163_0,74.29199981689453,65.95,59.16,66.8,-8.34
4827827556_4799805074_0,63.49399948120117,58.74,60.51,58.4,-4.75
4844794552_9680578368_0,73.26599884033203,67.66,64.13,64.05,-5.61
4846538599_2813884261_0,59.233001708984375,51.43,49.9,50.1,-7.8
4846538599_4846538600_0,59.233001708984375,50.89,46.47,48.68,-8.34
4846538599_2813884263_0,60.06900024414063,52.94,53.19,53.55,-7.13
4846538600_4846538599_0,59.233001708984375,50.89,46.47,48.68,-8.34
4879722851_868450680_0,76.36599731445312,65.74,62.72,65.25,-10.63
4892381215_34401545_0,69.8270034790039,70.44,62.46,63.85,0.61
4892381215_26033320_0,72.69200134277344,67.87,64.08,63.75,-4.82
4892381215_1036842321_0,71.60600280761719,66.28,60.81,64.55,-5.33
4894298864_25316171_0,59.88899993896485,56.79,52.81,54.05,-3.1
4894298864_25316182_0,62.34400177001953,58.03,62.13,59.95,-4.31
4915696753_1420701986_0,63.625,54.15,47.04,48.95,-9.48
4915696753_4915696754_0,60.494998931884766,55.48,52.82,52.8,-5.01
4915696754_1420701981_0,62.125,57.62,48.78,55.12,-4.51
4915696754_192942533_0,65.2020034790039,58.63,54.47,58.67,-6.57
4915696754_4915696753_0,60.494998931884766,55.48,52.82,52.8,-5.01
4922541424_1288817944_0,62.26599884033203,64.77,63.11,63.0,2.5
4945814673_4945814674_0,59.61800003051758,52.26,45.38,42.87,-7.36
4945814673_2441966631_0,59.74100112915039,54.2,54.31,49.93,-5.54
4945814673_4945814679_0,58.27799987792969,51.85,42.07,43.38,-6.43
4945814674_828689708_0,59.33200073242188,52.61,49.37,46.74,-6.72
4945814674_4945814673_0,59.61800003051758,52.26,45.38,42.87,-7.36
4945814674_9254354610_0,59.57799911499024,52.69,47.69,45.25,-6.89
4945814674_4945814675_0,59.82400131225586,51.99,45.8,42.65,-7.83
4945814675_6248153592_0,59.6870002746582,51.52,48.54,46.67,-8.17
4945814675_4945814679_0,59.52799987792969,51.43,45.54,42.85,-8.1
4945814675_4945814674_0,59.82400131225586,51.99,45.8,42.65,-7.83
4945814675_828689641_0,58.27199935913086,51.89,49.26,47.97,-6.38
4945814679_4945814673_0,58.27799987792969,51.79,42.15,43.88,-6.49
4947306480_25468227_0,68.96299743652344,63.53,64.02,65.15,-5.43
4947306480_25468226_0,69.64399719238281,63.3,54.76,63.95,-6.34
4947306480_4947306496_0,60.10499954223633,57.92,50.54,57.95,-2.18
4947306487_5181464005_0,59.27099990844727,56.89,48.84,51.81,-2.38
4947306487_26084554_0,59.34299850463867,56.42,51.22,52.0,-2.92
4947306496_4947306501_0,56.53099822998047,57.47,46.44,51.55,0.94
4947306501_4947306487_0,59.43399810791016,57.2,50.23,51.34,-2.23
4947306501_4968768578_0,58.79999923706055,58.72,52.59,59.15,-0.08
4962751944_354721865_0,73.27300262451172,63.3,54.57,59.55,-9.97
4968768578_554237881_0,70.43399810791016,64.29,61.61,63.15,-6.14
4968768578_25468227_0,69.6510009765625,63.94,65.32,64.3,-5.71
4986903871_8088334131_0,65.16300201416016,62.1,68.66,63.35,-3.06
4986903871_4827827546_0,65.38899993896484,60.86,64.34,63.35,-4.53
4986903881_4799805071_0,59.8390007019043,60.18,56.13,58.75,0.34
4986903881_4827827547_0,61.10599899291992,59.96,56.96,59.0,-1.15
4986903881_2388251442_0,59.97999954223633,59.77,57.63,58.4,-0.21
5006393114_15925451_0,61.66699981689453,61.97,54.94,57.0,0.3
5118566751_5504388559_0,62.680999755859375,64.35,49.84,54.4,1.67
5118566751_26086124_0,63.92499923706055,64.88,60.02,61.3,0.96
5181464005_26120305_0,62.40399932861328,59.16,54.55,61.05,-3.24
5181464005_4947306496_0,59.7140007019043,57.3,54.53,57.45,-2.41
5257013006_1108937309_0,55.18299865722656,56.8,53.28,48.8,1.62
5280814362_8814402883_0,70.95500183105469,65.49,65.23,63.45,-5.47
5280814362_8814402873_0,70.95500183105469,65.15,65.74,63.65,-5.81
5280814362_8814402884_0,69.64399719238281,62.13,63.27,61.95,-7.51
5298945584_34401011_0,71.03800201416016,70.67,62.69,63.9,-0.37
5320480823_34401545_0,72.18000030517578,64.87,62.15,64.95,-7.31
5320480823_25258521_0,61.88800048828125,62.2,58.3,59.05,0.31
5383127261_16566895_0,76.8489990234375,64.15,69.75,65.1,-12.7
5383127261_16566904_0,77.64800262451172,68.45,70.13,65.45,-9.2
5456383764_5456383765_0,71.27200317382812,67.28,61.26,64.8,-3.99
5456383764_409269451_0,65.31900024414062,65.27,62.11,65.15,-0.05
5456383765_93856100_0,70.05899810791016,63.78,64.65,63.35,-6.28
5456383765_1655683917_0,62.74700164794922,63.12,64.12,64.47,0.37
5456383765_6919391600_0,71.27200317382812,66.92,62.53,64.75,-4.35
5504388559_5118566751_0,62.680999755859375,64.35,49.84,54.4,1.67
5512880808_26086114_0,62.15800094604492,59.75,47.19,53.75,-2.41
5556994221_32650990_0,72.88800048828125,59.35,72.93,64.97,-13.54
5556994221_2179108564_0,77.41799926757812,59.63,62.12,61.78,-17.79
5706947070_24485759_0,61.76800155639648,59.9,56.12,58.6,-1.87
5706947070_24485763_0,62.358001708984375,60.37,47.75,54.5,-1.99
5732208557_25327129_0,69.00700378417969,64.44,65.91,64.5,-4.57
5732208558_5732208557_0,68.28700256347656,59.08,66.92,63.05,-9.21
5732208558_2814082596_0,59.845001220703125,58.21,62.74,59.85,-1.64
5732208559_5732208558_0,69.29399871826172,57.69,66.89,62.5,-11.6
5732208559_25310856_0,59.30799865722656,57.69,61.49,55.9,-1.62
5732208561_25327125_0,69.66699981689453,59.52,61.36,64.2,-10.15
5732208561_5732208559_0,68.5979995727539,56.71,61.1,62.9,-11.89
5770176051_27362284_0,67.1729965209961,64.98,63.82,57.5,-2.19
5889927418_130144387_0,44.64500045776367,55.19,44.24,53.1,10.54
5904902397_5904902401_0,74.9800033569336,66.94,68.44,66.2,-8.04
5904902397_8764287923_0,75.49199676513672,67.88,69.97,66.6,-7.61
5904902401_27359816_0,74.47200012207031,69.59,64.09,68.25,-4.88
5947881174_829114756_0,58.98099899291992,54.8,50.27,49.5,-4.18
5947881174_829114775_0,54.72999954223633,53.63,43.58,45.6,-1.1
6057029780_11216988757_0,71.4729995727539,66.65,56.18,66.1,-4.82
6071660584_2813020264_0,61.72800064086914,50.52,45.32,44.55,-11.21
6071660584_257513240_0,61.90900039672852,50.79,51.55,47.62,-11.12
6071660584_257513237_0,63.53499984741211,53.54,52.82,51.15,-9.99
6071682468_1682387599_0,59.67399978637695,58.71,53.25,55.5,-0.96
6091651313_26317235_0,60.42900085449219,60.64,62.59,65.25,0.21
6091703278_25719228_0,75.09100341796875,69.6,65.68,65.4,-5.49
6101119291_8832666419_0,72.93599700927734,69.14,64.45,66.15,-3.8
6119410093_2110917290_0,68.76000213623047,60.42,60.85,56.4,-8.34
6135349230_257513255_0,68.49500274658203,52.71,58.2,49.75,-15.79
6135349230_1463837288_0,66.52899932861328,50.82,51.12,46.15,-15.71
6135349230_257513257_0,67.38300323486328,52.68,56.23,49.65,-14.7
6142285550_26057064_0,70.09400177001953,66.87,60.64,64.7,-3.22
6142285550_8865464538_0,70.37200164794922,64.07,59.2,63.55,-6.3
6162384602_26057055_0,73.31099700927734,70.35,62.39,64.8,-2.96
6162399645_6162399654_0,60.20100021362305,56.04,58.0,58.15,-4.16
6162399649_6162399654_0,64.65899658203125,59.14,63.75,63.15,-5.52
6162399650_6162399654_0,63.46200180053711,56.04,60.96,58.75,-7.42
6162399654_6162399645_0,60.20100021362305,56.04,58.0,58.15,-4.16
6162399654_6162399649_0,64.65899658203125,59.14,63.75,63.15,-5.52
6162399654_6162399650_0,63.46200180053711,55.95,60.5,58.7,-7.51
6176375685_459797864_0,55.59600067138672,58.21,50.42,52.8,2.61
6185336869_522100855_0,58.95100021362305,60.0,51.01,54.45,1.05
6185376344_975886496_0,65.66799926757812,62.55,56.41,60.3,-3.12
6185376344_2117622742_0,66.79499816894531,63.01,54.37,54.5,-3.78
6185376345_26079797_0,59.70199966430664,61.35,47.38,51.95,1.65
6185376345_26033235_0,62.65800094604492,61.55,50.3,51.45,-1.11
6185376346_26079797_0,58.82600021362305,61.58,48.48,52.0,2.75
6185376346_6185376344_0,63.499000549316406,62.16,49.74,53.27,-1.34
6185376346_6185376345_0,62.150001525878906,62.03,48.97,52.87,-0.12
6239303250_8149602176_0,68.39399719238281,62.35,61.55,62.95,-6.04
6239303250_8149579152_0,69.34600067138672,61.7,62.25,61.7,-7.65
6248153590_6248153594_0,59.77999877929688,50.41,47.29,46.92,-9.37
6248153590_1562156928_0,60.483001708984375,50.75,49.64,47.42,-9.73
6248153590_6248153593_0,59.53400039672852,49.79,41.33,41.08,-9.74
6248153591_4945814679_0,59.0,51.03,39.93,41.88,-7.97
6248153591_6248153592_0,59.571998596191406,50.5,39.52,42.92,-9.07
6248153592_4945814675_0,59.6870002746582,51.52,48.54,46.67,-8.17
6248153592_6248153594_0,59.64699935913086,50.43,45.15,46.02,-9.22
6248153592_6248153591_0,59.571998596191406,50.5,39.52,42.92,-9.07
6248153593_6248153594_0,59.96699905395508,49.89,39.53,41.68,-10.08
6248153593_6248153591_0,59.625,50.12,39.37,41.05,-9.51
6248153593_6248153590_0,59.53400039672852,49.77,41.52,41.08,-9.76
6248153594_6248153592_0,59.64699935913086,50.43,45.15,46.02,-9.22
6248153594_6248153590_0,59.77999877929688,50.4,47.29,47.02,-9.38
6248153594_6248153593_0,59.96699905395508,49.89,39.53,41.68,-10.08
6261544707_190131566_0,60.90499877929688,54.02,52.98,53.2,-6.88
6261544707_6261544707_0,61.28900146484375,52.21,42.54,45.2,-9.08
6262067560_1993735489_0,71.76499938964844,69.31,66.6,62.6,-2.45
6262067560_25319207_0,75.05699920654297,65.98,63.36,61.3,-9.08
6262067564_1993735489_0,71.73600006103516,67.48,67.65,66.0,-4.26
6262067564_25614299_0,76.1760025024414,73.59,66.14,63.9,-2.59
6280901389_1856728236_0,69.38600158691406,70.4,65.57,68.55,1.01
6280901389_15925447_0,70.41000366210938,77.74,66.77,68.75,7.33
6290713370_6290713371_0,51.0099983215332,58.54,57.44,55.75,7.53
6290713371_6290713370_0,51.0099983215332,58.54,57.44,55.75,7.53
6290713372_6290713373_0,52.0629997253418,58.58,52.47,56.3,6.52
6290713373_6290713372_0,52.0629997253418,58.58,52.47,56.3,6.52
6291616343_21597584_0,58.96599960327149,58.07,52.2,53.9,-0.9
6322684553_1047333069_0,66.75499725341797,53.67,48.82,53.45,-13.08
6322684553_2602170153_0,55.27799987792969,52.09,45.83,45.42,-3.19
6359515623_25719228_0,72.23400115966797,74.9,60.85,66.45,2.67
6360409723_6360409719_0,60.84199905395508,57.07,56.14,54.65,-3.77
6360762563_26132618_0,66.25,59.35,50.77,56.0,-6.9
6360762563_6360762569_0,64.427001953125,58.91,51.28,55.25,-5.52
6360762568_6360762569_0,57.39599990844727,57.97,47.21,53.8,0.57
6360762569_6360762568_0,57.39599990844727,57.95,48.39,53.85,0.55
6360762569_6360762563_0,64.427001953125,58.91,51.28,55.25,-5.52
6360762569_6360762571_0,58.98899841308594,58.58,48.74,56.3,-0.41
6360762571_6360762578_0,59.14500045776367,58.74,50.7,56.3,-0.41
6360762571_6360762577_0,61.17399978637695,58.55,52.51,53.15,-2.62
6360762571_6360762569_0,58.98899841308594,58.58,48.74,56.3,-0.41
6360762576_26132617_0,59.95100021362305,57.87,46.29,49.7,-2.08
6360762576_6360762587_0,59.57400131225586,58.67,46.24,50.84,-0.9
6360762576_6360762578_0,59.777000427246094,58.59,47.55,50.55,-1.19
6360762577_6360762587_0,61.547000885009766,59.21,51.96,56.9,-2.34
6360762577_6360762571_0,61.17399978637695,58.56,52.51,53.15,-2.61
6360762577_6360762578_0,58.04100036621094,58.81,50.39,56.9,0.77
6360762578_6360762577_0,58.04100036621094,58.81,50.39,56.9,0.77
6360762578_6360762576_0,59.777000427246094,58.58,47.55,50.55,-1.2
6360762578_6360762571_0,59.14500045776367,58.74,50.7,56.3,-0.41
6360762584_6360762587_0,60.15499877929688,59.58,51.49,56.35,-0.57
6360762584_6360762584_0,62.39099884033203,59.66,53.08,56.09,-2.73
6360762587_6360762577_0,61.547000885009766,59.21,51.96,56.9,-2.34
6360762587_6360762576_0,59.57400131225586,58.67,46.24,50.84,-0.9
6374806460_130143392_0,60.44400024414063,54.55,51.73,52.2,-5.89
6388307988_191918630_0,62.09999847412109,58.28,59.46,61.25,-3.82
6388307988_191918644_0,62.57500076293945,59.21,60.34,61.45,-3.37
6389351316_2073912372_0,59.58599853515625,59.45,62.4,63.15,-0.14
6389351316_191918582_0,60.81999969482422,60.21,62.77,63.3,-0.61
6424443708_25471719_0,58.02399826049805,60.96,53.98,54.9,2.94
6480607194_26132218_0,61.39099884033203,60.28,57.01,57.55,-1.11
6480734524_6480734527_0,68.38500213623047,61.69,58.7,58.35,-6.7
6480734524_8811275884_0,71.21199798583984,64.1,60.47,56.1,-7.11
6480734527_6480734528_0,69.6449966430664,62.67,55.67,56.7,-6.97
6480734527_6360762584_0,65.52999877929688,60.19,52.8,59.75,-5.34
6480734528_6480734529_0,69.05000305175781,65.47,59.52,60.8,-3.58
6480734529_26132620_0,69.48300170898438,66.4,63.7,63.15,-3.08
6480734541_6817017634_0,68.14700317382812,63.37,60.66,59.75,-4.78
6480734544_6541872240_0,71.44499969482422,67.42,65.73,63.7,-4.02
6480734544_5770176051_0,70.197998046875,67.74,66.46,63.1,-2.46
6541872240_8801809168_0,72.33799743652344,69.42,65.0,63.5,-2.92
6541872240_2066046273_0,69.09300231933594,65.2,60.18,61.95,-3.89
6541872243_8798316222_0,70.60099792480469,64.17,64.03,64.45,-6.43
6541872243_27362898_0,63.15900039672852,63.22,64.25,58.5,0.06
6541872243_27362894_0,68.08899688720703,66.71,65.64,63.35,-1.38
6588120227_2853496797_0,62.65700149536133,55.34,55.91,56.05,-7.32
6588120227_7544719212_0,65.39600372314453,54.6,56.61,54.5,-10.8
6744047182_33257040_0,83.40599822998047,63.82,63.88,64.9,-19.59
6817017634_1255306647_0,69.94000244140625,64.1,65.26,60.39,-5.84
6817017634_6480734544_0,67.03299713134766,64.24,63.42,61.0,-2.79
6900796839_26336566_0,74.30599975585938,68.12,69.73,64.9,-6.19
6900796839_958040717_0,71.27200317382812,65.4,66.95,65.7,-5.87
6918506361_571794836_0,68.38999938964844,63.98,61.78,62.6,-4.41
6918506361_1056701798_0,67.87300109863281,65.59,60.07,61.85,-2.28
6919391600_8149395025_0,71.91799926757812,64.82,61.41,64.35,-7.1
6919391600_5456383764_0,72.21700286865234,67.23,60.31,64.65,-4.99
6919580832_26480569_0,76.89399719238281,69.62,62.63,65.65,-7.27
6919580833_6919580832_0,76.15899658203125,70.53,63.58,66.25,-5.63
6919580833_7470129_0,78.21499633789062,68.94,61.06,65.75,-9.27
6919580835_7470129_0,76.19000244140625,68.78,63.14,66.0,-7.41
6919580835_6919580833_0,76.2969970703125,69.13,63.19,65.75,-7.17
6943172513_33070179_0,70.65499877929688,64.82,60.4,64.9,-5.83
6943172520_34967237_0,71.02400207519531,63.44,62.02,65.45,-7.58
6943172520_6943172523_0,71.0739974975586,65.03,56.31,64.65,-6.04
6943172523_9249808_0,71.18499755859375,66.69,58.14,64.65,-4.49
6943172533_24289146_0,71.22200012207031,66.12,60.7,65.0,-5.1
6943172533_6943172513_0,71.22200012207031,64.84,60.37,64.75,-6.38
6943216125_22158975_0,73.4739990234375,65.48,61.81,64.2,-7.99
6943216125_6943216130_0,72.30400085449219,65.06,58.82,64.05,-7.24
6943216130_34967237_0,72.71399688720703,65.93,59.12,63.8,-6.78
6943216130_6943172523_0,70.1520004272461,63.56,60.64,66.3,-6.59
6990640909_25316182_0,69.9489974975586,58.96,60.63,64.7,-10.99
6990640984_2234398946_0,74.20899963378906,64.45,68.39,64.75,-9.76
7002003110_25319302_0,69.67900085449219,66.57,61.25,60.55,-3.11
7002003110_1606993788_0,66.63600158691406,64.62,62.32,61.1,-2.02
7012463945_25310826_0,70.75399780273438,61.55,62.45,64.5,-9.2
7012463947_25310829_0,74.1050033569336,64.11,60.24,65.0,-10.0
7012463947_7012463945_0,71.18900299072266,63.73,59.07,65.15,-7.46
7041322633_7041322634_0,69.76200103759766,55.0,51.29,56.4,-14.76
7041322633_3452410723_0,68.64600372314453,55.13,50.76,56.8,-13.52
7041322634_26149163_0,72.28399658203125,57.86,59.51,62.55,-14.42
7095808873_529913055_0,59.84199905395508,54.72,49.71,49.4,-5.12
7095808873_206189060_0,63.6150016784668,55.37,55.91,53.9,-8.25
7183740681_32651006_0,71.13899993896484,64.14,60.48,63.8,-7.0
7183740681_33126077_0,68.87000274658203,62.47,63.21,63.8,-6.4
7204776620_206189328_0,69.00900268554688,60.84,57.23,60.25,-8.17
7204776620_206189325_0,67.7229995727539,59.57,53.01,59.6,-8.15
7205400947_644880770_0,73.62100219726562,70.24,64.0,63.1,-3.38
7205400947_2320613216_0,73.79000091552734,67.98,63.96,62.85,-5.81
7218035845_6091651313_0,64.71399688720703,63.25,60.68,61.8,-1.46
7218035845_25336179_0,65.86599731445312,63.36,64.64,65.0,-2.51
7262708541_25258545_0,59.91999816894531,62.77,61.67,62.0,2.85
7262708549_25258524_0,58.167999267578125,62.49,55.75,58.75,4.32
7262708550_975656240_0,59.75199890136719,62.0,56.93,59.1,2.25
7262708550_7262708549_0,61.2599983215332,62.38,54.0,57.35,1.12
7274778339_1471824481_0,76.49299621582031,66.91,65.22,65.35,-9.58
7274778339_26480357_0,76.80699920654297,65.03,66.14,65.1,-11.78
7275092726_34967269_0,77.7020034790039,67.48,62.34,64.4,-10.22
7281044816_1510257225_0,76.49400329589844,69.53,65.35,65.4,-6.96
7281044816_26480377_0,75.62999725341797,69.0,61.84,65.6,-6.63
7417014158_192400916_0,63.88999938964844,59.9,54.58,59.85,-3.99
7417014158_193556734_0,63.02000045776367,57.32,57.79,59.85,-5.7
7417014158_2441966631_0,64.00299835205078,57.98,53.39,51.0,-6.02
7460755570_2865915271_0,61.667999267578125,54.8,55.62,55.65,-6.87
7531586194_7531586199_0,75.19499969482422,61.1,74.41,64.4,-14.09
7531586199_32650994_0,75.5199966430664,60.95,74.41,64.65,-14.57
7544719212_6068627217_0,66.55500030517578,52.39,53.8,52.9,-14.17
7550893549_434308458_0,67.11399841308594,59.7,59.55,61.85,-7.41
7550893549_2365376413_0,67.81099700927734,60.35,63.42,61.85,-7.46
7554999969_26480152_0,48.382999420166016,62.13,65.38,61.4,13.75
7644575043_7644575045_0,65.76000213623047,58.83,61.93,58.1,-6.93
7644575043_26155366_0,58.41699981689453,57.19,60.05,55.35,-1.23
7644575045_2865054509_0,58.108001708984375,57.41,53.57,56.55,-0.7
7644575045_7550893549_0,64.08200073242188,58.68,60.12,58.45,-5.4
7942186731_13046082674_0,58.6870002746582,61.3,63.03,64.0,2.61
7942186731_2026239409_0,70.07499694824219,70.32,67.42,66.1,0.25
7968562266_9444906851_0,71.21199798583984,58.8,59.55,63.6,-12.41
7968562266_2571377366_0,70.4229965209961,57.16,63.17,63.65,-13.26
8035679173_254347900_0,55.15999984741211,57.15,57.34,62.47,1.99
8087802997_1028320700_0,71.96700286865234,66.66,67.27,66.8,-5.31
8087802997_27362921_0,66.75299835205078,63.55,64.83,65.9,-3.2
8087821651_1957527533_0,63.375,62.0,57.73,61.0,-1.38
8087821651_1028380059_0,63.08599853515625,63.97,61.5,62.45,0.88
8087821651_1957527551_0,64.8270034790039,63.88,60.28,62.25,-0.95
8087837589_271151916_0,64.39299774169922,62.8,63.09,60.35,-1.59
8087837589_27362906_0,64.16000366210938,63.5,61.28,58.85,-0.66
8087837595_27362561_0,60.29100036621094,60.28,58.48,59.45,-0.01
8087837595_27362300_0,60.87799835205078,61.56,62.28,60.95,0.68
8087837595_27362905_0,64.69000244140625,63.41,60.71,58.15,-1.28
8087837595_350344029_0,64.22899627685547,63.36,61.66,58.1,-0.87
8087899720_8087899721_0,72.61199951171875,67.69,62.55,64.1,-4.92
8087899720_932576343_0,74.07499694824219,69.33,63.13,64.05,-4.74
8087899721_1957527553_0,73.7490005493164,68.41,64.07,64.15,-5.34
8087899721_8087899724_0,61.95199966430664,64.69,60.51,63.9,2.74
8087899724_8168902698_0,62.44200134277344,65.95,67.03,67.05,3.51
8087899724_8087899732_0,63.17100143432617,64.7,64.92,65.65,1.53
8087899727_8168902699_0,69.30599975585938,66.69,68.16,66.85,-2.62
8087899727_8087900725_0,62.03900146484375,64.06,65.87,65.1,2.02
8087899732_8168819585_0,70.17900085449219,65.75,64.33,64.35,-4.43
8087899732_8087899727_0,69.62999725341797,67.98,68.01,67.4,-1.65
8087900725_8087900728_0,61.32600021362305,63.91,67.69,65.65,2.58
8087900725_21704354_0,59.37300109863281,59.39,61.92,61.92,0.02
8087900728_21604592_0,72.23300170898438,67.94,66.21,63.8,-4.29
8087900728_8088147462_0,64.16799926757812,66.81,66.45,67.85,2.64
8088147462_25321323_0,44.4739990234375,64.69,65.89,65.05,20.22
8088147462_7300862_0,73.20700073242188,70.03,67.15,66.75,-3.18
8088247480_8088285562_0,62.08000183105469,62.92,66.73,63.3,0.84
8088247480_21704344_0,58.62099838256836,61.68,62.06,60.15,3.06
8088247480_21715353_0,62.92900085449219,62.09,62.37,62.7,-0.84
8088247481_8088247480_0,61.31999969482422,62.41,58.69,61.15,1.09
8088247481_21704346_0,60.04399871826172,61.54,59.03,60.85,1.5
8088247481_21717905_0,60.34999847412109,62.5,60.98,60.65,2.15
8088285556_8088285559_0,64.37899780273438,66.87,63.61,66.35,2.49
8088285556_8088147462_0,72.9010009765625,70.2,65.68,67.15,-2.7
8088285556_25303795_0,65.0270004272461,64.95,61.13,66.05,-0.08
8088285559_8088285556_0,64.37899780273438,66.86,65.41,66.35,2.48
8088285559_21702435_0,66.10199737548828,65.97,67.83,66.05,-0.13
8088285559_21702438_0,70.38700103759766,68.64,65.3,66.1,-1.75
8088285562_8088247480_0,62.08000183105469,62.92,66.73,63.3,0.84
8088285562_21702423_0,67.38099670410156,65.19,67.63,66.35,-2.19
8088285562_1029591870_0,69.12300109863281,68.73,68.32,66.1,-0.39
8088318345_8148599279_0,67.6709976196289,65.65,62.8,60.8,-2.02
8088318345_21717929_0,63.72999954223633,64.25,65.78,61.95,0.52
8088318345_21717928_0,67.63999938964844,64.88,60.15,60.35,-2.76
8088318345_21717907_0,61.04999923706055,63.29,62.06,60.65,2.24
8088334131_4986903871_0,65.16300201416016,62.1,68.66,63.35,-3.06
8088334131_4827827547_0,61.02899932861328,59.65,61.56,60.3,-1.38
8111455579_8164417173_0,72.24600219726562,69.44,64.19,63.5,-2.81
8111455579_12296232780_0,72.12300109863281,65.52,62.35,64.7,-6.6
8137491713_25610709_0,71.83300018310547,66.47,65.02,59.2,-5.36
8137491713_25611043_0,73.03600311279297,67.23,63.51,60.65,-5.81
8138143068_2512682702_0,70.76200103759766,63.58,60.74,59.15,-7.18
8138143068_12672628784_0,66.94300079345703,66.55,59.75,61.15,-0.39
8147160894_59654829_0,57.07799911499024,58.3,54.45,54.6,1.22
8147160894_59654812_0,55.43000030517578,58.05,54.21,54.65,2.62
8148458813_1992934964_0,57.20800018310547,57.26,51.65,54.6,0.05
8148599278_21717913_0,67.0469970703125,64.33,59.44,62.8,-2.72
8148599278_8148599279_0,67.16200256347656,64.92,60.74,59.65,-2.24
8148599279_8148599278_0,67.16200256347656,64.92,60.74,59.65,-2.24
8148599279_8088318345_0,67.6709976196289,65.65,62.8,60.8,-2.02
8148599279_1161960871_0,60.805999755859375,62.86,64.01,59.05,2.05
8148638868_1201354445_0,63.82799911499024,64.17,59.3,60.05,0.34
8148638868_1201354435_0,62.9640007019043,64.1,62.07,61.25,1.14
8148638869_1201354445_0,63.60100173950195,64.15,59.16,60.25,0.55
8148638869_21717919_0,61.40599822998047,62.6,58.0,61.15,1.19
8148780812_4827827546_0,74.07599639892578,63.95,65.2,66.2,-10.13
8148780812_8148795588_0,74.48500061035156,66.61,64.12,66.55,-7.88
8148780812_8148780813_0,74.08499908447266,63.98,65.62,65.45,-10.1
8148780813_270298918_0,68.01200103759766,61.62,63.21,64.0,-6.39
8148780813_1250985279_0,72.12200164794922,67.26,62.37,65.65,-4.86
8148780813_8148780812_0,74.08499908447266,63.98,65.62,65.45,-10.1
8148795588_4827827556_0,74.48699951171875,64.9,59.23,66.1,-9.59
8148795588_2388251442_0,63.02899932861328,59.38,61.8,58.9,-3.65
8148996574_8148996575_0,74.50900268554688,64.08,66.1,66.0,-10.43
8148996574_8149073107_0,73.98100280761719,67.0,58.18,65.8,-6.98
8148996574_21718291_0,62.99599838256836,60.6,59.27,60.5,-2.4
8148996575_8148996574_0,74.50900268554688,64.08,66.1,66.0,-10.43
8148996575_27362904_0,62.31900024414063,59.87,57.74,58.05,-2.45
8148996575_27362559_0,71.08399963378906,66.49,60.11,66.45,-4.59
8149051282_27362894_0,69.33899688720703,64.42,62.22,64.1,-4.92
8149051282_8798316222_0,74.18699645996094,70.82,64.02,67.4,-3.37
8149073107_8798316218_0,73.875,70.51,63.96,66.45,-3.36
8149073107_1201354425_0,71.48200225830078,66.12,64.79,66.25,-5.36
8149173370_8801809168_0,70.44200134277344,67.38,64.52,63.55,-3.06
8149173370_1255306647_0,69.52100372314453,64.1,63.0,61.25,-5.42
8149173370_6480734544_0,72.61599731445312,69.34,66.56,63.45,-3.28
8149345756_4768526930_0,68.85099792480469,66.84,64.69,63.55,-2.01
8149395025_8814060595_0,71.8239974975586,63.44,59.15,63.0,-8.38
8149426950_409269451_0,64.56500244140625,65.57,60.46,64.65,1.0
8149426950_409269452_0,58.21200180053711,60.17,58.84,60.1,1.96
8149426950_8149426952_0,63.85300064086914,63.56,60.7,63.6,-0.29
8149426952_8149426950_0,63.85300064086914,63.56,60.7,63.6,-0.29
8149426952_26132251_0,64.2040023803711,63.17,59.47,61.55,-1.03
8149518874_6239303250_0,69.34600067138672,62.45,62.39,62.05,-6.9
8149518874_59654830_0,59.560001373291016,59.96,59.79,60.9,0.4
8149518874_8149579152_0,69.63600158691406,62.19,62.77,63.85,-7.45
8149579152_8149518874_0,69.63600158691406,62.19,62.77,63.85,-7.45
8149602176_8149602179_0,69.33899688720703,65.85,63.22,63.48,-3.49
8149602176_6239303250_0,68.39399719238281,62.35,61.55,62.95,-6.04
8149602177_8149606913_0,69.14199829101562,66.47,60.94,63.7,-2.67
8149602177_8149602194_0,69.00499725341797,66.58,61.64,61.1,-2.42
8149602179_8149602177_0,69.00499725341797,67.02,61.91,63.6,-1.98
8149602194_8149602176_0,67.60199737548828,65.39,60.13,60.95,-2.21
8149606913_8149602177_0,69.14199829101562,66.47,60.94,63.7,-2.67
8149606913_8149666790_0,68.62200164794922,67.19,62.96,63.6,-1.43
8149666790_6918506361_0,67.87300109863281,66.03,63.44,63.25,-1.84
8149683531_8794404140_0,72.89099884033203,66.44,64.42,64.15,-6.45
8149683531_25452878_0,66.11399841308594,61.16,60.36,61.15,-4.95
8149683531_571794836_0,69.20700073242188,63.22,60.41,62.0,-5.99
8149683531_21604559_0,72.63300323486328,62.7,62.82,61.5,-9.93
8164417159_365117230_0,65.91400146484375,63.9,63.13,62.2,-2.01
8164417159_836850034_0,70.87100219726562,70.01,65.8,67.05,-0.86
8164417173_8164417159_0,72.0479965209961,69.78,62.77,67.2,-2.27
8164417173_21717915_0,59.88600158691406,62.94,60.75,58.35,3.05
8164417178_12296232780_0,73.2249984741211,66.95,66.03,64.75,-6.27
8164417178_21717913_0,66.93699645996094,65.61,63.43,63.05,-1.33
8164417178_2320613216_0,72.45700073242188,69.21,64.93,63.85,-3.25
8164417178_8111455579_0,71.18399810791016,70.99,64.06,64.6,-0.19
8168819577_8173410515_0,67.10299682617188,64.25,61.76,62.15,-2.85
8168819584_8168819585_0,67.7760009765625,64.03,59.94,64.55,-3.75
8168819584_21702418_0,66.49600219726562,64.17,63.26,65.1,-2.33
8168819584_8087899727_0,69.90899658203125,66.29,65.54,65.55,-3.62
8168819585_8168819584_0,67.7760009765625,64.03,59.94,64.55,-3.75
8168819585_21703587_0,55.34000015258789,61.37,61.11,63.8,6.03
8168819585_8088285562_0,67.08399963378906,65.35,62.17,65.05,-1.73
8168902698_8168902699_0,69.802001953125,68.7,66.71,68.15,-1.1
8168902698_8087899732_0,68.66799926757812,66.4,66.95,67.15,-2.27
8168902699_21703544_0,62.42100143432617,64.75,65.14,65.2,2.33
8168902699_21702760_0,70.12899780273438,67.3,67.23,67.25,-2.83
8168902706_8168902712_0,71.0459976196289,70.71,67.72,64.5,-0.34
8168902706_25624160_0,69.0979995727539,68.92,61.27,65.2,-0.18
8168902712_8168902706_0,71.0459976196289,70.71,67.72,64.5,-0.34
8168902712_1957527551_0,64.13800048828125,64.6,64.57,62.85,0.46
8168902712_1957527548_0,69.9469985961914,69.34,66.17,65.65,-0.61
8168938341_8752288920_0,71.16600036621094,74.21,64.58,65.2,3.04
8168938341_25471761_0,64.76899719238281,66.64,63.52,65.6,1.87
8168938342_3885678708_0,64.00399780273438,65.2,62.84,63.05,1.2
8168938342_984186437_0,65.84300231933594,66.5,64.04,64.0,0.66
8168938357_984186436_0,71.5979995727539,69.4,66.03,66.75,-2.2
8168938357_8168938360_0,70.5780029296875,69.21,64.19,67.05,-1.37
8168938358_8168938357_0,71.99400329589844,70.96,65.78,67.15,-1.03
8168938358_3885678708_0,65.78800201416016,66.44,66.15,65.9,0.65
8168938359_984186472_0,70.97200012207031,71.07,65.78,67.35,0.1
8168938359_8168938358_0,70.93399810791016,71.12,65.82,67.2,0.19
8168938360_8168938359_0,71.23100280761719,71.01,65.78,67.2,-0.22
8168938360_654019202_0,67.01599884033203,66.78,66.52,66.9,-0.24
8173410515_21604596_0,70.56300354003906,64.03,61.33,64.3,-6.53
8210566445_252412613_0,61.0009994506836,58.24,60.02,60.25,-2.76
8210566445_25722260_0,69.0739974975586,62.65,66.97,64.95,-6.42
8218182127_8218182128_0,51.290000915527344,59.03,59.31,61.2,7.74
8218182128_25547436_0,63.334999084472656,60.05,65.29,64.6,-3.28
8244994756_796917509_0,59.07699966430664,61.35,59.25,57.4,2.27
8274304167_9499384367_0,67.60900115966797,61.78,65.45,62.55,-5.83
8274304171_8274304167_0,68.4229965209961,60.95,62.91,60.25,-7.47
8274304171_26052934_0,72.23999786376953,67.69,61.37,61.2,-4.55
8281232336_1643908326_0,67.01200103759766,60.35,59.18,64.35,-6.66
8281232336_25470916_0,64.44599914550781,59.63,54.79,59.65,-4.82
8363909975_25310870_0,60.33300018310547,60.0,63.78,58.5,-0.33
8363909975_25310864_0,56.76300048828125,58.51,63.59,59.05,1.75
8393613661_26108118_0,68.63099670410156,60.41,60.2,59.9,-8.22
8393613661_567871880_0,61.90299987792969,57.69,59.55,58.65,-4.21
8393613661_1445329952_0,58.24700164794922,57.31,55.76,58.4,-0.94
8399389567_1384310580_0,63.749000549316406,59.43,56.45,59.25,-4.32
8399389567_24644383_0,74.79399871826172,64.72,62.94,63.95,-10.07
8461186035_2810964557_0,69.57599639892578,53.97,63.58,61.55,-15.61
8461739677_26016372_0,71.4469985961914,68.33,65.06,64.8,-3.12
8496944255_25306161_0,72.15699768066406,69.49,67.32,68.1,-2.67
8496944255_25452393_0,70.94100189208984,74.65,67.91,64.95,3.71
8541062634_8541062635_0,61.93199920654297,61.68,62.6,64.45,-0.25
8541062634_195274_0,61.86000061035156,60.25,59.83,64.35,-1.61
8541062634_25321407_0,61.70600128173828,58.88,64.27,61.6,-2.83
8541062635_8541062634_0,61.93199920654297,61.68,62.6,64.45,-0.25
8541062635_25451370_0,62.071998596191406,60.28,60.1,60.35,-1.79
8560978660_4756679808_0,75.51899719238281,67.77,66.24,65.75,-7.75
8560978660_8560978659_0,75.51899719238281,69.07,67.88,66.15,-6.45
8572425297_35291702_0,60.18000030517578,53.25,50.87,46.92,-6.93
8572425297_35291569_0,61.1609992980957,53.58,47.31,45.95,-7.58
8576486926_130185640_0,67.34600067138672,59.1,62.27,59.85,-8.25
8576486926_2073932342_0,67.8010025024414,57.16,61.32,54.9,-10.64
8578386869_215687070_0,59.20600128173828,55.48,58.67,50.78,-3.73
8699382644_2209140020_0,54.5989990234375,53.07,50.1,52.64,-1.53
8752288920_48880114_0,71.4020004272461,70.34,65.01,66.05,-1.06
8752289484_143412_0,67.44100189208984,65.11,65.26,66.8,-2.33
8752289484_8752289487_0,67.44100189208984,64.62,63.91,66.5,-2.82
8752289484_8887828392_0,60.80199813842773,63.0,62.36,63.75,2.2
8752289487_21852326_0,69.8479995727539,70.1,63.75,66.7,0.25
8753184568_4428355478_0,74.78399658203125,69.81,63.87,65.75,-4.97
8753184569_8753184568_0,73.78199768066406,69.52,60.93,65.3,-4.26
8753184569_30267248_0,72.04100036621094,67.44,61.98,65.45,-4.6
8764004613_27359810_0,59.74599838256836,61.21,62.64,59.9,1.46
8764004613_4075536493_0,63.630001068115234,59.89,60.89,65.7,-3.74
8764004613_974116109_0,73.10299682617188,68.23,63.69,65.75,-4.87
8764154567_25499159_0,60.26399993896485,60.75,50.02,57.65,0.49
8764193131_9214708_0,67.88099670410156,67.62,63.81,66.05,-0.26
8764193131_26059099_0,62.56900024414063,61.64,63.3,65.25,-0.93
8764216683_95836805_0,71.61000061035156,71.83,67.72,67.15,0.22
8764216683_600816158_0,72.58699798583984,70.52,67.6,59.28,-2.07
8764216683_600816161_0,71.03700256347656,71.77,68.42,67.95,0.73
8764244747_2600872714_0,72.75700378417969,68.63,65.73,66.5,-4.13
8764287923_2600872721_0,72.86399841308594,68.99,70.86,67.15,-3.87
8764287923_5904902401_0,74.9800033569336,71.16,67.58,66.4,-3.82
8771456495_26235109_0,69.93099975585938,69.77,70.17,66.95,-0.16
8771456495_25499216_0,71.93399810791016,68.9,66.84,65.85,-3.03
8784777105_26131889_0,62.21500015258789,63.54,64.75,65.05,1.32
8784777105_8764216683_0,69.88999938964844,68.8,62.63,67.2,-1.09
8784789884_8784819038_0,73.53800201416016,67.99,64.49,66.1,-5.55
8784789884_26131889_0,62.55199813842773,61.66,61.25,60.45,-0.89
8784819038_8784777105_0,71.1449966430664,70.3,64.53,66.1,-0.84
8784819038_25499219_0,63.04199981689453,61.61,65.33,63.05,-1.43
8784931018_26058771_0,62.22999954223633,61.0,57.7,58.6,-1.23
8784931018_4384836880_0,73.5739974975586,67.79,66.51,63.45,-5.78
8785553694_25321357_0,57.80899810791016,61.72,59.03,60.5,3.91
8785553694_195277_0,70.2030029296875,69.73,65.52,66.35,-0.47
8785560397_195279_0,64.29399871826172,66.74,67.2,67.35,2.45
8785560397_8785553694_0,72.13999938964844,71.39,67.13,67.1,-0.75
8788241044_8788241047_0,63.01599884033203,59.29,60.72,61.95,-3.73
8788241046_8788252009_0,63.553001403808594,60.08,60.36,62.8,-3.47
8788241047_8788329528_0,63.05799865722656,59.98,60.49,59.6,-3.08
8788241047_34815654_0,60.88100051879883,58.11,59.35,59.5,-2.77
8788241048_8788241047_0,64.00499725341797,61.0,60.58,57.3,-3.0
8788241048_8788241046_0,62.595001220703125,59.27,56.41,61.9,-3.33
8788252008_8788252009_0,70.52300262451172,64.68,60.76,64.3,-5.84
8788252008_34815656_0,71.89099884033203,62.4,59.12,63.8,-9.49
8788252008_8788241044_0,63.31999969482422,60.17,60.07,63.35,-3.15
8788252009_25312126_0,70.69400024414062,61.09,61.76,63.7,-9.6
8788252009_8788252008_0,70.52300262451172,64.68,60.76,64.3,-5.84
8788329523_8788241048_0,63.09700012207031,59.92,61.08,59.55,-3.18
8788329523_25312133_0,62.73899841308594,57.11,56.32,57.1,-5.63
8788329523_8788329528_0,64.01899719238281,59.46,62.39,58.95,-4.56
8788329528_34818667_0,63.58000183105469,59.01,63.42,60.05,-4.57
8788329528_8788329523_0,64.01899719238281,59.46,62.39,58.95,-4.56
8788329528_34815652_0,61.04499816894531,57.77,57.99,58.7,-3.27
8791129061_3150681382_0,73.55999755859375,59.52,60.32,58.8,-14.04
8791129061_8791385058_0,72.01799774169922,62.4,63.11,62.55,-9.62
8791385058_8791129061_0,72.01799774169922,62.4,63.11,62.55,-9.62
8791385058_1301750261_0,67.53900146484375,59.71,64.6,60.4,-7.83
8792993463_9214911_0,58.82500076293945,61.12,57.58,58.05,2.29
8794404135_35413414_0,69.3290023803711,63.33,60.01,62.1,-6.0
8794404135_8149683531_0,70.80000305175781,64.74,62.83,62.7,-6.06
8794404140_8149683531_0,72.89099884033203,66.44,64.42,64.15,-6.45
8794404140_25452887_0,71.6449966430664,62.94,63.01,62.45,-8.7
8794404140_8794404135_0,70.80000305175781,65.3,62.77,63.45,-5.5
8794895035_25611003_0,71.18599700927734,66.67,62.84,61.3,-4.52
8794895035_25610743_0,70.10900115966797,65.63,63.35,60.1,-4.48
8794895035_25611043_0,72.44400024414062,69.22,64.14,60.0,-3.22
8797918163_4799805074_0,61.68199920654297,59.79,56.89,58.8,-1.89
8797918163_27362559_0,71.59500122070312,63.55,64.12,66.2,-8.05
8797918163_1382784520_0,72.63800048828125,67.76,62.56,66.8,-4.88
8798316218_143403_0,72.21499633789062,68.8,64.19,65.2,-3.41
8798316218_8149051282_0,75.34600067138672,67.04,66.4,66.5,-8.31
8798316222_27362899_0,73.16300201416016,70.23,65.7,66.15,-2.93
8798316222_8149073107_0,74.72200012207031,67.17,65.97,66.7,-7.55
8801809168_8149173370_0,70.44200134277344,67.38,64.52,63.55,-3.06
8801809168_3626479006_0,68.4260025024414,69.38,65.82,63.95,0.95
8814060595_5456383764_0,68.45700073242188,64.63,61.89,64.5,-3.83
8814402873_26289593_0,71.40399932861328,63.33,63.97,62.08,-8.07
8814402873_5280814362_0,70.95500183105469,65.15,65.74,63.65,-5.81
8814402873_8814402883_0,73.33000183105469,67.73,64.15,62.8,-5.6
8814402883_26084253_0,71.34400177001953,64.16,62.76,62.4,-7.18
8814402883_8814402873_0,73.33000183105469,67.73,64.15,62.8,-5.6
8814402883_1026456311_0,69.37699890136719,64.96,65.88,63.4,-4.42
8814402884_26084213_0,58.82899856567383,57.67,62.71,60.6,-1.16
8814402884_8814532458_0,69.27200317382812,61.83,63.08,61.68,-7.44
8814402884_5280814362_0,69.64399719238281,62.13,63.27,61.95,-7.51
8814532458_8814402884_0,69.27200317382812,61.83,63.08,61.68,-7.44
8814532458_8814622279_0,69.81800079345703,62.19,62.31,62.82,-7.63
8814622279_36843098_0,69.78500366210938,61.41,61.09,61.47,-8.38
8814622279_8814532458_0,69.81800079345703,62.19,62.31,62.82,-7.63
8814683268_347712111_0,75.7020034790039,66.33,64.57,64.4,-9.37
8814683268_36843098_0,71.17400360107422,62.22,67.47,64.35,-8.95
8814683278_8814683268_0,74.94300079345703,68.03,66.67,64.95,-6.91
8820230151_165860082_0,74.50599670410156,65.13,66.72,64.75,-9.38
8820230151_8814683278_0,74.41000366210938,67.84,65.7,64.9,-6.57
8820578231_165860141_0,66.11299896240234,59.54,65.42,63.2,-6.57
8820578231_8820230151_0,75.91699981689453,67.72,65.31,64.8,-8.2
8821236057_1026456196_0,73.96600341796875,66.19,66.24,64.55,-7.78
8821236058_26120299_0,69.73500061035156,61.25,64.98,64.75,-8.49
8821236058_8821278639_0,76.94100189208984,66.29,63.39,64.85,-10.65
8821236058_21674915_0,73.79499816894531,64.32,67.24,64.1,-9.47
8821278639_8821236057_0,76.89199829101562,66.35,63.23,64.65,-10.54
8821278639_1026456304_0,76.7020034790039,64.71,65.93,64.28,-11.99
8824654284_8824654290_0,69.0770034790039,70.08,65.04,63.15,1.0
8824654290_26058773_0,70.86000061035156,69.51,67.94,63.7,-1.35
8824715202_8824654284_0,73.38899993896484,68.29,66.85,63.8,-5.1
8824715202_3101723996_0,73.73999786376953,70.94,62.75,65.0,-2.8
8831416857_21674905_0,63.2509994506836,64.18,61.34,63.9,0.93
8831416864_8831416857_0,62.3489990234375,64.92,54.79,63.45,2.57
8831478254_663650132_0,62.90399932861328,65.91,61.78,63.2,3.01
8831478254_25337469_0,60.67399978637695,61.98,60.61,59.55,1.31
8831478256_8831478254_0,62.117000579833984,65.16,63.82,63.65,3.04
8831478256_26058160_0,59.073001861572266,62.66,61.57,58.9,3.59
8831659639_26053928_0,64.5459976196289,67.8,66.14,65.9,3.25
8831659639_26053540_0,61.70600128173828,61.9,61.85,60.25,0.19
8831707916_8831721720_0,65.71700286865234,68.06,61.81,64.9,2.34
8831707916_26053248_0,63.542999267578125,64.5,64.78,59.7,0.96
8831710981_25306181_0,61.55199813842773,62.17,62.53,62.9,0.62
8831710981_26053253_0,60.53799819946289,60.62,59.59,56.95,0.08
8831721720_821518051_0,68.43199920654297,67.06,62.17,64.8,-1.37
8831721720_8358135_0,73.89700317382812,68.0,62.14,64.35,-5.9
8831834970_8831721720_0,71.75199890136719,67.64,65.45,64.75,-4.11
8831834972_8831834970_0,72.26899719238281,67.2,67.03,64.9,-5.07
8831923521_21604550_0,71.79900360107422,67.2,62.14,65.2,-4.6
8831923521_21674804_0,72.70800018310547,66.89,64.39,64.5,-5.82
8831923525_8831923521_0,72.72100067138672,66.89,65.09,63.95,-5.83
8831923525_25306182_0,62.042999267578125,61.83,57.11,62.1,-0.21
8832666419_26035127_0,69.19000244140625,66.0,67.76,64.55,-3.19
8832666419_26035090_0,72.48999786376953,67.88,65.87,65.5,-4.61
8832666439_8832666445_0,74.0260009765625,71.29,63.18,65.55,-2.74
8832666439_25468075_0,74.55699920654297,65.61,59.96,63.95,-8.95
8832666445_25468025_0,71.32499694824219,65.44,63.2,64.65,-5.88
8832666445_8832699229_0,72.00199890136719,68.59,65.61,65.0,-3.41
8832699229_8832699235_0,71.98300170898438,66.98,60.25,64.3,-5.0
8832699229_25468037_0,63.27899932861328,62.52,57.28,62.7,-0.76
8832699235_25468040_0,60.91400146484375,61.42,60.8,64.0,0.51
8832699235_11074872197_0,71.49700164794922,65.44,60.72,63.15,-6.06
8836199010_8838192634_0,70.55899810791016,65.12,62.52,63.55,-5.44
8836199010_25468020_0,63.744998931884766,60.97,59.64,63.25,-2.77
8838192634_26294955_0,48.150001525878906,61.9,61.82,60.8,13.75
8838192634_8838192657_0,73.22899627685547,65.45,60.28,64.1,-7.78
8838192657_8841218579_0,71.5,66.25,65.38,64.55,-5.25
8841218579_25618216_0,74.53500366210938,69.32,64.7,65.1,-5.22
8865464537_8865464538_0,72.79100036621094,68.6,57.04,64.7,-4.19
8865464537_26057064_0,69.09600067138672,67.65,54.84,63.7,-1.45
8865464537_2383442929_0,71.20700073242188,62.44,56.84,63.85,-8.77
8865464538_8865464537_0,72.79100036621094,68.6,57.04,64.7,-4.19
8865464538_13034905058_0,67.8030014038086,65.55,60.48,64.75,-2.25
8865464538_26057061_0,71.3219985961914,65.42,56.83,63.5,-5.9
8866055432_4428355731_0,64.26699829101562,65.1,59.77,62.45,0.83
8866055432_195262_0,65.92900085449219,65.39,62.9,62.3,-0.54
8883130215_18697383_0,71.63700103759766,68.42,60.19,64.8,-3.22
8883130215_18697376_0,66.98899841308594,64.3,60.52,65.3,-2.69
8883130215_12192585644_0,73.43000030517578,71.69,64.77,66.5,-1.74
8887828392_8887828403_0,70.52400207519531,66.12,61.79,65.6,-4.4
8887828392_8752289484_0,60.80199813842773,63.0,62.36,63.75,2.2
8887828392_25468085_0,70.81700134277344,65.97,57.39,64.5,-4.85
8887828403_8887828392_0,70.52400207519531,66.12,61.79,65.6,-4.4
8887828403_8168938360_0,69.71499633789062,67.17,63.96,65.55,-2.54
8887828403_25547440_0,64.65299987792969,62.99,61.26,65.05,-1.66
8897755315_8900393129_0,70.44400024414062,65.98,62.19,63.1,-4.46
8897755315_25624139_0,65.06500244140625,62.13,58.39,61.5,-2.94
8897755315_8900710318_0,70.1989974975586,65.71,64.36,63.0,-4.49
8900393129_26132243_0,70.95600128173828,66.01,59.9,64.0,-4.95
8900393129_26132246_0,62.4109992980957,60.99,61.7,58.35,-1.42
8900710318_1375459149_0,71.44000244140625,66.82,66.33,63.0,-4.62
8900710318_8897755315_0,70.1989974975586,65.71,64.36,63.0,-4.49
8900710318_26132219_0,63.875,62.15,59.17,61.0,-1.73
8906537924_8168938341_0,63.13399887084961,66.37,60.99,65.1,3.24
8906537924_9214909_0,72.23300170898438,71.14,63.34,66.25,-1.09
8913425919_1790241887_0,72.27400207519531,64.96,59.86,55.75,-7.31
8913425921_26132621_0,72.28800201416016,65.64,61.45,58.95,-6.65
8913468465_1790241891_0,71.47699737548828,64.93,60.38,55.95,-6.55
8913468466_8913425921_0,72.18199920654297,64.77,59.28,57.2,-7.41
8913468466_8913468465_0,73.56300354003906,65.22,52.72,57.15,-8.34
9218729159_9218729160_0,73.4010009765625,63.59,63.19,64.65,-9.81
9218729159_26480401_0,75.40899658203125,65.13,64.54,66.8,-10.28
9218729160_959438333_0,72.85199737548828,62.24,66.03,64.45,-10.61
9254354610_4945814674_0,59.57799911499024,52.69,47.69,45.25,-6.89
9349563081_6360762563_0,64.11199951171875,59.9,55.81,58.25,-4.21
9362515477_1975440395_0,64.76799774169922,63.73,64.04,63.65,-1.04
9362515477_1034922644_0,68.66699981689453,65.54,62.84,63.75,-3.13
9444906851_7968562266_0,71.21199798583984,58.8,59.55,63.6,-12.41
9495381680_34401545_0,67.12699890136719,62.78,60.3,64.45,-4.35
9499384367_9499384374_0,62.8849983215332,63.22,69.75,61.8,0.34
9499384367_25319201_0,62.62799835205078,60.82,59.56,59.85,-1.81
9499384374_21674798_0,61.44100189208984,62.18,68.34,61.7,0.74
9499384374_25719223_0,70.98799896240234,67.94,65.35,64.85,-3.05
9514990301_1562156928_0,60.50699996948242,51.98,48.05,42.46,-8.53
9516750676_8906537924_0,63.68600082397461,64.84,64.37,63.3,1.15
9680578368_25620306_0,73.96199798583984,67.78,62.96,64.0,-6.18
9681597415_320914981_0,68.40299987792969,61.73,66.21,65.0,-6.67
9681597415_9681597416_0,59.525001525878906,60.56,61.22,63.25,1.03
9681597416_9681665219_0,59.790000915527344,60.85,56.09,57.7,1.06
9681597416_9681597415_0,59.525001525878906,60.55,61.46,63.15,1.02
9681665219_26079706_0,52.36600112915039,59.41,56.17,55.7,7.04
9681665219_26053647_0,58.93299865722656,60.28,56.8,56.55,1.35
9795491531_26731431_0,66.18099975585938,64.58,63.64,65.6,-1.6
9795491531_9795491534_0,72.74099731445312,66.26,66.07,67.4,-6.48
9795491533_195236_0,70.35600280761719,67.87,64.22,66.6,-2.49
9795491533_9795491531_0,68.06199645996094,65.16,67.21,65.0,-2.9
9795491534_195236_0,72.0999984741211,74.49,65.35,67.0,2.39
9821119469_130143392_0,60.44400024414063,54.71,53.37,52.14,-5.73
9821119469_6374806460_0,41.527000427246094,53.8,46.6,49.2,12.27
9862068885_2066046273_0,66.98600006103516,61.96,58.86,60.38,-5.03
9904861859_26035110_0,72.91799926757812,66.4,62.3,66.35,-6.52
9904861859_12358419571_0,72.81500244140625,61.4,58.83,54.65,-11.42
9904861860_9904861859_0,72.93099975585938,66.27,56.48,56.45,-6.66
9985511560_26022624_0,69.94400024414062,61.09,65.69,64.5,-8.85
9985511560_25310859_0,70.25900268554688,67.24,61.25,65.65,-3.02
10055724114_12766824120_0,74.19300079345703,70.3,58.49,64.75,-3.89
10055724114_25175778_0,69.39199829101562,69.54,63.05,65.85,0.15
10055724114_195259_0,71.10399627685547,69.1,54.0,65.05,-2.0
10087719688_30267248_0,72.58499908447266,65.79,60.83,64.35,-6.79
10099342769_206192614_0,60.387001037597656,54.77,55.48,51.6,-5.62
10099342769_10681734331_0,62.91699981689453,53.79,57.33,51.95,-9.13
10100374427_10100374433_0,66.56300354003906,59.47,57.88,58.65,-7.09
10100374427_35495876_0,68.46199798583984,59.8,64.59,60.9,-8.66
10100374433_26108006_0,64.37200164794922,57.51,62.2,57.85,-6.86
10100374433_1026456214_0,68.30999755859375,59.77,62.32,61.4,-8.54
10107576270_26583684_0,60.57099914550781,56.46,56.06,57.55,-4.11
10107576270_26583690_0,69.68599700927734,65.17,54.39,58.75,-4.52
10120780902_21992709_0,74.5250015258789,67.15,59.65,65.3,-7.38
10120780902_1969423902_0,69.84100341796875,61.96,67.38,66.3,-7.88
10121704203_33254326_0,74.92400360107422,69.15,65.74,65.9,-5.77
10121704203_3807653478_0,74.43199920654297,67.95,65.64,65.75,-6.48
10127767105_1028380059_0,63.391998291015625,61.78,58.25,60.05,-1.61
10127767105_8087821651_0,63.391998291015625,61.98,56.71,61.35,-1.41
10138203531_13289372527_0,73.73400115966797,62.28,65.32,63.25,-11.45
10138203531_21674915_0,72.0780029296875,64.21,66.96,63.65,-7.87
10160330139_5904902397_0,74.1709976196289,67.8,64.3,62.8,-6.37
10160330139_11917574941_0,45.720001220703125,59.06,59.18,64.05,13.34
10215727016_191988209_0,59.22499847412109,54.41,53.88,50.85,-4.81
10215727016_242392520_0,61.55799865722656,55.14,50.33,50.5,-6.42
10241846466_27504186_0,64.96499633789062,59.03,58.06,54.08,-5.93
10262507945_21702431_0,54.56499862670898,59.17,57.61,56.6,4.61
10271302918_1335415655_0,58.483001708984375,60.83,58.29,58.25,2.35
10313783746_13077513238_0,61.27399826049805,57.46,57.31,51.15,-3.81
10313783746_26108002_0,63.51399993896485,54.71,59.65,51.65,-8.8
10537564454_1351112938_0,61.17100143432617,60.1,59.81,59.25,-1.07
10681734331_206192615_0,70.61499786376953,56.0,49.37,53.77,-14.61
10681734331_206192619_0,70.4469985961914,55.49,54.33,53.55,-14.96
10705432732_59654817_0,71.677001953125,63.51,65.57,65.15,-8.17
10705432732_25547436_0,72.3949966430664,64.33,65.84,64.65,-8.06
10705432732_8147160894_0,55.83100128173828,58.5,58.29,63.2,2.67
10889101574_1367543931_0,69.98600006103516,56.18,56.86,53.35,-13.81
10889101574_1367543980_0,69.31500244140625,56.13,44.66,51.45,-13.19
10889101574_10889101582_0,69.31500244140625,56.91,55.14,52.95,-12.41
10889101579_2180784974_0,65.98400115966797,55.28,46.06,51.2,-10.7
10889101579_10889101582_0,69.31500244140625,56.4,43.54,51.45,-12.92
10889101579_10889101587_0,69.7770004272461,56.71,46.53,51.95,-13.07
10889101582_10889101574_0,69.31500244140625,56.91,55.14,52.95,-12.41
10889101582_10889101579_0,69.31500244140625,56.55,43.02,51.45,-12.77
10889101587_1554830930_0,65.75900268554688,57.16,63.4,61.95,-8.6
10889101587_10889101579_0,69.7770004272461,56.71,46.53,51.95,-13.07
10889101587_1367543980_0,69.7770004272461,58.49,54.39,52.85,-11.29
10977638586_10977638587_0,68.00399780273438,59.43,65.53,61.7,-8.57
10977638586_36863018_0,67.70999908447266,59.64,64.65,61.75,-8.07
10977638587_9821119469_0,60.41600036621094,54.27,62.13,58.5,-6.15
10977638587_191988425_0,64.19200134277344,58.04,60.8,60.1,-6.15
10977638587_10977638586_0,68.00399780273438,59.44,65.53,61.75,-8.56
10982790032_10982790033_0,57.75899887084961,55.69,53.18,50.7,-2.07
10982790033_35964716_0,56.391998291015625,55.83,57.85,58.15,-0.56
10982790033_10982790032_0,57.75899887084961,55.69,53.18,50.7,-2.07
11014869454_191988315_0,60.68299865722656,56.52,58.93,57.9,-4.16
11014869454_11014869463_0,59.41999816894531,53.88,64.34,60.4,-5.54
11014869454_2302760542_0,62.617000579833984,59.65,65.81,63.15,-2.97
11014869454_191988303_0,62.93000030517578,57.55,61.15,60.65,-5.38
11014869463_191918582_0,59.15700149536133,56.06,62.89,60.3,-3.1
11048560947_8461739677_0,70.92400360107422,69.67,67.17,63.75,-1.25
11071527613_23667013_0,60.35900115966797,57.83,50.95,53.95,-2.53
11074872197_25468007_0,59.43299865722656,60.51,53.1,60.6,1.08
11074872197_25468043_0,69.85600280761719,64.88,62.77,63.9,-4.98
11201758005_1335415543_0,61.2599983215332,47.58,37.76,44.06,-13.68
11216988757_6057029780_0,71.4729995727539,66.65,56.18,66.1,-4.82
11216988757_26086116_0,63.56999969482422,63.04,61.51,61.05,-0.53
11216988757_25614440_0,69.31099700927734,66.02,61.34,62.7,-3.29
11220462278_11220462278_0,52.90499877929688,58.9,56.43,54.35,6.0
11220462278_11220462278_1,52.90499877929688,58.88,55.16,54.35,5.98
11220462278_843129903_0,56.93600082397461,59.22,61.89,63.5,2.28
11280341450_34387221_0,71.50499725341797,68.42,63.85,65.45,-3.08
11300914844_48833743_0,51.90499877929688,59.77,47.54,53.3,7.87
11304624943_25321330_0,46.777000427246094,59.17,55.24,55.4,12.39
11332038992_21702431_0,59.12099838256836,60.03,57.35,59.05,0.91
11332038992_245957281_0,57.233001708984375,58.9,61.6,61.2,1.67
11339589713_26149141_0,60.56700134277344,53.67,49.75,53.15,-6.9
11339589713_26149143_0,61.83000183105469,53.65,45.94,49.35,-8.18
11368597027_11368597028_0,62.1150016784668,55.21,46.91,48.15,-6.91
11368597027_11368597032_0,61.10699844360352,55.43,48.46,49.95,-5.68
11368597028_11368597027_0,62.1150016784668,55.21,46.91,48.15,-6.91
11368597029_11368597031_0,58.58599853515625,53.21,42.35,46.55,-5.38
11368597030_11368597031_0,59.32500076293945,53.41,44.05,46.4,-5.92
11368597031_11368597030_0,59.32500076293945,53.41,44.05,46.4,-5.92
11368597031_11368597032_0,61.81100082397461,53.59,49.66,48.25,-8.22
11368597031_11368597029_0,58.58599853515625,53.21,42.35,46.55,-5.38
11368597032_11368597031_0,61.81100082397461,53.59,49.66,48.25,-8.22
11368597032_192305014_0,63.70000076293945,54.88,50.15,51.35,-8.82
11368597032_11368597027_0,61.10699844360352,55.42,48.46,50.05,-5.69
11414276914_1028380043_0,72.33000183105469,64.13,59.61,59.75,-8.2
11422035857_25622574_0,73.06099700927734,65.48,66.91,63.05,-7.58
11422035858_11422035860_0,73.47699737548828,67.56,63.92,62.9,-5.92
11422035859_11422035857_0,72.46099853515625,67.7,64.32,62.8,-4.76
11422035860_25622724_0,72.99600219726562,64.2,62.6,63.0,-8.8
11428571608_504557626_0,68.83100128173828,54.72,64.34,55.5,-14.11
11428571608_8433808_0,68.83100128173828,58.4,63.66,57.4,-10.43
11432105604_26463667_0,68.98300170898438,61.36,60.73,60.6,-7.62
11432105604_11432105605_0,71.11299896240234,61.89,61.7,59.85,-9.22
11432105605_26463669_0,69.93299865722656,63.72,62.85,57.55,-6.21
11432105605_26463667_0,72.53299713134766,64.72,60.6,57.85,-7.81
11470215275_27362921_0,65.73200225830078,62.89,65.12,64.8,-2.84
11470215275_271151916_0,65.50399780273438,62.28,62.59,60.45,-3.22
11470215275_27362277_0,60.27299880981445,59.08,62.44,59.7,-1.19
11509487125_25153072_0,61.04600143432617,60.59,52.16,58.9,-0.46
11509487125_25153075_0,53.095001220703125,58.84,55.68,59.65,5.74
11690126531_26035104_0,63.220001220703125,60.17,59.66,59.9,-3.05
11827157240_25618439_0,74.35600280761719,65.15,57.02,64.75,-9.21
11880778545_8206700_0,68.90699768066406,64.65,53.26,60.4,-4.26
11898137499_1547919223_0,61.792999267578125,56.9,42.99,47.15,-4.89
11917574941_600734173_0,60.58300018310547,58.55,57.32,60.6,-2.03
11917574941_10160330139_0,45.720001220703125,59.06,59.18,64.05,13.34
11956024523_26086284_0,61.64500045776367,61.59,56.55,60.7,-0.06
11956024523_34401987_0,69.34500122070312,71.35,67.73,67.1,2.0
11956024523_26079790_0,58.95700073242188,61.81,53.98,61.2,2.85
11959723501_11959723522_0,70.74199676513672,61.59,60.79,63.8,-9.15
11959723522_1374638719_0,72.99800109863281,67.9,57.53,60.35,-5.1
11959723522_7394824_0,67.89600372314453,58.73,61.53,63.7,-9.17
11959723522_11959723501_0,70.74199676513672,61.59,60.79,63.8,-9.15
11966306052_54150955_0,68.43000030517578,60.47,62.14,62.98,-7.96
11966306052_1462053975_0,69.89600372314453,59.07,66.61,57.55,-10.83
11966306052_1462054011_0,63.60599899291992,56.79,63.79,54.95,-6.82
12035934861_130144266_0,57.983001708984375,57.92,48.42,52.8,-0.06
12037042658_12037042661_0,69.16500091552734,69.09,58.01,53.85,-0.08
12037042661_12037042658_0,69.16500091552734,69.09,58.01,53.85,-0.08
12037042661_12037042664_0,70.7760009765625,69.15,69.59,67.1,-1.63
12037042664_12037042661_0,70.7760009765625,69.15,69.59,67.1,-1.63
12046689741_32651006_0,73.23999786376953,62.34,63.95,64.05,-10.9
12046689741_412247882_0,70.08200073242188,62.42,60.39,55.99,-7.66
12046689741_33148258_0,65.95700073242188,54.01,53.11,47.95,-11.95
12140914736_191988412_0,60.07600021362305,54.25,51.2,48.5,-5.83
12140914736_191988438_0,60.39400100708008,53.5,51.27,48.6,-6.89
12148021235_26576932_0,75.30999755859375,68.07,57.07,61.0,-7.24
12148021235_13732430128_0,72.58699798583984,66.79,61.98,64.6,-5.8
12192585637_25152613_0,71.2239990234375,69.69,67.38,66.45,-1.53
12192585637_2139361034_0,60.81600189208984,63.82,60.83,62.95,3.0
12192585644_26576955_0,72.51599884033203,72.57,66.28,67.0,0.05
12192585644_8883130215_0,73.43000030517578,71.69,64.77,66.5,-1.74
12196885700_13260838645_0,58.75,44.73,42.38,46.09,-14.02
12253467275_504557631_0,59.29800033569336,54.11,61.2,50.2,-5.19
12254593746_492460101_0,57.93000030517578,57.88,63.93,57.6,-0.05
12254593746_13762748323_0,50.89799880981445,53.42,65.43,52.95,2.52
12296232780_26464311_0,70.62200164794922,68.25,65.71,64.95,-2.37
12385083532_34820017_0,77.99099731445312,61.11,68.61,63.3,-16.88
12385083532_34820016_0,78.52999877929688,60.88,71.37,67.8,-17.65
12439930938_12439930983_0,72.6500015258789,60.54,57.8,62.15,-12.11
12439930938_324788967_0,60.06900024414063,56.0,57.47,58.4,-4.07
12439930938_12439930987_0,72.55899810791016,63.28,61.95,61.38,-9.28
12439930983_12439930938_0,72.6500015258789,60.54,57.8,62.15,-12.11
12439930983_2789756669_0,72.69499969482422,60.46,57.95,61.8,-12.23
12439930983_83655266_0,66.72100067138672,56.22,60.95,59.15,-10.5
12439930987_35335891_0,73.20500183105469,61.94,60.7,62.73,-11.27
12439930987_12439930938_0,72.55899810791016,63.28,61.95,61.38,-9.28
12505754910_991648001_0,69.31700134277344,68.16,68.98,67.45,-1.16
12505754910_25306164_0,72.21199798583984,75.43,66.86,66.95,3.22
12506959804_2104502856_0,69.49500274658203,69.57,66.18,64.85,0.07
12506959804_1351109211_0,72.14600372314453,65.75,63.61,63.35,-6.4
12506959804_2158614641_0,74.55699920654297,80.21,65.16,58.98,5.65
12506959804_26079755_0,68.89199829101562,73.39,62.02,64.75,4.5
12568521907_26022694_0,66.48500061035156,59.73,58.66,63.7,-6.76
12568521907_25327121_0,62.55400085449219,58.89,53.92,61.85,-3.66
12587706741_624172877_0,64.53800201416016,54.94,52.51,51.94,-9.6
12616427837_1513320536_0,69.21900177001953,62.91,63.34,64.1,-6.31
12616427837_35210583_0,64.19400024414062,59.24,59.13,61.45,-4.95
12616427837_998858998_0,70.42900085449219,60.91,58.85,63.1,-9.52
12645083995_206189053_0,69.04199981689453,60.76,56.53,59.45,-8.28
12645091703_206189061_0,60.69499969482422,55.25,49.09,53.3,-5.44
12645091703_206189316_0,67.43900299072266,57.68,57.02,60.28,-9.76
12645091703_206189054_0,69.66699981689453,57.44,57.49,61.9,-12.23
12645537505_25319177_0,69.08699798583984,62.97,63.96,64.6,-6.12
12672628783_1201354422_0,62.54899978637695,62.61,59.4,60.6,0.06
12672628783_12672628784_0,65.54499816894531,66.47,59.16,61.65,0.93
12672628784_8138143068_0,67.47699737548828,66.56,59.75,61.15,-0.92
12672628784_12672628783_0,65.54499816894531,66.47,59.16,61.65,0.93
12766824120_25175819_0,73.42500305175781,68.94,59.98,64.6,-4.49
12766824120_10055724114_0,74.19300079345703,70.3,58.49,64.75,-3.89
12766824120_25175791_0,63.02199935913086,62.43,60.63,59.45,-0.59
12825510574_257513257_0,68.91200256347656,51.74,52.21,50.05,-17.17
12841673849_2652153371_0,63.98500061035156,48.84,43.83,44.25,-15.15
12844409460_257513954_0,68.63099670410156,53.15,59.19,52.25,-15.48
12844409460_257513247_0,67.11000061035156,51.8,57.37,51.4,-15.31
12942464148_273216478_0,72.23699951171875,63.22,63.77,63.85,-9.02
12942464148_12946029718_0,72.23699951171875,63.34,67.56,63.6,-8.9
12946029718_12942464148_0,72.23699951171875,63.39,67.09,63.55,-8.85
12946029718_959373467_0,69.98200225830078,63.97,67.48,64.1,-6.01
12946029730_26480360_0,70.69000244140625,64.22,61.69,65.3,-6.47
13034905058_8865464538_0,67.8030014038086,65.55,60.48,64.75,-2.25
13034905058_13598368298_0,71.4010009765625,67.95,59.67,66.35,-3.45
13045357042_26317214_0,71.4729995727539,70.97,65.62,65.8,-0.5
13045357042_26317233_0,73.68299865722656,64.53,62.51,65.5,-9.15
13045357050_26317293_0,65.16300201416016,59.68,63.98,60.3,-5.48
13045357050_4772130162_0,51.72700119018555,61.98,63.47,63.15,10.25
13046082674_250042857_0,71.49700164794922,71.45,62.59,64.55,-0.05
13056558377_13473072247_0,60.04600143432617,65.39,62.1,61.0,5.34
13056558377_12148021235_0,72.947998046875,69.5,64.87,65.2,-3.45
13077513238_769175574_0,54.95700073242188,55.74,57.6,50.6,0.78
13123162011_32650339_0,74.90299987792969,65.76,65.11,62.75,-9.14
13123162011_2317533018_0,72.51100158691406,60.09,63.4,56.8,-12.42
13124693225_13124693226_0,73.40299987792969,67.95,66.46,64.7,-5.45
13124693226_13176502891_0,73.83499908447266,64.66,68.11,64.25,-9.17
13124693226_13124693229_0,71.45600128173828,68.02,65.42,65.2,-3.44
13124693229_26728992_0,70.71900177001953,64.98,64.35,64.5,-5.74
13124693229_2107062403_0,73.0739974975586,68.94,64.82,64.95,-4.13
13124693234_13124693225_0,72.80799865722656,70.18,66.99,64.3,-2.63
13124693237_25722234_0,75.427001953125,69.65,63.73,63.2,-5.78
13124693237_13124693234_0,72.8949966430664,74.45,65.29,64.5,1.56
13125043912_324782799_0,73.33699798583984,66.92,68.24,64.35,-6.42
13125043912_83700568_0,73.23400115966797,63.59,64.96,64.35,-9.64
13125186935_4670514771_0,68.17400360107422,60.49,61.23,57.25,-7.68
13125186951_4002438199_0,69.16300201416016,59.98,62.02,58.2,-9.18
13125186951_13125186935_0,68.572998046875,59.76,60.48,56.15,-8.81
13125190956_726655170_0,66.89900207519531,59.5,46.85,51.4,-7.4
13125812950_192400808_0,68.98999786376953,58.19,50.44,52.95,-10.8
13125812951_192942470_0,66.03800201416016,58.91,50.34,52.95,-7.13
13176425186_25310868_0,71.49199676513672,65.94,59.38,64.85,-5.55
13176502891_13124693226_0,73.83499908447266,64.66,68.11,64.25,-9.17
13176502891_13176502893_0,73.94200134277344,63.24,62.32,56.81,-10.7
13176502893_26729010_0,60.88899993896485,57.93,62.2,55.18,-2.96
13176502893_13176502891_0,73.94200134277344,63.24,62.32,56.81,-10.7
13176502893_13176502896_0,74.04299926757812,64.38,58.95,65.7,-9.66
13176502896_83650693_0,61.624000549316406,57.33,52.95,56.0,-4.29
13176502896_13176502893_0,74.04299926757812,64.38,58.95,65.7,-9.66
13176502896_35335878_0,72.71299743652344,63.66,60.19,65.7,-9.05
13176504302_302790938_0,60.23799896240234,58.05,56.04,57.82,-2.19
13176504302_130110237_0,60.79999923706055,58.79,56.47,56.92,-2.01
13176504302_35335878_0,72.34400177001953,64.67,64.23,65.4,-7.67
13176504302_83650891_0,73.09700012207031,64.53,63.07,64.55,-8.57
13180101537_25498571_0,70.5250015258789,64.69,62.71,64.15,-5.84
13180101537_25310826_0,58.45000076293945,58.11,56.89,58.6,-0.34
13180260084_31922947_0,76.85099792480469,62.21,59.97,63.4,-14.64
13191199369_83650897_0,71.46600341796875,58.36,49.2,54.82,-13.11
13203497040_412247882_0,72.41799926757812,62.73,60.34,56.84,-9.69
13203497040_13203497044_0,73.01300048828125,63.35,61.48,63.95,-9.66
13203497044_33122297_0,58.82400131225586,56.92,57.66,61.35,-1.9
13203497044_13626439535_0,71.26699829101562,60.17,62.62,63.4,-11.1
13203497044_13203497040_0,73.01300048828125,63.35,61.48,63.95,-9.66
13203497044_33126059_0,73.28099822998047,65.48,59.46,64.55,-7.8
13204220048_1462053982_0,63.14400100708008,54.89,59.89,53.65,-8.25
13243773771_13191199369_0,75.47100067138672,61.09,55.2,54.4,-14.38
13256918436_88274580_0,58.1619987487793,52.3,53.74,47.7,-5.86
13256918436_25984655_0,58.45399856567383,55.4,57.48,53.7,-3.05
13256918436_26012483_0,58.249000549316406,54.37,57.61,53.0,-3.88
13260838645_12196885700_0,58.75,44.75,41.68,46.09,-14.0
13287784069_82529528_0,70.21099853515625,65.51,54.24,55.4,-4.7
13289372527_29083979_0,62.57799911499024,57.23,62.17,63.35,-5.35
13289372527_25622731_0,73.35600280761719,64.51,63.79,63.35,-8.85
13289372527_10138203531_0,73.73400115966797,62.28,65.32,63.2,-11.45
13293499341_82654496_0,62.915000915527344,55.84,55.26,54.5,-7.08
13293499341_2155550593_0,61.56900024414063,55.35,56.6,51.8,-6.22
13293499343_82527987_0,62.5620002746582,57.38,61.02,53.6,-5.18
13293499343_13293499349_0,60.38100051879883,56.27,57.32,51.05,-4.11
13293499349_13293499341_0,61.56900024414063,55.25,54.79,50.5,-6.32
13295423007_83700573_0,70.47200012207031,66.27,65.01,64.6,-4.2
13325884864_29980115_0,72.91200256347656,64.44,52.4,58.8,-8.47
13340852591_2439485671_0,72.6259994506836,61.58,54.48,57.97,-11.05
13340852591_2439485670_0,72.00900268554688,62.38,53.53,58.17,-9.63
13362551762_25336175_0,62.67499923706055,61.93,60.73,62.95,-0.74
13362551762_25336179_0,71.49800109863281,63.44,65.07,65.2,-8.06
13371854291_2158548094_0,70.11799621582031,65.68,64.83,64.6,-4.44
13371854291_83700573_0,72.55999755859375,66.39,63.29,64.9,-6.17
13386275426_492424673_0,55.33700180053711,52.59,51.61,47.55,-2.75
13386535553_26583871_0,65.38600158691406,63.59,66.9,63.45,-1.8
13386535553_26583850_0,61.4640007019043,61.08,61.74,60.4,-0.38
13398022052_230047436_0,57.27299880981445,56.75,47.86,50.7,-0.52
13473072243_21712144_0,60.95700073242188,62.97,63.52,60.05,2.01
13473072243_15925440_0,69.49700164794922,68.68,60.91,63.85,-0.82
13473072247_13473072243_0,61.1510009765625,65.77,61.79,61.1,4.62
13473072247_25152444_0,62.15299987792969,63.43,60.66,64.85,1.28
13580092501_13580092503_0,65.36199951171875,63.04,64.37,62.5,-2.32
13580092503_21674910_0,65.55000305175781,62.98,65.89,62.3,-2.57
13598368298_33066088_0,73.625,68.5,60.14,65.8,-5.12
13598368298_80311393_0,71.04399871826172,65.86,59.96,66.15,-5.18
13610524842_35213558_0,56.69900131225586,55.94,48.39,50.58,-0.76
13626439535_1462053975_0,70.33899688720703,59.71,67.35,57.45,-10.63
13626439535_13203497044_0,71.26699829101562,60.17,62.62,63.4,-11.1
13671872498_83657088_0,60.845001220703125,56.34,57.82,56.22,-4.51
13671872498_83650876_0,64.60900115966797,56.87,60.24,53.35,-7.74
13674176854_2927784180_0,68.88500213623047,60.23,69.26,63.8,-8.66
13674176854_1513320567_0,67.59500122070312,63.31,65.58,64.5,-4.29
13699958374_13295423007_0,70.85299682617188,63.35,68.57,64.85,-7.5
13699958374_13125043912_0,71.61000061035156,66.52,67.8,64.7,-5.09
13730581237_190131566_0,68.28800201416016,56.66,56.43,54.6,-11.63
13730581237_2916105775_0,73.3479995727539,59.48,57.38,54.55,-13.87
13732430128_1036842122_0,73.01399993896484,67.01,57.68,65.6,-6.0
13732430128_13056558377_0,73.58699798583984,65.58,63.37,65.85,-8.01
13786013546_6360409715_0,58.9109992980957,57.38,54.66,54.9,-1.53
