road_id,db_day_true,pred_linreg,pred_xgb,pred_rf,db_diff_linreg
30389382_249502424_0,65.0,59.26,62.66,60.5,-5.74
30389382_30389461_0,75.0,65.01,70.52,64.8,-9.99
30389389_4398109455_0,75.0,63.94,61.02,61.22,-11.06
30389391_30575132_0,75.0,66.86,67.9,65.3,-8.14
30389400_3847861549_0,75.0,65.95,63.34,61.75,-9.05
30389400_30389426_0,75.0,69.65,65.29,62.0,-5.35
30389401_3725362792_0,70.0,63.41,61.15,57.6,-6.59
30389406_263710328_0,70.0,63.05,65.47,65.15,-6.95
30389406_158680076_0,70.0,61.07,63.18,62.25,-8.93
30389407_30575306_0,75.0,68.77,65.52,65.65,-6.23
30389407_30575311_0,75.0,64.35,65.43,65.55,-10.65
30389409_263821495_0,65.0,58.29,60.9,58.25,-6.71
30389409_264075698_0,70.0,60.22,62.2,59.6,-9.78
30389424_213757129_0,65.0,58.34,61.18,57.6,-6.66
30389424_30389468_0,70.0,59.05,63.23,63.25,-10.95
30389426_3745747448_0,75.0,69.86,64.29,60.5,-5.14
30389431_4171954126_0,75.0,67.8,64.44,64.85,-7.2
30389431_249316285_0,75.0,67.29,65.49,64.7,-7.71
30389433_249091504_0,70.0,59.71,60.08,58.1,-10.29
30389443_1801605565_0,75.0,68.16,64.82,65.05,-6.84
30389454_1273378356_0,75.0,68.13,67.31,65.3,-6.87
30389459_30389494_0,70.0,59.19,61.51,59.7,-10.81
30389459_30389469_0,70.0,59.46,60.64,59.9,-10.54
30389460_30438384_0,70.0,66.08,66.0,64.45,-3.92
30389460_263345734_0,75.0,67.61,67.09,65.0,-7.39
30389461_4496520979_0,70.0,65.38,66.66,64.1,-4.62
30389464_265024868_0,80.0,69.57,65.38,62.05,-10.43
30389464_942046362_0,80.0,70.01,66.51,63.2,-9.99
30389468_256937053_0,75.0,66.19,63.32,63.95,-8.81
30389469_249091504_0,65.0,59.85,60.04,58.5,-5.15
30389470_30389433_0,70.0,60.56,58.76,59.4,-9.44
30389470_30575309_0,75.0,64.33,62.06,63.35,-10.67
30389471_158680093_0,75.0,64.48,67.99,65.35,-10.52
30389471_30389382_0,75.0,64.94,67.05,65.4,-10.06
30389472_158680082_0,65.0,59.23,62.99,60.75,-5.77
30389472_30389459_0,70.0,58.06,63.1,59.45,-11.94
30389477_30389424_0,65.0,58.51,60.27,60.4,-6.49
30389489_30389454_0,75.0,67.02,64.76,64.95,-7.98
30389489_5916635347_0,70.0,63.39,65.07,64.75,-6.61
30389494_2594371700_0,70.0,63.3,63.5,62.55,-6.7
30389495_30389472_0,65.0,57.81,60.02,59.0,-7.19
30389498_942046362_0,80.0,66.67,67.06,64.35,-13.33
30389498_1273378027_0,80.0,66.67,64.76,65.2,-13.33
30389501_1273377668_0,80.0,65.79,64.4,65.35,-14.21
30389505_249426555_0,80.0,68.37,66.17,65.0,-11.63
30389505_249785000_0,80.0,69.86,65.62,64.55,-10.14
30389508_30389489_0,75.0,66.98,64.8,62.45,-8.02
30389514_7472041811_0,70.0,59.03,58.18,60.8,-10.97
30389514_158680079_0,75.0,67.37,65.93,64.5,-7.63
30438348_259476135_0,75.0,61.91,61.12,62.45,-13.09
30438348_30575353_0,75.0,63.21,63.04,63.6,-11.79
30438359_30438405_0,75.0,66.0,63.98,66.15,-9.0
30438361_263699248_0,75.0,66.92,63.84,63.6,-8.08
30438361_30438537_0,75.0,64.71,62.92,63.5,-10.29
30438367_1619563204_0,75.0,65.04,66.13,63.65,-9.96
30438367_1381399732_0,75.0,69.15,63.05,64.55,-5.85
30438369_922790550_0,75.0,64.39,66.02,64.1,-10.61
30438369_1619563092_0,70.0,59.19,61.74,58.55,-10.81
30438370_30438388_0,75.0,66.19,67.41,66.45,-8.81
30438377_942629434_0,80.0,60.37,62.87,59.95,-19.63
30438377_2383568494_0,70.0,57.09,59.85,58.35,-12.91
30438383_30438600_0,75.0,65.25,59.96,63.75,-9.75
30438384_158680078_0,75.0,64.57,63.32,64.15,-10.43
30438384_266326618_0,70.0,66.9,64.43,65.2,-3.1
30438388_30438713_0,75.0,65.52,65.83,66.0,-9.48
30438388_513423684_0,70.0,65.99,68.04,65.85,-4.01
30438389_263701656_0,75.0,63.3,67.11,65.25,-11.7
30438389_256925867_0,75.0,69.52,67.42,64.95,-5.48
30438389_249785398_0,75.0,68.33,66.14,65.65,-6.67
30438391_263703319_0,75.0,65.05,63.32,63.77,-9.95
30438391_30438383_0,75.0,64.79,61.38,63.55,-10.21
30438397_249785395_0,75.0,63.84,65.89,65.95,-11.16
30438397_4020495675_0,75.0,68.47,66.45,65.6,-6.53
30438399_519112773_0,75.0,65.64,69.96,65.35,-9.36
30438399_249707302_0,80.0,66.67,69.45,65.3,-13.33
30438405_1395083821_0,75.0,65.85,65.46,65.5,-9.15
30438405_4541004956_0,75.0,65.98,65.23,65.9,-9.02
30438408_263703330_0,70.0,62.4,59.66,59.9,-7.6
30438408_303340029_0,65.0,59.26,64.85,60.3,-5.74
30438410_263781788_0,80.0,66.1,64.27,65.1,-13.9
30438410_156334363_0,75.0,66.98,66.77,65.65,-8.02
30438415_30459591_0,65.0,60.16,58.67,59.95,-4.84
30438415_263703315_0,70.0,59.22,59.21,57.85,-10.78
30438417_1246618704_0,75.0,65.82,70.2,66.15,-9.18
30438417_30438650_0,75.0,66.18,69.75,65.7,-8.82
30438446_248951008_0,75.0,63.04,65.43,65.8,-11.96
30438446_30438461_0,75.0,63.23,62.84,63.7,-11.77
30438447_30389406_0,70.0,64.1,67.38,64.9,-5.9
30438447_158680077_0,75.0,68.9,66.56,65.95,-6.1
30438453_259476134_0,70.0,61.12,62.29,63.2,-8.88
30438461_41430291_0,75.0,62.91,65.62,63.75,-12.09
30438464_56431800_0,75.0,62.64,66.69,63.6,-12.36
30438464_41430295_0,75.0,66.43,70.38,66.15,-8.57
30438466_156334151_0,75.0,66.11,65.73,64.3,-8.89
30438466_1381399721_0,75.0,66.96,68.66,66.0,-8.04
30438473_296483941_0,75.0,67.42,64.72,66.1,-7.58
30438487_1395083804_0,75.0,66.36,65.59,65.55,-8.64
30438489_941483343_0,75.0,66.57,65.15,65.5,-8.43
30438489_30438670_0,75.0,66.33,65.92,64.8,-8.67
30438508_5219776931_0,65.0,57.67,54.19,53.85,-7.33
30438537_1033276584_0,75.0,64.88,64.73,64.7,-10.12
30438542_919654867_0,80.0,66.73,68.74,65.65,-13.27
30438542_960119515_0,80.0,67.71,72.98,65.4,-12.29
30438543_30438757_0,75.0,66.85,69.35,65.75,-8.15
30438543_937816843_0,75.0,66.62,68.68,65.68,-8.38
30438549_34746453_0,75.0,64.03,61.02,62.7,-10.97
30438549_30438569_0,75.0,65.84,62.38,64.2,-9.16
30438550_30438487_0,75.0,65.8,62.01,65.25,-9.2
30438550_30438687_0,75.0,65.83,64.38,64.55,-9.17
30438551_354585458_0,75.0,64.05,62.43,64.8,-10.95
30438551_310415027_0,75.0,64.79,65.27,63.6,-10.21
30438555_30438348_0,75.0,63.24,63.95,63.3,-11.76
30438555_1354684754_0,70.0,61.08,62.55,62.35,-8.92
30438561_291716832_0,75.0,60.51,63.09,64.05,-14.49
30438561_30438369_0,75.0,64.17,66.18,65.05,-10.83
30438567_30438763_0,80.0,65.96,67.61,65.75,-14.04
30438569_30438415_0,70.0,61.17,62.85,61.45,-8.83
30438569_30438605_0,75.0,65.39,61.01,63.65,-9.61
30438572_263689620_0,80.0,64.82,65.08,62.85,-15.18
30438572_356902985_0,80.0,65.03,61.49,62.95,-14.97
30438575_263691793_0,80.0,66.76,66.94,66.25,-13.24
30438575_30438732_0,80.0,65.9,70.03,66.7,-14.1
30438576_297521595_0,75.0,66.81,66.41,65.6,-8.19
30438576_30438567_0,75.0,64.91,70.84,66.3,-10.09
30438581_30438542_0,75.0,66.43,66.67,65.8,-8.57
30438581_30438575_0,80.0,66.54,69.43,65.8,-13.46
30438588_1130113541_0,75.0,64.78,66.62,65.5,-10.22
30438588_12445684247_0,75.0,66.56,66.47,66.4,-8.44
30438600_472310350_0,70.0,63.55,58.95,62.65,-6.45
30438600_3377950886_0,70.0,64.88,62.84,62.9,-5.12
30438605_30438391_0,75.0,64.68,60.14,63.9,-10.32
30438605_30438383_0,75.0,65.15,57.73,63.8,-9.85
30438607_30438466_0,75.0,67.87,66.91,65.55,-7.13
30438631_248808640_0,65.0,58.46,58.66,58.0,-6.54
30438631_248808656_0,65.0,58.68,58.43,58.25,-6.32
30438634_249785397_0,75.0,70.04,64.7,65.05,-4.96
30438634_296483964_0,70.0,60.68,63.31,59.3,-9.32
30438650_30438719_0,75.0,65.75,69.02,65.5,-9.25
30438650_287561219_0,75.0,65.48,62.33,65.7,-9.52
30438660_260806298_0,65.0,58.3,59.88,58.05,-6.7
30438660_30438408_0,75.0,62.42,64.94,60.3,-12.58
30438670_30438367_0,75.0,68.99,63.16,64.2,-6.01
30438680_1033276570_0,75.0,66.72,63.95,64.1,-8.28
30438687_441755986_0,70.0,66.11,62.6,63.4,-3.89
30438687_30438487_0,75.0,66.26,66.15,65.85,-8.74
30438688_265041477_0,80.0,68.56,65.26,65.7,-11.44
30438688_303661906_0,75.0,67.18,63.56,64.8,-7.82
30438695_263689623_0,65.0,57.22,56.59,58.0,-7.78
30438695_263689614_0,70.0,56.92,53.98,55.1,-13.08
30438698_2594320108_0,75.0,63.92,62.64,64.85,-11.08
30438698_30438680_0,75.0,65.04,62.86,64.1,-9.96
30438713_30438543_0,75.0,66.36,66.65,65.9,-8.64
30438713_30438757_0,75.0,65.51,61.93,65.05,-9.49
30438719_287561219_0,75.0,64.66,69.94,66.25,-10.34
30438719_263698487_0,75.0,66.11,65.55,65.55,-8.89
30438724_1332252246_0,70.0,60.38,60.13,61.6,-9.62
30438724_30438453_0,70.0,60.53,61.71,63.25,-9.47
30438726_263710868_0,75.0,67.32,68.37,65.05,-7.68
30438732_614600278_0,80.0,68.21,70.4,65.5,-11.79
30438733_292555997_0,75.0,65.26,61.65,64.6,-9.74
30438733_59749793_0,75.0,64.37,64.87,65.5,-10.63
30438740_919729664_0,80.0,64.22,65.43,65.3,-15.78
30438740_919729662_0,75.0,65.7,66.95,64.7,-9.3
30438742_41430279_0,75.0,66.5,66.93,65.4,-8.5
30438742_30438550_0,75.0,65.74,67.95,65.65,-9.26
30438757_30438417_0,75.0,66.89,69.64,66.3,-8.11
30438759_59751391_0,75.0,60.29,64.77,63.95,-14.71
30438759_30575386_0,75.0,67.04,71.1,65.35,-7.96
30438760_30438551_0,70.0,63.49,61.66,64.7,-6.51
30438760_310415027_0,70.0,63.22,62.75,63.15,-6.78
30438763_441854476_0,75.0,65.31,65.83,65.0,-9.69
30438763_30438581_0,80.0,65.74,67.41,65.85,-14.26
30459591_30438660_0,65.0,59.57,58.09,60.15,-5.43
30459591_259476733_0,75.0,62.43,62.11,62.45,-12.57
30575132_30389471_0,75.0,65.77,64.65,64.85,-9.23
30575132_30575136_0,75.0,63.56,61.76,64.97,-11.44
30575136_1268313935_0,80.0,64.1,64.19,62.95,-15.9
30575136_1122581711_0,75.0,63.34,58.94,60.88,-11.66
30575138_249350161_0,75.0,63.36,60.24,61.2,-11.64
30575140_260300604_0,70.0,61.52,58.4,60.18,-8.48
30575140_469424326_0,70.0,55.22,57.19,56.84,-14.78
30575306_259474520_0,80.0,65.0,65.14,66.45,-15.0
30575306_510129652_0,75.0,68.77,66.36,65.45,-6.23
30575307_942069523_0,75.0,64.6,63.45,64.85,-10.4
30575309_259474521_0,75.0,65.16,64.0,65.8,-9.84
30575311_263689609_0,75.0,62.44,62.64,62.95,-12.56
30575313_30575306_0,80.0,64.59,62.01,66.35,-15.41
30575327_939079559_0,75.0,62.35,62.53,63.43,-12.65
30575327_30575349_0,75.0,62.49,61.01,63.55,-12.51
30575332_939079558_0,75.0,62.4,61.57,64.23,-12.6
30575332_30575336_0,75.0,62.58,60.61,64.4,-12.42
30575336_3874380537_0,75.0,62.86,59.13,63.8,-12.14
30575340_939079558_0,75.0,62.39,60.51,64.0,-12.61
30575349_259476135_0,70.0,62.53,63.4,63.66,-7.47
30575353_939079559_0,75.0,63.29,60.61,64.43,-11.71
30575358_30389389_0,75.0,65.52,63.19,62.8,-9.48
30575358_942069536_0,75.0,63.86,62.44,63.3,-11.14
30575361_30575380_0,70.0,59.71,58.79,60.25,-10.29
30575361_30575358_0,70.0,62.2,63.51,61.55,-7.8
30575363_30575361_0,70.0,61.61,62.66,61.1,-8.39
30575363_5373960823_0,65.0,60.17,58.46,59.6,-4.83
30575368_1332252055_0,65.0,57.91,54.67,52.1,-7.09
30575373_7678184610_0,65.0,58.88,60.75,59.15,-6.12
30575373_30575363_0,70.0,60.78,63.51,62.08,-9.22
30575373_30575378_0,65.0,58.53,63.47,59.0,-6.47
30575378_4461779811_0,70.0,60.05,61.29,59.8,-9.95
30575378_30575373_0,65.0,58.53,63.47,59.0,-6.47
30575380_249757446_0,70.0,60.08,58.93,59.8,-9.92
30575380_249093255_0,70.0,61.51,59.57,60.7,-8.49
30575382_1395083834_0,75.0,66.58,65.84,66.05,-8.42
30575386_30389391_0,75.0,66.73,68.62,64.7,-8.27
30575386_297504580_0,65.0,59.38,63.84,61.4,-5.62
30575430_30575431_0,75.0,60.06,65.09,65.15,-14.94
30575430_30575373_0,70.0,61.14,63.4,63.65,-8.86
30575431_1395083840_0,75.0,61.64,63.95,64.53,-13.36
30575431_41430285_0,75.0,61.85,64.12,64.47,-13.15
30575433_263693418_0,70.0,61.48,60.54,60.45,-8.52
30575433_30575363_0,70.0,61.46,60.8,60.05,-8.54
32039350_984073241_0,70.0,60.41,59.52,61.98,-9.59
32039350_243465956_0,75.0,62.69,59.33,65.3,-12.31
32039356_259483661_0,80.0,59.58,59.97,60.5,-20.42
32039356_915372100_0,75.0,64.54,58.86,65.1,-10.46
32039356_4252261787_0,75.0,63.13,61.84,62.75,-11.87
32127193_1122581751_0,75.0,58.92,60.58,60.4,-16.08
32127193_264524090_0,75.0,61.27,62.46,61.72,-13.73
32127193_264524056_0,70.0,57.98,55.7,58.55,-12.02
34746453_4685110320_0,75.0,61.52,64.71,60.7,-13.48
34746453_59756401_0,75.0,63.33,64.2,60.75,-11.67
34756850_248093943_0,70.0,58.61,59.82,61.1,-11.39
34756850_34756856_0,70.0,56.94,57.36,58.65,-13.06
34756856_1267576170_0,70.0,57.82,56.9,60.15,-12.18
34756886_34756889_0,75.0,63.82,66.18,64.7,-11.18
34756886_995592380_0,75.0,65.14,63.99,65.5,-9.86
34756889_249788230_0,75.0,64.9,63.3,64.3,-10.1
34756893_4397488970_0,70.0,60.01,61.29,59.2,-9.99
41145781_1927155968_0,75.0,64.71,64.51,64.85,-10.29
41145781_358184000_0,75.0,64.26,64.72,64.75,-10.74
41145818_41145781_0,75.0,63.99,62.52,64.25,-11.01
41145818_223557300_0,75.0,62.98,65.31,64.95,-12.02
41145853_4581306545_0,75.0,69.63,63.66,64.1,-5.37
41145853_1068492438_0,75.0,65.4,64.13,62.9,-9.6
41145879_4583439622_0,75.0,68.06,66.47,65.55,-6.94
41145883_933975856_0,75.0,62.98,66.09,64.3,-12.02
41145883_290374783_0,75.0,62.81,65.56,64.65,-12.19
41145883_1128031337_0,75.0,64.24,66.97,64.15,-10.76
41145894_41145853_0,75.0,69.71,64.04,64.2,-5.29
41145902_41145894_0,75.0,65.16,64.86,63.7,-9.84
41145902_1790293299_0,75.0,65.69,63.55,63.05,-9.31
41145914_2964238074_0,70.0,62.18,66.72,63.5,-7.82
41145966_265045366_0,75.0,60.92,65.7,62.1,-14.08
41346033_5808132629_0,45.0,60.22,66.46,65.0,15.22
41346061_270435163_0,50.0,59.34,60.83,66.25,9.34
41430205_1246745094_0,60.0,64.11,72.22,68.35,4.11
41430238_41430205_0,75.0,62.68,71.66,67.75,-12.32
41430279_30575430_0,75.0,61.97,65.87,63.4,-13.03
41430279_1395083840_0,75.0,66.07,64.0,63.55,-8.93
41430285_1490641453_0,75.0,65.54,64.11,64.6,-9.46
41430285_297507622_0,75.0,61.81,64.21,64.88,-13.19
41430291_30438464_0,75.0,62.76,65.55,63.55,-12.24
41430291_937816848_0,75.0,66.03,67.42,65.62,-8.97
41430295_1246744979_0,75.0,63.1,68.04,66.6,-11.9
41430295_3461464896_0,75.0,65.92,68.33,66.3,-9.08
43390547_264537273_0,75.0,61.25,65.26,62.5,-13.75
43390547_43390559_0,70.0,60.61,61.25,62.0,-9.39
43390547_59747940_0,75.0,62.38,66.22,63.85,-12.62
43390555_5109959745_0,75.0,60.96,64.57,62.8,-14.04
43390559_59747941_0,75.0,63.06,64.25,63.55,-11.94
43390559_264540549_0,65.0,60.78,61.25,60.7,-4.22
56431800_41430295_0,75.0,63.38,67.19,66.1,-11.62
56431800_3905668277_0,65.0,57.55,64.28,63.64,-7.45
57302218_704769194_0,65.0,57.35,56.25,57.68,-7.65
57308239_6423134704_0,65.0,56.21,52.06,52.45,-8.79
57308239_1246280706_0,65.0,56.31,51.74,52.7,-8.69
58850732_4279193233_0,70.0,61.4,56.19,60.2,-8.6
58850762_930387717_0,65.0,57.08,60.18,58.53,-7.92
58850772_58850732_0,70.0,58.05,55.43,58.35,-11.95
58850772_2051933144_0,70.0,60.65,58.24,59.3,-9.35
59475407_248932624_0,70.0,59.12,62.09,61.05,-10.88
59747939_213564664_0,75.0,58.58,59.39,59.15,-16.42
59747939_1122581751_0,75.0,62.32,64.68,63.38,-12.68
59747940_264101671_0,75.0,59.3,64.33,61.7,-15.7
59747940_43390547_0,75.0,62.38,66.22,63.85,-12.62
59747941_59747940_0,70.0,60.51,61.67,62.15,-9.49
59747941_265045242_0,70.0,62.14,65.02,63.1,-7.86
59749783_59749784_0,65.0,56.56,56.13,56.47,-8.44
59749783_43390555_0,70.0,60.87,62.99,61.65,-9.13
59749784_252400939_0,65.0,56.44,54.25,54.77,-8.56
59749785_243066325_0,75.0,64.14,65.3,65.45,-10.86
59749785_252400937_0,70.0,58.84,65.17,63.2,-11.16
59749788_1128031341_0,80.0,66.32,62.19,65.5,-13.68
59749788_675703816_0,80.0,65.38,63.82,65.35,-14.62
59749790_4171954132_0,75.0,66.6,65.67,65.1,-8.4
59749791_291716832_0,75.0,66.29,66.07,64.95,-8.71
59749791_30438369_0,75.0,59.75,64.14,60.35,-15.25
59749792_922790550_0,75.0,59.8,68.62,62.85,-15.2
59749792_59749791_0,75.0,66.03,64.9,63.65,-8.97
59749793_675703752_0,75.0,65.91,65.23,65.6,-9.09
59749793_675703823_0,75.0,64.98,65.5,65.6,-10.02
59749795_264101677_0,75.0,61.71,64.32,62.45,-13.29
59749795_43390555_0,70.0,57.65,58.0,59.5,-12.35
59750420_249504871_0,75.0,65.98,64.15,63.65,-9.02
59750420_249502609_0,70.0,58.9,65.37,61.75,-11.1
59750422_263708638_0,75.0,67.78,64.65,63.95,-7.22
59750422_266186635_0,70.0,60.64,60.56,60.6,-9.36
59750422_249350295_0,65.0,59.77,59.09,61.3,-5.23
59750422_249350242_0,80.0,67.27,61.36,61.15,-12.73
59751391_4294749418_0,75.0,64.82,65.59,66.65,-10.18
59751392_1146352851_0,70.0,59.92,63.29,62.4,-10.08
59751392_30575386_0,75.0,62.41,65.45,62.45,-12.59
59751392_1395083839_0,75.0,65.56,69.47,65.55,-9.44
59751393_4853353022_0,75.0,65.84,61.45,60.18,-9.16
59751393_1719184169_0,75.0,59.65,63.36,59.6,-15.35
59751394_59751393_0,75.0,65.89,65.15,65.45,-9.11
59751394_30389391_0,75.0,64.67,61.57,64.85,-10.33
59751395_59751394_0,75.0,66.7,63.12,65.6,-8.3
59751395_2349442509_0,75.0,64.52,65.15,65.1,-10.48
59754233_245435814_0,75.0,68.26,62.54,65.7,-6.74
59754233_264520475_0,75.0,66.35,66.61,64.75,-8.65
59754256_264537243_0,75.0,63.9,59.29,61.2,-11.1
59754256_5378015078_0,75.0,63.46,58.7,61.75,-11.54
59754260_264537243_0,75.0,59.74,57.96,59.1,-15.26
59754260_59754256_0,70.0,59.22,56.53,59.25,-10.78
59756397_919718420_0,75.0,66.13,68.67,65.7,-8.87
59756397_4671060097_0,75.0,67.55,65.09,64.8,-7.45
59756401_263689624_0,75.0,62.61,62.05,60.85,-12.39
59756401_30438660_0,75.0,62.48,62.01,60.55,-12.52
59756401_259476733_0,75.0,63.65,63.38,61.95,-11.35
59757541_263343600_0,75.0,61.42,62.9,62.75,-13.58
59757541_223449181_0,65.0,59.74,62.38,61.8,-5.26
59757546_59757541_0,65.0,59.56,67.28,62.15,-5.44
59757546_263343587_0,75.0,64.9,62.39,63.6,-10.1
135562868_1267225913_0,75.0,65.68,63.19,61.75,-9.32
135562868_135562939_0,75.0,61.14,64.01,62.2,-13.86
135562914_303665509_0,70.0,60.05,58.78,61.45,-9.95
135562914_428580928_0,75.0,64.62,57.49,61.3,-10.38
135562914_1267225913_0,75.0,65.82,63.13,61.7,-9.18
135562932_264527019_0,75.0,64.19,63.89,63.6,-10.81
135562932_135563030_0,75.0,63.92,63.67,63.95,-11.08
135562932_135562998_0,75.0,59.14,63.29,61.3,-15.86
135562939_264524040_0,75.0,66.67,65.56,62.3,-8.33
135562998_264548458_0,65.0,57.41,59.76,57.6,-7.59
135562998_135563030_0,75.0,58.25,58.7,57.85,-16.75
135563030_135562932_0,75.0,63.92,63.67,63.95,-11.08
135563030_256170095_0,65.0,57.79,62.84,59.5,-7.21
135563030_1122581688_0,75.0,65.65,64.09,64.75,-9.35
156249704_296374841_0,65.0,57.53,54.63,51.78,-7.47
156249704_265025350_0,65.0,57.88,58.09,51.55,-7.12
156249762_4782886552_0,75.0,63.59,60.18,63.55,-11.41
156249762_296912419_0,65.0,59.49,52.32,58.9,-5.51
156249779_249092425_0,70.0,61.63,63.32,62.87,-8.37
156249779_296912408_0,60.0,59.03,59.19,58.9,-0.97
156249779_249092423_0,70.0,59.49,58.37,57.7,-10.51
156249788_156249795_0,70.0,61.02,57.55,58.65,-8.98
156249788_296912404_0,75.0,58.7,57.53,56.45,-16.3
156249795_296912425_0,70.0,61.74,56.47,58.9,-8.26
156249795_249092415_0,65.0,59.25,59.56,58.15,-5.75
156249819_3718664994_0,70.0,61.33,57.45,60.42,-8.67
156249819_296912413_0,70.0,62.39,60.93,62.67,-7.61
156263657_10312076202_0,80.0,67.79,67.58,65.2,-12.21
156263660_13094775794_0,60.0,56.83,59.32,57.7,-3.17
156263660_263781766_0,70.0,59.83,58.61,58.1,-10.17
156263660_310078965_0,70.0,59.77,63.74,60.69,-10.23
156263676_919493276_0,75.0,62.8,62.64,63.4,-12.2
156334151_4705319734_0,75.0,65.85,63.62,64.95,-9.15
156334151_1138865799_0,75.0,66.88,63.41,65.05,-8.12
156334164_12396810494_0,80.0,66.87,60.55,59.9,-13.13
156334206_156334214_0,75.0,66.04,65.87,65.45,-8.96
156334214_519112770_0,75.0,65.38,66.59,65.4,-9.62
156334214_519112767_0,70.0,60.93,62.51,64.9,-9.07
156334227_838551654_0,75.0,66.4,66.69,65.15,-8.6
156334227_310078965_0,75.0,66.45,67.24,65.45,-8.55
156334318_156334335_0,75.0,69.63,67.12,66.8,-5.37
156334318_419337581_0,75.0,66.45,67.21,66.8,-8.55
156334318_424386805_0,80.0,69.51,67.35,66.4,-10.49
156334335_419337577_0,75.0,66.13,65.18,65.35,-8.87
156334335_616040403_0,75.0,69.99,66.91,66.15,-5.01
156334335_156334318_0,75.0,69.63,67.12,66.8,-5.37
156334363_263712658_0,65.0,59.25,64.71,61.85,-5.75
156334363_263781803_0,75.0,67.05,64.5,65.0,-7.95
156334363_30438410_0,75.0,66.98,66.77,65.65,-8.02
156334438_263795320_0,55.0,61.42,63.41,61.0,6.42
156334438_30389443_0,80.0,68.13,65.48,65.65,-11.87
156334438_263795330_0,80.0,69.77,66.84,65.6,-10.23
156576503_252400935_0,65.0,57.84,58.44,56.65,-7.16
156576503_2155382123_0,75.0,63.09,62.82,64.55,-11.91
156576509_264103255_0,65.0,58.42,53.54,55.35,-6.58
156576509_287940725_0,75.0,63.75,60.98,64.15,-11.25
158676837_263815364_0,75.0,61.29,62.6,62.3,-13.71
158676840_956217069_0,70.0,61.18,64.34,62.02,-8.82
158676840_263791159_0,75.0,62.98,66.04,64.55,-12.02
158676840_1246618586_0,75.0,64.13,67.21,65.85,-10.87
158680076_484789451_0,65.0,60.92,62.61,60.35,-4.08
158680076_158680077_0,70.0,62.89,65.95,65.05,-7.11
158680077_249707305_0,75.0,66.56,63.47,65.7,-8.44
158680077_484789452_0,75.0,67.61,65.56,65.3,-7.39
158680078_263345725_0,75.0,63.34,60.55,61.95,-11.66
158680078_158680079_0,70.0,65.74,66.54,64.55,-4.26
158680079_30389460_0,75.0,68.64,66.81,65.1,-6.36
158680079_2990545450_0,70.0,66.21,64.71,64.25,-3.79
158680082_158680093_0,70.0,64.69,66.56,65.6,-5.31
158680093_59751395_0,75.0,65.58,65.25,65.4,-9.42
158680093_30389459_0,70.0,60.65,68.18,64.75,-9.35
199457134_264111621_0,50.0,57.24,58.73,56.18,7.24
213564615_59750420_0,70.0,59.97,66.51,62.3,-10.03
213564615_263345735_0,75.0,62.66,62.81,63.0,-12.34
213564648_213564655_0,70.0,60.34,57.77,59.25,-9.66
213564655_938867543_0,75.0,63.7,64.63,63.87,-11.3
213564655_4176141502_0,75.0,61.54,65.55,60.85,-13.46
213564664_213564671_0,75.0,58.93,58.91,61.1,-16.07
213564664_213564690_0,70.0,58.59,58.56,59.34,-11.41
213564671_266990806_0,75.0,62.83,62.04,63.1,-12.17
213564690_213564664_0,70.0,58.59,58.59,59.34,-11.41
213564690_252408917_0,75.0,56.86,58.69,57.55,-18.14
213598271_260611653_0,50.0,56.3,60.03,54.5,6.3
213598315_213598328_0,55.0,59.73,63.73,57.25,4.73
213598328_213598343_0,55.0,63.33,64.05,57.5,8.33
213598343_481391686_0,50.0,62.98,64.47,57.5,12.98
213598343_213598354_0,55.0,63.13,66.42,58.25,8.13
213598354_1102288536_0,60.0,63.12,65.82,57.9,3.12
213598364_4941736692_0,70.0,63.47,61.72,59.4,-6.53
213598383_213598403_0,55.0,62.19,66.76,58.0,7.19
213598403_213598328_0,55.0,62.5,69.71,58.2,7.5
213598403_1392635721_0,50.0,57.92,70.46,57.05,7.92
213598432_473469068_0,50.0,54.15,52.27,49.55,4.15
213598432_3710880334_0,50.0,51.28,57.01,48.05,1.28
213598463_1392635756_0,50.0,54.52,52.64,50.2,4.52
213598463_481367841_0,50.0,55.25,53.11,53.25,5.25
213598545_1950794914_0,70.0,62.33,59.85,65.1,-7.67
213598596_213598610_0,70.0,62.59,60.06,66.05,-7.41
213598610_481433491_0,70.0,61.63,60.34,61.25,-8.37
213598610_213598545_0,70.0,61.37,55.59,57.1,-8.63
213598718_4993305198_0,70.0,58.92,62.49,64.85,-11.08
213598718_1392635795_0,75.0,63.58,64.87,66.6,-11.42
213598723_213598747_0,75.0,62.81,66.9,66.9,-12.19
213598747_1092558169_0,70.0,63.45,63.52,66.4,-6.55
213598781_213598790_0,70.0,62.64,57.37,64.45,-7.36
213598790_9834154358_0,75.0,62.86,59.89,64.35,-12.14
213598790_1092558139_0,75.0,62.8,60.47,64.15,-12.2
213598807_213598838_0,75.0,62.89,66.75,66.95,-12.11
213598807_213598747_0,70.0,62.87,63.27,65.25,-7.13
213598838_1392635787_0,75.0,62.96,63.61,66.47,-12.04
213598838_1959575807_0,65.0,56.95,64.26,59.15,-8.05
213598838_213598723_0,70.0,58.55,65.37,64.45,-11.45
213598846_213598718_0,70.0,59.62,63.39,64.0,-10.38
213598846_1950857669_0,70.0,62.89,62.69,66.05,-7.11
213598894_213598781_0,70.0,59.13,57.89,63.7,-10.87
213598894_265563565_0,75.0,58.1,64.98,64.65,-16.9
213598906_213741537_0,70.0,58.24,61.87,60.0,-11.76
213598906_1288034522_0,70.0,57.58,64.85,60.0,-12.42
213741537_932354556_0,70.0,58.25,61.12,59.7,-11.75
213741544_213741560_0,70.0,58.08,59.82,58.75,-11.92
213741560_213741569_0,70.0,58.24,62.6,58.95,-11.76
213741560_932354552_0,70.0,57.91,61.06,58.65,-12.09
213741569_213741575_0,70.0,58.58,65.58,60.05,-11.42
213741575_213598906_0,70.0,58.52,65.53,60.15,-11.48
213741575_213741537_0,70.0,58.34,63.14,60.1,-11.66
213741585_265563567_0,65.0,55.99,59.28,57.85,-9.01
213741585_932354552_0,70.0,58.39,61.5,60.2,-11.61
213741585_265563546_0,70.0,58.18,61.01,58.95,-11.82
213741593_265563528_0,70.0,58.69,59.58,60.05,-11.31
213741593_265563557_0,65.0,58.28,62.59,60.1,-6.72
213741593_265563552_0,65.0,56.75,59.67,59.75,-8.25
213741604_2006081589_0,70.0,58.77,62.39,60.35,-11.23
213741612_265563643_0,70.0,58.73,70.27,68.3,-11.27
213741612_990001475_0,70.0,58.68,64.37,61.1,-11.32
213741638_265563862_0,70.0,57.09,63.74,60.6,-12.91
213741638_213741612_0,70.0,58.77,61.2,61.25,-11.23
213741669_265563536_0,70.0,56.67,57.17,58.15,-13.33
213741669_5026581964_0,65.0,56.57,58.71,57.35,-8.43
213741684_265563521_0,65.0,57.1,60.05,57.4,-7.9
213741684_265563544_0,70.0,56.35,55.31,55.55,-13.65
213741691_264545374_0,70.0,63.05,61.18,61.55,-6.95
213741711_265566000_0,75.0,65.21,65.86,65.25,-9.79
213741711_1267225987_0,75.0,63.46,66.7,60.15,-11.54
213741731_213741740_0,75.0,63.92,64.91,62.25,-11.08
213741731_265566006_0,60.0,57.77,60.51,61.28,-2.23
213741740_416572320_0,75.0,63.4,63.61,61.7,-11.6
213741751_265566067_0,75.0,62.55,63.57,61.8,-12.45
213757129_245792927_0,65.0,58.06,56.49,56.8,-6.94
213757139_213757129_0,70.0,59.1,59.17,61.3,-10.9
213757139_30389468_0,75.0,65.84,64.66,63.7,-9.16
213797628_30389477_0,65.0,58.88,60.92,59.3,-6.12
213797628_7472041798_0,65.0,57.68,58.97,58.45,-7.32
223449118_3580491992_0,75.0,62.25,66.98,64.25,-12.75
223449118_510134396_0,75.0,61.67,67.89,64.45,-13.33
223449118_263359413_0,65.0,60.46,61.82,59.85,-4.54
223449128_354605979_0,70.0,59.02,60.75,58.95,-10.98
223449128_263359438_0,70.0,57.75,51.03,53.45,-12.25
223449162_30438726_0,75.0,66.88,68.15,64.75,-8.12
223449162_263710877_0,75.0,65.04,66.68,64.9,-9.96
223449181_263359413_0,70.0,59.64,59.5,60.25,-10.36
223449181_263703312_0,70.0,59.1,59.12,59.05,-10.9
223471772_8897307193_0,75.0,61.7,62.6,61.7,-13.3
223471772_263313600_0,75.0,62.21,62.22,61.85,-12.79
223471772_935991476_0,75.0,63.19,62.18,61.85,-11.81
223471772_263324310_0,70.0,60.81,62.7,59.65,-9.19
223552999_1488473446_0,70.0,58.38,62.59,60.05,-11.62
223552999_266330680_0,70.0,57.26,64.76,59.6,-12.74
223552999_223553021_0,70.0,58.31,63.73,60.8,-11.69
223553021_59749795_0,75.0,58.14,63.3,60.45,-16.86
223553021_223552999_0,70.0,58.31,63.73,60.8,-11.69
223553032_223553021_0,75.0,58.68,63.15,62.2,-16.32
223553032_59749795_0,75.0,62.21,66.64,63.05,-12.79
223553069_265045242_0,65.0,56.92,59.08,60.15,-8.08
223553069_59747940_0,75.0,61.0,66.94,62.65,-14.0
223557300_223553032_0,75.0,63.35,63.94,64.15,-11.65
223557300_41145781_0,75.0,59.71,65.38,64.3,-15.29
243066325_940808245_0,75.0,63.65,62.14,63.85,-11.35
243066344_243066379_0,75.0,58.73,61.22,60.15,-16.27
243066344_243066392_0,75.0,63.61,62.32,63.9,-11.39
243066351_243066374_0,75.0,64.22,64.75,66.0,-10.78
243066351_4432850619_0,75.0,63.64,67.06,66.1,-11.36
243066370_940808243_0,75.0,64.38,64.5,63.7,-10.62
243066370_4415532165_0,70.0,60.64,62.3,63.2,-9.36
243066374_243066414_0,75.0,62.91,63.33,66.15,-12.09
243066374_243066420_0,75.0,64.26,64.72,66.05,-10.74
243066379_243066370_0,75.0,60.52,63.89,63.9,-14.48
243066379_940808243_0,75.0,64.15,63.36,63.0,-10.85
243066382_4603369924_0,65.0,56.89,64.27,59.15,-8.11
243066382_267114282_0,75.0,63.55,65.29,65.75,-11.45
243066392_243066396_0,65.0,55.45,58.66,57.63,-9.55
243066392_243066382_0,75.0,62.61,65.38,64.95,-12.39
243066396_243066392_0,65.0,55.45,58.66,57.63,-9.55
243066396_243066344_0,65.0,58.23,62.9,59.6,-6.77
243066400_9900530145_0,60.0,56.39,54.68,50.95,-3.61
243066400_9900530145_1,60.0,56.35,54.68,50.7,-3.65
243066410_267114296_0,75.0,64.98,68.08,66.0,-10.02
243066410_243066413_0,70.0,61.25,63.07,64.82,-8.75
243066412_267114298_0,75.0,63.66,64.42,65.65,-11.34
243066412_267114282_0,75.0,59.27,65.08,63.85,-15.73
243066413_243066412_0,70.0,58.11,66.03,62.1,-11.89
243066413_243066410_0,70.0,61.25,63.07,64.82,-8.75
243066413_934030443_0,70.0,60.85,65.04,61.28,-9.15
243066414_267115399_0,75.0,63.53,64.65,65.8,-11.47
243066414_243066415_0,75.0,64.67,63.51,66.0,-10.33
243066415_267114286_0,75.0,64.64,64.85,66.3,-10.36
243066415_243066351_0,75.0,62.68,65.51,66.15,-12.32
243066418_243066351_0,75.0,63.47,65.16,65.3,-11.53
243066420_243066421_0,75.0,64.1,63.95,65.35,-10.9
243066421_3927590098_0,75.0,63.91,62.94,65.05,-11.09
243465469_5008090455_0,75.0,62.59,61.2,60.6,-12.41
243465475_223449162_0,75.0,68.08,67.35,66.25,-6.92
243465475_263345727_0,75.0,68.47,67.12,65.65,-6.53
243465953_1310079639_0,70.0,62.6,58.49,65.35,-7.4
243465956_4252261787_0,70.0,63.06,61.34,64.55,-6.94
243465956_260551158_0,70.0,60.64,62.15,62.65,-9.36
243466456_58850772_0,65.0,57.91,56.32,56.65,-7.09
243466461_1270508755_0,65.0,56.18,55.51,56.05,-8.82
243466461_58850762_0,65.0,57.45,57.05,59.72,-7.55
243466467_243466456_0,60.0,56.81,54.88,56.38,-3.19
243466467_243466470_0,60.0,55.64,51.54,49.9,-4.36
243466470_243466467_0,60.0,55.64,51.54,49.9,-4.36
243466470_1270508659_0,55.0,54.02,51.36,47.45,-0.98
243466470_1270509109_0,60.0,56.31,54.97,50.9,-3.69
245394214_252408905_0,75.0,57.59,58.97,57.45,-17.41
245394214_266990805_0,70.0,58.22,58.41,57.6,-11.78
245394215_245394218_0,70.0,56.12,57.36,58.08,-13.88
245394215_252408903_0,70.0,56.44,56.46,55.82,-13.56
245394218_245394215_0,70.0,56.12,57.36,58.08,-13.88
245394218_252408912_0,70.0,56.02,56.8,56.1,-13.98
245394219_252408918_0,70.0,56.03,54.54,56.2,-13.97
245394219_264101673_0,70.0,56.77,58.28,56.75,-13.23
245394222_252406056_0,70.0,56.91,58.9,57.8,-13.09
245394222_252408906_0,70.0,57.17,57.68,57.4,-12.83
245435814_253535501_0,75.0,68.2,66.33,65.8,-6.8
245435814_250167881_0,75.0,65.78,65.96,64.85,-9.22
245792927_354616466_0,65.0,58.25,57.75,56.92,-6.75
245792927_59757546_0,70.0,58.69,60.47,61.75,-11.31
247680800_263821457_0,70.0,55.88,57.96,58.2,-14.12
247680800_268479902_0,65.0,55.13,54.24,51.1,-9.87
248093891_692965979_0,65.0,51.5,49.08,47.35,-13.5
248093891_248093937_0,60.0,52.08,50.44,46.9,-7.92
248093897_692965985_0,60.0,50.58,47.46,45.7,-9.42
248093897_248093909_0,60.0,50.91,46.56,46.6,-9.09
248093909_248093897_0,55.0,50.37,47.96,47.35,-4.63
248093921_3056557938_0,55.0,53.83,53.37,51.3,-1.17
248093926_3056557938_0,65.0,55.75,57.29,56.15,-9.25
248093926_3056557944_0,65.0,59.19,59.77,58.9,-5.81
248093928_248093891_0,65.0,52.14,49.99,47.75,-12.86
248093937_3948081589_0,60.0,52.18,50.88,48.35,-7.82
248093943_248093926_0,70.0,59.12,58.52,59.35,-10.88
248093943_248093945_0,70.0,60.07,60.55,61.55,-9.93
248093945_2051933116_0,70.0,60.25,59.46,60.2,-9.75
248093945_1312823961_0,70.0,59.39,56.8,59.7,-10.61
248096808_694829628_0,65.0,50.49,49.94,47.45,-14.51
248096808_698084148_0,65.0,50.71,45.62,46.65,-14.29
248808636_156263676_0,75.0,62.11,63.23,63.1,-12.89
248808638_252756460_0,65.0,58.05,56.7,57.4,-6.95
248808638_248808653_0,70.0,58.72,57.53,57.7,-11.28
248808638_30438631_0,65.0,58.5,57.99,57.5,-6.5
248808639_248808638_0,75.0,58.42,59.75,58.58,-16.58
248808639_248808644_0,70.0,57.97,58.79,57.88,-12.03
248808640_248808639_0,70.0,58.59,60.3,59.18,-11.41
248808644_252756480_0,65.0,57.19,64.6,59.55,-7.81
248808644_248808639_0,70.0,57.97,58.79,57.88,-12.03
248808644_3848885749_0,70.0,57.45,56.48,57.02,-12.55
248808645_3848885749_0,70.0,57.35,55.81,55.72,-12.65
248808645_2584374412_0,70.0,57.73,55.53,55.43,-12.27
248808653_248808636_0,75.0,58.7,61.46,60.4,-16.3
248808654_248808655_0,70.0,59.39,59.45,61.4,-10.61
248808654_265024868_0,80.0,69.76,63.93,61.8,-10.24
248808654_265024873_0,80.0,70.98,66.28,64.45,-9.02
248808655_248808656_0,55.0,58.86,56.54,57.4,3.86
248808655_248808653_0,65.0,58.71,57.33,57.55,-6.29
248808656_248808655_0,55.0,58.86,56.54,57.4,3.86
248808656_30389464_0,70.0,59.34,64.61,62.85,-10.66
248808662_248808666_0,65.0,58.58,60.5,60.8,-6.42
248808662_248808636_0,75.0,60.37,63.86,60.85,-14.63
248808666_252756454_0,65.0,57.67,57.07,56.75,-7.33
248808666_248808685_0,65.0,56.89,56.64,56.95,-8.11
248808677_248808662_0,75.0,60.11,62.58,61.1,-14.89
248808678_248808677_0,65.0,58.1,59.18,60.55,-6.9
248808679_2813590086_0,50.0,54.3,49.87,50.48,4.3
248808685_2813590086_0,55.0,54.4,51.19,49.88,-0.6
248808685_263815252_0,65.0,55.57,53.4,50.15,-9.43
248920797_252756480_0,75.0,63.24,59.75,62.85,-11.76
248920797_4372474648_0,75.0,64.22,57.47,60.5,-10.78
248920847_248956750_0,70.0,61.48,56.61,53.2,-8.52
248922056_248922057_0,70.0,59.34,62.12,58.7,-10.66
248922056_248932619_0,75.0,65.55,72.98,66.01,-9.45
248922057_263698514_0,70.0,58.73,60.38,60.75,-11.27
248922057_263698493_0,70.0,58.53,60.62,59.65,-11.47
248922158_259474533_0,75.0,57.38,60.04,56.9,-17.62
248922158_30438377_0,75.0,60.32,62.54,58.9,-14.68
248922159_59756397_0,70.0,64.86,65.58,65.45,-5.14
248922159_1273377689_0,70.0,59.31,61.17,58.75,-10.69
248922785_296483978_0,65.0,58.61,62.28,57.35,-6.39
248922785_296483986_0,70.0,62.53,64.78,60.0,-7.47
248922787_263701665_0,65.0,59.11,58.22,59.95,-5.89
248922787_263701661_0,75.0,61.09,60.33,59.8,-13.91
248922789_248922792_0,55.0,58.57,55.25,54.6,3.57
248922792_263701654_0,65.0,58.68,59.28,57.35,-6.32
248923996_248924034_0,70.0,62.37,58.76,58.15,-7.63
248924034_1619563474_0,70.0,61.35,57.0,57.95,-8.65
248924034_249092442_0,70.0,61.65,54.55,57.35,-8.35
248924039_7324852760_0,60.0,58.04,54.33,55.85,-1.96
248924039_248924059_0,65.0,58.54,54.32,56.75,-6.46
248924040_296397559_0,65.0,58.28,52.96,53.55,-6.72
248924040_1619563459_0,65.0,59.81,58.63,60.0,-5.19
248924052_248924040_0,65.0,59.14,58.14,59.4,-5.86
248924052_4020632317_0,70.0,61.47,61.16,59.75,-8.53
248924058_1619563475_0,70.0,62.91,59.34,61.12,-7.09
248924058_3145787533_0,70.0,62.88,61.04,60.62,-7.12
248924059_248924088_0,65.0,58.12,54.94,55.5,-6.88
248924088_2594333340_0,65.0,58.76,57.56,56.4,-6.24
248924088_296397540_0,60.0,57.29,53.77,51.6,-2.71
248924096_3718665013_0,70.0,61.43,55.52,58.7,-8.57
248924096_2594333340_0,65.0,59.72,59.04,58.4,-5.28
248924098_248924099_0,70.0,62.11,58.74,59.2,-7.89
248924099_249092438_0,70.0,61.73,58.68,59.15,-8.27
248924099_4583448270_0,75.0,62.17,57.73,60.1,-12.83
248924102_248924052_0,70.0,61.59,58.68,59.45,-8.41
248924102_249092460_0,70.0,62.18,60.72,59.25,-7.82
248924105_248924106_0,75.0,61.5,59.6,59.7,-13.5
248924105_249092418_0,75.0,61.73,63.39,62.45,-13.27
248924106_248924098_0,70.0,62.12,59.31,59.3,-7.88
248924106_249092413_0,70.0,61.12,58.91,59.95,-8.88
248932619_3751601513_0,80.0,65.74,69.2,62.7,-14.26
248932620_248932621_0,65.0,58.67,63.27,61.5,-6.33
248932621_274103555_0,65.0,57.76,59.79,59.95,-7.24
248932621_248950998_0,70.0,59.16,61.72,60.45,-10.84
248932624_8303477665_0,70.0,60.17,61.91,61.35,-9.83
248932627_248950998_0,70.0,61.06,64.8,60.55,-8.94
248932628_248922056_0,75.0,67.82,71.24,66.4,-7.18
248935422_248956751_0,70.0,57.16,55.91,50.15,-12.84
248935422_1267575588_0,70.0,57.48,56.62,53.18,-12.52
248950998_1332252004_0,65.0,58.75,65.51,60.25,-6.25
248950998_919731544_0,70.0,62.38,67.36,64.7,-7.62
248950999_248951000_0,65.0,57.94,59.09,58.35,-7.06
248950999_274103535_0,65.0,57.77,57.62,57.7,-7.23
248951000_2667360441_0,65.0,58.01,59.65,58.65,-6.99
248951000_248951002_0,65.0,57.89,59.1,59.0,-7.11
248951001_248932627_0,70.0,60.16,66.28,60.4,-9.84
248951001_2667360440_0,65.0,58.42,63.5,59.95,-6.58
248951002_248951004_0,65.0,57.9,58.83,57.3,-7.1
248951002_274103535_0,65.0,57.72,59.36,57.6,-7.28
248951003_248951004_0,65.0,59.16,62.42,59.8,-5.84
248951003_248951001_0,70.0,60.55,62.07,60.4,-9.45
248951003_274103555_0,65.0,58.65,63.35,59.7,-6.35
248951004_274103539_0,70.0,59.2,60.62,59.85,-10.8
248951005_248951007_0,65.0,57.35,59.77,57.2,-7.65
248951005_1332252258_0,80.0,61.21,61.32,62.07,-18.79
248951007_5745763122_0,65.0,57.78,59.86,59.15,-7.22
248951008_4818671148_0,70.0,62.87,62.85,64.08,-7.13
248951009_259476133_0,65.0,57.64,58.55,60.32,-7.36
248951009_248951012_0,65.0,57.26,58.71,57.7,-7.74
248951012_1612596798_0,65.0,57.48,58.48,58.55,-7.52
248951012_248951009_0,65.0,57.26,58.71,57.7,-7.74
248951014_1332251597_0,70.0,60.04,58.77,61.05,-9.96
248951014_248951015_0,70.0,60.24,61.66,61.85,-9.76
248951015_59475407_0,70.0,59.48,61.27,61.65,-10.52
248951015_248951014_0,70.0,60.24,61.66,61.85,-9.76
248951015_274103559_0,65.0,58.04,61.05,60.0,-6.96
248951080_995592400_0,75.0,63.06,65.02,63.4,-11.94
248951080_933317818_0,75.0,65.52,65.02,64.8,-9.48
248951090_253554280_0,65.0,61.78,66.66,67.5,-3.22
248951091_933317842_0,75.0,62.7,68.11,65.25,-12.3
248956747_267197519_0,70.0,62.58,64.01,63.61,-7.42
248956747_248956759_0,70.0,63.17,54.55,55.15,-6.83
248956749_248956761_0,70.0,62.01,55.83,60.15,-7.99
248956749_248920847_0,70.0,61.85,53.43,53.2,-8.15
248956750_248935422_0,70.0,57.01,54.48,50.3,-12.99
248956750_248956751_0,70.0,61.59,55.75,53.25,-8.41
248956751_248956747_0,70.0,61.88,56.44,53.25,-8.12
248956759_248956749_0,70.0,62.64,57.98,54.2,-7.36
248956761_1125481668_0,75.0,66.51,60.77,64.05,-8.49
248956762_939274144_0,75.0,68.99,59.41,63.55,-6.01
248956762_254103484_0,75.0,68.21,60.66,63.35,-6.79
248956765_939274144_0,75.0,66.85,64.31,63.7,-8.15
248956767_1125481668_0,75.0,66.73,60.04,64.45,-8.27
248956767_248956768_0,75.0,66.84,65.61,64.05,-8.16
248956768_248956761_0,75.0,66.54,63.83,63.85,-8.46
248956768_248920847_0,70.0,61.61,56.85,60.75,-8.39
248956777_264106178_0,75.0,63.04,58.12,59.25,-11.96
249077635_30438405_0,75.0,67.58,64.33,65.85,-7.42
249077650_30438359_0,75.0,63.72,69.16,69.0,-11.28
249077682_249078258_0,75.0,65.0,73.01,67.65,-10.0
249077706_268480012_0,75.0,66.25,63.5,61.4,-8.75
249077706_268479957_0,75.0,62.96,62.35,61.0,-12.04
249078258_253535849_0,75.0,68.52,67.6,66.3,-6.48
249078258_249078317_0,75.0,63.02,62.28,63.95,-11.98
249078277_7196176691_0,75.0,65.35,65.93,64.95,-9.65
249078283_4358728331_0,75.0,67.72,67.1,66.3,-7.28
249078295_1122581754_0,75.0,65.08,63.71,66.5,-9.92
249078295_1092558161_0,75.0,63.88,69.1,66.4,-11.12
249078299_265563862_0,70.0,61.96,67.75,65.88,-8.04
249078306_1122581754_0,75.0,66.22,66.65,66.05,-8.78
249078317_960187405_0,65.0,62.31,62.19,64.9,-2.69
249078322_249078283_0,75.0,68.01,68.29,66.05,-6.99
249079890_265563643_0,75.0,63.46,70.25,67.8,-11.54
249081370_1116760076_0,75.0,64.92,67.39,63.8,-10.08
249081373_249081376_0,75.0,64.66,69.54,70.45,-10.34
249081376_631147101_0,75.0,64.43,68.37,68.95,-10.57
249081378_265043770_0,60.0,63.82,61.06,59.32,3.82
249081379_265560725_0,75.0,65.31,66.23,65.28,-9.69
249081384_243066410_0,75.0,64.23,71.82,68.35,-10.77
249082364_1116259245_0,70.0,62.8,66.84,64.9,-7.2
249082380_355740406_0,70.0,55.41,63.95,65.15,-14.59
249082380_1116260147_0,70.0,61.75,63.7,67.65,-8.25
249082544_1324966201_0,75.0,61.79,61.44,61.2,-13.21
249082544_249082572_0,75.0,65.74,61.0,63.87,-9.26
249082555_3744131378_0,75.0,62.11,62.07,59.8,-12.89
249082572_675703752_0,75.0,65.45,61.85,64.8,-9.55
249082578_941372942_0,70.0,63.22,61.48,62.75,-6.78
249082578_249082636_0,70.0,61.51,65.86,63.0,-8.49
249082584_264075474_0,70.0,59.42,61.76,60.3,-10.58
249082584_59749792_0,75.0,66.35,66.26,65.18,-8.65
249082630_1128031252_0,75.0,65.0,63.25,63.4,-10.0
249082631_933317800_0,65.0,63.4,66.58,65.5,-1.6
249082636_4693771910_0,70.0,61.74,63.64,62.85,-8.26
249083558_930287847_0,70.0,66.66,69.83,67.5,-3.34
249083558_930287924_0,70.0,60.7,66.22,64.4,-9.3
249083563_523774867_0,75.0,65.73,66.37,64.45,-9.27
249083586_249083588_0,65.0,64.14,68.52,69.5,-0.86
249083588_249083590_0,65.0,63.95,68.33,69.15,-1.05
249083590_249083598_0,65.0,64.12,67.17,68.25,-0.88
249083598_249090160_0,70.0,64.62,67.51,69.55,-5.38
249083598_249083586_0,65.0,64.16,69.31,69.1,-0.84
249088066_249088095_0,75.0,60.46,63.85,59.9,-14.54
249088069_249088066_0,75.0,61.62,63.96,59.4,-13.38
249088069_268479995_0,65.0,60.21,61.56,59.25,-4.79
249088082_263821460_0,65.0,58.51,60.63,58.95,-6.49
249088083_249088093_0,70.0,62.92,62.67,61.9,-7.08
249088093_287627858_0,75.0,63.18,63.44,61.8,-11.82
249088095_249088082_0,75.0,60.47,62.13,59.0,-14.53
249088095_249088093_0,65.0,58.94,60.73,59.35,-6.06
249088096_249088069_0,75.0,62.79,62.96,60.5,-12.21
249088097_249088096_0,70.0,59.88,61.96,58.55,-10.12
249088100_249088096_0,75.0,62.46,62.92,60.55,-12.54
249090150_930287913_0,70.0,65.98,69.58,68.5,-4.02
249090156_253535857_0,70.0,65.33,69.28,69.5,-4.67
249090160_249090150_0,70.0,65.28,68.87,69.5,-4.72
249091504_249092208_0,70.0,59.2,53.28,54.3,-10.8
249092208_942069538_0,70.0,60.65,59.05,61.1,-9.35
249092208_30389469_0,65.0,59.18,59.09,58.2,-5.82
249092413_248923996_0,70.0,61.58,59.07,58.65,-8.42
249092413_249092416_0,65.0,59.58,60.3,58.25,-5.42
249092414_249092421_0,65.0,58.61,55.07,57.1,-6.39
249092414_156249788_0,65.0,59.12,59.82,58.3,-5.88
249092415_249092419_0,65.0,59.51,61.68,59.65,-5.49
249092415_249092414_0,65.0,58.64,55.95,56.8,-6.36
249092416_249092417_0,65.0,59.64,59.72,57.95,-5.36
249092416_249092418_0,65.0,59.86,62.71,57.8,-5.14
249092416_296912424_0,65.0,58.7,59.32,57.3,-6.3
249092417_248923996_0,70.0,62.02,57.44,58.2,-7.98
249092418_265025347_0,65.0,60.42,59.22,58.8,-4.58
249092418_249092419_0,75.0,62.5,65.31,63.55,-12.5
249092419_249092420_0,70.0,62.11,60.32,59.25,-7.89
249092420_249092428_0,70.0,61.65,59.41,59.2,-8.35
249092420_249092414_0,65.0,59.28,59.45,59.15,-5.72
249092421_249092428_0,65.0,59.21,59.34,59.3,-5.79
249092421_249092422_0,65.0,58.68,54.95,56.8,-6.32
249092422_249092425_0,60.0,59.09,59.54,59.25,-0.91
249092422_249092423_0,70.0,58.76,53.43,55.75,-11.24
249092423_249092424_0,70.0,59.35,57.15,59.15,-10.65
249092424_265025368_0,70.0,59.48,57.27,59.1,-10.52
249092424_4782886425_0,70.0,62.02,61.49,63.25,-7.98
249092425_296912405_0,70.0,61.08,58.65,58.9,-8.92
249092426_249092422_0,65.0,59.17,59.16,59.35,-5.83
249092426_249092424_0,75.0,61.59,60.29,59.05,-13.41
249092427_156249788_0,70.0,60.92,57.07,58.75,-9.08
249092427_249092421_0,65.0,59.11,60.38,58.65,-5.89
249092428_249092426_0,70.0,61.63,59.72,59.1,-8.37
249092431_249092457_0,65.0,59.72,59.55,59.4,-5.28
249092431_265024867_0,70.0,62.92,62.03,62.3,-7.08
249092437_1619563470_0,60.0,58.73,54.42,53.05,-1.27
249092437_1619563474_0,65.0,59.21,55.74,56.75,-5.79
249092438_249092437_0,65.0,59.83,56.5,59.2,-5.17
249092438_296397442_0,70.0,61.21,55.5,58.85,-8.79
249092441_296397634_0,60.0,58.7,49.49,49.0,-1.3
249092442_296397485_0,75.0,61.08,56.13,55.45,-13.92
249092442_296397634_0,65.0,59.16,53.51,55.55,-5.84
249092457_249092431_0,70.0,63.12,63.98,61.75,-6.88
249092460_248924105_0,75.0,62.43,60.34,59.45,-12.57
249092461_30438670_0,75.0,68.71,66.84,63.8,-6.29
249092461_265024876_0,75.0,65.35,67.2,65.15,-9.65
249093255_263693380_0,70.0,60.65,58.49,59.25,-9.35
249093255_30575433_0,70.0,61.24,59.39,59.85,-8.76
249093257_3723931117_0,70.0,59.74,58.49,58.28,-10.26
249093257_679408443_0,70.0,61.93,65.14,62.6,-8.07
249179506_13034917980_0,70.0,59.78,58.17,61.8,-10.22
249179506_249311541_0,75.0,66.96,65.95,65.25,-8.04
249179507_249350082_0,75.0,60.56,62.31,63.8,-14.44
249179507_249350114_0,75.0,64.93,62.35,64.65,-10.07
249245917_422875568_0,70.0,59.36,63.72,63.8,-10.64
249245921_428793339_0,70.0,55.87,64.54,63.1,-14.13
249245921_249245917_0,70.0,59.82,64.15,64.55,-10.18
249245931_1618842941_0,70.0,61.93,65.21,65.15,-8.07
249245931_1618940956_0,70.0,64.77,58.43,65.35,-5.23
249245938_263336564_0,70.0,63.36,62.06,64.5,-6.64
249245938_297521628_0,70.0,62.97,62.65,64.3,-7.03
249245951_8660684687_0,75.0,66.89,58.95,64.8,-8.11
249245951_960205601_0,75.0,65.44,61.85,64.5,-9.56
249246394_263336735_0,75.0,66.62,64.52,65.25,-8.38
249311541_59754233_0,75.0,68.74,67.75,65.7,-6.26
249311541_249350307_0,75.0,67.11,64.47,65.5,-7.89
249316285_30438561_0,75.0,65.69,65.48,64.6,-9.31
249316323_249701141_0,70.0,59.29,62.19,59.9,-10.71
249316323_249701577_0,70.0,59.92,60.82,59.3,-10.08
249316340_1619562985_0,80.0,65.4,64.71,65.05,-14.6
249316340_1619563032_0,70.0,59.44,58.93,59.35,-10.56
249316342_1619563032_0,65.0,59.43,57.81,58.35,-5.57
249316342_249701577_0,65.0,58.63,58.95,58.15,-6.37
249316343_249316342_0,65.0,59.21,61.51,61.2,-5.79
249316343_249316340_0,75.0,65.76,63.62,64.7,-9.24
249319586_249316323_0,70.0,60.18,60.38,59.2,-9.82
249319586_1619563021_0,65.0,59.47,56.75,58.2,-5.53
249319623_1616939635_0,70.0,60.82,62.51,58.8,-9.18
249319623_250171971_0,75.0,67.21,64.69,64.8,-7.79
249350056_938876227_0,70.0,61.64,59.1,59.38,-8.36
249350058_249350125_0,75.0,60.95,61.19,61.4,-14.05
249350058_135562868_0,75.0,60.91,62.93,61.45,-14.09
249350059_249350056_0,70.0,58.4,56.39,57.45,-11.6
249350059_264548426_0,70.0,58.42,56.74,57.85,-11.58
249350075_264548417_0,65.0,58.83,56.83,54.1,-6.17
249350077_249350165_0,70.0,61.7,64.17,60.35,-8.3
249350077_249350269_0,65.0,60.49,62.63,60.7,-4.51
249350078_249350290_0,75.0,63.38,61.17,62.5,-11.62
249350078_249350241_0,70.0,59.2,61.66,60.58,-10.8
249350082_249350295_0,65.0,59.41,63.48,62.35,-5.59
249350082_354605927_0,65.0,59.7,59.94,59.52,-5.3
249350083_249350241_0,65.0,59.08,58.89,58.95,-5.92
249350083_249350229_0,65.0,57.82,60.48,58.0,-7.18
249350083_249350290_0,70.0,60.74,61.86,60.85,-9.26
249350100_249350303_0,65.0,59.67,57.07,57.25,-5.33
249350100_249350295_0,65.0,59.08,58.75,58.4,-5.92
249350114_252751620_0,75.0,61.6,64.69,63.35,-13.4
249350114_249179506_0,75.0,64.93,66.3,63.85,-10.07
249350120_266186643_0,65.0,59.13,60.02,59.5,-5.87
249350120_898944331_0,70.0,61.05,64.34,59.75,-8.95
249350124_1973834332_0,65.0,53.19,48.89,48.9,-11.81
249350125_249350269_0,70.0,60.59,60.02,61.0,-9.41
249350137_249350075_0,65.0,58.71,55.82,55.45,-6.29
249350137_249350120_0,65.0,59.58,60.37,59.05,-5.42
249350143_249350058_0,75.0,60.72,60.24,60.8,-14.28
249350161_249350078_0,75.0,59.65,62.35,61.38,-15.35
249350161_30575140_0,75.0,62.28,59.98,61.41,-12.72
249350164_249350283_0,65.0,49.04,53.78,52.1,-15.96
249350165_266186639_0,70.0,62.13,64.31,60.45,-7.87
249350165_266186637_0,65.0,59.52,59.91,61.0,-5.48
249350167_471504391_0,50.0,46.9,47.27,50.05,-3.1
249350167_249350164_0,60.0,48.98,52.54,51.95,-11.02
249350173_316059898_0,65.0,57.11,61.5,56.7,-7.89
249350173_471366913_0,65.0,55.27,61.29,56.5,-9.73
249350179_249350242_0,70.0,60.6,61.93,61.65,-9.4
249350179_249350100_0,65.0,59.82,58.33,59.45,-5.18
249350182_249350083_0,70.0,60.2,60.05,59.35,-9.8
249350229_3725404775_0,70.0,56.39,52.81,51.3,-13.61
249350229_249350248_0,65.0,56.79,53.08,52.3,-8.21
249350241_249350059_0,70.0,58.44,55.27,56.85,-11.56
249350242_937843932_0,80.0,67.31,63.61,61.9,-12.69
249350242_59750422_0,80.0,67.26,61.36,61.2,-12.74
249350248_266186645_0,65.0,57.04,51.66,52.05,-7.96
249350248_249350182_0,65.0,57.73,58.07,57.5,-7.27
249350254_10290154075_0,55.0,54.28,58.91,55.81,-0.72
249350254_5201012344_0,65.0,56.48,58.03,57.18,-8.52
249350254_10290154076_0,65.0,56.25,61.01,58.02,-8.75
249350257_249350165_0,65.0,59.76,59.93,60.3,-5.24
249350257_249350137_0,65.0,59.02,56.06,54.97,-5.98
249350260_249350298_0,65.0,55.7,54.31,55.22,-9.3
249350260_5201012344_0,65.0,56.96,56.68,56.21,-8.04
249350269_249350143_0,70.0,60.95,59.6,57.8,-9.05
249350269_249350257_0,65.0,60.16,59.55,57.38,-4.84
249350279_603939216_0,65.0,49.95,67.5,65.15,-15.05
249350279_249350167_0,65.0,49.19,53.79,51.55,-15.81
249350283_249350304_0,65.0,49.06,54.87,51.55,-15.94
249350283_249350299_0,65.0,49.05,54.17,52.4,-15.95
249350290_30575138_0,75.0,60.94,59.47,61.25,-14.06
249350290_1324964419_0,75.0,62.78,59.64,61.45,-12.22
249350295_354605927_0,65.0,58.79,58.86,59.95,-6.21
249350298_473814581_0,55.0,52.45,50.21,52.2,-2.55
249350298_473819691_0,65.0,51.87,54.22,54.48,-13.13
249350298_249350260_0,65.0,55.7,54.31,55.22,-9.3
249350299_249350279_0,65.0,49.6,55.19,54.62,-15.4
249350303_249350114_0,70.0,60.58,61.8,59.45,-9.42
249350304_249350299_0,65.0,49.3,53.83,54.52,-15.7
249350304_473819691_0,65.0,50.06,55.63,54.15,-14.94
249350307_266328897_0,75.0,66.7,62.33,64.55,-8.3
249426555_310078969_0,80.0,67.14,65.58,64.85,-12.86
249426555_156263657_0,80.0,67.59,68.24,64.6,-12.41
249426559_263781891_0,65.0,57.5,57.8,59.9,-7.5
249426578_263781904_0,70.0,56.33,60.61,60.6,-13.67
249502424_249502441_0,65.0,58.21,60.54,59.35,-6.79
249502424_266326619_0,65.0,57.56,61.69,58.5,-7.44
249502427_249502582_0,75.0,64.05,65.19,65.1,-10.95
249502427_1268313935_0,75.0,64.23,63.88,63.5,-10.77
249502430_249502432_0,70.0,59.76,60.52,61.55,-10.24
249502430_249502445_0,65.0,58.64,56.01,56.45,-6.36
249502432_266327994_0,80.0,66.85,63.68,63.3,-13.15
249502432_263361371_0,70.0,60.51,63.69,62.25,-9.49
249502441_249502427_0,70.0,59.19,60.04,59.35,-10.81
249502441_249502587_0,65.0,58.23,60.17,58.45,-6.77
249502445_249502609_0,60.0,58.26,57.72,57.22,-1.74
249502445_249504871_0,65.0,59.07,65.39,61.2,-5.93
249502450_249502508_0,65.0,60.02,68.21,67.85,-4.98
249502450_1310124745_0,70.0,65.83,76.69,69.1,-4.17
249502458_249504718_0,65.0,58.7,54.32,55.85,-6.3
249502458_1324970933_0,60.0,59.02,55.59,56.2,-0.98
249502485_249502430_0,65.0,59.46,57.86,58.35,-5.54
249502485_249504684_0,65.0,58.9,58.21,58.1,-6.1
249502508_2504505316_0,70.0,59.84,58.94,56.3,-10.16
249502508_420528889_0,65.0,59.32,55.99,57.1,-5.68
249502509_2504505313_0,70.0,55.14,64.88,64.95,-14.86
249502517_249502485_0,65.0,59.61,60.97,60.9,-5.39
249502517_249502585_0,70.0,61.89,62.94,64.4,-8.11
249502582_249502424_0,65.0,58.52,63.79,61.0,-6.48
249502582_30389471_0,75.0,64.12,66.38,65.05,-10.88
249502585_263708637_0,75.0,62.78,65.41,64.85,-12.22
249502585_249502517_0,70.0,61.89,62.94,64.4,-8.11
249502587_249504723_0,55.0,58.55,60.06,57.35,3.55
249502587_249504498_0,65.0,58.36,58.85,57.8,-6.64
249502603_1596873027_0,70.0,65.13,68.8,67.85,-4.87
249502609_266326620_0,70.0,58.29,59.51,58.6,-11.71
249504498_249502458_0,65.0,58.3,55.73,55.4,-6.7
249504498_249502445_0,65.0,58.25,57.85,56.36,-6.75
249504684_249504718_0,65.0,58.68,55.47,56.15,-6.32
249504684_1324971603_0,65.0,58.43,57.56,59.85,-6.57
249504723_249502458_0,65.0,59.38,60.29,57.7,-5.62
249504723_1268313935_0,70.0,59.95,59.72,60.5,-10.05
249504841_249502441_0,70.0,58.11,60.76,60.1,-11.89
249504841_249504498_0,65.0,58.26,59.48,58.8,-6.74
249504871_249502432_0,75.0,66.83,64.62,63.2,-8.17
249701141_1619563090_0,75.0,60.08,61.93,59.75,-14.92
249701141_1619563073_0,75.0,59.55,57.96,59.35,-15.45
249701577_1619563069_0,70.0,59.43,62.35,59.6,-10.57
249707302_3580491992_0,75.0,65.7,68.05,65.0,-9.3
249707305_158680078_0,70.0,66.48,64.91,65.1,-3.52
249707305_266326618_0,75.0,68.66,64.73,65.6,-6.34
249746690_420538133_0,70.0,60.09,59.98,65.15,-9.91
249757446_249757447_0,70.0,59.41,56.71,55.95,-10.59
249757446_30575380_0,70.0,60.08,58.93,59.8,-9.92
249757446_3723483906_0,65.0,59.73,59.22,59.0,-5.27
249757450_30575380_0,70.0,62.48,65.33,62.17,-7.52
249785000_265024872_0,65.0,60.76,59.75,61.45,-4.24
249785000_249092461_0,80.0,69.74,67.43,65.1,-10.26
249785394_1619563157_0,65.0,61.55,64.07,63.25,-3.45
249785394_267724145_0,75.0,65.57,65.49,64.75,-9.43
249785395_249785394_0,75.0,67.02,68.89,66.4,-7.98
249785396_249785395_0,75.0,66.98,66.86,65.9,-8.02
249785397_30438389_0,75.0,70.02,67.24,64.85,-4.98
249785397_249785396_0,75.0,67.41,64.09,65.6,-7.59
249785398_263701655_0,75.0,68.46,64.6,65.6,-6.54
249786696_249786699_0,75.0,59.54,58.27,58.85,-15.46
249786699_249786713_0,75.0,56.36,55.62,56.85,-18.64
249786699_3637551782_0,75.0,59.43,59.1,58.35,-15.57
249786713_1126848602_0,75.0,60.03,64.94,64.1,-14.97
249786718_249786727_0,75.0,60.02,60.98,60.92,-14.98
249786718_259483661_0,70.0,56.06,56.95,56.6,-13.94
249786727_915372100_0,75.0,61.97,62.73,63.38,-13.03
249786727_249786730_0,75.0,62.14,63.27,62.4,-12.86
249786730_915372100_0,75.0,64.17,58.53,64.83,-10.83
249786730_6297625031_0,75.0,64.62,58.09,62.95,-10.38
249788225_249788226_0,75.0,62.85,62.22,65.3,-12.15
249788226_248956777_0,75.0,62.63,63.55,64.8,-12.37
249788226_933317822_0,75.0,63.29,62.67,64.85,-11.71
249788230_34756893_0,75.0,62.9,64.39,64.45,-12.1
249788230_995592384_0,75.0,64.87,64.81,64.65,-10.13
249788233_249788234_0,75.0,63.87,60.51,65.7,-11.13
249788234_252820992_0,75.0,64.0,62.84,64.95,-11.0
249788234_933317779_0,75.0,63.76,62.86,64.55,-11.24
250164474_252750771_0,75.0,64.8,62.72,64.4,-10.2
250164474_250164517_0,70.0,61.3,62.94,62.8,-8.7
250164517_250166391_0,70.0,62.73,62.09,62.22,-7.27
250164517_1616939645_0,70.0,61.59,61.75,60.9,-8.41
250166391_1616939595_0,70.0,62.48,64.02,62.0,-7.52
250167881_1619562980_0,75.0,65.31,61.89,65.0,-9.69
250167881_250167890_0,65.0,61.03,60.19,59.35,-3.97
250167886_264520475_0,75.0,64.11,66.2,63.4,-10.89
250167886_245435814_0,75.0,67.74,66.41,65.15,-7.26
250167890_1619562976_0,65.0,61.0,60.54,58.35,-4.0
250167890_250171991_0,65.0,60.6,60.86,58.35,-4.4
250171968_250171979_0,80.0,67.19,63.49,65.0,-12.81
250171971_937768174_0,75.0,62.47,64.55,64.2,-12.53
250171971_3840917848_0,75.0,67.74,64.09,65.1,-7.26
250171979_1619562971_0,70.0,61.19,62.28,57.4,-8.81
250171979_1122581709_0,80.0,68.06,64.97,65.6,-11.94
250171991_1619562971_0,55.0,60.57,61.38,57.65,5.57
250171991_250171992_0,70.0,61.72,56.92,61.0,-8.28
250171992_3840917848_0,80.0,64.69,63.55,64.4,-15.31
250171992_250171968_0,80.0,63.73,61.94,64.3,-16.27
250175487_263711004_0,70.0,59.68,56.69,58.35,-10.32
250175487_250175512_0,75.0,64.4,61.68,60.4,-10.6
250175494_1619563007_0,65.0,59.46,58.55,59.1,-5.54
250175494_250175509_0,65.0,60.08,58.81,59.4,-4.92
250175509_263710860_0,70.0,60.9,62.44,61.0,-9.1
250175509_252751622_0,70.0,63.53,64.37,63.8,-6.47
250175512_250175535_0,75.0,64.41,60.07,62.15,-10.59
250175512_1619563002_0,70.0,59.93,60.06,57.95,-10.07
250175533_1619563002_0,65.0,59.67,60.58,59.55,-5.33
250175533_250175535_0,65.0,60.08,59.05,59.5,-4.92
250175535_263711003_0,75.0,66.09,66.13,65.0,-8.91
250177700_250177708_0,65.0,59.48,60.23,58.4,-5.52
250177700_1619563007_0,65.0,59.0,57.46,58.5,-6.0
250177708_250175494_0,65.0,59.71,59.2,58.0,-5.29
250177708_250177714_0,65.0,60.6,61.18,58.9,-4.4
250177714_1805265401_0,70.0,64.86,66.35,65.75,-5.14
252400935_2155382110_0,65.0,56.47,55.76,55.12,-8.53
252400935_5109959745_0,65.0,56.67,58.51,57.45,-8.33
252400937_243066400_0,65.0,56.71,61.95,58.73,-8.29
252400937_252400943_0,65.0,57.26,57.91,59.8,-7.74
252400938_252400943_0,65.0,57.41,57.11,56.95,-7.59
252400938_252400944_0,70.0,57.17,56.07,55.8,-12.83
252400939_265045272_0,65.0,56.53,55.93,57.05,-8.47
252400941_59747941_0,65.0,60.83,59.25,59.5,-4.17
252400941_264540549_0,70.0,57.43,60.99,60.5,-12.57
252400943_252400944_0,65.0,57.22,54.29,55.85,-7.78
252400943_252400937_0,65.0,57.26,57.98,59.8,-7.74
252400944_252400939_0,65.0,56.67,57.4,56.05,-8.33
252406056_252408906_0,70.0,57.11,58.42,57.65,-12.89
252406056_252406062_0,70.0,57.36,59.39,57.3,-12.64
252406062_252406056_0,70.0,57.36,59.39,57.3,-12.64
252406062_252406063_0,70.0,57.55,59.46,59.65,-12.45
252406063_1488473477_0,70.0,60.84,60.41,62.2,-9.16
252406064_252408903_0,70.0,56.93,56.31,55.4,-13.07
252406064_245394215_0,70.0,56.69,58.51,58.05,-13.31
252406071_941379629_0,75.0,62.06,61.32,60.05,-12.94
252406071_252406072_0,80.0,67.94,64.9,64.35,-12.06
252406072_250171971_0,80.0,62.46,64.03,64.0,-17.54
252406072_937768156_0,75.0,67.91,64.78,64.3,-7.09
252406078_1128031334_0,80.0,66.38,62.19,65.35,-13.62
252406078_675703759_0,80.0,64.18,62.87,65.5,-15.82
252406080_934030430_0,75.0,62.1,61.55,62.1,-12.9
252406080_598215642_0,75.0,63.16,61.63,62.55,-11.84
252406080_920361319_0,80.0,64.22,62.33,62.15,-15.78
252408903_245394222_0,70.0,56.83,56.55,55.95,-13.17
252408905_252406064_0,70.0,57.3,60.91,58.35,-12.7
252408906_245394214_0,70.0,57.82,61.78,57.85,-12.18
252408908_252406062_0,70.0,57.58,58.09,59.35,-12.42
252408908_252406063_0,70.0,61.02,55.66,60.35,-8.98
252408909_252408912_0,70.0,55.91,54.69,53.85,-14.09
252408909_245394218_0,70.0,55.94,54.89,56.15,-14.06
252408912_252408915_0,70.0,56.17,57.46,55.9,-13.83
252408915_252408917_0,70.0,56.18,55.07,53.9,-13.82
252408915_213564690_0,75.0,56.47,59.19,56.25,-18.53
252408916_245394219_0,70.0,56.6,57.64,57.2,-13.4
252408916_252408918_0,70.0,56.04,54.65,53.45,-13.96
252408917_252408916_0,70.0,56.76,57.81,57.7,-13.24
252408918_252408909_0,70.0,55.93,55.5,55.95,-14.07
252658057_252658059_0,75.0,57.5,64.03,61.35,-17.5
252658059_259485178_0,75.0,57.54,61.71,59.65,-17.46
252658059_1125481669_0,75.0,57.33,64.12,61.06,-17.67
252658062_252658064_0,75.0,57.67,66.37,60.36,-17.33
252658064_1125481685_0,75.0,57.82,64.02,61.25,-17.18
252658064_252658066_0,75.0,57.81,61.98,59.55,-17.19
252658066_259485174_0,75.0,58.42,62.16,62.5,-16.58
252658075_252658115_0,75.0,54.86,55.32,56.96,-20.14
252658075_915432910_0,75.0,56.3,52.59,55.6,-18.7
252658109_1493188376_0,75.0,51.14,47.28,47.45,-23.86
252658109_1493188329_0,75.0,51.09,50.23,47.7,-23.91
252658115_252658075_0,75.0,54.86,55.32,56.96,-20.14
252658115_915416074_0,65.0,53.47,53.79,52.3,-11.53
252658115_1311723196_0,75.0,53.29,52.04,51.95,-21.71
252736364_252658062_0,75.0,58.77,61.89,61.3,-16.23
252736364_1125481680_0,75.0,59.6,60.05,61.8,-15.4
252750771_30389431_0,75.0,65.86,67.3,65.55,-9.14
252751620_249350114_0,75.0,61.6,64.69,63.35,-13.4
252751620_263708650_0,75.0,65.08,64.67,64.65,-9.92
252751622_250175494_0,65.0,60.93,58.94,58.4,-4.07
252751622_250177714_0,70.0,64.61,65.33,64.95,-5.39
252756454_248808645_0,65.0,57.62,55.18,55.3,-7.38
252756460_248808666_0,65.0,58.25,58.11,57.55,-6.75
252756480_248920797_0,75.0,63.24,59.75,62.85,-11.76
252756480_3847861549_0,75.0,64.62,61.0,62.85,-10.38
252820986_249788233_0,75.0,62.2,63.1,65.1,-12.8
252820986_933317794_0,75.0,63.21,64.54,64.85,-11.79
252820992_933299390_0,75.0,65.15,62.14,64.1,-9.85
252822776_1126848554_0,75.0,61.65,63.14,64.7,-13.35
253535501_249311541_0,75.0,68.84,66.16,65.35,-6.16
253535501_252751620_0,75.0,66.68,66.34,65.3,-8.32
253535849_249078322_0,75.0,68.3,68.54,66.15,-6.7
253535849_249078317_0,70.0,63.2,63.41,65.6,-6.8
253535857_249083586_0,70.0,64.7,69.34,69.6,-5.3
253554277_249082631_0,65.0,60.9,68.28,67.85,-4.1
253554280_199457134_0,60.0,59.82,65.51,64.7,-0.18
254103484_6297625031_0,75.0,66.68,59.35,63.25,-8.32
254103484_248956765_0,75.0,66.63,63.27,63.5,-8.37
256128776_1320176409_0,75.0,57.99,57.11,57.45,-17.01
256128776_471333125_0,70.0,61.8,63.44,64.0,-8.2
256128778_941293395_0,75.0,63.84,68.51,64.95,-11.16
256128778_626874389_0,75.0,64.09,62.8,64.85,-10.91
256133325_249077635_0,75.0,67.62,66.17,65.7,-7.38
256133325_249077682_0,75.0,63.49,64.05,67.15,-11.51
256133351_8900735178_0,70.0,56.53,57.07,61.85,-13.47
256133351_256133360_0,70.0,56.28,67.25,62.25,-13.72
256133360_459515669_0,70.0,56.17,68.48,68.05,-13.83
256133360_256133351_0,70.0,56.28,67.25,62.25,-13.72
256133369_459515669_0,75.0,62.84,66.12,68.5,-12.16
256170095_59754260_0,65.0,58.83,55.86,58.65,-6.17
256170164_264537243_0,75.0,63.3,61.32,61.7,-11.7
256170164_256170095_0,70.0,59.3,58.52,59.62,-10.7
256621266_1123743274_0,75.0,64.82,67.41,63.9,-10.18
256621266_297339921_0,75.0,60.91,66.01,63.75,-14.09
256925867_296483955_0,75.0,68.68,66.92,65.65,-6.32
256937053_263359509_0,75.0,63.31,61.4,63.4,-11.69
256937053_30389514_0,75.0,66.65,65.67,64.1,-8.35
256937055_263359432_0,75.0,64.77,63.97,63.1,-10.23
256937055_263343574_0,75.0,62.17,65.23,64.9,-12.83
256943825_260553208_0,60.0,63.55,67.07,62.65,3.55
257886204_1122581688_0,75.0,65.32,64.64,65.0,-9.68
257886724_2229051219_0,70.0,62.66,60.94,60.9,-7.34
257886724_265566089_0,65.0,57.37,62.02,58.48,-7.63
257886803_1122581651_0,70.0,65.59,62.27,66.15,-4.41
257887571_473833157_0,45.0,60.07,65.11,63.05,15.07
257887709_41346061_0,45.0,60.1,64.62,65.6,15.1
258371201_1387590541_0,60.0,56.66,62.97,64.51,-3.34
258371201_473832161_0,55.0,61.88,65.4,62.75,6.88
258371206_2985726151_0,65.0,53.29,61.19,55.45,-11.71
258371206_258371208_0,65.0,50.27,44.1,49.2,-14.73
258956968_265566076_0,75.0,63.96,67.23,62.15,-11.04
258956968_264545025_0,70.0,59.15,63.95,60.5,-10.85
259441540_560551865_0,60.0,47.01,55.25,55.53,-12.99
259441540_11901251844_0,60.0,44.51,59.01,54.45,-15.49
259441545_259441540_0,60.0,46.68,54.88,55.58,-13.32
259441545_560551865_0,60.0,47.13,50.2,54.45,-12.87
259441564_259441545_0,60.0,46.63,51.57,54.73,-13.37
259441569_259441564_0,55.0,46.71,51.18,55.48,-8.29
259441576_259441569_0,55.0,46.72,54.51,55.33,-8.28
259474515_30389433_0,70.0,60.43,62.08,61.05,-9.57
259474515_259474524_0,75.0,64.61,62.29,61.95,-10.39
259474520_259474521_0,75.0,66.68,64.15,66.55,-8.32
259474520_30575307_0,80.0,65.32,62.07,66.05,-14.68
259474521_30389407_0,80.0,64.51,65.14,65.5,-15.49
259474521_259474515_0,75.0,66.22,62.06,66.2,-8.78
259474524_356899305_0,80.0,65.43,62.14,61.3,-14.57
259474527_248951005_0,75.0,57.28,56.37,57.9,-17.72
259474527_263695624_0,80.0,60.35,56.35,57.05,-19.65
259474530_942629435_0,80.0,62.44,63.58,65.15,-17.56
259474530_30438740_0,80.0,66.63,68.22,64.35,-13.37
259474533_263699273_0,75.0,57.2,60.35,57.2,-17.8
259474533_263699249_0,70.0,57.25,60.53,57.05,-12.75
259474533_1033276578_0,80.0,62.4,65.41,64.78,-17.6
259476133_248951008_0,75.0,59.36,59.21,60.2,-15.64
259476133_30438461_0,70.0,62.91,61.93,63.4,-7.09
259476134_30438555_0,75.0,61.49,62.7,63.25,-13.51
259476134_259476133_0,70.0,62.25,62.76,63.9,-7.75
259476135_259476134_0,70.0,62.84,62.26,63.7,-7.16
259476135_30438724_0,70.0,61.23,61.03,63.05,-8.77
259476733_34746453_0,75.0,62.98,63.15,60.9,-12.02
259476733_30438569_0,75.0,64.43,62.24,64.05,-10.57
259476739_1495733069_0,75.0,61.66,62.34,60.6,-13.34
259483661_3637551789_0,75.0,59.36,58.66,59.32,-15.64
259483689_264106188_0,75.0,61.92,61.98,63.6,-13.08
259483693_259483720_0,70.0,56.69,56.23,55.6,-13.31
259483693_265034227_0,70.0,59.46,57.91,60.16,-10.54
259483703_1267575530_0,75.0,58.18,60.4,61.35,-16.82
259483703_5954403023_0,75.0,54.71,56.4,58.8,-20.29
259483720_1267576344_0,75.0,60.56,56.58,59.74,-14.44
259483720_1267576053_0,75.0,57.04,56.62,55.55,-17.96
259483721_292562679_0,70.0,56.85,54.85,56.7,-13.15
259483721_252822776_0,75.0,60.93,58.43,59.72,-14.07
259485153_265034216_0,75.0,59.25,63.5,60.96,-15.75
259485153_1125481680_0,75.0,59.0,61.27,60.15,-16.0
259485160_259485171_0,75.0,56.21,60.03,58.4,-18.79
259485160_1125481669_0,80.0,57.17,66.44,61.12,-22.83
259485171_717885416_0,75.0,57.25,61.12,59.58,-17.75
259485174_1125481664_0,75.0,58.27,63.05,62.55,-16.73
259485174_252658057_0,75.0,57.44,62.55,59.95,-17.56
259485178_252736364_0,75.0,59.34,64.34,62.0,-15.66
260300602_762058828_0,65.0,56.25,58.35,57.5,-8.75
260300602_264537420_0,70.0,59.6,60.38,59.7,-10.4
260300604_260300607_0,70.0,60.68,59.39,59.5,-9.32
260300607_265565989_0,65.0,56.7,58.51,57.02,-8.3
260300607_265566015_0,70.0,60.35,57.38,59.1,-9.65
260300608_265566000_0,75.0,65.02,62.66,64.8,-9.98
260300608_960117096_0,75.0,66.07,64.4,64.8,-8.93
260300608_264545006_0,70.0,61.71,64.01,63.95,-8.29
260300617_260300602_0,75.0,59.55,60.05,59.75,-15.45
260300617_1314648976_0,70.0,58.61,62.8,59.7,-11.39
260300617_302909483_0,75.0,56.78,58.42,58.05,-18.22
260548235_265043689_0,75.0,63.18,56.97,59.59,-11.82
260548847_260548855_0,75.0,65.24,66.66,64.05,-9.76
260548847_3957076698_0,75.0,63.12,64.54,63.9,-11.88
260548849_1001486119_0,75.0,65.65,59.4,64.55,-9.35
260548849_260548847_0,75.0,65.65,65.23,65.05,-9.35
260548851_939099173_0,75.0,66.17,62.54,65.45,-8.83
260548855_1001486119_0,75.0,69.46,68.48,64.45,-5.54
260550732_265040836_0,75.0,57.56,61.52,60.25,-17.44
260550732_625896287_0,75.0,63.09,63.37,63.57,-11.91
260550733_265040864_0,70.0,57.47,61.56,61.8,-12.53
260550733_260551155_0,70.0,61.86,59.19,62.08,-8.14
260551155_3744164558_0,70.0,60.75,60.93,60.45,-9.25
260551158_984073241_0,70.0,59.97,61.91,62.68,-10.03
260553208_1123742304_0,75.0,64.75,65.79,64.95,-10.25
260553208_260553209_0,75.0,62.52,66.93,64.95,-12.48
260553209_410439782_0,75.0,61.19,63.8,64.5,-13.81
260553209_12729346769_0,75.0,61.16,63.82,64.55,-13.84
260611653_260611654_0,55.0,56.91,59.76,55.35,1.91
260611654_260611655_0,55.0,56.81,64.25,55.55,1.81
260611655_260611656_0,55.0,56.79,62.86,55.4,1.79
260611655_5372364825_0,50.0,56.5,60.78,55.6,6.5
260611656_260611653_0,50.0,56.78,63.75,55.55,6.78
260611656_213598463_0,50.0,55.54,60.23,55.15,5.54
260806298_263689625_0,65.0,57.43,56.58,55.1,-7.57
260806298_263689624_0,65.0,58.17,61.73,58.0,-6.83
263226734_264548463_0,70.0,62.61,62.96,63.6,-7.39
263226734_960117096_0,75.0,64.83,64.04,62.95,-10.17
263238664_58850732_0,70.0,60.61,56.72,58.1,-9.39
263238664_2051933144_0,70.0,61.46,60.49,59.6,-8.54
263242706_303680533_0,70.0,63.83,64.83,62.6,-6.17
263268495_297333621_0,75.0,61.07,58.39,57.75,-13.93
263268495_297333630_0,70.0,57.75,57.43,57.55,-12.25
263268496_4581306546_0,60.0,65.51,63.3,63.6,5.51
263268496_366879564_0,70.0,61.57,61.15,63.09,-8.43
263268789_297339978_0,75.0,65.56,63.62,64.3,-9.44
263268789_263268496_0,75.0,63.0,62.59,64.5,-12.0
263301822_264103260_0,80.0,62.47,62.29,61.35,-17.53
263301822_933975851_0,80.0,61.63,62.31,61.75,-18.37
263301826_263301841_0,70.0,57.4,65.29,62.35,-12.6
263301826_263313586_0,70.0,61.22,62.7,62.45,-8.78
263301830_59749783_0,70.0,61.15,62.09,62.15,-8.85
263301830_41145966_0,65.0,56.95,60.43,59.05,-8.05
263301837_263313645_0,70.0,59.18,60.32,61.65,-10.82
263301837_287946846_0,80.0,64.77,60.17,62.1,-15.23
263301841_263313632_0,70.0,57.59,60.37,59.95,-12.41
263313558_675703799_0,75.0,65.31,64.38,65.25,-9.69
263313582_1619563016_0,75.0,66.82,64.14,65.4,-8.18
263313586_934038226_0,70.0,62.41,59.31,61.15,-7.59
263313588_263313586_0,70.0,58.16,62.13,60.75,-11.84
263313588_263313629_0,70.0,57.21,58.6,57.55,-12.79
263313592_263313588_0,65.0,57.23,57.21,58.25,-7.77
263313596_263313592_0,65.0,57.64,58.85,58.75,-7.36
263313596_263313645_0,70.0,58.24,59.8,59.05,-11.76
263313600_263313636_0,70.0,57.29,58.41,58.9,-12.71
263313600_263313604_0,80.0,62.22,61.45,60.8,-17.78
263313600_223471772_0,75.0,62.21,62.22,61.85,-12.79
263313604_263313600_0,80.0,62.22,61.45,60.8,-17.78
263313604_264103260_0,80.0,62.22,60.82,60.9,-17.78
263313614_263313604_0,70.0,57.71,60.12,57.8,-12.29
263313614_263313636_0,65.0,57.0,54.5,57.1,-8.0
263313629_263313614_0,65.0,57.18,56.06,57.82,-7.82
263313629_263301841_0,70.0,56.98,61.49,57.62,-13.02
263313632_263313614_0,65.0,56.93,55.16,57.35,-8.07
263313632_263301822_0,75.0,57.69,63.24,60.65,-17.31
263313636_263313592_0,70.0,57.05,55.36,57.45,-12.95
263313645_263313588_0,70.0,57.77,58.98,57.8,-12.23
263324310_223471772_0,70.0,60.81,62.7,59.65,-9.19
263324310_623550711_0,65.0,56.94,61.35,59.5,-8.06
263324310_263324314_0,75.0,60.46,57.71,58.25,-14.54
263324314_264103279_0,65.0,57.14,59.72,58.55,-7.86
263324314_263324310_0,75.0,60.46,57.71,58.25,-14.54
263324314_942076365_0,75.0,60.43,58.63,59.1,-14.57
263324325_265027004_0,65.0,59.89,63.16,60.75,-5.11
263324325_265027002_0,75.0,61.39,63.75,60.25,-13.61
263324325_934030443_0,75.0,61.58,67.05,60.55,-13.42
263326050_3810981241_0,75.0,59.25,61.7,60.9,-15.75
263326050_264103296_0,75.0,63.33,61.88,63.85,-11.67
263326054_264103290_0,70.0,59.48,61.55,59.05,-10.52
263326079_5272477533_0,70.0,60.37,63.25,60.75,-9.63
263326086_265560576_0,70.0,61.02,60.07,59.0,-8.98
263326094_263326086_0,70.0,60.23,59.87,58.75,-9.77
263336564_715886092_0,70.0,64.35,60.64,65.45,-5.65
263336591_263336637_0,70.0,62.89,63.06,63.9,-7.11
263336591_1246618732_0,70.0,64.51,62.23,64.1,-5.49
263336601_263336591_0,70.0,64.74,62.23,64.1,-5.26
263336601_12383365294_0,55.0,59.67,64.44,64.5,4.67
263336603_263336601_0,70.0,65.08,62.88,65.35,-4.92
263336619_923356370_0,70.0,61.53,61.6,61.15,-8.47
263336621_263336603_0,70.0,64.79,64.37,63.8,-5.21
263336621_297521626_0,70.0,64.99,63.74,64.95,-5.01
263336637_960205601_0,70.0,62.91,64.21,62.8,-7.09
263336735_263336784_0,75.0,68.17,61.18,64.85,-6.83
263336735_249245951_0,75.0,66.68,61.16,64.9,-8.32
263336765_263336769_0,75.0,65.34,65.47,64.55,-9.66
263336769_421412407_0,75.0,60.15,64.71,63.88,-14.85
263336769_297521594_0,75.0,65.26,66.42,65.65,-9.74
263336775_263336781_0,75.0,65.31,62.19,63.55,-9.69
263336775_7388401932_0,65.0,63.71,59.02,64.15,-1.29
263336781_1328388879_0,75.0,65.87,60.27,65.15,-9.13
263336784_421426433_0,70.0,65.35,63.37,64.0,-4.65
263336784_420831388_0,75.0,64.81,61.42,62.95,-10.19
263336794_923356367_0,65.0,61.99,64.27,66.65,-3.01
263336794_9879644754_0,75.0,64.55,65.85,66.3,-10.45
263336799_805485272_0,45.0,63.45,69.98,65.0,18.45
263336804_263336799_0,75.0,62.85,65.86,66.6,-12.15
263336804_974940017_0,75.0,62.84,65.54,66.15,-12.16
263340813_263340815_0,70.0,67.21,76.86,68.6,-2.79
263340815_263340819_0,70.0,66.86,68.88,64.42,-3.14
263340815_2018982035_0,70.0,58.9,70.45,66.35,-11.1
263340815_249502450_0,75.0,61.14,73.98,68.1,-13.86
263340819_6469490509_0,75.0,61.85,65.63,63.6,-13.15
263340819_1307609344_0,75.0,61.73,65.04,63.6,-13.27
263340819_263340821_0,70.0,67.58,67.05,66.9,-2.42
263340821_974940017_0,75.0,65.12,66.62,66.45,-9.88
263340821_263336794_0,75.0,64.93,66.36,66.75,-10.07
263340830_263340832_0,75.0,64.64,67.2,66.2,-10.36
263340832_9879636615_0,75.0,63.03,63.61,66.85,-11.97
263340832_263340835_0,75.0,65.1,67.46,66.55,-9.9
263340835_263340821_0,75.0,63.81,65.72,67.0,-11.19
263340835_1792237317_0,75.0,65.19,64.13,66.6,-9.81
263340840_3771895440_0,60.0,57.74,64.88,68.5,-2.26
263340840_249502450_0,70.0,65.25,70.73,67.45,-4.75
263343574_263343583_0,75.0,62.34,64.61,64.55,-12.66
263343574_263359510_0,70.0,60.18,60.53,61.0,-9.82
263343579_263343583_0,70.0,59.97,60.27,61.15,-10.03
263343579_213757139_0,75.0,66.32,63.46,64.05,-8.68
263343583_263343591_0,75.0,61.85,65.12,63.7,-13.15
263343587_263343579_0,75.0,65.72,61.83,63.65,-9.28
263343591_263343587_0,65.0,58.05,62.38,63.2,-6.95
263343591_59757541_0,75.0,61.32,62.85,62.05,-13.68
263343596_59757546_0,75.0,65.17,62.11,63.45,-9.83
263343600_263343596_0,65.0,59.55,64.51,62.55,-5.45
263343600_263343604_0,75.0,62.27,62.76,63.15,-12.73
263343602_263343604_0,70.0,60.32,64.32,63.0,-9.68
263343602_354615121_0,75.0,66.36,63.0,63.1,-8.64
263345725_30389514_0,70.0,60.71,62.54,61.9,-9.29
263345725_256937055_0,75.0,64.22,65.97,63.45,-10.78
263345727_263345725_0,70.0,62.15,64.72,62.25,-7.85
263345727_249707305_0,75.0,68.41,65.0,65.4,-6.59
263345734_59750420_0,75.0,66.18,64.32,63.4,-8.82
263345734_263345735_0,70.0,60.37,65.33,62.3,-9.63
263345735_30438384_0,75.0,63.47,65.01,63.0,-11.53
263345735_263345737_0,70.0,62.13,64.28,63.25,-7.87
263345737_3731144656_0,75.0,66.95,64.9,65.45,-8.05
263359413_263359432_0,70.0,60.29,62.88,60.8,-9.71
263359413_263343574_0,70.0,60.17,60.99,61.0,-9.83
263359432_243465475_0,75.0,65.84,67.4,64.45,-9.16
263359438_223449128_0,70.0,57.75,51.03,53.45,-12.25
263359509_256937055_0,75.0,63.89,63.07,63.1,-11.11
263359509_263359510_0,65.0,59.52,65.08,59.9,-5.48
263359510_213757139_0,70.0,60.1,61.22,62.05,-9.9
263361371_266327993_0,70.0,59.87,60.7,61.55,-10.13
263361371_213564615_0,75.0,61.99,64.86,61.75,-13.01
263361398_263691787_0,65.0,59.0,63.78,58.75,-6.0
263361398_263361434_0,70.0,60.53,64.83,61.5,-9.47
263361434_263691787_0,65.0,58.75,62.04,59.45,-6.25
263361434_263691805_0,70.0,60.38,64.93,61.0,-9.62
263361469_263361477_0,75.0,63.7,64.98,64.1,-11.3
263361469_1246618391_0,75.0,64.09,64.75,64.3,-10.91
263361477_259474520_0,75.0,66.48,66.28,66.15,-8.52
263373092_41430205_0,75.0,62.71,74.89,67.75,-12.29
263373093_9548099829_0,75.0,64.1,58.24,62.25,-10.9
263373127_296407029_0,75.0,63.14,65.83,66.14,-11.86
263689601_6382006384_0,75.0,61.95,62.25,61.25,-13.05
263689601_263689625_0,70.0,57.28,60.0,56.35,-12.72
263689601_263689619_0,75.0,60.89,62.87,59.6,-14.11
263689603_469199902_0,65.0,56.5,54.11,55.5,-8.5
263689603_263689604_0,65.0,57.41,59.09,57.35,-7.59
263689603_469199899_0,65.0,56.33,55.41,55.95,-8.67
263689604_3325089275_0,65.0,58.65,60.08,60.7,-6.35
263689609_30575332_0,75.0,62.65,59.09,62.9,-12.35
263689609_263689604_0,65.0,57.95,58.09,58.75,-7.05
263689610_263689613_0,65.0,58.08,57.75,60.35,-6.92
263689610_3325089275_0,75.0,67.45,65.13,64.3,-7.55
263689613_263689603_0,65.0,57.06,56.45,56.1,-7.94
263689614_263689617_0,65.0,57.25,55.62,57.7,-7.75
263689614_3325093687_0,70.0,57.66,58.31,60.3,-12.34
263689615_8270783324_0,70.0,58.48,63.05,59.4,-11.52
263689615_263703333_0,75.0,63.33,63.58,61.35,-11.67
263689617_263689613_0,65.0,57.29,56.67,55.65,-7.71
263689618_263689617_0,65.0,56.56,56.42,54.6,-8.44
263689618_30438695_0,65.0,56.59,54.11,55.85,-8.41
263689619_263695716_0,75.0,60.2,61.15,59.3,-14.8
263689619_469199903_0,70.0,56.12,58.16,56.6,-13.88
263689619_527881478_0,70.0,55.97,60.96,55.35,-14.03
263689619_263689601_0,75.0,60.89,62.87,59.6,-14.11
263689620_459507531_0,70.0,61.08,64.14,59.75,-8.92
263689620_3325093687_0,80.0,65.93,63.74,61.45,-14.07
263689623_260806298_0,65.0,57.51,55.89,55.6,-7.49
263689623_30438408_0,65.0,58.03,60.77,59.0,-6.97
263689624_6382006384_0,75.0,62.44,61.78,60.9,-12.56
263689624_263695650_0,65.0,57.96,59.9,58.1,-7.04
263689624_59756401_0,75.0,62.61,62.05,60.85,-12.39
263689625_30438695_0,70.0,56.72,55.35,54.55,-13.28
263691787_263691788_0,65.0,59.15,59.16,58.35,-5.85
263691788_9905854853_0,65.0,59.38,66.01,60.8,-5.62
263691788_982624706_0,70.0,59.28,64.11,60.6,-10.72
263691789_942356308_0,70.0,60.77,62.77,60.5,-9.23
263691789_263691805_0,65.0,61.11,64.74,60.55,-3.89
263691793_679408571_0,75.0,64.64,63.45,64.7,-10.36
263691793_1246618391_0,80.0,67.78,66.9,65.9,-12.22
263691794_30438732_0,80.0,68.26,66.3,65.75,-11.74
263691798_4902045743_0,65.0,62.05,67.04,63.75,-2.95
263691805_30438348_0,65.0,61.34,61.38,62.1,-3.66
263691808_4902045743_0,70.0,62.04,64.66,63.9,-7.96
263691808_4819041555_0,65.0,59.35,66.35,60.85,-5.65
263693380_249093257_0,70.0,60.7,59.41,58.95,-9.3
263693390_263693418_0,70.0,61.1,60.07,61.15,-8.9
263693390_30575433_0,75.0,60.94,59.01,60.3,-14.06
263693418_1146410468_0,70.0,61.0,60.95,59.85,-9.0
263695617_263695618_0,65.0,55.15,52.4,49.22,-9.85
263695618_263695617_0,70.0,54.63,51.84,49.25,-15.37
263695623_5129353711_0,70.0,56.25,56.57,58.0,-13.75
263695624_263695623_0,75.0,56.6,55.42,54.6,-18.4
263695624_263695675_0,75.0,62.79,63.98,64.75,-12.21
263695626_259474527_0,65.0,56.42,56.82,57.1,-8.58
263695628_259474530_0,75.0,65.09,67.02,64.65,-9.91
263695629_263695636_0,65.0,55.03,51.99,51.0,-9.97
263695629_263695641_0,70.0,55.43,53.15,55.3,-14.57
263695636_263695629_0,70.0,55.87,54.1,52.7,-14.13
263695637_263695636_0,65.0,55.27,51.0,52.7,-9.73
263695637_263695641_0,65.0,55.65,54.85,57.7,-9.35
263695639_263695672_0,80.0,61.59,64.64,63.07,-18.41
263695639_263695668_0,70.0,57.25,60.94,58.82,-12.75
263695640_4663069112_0,80.0,61.39,63.21,63.3,-18.61
263695640_939084185_0,75.0,58.32,57.65,61.28,-16.68
263695641_263695654_0,65.0,55.99,56.55,58.35,-9.01
263695641_263695640_0,70.0,57.73,63.42,62.2,-12.27
263695643_8246104543_0,65.0,55.02,52.99,50.2,-9.98
263695648_263695714_0,65.0,55.35,56.98,56.25,-9.65
263695649_263695703_0,70.0,58.58,62.86,58.85,-11.42
263695649_59756401_0,75.0,62.53,61.44,60.6,-12.47
263695650_263695699_0,65.0,57.61,58.38,58.05,-7.39
263695650_263695652_0,65.0,57.15,61.89,58.3,-7.85
263695652_263695653_0,70.0,55.61,61.49,58.2,-14.39
263695653_263695629_0,60.0,55.0,55.01,54.95,-5.0
263695653_263695648_0,65.0,55.14,54.52,54.35,-9.86
263695654_263695653_0,65.0,55.66,56.21,57.4,-9.34
263695654_7492394040_0,65.0,55.36,53.3,54.55,-9.64
263695667_263695668_0,65.0,55.77,55.53,57.65,-9.23
263695667_263695674_0,65.0,55.55,54.21,56.85,-9.45
263695667_263695626_0,65.0,55.81,55.89,57.55,-9.19
263695668_263695637_0,70.0,55.65,53.29,54.88,-14.35
263695672_259474527_0,80.0,61.17,62.03,62.82,-18.83
263695672_263695667_0,70.0,56.9,57.38,57.78,-13.1
263695674_263695684_0,70.0,55.16,55.6,57.8,-14.84
263695675_919729666_0,80.0,62.74,63.87,65.05,-17.26
263695675_263695676_0,70.0,57.41,60.82,62.0,-12.59
263695676_263695623_0,65.0,57.97,54.85,60.0,-7.03
263695676_919729654_0,65.0,58.68,60.69,62.65,-6.32
263695677_5129353711_0,55.0,54.71,59.01,57.2,-0.29
263695677_263695676_0,65.0,55.91,53.61,57.58,-9.09
263695679_263699250_0,75.0,64.7,65.16,63.55,-10.3
263695684_12085037840_0,70.0,53.74,52.62,50.05,-16.26
263695684_263695618_0,70.0,54.75,52.33,50.2,-15.25
263695697_263699263_0,75.0,66.1,65.54,65.2,-8.9
263695698_263695700_0,60.0,60.24,62.04,60.35,0.24
263695698_919729655_0,65.0,59.64,61.04,60.35,-5.36
263695699_263695702_0,65.0,57.94,58.6,57.2,-7.06
263695699_4675611391_0,65.0,57.76,61.1,57.8,-7.24
263695700_919718443_0,70.0,60.81,61.95,60.65,-9.19
263695702_248922785_0,70.0,58.32,62.37,58.25,-11.68
263695702_4674536487_0,65.0,58.28,59.94,56.8,-6.72
263695703_263695702_0,65.0,58.12,58.48,58.5,-6.88
263695703_263695650_0,70.0,58.2,61.06,59.05,-11.8
263695712_4674536487_0,70.0,58.9,60.46,58.1,-11.1
263695712_248922785_0,70.0,62.46,67.38,60.35,-7.54
263695714_263695652_0,65.0,55.75,53.95,53.98,-9.25
263695714_527881474_0,70.0,55.87,53.84,54.72,-14.13
263695716_263689619_0,75.0,60.2,61.15,59.3,-14.8
263695716_469199900_0,75.0,60.75,61.62,59.4,-14.25
263698416_263698417_0,70.0,58.68,57.52,56.34,-11.32
263698416_263698430_0,70.0,58.34,58.13,56.9,-11.66
263698417_942629440_0,65.0,58.09,56.35,55.84,-6.91
263698417_263698430_0,70.0,58.28,57.69,55.81,-11.72
263698419_263698421_0,65.0,57.84,55.63,55.25,-7.16
263698421_263698493_0,60.0,58.11,55.98,57.3,-1.89
263698421_263698423_0,65.0,57.49,54.84,56.1,-7.51
263698423_296465806_0,65.0,57.41,58.62,58.28,-7.59
263698423_263698426_0,65.0,57.18,52.7,55.45,-7.82
263698426_263698506_0,65.0,56.6,53.19,55.05,-8.4
263698426_263698427_0,70.0,57.17,54.59,55.4,-12.83
263698427_263698506_0,65.0,57.2,53.74,55.9,-7.8
263698427_2383568494_0,70.0,57.53,56.85,57.05,-12.47
263698430_263698431_0,70.0,57.13,56.96,56.09,-12.87
263698431_263698462_0,70.0,56.52,50.67,54.25,-13.48
263698431_263698432_0,70.0,56.41,49.98,54.05,-13.59
263698432_263698462_0,70.0,56.74,52.11,57.87,-13.26
263698432_263698434_0,70.0,57.03,54.86,57.7,-12.97
263698434_263698499_0,60.0,56.28,53.01,52.79,-3.72
263698434_263698435_0,70.0,58.01,55.88,57.14,-11.99
263698434_263698432_0,70.0,57.03,54.86,57.7,-12.97
263698435_30438680_0,75.0,64.04,61.53,60.42,-10.96
263698435_263698434_0,70.0,58.01,55.88,57.14,-11.99
263698440_1119872215_0,65.0,56.08,52.1,54.65,-8.92
263698440_263698458_0,65.0,56.3,57.33,58.55,-8.7
263698445_263698447_0,65.0,56.04,57.72,56.9,-8.96
263698445_263698458_0,65.0,56.24,59.21,58.65,-8.76
263698447_296409883_0,65.0,56.08,58.78,57.61,-8.92
263698447_263698449_0,65.0,56.68,58.47,56.0,-8.32
263698449_296416233_0,65.0,56.68,58.95,58.35,-8.32
263698449_263698451_0,65.0,56.71,57.79,56.35,-8.29
263698451_296416237_0,65.0,56.95,64.7,62.07,-8.05
263698451_296416233_0,65.0,56.52,60.82,57.61,-8.48
263698453_263698492_0,75.0,57.97,62.7,64.23,-17.03
263698453_1115015916_0,75.0,64.02,62.88,63.78,-10.98
263698454_263698447_0,65.0,55.95,53.84,55.95,-9.05
263698454_263698445_0,65.0,56.16,57.64,58.5,-8.84
263698458_263698459_0,65.0,55.81,53.5,53.15,-9.19
263698458_263698445_0,65.0,56.24,59.21,58.65,-8.76
263698459_263698465_0,65.0,55.79,54.49,53.85,-9.21
263698459_1119872215_0,65.0,55.86,53.29,53.7,-9.14
263698462_263698432_0,70.0,56.74,52.11,57.87,-13.26
263698462_263698440_0,65.0,56.77,56.21,58.0,-8.23
263698465_263698474_0,65.0,57.01,57.99,56.65,-7.99
263698474_263698475_0,65.0,58.81,60.13,57.45,-6.19
263698475_263698476_0,65.0,58.91,58.66,59.7,-6.09
263698475_263698514_0,65.0,58.43,60.17,57.7,-6.57
263698476_287566623_0,70.0,58.68,61.3,60.5,-11.32
263698478_30438719_0,75.0,65.61,71.06,66.1,-9.39
263698478_937805408_0,75.0,63.12,70.0,65.75,-11.88
263698482_421362367_0,70.0,58.52,67.92,65.48,-11.48
263698482_263698484_0,75.0,62.29,64.72,65.58,-12.71
263698484_296954718_0,75.0,63.0,67.54,66.1,-12.0
263698484_965823917_0,75.0,63.73,64.75,62.55,-11.27
263698487_937805408_0,75.0,61.35,62.52,65.35,-13.65
263698487_263698484_0,75.0,65.78,63.12,64.9,-9.22
263698492_263698453_0,75.0,57.97,62.7,64.23,-17.03
263698492_296407062_0,75.0,57.46,61.07,61.53,-17.54
263698492_296416237_0,70.0,57.35,65.07,63.13,-12.65
263698493_263698421_0,60.0,58.09,55.55,57.3,-1.91
263698493_274103534_0,70.0,58.14,58.67,59.32,-11.86
263698497_942629440_0,65.0,57.97,54.72,54.5,-7.03
263698497_263698419_0,65.0,57.95,55.14,54.15,-7.05
263698499_263698497_0,65.0,57.05,54.87,54.49,-7.95
263698506_263698499_0,65.0,56.13,53.6,54.25,-8.87
263698514_263698416_0,70.0,58.57,59.34,59.8,-11.43
263699241_263699266_0,65.0,58.14,59.1,56.06,-6.86
263699241_263699256_0,65.0,57.58,55.48,55.34,-7.42
263699242_263699276_0,75.0,66.55,63.24,61.85,-8.45
263699244_296943745_0,80.0,60.77,64.49,60.0,-19.23
263699244_942629434_0,80.0,57.67,58.31,57.95,-22.33
263699245_263699274_0,65.0,56.87,55.15,56.2,-8.13
263699245_263699249_0,65.0,57.18,52.73,55.92,-7.82
263699246_263695679_0,70.0,59.07,63.24,63.1,-10.93
263699246_263699265_0,65.0,58.21,53.44,59.9,-6.79
263699248_263699242_0,75.0,66.63,63.99,62.75,-8.37
263699249_263699264_0,65.0,57.45,57.66,56.22,-7.55
263699250_263699245_0,65.0,57.54,53.06,59.15,-7.46
263699250_263695628_0,75.0,64.47,61.11,62.95,-10.53
263699256_263699246_0,65.0,57.99,49.91,56.8,-7.01
263699256_263699516_0,65.0,58.03,55.93,57.75,-6.97
263699260_263699256_0,65.0,57.93,58.78,56.36,-7.07
263699260_263699266_0,65.0,58.39,57.68,55.78,-6.61
263699262_263699260_0,65.0,59.23,58.35,58.8,-5.77
263699262_263699268_0,60.0,59.2,58.7,58.6,-0.8
263699263_263699262_0,70.0,59.54,60.45,59.35,-10.46
263699263_263699526_0,75.0,65.72,64.93,64.9,-9.28
263699264_263699265_0,65.0,57.35,57.88,55.92,-7.65
263699264_263699241_0,65.0,57.58,58.19,56.02,-7.42
263699265_263699245_0,65.0,57.3,51.45,59.6,-7.7
263699266_263699270_0,65.0,58.8,57.65,58.35,-6.2
263699268_263699270_0,65.0,58.9,60.31,58.25,-6.1
263699270_248922159_0,65.0,59.05,61.01,58.8,-5.95
263699272_263699268_0,65.0,60.2,64.27,60.1,-4.8
263699272_263695697_0,75.0,66.22,63.28,65.15,-8.78
263699273_263699274_0,65.0,56.86,57.52,57.24,-8.14
263699274_263699244_0,65.0,56.93,63.7,58.9,-8.07
263699276_248922159_0,75.0,64.18,63.45,64.55,-10.82
263699276_6249745383_0,75.0,67.08,65.16,64.05,-7.92
263699507_263695679_0,75.0,65.41,64.84,64.15,-9.59
263699507_1124792383_0,75.0,59.4,65.35,63.65,-15.6
263699516_263699507_0,65.0,58.77,60.88,59.3,-6.23
263699516_263699526_0,65.0,59.15,60.08,59.25,-5.85
263699526_1062619986_0,75.0,60.41,60.43,61.05,-14.59
263699526_263699507_0,75.0,65.26,63.2,64.1,-9.74
263700451_263701605_0,75.0,64.9,65.66,64.35,-10.1
263700451_263700461_0,75.0,68.02,66.13,65.55,-6.98
263700461_30438607_0,80.0,67.71,64.98,65.45,-12.29
263701605_263701646_0,70.0,64.33,64.5,63.45,-5.67
263701605_263701606_0,60.0,60.04,56.69,56.3,0.04
263701606_263701607_0,65.0,59.41,60.57,58.25,-5.59
263701606_263701655_0,65.0,60.86,64.93,61.55,-4.14
263701607_263701649_0,60.0,59.09,55.94,56.35,-0.91
263701607_263701610_0,65.0,59.47,57.78,57.85,-5.53
263701610_5259804412_0,65.0,59.55,59.5,58.55,-5.45
263701610_263701607_0,65.0,59.47,57.78,57.85,-5.53
263701610_263701650_0,65.0,58.89,55.82,55.4,-6.11
263701645_939273105_0,70.0,60.52,57.78,59.55,-9.48
263701645_263701648_0,65.0,59.94,57.73,57.3,-5.06
263701646_296897106_0,70.0,61.47,60.88,58.2,-8.53
263701646_527849224_0,70.0,64.17,61.76,63.2,-5.83
263701648_263701606_0,65.0,59.34,61.69,57.45,-5.66
263701648_263701646_0,65.0,59.97,53.65,56.75,-5.03
263701649_263701648_0,65.0,59.02,58.07,54.85,-5.98
263701649_263701654_0,65.0,58.9,56.89,58.15,-6.1
263701650_263701649_0,65.0,58.8,55.25,54.23,-6.2
263701650_263701610_0,65.0,58.89,55.82,55.4,-6.11
263701651_263701650_0,65.0,58.86,60.69,57.6,-6.14
263701651_472319502_0,65.0,58.82,58.61,57.3,-6.18
263701653_263701651_0,65.0,59.06,58.61,56.75,-5.94
263701653_263701666_0,65.0,59.3,60.49,57.55,-5.7
263701654_467687314_0,55.0,59.12,55.6,57.5,4.12
263701655_263700451_0,75.0,68.36,64.3,65.2,-6.64
263701656_263701607_0,65.0,60.66,65.22,62.25,-4.34
263701656_249785398_0,75.0,67.49,66.91,65.7,-7.51
263701657_263701656_0,75.0,67.43,67.38,65.5,-7.57
263701660_5259804412_0,65.0,59.22,57.95,57.0,-5.78
263701661_263701678_0,65.0,59.64,62.96,60.6,-5.36
263701661_4674536797_0,75.0,61.69,63.42,61.35,-13.31
263701664_263701660_0,65.0,59.31,56.25,55.35,-5.69
263701664_263701661_0,65.0,59.93,59.2,60.0,-5.07
263701665_296385772_0,65.0,59.13,57.89,57.85,-5.87
263701665_263701666_0,65.0,59.09,57.58,57.05,-5.91
263701666_263701670_0,60.0,58.91,59.7,56.1,-1.09
263701666_263701667_0,65.0,59.27,60.18,58.7,-5.73
263701667_263701681_0,65.0,60.44,58.93,58.95,-4.56
263701667_263701668_0,65.0,59.09,57.73,57.6,-5.91
263701668_263701665_0,65.0,58.96,59.55,56.85,-6.04
263701668_263701675_0,65.0,59.2,58.29,59.2,-5.8
263701670_248922789_0,65.0,58.68,53.91,54.9,-6.32
263701671_263701670_0,65.0,58.61,54.05,55.05,-6.39
263701671_263701667_0,65.0,58.82,56.92,54.65,-6.18
263701672_248922792_0,65.0,59.16,58.08,56.8,-5.84
263701672_472310342_0,65.0,59.53,58.07,57.63,-5.47
263701675_248922787_0,75.0,60.8,60.15,59.35,-14.2
263701677_4674536797_0,65.0,59.8,64.08,61.7,-5.2
263701677_263695712_0,70.0,63.08,64.02,60.7,-6.92
263701678_263695712_0,65.0,58.97,59.95,58.0,-6.03
263701678_263701679_0,65.0,58.85,59.31,57.5,-6.15
263701679_263701682_0,65.0,58.73,56.34,56.75,-6.27
263701681_30438549_0,70.0,61.47,61.76,61.15,-8.53
263701682_296484006_0,60.0,58.57,54.04,54.3,-1.43
263701682_248922787_0,65.0,58.99,58.52,59.55,-6.01
263701682_263701684_0,65.0,58.71,58.63,54.35,-6.29
263701684_263695649_0,65.0,58.88,63.48,59.2,-6.12
263703312_263703313_0,70.0,58.99,60.4,59.2,-11.01
263703312_263703321_0,65.0,61.14,60.2,59.7,-3.86
263703313_263703314_0,70.0,59.47,60.81,58.7,-10.53
263703313_263703320_0,65.0,59.6,60.7,58.95,-5.4
263703313_263703315_0,70.0,59.4,58.66,58.2,-10.6
263703314_263703319_0,75.0,59.79,58.44,58.3,-15.21
263703314_30438415_0,65.0,59.73,60.42,59.55,-5.27
263703315_263703325_0,70.0,59.12,57.67,58.3,-10.88
263703315_263703316_0,65.0,59.66,61.02,60.7,-5.34
263703316_263703331_0,65.0,59.69,59.41,60.45,-5.31
263703316_303340029_0,75.0,61.13,60.51,60.7,-13.87
263703318_263703320_0,65.0,58.84,55.28,57.15,-6.16
263703318_263703314_0,65.0,59.21,58.49,57.4,-5.79
263703319_30438391_0,75.0,65.05,63.32,63.77,-9.95
263703319_937794377_0,75.0,64.09,61.89,62.77,-10.91
263703320_263703321_0,65.0,59.45,59.16,59.1,-5.55
263703321_519112764_0,65.0,61.66,60.92,61.35,-3.34
263703321_354605979_0,70.0,59.8,63.6,59.85,-10.2
263703323_937794396_0,75.0,63.45,63.66,63.05,-11.55
263703323_263703318_0,70.0,59.13,60.92,58.25,-10.87
263703323_937794377_0,75.0,63.92,61.72,62.77,-11.08
263703324_263703316_0,75.0,61.13,60.37,60.9,-13.87
263703324_263703325_0,70.0,61.6,59.84,61.95,-8.4
263703325_263703312_0,65.0,61.11,62.28,59.9,-3.89
263703325_223449112_0,70.0,59.44,59.56,59.05,-10.56
263703330_263689615_0,70.0,62.94,63.02,60.55,-7.06
263703331_263703332_0,65.0,59.43,57.3,55.8,-5.57
263703331_263703330_0,65.0,59.37,62.19,58.85,-5.63
263703332_263703324_0,70.0,61.64,62.84,61.9,-8.36
263703333_459507531_0,65.0,61.21,60.99,60.1,-3.79
263703333_263703332_0,70.0,61.76,61.3,60.35,-8.24
263703333_30438572_0,75.0,63.88,63.68,63.7,-11.12
263708637_263708638_0,75.0,62.88,65.84,65.25,-12.12
263708638_59750422_0,75.0,67.78,64.65,63.95,-7.22
263708638_303672262_0,80.0,61.92,62.85,62.4,-18.08
263708638_266327993_0,70.0,59.63,62.96,58.9,-10.37
263708650_1799420721_0,75.0,65.7,64.78,65.6,-9.3
263710328_250175509_0,70.0,62.98,67.11,65.35,-7.02
263710856_484789420_0,65.0,59.71,61.17,60.6,-5.29
263710856_156334438_0,70.0,60.46,61.42,61.45,-9.54
263710857_263710861_0,70.0,60.16,66.06,60.7,-9.84
263710857_484789446_0,70.0,60.25,61.48,58.55,-9.75
263710858_263710859_0,75.0,60.55,62.16,61.25,-14.45
263710858_263710857_0,70.0,60.48,55.21,58.15,-9.52
263710859_158680076_0,70.0,62.22,64.8,63.85,-7.78
263710860_263710857_0,70.0,60.91,64.2,61.65,-9.09
263710860_263710859_0,70.0,61.98,65.02,63.9,-8.02
263710861_2618691867_0,70.0,59.4,63.49,59.95,-10.6
263710861_484789445_0,75.0,62.84,65.62,61.95,-12.16
263710862_263710875_0,75.0,65.5,66.56,65.55,-9.5
263710864_263710866_0,70.0,59.93,62.34,58.15,-10.07
263710864_263710862_0,75.0,64.43,65.38,61.4,-10.57
263710864_263710887_0,65.0,59.62,63.1,59.3,-5.38
263710866_5008090455_0,70.0,59.33,59.77,58.9,-10.67
263710868_263710870_0,80.0,66.28,69.27,64.25,-13.72
263710868_2618691867_0,65.0,60.01,61.63,60.45,-4.99
263710870_263710871_0,65.0,59.42,65.02,61.2,-5.58
263710870_30438399_0,80.0,65.98,68.35,65.75,-14.02
263710871_263710866_0,65.0,58.75,59.94,59.35,-6.25
263710871_263710862_0,70.0,59.43,68.93,61.2,-10.57
263710875_519112773_0,75.0,64.58,68.79,64.9,-10.42
263710875_30438399_0,75.0,65.45,68.56,65.65,-9.55
263710877_484789448_0,75.0,62.88,65.88,61.3,-12.12
263710878_30389406_0,70.0,60.24,64.08,63.0,-9.76
263710878_263710328_0,70.0,60.26,63.62,61.95,-9.74
263710880_263795330_0,80.0,69.8,67.11,65.25,-10.2
263710880_263710882_0,70.0,61.85,61.98,63.4,-8.15
263710880_616040403_0,80.0,69.74,66.73,65.95,-10.26
263710882_623428276_0,65.0,61.04,63.5,60.05,-3.96
263710883_12396810494_0,80.0,66.34,61.82,61.55,-13.66
263710883_12445684247_0,80.0,66.7,61.23,62.35,-13.3
263710885_838544087_0,75.0,65.78,64.83,61.15,-9.22
263710885_263710889_0,70.0,60.35,62.47,58.35,-9.65
263710885_623428276_0,75.0,66.21,68.1,61.15,-8.79
263710886_263781803_0,75.0,67.3,62.5,62.7,-7.7
263710886_424384162_0,75.0,68.6,66.13,65.35,-6.4
263710887_263712659_0,65.0,59.3,58.47,58.65,-5.7
263710887_263712660_0,65.0,59.48,58.42,58.25,-5.52
263710889_263710887_0,65.0,59.51,58.82,57.25,-5.49
263711001_252751620_0,70.0,60.33,61.64,58.85,-9.67
263711002_250175533_0,65.0,60.21,63.12,61.7,-4.79
263711002_263711001_0,65.0,60.06,62.31,58.8,-4.94
263711003_263711002_0,70.0,61.78,60.08,59.55,-8.22
263711003_253535501_0,75.0,66.74,65.85,65.0,-8.26
263711004_250177708_0,65.0,59.63,56.23,58.05,-5.37
263712658_263712660_0,65.0,59.08,56.68,57.26,-5.92
263712658_263712659_0,65.0,59.18,56.5,55.52,-5.82
263712659_263710883_0,70.0,60.11,62.4,62.7,-9.89
263712659_263712658_0,65.0,59.18,56.5,55.52,-5.82
263712660_263710886_0,65.0,59.8,63.13,61.85,-5.2
263781632_3900203227_0,65.0,59.01,54.72,53.92,-5.99
263781632_527849222_0,70.0,61.11,63.68,60.7,-8.89
263781638_263781652_0,65.0,58.51,51.75,51.55,-6.49
263781641_937794396_0,75.0,64.86,65.02,65.9,-10.14
263781652_527858679_0,65.0,59.32,54.83,56.3,-5.68
263781652_263781638_0,65.0,58.51,51.75,51.55,-6.49
263781671_263781678_0,70.0,60.66,59.03,59.6,-9.34
263781678_263781766_0,70.0,60.18,58.72,58.95,-9.82
263781678_156263660_0,70.0,59.71,56.58,58.75,-10.29
263781766_263781916_0,70.0,60.72,59.13,59.85,-9.28
263781766_296897164_0,70.0,58.99,60.12,57.5,-11.01
263781778_3722113744_0,70.0,57.99,58.44,59.7,-12.01
263781778_3722113734_0,75.0,57.7,58.46,59.75,-17.3
263781788_1273377668_0,80.0,65.98,64.58,65.15,-14.02
263781788_30438410_0,80.0,66.1,64.27,65.1,-13.9
263781788_1456072951_0,70.0,58.71,61.38,61.95,-11.29
263781790_263785255_0,75.0,57.41,54.31,56.85,-17.59
263781790_263781799_0,70.0,57.79,58.09,59.9,-12.21
263781799_263781803_0,70.0,59.32,65.04,61.35,-10.68
263781799_263781790_0,70.0,57.79,58.09,59.9,-12.21
263781803_263710886_0,75.0,67.3,62.5,62.7,-7.7
263781803_263781799_0,70.0,59.32,65.04,61.35,-10.68
263781803_156334363_0,75.0,67.05,64.5,65.0,-7.95
263781843_263791156_0,70.0,58.05,57.7,58.4,-11.95
263781843_956217069_0,70.0,59.96,61.93,60.35,-10.04
263781852_156334318_0,75.0,64.02,67.66,64.65,-10.98
263781852_424387186_0,70.0,61.45,64.81,62.05,-8.55
263781869_263781909_0,65.0,57.83,59.41,58.3,-7.17
263781869_263791195_0,65.0,57.53,56.62,57.35,-7.47
263781869_263785270_0,60.0,55.79,55.11,56.1,-4.21
263781879_248808662_0,70.0,58.43,62.25,60.75,-11.57
263781879_263781891_0,50.0,56.68,59.66,59.1,6.68
263781891_263781896_0,50.0,56.7,55.41,56.6,6.7
263781891_249426559_0,65.0,57.5,59.82,59.8,-7.5
263781891_263781904_0,50.0,56.34,57.98,56.05,6.34
263781896_3722113737_0,60.0,55.8,55.7,55.79,-4.2
263781904_263781909_0,55.0,56.15,58.95,56.4,1.15
263781909_263815364_0,70.0,58.16,62.47,60.75,-11.84
263781913_263781879_0,60.0,56.89,56.25,59.2,-3.11
263781916_263781913_0,60.0,58.61,54.3,55.02,-1.39
263781916_156263676_0,75.0,60.87,61.1,60.55,-14.13
263785255_2615492702_0,70.0,57.34,55.55,55.9,-12.66
263791156_769148780_0,65.0,58.06,61.02,59.6,-6.94
263791156_263791159_0,65.0,59.26,59.48,61.05,-5.74
263791159_263791156_0,65.0,59.26,59.48,61.05,-5.74
263791159_13923230719_0,70.0,62.72,63.58,63.1,-7.28
263791159_158676840_0,75.0,62.98,66.04,64.55,-12.02
263791162_263781869_0,65.0,57.92,58.5,58.7,-7.08
263791195_263791198_0,50.0,55.98,57.87,57.45,5.98
263791195_263791204_0,65.0,57.55,64.76,58.65,-7.45
263791198_2015310583_0,55.0,58.01,57.92,57.0,3.01
263791198_263791195_0,50.0,55.98,57.87,57.45,5.98
263791201_263791198_0,60.0,59.35,60.07,60.0,-0.65
263791201_13923230719_0,70.0,62.14,61.55,62.48,-7.86
263791204_263791201_0,70.0,62.08,63.01,62.4,-7.92
263791233_263791204_0,75.0,61.15,64.24,60.7,-13.85
263791233_3746415022_0,75.0,63.31,66.35,64.6,-11.69
263791242_263791201_0,75.0,61.1,62.26,60.22,-13.9
263791242_263791233_0,70.0,62.95,63.96,64.2,-7.05
263791242_11476179179_0,70.0,58.42,63.36,60.6,-11.58
263791247_2037211059_0,65.0,56.3,54.2,54.55,-8.7
263795309_263781852_0,75.0,62.76,65.52,63.45,-12.24
263795309_632249704_0,75.0,64.14,67.22,65.6,-10.86
263795312_263795309_0,70.0,60.67,64.88,62.4,-9.33
263795312_263795317_0,70.0,60.84,61.46,61.7,-9.16
263795314_707559064_0,70.0,62.87,66.34,65.35,-7.13
263795314_1601123149_0,70.0,60.38,60.16,62.9,-9.62
263795317_263795330_0,70.0,61.87,64.45,61.75,-8.13
263795317_263795320_0,65.0,60.18,61.78,58.5,-4.82
263795320_263795322_0,75.0,59.7,58.51,58.2,-15.3
263795322_419343312_0,70.0,59.25,59.09,58.3,-10.75
263795322_263795312_0,70.0,60.93,60.98,61.5,-9.07
263795330_263710880_0,80.0,69.8,67.11,65.25,-10.2
263795330_156334438_0,80.0,69.77,66.84,65.6,-10.23
263795333_263795312_0,70.0,58.85,57.72,57.15,-11.15
263795333_2006081607_0,65.0,57.59,58.02,59.0,-7.41
263795336_263795314_0,70.0,63.17,63.9,62.85,-6.83
263795344_6388085332_0,70.0,60.09,62.82,59.3,-9.91
263795344_2006081566_0,70.0,59.4,61.73,59.0,-10.6
263815262_1368879210_0,45.0,56.61,57.31,55.94,11.61
263815262_263815311_0,70.0,56.46,56.64,53.88,-13.54
263815311_252756454_0,65.0,55.56,56.77,54.78,-9.44
263815364_248808677_0,75.0,60.16,62.63,60.95,-14.84
263821455_249088066_0,65.0,58.51,61.11,60.2,-6.49
263821455_249088095_0,60.0,58.53,61.1,59.2,-1.47
263821457_41145914_0,70.0,57.68,61.53,60.05,-12.32
263821457_263821472_0,70.0,58.8,63.08,60.65,-11.2
263821460_263821465_0,65.0,58.06,59.17,58.3,-6.94
263821460_263821455_0,65.0,58.01,57.61,55.9,-6.99
263821465_4147206592_0,65.0,57.85,56.43,57.2,-7.15
263821465_263821495_0,65.0,57.61,58.27,58.35,-7.39
263821467_263821455_0,60.0,57.84,57.15,57.05,-2.16
263821470_268479998_0,60.0,59.17,63.18,60.7,-0.83
263821470_247680800_0,65.0,55.95,59.17,57.3,-9.05
263821472_263821467_0,65.0,57.51,58.3,57.8,-7.49
263853945_263238664_0,65.0,61.9,58.58,60.25,-3.1
263853952_306399683_0,65.0,61.2,55.07,56.1,-3.8
263853956_564309280_0,65.0,57.26,52.99,56.65,-7.74
263853980_933831174_0,60.0,53.28,51.44,53.55,-6.72
263853980_564309280_0,60.0,55.79,55.01,57.45,-4.21
263853980_933830892_0,60.0,54.24,53.61,53.65,-5.76
263854004_2429449111_0,60.0,54.65,57.07,56.85,-5.35
263854004_1843359662_0,60.0,52.28,55.63,56.65,-7.72
263854004_1843359592_0,55.0,52.07,55.18,55.65,-2.93
263854014_1843359662_0,60.0,50.57,54.73,53.9,-9.43
263854014_2381765771_0,60.0,50.97,52.7,52.9,-9.03
263854014_1843359699_0,55.0,47.42,45.45,43.45,-7.58
263854031_1843359809_0,55.0,45.36,40.68,41.08,-9.64
263854031_632634915_0,55.0,44.99,40.52,41.17,-10.01
264045704_264045718_0,70.0,54.1,61.58,63.7,-15.9
264045704_939968284_0,75.0,55.07,67.26,64.1,-19.93
264045718_715566459_0,75.0,56.0,66.89,64.75,-19.0
264045725_264045728_0,75.0,57.03,61.51,60.55,-17.97
264045725_1125481664_0,75.0,57.45,60.72,62.15,-17.55
264045728_259485171_0,80.0,58.2,62.58,61.9,-21.8
264075294_264075476_0,70.0,59.97,60.41,56.08,-10.03
264075472_264075473_0,70.0,59.08,59.67,59.05,-10.92
264075472_59749791_0,70.0,59.38,60.76,62.05,-10.62
264075473_264075474_0,70.0,58.52,61.48,57.75,-11.48
264075473_59749792_0,70.0,58.93,66.23,59.45,-11.07
264075474_1324970655_0,65.0,59.55,54.09,57.95,-5.45
264075476_263791229_0,70.0,59.92,59.64,57.08,-10.08
264075477_264075472_0,70.0,59.37,60.59,60.0,-10.63
264075477_10051059382_0,70.0,58.83,58.66,57.05,-11.17
264075478_264075473_0,70.0,58.1,59.44,58.45,-11.9
264075478_264075477_0,70.0,58.27,58.33,57.15,-11.73
264075696_264075477_0,70.0,58.47,59.24,57.9,-11.53
264075696_10709195483_0,70.0,57.99,56.66,58.2,-12.01
264075697_264075698_0,65.0,58.21,61.16,58.55,-6.79
264075697_264075696_0,70.0,58.02,59.3,58.35,-11.98
264075698_41145914_0,70.0,60.22,62.85,60.0,-9.78
264076637_12007582771_0,70.0,57.22,51.54,51.1,-12.78
264076637_3714142864_0,70.0,57.4,56.16,53.1,-12.6
264098495_360258516_0,75.0,63.87,64.84,63.75,-11.13
264098913_3049220536_0,70.0,60.62,63.62,62.25,-9.38
264098913_1324966608_0,80.0,65.35,60.43,62.65,-14.65
264098978_935586023_0,70.0,57.62,59.61,57.5,-12.38
264098980_268631676_0,75.0,63.28,62.37,59.4,-11.72
264098980_598215642_0,70.0,62.98,61.27,62.4,-7.02
264098982_264098980_0,65.0,59.94,60.64,57.68,-5.06
264098983_13551337071_0,80.0,64.4,62.07,61.9,-15.6
264098983_264098982_0,70.0,59.41,62.46,60.0,-10.59
264099773_1075626620_0,70.0,64.92,67.4,64.2,-5.08
264099773_941372943_0,70.0,63.31,64.54,63.35,-6.69
264099773_935576643_0,75.0,63.72,63.1,63.4,-11.28
264099777_264100096_0,75.0,64.66,63.3,63.07,-10.34
264100096_934030442_0,75.0,65.51,62.02,64.7,-9.49
264100096_264100102_0,75.0,65.25,64.79,65.25,-9.75
264100096_1128031252_0,75.0,64.46,65.06,65.2,-10.54
264100102_941539672_0,75.0,64.84,64.51,64.1,-10.16
264100124_935576629_0,70.0,59.52,60.17,60.2,-10.48
264100124_935576593_0,75.0,62.65,61.33,63.45,-12.35
264100158_941372946_0,70.0,61.83,61.68,62.0,-8.17
264100158_264100222_0,70.0,61.66,63.48,61.55,-8.34
264100169_264100183_0,70.0,61.01,63.31,61.95,-8.99
264100183_625897197_0,75.0,60.45,62.25,59.2,-14.55
264100213_264100247_0,75.0,60.92,62.36,56.8,-14.08
264100222_941372942_0,70.0,62.58,61.09,62.45,-7.42
264100222_249082636_0,70.0,61.98,60.39,62.0,-8.02
264100247_3958744749_0,70.0,61.97,62.35,62.55,-8.03
264100247_287952165_0,65.0,57.63,59.47,57.0,-7.37
264101671_264101672_0,70.0,55.97,57.49,56.35,-14.03
264101671_938867540_0,75.0,60.06,66.08,62.1,-14.94
264101672_264101675_0,65.0,55.34,58.98,57.5,-9.66
264101673_266330680_0,70.0,56.5,60.23,57.45,-13.5
264101673_245394219_0,70.0,56.77,58.28,56.75,-13.23
264101675_264101673_0,65.0,55.58,57.95,55.25,-9.42
264101675_266330001_0,65.0,55.07,55.18,53.95,-9.93
264101677_264101675_0,70.0,56.47,61.62,58.9,-13.53
264101677_41145966_0,75.0,62.01,65.47,63.05,-12.99
264103252_933975856_0,75.0,63.44,62.18,64.1,-11.56
264103252_287940756_0,65.0,57.18,60.33,56.9,-7.82
264103252_933975851_0,75.0,62.45,63.79,63.7,-12.55
264103254_287940726_0,65.0,56.54,59.22,54.72,-8.46
264103255_264103291_0,60.0,56.97,55.8,56.9,-3.03
264103256_287940759_0,70.0,58.91,68.47,63.75,-11.09
264103256_1927155968_0,75.0,63.73,65.53,64.65,-11.27
264103258_264103267_0,65.0,56.75,55.66,55.35,-8.25
264103258_264103269_0,65.0,56.8,53.11,54.15,-8.2
264103259_287944693_0,70.0,56.75,57.04,55.6,-13.25
264103260_263301822_0,80.0,62.47,62.29,61.35,-17.53
264103260_264103261_0,70.0,57.48,63.88,59.65,-12.52
264103260_263313604_0,80.0,62.22,60.82,60.9,-17.78
264103261_264103262_0,65.0,57.18,60.78,58.7,-7.82
264103261_264103276_0,65.0,56.58,60.48,57.95,-8.42
264103262_264103263_0,65.0,57.24,59.64,58.0,-7.76
264103263_264103264_0,65.0,57.48,56.0,58.7,-7.52
264103263_264103270_0,65.0,56.83,56.64,57.28,-8.17
264103264_264103287_0,70.0,58.42,57.99,58.75,-11.58
264103265_264103280_0,65.0,57.27,59.57,58.95,-7.73
264103265_263313600_0,70.0,57.51,63.4,59.75,-12.49
264103266_264103261_0,65.0,56.79,56.61,58.85,-8.21
264103266_264103267_0,65.0,56.43,57.77,57.8,-8.57
264103267_933975851_0,70.0,56.91,59.62,58.28,-13.09
264103268_287940762_0,65.0,56.68,52.22,54.75,-8.32
264103268_264103258_0,65.0,57.07,54.42,54.45,-7.93
264103269_264103262_0,65.0,56.94,61.49,57.55,-8.06
264103269_264103266_0,65.0,56.76,58.39,57.5,-8.24
264103270_264103269_0,65.0,56.93,56.95,54.8,-8.07
264103270_264103259_0,65.0,56.76,59.54,55.23,-8.24
264103272_264103270_0,65.0,57.03,54.83,54.98,-7.97
264103272_264103264_0,65.0,57.01,52.81,57.53,-7.99
264103273_3193942120_0,65.0,57.63,57.29,57.3,-7.37
264103273_264103297_0,55.0,57.12,55.14,56.3,2.12
264103276_264103265_0,70.0,56.79,56.67,56.8,-13.21
264103277_264103276_0,65.0,57.08,55.22,55.5,-7.92
264103277_264103287_0,65.0,57.38,59.73,58.35,-7.62
264103278_264103277_0,65.0,57.74,58.76,57.05,-7.26
264103278_265560566_0,70.0,57.82,57.12,57.1,-12.18
264103279_264103265_0,65.0,57.23,58.09,58.55,-7.77
264103279_265560566_0,65.0,57.61,58.53,56.25,-7.39
264103280_264103279_0,65.0,57.34,58.41,58.15,-7.66
264103280_263324310_0,65.0,57.21,60.17,60.25,-7.79
264103287_264103273_0,65.0,57.67,54.37,58.45,-7.33
264103288_287932274_0,65.0,57.58,56.1,56.92,-7.42
264103288_287940754_0,65.0,56.91,55.08,56.27,-8.09
264103289_264103297_0,65.0,57.3,57.2,57.45,-7.7
264103289_264103288_0,60.0,57.29,58.0,58.2,-2.71
264103290_287940751_0,70.0,59.4,64.23,59.1,-10.6
264103290_264103289_0,65.0,57.75,58.72,57.85,-7.25
264103291_264103295_0,65.0,56.96,55.56,56.73,-8.04
264103292_287940751_0,60.0,57.24,57.37,56.95,-2.76
264103292_263326050_0,70.0,60.55,63.9,62.95,-9.45
264103295_264103292_0,60.0,57.39,57.93,58.95,-2.61
264103295_264103296_0,70.0,57.36,61.44,58.73,-12.64
264103296_307335029_0,75.0,63.77,62.23,64.05,-11.23
264103297_264103272_0,65.0,57.0,56.66,57.7,-8.0
264106178_1126848538_0,75.0,63.77,63.52,64.85,-11.23
264106188_252822776_0,75.0,57.66,60.88,57.32,-17.34
264106188_1312021842_0,75.0,61.15,60.4,59.17,-13.85
264111574_253554277_0,60.0,59.25,63.39,61.2,-0.75
264111621_907006021_0,55.0,56.71,55.65,55.62,1.71
264113896_260548851_0,75.0,65.72,63.46,64.35,-9.28
264113896_7873272761_0,75.0,69.37,66.13,64.5,-5.63
264113902_264113903_0,75.0,64.0,66.59,65.8,-11.0
264113903_264113904_0,75.0,64.24,68.27,66.2,-10.76
264113903_387126493_0,75.0,59.09,64.85,64.45,-15.91
264113904_264113908_0,75.0,64.34,69.29,66.05,-10.66
264113908_264113910_0,75.0,63.68,67.82,66.2,-11.32
264113908_265033013_0,75.0,64.95,65.08,66.2,-10.05
264113910_265032978_0,75.0,64.46,66.59,65.2,-10.54
264113910_264113913_0,75.0,63.33,66.65,66.15,-11.67
264113913_265032987_0,75.0,62.16,66.55,65.0,-12.84
264116236_264116238_0,70.0,57.52,53.46,59.45,-12.48
264116238_3730538338_0,70.0,57.58,55.11,59.7,-12.42
264116238_264116240_0,70.0,55.43,54.15,57.65,-14.57
264116240_264116246_0,70.0,55.03,57.82,59.27,-14.97
264116246_264272409_0,70.0,54.65,56.25,59.25,-15.35
264116246_264116248_0,70.0,54.44,57.63,57.9,-15.56
264116248_264116236_0,70.0,57.11,55.23,59.2,-12.89
264117305_264117310_0,75.0,60.64,58.49,59.9,-14.36
264117310_919682880_0,75.0,60.43,57.63,60.25,-14.57
264117310_3730553743_0,75.0,56.65,59.56,58.3,-18.35
264117330_264117336_0,75.0,57.1,58.32,64.9,-17.9
264117330_4902847920_0,75.0,52.57,64.59,61.5,-22.43
264117336_919849176_0,75.0,59.76,59.94,64.8,-15.24
264117336_4902847920_0,75.0,59.5,58.58,64.75,-15.5
264117347_264116240_0,70.0,55.85,55.55,59.45,-14.15
264117347_919849176_0,75.0,58.01,57.63,59.72,-16.99
264269536_264273591_0,70.0,48.81,52.39,57.02,-21.19
264269536_1515520765_0,50.0,42.59,56.59,52.7,-7.41
264272409_264272410_0,70.0,54.45,57.07,58.4,-15.55
264272409_1509945579_0,65.0,49.98,57.32,58.45,-15.02
264272410_3730683156_0,70.0,56.66,58.89,59.05,-13.34
264272410_264116248_0,70.0,56.46,55.46,59.35,-13.54
264272415_919893365_0,70.0,56.68,58.03,59.35,-13.32
264272415_3730683156_0,70.0,57.13,58.29,59.0,-12.87
264272415_1509945579_0,60.0,50.06,58.25,57.7,-9.94
264272423_919893368_0,65.0,55.96,51.39,59.95,-9.04
264272423_264273160_0,65.0,56.59,57.17,60.25,-8.41
264273147_264273160_0,65.0,57.55,60.23,56.85,-7.45
264273147_264273149_0,65.0,56.0,64.52,55.45,-9.0
264273149_264273150_0,65.0,56.22,61.79,57.18,-8.78
264273150_264273557_0,65.0,54.49,61.74,57.92,-10.51
264273150_264273153_0,65.0,56.1,61.61,55.8,-8.9
264273153_264273154_0,65.0,56.32,61.27,56.0,-8.68
264273154_264494209_0,65.0,57.13,60.96,55.65,-7.87
264273154_264273156_0,65.0,56.38,63.25,55.2,-8.62
264273156_1314847091_0,60.0,57.92,61.52,56.9,-2.08
264273160_264272423_0,65.0,56.59,57.17,60.25,-8.41
264273160_264273149_0,65.0,56.08,61.74,57.08,-8.92
264273557_264273153_0,65.0,54.38,62.69,56.9,-10.62
264273557_264273570_0,60.0,52.6,58.37,60.12,-7.4
264273570_264273583_0,60.0,50.97,58.15,56.68,-9.03
264273570_264273557_0,60.0,52.6,58.37,60.12,-7.4
264273570_1515216113_0,55.0,48.16,58.98,56.75,-6.84
264273583_264273570_0,60.0,50.97,58.15,56.68,-9.03
264273583_815082339_0,65.0,49.08,62.75,55.45,-15.92
264273588_264273591_0,65.0,49.81,63.96,55.5,-15.19
264273588_3838219484_0,65.0,50.33,62.8,55.6,-14.67
264273591_3838219484_0,65.0,49.9,65.05,54.7,-15.1
264273591_264269536_0,70.0,48.81,52.39,57.02,-21.19
264494209_264273156_0,65.0,58.62,62.61,56.8,-6.38
264494209_1524409114_0,60.0,58.19,61.73,58.65,-1.81
264494230_530185967_0,60.0,59.54,54.62,58.68,-0.46
264494230_1561547365_0,60.0,58.72,52.44,58.12,-1.28
264494230_1776101191_0,50.0,52.56,57.44,53.2,2.56
264494238_530185975_0,65.0,54.33,59.1,56.15,-10.67
264494238_1523467453_0,60.0,60.28,53.97,57.7,0.28
264494238_530185981_0,65.0,60.2,54.73,57.95,-4.8
264494251_264494256_0,60.0,60.78,56.39,57.65,0.78
264494251_1561547683_0,60.0,60.38,55.44,57.65,0.38
264494251_1561547743_0,60.0,54.15,54.62,53.35,-5.85
264494256_1561547829_0,55.0,58.95,60.98,57.1,3.95
264494256_1505832759_0,50.0,53.87,52.78,53.2,3.87
264494256_264494251_0,60.0,60.78,56.39,57.65,0.78
264520475_1122581610_0,70.0,63.98,65.94,64.55,-6.02
264520475_4781786283_0,75.0,66.2,65.19,65.8,-8.8
264520480_939285554_0,80.0,67.88,66.03,64.35,-12.12
264524034_303665547_0,65.0,58.08,54.78,55.0,-6.92
264524034_264524042_0,65.0,59.22,60.15,57.95,-5.78
264524040_264524042_0,70.0,59.91,61.32,60.35,-10.09
264524040_265041477_0,75.0,67.51,62.45,64.65,-7.49
264524042_939285554_0,70.0,60.93,60.7,63.64,-9.07
264524046_264524034_0,65.0,58.44,60.92,58.75,-6.56
264524056_213564648_0,65.0,58.18,59.44,57.65,-6.82
264524056_264524079_0,65.0,56.77,55.01,57.1,-8.23
264524058_264524056_0,65.0,56.69,54.64,58.65,-8.31
264524058_264524090_0,70.0,56.99,62.54,58.15,-13.01
264524079_264524089_0,70.0,56.35,58.4,57.8,-13.65
264524079_264524058_0,70.0,56.28,59.67,56.5,-13.72
264524080_264524083_0,65.0,57.47,60.6,59.15,-7.53
264524080_264524097_0,65.0,57.41,61.25,58.8,-7.59
264524083_264524087_0,65.0,57.57,56.95,54.55,-7.43
264524087_264527021_0,65.0,57.22,59.27,57.25,-7.78
264524089_264524079_0,70.0,56.35,58.4,57.8,-13.65
264524089_264524080_0,65.0,57.0,59.44,58.5,-8.0
264524090_938867540_0,75.0,58.75,62.05,59.0,-16.25
264524090_2968096481_0,75.0,59.91,62.63,61.0,-15.09
264524092_264524097_0,70.0,56.82,55.29,57.05,-13.18
264524094_264524096_0,65.0,58.13,57.9,58.92,-6.87
264524094_303665530_0,60.0,58.04,56.75,56.32,-1.96
264524096_385086882_0,55.0,57.29,59.09,56.45,2.29
264524096_264524087_0,65.0,57.36,59.56,56.6,-7.64
264524097_264524046_0,65.0,57.58,59.28,58.7,-7.42
264524099_264524098_0,65.0,56.69,63.38,56.15,-8.31
264524099_428582213_0,60.0,56.62,63.88,57.7,-3.38
264524100_428580928_0,75.0,63.8,53.68,61.05,-11.2
264524100_264524099_0,70.0,57.36,59.07,58.4,-12.64
264524100_264527019_0,75.0,63.72,58.77,61.25,-11.28
264524107_264528889_0,70.0,56.71,58.28,56.6,-13.29
264524114_264528882_0,65.0,57.0,59.5,57.92,-8.0
264524114_264524107_0,65.0,56.33,59.53,56.6,-8.67
264527017_264527018_0,65.0,56.24,55.72,54.85,-8.76
264527018_264527020_0,65.0,56.67,56.44,55.35,-8.33
264527019_135562932_0,75.0,64.19,63.89,63.6,-10.81
264527019_264524100_0,75.0,63.72,58.77,61.25,-11.28
264527020_428582209_0,70.0,57.46,63.84,59.5,-12.54
264527021_264527017_0,65.0,56.53,56.22,55.0,-8.47
264527021_264524107_0,65.0,57.01,58.89,57.62,-7.99
264528880_264527020_0,70.0,57.0,60.58,57.9,-13.0
264528880_264524114_0,65.0,56.71,61.03,56.5,-8.29
264528882_264528883_0,75.0,61.89,62.06,62.0,-13.11
264528883_2383590762_0,70.0,58.68,60.22,60.4,-11.32
264528883_256170164_0,75.0,62.95,63.47,63.3,-12.05
264528885_264524058_0,65.0,56.0,59.71,58.55,-9.0
264528886_264537274_0,75.0,61.76,69.58,62.15,-13.24
264528886_264528885_0,70.0,56.69,62.78,59.2,-13.31
264528889_264528923_0,65.0,56.11,57.74,55.95,-8.89
264528889_264524089_0,70.0,56.03,60.38,57.8,-13.97
264528890_264537278_0,80.0,60.96,62.59,61.9,-19.04
264528903_264528911_0,65.0,57.35,58.6,57.85,-7.65
264528903_264528890_0,75.0,56.98,57.2,57.95,-18.02
264528911_264528912_0,60.0,57.63,56.17,57.72,-2.37
264528911_264528917_0,65.0,57.61,57.81,57.82,-7.39
264528912_264528911_0,60.0,57.63,56.17,57.72,-2.37
264528913_264528918_0,65.0,55.53,56.91,57.7,-9.47
264528916_264528903_0,65.0,56.37,54.42,56.37,-8.63
264528916_264528913_0,65.0,55.65,52.08,53.45,-9.35
264528917_264528920_0,65.0,55.59,54.05,54.62,-9.41
264528917_264528916_0,60.0,55.7,52.01,53.9,-4.3
264528918_264528921_0,65.0,55.45,58.33,57.45,-9.55
264528918_264528919_0,65.0,55.52,54.67,53.55,-9.48
264528919_264528916_0,65.0,55.75,54.57,54.65,-9.25
264528919_264528920_0,50.0,55.55,52.01,53.6,5.55
264528920_264528923_0,65.0,55.59,56.38,54.38,-9.41
264528921_264524089_0,70.0,55.79,61.87,58.3,-14.21
264528923_264528919_0,60.0,55.67,56.46,54.32,-4.33
264532970_6594204042_0,75.0,64.31,61.78,62.1,-10.69
264532970_264532974_0,75.0,64.41,66.57,62.65,-10.59
264532974_6358447603_0,75.0,63.61,63.23,60.09,-11.39
264535819_626874552_0,70.0,58.72,61.56,57.34,-11.28
264535858_1497207257_0,80.0,54.83,54.92,53.8,-25.17
264535858_264535861_0,75.0,58.05,60.8,56.49,-16.95
264535861_1246618243_0,75.0,58.97,59.94,57.52,-16.03
264535861_264535869_0,70.0,58.79,62.23,58.13,-11.21
264535869_264045718_0,75.0,57.9,62.42,64.16,-17.1
264535874_1497207257_0,75.0,58.09,58.62,56.02,-16.91
264535874_1497207208_0,75.0,54.0,58.91,54.48,-21.0
264535877_1491287679_0,70.0,57.99,60.98,59.6,-12.01
264535877_626874510_0,70.0,54.6,56.63,57.49,-15.4
264535902_523773219_0,75.0,62.62,61.84,59.64,-12.38
264535902_2040977831_0,75.0,62.87,61.55,59.45,-12.13
264535905_249083563_0,75.0,63.74,67.02,64.55,-11.26
264535905_1124685332_0,75.0,63.66,64.02,63.25,-11.34
264537243_288595497_0,70.0,59.68,56.91,58.15,-10.32
264537243_59754256_0,75.0,63.9,59.29,61.2,-11.1
264537271_264537366_0,65.0,56.4,58.99,56.25,-8.6
264537271_288580909_0,65.0,56.71,57.31,54.85,-8.29
264537271_288583065_0,65.0,57.04,57.47,57.15,-7.96
264537273_264528886_0,75.0,61.09,67.52,62.7,-13.91
264537273_43390547_0,75.0,61.28,65.14,62.7,-13.72
264537274_5041496420_0,75.0,61.71,68.44,62.45,-13.29
264537274_264537399_0,65.0,55.3,60.79,58.65,-9.7
264537278_288595523_0,80.0,61.58,64.46,61.95,-18.42
264537284_288595523_0,65.0,56.8,56.4,58.42,-8.2
264537284_264537286_0,65.0,55.51,55.36,54.78,-9.49
264537286_1315000552_0,70.0,54.45,54.01,53.83,-15.55
264537289_1315000552_0,65.0,54.54,54.3,52.08,-10.46
264537298_5041496420_0,70.0,55.98,64.25,61.95,-14.02
264537298_264537289_0,65.0,54.69,54.66,52.75,-10.31
264537300_264537298_0,65.0,54.65,55.26,55.9,-10.35
264537305_264540562_0,70.0,58.39,59.87,58.35,-11.61
264537305_288570867_0,65.0,54.69,58.93,56.15,-10.31
264537308_264537372_0,65.0,58.63,60.47,57.7,-6.37
264537324_264537366_0,50.0,55.42,56.68,55.82,5.42
264537326_951616282_0,65.0,55.97,56.6,56.65,-9.03
264537328_264537326_0,60.0,53.9,57.58,55.9,-6.1
264537328_1619562950_0,65.0,59.82,58.97,60.95,-5.18
264537333_264537418_0,65.0,56.15,59.47,56.55,-8.85
264537334_264537411_0,65.0,56.81,55.43,56.05,-8.19
264537334_264537333_0,65.0,55.94,54.38,55.1,-9.06
264537366_264537334_0,65.0,55.64,53.85,54.72,-9.36
264537369_264537371_0,65.0,54.8,55.62,54.0,-10.2
264537369_264537374_0,65.0,54.69,54.7,55.05,-10.31
264537371_264540559_0,65.0,58.86,60.39,58.0,-6.14
264537372_264537371_0,65.0,58.41,61.01,57.69,-6.59
264537372_264537374_0,65.0,54.78,56.01,54.3,-10.22
264537374_264540565_0,65.0,54.91,53.93,54.75,-10.09
264537376_1315000586_0,70.0,57.3,55.79,57.67,-12.7
264537381_951616293_0,65.0,55.89,55.91,55.6,-9.11
264537381_288580909_0,65.0,56.2,54.92,54.4,-8.8
264537381_264537284_0,65.0,56.13,55.28,54.85,-8.87
264537393_1801589339_0,70.0,59.07,58.17,57.95,-10.93
264537393_762058853_0,70.0,62.56,58.8,60.35,-7.44
264537393_1801589338_0,70.0,62.54,59.4,60.68,-7.46
264537399_264537400_0,70.0,60.68,62.8,61.15,-9.32
264537400_264537273_0,65.0,56.42,60.57,59.2,-8.58
264537400_43390559_0,70.0,61.56,64.3,61.65,-8.44
264537411_1801589338_0,70.0,60.76,64.06,59.22,-9.24
264537411_264537420_0,70.0,60.92,61.42,58.75,-9.08
264537418_951616314_0,65.0,59.9,59.86,59.05,-5.1
264537420_3073671836_0,65.0,61.3,62.33,60.35,-3.7
264537420_260300602_0,70.0,59.6,60.38,59.7,-10.4
264537420_264537411_0,70.0,60.92,61.42,58.75,-9.08
264537439_264537328_0,60.0,54.27,57.06,54.4,-5.73
264537439_4294847589_0,65.0,54.19,51.21,53.72,-10.81
264538141_387126487_0,75.0,58.83,59.63,59.35,-16.17
264538141_12729346768_0,75.0,59.4,63.94,63.3,-15.6
264538144_387126503_0,70.0,59.33,62.24,59.6,-10.67
264538144_4787240230_0,70.0,57.58,59.36,57.47,-12.42
264538144_387126489_0,75.0,59.7,63.06,60.1,-15.3
264538152_632940163_0,70.0,56.39,60.2,55.45,-13.61
264538152_264538158_0,75.0,59.03,62.52,61.73,-15.97
264538152_4955745916_0,70.0,56.27,60.77,57.85,-13.73
264538158_387126621_0,70.0,59.69,62.91,63.35,-10.31
264538158_264538152_0,75.0,59.03,62.52,61.73,-15.97
264540549_264540554_0,65.0,56.53,60.8,59.8,-8.47
264540549_9833004122_0,65.0,60.32,58.93,59.75,-4.68
264540554_288567408_0,65.0,54.39,54.74,56.1,-10.61
264540559_288567406_0,65.0,58.53,61.19,58.55,-6.47
264540559_264540583_0,60.0,54.54,58.68,56.5,-5.46
264540562_1315000607_0,70.0,58.73,59.75,58.55,-11.27
264540562_366826614_0,65.0,54.52,56.69,53.6,-10.48
264540565_264537376_0,70.0,56.36,53.88,55.67,-13.64
264540565_951616293_0,65.0,55.86,55.35,55.3,-9.14
264540567_264537308_0,65.0,54.93,57.68,55.3,-10.07
264540577_1314649011_0,65.0,54.49,52.17,50.41,-10.51
264540577_1314648987_0,65.0,54.4,55.11,51.71,-10.6
264540583_264540567_0,65.0,54.45,52.85,55.57,-10.55
264540583_1315000605_0,60.0,54.07,53.93,55.27,-5.93
264540585_3880702609_0,60.0,54.35,51.36,52.65,-5.65
264540585_297493276_0,60.0,54.16,53.45,53.35,-5.84
264540598_264540577_0,65.0,54.43,52.62,51.41,-10.57
264540598_9758084625_0,65.0,54.1,49.44,51.81,-10.9
264541618_264541625_0,70.0,61.05,56.71,59.7,-8.95
264541618_264541620_0,70.0,59.8,60.32,61.65,-10.2
264541620_264545004_0,65.0,58.05,58.45,58.45,-6.95
264541620_264541624_0,65.0,58.19,56.75,57.4,-6.81
264541621_1860004067_0,65.0,56.05,55.89,56.65,-8.95
264541621_626123301_0,70.0,56.14,56.45,57.8,-13.86
264541622_213741711_0,70.0,60.56,68.79,60.75,-9.44
264541624_264545006_0,65.0,58.86,62.55,57.9,-6.14
264541624_264541622_0,65.0,58.61,64.64,60.0,-6.39
264541625_264545056_0,70.0,59.2,61.86,59.95,-10.8
264541625_264541620_0,65.0,58.65,58.1,57.95,-6.35
264541628_264545003_0,65.0,57.89,61.68,57.95,-7.11
264541628_264545426_0,65.0,59.99,65.28,59.1,-5.01
264545003_264541624_0,65.0,57.63,58.58,56.75,-7.37
264545003_264545004_0,65.0,57.36,54.02,55.65,-7.64
264545003_264541628_0,65.0,57.89,61.68,57.95,-7.11
264545004_264541621_0,65.0,56.84,58.13,57.85,-8.16
264545004_264545003_0,65.0,57.36,54.02,55.65,-7.64
264545006_264541618_0,70.0,61.71,62.69,62.22,-8.29
264545009_626123299_0,65.0,56.61,58.28,56.82,-8.39
264545009_264545407_0,65.0,59.01,65.96,58.55,-5.99
264545011_264545385_0,70.0,57.4,56.83,60.05,-12.6
264545011_1860004054_0,65.0,58.72,58.27,59.2,-6.28
264545013_264545011_0,65.0,58.92,61.61,59.45,-6.08
264545014_213741691_0,65.0,57.33,62.46,58.85,-7.67
264545014_264545377_0,65.0,58.8,60.61,59.0,-6.2
264545016_264545014_0,70.0,58.94,61.03,59.1,-11.06
264545016_264545025_0,70.0,59.78,61.44,59.45,-10.22
264545018_264545042_0,70.0,58.96,60.07,59.1,-11.04
264545018_264545049_0,70.0,56.86,57.31,56.65,-13.14
264545023_958982857_0,65.0,57.95,61.79,57.8,-7.05
264545025_264545027_0,70.0,59.59,63.28,59.45,-10.41
264545025_264545023_0,70.0,56.61,59.04,57.4,-13.39
264545025_264545016_0,70.0,59.78,61.44,59.45,-10.22
264545027_264545367_0,70.0,57.61,61.82,59.7,-12.39
264545027_264545030_0,70.0,59.6,59.4,58.8,-10.4
264545030_213741638_0,70.0,58.83,60.94,59.25,-11.17
264545030_265563522_0,60.0,56.65,56.66,56.95,-3.35
264545040_264545046_0,70.0,56.56,56.62,57.35,-13.44
264545040_264545042_0,65.0,57.03,58.92,57.55,-7.97
264545042_265563865_0,70.0,58.84,57.79,58.4,-11.16
264545046_264545013_0,70.0,56.94,60.71,58.12,-13.06
264545049_264545040_0,70.0,56.21,53.36,55.25,-13.79
264545051_626123263_0,55.0,54.88,55.97,57.0,-0.12
264545051_264545049_0,70.0,56.05,54.08,55.25,-13.95
264545055_626123269_0,70.0,57.86,57.09,58.55,-12.14
264545055_626123267_0,70.0,55.86,56.63,55.9,-14.14
264545056_260300617_0,70.0,58.93,62.94,59.85,-11.07
264545058_958982861_0,70.0,57.92,56.18,57.8,-12.08
264545058_264545055_0,70.0,57.81,57.49,58.05,-12.19
264545059_626123268_0,70.0,54.33,52.14,54.38,-15.67
264545059_264545073_0,65.0,56.25,57.83,56.45,-8.75
264545073_264545056_0,70.0,58.36,60.41,59.7,-11.64
264545076_264545082_0,65.0,56.38,60.92,57.05,-8.62
264545076_264545023_0,65.0,58.66,60.46,58.05,-6.34
264545077_265563524_0,70.0,56.49,60.83,57.75,-13.51
264545077_264545076_0,70.0,58.67,60.96,58.05,-11.33
264545082_958982855_0,70.0,57.94,59.96,58.9,-12.06
264545084_265563533_0,65.0,56.12,58.37,57.2,-8.88
264545084_264545082_0,70.0,57.67,61.03,58.3,-12.33
264545085_264545084_0,70.0,57.37,61.1,58.35,-12.63
264545091_1037367244_0,70.0,55.76,58.2,57.15,-14.24
264545091_264545344_0,65.0,57.7,62.66,58.95,-7.3
264545091_264545093_0,70.0,57.84,60.03,58.2,-12.16
264545093_1314648976_0,70.0,58.61,64.75,59.5,-11.39
264545093_1037367244_0,70.0,57.33,58.66,57.7,-12.67
264545093_264545091_0,70.0,57.83,60.41,58.2,-12.17
264545158_302909483_0,65.0,55.15,51.88,49.95,-9.85
264545185_264545288_0,60.0,55.18,50.21,50.82,-4.82
264545257_264545340_0,50.0,54.05,54.78,57.05,4.05
264545257_264545265_0,65.0,57.46,60.87,58.85,-7.54
264545265_264545277_0,65.0,55.36,57.63,58.1,-9.64
264545265_264545333_0,70.0,57.65,57.6,57.95,-12.35
264545277_264545288_0,65.0,55.09,56.79,54.58,-9.91
264545277_931884840_0,65.0,54.48,50.15,51.13,-10.52
264545288_264545185_0,60.0,55.18,50.21,50.82,-4.82
264545288_264545091_0,65.0,55.72,58.38,58.85,-9.28
264545333_265563597_0,65.0,55.54,59.8,56.1,-9.46
264545333_265563615_0,70.0,57.62,57.13,58.45,-12.38
264545340_264545348_0,65.0,57.24,56.86,57.6,-7.76
264545344_264545257_0,65.0,57.91,61.36,58.85,-7.09
264545348_264545344_0,50.0,54.23,53.56,57.35,4.23
264545348_264545085_0,65.0,57.64,58.54,58.15,-7.36
264545367_258956968_0,75.0,63.21,65.14,61.6,-11.79
264545374_264545385_0,75.0,63.31,60.13,64.2,-11.69
264545374_264545377_0,65.0,57.27,62.91,58.8,-7.73
264545377_264545013_0,70.0,58.86,62.21,59.25,-11.14
264545381_1619562938_0,75.0,62.26,59.65,58.1,-12.74
264545385_264545381_0,65.0,57.38,56.12,61.4,-7.62
264545385_264545397_0,75.0,62.58,58.09,63.9,-12.42
264545389_264545393_0,65.0,56.41,60.6,55.68,-8.59
264545389_265566113_0,75.0,61.4,59.81,56.95,-13.6
264545393_264545404_0,75.0,62.18,59.18,57.8,-12.82
264545397_264545393_0,75.0,62.08,56.38,57.55,-12.92
264545397_264545400_0,65.0,57.04,63.12,59.52,-7.96
264545400_264545009_0,65.0,58.86,62.14,58.85,-6.14
264545404_264545412_0,75.0,61.6,61.4,61.55,-13.4
264545407_264545415_0,65.0,59.09,66.29,58.8,-5.91
264545407_264545404_0,65.0,57.03,65.71,58.85,-7.97
264545412_264545423_0,70.0,56.94,57.02,58.68,-13.06
264545412_416572294_0,75.0,62.77,61.02,61.65,-12.23
264545415_264541628_0,65.0,59.38,65.1,58.75,-5.62
264545417_264541622_0,65.0,60.26,67.18,60.45,-4.74
264545419_1425229792_0,55.0,57.81,60.07,59.68,2.81
264545419_264545417_0,55.0,58.32,62.87,59.55,3.32
264545421_264545425_0,55.0,57.94,58.93,59.02,2.94
264545421_264541628_0,55.0,57.71,64.96,59.25,2.71
264545423_264545415_0,65.0,57.13,62.12,58.85,-7.87
264545423_264545421_0,60.0,57.73,59.14,58.68,-2.27
264545425_264545419_0,55.0,57.82,59.78,59.22,2.82
264545426_264545417_0,65.0,59.8,63.51,60.0,-5.2
264545426_264545425_0,55.0,57.74,64.49,59.15,2.74
264545430_265566045_0,65.0,55.23,53.26,56.55,-9.77
264545430_265566032_0,65.0,53.78,52.93,51.08,-11.22
264545432_264545430_0,65.0,55.15,52.86,56.6,-9.85
264545434_264545432_0,65.0,55.34,54.44,57.15,-9.66
264545436_265566114_0,50.0,55.4,58.56,56.48,5.4
264545436_265566049_0,65.0,55.32,53.35,57.0,-9.68
264545440_265566115_0,55.0,55.27,54.26,54.97,0.27
264545440_264545436_0,70.0,55.02,52.57,56.25,-14.98
264545443_264545440_0,65.0,55.22,52.29,55.12,-9.78
264545443_265566042_0,65.0,55.43,57.31,56.59,-9.57
264545446_264545443_0,65.0,55.05,51.61,54.82,-9.95
264545446_264545448_0,65.0,55.95,57.3,56.8,-9.05
264545446_265566095_0,65.0,55.7,55.68,56.49,-9.3
264545448_264545446_0,65.0,55.95,57.3,56.8,-9.05
264545448_264545451_0,65.0,55.66,58.61,56.65,-9.34
264545451_265566087_0,65.0,55.49,57.18,56.15,-9.51
264545451_264545448_0,65.0,55.66,58.61,56.65,-9.34
264545451_264545454_0,65.0,55.69,58.0,56.8,-9.31
264545454_264545461_0,65.0,54.88,56.6,55.72,-10.12
264545454_264545451_0,65.0,55.69,58.0,56.8,-9.31
264545461_264545454_0,65.0,54.88,56.6,55.72,-10.12
264545461_265566102_0,65.0,55.25,57.16,55.2,-9.75
264545461_264545463_0,65.0,54.88,54.41,55.82,-10.12
264545463_265566111_0,65.0,55.58,56.89,55.6,-9.42
264545463_264545461_0,65.0,54.88,54.41,55.82,-10.12
264545463_1973834332_0,65.0,54.92,54.45,56.3,-10.08
264545465_1973834332_0,65.0,54.91,52.3,56.05,-10.09
264545465_264545472_0,65.0,54.79,56.52,54.95,-10.21
264545472_1314648990_0,65.0,55.22,52.03,54.68,-9.78
264545472_264545465_0,65.0,54.79,56.52,54.95,-10.21
264545472_1314648995_0,65.0,54.69,55.65,54.95,-10.31
264548401_249350143_0,70.0,60.18,59.16,59.05,-9.82
264548401_249350257_0,65.0,59.4,57.14,57.1,-5.6
264548412_264548401_0,70.0,59.16,58.41,57.65,-10.84
264548417_264548412_0,70.0,59.36,55.31,58.75,-10.64
264548426_264548417_0,70.0,58.83,57.48,58.5,-11.17
264548453_898948957_0,55.0,57.4,54.34,52.5,2.4
264548453_264548426_0,65.0,58.03,55.25,55.75,-6.97
264548458_264548453_0,65.0,57.47,52.56,54.15,-7.53
264548463_1489195753_0,70.0,61.08,60.49,60.26,-8.92
264548463_898948957_0,65.0,57.25,57.56,56.9,-7.75
265024867_249092461_0,70.0,64.04,65.08,64.0,-5.96
265024868_248808654_0,80.0,69.76,63.93,61.8,-10.24
265024868_30389464_0,80.0,69.57,65.38,62.05,-10.43
265024869_265024868_0,70.0,59.83,63.38,61.85,-10.17
265024869_265024867_0,65.0,60.01,62.03,59.05,-4.99
265024872_265024869_0,70.0,59.92,59.58,58.5,-10.08
265024873_265024872_0,70.0,60.46,61.28,58.95,-9.54
265024873_30389505_0,80.0,70.68,66.27,64.6,-9.32
265024873_248808654_0,80.0,70.98,66.28,64.45,-9.02
265024875_10312076202_0,65.0,59.32,62.0,61.5,-5.68
265024876_249426555_0,75.0,67.41,66.68,64.5,-7.59
265024876_265024875_0,65.0,61.02,65.05,61.2,-3.98
265025339_249092460_0,70.0,61.6,57.16,59.5,-8.4
265025340_265025339_0,65.0,58.89,59.64,59.85,-6.11
265025340_265025348_0,65.0,57.85,58.33,52.78,-7.15
265025342_296374841_0,65.0,57.59,54.93,51.62,-7.41
265025342_265025340_0,65.0,58.0,55.7,52.62,-7.0
265025343_265025354_0,65.0,58.49,53.52,52.72,-6.51
265025343_265025342_0,65.0,57.95,53.02,52.42,-7.05
265025344_265025365_0,65.0,58.65,54.81,52.88,-6.35
265025344_265025343_0,65.0,57.95,53.18,51.88,-7.05
265025347_265025358_0,65.0,58.74,57.08,56.15,-6.26
265025347_265025340_0,65.0,58.44,55.88,56.1,-6.56
265025348_156249704_0,65.0,57.64,55.19,51.98,-7.36
265025350_265025353_0,65.0,58.38,56.53,51.95,-6.62
265025350_1619563418_0,65.0,58.71,57.82,58.7,-6.29
265025353_296912458_0,65.0,57.85,56.39,52.2,-7.15
265025354_265025358_0,65.0,58.65,55.78,55.25,-6.35
265025354_265025367_0,60.0,59.01,54.87,56.25,-0.99
265025358_265025342_0,65.0,58.39,56.32,52.68,-6.61
265025363_265025344_0,65.0,57.74,52.67,51.58,-7.26
265025363_296374847_0,65.0,56.66,48.97,49.25,-8.34
265025365_265025367_0,65.0,58.94,58.51,55.5,-6.06
265025365_265025368_0,70.0,58.72,56.34,55.05,-11.28
265025367_249092420_0,70.0,59.44,57.97,58.6,-10.56
265025368_1619563407_0,70.0,58.52,52.86,52.2,-11.48
265026991_358197195_0,65.0,58.63,53.2,54.85,-6.37
265026991_265026995_0,65.0,58.3,54.06,54.1,-6.7
265026993_265026991_0,65.0,57.87,59.09,55.45,-7.13
265026993_265026999_0,75.0,60.65,60.99,60.35,-14.35
265026993_934030451_0,75.0,61.1,60.99,60.08,-13.9
265026995_263326094_0,70.0,58.69,59.2,57.05,-11.31
265026995_265027016_0,70.0,58.18,58.39,56.5,-11.82
265026996_265027000_0,65.0,57.92,58.6,55.0,-7.08
265026996_265027002_0,65.0,58.07,56.08,56.9,-6.93
265026999_358189099_0,60.0,56.91,56.07,56.6,-3.09
265026999_265027000_0,65.0,57.69,56.61,54.82,-7.31
265026999_265027002_0,70.0,60.78,61.22,59.5,-9.22
265026999_265026993_0,75.0,60.65,60.99,60.35,-14.35
265027000_265026991_0,65.0,58.14,54.83,54.55,-6.86
265027000_265026999_0,65.0,57.68,56.61,54.72,-7.32
265027002_263324325_0,75.0,61.39,63.75,60.25,-13.61
265027002_265026999_0,70.0,60.78,61.22,59.5,-9.22
265027004_265027042_0,65.0,59.97,62.16,60.6,-5.03
265027004_265027073_0,65.0,58.13,60.96,58.85,-6.87
265027007_263326094_0,70.0,60.04,58.08,59.05,-9.96
265027007_265027016_0,65.0,59.87,59.42,59.5,-5.13
265027007_265027033_0,65.0,59.75,58.96,59.3,-5.25
265027016_265027025_0,65.0,59.53,60.58,59.5,-5.47
265027016_265027007_0,65.0,59.9,59.7,59.5,-5.1
265027025_265027016_0,65.0,59.48,60.58,59.55,-5.52
265027025_265027028_0,65.0,59.47,61.8,59.85,-5.53
265027028_265027033_0,65.0,59.41,61.39,58.95,-5.59
265027028_265560624_0,65.0,59.14,59.85,58.95,-5.86
265027028_265027025_0,65.0,59.47,61.8,59.85,-5.53
265027033_265027007_0,65.0,59.76,58.96,59.4,-5.24
265027033_265027028_0,65.0,59.45,61.26,58.9,-5.55
265027039_265027025_0,65.0,59.58,59.59,59.7,-5.42
265027040_265027039_0,65.0,59.72,58.1,58.8,-5.28
265027040_265026996_0,65.0,58.05,60.88,57.2,-6.95
265027042_265027056_0,65.0,58.45,58.91,57.65,-6.55
265027042_265027040_0,65.0,60.02,58.8,58.85,-4.98
265027045_265027039_0,65.0,58.25,59.48,56.65,-6.75
265027045_265027056_0,65.0,58.24,55.45,56.1,-6.76
265027045_5315549629_0,70.0,57.41,54.62,55.8,-12.59
265027056_265027040_0,65.0,58.35,58.03,56.75,-6.65
265027056_265027045_0,65.0,58.24,55.45,56.1,-6.76
265027073_265027074_0,65.0,57.38,56.01,56.75,-7.62
265027073_265027004_0,65.0,58.13,60.96,58.85,-6.87
265027073_4167247570_0,60.0,57.34,56.5,56.5,-2.66
265027074_265027073_0,65.0,57.38,56.01,56.75,-7.62
265027074_934030443_0,65.0,57.51,60.77,58.08,-7.49
265027074_7151081803_0,65.0,57.47,56.22,57.8,-7.53
265032971_7873272757_0,75.0,68.98,65.09,65.0,-6.02
265032971_264113902_0,75.0,64.1,67.71,65.9,-10.9
265032973_265032971_0,75.0,69.19,69.04,65.65,-5.81
265032978_946539989_0,75.0,66.81,68.55,67.9,-8.19
265032978_265033008_0,75.0,64.04,70.97,67.4,-10.96
265032980_265032978_0,75.0,66.44,67.64,68.1,-8.56
265032982_265032980_0,75.0,66.31,66.61,64.95,-8.69
265032987_3730553746_0,75.0,61.85,68.66,63.5,-13.15
265032987_13067664931_0,75.0,62.95,68.47,65.78,-12.05
265032993_946539989_0,75.0,64.58,68.4,68.6,-10.42
265033008_1124685325_0,75.0,65.6,65.26,64.5,-9.4
265033013_959302716_0,75.0,64.22,68.9,67.55,-10.78
265033015_264113910_0,75.0,64.46,64.84,65.85,-10.54
265034216_267825173_0,70.0,58.64,57.78,59.34,-11.36
265034227_265034216_0,80.0,58.17,63.12,59.05,-21.83
265034227_1125481685_0,75.0,58.46,65.32,61.75,-16.54
265040828_1618969722_0,65.0,56.22,51.99,53.45,-8.78
265040829_3736001303_0,70.0,60.78,62.73,61.7,-9.22
265040829_265040828_0,70.0,56.67,52.94,54.3,-13.33
265040836_292572689_0,70.0,56.8,58.46,58.15,-13.2
265040838_265040828_0,65.0,56.11,50.98,53.15,-8.89
265040838_3736001303_0,70.0,56.76,59.07,57.05,-13.24
265040848_3744164553_0,65.0,56.55,60.68,58.75,-8.45
265040850_265040848_0,65.0,55.84,55.1,55.7,-9.16
265040850_1618969715_0,65.0,55.92,51.9,53.85,-9.08
265040851_265040852_0,65.0,55.8,55.24,58.35,-9.2
265040851_265040859_0,70.0,55.94,55.77,58.45,-14.06
265040852_1618969695_0,65.0,56.19,56.64,59.15,-8.81
265040852_265040868_0,65.0,56.01,58.07,56.0,-8.99
265040859_445850925_0,70.0,55.84,54.44,58.28,-14.16
265040862_265040859_0,70.0,56.04,58.9,57.6,-13.96
265040864_265040870_0,70.0,56.76,59.29,56.45,-13.24
265040864_265040862_0,70.0,56.51,58.14,58.7,-13.49
265040868_265040870_0,65.0,56.65,58.94,57.0,-8.35
265040868_265040862_0,65.0,56.0,57.09,53.2,-9.0
265040870_1618969688_0,70.0,56.72,57.74,57.05,-13.28
265041475_941384070_0,85.0,69.57,66.92,65.8,-15.43
265041475_59754233_0,80.0,68.2,64.58,64.6,-11.8
265041477_265041475_0,80.0,69.17,67.17,65.9,-10.83
265041477_264520480_0,80.0,67.62,67.22,64.9,-12.38
265041498_213564648_0,70.0,60.58,58.75,59.2,-9.42
265041498_1122581768_0,80.0,68.1,66.68,65.45,-11.9
265041515_1324971890_0,70.0,60.18,60.08,59.25,-9.82
265043689_620852902_0,75.0,63.5,58.3,60.0,-11.5
265043694_265043708_0,75.0,63.48,65.81,63.45,-11.52
265043696_676631237_0,75.0,62.97,63.92,62.45,-12.03
265043708_265043720_0,70.0,63.2,67.36,64.65,-6.8
265043713_256943825_0,70.0,60.78,62.88,60.7,-9.22
265043715_265043713_0,70.0,60.8,60.27,61.25,-9.2
265043715_265560606_0,70.0,60.21,62.01,60.7,-9.79
265043716_4737209824_0,70.0,59.12,63.26,60.5,-10.88
265043720_939268375_0,70.0,63.08,63.55,64.9,-6.92
265043720_265043716_0,70.0,59.51,64.73,63.15,-10.49
265043734_4581306545_0,75.0,65.96,66.06,64.45,-9.04
265043750_265043694_0,75.0,63.52,65.73,63.1,-11.48
265043770_249081379_0,75.0,64.78,70.08,69.25,-10.22
265044023_6567906180_0,55.0,56.9,54.55,53.35,1.9
265044301_1268294948_0,70.0,58.11,61.59,60.6,-11.89
265044301_3908476969_0,70.0,57.5,60.28,63.0,-12.5
265044310_263693390_0,70.0,60.61,59.85,60.4,-9.39
265044310_263693380_0,70.0,58.9,59.4,57.8,-11.1
265045242_265045251_0,70.0,61.26,60.25,61.35,-8.74
265045243_2354211517_0,65.0,56.65,56.02,56.2,-8.35
265045251_263301830_0,75.0,61.51,60.87,62.65,-13.49
265045272_265045243_0,70.0,56.4,56.25,56.75,-13.6
265045272_265045251_0,60.0,56.91,57.44,57.25,-3.09
265045365_264101672_0,55.0,53.5,61.18,56.1,-1.5
265045366_223553069_0,75.0,61.26,66.08,62.5,-13.74
265045366_264101672_0,65.0,55.93,58.08,57.4,-9.07
265560266_265560561_0,70.0,59.52,58.02,59.45,-10.48
265560267_936032862_0,70.0,57.51,60.12,60.6,-12.49
265560267_3057860404_0,70.0,56.89,60.21,59.8,-13.11
265560271_256943825_0,75.0,63.87,62.43,61.0,-11.13
265560272_265560267_0,75.0,57.45,61.23,60.65,-17.55
265560272_625928888_0,75.0,61.95,59.33,60.8,-13.05
265560275_265560590_0,70.0,57.12,58.02,56.23,-12.88
265560275_265560276_0,65.0,58.6,62.7,60.1,-6.4
265560276_265560591_0,70.0,60.45,62.61,59.55,-9.55
265560276_265560278_0,65.0,58.34,60.91,58.25,-6.66
265560278_265560610_0,70.0,59.9,58.2,59.1,-10.1
265560278_265560643_0,65.0,58.07,58.67,58.05,-6.93
265560279_5272774172_0,75.0,61.65,63.63,62.95,-13.35
265560279_1068492357_0,75.0,60.2,60.2,60.2,-14.8
265560283_265560805_0,70.0,62.08,64.33,63.95,-7.92
265560287_265560290_0,70.0,58.72,59.65,60.95,-11.28
265560287_941372948_0,75.0,61.77,64.66,63.25,-13.23
265560290_265560365_0,65.0,57.29,56.36,57.05,-7.71
265560295_265560279_0,70.0,56.4,59.5,56.85,-13.6
265560295_265560296_0,70.0,61.28,64.38,61.45,-8.72
265560296_935991476_0,75.0,62.81,60.96,62.0,-12.19
265560296_4612875306_0,75.0,60.4,62.42,61.05,-14.6
265560300_297503120_0,75.0,63.24,62.52,63.8,-11.76
265560301_598640837_0,75.0,64.87,59.72,64.4,-10.13
265560301_265560295_0,70.0,62.06,67.98,64.45,-7.94
265560305_8897307193_0,75.0,58.39,60.93,59.4,-16.61
265560305_223471772_0,75.0,61.65,63.56,59.26,-13.35
265560312_265560376_0,70.0,57.37,60.68,59.9,-12.63
265560312_265560283_0,75.0,61.97,62.18,63.65,-13.03
265560313_265560290_0,70.0,58.15,57.83,60.1,-11.85
265560313_265560287_0,70.0,61.99,62.71,63.12,-8.01
265560315_265560313_0,70.0,61.03,60.19,60.37,-8.97
265560315_265560366_0,65.0,57.36,58.63,58.05,-7.64
265560365_931804637_0,65.0,56.84,58.56,58.42,-8.16
265560365_265560315_0,65.0,57.13,57.56,57.6,-7.87
265560366_265560598_0,70.0,61.53,60.02,60.75,-8.47
265560367_265560366_0,65.0,57.37,59.1,57.95,-7.63
265560367_265560383_0,65.0,56.99,55.65,56.65,-8.01
265560372_265560469_0,65.0,57.16,53.47,54.3,-7.84
265560372_265560367_0,65.0,57.11,55.31,55.8,-7.89
265560375_1697582424_0,70.0,57.47,55.73,55.9,-12.53
265560376_5550020029_0,70.0,57.05,56.13,57.15,-12.95
265560379_265560384_0,65.0,56.94,58.62,57.35,-8.06
265560379_265560375_0,70.0,57.23,56.78,56.35,-12.77
265560380_265560805_0,65.0,57.63,59.75,60.25,-7.37
265560380_1697582387_0,70.0,56.51,56.99,57.4,-13.49
265560381_265560383_0,65.0,56.68,58.17,57.05,-8.32
265560381_265560366_0,70.0,60.64,62.4,60.5,-9.36
265560383_265560380_0,65.0,56.54,56.5,56.3,-8.46
265560384_934030429_0,75.0,61.02,58.07,59.2,-13.98
265560384_942076365_0,75.0,60.23,58.34,57.2,-14.77
265560405_265560375_0,70.0,57.27,57.35,57.2,-12.73
265560424_265560405_0,65.0,57.54,56.57,55.95,-7.46
265560424_265560574_0,70.0,57.56,55.7,55.1,-12.44
265560469_265560266_0,65.0,57.57,58.79,57.2,-7.43
265560488_265560469_0,65.0,57.36,56.32,55.6,-7.64
265560488_265560367_0,65.0,57.47,56.21,56.45,-7.53
265560510_265560266_0,70.0,59.72,59.93,60.2,-10.28
265560510_265560599_0,65.0,58.02,59.57,58.25,-6.98
265560531_265560605_0,65.0,58.22,58.77,57.95,-6.78
265560531_265560603_0,70.0,60.28,60.05,59.85,-9.72
265560554_265560424_0,65.0,57.5,55.51,55.6,-7.5
265560554_265560562_0,65.0,58.09,57.78,58.5,-6.91
265560561_265560424_0,70.0,57.93,57.76,57.9,-12.07
265560561_265560562_0,70.0,59.48,58.84,58.75,-10.52
265560562_1697582427_0,65.0,58.2,56.31,57.6,-6.8
265560562_620850756_0,70.0,59.47,58.82,59.35,-10.53
265560565_265560622_0,65.0,59.9,59.31,59.35,-5.1
265560566_264103277_0,70.0,57.65,59.78,57.15,-12.35
265560570_287940730_0,75.0,62.11,57.97,59.75,-12.89
265560570_934030483_0,75.0,61.48,58.79,59.8,-13.52
265560573_265560576_0,65.0,58.52,58.57,56.6,-6.48
265560573_265560554_0,65.0,57.74,52.74,54.75,-7.26
265560574_265560573_0,60.0,57.48,54.01,53.1,-2.52
265560574_265560570_0,65.0,57.79,57.88,56.7,-7.21
265560576_263326079_0,70.0,60.69,59.63,59.6,-9.31
265560578_265560596_0,70.0,61.64,61.26,59.65,-8.36
265560578_265560601_0,70.0,60.62,64.18,59.9,-9.38
265560580_265560583_0,65.0,58.34,58.16,57.0,-6.66
265560580_265560578_0,70.0,61.75,59.67,59.95,-8.25
265560581_265560580_0,70.0,62.09,59.72,60.0,-7.91
265560581_265560585_0,70.0,60.77,59.23,59.8,-9.23
265560582_265560578_0,70.0,60.02,63.07,59.35,-9.98
265560582_265560365_0,65.0,57.76,64.32,57.75,-7.24
265560583_265560582_0,65.0,58.12,61.74,57.2,-6.88
265560585_265560583_0,65.0,58.18,59.92,57.2,-6.82
265560585_265560592_0,70.0,60.25,60.44,59.6,-9.75
265560587_265560590_0,65.0,56.78,58.25,55.97,-8.22
265560588_931798221_0,70.0,54.8,56.09,57.9,-15.2
265560588_265560279_0,70.0,56.56,58.09,58.45,-13.44
265560590_265560594_0,65.0,57.42,58.2,57.6,-7.58
265560590_5613309302_0,65.0,57.36,57.43,56.15,-7.64
265560591_265560582_0,75.0,60.28,63.51,59.4,-14.72
265560591_265560592_0,65.0,58.09,58.54,58.2,-6.91
265560592_265560638_0,65.0,58.62,60.31,58.15,-6.38
265560592_265560278_0,70.0,60.2,60.19,59.85,-9.8
265560594_5613309301_0,65.0,58.55,56.59,57.85,-6.45
265560594_265560591_0,65.0,58.3,60.09,58.65,-6.7
265560596_265560315_0,70.0,61.14,58.35,59.95,-8.86
265560598_265560596_0,65.0,58.46,58.33,57.35,-6.54
265560598_265560599_0,65.0,58.05,57.74,56.1,-6.95
265560598_265560601_0,70.0,62.03,62.11,60.05,-7.97
265560599_265560488_0,65.0,57.72,57.03,55.35,-7.28
265560601_265560510_0,70.0,60.08,62.59,59.1,-9.92
265560601_265560602_0,70.0,61.78,61.42,59.15,-8.22
265560602_265560580_0,65.0,58.35,59.19,56.35,-6.65
265560602_265560605_0,65.0,57.87,57.67,56.15,-7.13
265560602_265560603_0,70.0,62.1,63.29,59.95,-7.9
265560603_265560646_0,70.0,61.77,60.42,60.1,-8.23
265560603_265560581_0,70.0,61.28,63.41,59.8,-8.72
265560605_265560510_0,65.0,58.18,59.12,57.9,-6.82
265560606_265560609_0,70.0,60.44,65.58,60.0,-9.56
265560606_265043713_0,70.0,59.6,63.92,61.45,-10.4
265560607_265560606_0,65.0,58.37,60.34,59.25,-6.63
265560607_265560613_0,70.0,60.47,60.41,59.25,-9.53
265560609_265560276_0,70.0,61.12,66.15,59.5,-8.88
265560609_265560610_0,65.0,58.01,58.81,57.05,-6.99
265560610_265560649_0,70.0,60.59,61.83,59.2,-9.41
265560612_265043715_0,70.0,60.06,65.41,60.4,-9.94
265560613_1323634341_0,70.0,58.92,62.22,58.25,-11.08
265560613_265560612_0,60.0,58.29,63.22,60.35,-1.71
265560613_265560616_0,70.0,60.43,61.3,59.7,-9.57
265560614_3094936157_0,70.0,57.45,64.87,59.8,-12.55
265560614_265560612_0,70.0,59.47,63.73,60.65,-10.53
265560616_265560657_0,70.0,59.47,64.0,58.95,-10.53
265560618_3094936156_0,65.0,57.89,58.11,58.3,-7.11
265560618_936040636_0,70.0,59.92,62.43,60.1,-10.08
265560620_936038102_0,65.0,58.14,60.77,59.6,-6.86
265560620_939268375_0,70.0,60.16,63.36,62.8,-9.84
265560622_265560561_0,70.0,57.67,58.45,58.3,-12.33
265560622_265560701_0,65.0,57.26,58.8,58.15,-7.74
265560622_265560531_0,65.0,59.5,59.14,59.6,-5.5
265560624_265560565_0,65.0,59.53,59.74,58.45,-5.47
265560625_265560624_0,65.0,57.84,59.14,56.45,-7.16
265560625_265027033_0,65.0,57.83,57.43,57.4,-7.17
265560629_265560636_0,65.0,58.06,57.82,55.95,-6.94
265560629_265560581_0,70.0,61.87,58.93,60.05,-8.13
265560631_265560646_0,70.0,58.61,54.41,56.7,-11.39
265560631_265560629_0,70.0,61.52,57.58,57.75,-8.48
265560634_265560631_0,65.0,61.9,56.96,57.4,-3.1
265560634_11168307969_0,65.0,57.65,55.44,55.75,-7.35
265560636_265560585_0,65.0,58.18,59.44,57.3,-6.82
265560638_265560636_0,65.0,58.27,56.28,55.15,-6.73
265560638_265560641_0,65.0,57.78,55.29,54.1,-7.22
265560641_265560699_0,65.0,57.32,53.53,55.0,-7.68
265560641_11168307970_0,65.0,57.36,54.78,54.9,-7.64
265560643_265560641_0,65.0,57.47,56.22,54.75,-7.53
265560646_297498268_0,70.0,57.52,54.81,55.8,-12.48
265560646_265560647_0,70.0,61.15,60.56,59.55,-8.85
265560647_265560634_0,65.0,58.01,58.14,56.6,-6.99
265560647_265560709_0,70.0,61.71,62.0,62.5,-8.29
265560649_265560607_0,70.0,60.72,60.89,59.05,-9.28
265560652_1323633992_0,65.0,57.98,57.48,56.35,-7.02
265560652_265560643_0,65.0,57.69,58.9,56.55,-7.31
265560654_265560652_0,65.0,57.54,58.77,56.0,-7.46
265560654_631811224_0,65.0,57.31,58.2,55.85,-7.69
265560657_265560618_0,70.0,60.25,64.63,59.3,-9.75
265560659_265560657_0,65.0,57.75,59.57,56.85,-7.25
265560659_265560691_0,65.0,57.71,56.92,56.8,-7.29
265560661_936038109_0,65.0,57.39,57.03,56.16,-7.61
265560661_265560692_0,65.0,57.38,58.25,56.33,-7.62
265560672_265560689_0,65.0,57.2,56.87,56.23,-7.8
265560672_265560654_0,65.0,57.25,58.22,57.32,-7.75
265560689_265560661_0,70.0,57.32,56.96,55.8,-12.68
265560691_265560659_0,65.0,57.71,56.92,56.8,-7.29
265560691_265560692_0,65.0,57.66,57.68,56.05,-7.34
265560692_265560661_0,65.0,57.38,58.25,56.33,-7.62
265560692_265560654_0,65.0,57.37,59.63,55.95,-7.63
265560694_265560672_0,65.0,57.94,57.12,57.7,-7.06
265560695_297498266_0,70.0,57.53,54.28,55.05,-12.47
265560695_265560531_0,65.0,58.03,59.48,58.0,-6.97
265560697_2423110135_0,70.0,56.93,53.94,54.8,-13.07
265560697_297498069_0,60.0,56.41,54.78,53.9,-3.59
265560699_631811213_0,65.0,57.51,53.09,55.1,-7.49
265560701_5315549628_0,70.0,56.89,51.9,54.15,-13.11
265560706_2423110134_0,65.0,57.2,55.55,57.5,-7.8
265560709_1116760072_0,75.0,62.66,65.24,64.5,-12.34
265560710_265560634_0,65.0,60.84,67.3,62.8,-4.16
265560725_1116760077_0,75.0,66.0,66.19,65.45,-9.0
265560805_265560381_0,70.0,61.7,61.18,62.75,-8.3
265560805_265560287_0,70.0,58.68,58.53,60.9,-11.32
265563521_265563525_0,70.0,56.66,56.74,57.7,-13.34
265563521_265563523_0,65.0,58.73,61.12,58.2,-6.27
265563522_265563524_0,60.0,55.84,56.07,54.6,-4.16
265563522_265563523_0,65.0,56.89,58.17,56.65,-8.11
265563523_264545077_0,65.0,58.8,59.91,58.35,-6.2
265563523_265563533_0,65.0,56.87,59.54,57.05,-8.13
265563524_264545027_0,70.0,56.83,57.05,57.2,-13.17
265563525_265563522_0,60.0,55.96,54.86,54.3,-4.04
265563525_213741638_0,65.0,56.64,57.43,57.3,-8.36
265563528_213741593_0,70.0,58.69,59.58,60.05,-11.31
265563528_2006081568_0,70.0,58.96,58.18,59.55,-11.04
265563533_213741684_0,65.0,56.29,56.55,56.3,-8.71
265563533_265563535_0,70.0,55.58,52.48,54.8,-14.42
265563535_5026581964_0,60.0,55.8,53.49,55.25,-4.2
265563535_265563536_0,65.0,56.1,54.45,56.65,-8.9
265563536_265563598_0,70.0,56.33,61.0,57.15,-13.67
265563544_265563546_0,70.0,56.59,60.18,59.1,-13.41
265563546_213741585_0,70.0,58.18,61.01,58.95,-11.82
265563546_265563559_0,70.0,58.69,61.13,60.0,-11.31
265563552_213741604_0,70.0,56.77,64.05,59.25,-13.23
265563556_265563561_0,65.0,54.61,56.74,56.75,-10.39
265563556_265563558_0,65.0,55.55,60.59,58.82,-9.45
265563556_265563559_0,65.0,56.49,59.16,59.0,-8.51
265563557_213741593_0,65.0,58.28,62.59,60.1,-6.72
265563557_265563559_0,70.0,58.08,61.86,59.6,-11.92
265563558_265563552_0,65.0,55.64,61.16,59.3,-9.36
265563558_265563557_0,60.0,56.5,62.67,59.75,-3.5
265563559_265563557_0,70.0,58.08,61.86,59.6,-11.92
265563559_265563546_0,70.0,58.69,61.13,60.0,-11.31
265563561_265563556_0,65.0,54.61,56.74,56.75,-10.39
265563564_265563567_0,65.0,55.43,54.29,56.52,-9.57
265563564_1314648972_0,65.0,53.46,56.37,57.01,-11.54
265563564_265563565_0,70.0,55.92,58.15,58.57,-14.08
265563565_1972831283_0,75.0,58.5,60.04,60.75,-16.5
265563565_265563564_0,70.0,55.92,58.15,58.57,-14.08
265563565_213598894_0,75.0,58.1,64.98,64.65,-16.9
265563566_265563556_0,65.0,55.31,60.9,57.95,-9.69
265563566_3078312701_0,65.0,55.15,60.87,58.37,-9.85
265563567_265563566_0,65.0,55.42,57.36,56.75,-9.58
265563573_265563576_0,70.0,57.82,58.73,60.5,-12.18
265563573_1972831283_0,70.0,57.86,57.06,60.7,-12.14
265563576_1972831283_0,70.0,58.1,61.03,59.9,-11.9
265563576_1311858424_0,70.0,57.91,62.74,59.85,-12.09
265563594_265563618_0,60.0,53.57,56.22,57.7,-6.43
265563594_1362671188_0,60.0,54.91,56.83,57.85,-5.09
265563594_265563595_0,65.0,56.76,58.93,58.55,-8.24
265563595_265563596_0,65.0,56.7,56.94,58.65,-8.3
265563596_265563597_0,65.0,56.57,57.71,58.2,-8.43
265563597_4526585100_0,70.0,57.18,59.77,58.45,-12.82
265563598_264545340_0,65.0,56.74,57.44,57.55,-8.26
265563598_264545265_0,70.0,55.74,59.74,57.5,-14.26
265563600_264545277_0,65.0,54.92,54.4,53.66,-10.08
265563600_264545333_0,65.0,55.48,58.22,56.2,-9.52
265563612_626123302_0,65.0,55.1,57.08,58.25,-9.9
265563612_1986787785_0,65.0,57.13,60.35,58.7,-7.87
265563613_1986787783_0,70.0,57.62,63.27,58.95,-12.38
265563613_1986787818_0,70.0,57.62,62.28,59.15,-12.38
265563615_265563596_0,60.0,54.0,57.88,57.95,-6.0
265563615_12488296144_0,70.0,57.52,55.66,59.0,-12.48
265563617_931873391_0,70.0,57.47,58.08,58.75,-12.53
265563617_265563595_0,65.0,55.5,57.7,57.9,-9.5
265563618_626123302_0,65.0,53.3,53.85,58.25,-11.7
265563618_265563612_0,70.0,56.79,58.61,59.25,-13.21
265563643_249078306_0,75.0,64.84,72.96,68.45,-10.16
265563862_265563863_0,75.0,62.5,62.52,60.7,-12.5
265563863_264545030_0,60.0,57.45,63.22,59.45,-2.55
265563863_264545367_0,75.0,63.01,64.35,61.65,-11.99
265563865_264545046_0,65.0,56.87,59.41,56.95,-8.13
265563865_264545016_0,70.0,59.1,58.44,59.15,-10.9
265565989_265565991_0,65.0,56.22,53.2,54.88,-8.78
265565989_265565996_0,65.0,56.32,57.96,57.5,-8.68
265565991_265565992_0,65.0,55.81,50.82,54.05,-9.19
265565992_265565994_0,65.0,55.84,55.16,55.85,-9.16
265565992_1485948087_0,65.0,55.21,53.96,53.68,-9.79
265565994_1616939586_0,65.0,56.16,56.25,56.8,-8.84
265565994_265566021_0,65.0,55.57,54.89,56.45,-9.43
265565996_265565998_0,65.0,56.84,58.33,58.4,-8.16
265565996_265566015_0,70.0,56.15,59.0,57.9,-13.85
265565998_265566000_0,65.0,58.18,52.43,57.65,-6.82
265565998_1485948085_0,65.0,56.82,55.44,58.85,-8.18
265566000_213741711_0,75.0,65.21,65.86,65.25,-9.79
265566000_260300608_0,75.0,65.02,62.66,64.8,-9.98
265566002_265565991_0,60.0,55.78,55.13,55.6,-4.22
265566002_265565996_0,70.0,55.89,55.73,57.35,-14.11
265566006_1485948085_0,65.0,57.73,58.91,59.8,-7.27
265566008_265565998_0,65.0,57.05,58.97,57.8,-7.95
265566008_260300608_0,70.0,63.01,63.87,64.15,-6.99
265566011_265566006_0,65.0,56.23,55.42,56.38,-8.77
265566011_265566030_0,65.0,55.67,57.64,57.25,-9.33
265566013_265566011_0,65.0,55.61,54.4,53.37,-9.39
265566013_265566002_0,70.0,55.43,54.79,55.25,-14.57
265566015_1489195753_0,70.0,57.68,57.2,58.25,-12.32
265566015_265566008_0,70.0,60.69,61.34,61.26,-9.31
265566017_1485948079_0,70.0,55.48,53.62,56.25,-14.52
265566017_4570843660_0,65.0,55.28,54.88,56.05,-9.72
265566021_1485948080_0,65.0,55.4,53.22,56.45,-9.6
265566030_265566047_0,65.0,55.68,56.18,57.45,-9.32
265566034_265566036_0,65.0,56.0,57.91,57.27,-9.0
265566034_4663168562_0,60.0,55.21,52.54,55.2,-4.79
265566036_1616939583_0,65.0,55.45,55.61,55.62,-9.55
265566042_265566057_0,65.0,55.13,50.92,56.09,-9.87
265566042_1616939583_0,65.0,54.77,49.27,52.42,-10.23
265566044_265566049_0,60.0,54.69,52.95,51.15,-5.31
265566044_265566042_0,65.0,54.68,51.83,52.62,-10.32
265566045_265566047_0,65.0,55.33,54.87,56.6,-9.67
265566045_265566044_0,65.0,54.9,53.43,51.9,-10.1
265566047_265566063_0,65.0,55.37,55.72,56.37,-9.63
265566049_264545434_0,65.0,55.07,55.22,56.57,-9.93
265566051_265566036_0,65.0,55.34,55.84,55.99,-9.66
265566051_265566055_0,55.0,55.03,53.51,54.4,0.03
265566055_265566059_0,65.0,53.05,53.69,52.15,-11.95
265566057_265566055_0,65.0,53.22,51.69,53.75,-11.78
265566057_265566051_0,60.0,55.15,51.89,56.29,-4.85
265566059_265566063_0,55.0,53.32,53.78,51.85,-1.68
265566063_265566017_0,65.0,55.24,52.54,56.5,-9.76
265566067_416572314_0,75.0,62.2,62.82,60.35,-12.8
265566067_264545432_0,65.0,56.07,57.41,57.82,-8.93
265566069_264545434_0,65.0,55.38,56.18,55.89,-9.62
265566069_416484179_0,60.0,56.39,59.68,57.38,-3.61
265566074_264545381_0,70.0,57.32,55.21,56.45,-12.68
265566074_265566112_0,50.0,56.76,59.07,55.98,6.76
265566076_213741691_0,75.0,63.24,65.33,61.05,-11.76
265566078_258956968_0,75.0,60.28,65.54,62.4,-14.72
265566078_265566076_0,75.0,60.3,67.08,62.0,-14.7
265566081_416523586_0,70.0,57.31,60.9,61.18,-12.69
265566081_4897603954_0,75.0,63.02,64.92,60.65,-11.98
265566085_265566103_0,60.0,55.46,55.76,55.12,-4.54
265566085_264545454_0,65.0,55.51,57.6,56.45,-9.49
265566087_265566099_0,60.0,55.99,52.3,55.15,-4.01
265566088_266360953_0,65.0,55.88,56.8,55.18,-9.12
265566089_265566088_0,65.0,56.22,57.1,57.1,-8.78
265566089_265566106_0,65.0,56.45,55.46,56.59,-8.55
265566090_265566087_0,60.0,55.42,52.21,54.89,-4.58
265566090_264545448_0,65.0,55.64,57.15,56.32,-9.36
265566095_265566096_0,65.0,55.85,53.88,55.58,-9.15
265566095_416523588_0,65.0,55.93,54.5,56.02,-9.07
265566096_265566090_0,65.0,55.76,52.81,55.22,-9.24
265566096_265566095_0,65.0,55.85,53.88,55.58,-9.15
265566097_265566096_0,65.0,56.33,55.66,58.28,-8.67
265566098_265566097_0,65.0,56.74,56.91,59.32,-8.26
265566098_4897603954_0,60.0,57.58,65.27,60.0,-2.42
265566099_265566085_0,60.0,55.5,52.64,54.92,-4.5
265566099_265566098_0,55.0,56.22,57.4,56.92,1.22
265566102_265566108_0,60.0,55.48,58.01,54.67,-4.52
265566103_265566102_0,60.0,55.48,56.07,55.12,-4.52
265566104_265566098_0,60.0,56.64,58.95,58.08,-3.36
265566104_265566103_0,55.0,56.22,56.43,56.82,1.22
265566105_265566104_0,60.0,57.35,61.74,60.42,-2.65
265566105_265566107_0,70.0,62.81,62.16,61.7,-7.19
265566106_265566104_0,65.0,56.69,58.54,58.38,-8.31
265566107_416517347_0,60.0,57.2,59.1,58.38,-2.8
265566107_257886724_0,70.0,62.97,62.83,61.05,-7.03
265566108_265566111_0,60.0,56.04,55.68,54.92,-3.96
265566108_265566106_0,60.0,56.13,56.09,55.78,-3.87
265566111_265566088_0,60.0,55.52,54.14,54.64,-4.48
265566112_265566113_0,70.0,56.08,62.07,55.72,-13.92
265566113_264545381_0,75.0,61.94,60.36,57.65,-13.06
265566114_265566069_0,60.0,55.68,60.75,56.82,-4.32
265566115_265566112_0,65.0,55.8,60.9,56.88,-9.2
265566120_265566074_0,65.0,56.67,55.89,56.1,-8.33
265566120_264545443_0,65.0,55.82,56.17,57.81,-9.18
265566120_265566115_0,55.0,55.57,54.17,54.3,0.57
266186635_249350077_0,65.0,59.93,63.07,61.7,-5.07
266186637_266186642_0,60.0,58.44,58.21,56.98,-1.56
266186637_266186635_0,60.0,59.38,60.03,58.95,-0.62
266186639_249350120_0,70.0,62.0,64.06,60.1,-8.0
266186641_266186637_0,60.0,59.74,57.54,57.7,-0.26
266186641_266186639_0,50.0,59.88,61.46,60.6,9.88
266186642_266186637_0,60.0,58.44,58.21,56.98,-1.56
266186643_4243309003_0,55.0,57.73,54.49,54.92,2.73
266186645_1324965903_0,65.0,57.09,51.5,51.7,-7.91
266186645_249350248_0,65.0,57.04,51.66,52.05,-7.96
266186646_623979721_0,55.0,58.17,58.74,57.9,3.17
266186646_249350182_0,70.0,60.2,59.48,59.6,-9.8
266189410_10733055116_0,70.0,61.86,62.55,60.65,-8.14
266189411_266189410_0,65.0,58.05,57.58,57.15,-6.95
266326618_263345737_0,75.0,67.36,63.55,64.2,-7.64
266326618_30438447_0,75.0,65.56,65.72,65.7,-9.44
266326619_266326620_0,65.0,57.84,60.16,59.1,-7.16
266326619_4496520980_0,70.0,57.85,61.45,59.3,-12.15
266326620_249504841_0,70.0,58.3,60.63,59.55,-11.7
266326620_266326619_0,65.0,57.84,60.16,59.1,-7.16
266327993_3731144656_0,65.0,60.25,62.03,61.2,-4.75
266327994_249502485_0,70.0,59.78,63.3,61.8,-10.22
266327994_303672262_0,80.0,60.75,63.52,59.85,-19.25
266327994_13277960923_0,80.0,66.91,65.97,63.55,-13.09
266328896_30438688_0,85.0,68.98,66.59,65.35,-16.02
266328896_249350077_0,70.0,62.8,64.14,64.05,-7.2
266328897_6436864566_0,85.0,62.87,61.07,61.7,-22.13
266328897_941384070_0,85.0,68.3,62.68,65.15,-16.7
266330001_265045365_1,60.0,53.47,54.58,56.35,-6.53
266330678_266330679_0,70.0,56.45,59.33,57.85,-13.55
266330678_2998261354_0,65.0,57.26,66.68,59.9,-7.74
266330679_266330680_0,70.0,56.22,59.04,56.9,-13.78
266330680_223552999_0,70.0,57.26,64.76,59.6,-12.74
266330680_264101673_0,70.0,56.5,60.23,57.45,-13.5
266330686_937865222_0,70.0,62.31,66.43,64.3,-7.69
266360953_264545465_0,65.0,55.38,53.0,54.78,-9.62
266360953_1314648990_0,65.0,55.79,52.63,55.02,-9.21
266360958_1314649019_0,65.0,55.2,54.01,54.45,-9.8
266360958_416517345_0,55.0,56.68,60.1,57.92,1.68
266360958_266360959_0,65.0,56.26,54.35,55.5,-8.74
266360959_266360958_0,65.0,56.26,54.35,55.5,-8.74
266360959_7196176690_0,60.0,56.4,54.52,56.15,-3.6
266990805_941379628_0,70.0,58.65,59.43,58.95,-11.35
266990805_941379629_0,70.0,59.84,61.91,61.6,-10.16
266990806_4176141502_0,75.0,64.38,63.77,63.47,-10.62
266990806_938867543_0,80.0,59.55,59.56,59.75,-20.45
267102574_3731086413_0,70.0,58.97,64.32,63.65,-11.03
267114282_243066415_0,75.0,63.58,65.38,65.9,-11.42
267114286_297499213_0,75.0,64.46,69.91,66.3,-10.54
267114296_267115396_0,75.0,64.86,65.45,66.2,-10.14
267114298_5286784306_0,70.0,59.36,67.24,62.3,-10.64
267114298_243066370_0,75.0,63.25,61.8,64.5,-11.75
267114310_1075378169_0,75.0,56.27,66.92,68.15,-18.73
267114310_1315204592_0,75.0,62.5,65.78,68.8,-12.5
267115396_243066414_0,75.0,64.75,62.6,66.3,-10.25
267115399_243066412_0,75.0,63.49,65.41,65.55,-11.51
267195009_267195016_0,70.0,64.11,66.3,62.75,-5.89
267195009_306994290_0,70.0,60.95,61.12,63.05,-9.05
267195016_303680538_0,70.0,64.1,64.86,63.2,-5.9
267195024_611075058_0,70.0,60.27,62.61,63.7,-9.73
267195024_303680573_0,70.0,61.17,63.25,64.25,-8.83
267195295_1322287260_0,75.0,53.54,54.58,57.45,-21.46
267195295_267195311_0,75.0,57.1,58.52,59.18,-17.9
267195311_267197120_0,75.0,57.35,57.67,59.22,-17.65
267195312_267195315_0,75.0,55.55,59.54,59.85,-19.45
267195312_267195329_0,65.0,55.06,58.5,58.8,-9.94
267195313_267195318_0,60.0,53.27,52.85,49.2,-6.73
267195313_1267576676_0,60.0,53.16,54.28,49.8,-6.84
267195315_267195295_0,75.0,57.96,61.62,63.35,-17.04
267195318_267703220_0,55.0,53.33,51.38,49.55,-1.67
267195325_267195313_0,65.0,53.17,54.27,48.95,-11.83
267195325_267195318_0,60.0,53.38,53.9,49.55,-6.62
267195329_267195312_0,65.0,55.06,58.5,58.8,-9.94
267195329_267195332_0,65.0,53.89,49.09,47.75,-11.11
267195332_267703243_0,60.0,53.72,48.54,48.85,-6.28
267195335_267195329_0,65.0,53.76,51.57,49.45,-11.24
267195335_267195332_0,65.0,53.85,48.38,49.25,-11.15
267195342_267195343_0,60.0,53.26,51.17,48.3,-6.74
267195343_267195346_0,60.0,53.18,48.87,49.5,-6.82
267195343_1267576676_0,60.0,53.0,49.94,49.45,-7.0
267195346_267195335_0,65.0,53.53,48.61,49.4,-11.47
267195679_267195690_0,55.0,53.8,56.59,51.8,-1.2
267195690_267195695_0,65.0,54.26,59.32,52.3,-10.74
267195690_267195679_0,65.0,54.12,59.29,53.1,-10.88
267195694_267195695_0,65.0,54.44,60.0,52.05,-10.56
267195694_5341285320_0,65.0,54.07,57.88,51.6,-10.93
267195694_1267576080_0,65.0,54.08,58.23,52.05,-10.92
267195695_267195679_0,65.0,54.05,59.63,52.2,-10.95
267195695_267195694_0,65.0,54.44,60.0,52.05,-10.56
267195867_5341285320_0,65.0,53.78,58.38,51.75,-11.22
267195867_1344923225_0,60.0,53.36,55.1,50.55,-6.64
267195871_267195867_0,65.0,53.23,55.79,50.25,-11.77
267195871_1344923225_0,60.0,53.23,53.88,50.85,-6.77
267196142_267196161_0,65.0,51.77,46.25,48.2,-13.23
267196142_267196160_0,60.0,51.85,46.87,48.15,-8.15
267196160_267196142_0,65.0,51.77,46.64,48.55,-13.23
267196161_267196160_0,60.0,51.79,46.17,47.8,-8.21
267196161_267196196_0,65.0,52.52,53.22,49.95,-12.48
267196177_267196179_0,60.0,53.18,49.63,50.1,-6.82
267196177_267196181_0,60.0,53.2,51.15,49.4,-6.8
267196179_267196177_0,65.0,53.13,52.05,50.95,-11.87
267196181_267196179_0,60.0,53.04,50.92,49.5,-6.96
267196181_267196196_0,65.0,53.17,53.22,49.85,-11.83
267196196_267196181_0,65.0,53.16,53.05,49.85,-11.84
267196196_267196161_0,65.0,52.53,53.22,49.95,-12.47
267196196_5341285320_0,70.0,53.51,56.09,51.2,-16.49
267196196_1322287260_0,70.0,53.2,55.65,55.1,-16.8
267196737_267196742_0,65.0,53.62,48.74,50.65,-11.38
267196742_267197118_0,70.0,53.64,51.87,49.8,-16.36
267196742_267196737_0,70.0,53.69,49.86,50.15,-16.31
267197118_267196737_0,70.0,53.42,53.18,50.6,-16.58
267197118_267197119_0,70.0,53.27,52.24,55.45,-16.73
267197119_267197118_0,70.0,53.27,52.24,55.45,-16.73
267197119_259485160_0,80.0,53.2,54.97,54.95,-26.8
267197120_259485160_0,80.0,56.88,57.71,58.79,-23.12
267197120_267197119_0,75.0,53.28,57.41,54.45,-21.72
267197512_274101240_0,75.0,64.5,59.46,57.81,-10.5
267197517_4823697191_0,75.0,64.17,61.09,57.61,-10.83
267197519_267197535_0,75.0,61.82,62.43,55.3,-13.18
267197519_1120609645_0,75.0,63.46,62.55,57.46,-11.54
267197527_248956759_0,70.0,63.24,62.35,59.8,-6.76
267197527_267197519_0,70.0,63.95,61.71,55.45,-6.05
267197529_1124783389_0,70.0,62.79,59.42,57.91,-7.21
267197529_267197517_0,75.0,63.95,60.8,57.31,-11.05
267197531_267197529_0,75.0,62.56,60.29,58.01,-12.44
267197531_267197517_0,75.0,62.0,64.37,55.6,-13.0
267197535_1320176502_0,75.0,59.85,58.07,61.04,-15.15
267198143_1976395246_0,70.0,62.71,59.07,59.88,-7.29
267198144_691370870_0,75.0,64.26,57.29,57.66,-10.74
267198144_267198145_0,75.0,63.81,59.76,56.0,-11.19
267198145_267197527_0,70.0,64.51,59.34,56.45,-5.49
267198147_1619563477_0,70.0,65.35,61.71,62.3,-4.65
267198147_1619563477_1,70.0,65.01,62.12,62.15,-4.99
267201230_315059128_0,70.0,59.78,61.0,62.35,-10.22
267201230_267201232_0,65.0,60.68,56.89,55.55,-4.32
267201232_267201234_0,65.0,61.24,56.43,56.65,-3.76
267201234_263853952_0,65.0,61.13,55.53,56.7,-3.87
267201736_264111574_0,50.0,56.93,58.65,56.08,6.93
267243418_297504580_0,60.0,58.25,54.53,53.47,-1.75
267703210_267703212_0,50.0,53.83,54.26,50.3,3.83
267703212_267703210_0,50.0,53.83,54.26,50.3,3.83
267703212_267703229_0,55.0,53.54,52.11,49.3,-1.46
267703220_267703229_0,55.0,53.49,52.82,49.1,-1.51
267703220_267703212_0,55.0,53.51,52.87,49.2,-1.49
267703229_267195325_0,60.0,53.18,51.22,51.0,-6.82
267703240_267195342_0,60.0,53.48,50.15,48.7,-6.52
267703240_267703251_0,55.0,53.8,51.53,48.75,-1.2
267703243_267195342_0,60.0,53.48,49.5,48.4,-6.52
267703243_267703240_0,60.0,53.6,49.2,48.4,-6.4
267703251_267703240_0,55.0,53.8,51.53,48.75,-1.2
267724145_263699276_0,75.0,64.73,67.94,65.45,-10.27
267724145_296395834_0,75.0,65.32,67.13,61.6,-9.68
267823887_267823894_0,60.0,55.26,50.33,49.25,-4.74
267823894_267825176_0,65.0,54.9,49.63,49.1,-10.1
267823894_267823887_0,65.0,54.95,48.96,49.7,-10.05
267825140_267825178_0,65.0,55.31,51.82,49.7,-9.69
267825140_267825149_0,65.0,55.27,51.8,49.9,-9.73
267825149_267825167_0,65.0,55.32,52.96,50.95,-9.68
267825164_267825140_0,60.0,55.25,51.88,51.4,-4.75
267825167_6338235587_0,65.0,54.99,50.76,50.8,-10.01
267825167_267825164_0,65.0,55.02,51.33,50.75,-9.98
267825171_984653592_0,70.0,55.83,55.34,56.45,-14.17
267825171_267825178_0,65.0,55.58,57.66,55.9,-9.42
267825173_267825171_0,70.0,55.67,53.93,55.6,-14.33
267825173_984653592_0,75.0,59.02,60.59,59.01,-15.98
267825176_267823887_0,65.0,54.93,52.83,49.25,-10.07
267825176_6338235587_0,65.0,55.05,51.9,49.6,-9.95
267825178_267825149_0,65.0,55.32,51.27,50.45,-9.68
267825178_267825171_0,65.0,55.58,57.66,55.9,-9.42
268479829_268479847_0,60.0,54.12,47.16,47.9,-5.88
268479846_268479829_0,65.0,54.31,47.03,47.25,-10.69
268479847_268479846_0,60.0,54.75,46.24,47.85,-5.25
268479847_268479902_0,60.0,54.31,49.14,47.55,-5.69
268479879_268479882_0,55.0,56.14,55.13,54.22,1.14
268479879_268479880_0,50.0,55.49,48.58,51.0,5.49
268479880_268479879_0,50.0,55.51,48.0,51.1,5.51
268479882_268479879_0,55.0,56.14,55.13,54.22,1.14
268479882_268479885_0,60.0,56.25,54.28,54.6,-3.75
268479882_4414925723_0,55.0,56.68,54.16,58.38,1.68
268479885_268479882_0,60.0,56.25,54.28,54.6,-3.75
268479902_268479846_0,65.0,54.6,49.96,48.65,-10.4
268479913_268479936_0,45.0,56.15,51.94,53.15,11.15
268479951_249088100_0,75.0,62.24,62.57,60.65,-12.76
268479951_268479956_0,50.0,59.52,62.4,58.4,9.52
268479952_4147206599_0,75.0,65.17,61.76,60.3,-9.83
268479952_965006466_0,75.0,64.96,61.34,62.45,-10.04
268479956_268479957_0,60.0,60.01,62.1,59.1,0.01
268479956_268479952_0,55.0,59.56,58.59,59.68,4.56
268479957_268479951_0,75.0,63.24,64.0,60.6,-11.76
268479957_268480011_0,65.0,60.07,61.73,59.45,-4.93
268479994_263821470_0,70.0,59.22,61.59,59.7,-10.78
268479995_268479994_0,70.0,60.05,64.04,60.1,-9.95
268479998_263821472_0,65.0,59.0,61.88,61.05,-6.0
268480011_268480012_0,60.0,59.21,59.04,59.35,-0.79
268480012_41145879_0,75.0,66.88,65.54,62.85,-8.12
268631676_264098980_0,75.0,63.28,62.37,59.4,-11.72
268631676_2383653836_0,70.0,60.35,62.11,59.2,-9.65
268631676_934030442_0,75.0,64.99,60.47,63.3,-10.01
268886955_6388253338_0,55.0,57.73,59.9,62.1,2.73
268886955_3818025796_0,60.0,58.51,56.56,56.15,-1.49
268886956_13375692142_0,50.0,54.69,67.63,65.1,4.69
268887002_12644190971_0,65.0,58.86,54.91,57.85,-6.14
268887004_3818025802_0,60.0,59.3,59.32,59.3,-0.7
270435076_41346033_0,45.0,59.41,61.3,66.5,14.41
270435104_270435132_0,45.0,61.24,63.75,65.15,16.24
270435121_13316348265_0,50.0,61.07,70.07,68.15,11.07
270435125_270435121_0,50.0,60.71,68.0,65.0,10.71
270435132_270435125_0,50.0,61.26,65.23,64.95,11.26
271157748_271157929_0,50.0,53.73,65.94,66.95,3.73
271157929_1619563473_0,55.0,54.39,67.13,66.25,-0.61
271157929_387126267_0,55.0,55.08,66.29,67.25,0.08
274101233_267198147_0,50.0,62.44,60.15,59.41,12.44
274101240_267198143_0,70.0,63.9,63.07,57.61,-6.1
274101240_1124783389_0,70.0,64.49,62.89,56.45,-5.51
274101243_1619563480_0,70.0,65.53,62.1,62.45,-4.47
274101243_1619563490_0,70.0,65.37,59.46,62.15,-4.63
274101250_302889889_0,70.0,63.1,67.07,62.85,-6.9
274101250_2594333342_0,70.0,63.55,62.79,63.8,-6.45
274103528_59475407_0,70.0,58.24,62.72,60.7,-11.76
274103528_1612596804_0,70.0,60.51,62.18,60.8,-9.49
274103531_469993760_0,65.0,57.87,62.94,60.45,-7.13
274103531_2667395111_0,70.0,59.72,56.9,60.1,-10.28
274103532_9891272564_0,80.0,66.36,67.98,65.65,-13.64
274103532_1139305194_0,80.0,63.59,68.81,65.55,-16.41
274103533_919731542_0,75.0,61.22,65.34,62.15,-13.78
274103533_248932628_0,75.0,66.63,70.63,65.2,-8.37
274103534_8281831852_0,70.0,58.79,61.88,59.05,-11.21
274103534_274103533_0,70.0,59.7,62.92,61.25,-10.3
274103535_274103536_0,70.0,57.73,55.41,58.0,-12.27
274103536_274103547_0,65.0,57.37,57.9,57.45,-7.63
274103536_919729653_0,65.0,58.89,61.35,59.1,-6.11
274103537_263695624_0,75.0,58.37,57.75,56.65,-16.63
274103537_12087087103_0,75.0,60.71,57.83,56.35,-14.29
274103539_3090285565_0,65.0,58.36,58.72,59.95,-6.64
274103539_274103547_0,65.0,57.96,58.95,59.9,-7.04
274103547_274103537_0,75.0,57.68,58.64,55.25,-17.32
274103554_4663069112_0,80.0,58.51,61.33,61.75,-21.49
274103554_939084185_0,75.0,61.09,59.28,61.83,-13.91
274103555_274103531_0,65.0,58.05,62.76,60.45,-6.95
274103555_248932624_0,65.0,57.33,59.55,60.35,-7.67
274103556_8319105494_0,70.0,57.91,62.73,58.8,-12.09
274103556_469991896_0,70.0,56.82,59.37,57.1,-13.18
274103556_274103557_0,70.0,59.33,63.04,62.4,-10.67
274103557_274103556_0,70.0,59.34,63.04,62.4,-10.66
274103557_6738099512_0,75.0,59.35,66.26,61.2,-15.65
274103559_8312283475_0,65.0,57.39,60.74,56.9,-7.61
274103559_983086482_0,65.0,57.34,56.36,55.95,-7.66
283248099_283248100_0,65.0,59.36,60.01,59.35,-5.64
283248100_1122775561_0,70.0,60.26,60.4,61.6,-9.74
283248100_428504484_0,70.0,59.13,57.48,59.15,-10.87
283248262_283248264_0,70.0,61.29,62.68,61.95,-8.71
283248264_1122775560_0,70.0,61.3,61.75,62.25,-8.7
283248264_3206421653_0,70.0,61.53,59.05,59.5,-8.47
283248367_611760451_0,60.0,57.45,57.65,57.85,-2.55
283248367_3731778716_0,60.0,59.8,59.84,58.35,-0.2
283248367_436623592_0,70.0,59.96,61.23,58.05,-10.04
283248370_527174903_0,75.0,58.49,62.29,57.25,-16.51
283248370_611760546_0,70.0,59.12,60.67,58.15,-10.88
283248371_283248373_0,70.0,58.3,61.27,58.4,-11.7
283248371_611760449_0,65.0,56.43,59.28,58.05,-8.57
283248373_1475331037_0,70.0,58.39,63.06,57.8,-11.61
283248373_3731778658_0,70.0,58.27,62.52,57.4,-11.73
283248560_283248561_0,55.0,63.65,68.74,68.2,8.65
283248561_1475331042_0,60.0,63.61,66.24,66.8,3.61
287561219_30438370_0,75.0,66.33,71.21,66.15,-8.67
287561235_420594900_0,60.0,64.61,65.42,65.08,4.61
287561235_420594902_0,65.0,56.6,66.99,65.95,-8.4
287561239_5499087491_0,60.0,57.1,63.62,62.2,-2.9
287561239_2594285269_0,60.0,63.15,63.92,65.35,3.15
287561247_441389561_0,60.0,63.95,66.05,63.3,3.95
287561247_4901650450_0,60.0,58.1,67.93,62.45,-1.9
287564765_2605946384_0,65.0,56.24,54.97,55.37,-8.76
287564765_7673218732_0,65.0,56.38,62.95,60.85,-8.62
287564765_983090742_0,65.0,56.74,59.32,56.7,-8.26
287566618_1332251752_0,70.0,59.99,62.82,61.3,-10.01
287566618_248932620_0,70.0,58.39,64.69,60.85,-11.61
287566621_274103532_0,80.0,67.14,70.41,66.25,-12.86
287566621_263698476_0,65.0,58.77,65.46,61.85,-6.23
287566623_248932619_0,70.0,58.57,62.2,60.7,-11.43
287566623_248922057_0,70.0,58.78,61.9,61.3,-11.22
287588363_428793339_0,70.0,59.83,61.92,64.9,-10.17
287588363_249245917_0,70.0,59.27,63.5,63.65,-10.73
287588376_422901585_0,70.0,56.66,65.45,63.55,-13.34
287588376_923152996_0,65.0,55.51,63.23,61.85,-9.49
287588376_1618940956_0,70.0,61.77,63.08,65.0,-8.23
287623828_249504723_0,65.0,57.99,60.15,56.75,-7.01
287627723_4293082973_0,65.0,59.71,56.12,55.6,-5.29
287627723_287627730_0,65.0,59.93,56.06,58.55,-5.07
287627730_9929862849_0,65.0,61.01,56.42,58.3,-3.99
287627730_297503189_0,65.0,60.82,54.42,59.2,-4.18
287627735_249088083_0,75.0,64.07,66.38,61.45,-10.93
287627745_287627723_0,65.0,58.85,59.79,56.75,-6.15
287627745_287627858_0,70.0,59.62,58.97,60.1,-10.38
287627774_287627880_0,60.0,57.4,56.14,58.25,-2.6
287627835_287627880_0,65.0,57.37,56.91,56.8,-7.63
287627835_287627774_0,65.0,57.88,59.76,56.88,-7.12
287627843_287627848_0,70.0,59.61,60.93,60.5,-10.39
287627843_266189410_0,70.0,61.95,62.13,60.25,-8.05
287627848_287627902_0,55.0,58.15,60.04,58.85,3.15
287627848_287627745_0,65.0,58.72,58.91,58.45,-6.28
287627858_287627843_0,70.0,62.28,61.63,60.95,-7.72
287627902_287627835_0,65.0,57.84,59.11,58.65,-7.16
287627911_7354744460_0,45.0,56.24,50.34,54.0,11.24
287627911_10733055116_0,65.0,56.73,59.13,59.15,-8.27
287627911_287952227_0,45.0,56.01,53.55,53.75,11.01
287932256_264103292_0,70.0,59.31,61.93,60.45,-10.69
287932256_287932274_0,65.0,57.37,59.99,57.85,-7.63
287932274_264103291_0,60.0,57.03,56.16,56.84,-2.97
287940719_264103255_0,60.0,56.76,54.16,54.55,-3.24
287940719_287940725_0,70.0,57.93,47.5,55.85,-12.07
287940725_264103256_0,75.0,63.37,63.97,63.75,-11.63
287940726_287940719_0,65.0,56.55,53.83,53.15,-8.45
287940726_287940728_0,70.0,56.25,58.86,55.78,-13.75
287940728_287940726_0,70.0,56.25,58.86,55.78,-13.75
287940730_934030466_0,75.0,62.25,62.16,59.15,-12.75
287940730_265560570_0,75.0,62.11,57.97,59.75,-12.89
287940751_287932256_0,70.0,59.68,62.69,59.85,-10.32
287940754_264103259_0,70.0,57.74,59.68,55.6,-12.26
287940754_264103254_0,65.0,56.57,57.84,54.18,-8.43
287940756_264103268_0,65.0,57.8,56.01,54.35,-7.2
287940759_287940756_0,70.0,57.57,60.9,62.1,-12.43
287940760_287940765_0,65.0,56.24,57.36,58.19,-8.76
287940760_13285026883_0,70.0,54.5,58.75,57.48,-15.5
287940762_264103254_0,65.0,56.55,55.97,55.22,-8.45
287940762_287944693_0,70.0,56.61,54.83,54.48,-13.39
287940762_287940760_0,75.0,56.41,60.3,56.05,-18.59
287940765_287940760_0,65.0,56.24,57.36,58.19,-8.76
287944693_264103258_0,65.0,56.58,56.28,55.0,-8.42
287946846_419331664_0,80.0,64.79,60.52,62.9,-15.21
287946846_13551337071_0,80.0,60.06,61.46,62.25,-19.94
287946847_287946846_0,70.0,58.41,62.24,59.7,-11.59
287946847_263313596_0,70.0,57.69,58.98,57.75,-12.31
287946848_287946849_0,70.0,58.57,60.77,59.16,-11.43
287946848_252406080_0,75.0,64.41,60.6,62.85,-10.59
287946849_287946847_0,70.0,57.58,58.1,57.7,-12.42
287952157_625897216_0,65.0,56.8,60.1,57.5,-8.2
287952157_287952168_0,65.0,56.09,56.92,57.3,-8.91
287952165_5380869424_0,65.0,56.8,56.84,59.4,-8.2
287952166_287952165_0,65.0,56.79,60.8,61.6,-8.21
287952168_1423125767_0,65.0,54.2,55.06,55.45,-10.8
287952168_287952169_0,60.0,56.22,55.74,57.23,-3.78
287952169_287952192_0,65.0,56.39,57.42,59.58,-8.61
287952169_287952182_0,65.0,56.56,58.68,59.0,-8.44
287952172_265043750_0,70.0,61.97,63.21,63.75,-8.03
287952172_287952184_0,70.0,57.39,54.91,57.17,-12.61
287952181_287952169_0,65.0,56.2,57.04,56.22,-8.8
287952182_287952183_0,60.0,56.97,53.73,57.34,-3.03
287952182_287952181_0,65.0,56.16,57.04,57.24,-8.84
287952183_287952184_0,55.0,57.61,52.93,57.22,2.61
287952183_1743699461_0,65.0,56.95,54.66,56.67,-8.05
287952184_287952181_0,65.0,56.7,52.23,57.42,-8.3
287952184_287952183_0,55.0,57.61,52.93,57.22,2.61
287952190_287952166_0,65.0,56.93,62.25,61.35,-8.07
287952190_1323633883_0,65.0,56.48,54.51,57.28,-8.52
287952191_1323633883_0,65.0,57.02,57.32,55.91,-7.98
287952192_287952190_0,65.0,56.54,58.65,59.88,-8.46
287952192_287952193_0,55.0,56.39,57.66,56.78,1.39
287952193_287952192_0,55.0,56.39,57.66,56.78,1.39
287952213_1324965424_0,70.0,59.19,60.41,59.9,-10.81
287952213_1068492438_0,75.0,62.98,63.57,63.75,-12.02
287952227_287627911_0,45.0,56.01,53.55,53.75,11.01
288567406_264537305_0,70.0,58.86,59.61,58.8,-11.14
288567408_288567455_0,65.0,54.25,53.79,55.92,-10.75
288567408_288567406_0,65.0,54.46,53.33,53.65,-10.54
288567455_1315000605_0,65.0,54.07,54.78,55.77,-10.93
288567455_5359959126_0,55.0,52.1,53.6,52.9,-2.9
288570865_264537300_0,65.0,52.86,55.97,52.13,-12.14
288570865_288570867_0,65.0,54.54,53.77,53.25,-10.46
288570867_264537300_0,65.0,54.43,55.61,55.6,-10.57
288580909_264537381_0,65.0,56.2,54.92,54.4,-8.8
288580909_264537271_0,65.0,56.68,56.65,54.7,-8.32
288583065_264537271_0,65.0,57.04,57.47,57.15,-7.96
288583065_762058892_0,65.0,57.0,56.79,57.2,-8.0
288583065_1956435152_0,65.0,55.6,52.67,53.75,-9.4
288583066_762058892_0,65.0,57.36,54.77,55.9,-7.64
288595497_4192534957_0,65.0,58.83,56.76,57.85,-6.17
288595497_288583065_0,65.0,58.0,57.75,57.95,-7.0
288595523_939246879_0,75.0,62.07,63.19,62.85,-12.93
288595525_264528890_0,80.0,61.62,65.79,62.55,-18.38
288595525_264537289_0,65.0,55.53,59.67,56.67,-9.47
290374783_263301826_0,70.0,61.59,62.99,64.3,-8.41
290374783_1128031337_0,75.0,63.59,64.78,64.65,-11.41
290381172_290381176_0,75.0,64.2,64.89,64.9,-10.8
290381176_297326181_0,65.0,57.55,58.07,57.1,-7.45
290381176_941293395_0,75.0,64.27,63.09,64.4,-10.73
290381189_445850934_0,70.0,55.34,54.31,56.95,-14.66
290381189_628128370_0,70.0,55.59,55.97,56.95,-14.41
290381189_13387542869_0,70.0,55.66,55.1,55.65,-14.34
291711151_291711153_0,70.0,58.52,52.2,55.0,-11.48
291711153_291711151_0,70.0,58.52,52.2,55.2,-11.48
291716579_59749790_0,70.0,58.99,62.6,61.5,-11.01
291716832_59749790_0,75.0,65.36,64.78,64.8,-9.64
292555997_675703813_0,75.0,63.8,66.54,64.25,-11.2
292562679_915432913_0,75.0,60.69,56.58,59.93,-14.31
292572689_265040850_0,65.0,55.95,54.86,55.65,-9.05
296374841_296374845_0,65.0,57.18,54.68,51.02,-7.82
296374845_265025343_0,65.0,57.63,54.15,51.42,-7.37
296374845_265025363_0,65.0,57.13,52.42,50.55,-7.87
296374847_1619563247_0,70.0,56.84,49.01,49.2,-13.16
296376073_296376074_0,70.0,61.23,60.69,61.8,-8.77
296376074_410188422_0,70.0,61.25,60.69,61.6,-8.75
296376074_1619563410_0,70.0,61.06,60.87,61.45,-8.94
296376081_10204975132_0,70.0,61.8,61.86,60.1,-8.2
296376081_296376085_0,70.0,60.95,60.54,60.8,-9.05
296376085_2615335252_0,70.0,61.11,60.83,61.25,-8.89
296385772_263701664_0,65.0,59.72,60.55,57.7,-5.28
296386910_30438634_0,75.0,69.23,63.92,65.15,-5.77
296386910_30438607_0,75.0,66.9,66.68,65.75,-8.1
296392071_921128143_0,70.0,64.17,55.65,58.82,-5.83
296392072_296392071_0,70.0,64.78,66.05,64.1,-5.22
296392072_296392079_0,75.0,63.19,65.29,64.15,-11.81
296392079_296403298_0,70.0,62.61,65.02,64.1,-7.39
296392079_30438551_0,70.0,64.09,63.21,63.35,-5.91
296394959_1619563157_0,65.0,59.23,62.82,58.85,-5.77
296394959_267724145_0,65.0,61.96,68.68,64.0,-3.04
296394960_30438537_0,75.0,65.13,63.12,63.25,-9.87
296394965_296394960_0,70.0,57.05,61.97,59.9,-12.95
296394965_296395838_0,65.0,57.83,59.73,57.91,-7.17
296394969_249785396_0,65.0,61.34,57.45,58.6,-3.66
296395832_296394969_0,65.0,59.41,61.08,59.65,-5.59
296395834_296394960_0,75.0,64.73,60.85,60.85,-10.27
296395838_296394959_0,65.0,58.7,63.33,59.8,-6.3
296396558_1619563178_0,65.0,59.32,63.21,59.8,-5.68
296396558_296394959_0,65.0,61.34,65.96,59.65,-3.66
296397442_296397461_0,70.0,61.27,55.84,58.25,-8.73
296397442_296397461_1,65.0,59.27,56.59,57.65,-5.73
296397461_296397478_0,70.0,61.45,54.51,58.65,-8.55
296397461_3718665013_0,70.0,59.74,57.84,57.85,-10.26
296397478_248924058_0,70.0,63.2,58.71,60.82,-6.8
296397478_296397486_0,70.0,60.84,56.26,58.0,-9.16
296397481_5657370711_0,70.0,59.53,55.13,56.35,-10.47
296397485_296397491_0,75.0,58.95,56.25,55.45,-16.05
296397485_248924058_0,70.0,61.25,56.84,58.7,-8.75
296397486_296397478_0,70.0,60.84,56.26,58.0,-9.16
296397486_296397488_0,75.0,60.68,57.46,57.4,-14.32
296397488_5657370695_0,75.0,59.23,56.57,55.25,-15.77
296397491_296397481_0,70.0,59.04,51.47,53.65,-10.96
296397491_296397485_0,75.0,58.95,56.25,55.45,-16.05
296397540_248924088_0,60.0,57.29,53.77,51.6,-2.71
296397559_248924040_0,65.0,58.28,52.96,53.55,-6.72
296397634_296397636_0,60.0,58.73,49.49,48.75,-1.27
296397634_249092441_0,60.0,58.7,49.49,49.0,-1.3
296397634_249092442_0,65.0,59.16,53.51,55.55,-5.84
296397636_296397634_0,60.0,58.73,49.49,48.75,-1.27
296399581_30438760_0,70.0,63.49,63.54,63.05,-6.51
296399581_2594320117_0,75.0,62.06,63.45,62.05,-12.94
296399883_156249704_0,65.0,58.75,56.48,59.0,-6.25
296399883_296399884_0,70.0,61.7,62.04,60.0,-8.3
296399884_265025348_0,65.0,58.99,60.12,59.3,-6.01
296399884_265025339_0,70.0,61.74,59.85,59.75,-8.26
296403298_296399581_0,70.0,61.98,65.51,62.55,-8.02
296404702_5910312290_0,75.0,55.25,58.95,64.7,-19.75
296404702_5910312289_0,70.0,54.92,57.4,55.45,-15.08
296404705_296404711_0,65.0,55.01,56.17,52.9,-9.99
296404705_296404759_0,65.0,55.35,56.67,54.08,-9.65
296404705_296409891_0,65.0,55.82,56.84,57.05,-9.18
296404705_5910312289_0,65.0,55.1,56.48,54.8,-9.9
296404711_296404759_0,65.0,55.02,53.07,53.2,-9.98
296404711_2667308282_0,65.0,54.6,49.93,52.22,-10.4
296404759_1332251314_0,70.0,55.41,54.19,53.5,-14.59
296404759_296404705_0,65.0,55.36,56.67,54.08,-9.64
296404780_296416221_0,65.0,56.76,61.12,59.92,-8.24
296407028_1328388473_0,75.0,57.52,65.15,62.05,-17.48
296407028_1116259632_0,75.0,59.2,60.97,62.5,-15.8
296407029_1115015859_0,75.0,63.88,67.54,66.18,-11.12
296407029_296407035_0,75.0,59.32,60.58,63.65,-15.68
296407035_442117949_0,60.0,57.48,59.9,62.7,-2.52
296407035_296407037_0,75.0,59.21,62.7,63.6,-15.79
296407037_296407045_0,75.0,59.11,58.14,63.36,-15.89
296407045_1115015859_0,75.0,58.76,62.26,63.81,-16.24
296407045_436618112_0,70.0,56.27,64.24,60.88,-13.73
296407062_296407065_0,75.0,59.42,62.37,62.4,-15.58
296407065_1075626554_0,70.0,57.77,61.18,61.63,-12.23
296407065_296407069_0,75.0,59.6,60.35,62.58,-15.4
296407069_296407028_0,75.0,59.23,61.3,63.24,-15.77
296409883_296409908_0,60.0,55.45,53.68,51.9,-4.55
296409883_1075626582_0,65.0,56.08,56.71,57.1,-8.92
296409891_296404705_0,65.0,55.82,56.84,57.05,-9.18
296409891_296404780_0,65.0,56.3,57.65,56.85,-8.7
296409908_296409883_0,60.0,55.4,52.89,51.95,-4.6
296416221_296407069_0,70.0,57.73,61.08,62.72,-12.27
296416221_1075626554_0,70.0,57.64,63.02,61.38,-12.36
296416225_263698449_0,65.0,56.55,60.88,57.78,-8.45
296416225_296416235_0,65.0,56.74,59.95,57.35,-8.26
296416233_263698454_0,65.0,56.12,56.15,58.9,-8.88
296416235_296416225_0,65.0,56.74,59.95,57.35,-8.26
296416235_296416237_0,65.0,56.98,63.09,60.3,-8.02
296416237_263698451_0,65.0,56.95,64.7,62.07,-8.05
296416237_263698492_0,70.0,57.35,65.07,63.13,-12.65
296465806_942629428_0,75.0,57.7,59.12,58.87,-17.3
296483918_1273377689_0,65.0,60.19,63.07,59.7,-4.81
296483918_59756397_0,75.0,67.47,67.83,65.35,-7.53
296483934_296483941_0,65.0,60.18,56.96,56.8,-4.82
296483934_30438397_0,75.0,66.99,64.73,64.65,-8.01
296483941_296483918_0,75.0,67.14,64.98,66.05,-7.86
296483955_30438473_0,75.0,67.98,66.53,65.85,-7.02
296483955_30438397_0,75.0,63.24,64.18,64.6,-11.76
296483964_296483971_0,65.0,59.38,56.72,59.28,-5.62
296483964_1619563177_0,70.0,60.11,57.25,56.85,-9.89
296483971_296395832_0,70.0,59.6,57.06,59.1,-10.4
296483978_263701679_0,65.0,58.61,57.97,56.35,-6.39
296483978_296483986_0,65.0,58.64,59.93,57.1,-6.36
296483986_263695649_0,75.0,62.46,62.48,60.4,-12.54
296484006_263701682_0,60.0,58.57,54.04,54.3,-1.43
296897106_296897110_0,70.0,64.6,63.47,65.05,-5.4
296897110_263700461_0,70.0,64.77,66.22,65.05,-5.23
296897110_263701605_0,70.0,61.45,61.64,58.7,-8.55
296897164_1456072951_0,70.0,58.3,56.15,57.15,-11.7
296897164_263781913_0,65.0,58.43,55.76,59.45,-6.57
296912402_249092427_0,70.0,61.19,57.77,58.65,-8.81
296912404_296912407_0,65.0,58.26,51.64,51.7,-6.74
296912404_296912402_0,60.0,59.02,59.46,57.8,-0.98
296912405_296912402_0,70.0,61.23,57.8,59.0,-8.77
296912405_296912407_0,60.0,58.88,57.47,58.25,-1.12
296912407_296912408_0,65.0,57.9,53.53,53.7,-7.1
296912408_296912410_0,65.0,58.28,53.48,55.65,-6.72
296912410_296912415_0,65.0,58.52,55.1,56.5,-6.48
296912410_296912411_0,55.0,59.3,60.67,59.36,4.3
296912411_156249779_0,70.0,62.18,62.59,63.57,-7.82
296912413_296912411_0,70.0,62.39,61.49,63.9,-7.61
296912413_296912415_0,50.0,59.19,60.29,59.2,9.19
296912415_296912416_0,65.0,58.51,53.51,56.05,-6.49
296912416_296912419_0,65.0,58.25,53.52,55.75,-6.75
296912416_156249819_0,60.0,59.42,55.41,58.05,-0.58
296912419_296912416_0,65.0,58.25,53.52,55.75,-6.75
296912419_296912421_0,65.0,58.06,54.05,56.1,-6.94
296912421_296912422_0,70.0,59.58,60.4,58.65,-10.42
296912421_5916635347_0,70.0,59.7,61.86,59.45,-10.3
296912422_156249762_0,75.0,62.84,64.3,63.95,-12.16
296912424_249092415_0,65.0,58.64,56.38,56.95,-6.36
296912425_249092417_0,70.0,61.99,56.88,58.05,-8.01
296912425_296912424_0,65.0,59.5,62.21,58.35,-5.5
296912458_4020601295_0,65.0,57.57,52.33,51.0,-7.43
296912458_4836621977_0,65.0,57.46,54.3,51.15,-7.54
296943745_919736299_0,80.0,60.66,60.29,59.8,-19.34
296954718_296961227_0,75.0,66.57,69.77,66.3,-8.43
296954718_1395008253_0,75.0,62.72,67.17,65.95,-12.28
296961227_30438370_0,75.0,66.05,69.25,66.0,-8.95
296961233_2015426389_0,70.0,61.2,66.06,64.25,-8.8
296961233_965821834_0,70.0,60.97,66.29,63.7,-9.03
296961241_436617825_0,75.0,59.55,60.14,60.2,-15.45
296961245_296961249_0,70.0,59.36,58.63,62.65,-10.64
296961249_436617331_0,60.0,56.67,60.02,57.98,-3.33
296961249_13171815261_0,70.0,59.44,58.77,62.3,-10.56
296961251_296961326_0,70.0,59.0,57.94,62.24,-11.0
296961266_438648004_0,70.0,58.17,60.36,58.4,-11.83
296961266_296961296_0,70.0,57.64,61.56,58.05,-12.36
296961273_296961314_0,60.0,55.45,60.59,58.7,-4.55
296961273_296961313_0,70.0,58.3,62.37,58.8,-11.7
296961274_438651984_0,70.0,58.69,59.4,59.4,-11.31
296961286_296961241_0,75.0,58.61,57.58,59.05,-16.39
296961286_965821831_0,75.0,59.69,59.26,59.0,-15.31
296961287_436617881_0,65.0,56.78,58.45,58.05,-8.22
296961287_296961241_0,75.0,60.01,59.02,59.55,-14.99
296961290_296961319_0,65.0,55.22,57.94,57.75,-9.78
296961290_296961323_0,70.0,57.59,58.96,59.7,-12.41
296961293_369648446_0,70.0,54.99,58.72,58.6,-15.01
296961293_296961303_0,70.0,57.08,61.94,59.45,-12.92
296961295_442118531_0,45.0,54.97,57.93,57.2,9.97
296961295_1387329773_0,65.0,57.33,58.38,58.75,-7.67
296961296_296961266_0,70.0,57.64,61.56,58.05,-12.36
296961296_428504470_0,60.0,55.4,55.96,56.35,-4.6
296961296_296961305_0,70.0,57.57,60.37,58.2,-12.43
296961297_369648388_0,65.0,57.71,61.0,58.8,-7.29
296961298_369648387_0,60.0,55.74,58.14,58.0,-4.26
296961298_296961301_0,65.0,57.89,57.56,59.2,-7.11
296961301_4583456669_0,65.0,58.32,60.75,59.55,-6.68
296961303_1387246026_0,65.0,54.63,59.37,59.2,-10.37
296961303_6536867811_0,65.0,57.25,62.34,58.95,-7.75
296961305_296961273_0,70.0,57.59,62.8,58.6,-12.41
296961312_442118579_0,65.0,55.42,57.87,58.2,-9.58
296961312_442118613_0,70.0,57.14,60.08,59.2,-12.86
296961313_296961315_0,65.0,56.06,59.28,58.95,-8.94
296961313_438653371_0,70.0,58.96,61.41,59.45,-11.04
296961314_1387246013_0,60.0,55.03,55.88,54.35,-4.97
296961315_296961314_0,65.0,54.88,53.44,54.02,-10.12
296961315_296961312_0,65.0,55.2,57.55,58.7,-9.8
296961316_296961315_0,65.0,55.42,51.58,53.49,-9.58
296961316_296961321_0,60.0,55.85,58.95,57.8,-4.15
296961317_296961316_0,70.0,55.52,51.62,53.84,-14.48
296961317_296961274_0,65.0,55.99,59.09,58.1,-9.01
296961318_296961317_0,65.0,55.63,52.45,54.69,-9.37
296961319_296961318_0,65.0,55.5,54.42,54.84,-9.5
296961320_296961319_0,65.0,55.82,59.76,58.65,-9.18
296961320_438651340_0,70.0,58.48,61.65,59.3,-11.52
296961321_438652699_0,70.0,58.3,59.1,59.0,-11.7
296961322_296961318_0,55.0,56.06,58.96,57.35,1.06
296961322_438648969_0,70.0,58.65,57.22,58.85,-11.35
296961323_296961317_0,65.0,55.72,57.8,58.6,-9.28
296961323_296961312_0,70.0,57.48,58.56,59.55,-12.52
296961324_442117712_0,70.0,57.55,58.64,60.3,-12.45
296961325_296961327_0,70.0,58.99,60.48,59.6,-11.01
296961326_296961324_0,70.0,58.8,57.95,62.28,-11.2
296961326_296961327_0,55.0,56.38,60.92,59.93,1.38
296961326_442118334_0,65.0,56.41,56.71,58.55,-8.59
296961327_421382734_0,60.0,56.44,58.09,57.85,-3.56
296961327_436618049_0,70.0,58.47,59.89,60.3,-11.53
296961342_442118829_0,70.0,61.18,65.93,60.6,-8.82
296961342_442117933_0,70.0,60.72,70.27,64.05,-9.28
296961351_442118051_0,55.0,56.33,60.53,60.95,1.33
297326011_919407407_0,75.0,63.71,62.5,63.45,-11.29
297326011_933272792_0,70.0,63.69,59.07,64.4,-6.31
297326023_1618969702_0,70.0,60.19,61.94,58.75,-9.81
297326023_297326061_0,70.0,60.17,60.61,58.2,-9.83
297326041_6515317256_0,70.0,62.38,61.97,62.9,-7.62
297326041_919407409_0,70.0,62.84,63.95,63.25,-7.16
297326059_297326061_0,70.0,57.84,58.49,55.2,-12.16
297326059_297326023_0,70.0,60.1,58.87,57.7,-9.9
297326061_1619563460_0,65.0,56.96,57.88,56.25,-8.04
297326061_931620739_0,70.0,60.25,57.93,58.05,-9.75
297326067_297326071_0,65.0,57.39,58.74,58.45,-7.61
297326067_2507825498_0,65.0,57.54,55.76,56.1,-7.46
297326071_297333625_0,65.0,62.94,61.79,61.6,-2.06
297326111_445851221_0,65.0,56.41,60.62,57.3,-8.59
297326121_2507825499_0,65.0,56.25,53.49,55.42,-8.75
297326121_2512646594_0,65.0,56.49,56.11,55.95,-8.51
297326140_1619563508_0,75.0,60.32,64.39,63.25,-14.68
297326140_956188542_0,75.0,64.71,63.36,64.55,-10.29
297326158_297326165_0,70.0,60.87,61.19,60.95,-9.13
297326158_297326218_0,70.0,63.37,62.32,60.75,-6.63
297326165_297326223_0,70.0,60.59,64.03,60.2,-9.41
297326169_1619563501_0,65.0,57.54,61.55,58.8,-7.46
297326169_1618969773_0,65.0,59.24,60.78,59.9,-5.76
297326175_1616950119_0,65.0,60.2,61.97,61.5,-4.8
297326175_2500504643_0,65.0,58.9,59.99,59.85,-6.1
297326181_290381176_0,65.0,57.55,58.07,57.1,-7.45
297326181_1616950120_0,65.0,57.9,60.19,58.05,-7.1
297326181_626874343_0,70.0,56.29,55.73,55.31,-13.71
297326187_297340095_0,75.0,64.04,57.86,59.82,-10.96
297326187_297326188_0,75.0,59.3,58.24,58.0,-15.7
297326188_297326140_0,75.0,65.31,64.21,64.65,-9.69
297326188_297326140_1,70.0,60.47,62.17,62.35,-9.53
297326218_2508187675_0,70.0,63.58,61.52,61.3,-6.42
297326223_297340101_0,65.0,58.58,62.77,58.25,-6.42
297326223_2539433677_0,70.0,59.86,61.57,59.55,-10.14
297326224_297340108_0,75.0,64.84,61.43,60.2,-10.16
297326224_297326158_0,70.0,62.27,62.48,61.3,-7.73
297333612_297333622_0,75.0,58.1,60.68,59.45,-16.9
297333612_800418358_0,75.0,61.9,62.13,62.3,-13.1
297333613_297333612_0,65.0,57.17,59.21,58.65,-7.83
297333613_931852381_0,60.0,56.64,56.97,54.05,-3.36
297333616_944984510_0,65.0,56.62,57.64,58.1,-8.38
297333618_4030076963_0,65.0,56.43,60.07,56.3,-8.57
297333619_4030076963_0,65.0,61.43,61.28,61.05,-3.57
297333620_931859239_0,65.0,56.9,57.63,56.75,-8.1
297333621_297333612_0,70.0,60.99,59.62,58.25,-9.01
297333621_297333620_0,65.0,57.21,54.72,56.7,-7.79
297333622_944984507_0,70.0,64.82,60.92,59.8,-5.18
297333622_1619563217_0,70.0,57.91,61.08,59.25,-12.09
297333625_297333635_0,65.0,57.89,58.84,57.45,-7.11
297333625_297333619_0,65.0,62.24,61.78,61.2,-2.76
297333630_297333620_0,65.0,57.25,54.81,55.9,-7.75
297333634_297333619_0,65.0,55.4,57.15,56.05,-9.6
297333634_297333620_0,65.0,55.29,56.76,56.55,-9.71
297333635_297333630_0,70.0,57.42,56.31,56.65,-12.58
297333636_297333635_0,65.0,58.34,59.32,56.85,-6.66
297333636_263268495_0,70.0,61.73,59.98,59.95,-8.27
297333637_297333636_0,70.0,61.69,59.89,60.3,-8.31
297333640_297333637_0,75.0,61.14,59.82,60.2,-13.86
297333640_297326071_0,75.0,62.75,60.62,61.28,-12.25
297333644_297340050_0,70.0,61.01,62.0,61.2,-8.99
297333644_297326224_0,75.0,65.54,60.71,62.0,-9.46
297333647_297340108_0,70.0,58.89,56.96,58.5,-11.11
297333647_297333648_0,70.0,58.24,58.18,58.8,-11.76
297333648_297340093_0,65.0,58.15,59.63,58.65,-6.85
297333648_297333649_0,70.0,58.46,60.86,59.88,-11.54
297333649_297340094_0,75.0,63.92,59.77,62.05,-11.08
297339887_297333644_0,70.0,65.87,61.05,60.05,-4.13
297339889_297340019_0,65.0,56.81,55.75,54.5,-8.19
297339893_5256324916_0,65.0,59.13,60.83,57.05,-5.87
297339893_297339948_0,65.0,57.2,58.89,56.7,-7.8
297339893_297339977_0,65.0,59.06,58.92,57.6,-5.94
297339897_6374466526_0,70.0,60.76,62.33,64.5,-9.24
297339897_297340109_0,70.0,59.78,64.88,62.0,-10.22
297339921_297339897_0,70.0,60.87,63.16,62.4,-9.13
297339921_6374466526_0,75.0,60.96,62.04,62.9,-14.04
297339937_297339944_0,65.0,59.8,59.17,57.5,-5.2
297339937_297339945_0,65.0,57.64,58.87,57.45,-7.36
297339938_297339963_0,65.0,57.3,57.49,58.75,-7.7
297339938_297339939_0,65.0,57.23,53.9,55.5,-7.77
297339939_297340039_0,65.0,57.33,55.74,55.35,-7.67
297339939_297333647_0,65.0,57.92,56.3,56.65,-7.08
297339940_297340039_0,65.0,57.86,55.65,55.9,-7.14
297339940_297333647_0,70.0,58.32,59.29,58.35,-11.68
297339944_297339937_0,65.0,59.8,59.17,57.5,-5.2
297339944_5256324916_0,65.0,59.95,60.18,57.85,-5.05
297339945_297339938_0,65.0,56.83,53.88,56.3,-8.17
297339946_297339945_0,65.0,56.66,56.13,55.65,-8.34
297339946_297339944_0,65.0,57.59,59.31,56.85,-7.41
297339948_297339971_0,65.0,56.39,54.33,53.55,-8.61
297339948_297339946_0,65.0,56.78,55.0,54.05,-8.22
297339958_297339938_0,65.0,57.49,58.45,58.55,-7.51
297339958_297339946_0,65.0,56.79,54.61,56.45,-8.21
297339963_297340109_0,65.0,57.64,63.34,57.6,-7.36
297339964_297339979_0,60.0,56.4,52.99,54.6,-3.6
297339964_1619563207_0,65.0,57.07,59.65,57.72,-7.93
297339965_297339986_0,60.0,55.95,60.5,54.5,-4.05
297339967_297339971_0,65.0,56.43,55.89,54.25,-8.57
297339967_5566205017_0,60.0,56.58,53.9,51.1,-3.42
297339967_297339977_0,60.0,57.26,57.95,56.3,-2.74
297339971_1619563207_0,65.0,56.52,55.46,55.55,-8.48
297339977_5256324914_0,65.0,58.84,60.97,57.15,-6.16
297339977_297339893_0,65.0,59.06,58.92,57.6,-5.94
297339978_297333622_0,75.0,66.02,63.36,63.1,-8.98
297339978_800418358_0,75.0,61.32,60.11,62.2,-13.68
297339979_5453990533_0,80.0,56.57,52.99,54.05,-23.43
297339979_297339986_0,55.0,56.35,56.13,51.92,1.35
297339980_297339994_0,65.0,57.54,58.84,58.75,-7.46
297339980_5453990533_0,70.0,56.84,56.03,54.7,-13.16
297339985_5453990533_0,70.0,56.5,57.77,55.25,-13.5
297339986_297339965_0,60.0,55.95,60.5,54.5,-4.05
297339986_297339979_0,55.0,56.35,56.13,51.92,1.35
297339994_1619563361_0,65.0,57.65,54.18,56.2,-7.35
297339994_297340011_0,65.0,57.31,55.37,58.2,-7.69
297340011_297340027_0,65.0,57.0,54.47,57.42,-8.0
297340019_297340035_0,65.0,57.02,55.99,55.15,-7.98
297340019_297340011_0,65.0,57.04,56.53,54.68,-7.96
297340027_297339964_0,65.0,56.75,55.73,57.75,-8.25
297340027_9917615030_0,65.0,56.49,54.56,54.08,-8.51
297340035_1619563398_0,65.0,57.58,57.63,56.85,-7.42
297340039_297340055_0,65.0,56.73,55.61,55.5,-8.27
297340039_297339958_0,60.0,57.08,53.13,55.75,-2.92
297340044_297339939_0,65.0,57.36,58.3,58.35,-7.64
297340044_297339963_0,65.0,57.43,57.6,56.35,-7.57
297340050_297340055_0,65.0,58.04,59.1,57.75,-6.96
297340050_297339940_0,70.0,58.44,60.62,58.4,-11.56
297340055_297340035_0,65.0,57.09,55.91,55.7,-7.91
297340093_297340044_0,65.0,57.65,57.8,58.3,-7.35
297340094_6516334687_0,75.0,64.21,65.83,61.55,-10.79
297340094_297340093_0,70.0,58.78,65.01,61.75,-11.22
297340095_260548849_0,75.0,64.95,62.87,64.95,-10.05
297340096_5315544442_0,70.0,60.62,61.18,58.72,-9.38
297340096_2868039060_0,70.0,60.55,59.06,58.27,-9.45
297340096_6519047121_0,70.0,60.93,59.73,58.52,-9.07
297340101_1619563476_0,65.0,58.66,61.17,59.85,-6.34
297340104_3957076698_0,75.0,67.92,67.07,63.9,-7.08
297340104_297340101_0,65.0,58.59,60.56,59.3,-6.41
297340104_4030102001_0,75.0,66.88,63.77,62.85,-8.12
297340106_264113896_0,75.0,69.94,66.94,64.7,-5.06
297340106_939099173_0,75.0,65.83,61.3,65.3,-9.17
297340108_4030102001_0,75.0,65.62,59.34,61.15,-9.38
297340108_933907013_0,75.0,59.66,55.57,59.45,-15.34
297340109_10784556181_0,65.0,59.26,59.17,60.05,-5.74
297340109_297339897_0,70.0,59.78,64.88,62.0,-10.22
297340111_5256324920_0,65.0,57.06,54.16,56.68,-7.94
297493269_297493271_0,60.0,54.14,50.69,52.58,-5.86
297493269_264540585_0,60.0,54.45,52.36,53.02,-5.55
297493271_9758084623_0,65.0,54.09,50.55,53.0,-10.91
297493271_9758084624_0,65.0,54.17,51.22,52.5,-10.83
297493276_3880702610_0,60.0,54.31,52.75,52.32,-5.69
297493276_1315000605_0,60.0,53.95,55.38,53.6,-6.05
297493314_471825464_0,75.0,62.96,71.76,70.15,-12.04
297498069_265560697_0,60.0,56.41,54.78,53.9,-3.59
297498265_265560697_0,65.0,56.96,56.64,55.3,-8.04
297498265_297498267_0,60.0,57.27,56.95,55.97,-2.73
297498266_5856195599_0,70.0,57.67,53.6,54.6,-12.33
297498266_265560697_0,70.0,57.12,52.34,54.95,-12.88
297498267_297498269_0,60.0,57.52,58.03,56.37,-2.48
297498268_5856195598_0,70.0,57.88,54.17,54.55,-12.12
297498268_265560695_0,70.0,57.43,54.65,55.25,-12.57
297498269_265560647_0,65.0,57.78,59.58,57.62,-7.22
297499213_9839667363_0,75.0,65.31,66.47,64.65,-9.69
297499213_9834017718_0,65.0,61.91,63.54,63.15,-3.09
297503120_268631676_0,65.0,59.45,63.07,59.95,-5.55
297503120_598215642_0,80.0,63.96,61.73,61.75,-16.04
297503189_941539672_0,75.0,61.43,59.37,59.5,-13.57
297503189_249082630_0,70.0,64.83,62.33,63.2,-5.17
297504579_30438759_0,70.0,58.75,60.98,59.3,-11.25
297504579_249077650_0,70.0,57.05,64.51,63.95,-12.95
297504580_267243418_0,60.0,58.25,54.53,53.47,-1.75
297504580_297504579_0,60.0,58.43,54.19,56.53,-1.57
297507575_263340813_0,70.0,66.37,72.1,67.35,-3.63
297507575_1596873027_0,75.0,62.7,69.54,67.7,-12.3
297507599_297511662_0,70.0,58.28,59.07,59.2,-11.72
297507622_297507599_0,70.0,60.37,64.8,64.8,-9.63
297507622_30575382_0,75.0,65.96,68.05,66.5,-9.04
297507626_297507666_0,65.0,57.42,58.71,57.3,-7.58
297507626_1395083834_0,70.0,59.75,66.9,66.01,-10.25
297507630_441756094_0,70.0,57.86,62.09,58.45,-12.14
297507630_297507575_0,70.0,60.24,68.79,67.2,-9.76
297507666_297507599_0,70.0,57.46,60.51,58.9,-12.54
297507672_297507678_0,65.0,56.3,52.88,55.35,-8.7
297507672_297507666_0,70.0,56.73,57.21,58.1,-13.27
297507676_297507626_0,70.0,57.68,58.16,58.7,-12.32
297507678_297507683_0,65.0,56.52,53.87,55.15,-8.48
297507681_297507678_0,65.0,56.87,57.82,58.0,-8.13
297507681_297507688_0,70.0,59.12,59.95,59.35,-10.88
297507681_1510712399_0,70.0,58.49,60.3,60.45,-11.51
297507683_297507688_0,45.0,57.57,59.42,58.1,12.57
297507683_297507676_0,65.0,56.84,57.36,57.55,-8.16
297507688_297507630_0,70.0,59.55,62.26,59.7,-10.45
297511662_1326393711_0,65.0,58.67,57.27,59.25,-6.33
297511662_1326394161_0,65.0,56.34,56.46,57.15,-8.66
297511673_1307609211_0,70.0,57.99,57.6,56.9,-12.01
297511673_297511681_0,70.0,60.29,57.85,58.45,-9.71
297511673_297513075_0,70.0,60.43,59.55,58.9,-9.57
297511674_1792069518_0,65.0,55.94,50.4,52.8,-9.06
297511674_1830723189_0,70.0,56.34,48.64,53.4,-13.66
297511677_6469490510_0,70.0,61.7,62.49,61.88,-8.3
297511677_1307609338_0,65.0,57.41,65.38,59.15,-7.59
297511677_297511681_0,70.0,60.32,61.04,60.52,-9.68
297511679_1307609211_0,70.0,57.31,55.94,53.4,-12.69
297511679_297511703_0,70.0,57.06,55.1,51.85,-12.94
297511680_297511679_0,65.0,56.2,54.56,50.95,-8.8
297511680_1307609248_0,60.0,56.07,52.33,54.7,-3.93
297511681_297511673_0,70.0,60.29,57.85,58.45,-9.71
297511681_297511677_0,70.0,60.32,61.04,60.52,-9.68
297511703_1830723186_0,70.0,56.86,53.63,52.1,-13.14
297511703_297511679_0,70.0,57.06,55.1,51.85,-12.94
297511703_1307609338_0,60.0,56.09,56.43,51.65,-3.91
297511721_2018982065_0,65.0,57.61,59.04,58.55,-7.39
297511721_1488944968_0,65.0,55.22,54.09,57.1,-9.78
297513063_1307751541_0,65.0,55.57,56.14,56.4,-9.43
297513075_297513078_0,60.0,59.05,61.7,57.55,-0.95
297513075_1830723189_0,70.0,57.9,58.49,56.4,-12.1
297513075_297511673_0,70.0,60.43,59.55,58.9,-9.57
297513078_1488944968_0,60.0,55.55,55.47,56.75,-4.45
297513078_1830723186_0,70.0,56.88,58.33,57.75,-13.12
297513078_297513102_0,70.0,58.33,57.74,58.35,-11.67
297513084_297513102_0,70.0,59.69,60.15,57.8,-10.31
297513084_12125253592_0,65.0,58.59,60.26,59.0,-6.41
297513102_297513078_0,70.0,58.33,57.74,58.35,-11.67
297513102_1307751423_0,70.0,59.38,59.81,57.15,-10.62
297514017_297514018_0,60.0,52.18,55.02,53.85,-7.82
297514017_297514029_0,65.0,55.82,58.28,56.85,-9.18
297514018_297514017_0,60.0,52.18,55.02,53.85,-7.82
297514018_297514026_0,60.0,52.41,47.33,49.16,-7.59
297514018_297514026_1,60.0,52.23,45.86,48.81,-7.77
297514026_297514029_0,60.0,53.11,53.19,56.1,-6.89
297514029_297511721_0,65.0,56.35,56.4,59.0,-8.65
297521594_30438567_0,75.0,64.73,66.77,66.75,-10.27
297521595_297521594_0,75.0,59.51,64.62,62.2,-15.49
297521595_421412407_0,75.0,67.34,67.57,65.6,-7.66
297521614_515707010_0,60.0,54.56,50.66,50.35,-5.44
297521615_297521595_0,65.0,57.24,60.25,57.17,-7.76
297521615_515707010_0,65.0,55.32,49.78,51.7,-9.68
297521616_297521617_0,60.0,56.09,53.11,55.5,-3.91
297521616_297521615_0,60.0,56.31,56.86,55.56,-3.69
297521626_1246618732_0,70.0,64.41,61.85,64.05,-5.59
297521626_263336603_0,70.0,65.11,63.35,65.1,-4.89
297521628_1246618253_0,70.0,64.21,63.57,64.3,-5.79
297521628_263336564_0,70.0,64.03,60.18,64.05,-5.97
297523318_256133325_0,75.0,68.18,69.71,65.25,-6.82
297523322_6606441633_0,60.0,57.09,67.3,65.05,-2.91
302889889_348796056_0,70.0,64.62,62.11,64.3,-5.38
302909483_264545158_0,65.0,55.15,51.88,49.95,-9.85
302909483_762058838_0,70.0,54.5,49.38,48.4,-15.5
303287177_960187408_0,65.0,62.4,59.04,60.4,-2.6
303287177_316059898_0,65.0,58.87,66.31,59.95,-6.13
303340029_30459591_0,75.0,62.07,62.62,62.73,-12.93
303661906_249350125_0,75.0,61.0,62.75,61.8,-14.0
303661906_135562868_0,75.0,65.91,63.63,61.45,-9.09
303665509_264524094_0,60.0,59.22,61.8,60.2,-0.78
303665509_428580928_0,60.0,58.42,59.84,58.0,-1.58
303665530_264524094_0,60.0,58.03,56.75,56.52,-1.97
303665547_264524046_0,65.0,57.85,58.88,57.75,-7.15
303665547_264524092_0,55.0,57.34,58.27,55.8,2.34
303672262_263361371_0,75.0,62.09,65.69,62.2,-12.91
303680504_263242706_0,70.0,63.59,64.31,62.95,-6.41
303680533_267195009_0,70.0,64.05,65.23,62.55,-5.95
303680538_303680504_0,70.0,63.65,65.52,63.55,-6.35
303680538_306588227_0,70.0,62.57,59.73,63.0,-7.43
303680573_303680576_0,70.0,61.37,62.63,64.25,-8.63
303680576_267197512_0,75.0,62.53,58.71,61.75,-12.47
303680576_691479758_0,70.0,61.35,63.3,64.4,-8.65
306399683_263853945_0,65.0,61.68,56.54,59.15,-3.32
306399683_306399686_0,65.0,60.59,60.83,58.1,-4.41
306399686_306399694_0,65.0,60.31,63.54,62.3,-4.69
306399694_267195016_0,70.0,61.11,63.0,62.45,-8.89
306399694_306994290_0,65.0,59.99,62.25,62.35,-5.01
306427392_306427394_0,70.0,48.03,56.88,59.68,-21.97
306427394_4174049908_0,70.0,47.96,57.47,59.82,-22.04
306427397_308025579_0,70.0,47.96,56.62,60.02,-22.04
306427397_306427399_0,70.0,47.83,59.73,57.0,-22.17
306427399_306427401_0,70.0,47.86,56.84,57.08,-22.14
306427401_1509945263_0,70.0,47.96,58.51,57.55,-22.04
306427405_306582804_0,70.0,48.13,60.39,57.25,-21.87
306427405_306427392_0,70.0,48.06,57.25,57.3,-21.94
306427408_815082339_0,65.0,50.45,64.81,55.1,-14.55
306427408_264273583_0,65.0,48.93,64.39,55.2,-16.07
306427413_306582806_0,65.0,50.2,61.7,55.7,-14.8
306427413_306427419_0,65.0,50.44,64.84,54.5,-14.56
306427415_306427413_0,65.0,50.56,61.86,55.7,-14.44
306427419_264273588_0,65.0,50.23,61.54,55.7,-14.77
306427420_306427415_0,65.0,50.62,61.5,56.3,-14.38
306430952_309355456_0,55.0,55.6,64.93,64.47,0.6
306430955_4562070164_0,45.0,56.53,66.81,57.85,11.53
306430961_310241636_0,60.0,54.38,65.7,68.0,-5.62
306430961_907931541_0,50.0,55.93,60.89,57.75,5.93
306582804_306582806_0,70.0,48.58,58.45,59.3,-21.42
306582804_306427392_0,70.0,48.22,57.5,59.4,-21.78
306582806_306427419_0,65.0,50.17,62.66,55.15,-14.83
306582806_306582804_0,70.0,48.58,58.45,59.3,-21.42
306583541_1523284329_0,70.0,47.16,56.45,58.42,-22.84
306583541_308025579_0,70.0,47.7,57.06,58.45,-22.3
306583543_306583541_0,65.0,42.25,58.47,56.2,-22.75
306583543_812173763_0,65.0,42.56,58.75,56.82,-22.44
306583558_812173702_0,60.0,41.93,56.07,56.0,-18.07
306583558_306583559_0,65.0,42.38,58.48,57.2,-22.62
306583559_12983169674_0,65.0,47.3,58.73,57.9,-17.7
306583559_355732238_0,65.0,47.8,57.59,59.05,-17.2
306585105_306585116_0,70.0,51.66,60.55,59.7,-18.34
306585105_939968284_0,75.0,57.02,66.11,64.55,-17.98
306585116_252658109_0,70.0,51.05,47.56,47.65,-18.95
306588223_306588233_0,70.0,62.67,60.84,64.1,-7.33
306588227_5343674063_0,70.0,62.38,59.56,63.75,-7.62
306588233_303680504_0,70.0,62.83,63.38,62.8,-7.17
306588233_306588227_0,70.0,62.55,63.76,64.1,-7.45
306994290_306994294_0,65.0,59.83,64.43,62.5,-5.17
306994294_306399686_0,65.0,59.98,62.59,62.7,-5.02
306994294_263853945_0,65.0,60.65,63.61,57.55,-4.35
307335029_156576509_0,75.0,63.88,61.29,64.0,-11.12
307335029_156576503_0,75.0,59.16,60.0,58.8,-15.84
307335034_156576503_0,75.0,63.98,63.91,64.3,-11.02
307335034_156576509_0,75.0,59.27,61.94,58.8,-15.73
307338077_1126848511_0,75.0,65.52,63.09,64.95,-9.48
308025579_3838214666_0,70.0,47.79,57.57,57.68,-22.21
308025579_306583541_0,70.0,47.7,57.06,58.45,-22.3
308025586_309354018_0,60.0,47.55,59.3,55.85,-12.45
309353998_309354009_0,60.0,47.7,59.66,55.7,-12.3
309354003_309354014_0,60.0,47.54,59.94,55.78,-12.46
309354003_310243313_0,60.0,47.37,57.94,57.18,-12.63
309354009_355738114_0,60.0,47.68,59.69,56.02,-12.32
309354009_355738115_0,50.0,47.73,58.61,55.42,-2.27
309354014_308025586_0,60.0,47.54,58.49,57.28,-12.46
309354018_309353998_0,60.0,47.63,59.69,55.75,-12.37
309355456_1444709463_0,65.0,52.16,64.24,64.32,-12.84
309355456_3730657427_0,60.0,55.47,66.91,64.68,-4.53
310078965_156263657_0,80.0,61.69,66.59,64.85,-18.31
310078965_156263660_0,70.0,59.76,63.74,60.69,-10.24
310078965_310078969_0,80.0,67.04,67.92,65.25,-12.96
310078969_964637484_0,80.0,67.71,65.26,65.1,-12.29
310078969_263781671_0,75.0,61.45,63.72,63.65,-13.55
310240845_919907254_0,70.0,43.51,58.42,57.2,-26.49
310240845_12119009697_0,70.0,48.98,62.93,63.7,-21.02
310240845_12119009698_0,70.0,47.81,60.19,63.6,-22.19
310240847_4375530617_0,65.0,49.2,57.51,57.8,-15.8
310240847_12119009697_0,65.0,49.25,64.82,64.0,-15.75
310241630_310241632_0,70.0,53.83,56.93,56.6,-16.17
310241630_919682881_0,70.0,55.54,57.46,60.07,-14.46
310241632_310241634_0,65.0,54.25,57.59,59.5,-10.75
310241634_1147285044_0,55.0,54.13,62.04,58.15,-0.87
310241634_310241636_0,65.0,54.13,57.41,59.3,-10.87
310241636_1444709610_0,65.0,53.43,57.1,56.95,-11.57
310241638_310241646_0,65.0,55.18,57.58,60.12,-9.82
310241646_1147285052_0,60.0,49.71,60.39,57.1,-10.29
310241646_310241630_0,65.0,55.28,57.74,60.22,-9.72
310243313_12983169674_0,60.0,47.32,57.82,58.1,-12.68
310243313_309354014_0,55.0,47.33,57.94,57.08,-7.67
310243595_1271400361_0,65.0,48.81,55.0,56.85,-16.19
310243598_355732239_0,65.0,47.95,53.87,58.62,-17.05
310243599_1497207145_0,65.0,47.87,57.82,57.58,-17.13
310243599_310243595_0,65.0,47.92,58.57,55.98,-17.08
310244299_310244300_0,50.0,51.4,52.34,53.15,1.4
310244299_1505832759_0,50.0,52.84,52.42,53.85,2.84
310244299_1774942027_0,50.0,51.58,54.07,53.1,1.58
310244300_310244299_0,50.0,51.4,52.34,53.15,1.4
310266148_1561547487_0,65.0,51.07,57.91,55.75,-13.93
310266148_530185983_0,65.0,50.93,58.43,55.35,-14.07
310266148_1561547360_0,50.0,49.34,53.8,52.45,-0.66
310415027_348796202_0,70.0,64.64,64.05,63.65,-5.36
315059128_315059129_0,70.0,57.8,63.02,62.9,-12.2
315059129_4560198760_0,65.0,54.48,55.46,57.35,-10.52
315059129_315059131_0,70.0,57.7,62.97,62.9,-12.3
315059131_315059132_0,70.0,57.43,63.19,62.95,-12.57
315059132_315059138_0,70.0,55.92,64.46,63.0,-14.08
315059132_9881553099_0,70.0,57.54,63.14,63.05,-12.46
315059138_626876821_0,70.0,52.08,60.89,62.05,-17.92
315059141_626876967_0,70.0,52.28,63.9,61.95,-17.72
315059141_1930715828_0,70.0,54.6,63.08,57.59,-15.4
316059898_249350173_0,65.0,57.11,61.5,56.7,-7.89
316059898_303287177_0,65.0,58.87,66.31,59.95,-6.13
323092847_420684464_0,60.0,55.95,60.02,54.75,-4.05
323092847_614635782_0,65.0,58.16,59.73,57.15,-6.84
323092960_1618941235_0,65.0,57.85,60.94,56.4,-7.15
323092977_1618941285_0,70.0,60.06,58.21,58.2,-9.94
323092977_420684509_0,70.0,59.24,54.57,58.05,-10.76
323092980_1618941245_0,70.0,59.46,57.02,57.6,-10.54
323094553_1498430156_0,60.0,56.42,57.48,58.0,-3.58
323094553_1498426665_0,65.0,55.85,55.27,55.38,-9.15
323094604_3841871407_0,65.0,54.73,56.13,55.6,-10.27
323094604_1618940853_0,70.0,55.85,60.02,56.66,-14.15
323094781_1618941319_0,70.0,60.06,60.1,58.25,-9.94
323096231_323096989_0,65.0,53.6,52.18,54.75,-11.4
323096231_1618941303_0,65.0,54.23,52.38,55.15,-10.77
323096880_1384798991_0,55.0,52.74,48.8,54.4,-2.26
323096880_1384798991_1,65.0,54.77,54.57,55.4,-10.23
323096882_421745938_0,60.0,55.65,58.38,54.55,-4.35
323096882_1618940961_0,65.0,54.99,55.7,54.4,-10.01
323096903_1618850420_0,60.0,55.22,55.69,55.55,-4.78
323096977_420686026_0,60.0,53.26,52.93,52.8,-6.74
323096977_323096979_0,65.0,52.6,48.18,50.8,-12.4
323096979_420686512_0,65.0,53.09,51.95,53.0,-11.91
323096979_323096985_0,65.0,52.49,48.11,50.45,-12.51
323096985_429561020_0,60.0,52.31,48.76,50.26,-7.69
323096985_323096989_0,65.0,52.72,49.37,50.95,-12.28
323096989_323096231_0,65.0,53.6,52.18,54.75,-11.4
323096989_323096977_0,65.0,52.71,50.08,51.75,-12.29
335613905_335613951_0,75.0,56.34,54.1,54.15,-18.66
335613905_335613919_0,70.0,52.61,54.03,53.85,-17.39
335613919_335613951_0,70.0,52.71,52.61,53.6,-17.29
335613919_6086674261_0,65.0,51.5,55.34,52.6,-13.5
335613924_335613930_0,55.0,50.99,46.84,46.65,-4.01
335613930_6086674261_0,60.0,51.03,46.17,46.4,-8.97
335613930_335613924_0,60.0,51.01,46.59,45.2,-8.99
335613951_335613952_0,75.0,53.02,52.22,53.65,-21.98
335613951_306585105_0,75.0,55.62,59.58,57.75,-19.38
335613952_708005045_0,75.0,56.09,60.65,58.05,-18.91
335613952_941367827_0,75.0,52.82,53.34,54.55,-22.18
348796056_296392072_0,70.0,63.88,66.92,64.65,-6.12
348796056_296392071_0,70.0,64.0,63.93,65.1,-6.0
348796202_1930735058_0,70.0,62.0,64.29,64.35,-8.0
348796202_1619563197_0,70.0,64.66,64.38,63.65,-5.34
354585443_296392072_0,70.0,64.14,65.95,63.7,-5.86
354585443_274101250_0,75.0,62.9,59.24,60.38,-12.1
354585458_354585443_0,70.0,64.86,63.83,63.6,-5.14
354605927_249350303_0,65.0,59.53,60.71,57.8,-5.47
354605979_223449118_0,65.0,60.94,67.43,62.85,-4.06
354615121_354616468_0,75.0,65.91,63.14,62.75,-9.09
354615121_354615123_0,70.0,59.39,65.08,61.15,-10.61
354615123_356899305_0,70.0,59.5,63.04,62.1,-10.5
354616466_354615123_0,65.0,58.74,59.46,57.45,-6.26
354616466_354616468_0,65.0,58.73,61.45,60.8,-6.27
354616468_263343596_0,75.0,65.21,62.41,63.3,-9.79
355730951_1514632357_0,55.0,39.89,72.6,67.4,-15.11
355730951_1514632449_0,60.0,34.05,66.56,67.25,-25.95
355731814_905388781_0,45.0,48.66,68.58,68.55,3.66
355732238_1156390926_0,60.0,47.63,59.7,55.52,-12.37
355732238_306583559_0,65.0,47.8,57.59,59.05,-17.2
355732239_1156390926_0,60.0,47.78,55.94,55.88,-12.22
355732239_355732238_0,60.0,47.93,55.07,58.4,-12.07
355732243_1152874508_0,70.0,48.61,56.41,59.15,-21.39
355732243_1497207156_0,70.0,49.62,56.45,60.05,-20.38
355738114_309354003_0,60.0,47.56,59.51,57.32,-12.44
355738115_355738114_0,50.0,47.68,59.98,55.98,-2.32
355738501_1156449928_0,70.0,48.88,61.65,56.95,-21.12
355738501_3681386895_0,70.0,55.97,65.05,65.0,-14.03
355738501_6515407254_0,70.0,55.04,60.46,60.02,-14.96
355738502_6515407254_0,70.0,54.97,58.14,60.12,-15.03
355738502_529120017_0,60.0,48.68,57.38,57.02,-11.32
355738502_310241638_0,70.0,54.99,56.18,60.05,-15.01
355739666_1489191193_0,75.0,64.15,57.06,59.3,-10.85
355739666_1489191189_0,70.0,54.75,57.65,58.57,-15.25
355739666_3730553743_0,75.0,63.68,57.07,59.15,-11.32
355740406_11765968436_0,70.0,55.97,64.58,60.75,-14.03
355740406_387126676_0,70.0,55.53,62.45,61.3,-14.47
355740408_932346666_0,65.0,56.01,55.33,58.05,-8.99
355740408_355740411_0,70.0,56.1,57.13,58.6,-13.9
355740408_387126676_0,70.0,56.07,62.93,60.85,-13.93
355740411_387126516_0,65.0,57.8,60.56,60.8,-7.2
355740491_249081378_0,70.0,62.62,66.54,67.85,-7.38
355743233_355743234_0,70.0,43.46,66.58,64.7,-26.54
355743233_1519477908_0,55.0,38.76,60.55,58.45,-16.24
355743233_1519477953_0,70.0,44.0,68.79,65.1,-26.0
355743234_355743233_0,70.0,43.46,66.58,64.7,-26.54
355743234_1503531516_0,50.0,39.7,55.74,58.0,-10.3
355743234_355743243_0,70.0,43.28,66.34,65.3,-26.72
355743243_1506467613_0,55.0,38.23,58.2,58.7,-16.77
355743243_355743234_0,70.0,43.28,66.34,65.3,-26.72
355743243_1804903937_0,70.0,41.47,65.29,65.55,-28.53
355747963_1519388178_0,70.0,50.97,65.66,64.75,-19.03
355747963_1519388228_0,70.0,51.05,66.93,64.45,-18.95
355747963_1519388227_0,55.0,47.69,56.39,58.65,-7.31
355748148_1519388228_0,70.0,51.2,65.47,64.25,-18.8
355748148_4006577033_0,70.0,51.98,68.13,65.35,-18.02
355869686_1561547836_0,55.0,58.29,56.92,57.1,3.29
355869686_1561547830_0,55.0,58.48,57.3,57.1,3.48
355869686_4504829655_0,50.0,52.45,51.95,53.05,2.45
355869687_4504829674_0,55.0,58.06,55.41,57.4,3.06
355869687_1561547836_0,50.0,58.13,52.46,57.4,8.13
355869687_1561547824_0,50.0,52.2,51.95,53.05,2.2
355869716_1774945550_0,55.0,26.5,51.74,54.65,-28.5
355869716_1774945543_0,60.0,20.27,42.5,49.65,-39.73
355869716_534014079_0,50.0,26.73,57.42,55.85,-23.27
356421080_4583438601_0,50.0,78.26,63.05,68.2,28.26
356899305_356902985_0,80.0,66.14,63.02,63.25,-13.86
356902985_263343602_0,80.0,66.57,64.09,63.25,-13.43
358184000_307335034_0,75.0,63.64,64.94,64.35,-11.36
358184000_264103256_0,75.0,59.57,70.54,64.0,-15.43
358189099_358189099_0,55.0,56.27,50.27,51.45,1.27
358189099_265026999_0,60.0,56.9,56.07,56.6,-3.1
358197195_263326079_0,65.0,58.96,57.36,58.4,-6.04
360258516_287627735_0,75.0,63.44,63.5,60.7,-11.56
360258516_264098495_0,75.0,63.89,64.84,64.05,-11.11
366820192_9839667368_0,75.0,64.22,62.47,63.3,-10.78
366826614_264540554_0,65.0,54.42,52.35,52.65,-10.58
366869176_3811022351_0,70.0,57.26,58.17,56.6,-12.74
366869176_366869183_0,70.0,61.31,62.81,59.68,-8.69
366869183_366869224_0,70.0,64.43,60.33,62.87,-5.57
366869224_894921907_0,70.0,64.65,61.68,63.47,-5.35
366869224_1619563376_0,70.0,62.69,61.34,61.87,-7.31
366879564_366879567_0,65.0,57.85,59.34,57.25,-7.15
366879564_366869176_0,65.0,60.19,56.5,59.85,-4.81
366879567_616518561_0,65.0,57.71,57.21,57.65,-7.29
366879567_366879564_0,65.0,57.85,59.34,57.25,-7.15
366879567_800418377_0,65.0,58.08,56.47,58.97,-6.92
369648379_2382811871_0,65.0,54.35,50.57,49.6,-10.65
369648379_369648422_0,55.0,54.47,50.1,50.85,-0.53
369648380_436621177_0,50.0,55.24,51.21,54.15,5.24
369648380_442118988_0,50.0,55.55,53.14,55.8,5.55
369648381_369648380_0,45.0,55.06,56.96,54.98,10.06
369648381_436621178_0,65.0,55.78,56.08,55.45,-9.22
369648382_369648386_0,60.0,55.19,53.36,53.5,-4.81
369648386_296961301_0,65.0,55.73,59.38,58.2,-9.27
369648387_369648386_0,55.0,55.45,53.65,51.4,0.45
369648388_296961298_0,65.0,57.63,58.58,58.85,-7.37
369648389_369648394_0,65.0,55.17,51.76,52.55,-9.83
369648389_2603490356_0,60.0,54.87,50.61,51.35,-5.13
369648392_442118277_0,55.0,55.0,55.82,54.1,0.0
369648392_296961323_0,65.0,55.71,56.04,58.9,-9.29
369648394_369648392_0,65.0,55.4,53.44,55.32,-9.6
369648422_369648428_0,55.0,54.67,51.51,53.05,-0.33
369648422_2603492031_0,55.0,54.4,49.45,50.65,-0.6
369648428_369648389_0,60.0,54.73,50.62,53.1,-5.27
369648446_296961303_0,65.0,55.29,58.59,56.75,-9.71
369648448_369648452_0,65.0,55.03,53.21,53.55,-9.97
369648451_919531921_0,45.0,54.92,49.67,48.75,9.92
369648451_369648452_0,50.0,54.86,52.8,50.8,4.86
369648452_2679398517_0,60.0,56.21,58.86,59.05,-3.79
369648452_369648451_0,50.0,54.86,52.8,50.8,4.86
369648452_2679399661_0,65.0,54.89,49.3,50.85,-10.11
369648453_369648454_0,65.0,56.37,59.56,58.55,-8.63
369648453_1387627093_0,70.0,58.5,62.65,60.15,-11.5
369648453_387126257_0,70.0,58.63,59.91,59.7,-11.37
369648454_1246618339_0,55.0,55.64,50.46,55.78,0.64
369648454_369648453_0,65.0,56.37,59.56,58.55,-8.63
385086882_264524092_0,70.0,57.01,56.23,55.1,-12.99
385086882_264524083_0,70.0,57.49,55.04,57.15,-12.51
385141260_264099777_0,75.0,64.6,62.03,63.82,-10.4
385141260_385141262_0,70.0,61.34,61.95,60.8,-8.66
385141262_264099777_0,70.0,61.2,58.4,60.65,-8.8
385141262_5794188264_0,70.0,60.64,59.48,59.15,-9.36
387126206_387126207_0,65.0,58.16,59.92,58.6,-6.84
387126206_614663328_0,65.0,58.07,59.27,57.6,-6.93
387126207_387126206_0,65.0,58.16,59.92,58.6,-6.84
387126207_12078382071_0,65.0,56.42,59.06,58.0,-8.58
387126207_387126209_0,65.0,57.89,60.77,59.1,-7.11
387126209_727417623_0,70.0,58.49,59.02,59.05,-11.51
387126209_387126207_0,65.0,57.89,60.77,59.1,-7.11
387126212_387126215_0,65.0,58.03,56.89,59.5,-6.97
387126212_4583456667_0,65.0,59.51,60.92,59.15,-5.49
387126215_436612295_0,65.0,57.36,56.43,59.55,-7.64
387126215_387126212_0,65.0,58.03,56.89,59.5,-6.97
387126223_436608302_0,60.0,56.94,55.26,54.55,-3.06
387126224_436611388_0,65.0,58.63,62.51,59.5,-6.37
387126224_387126257_0,65.0,59.11,62.54,59.85,-5.89
387126233_1387627089_0,70.0,58.56,59.51,60.2,-11.44
387126233_442118623_0,70.0,58.96,61.11,60.05,-11.04
387126235_442118694_0,60.0,55.99,59.43,57.75,-4.01
387126235_387126236_0,70.0,59.48,60.27,60.5,-10.52
387126235_442118667_0,70.0,59.76,61.16,60.3,-10.24
387126236_1387627215_0,60.0,57.16,64.17,64.05,-2.84
387126236_442118653_0,60.0,56.32,59.65,58.1,-3.68
387126236_442118829_0,70.0,60.18,65.97,61.0,-9.82
387126236_387126235_0,70.0,59.48,60.27,60.5,-10.52
387126244_387126215_0,65.0,56.12,58.44,58.45,-8.88
387126244_428942531_0,65.0,56.59,57.8,57.15,-8.41
387126245_387126246_0,70.0,59.17,59.17,61.1,-10.83
387126245_614663329_0,70.0,58.0,57.42,57.55,-12.0
387126246_387126245_0,70.0,59.17,59.17,61.1,-10.83
387126246_438642246_0,70.0,60.44,59.26,62.15,-9.56
387126247_527175538_0,65.0,55.57,56.34,56.62,-9.43
387126247_387126255_0,60.0,55.31,51.83,52.95,-4.69
387126254_387126269_0,65.0,54.93,53.58,55.45,-10.07
387126255_527173757_0,70.0,56.45,58.09,57.95,-13.55
387126255_387126258_0,65.0,55.69,54.4,53.65,-9.31
387126256_387126224_0,65.0,58.73,62.6,59.25,-6.27
387126256_982679570_0,70.0,57.93,60.12,60.65,-12.07
387126257_527173637_0,70.0,58.54,58.84,59.3,-11.46
387126257_369648453_0,70.0,58.63,59.91,59.7,-11.37
387126258_436621512_0,60.0,55.18,53.4,54.45,-4.82
387126267_710680982_0,60.0,54.89,54.56,54.5,-5.11
387126268_428504508_0,65.0,55.54,54.59,54.6,-9.46
387126269_428504471_0,60.0,55.17,54.52,55.95,-4.83
387126269_387126267_0,60.0,55.01,53.77,54.95,-4.99
387126270_436621576_0,60.0,55.39,60.89,57.12,-4.61
387126270_428504471_0,55.0,55.37,56.62,54.65,0.37
387126477_387126529_0,65.0,56.96,60.36,56.1,-8.04
387126477_387126537_0,65.0,59.12,64.13,59.0,-5.88
387126477_4544937949_0,70.0,58.82,59.65,58.85,-11.18
387126482_4544937949_0,70.0,59.43,66.18,61.3,-10.57
387126482_616518693_0,70.0,60.29,62.21,60.35,-9.71
387126482_410439782_0,70.0,60.1,63.6,62.7,-9.9
387126483_444600610_0,75.0,59.64,62.06,60.3,-15.36
387126483_387126620_0,70.0,58.68,60.65,59.3,-11.32
387126484_6516334694_0,75.0,60.47,64.25,61.4,-14.53
387126484_4787240229_0,75.0,59.98,62.1,60.45,-15.02
387126487_387126484_0,80.0,57.99,62.43,59.45,-22.01
387126488_6516334685_0,75.0,63.87,62.94,62.0,-11.13
387126488_6516334693_0,75.0,60.46,64.69,61.1,-14.54
387126489_4787240229_0,75.0,60.04,60.8,60.7,-14.96
387126489_264538144_0,75.0,59.7,63.06,60.1,-15.3
387126490_625896614_0,75.0,70.07,68.03,65.05,-4.93
387126490_387126492_0,70.0,59.17,65.89,59.55,-10.83
387126490_387126501_0,75.0,69.45,64.92,62.95,-5.55
387126491_297340106_0,75.0,64.99,64.98,64.55,-10.01
387126492_387126607_0,70.0,57.79,60.12,58.47,-12.21
387126492_616518611_0,70.0,58.68,63.81,60.7,-11.32
387126492_387126491_0,70.0,58.29,64.79,60.65,-11.71
387126493_387126494_0,70.0,58.14,64.35,63.4,-11.86
387126493_387126496_0,65.0,58.02,64.56,64.35,-6.98
387126494_264538158_0,70.0,59.68,61.47,63.21,-10.32
387126494_387126621_0,75.0,59.8,61.83,62.18,-15.2
387126495_387126713_0,75.0,68.64,63.33,61.35,-6.36
387126495_387126496_0,65.0,57.97,62.62,59.95,-7.03
387126495_387126501_0,75.0,69.07,66.88,62.8,-5.93
387126496_616518607_0,65.0,59.08,62.58,61.2,-5.92
387126498_11560852226_0,75.0,58.72,63.36,60.25,-16.28
387126498_387126508_0,70.0,58.87,60.83,59.55,-11.13
387126499_11560852231_0,75.0,58.82,62.19,59.55,-16.18
387126499_387126503_0,70.0,59.83,61.38,59.65,-10.17
387126499_616518656_0,75.0,59.65,62.26,58.7,-15.35
387126499_387126483_0,75.0,59.47,62.55,59.6,-15.53
387126501_932312622_0,70.0,60.76,66.11,61.35,-9.24
387126501_387126490_0,75.0,69.45,64.92,62.95,-5.55
387126501_387126495_0,75.0,69.07,66.88,62.8,-5.93
387126503_264538144_0,70.0,59.33,62.24,59.6,-10.67
387126503_387126499_0,70.0,59.84,61.38,59.65,-10.16
387126508_387126498_0,70.0,58.87,60.83,59.55,-11.13
387126508_387126503_0,75.0,57.04,56.7,54.8,-17.96
387126508_387126509_0,70.0,59.54,60.48,60.9,-10.46
387126509_616518693_0,70.0,60.06,60.79,61.25,-9.94
387126509_387126513_0,65.0,57.8,62.26,59.2,-7.2
387126509_387126508_0,70.0,59.54,60.48,60.9,-10.46
387126510_387126511_0,65.0,55.01,51.85,54.2,-9.99
387126510_11472515491_0,65.0,54.94,54.94,54.5,-10.06
387126510_11472515501_0,60.0,55.72,52.02,55.95,-4.28
387126511_387126510_0,65.0,55.01,51.85,54.2,-9.99
387126511_387126514_0,65.0,55.02,51.33,54.48,-9.98
387126512_3874348303_0,65.0,56.39,56.63,55.97,-8.61
387126512_387126513_0,65.0,56.58,57.32,55.87,-8.42
387126513_387126509_0,65.0,57.8,62.26,59.2,-7.2
387126513_3874348303_0,70.0,56.49,59.24,56.12,-13.51
387126514_387126512_0,65.0,55.94,57.92,56.74,-9.06
387126515_387126514_0,70.0,55.44,55.42,54.4,-14.56
387126515_387126510_0,65.0,55.28,51.02,54.4,-9.72
387126516_4544937949_0,65.0,58.56,64.14,59.7,-6.44
387126517_387126516_0,65.0,56.28,59.02,56.8,-8.72
387126517_11472515501_0,65.0,56.05,56.07,55.98,-8.95
387126529_387126544_0,65.0,56.53,55.01,52.85,-8.47
387126529_387126548_0,60.0,56.79,55.09,53.55,-3.21
387126530_387126537_0,65.0,60.91,66.6,63.05,-4.09
387126532_6374569331_0,65.0,56.89,58.49,55.8,-8.11
387126532_387126548_0,60.0,56.95,56.13,53.3,-3.05
387126532_5998830592_0,60.0,56.69,55.64,52.35,-3.31
387126532_6374569326_0,60.0,57.21,56.28,53.2,-2.79
387126537_387126477_0,65.0,59.12,64.13,59.0,-5.88
387126537_5315466298_0,65.0,60.63,63.14,61.8,-4.37
387126541_1444631661_0,65.0,57.25,56.07,58.2,-7.75
387126541_387126544_0,65.0,55.98,58.89,55.35,-9.02
387126544_11472515517_0,65.0,56.1,54.15,52.4,-8.9
387126544_387126541_0,65.0,55.98,58.89,55.35,-9.02
387126548_387126532_0,60.0,56.96,56.13,53.3,-3.04
387126548_387126529_0,60.0,56.79,55.09,53.55,-3.21
387126548_8691121832_0,60.0,56.95,55.12,53.05,-3.05
387126583_1444709414_0,70.0,56.99,57.38,56.3,-13.01
387126583_625896683_0,70.0,57.15,58.7,59.98,-12.85
387126584_387126585_0,70.0,58.55,67.63,65.1,-11.45
387126585_1491287560_0,70.0,56.76,64.53,64.15,-13.24
387126585_1116260166_0,75.0,58.52,66.94,66.3,-16.48
387126587_11563944127_0,75.0,64.07,67.09,65.15,-10.93
387126588_387126589_0,60.0,56.85,56.69,55.8,-3.15
387126589_387126588_0,60.0,56.85,56.69,55.8,-3.15
387126589_2967666197_0,60.0,57.12,62.44,57.15,-2.88
387126589_387126590_0,65.0,56.61,58.5,56.8,-8.39
387126590_625896683_0,70.0,56.97,59.26,59.48,-13.03
387126590_387126591_0,65.0,56.23,58.77,61.65,-8.77
387126590_2383731480_0,70.0,57.2,60.16,59.85,-12.8
387126590_387126589_0,65.0,56.61,58.5,56.8,-8.39
387126591_2383731476_0,70.0,56.72,63.59,62.2,-13.28
387126591_1491287560_0,70.0,56.72,63.14,63.1,-13.28
387126605_625896818_0,75.0,57.58,58.41,58.2,-17.42
387126605_616518611_0,70.0,60.59,62.55,61.75,-9.41
387126607_387126489_0,70.0,58.01,61.47,59.02,-11.99
387126608_387126607_0,70.0,58.18,62.37,61.18,-11.82
387126608_387126491_0,75.0,63.69,61.21,61.7,-11.31
387126620_387126483_0,70.0,58.68,60.65,59.3,-11.32
387126620_11560852226_0,70.0,58.51,60.08,60.05,-11.49
387126621_1116259118_0,70.0,59.78,65.38,64.4,-10.22
387126627_387126584_0,70.0,58.62,68.74,64.85,-11.38
387126627_1491287557_0,70.0,57.47,65.15,63.1,-12.53
387126666_387126669_0,70.0,55.21,63.77,63.2,-14.79
387126669_1116259331_0,70.0,55.15,60.79,65.2,-14.85
387126669_249082364_0,70.0,55.12,60.56,65.65,-14.88
387126676_355740491_0,70.0,55.64,65.38,65.85,-14.36
387126676_1116260200_0,70.0,55.47,64.99,65.85,-14.53
387126681_387126666_0,70.0,55.38,62.45,66.55,-14.62
387126681_1116260047_0,70.0,61.72,67.13,68.3,-8.28
387126685_387126701_0,70.0,60.2,56.7,53.8,-9.8
387126685_932312658_0,70.0,60.65,60.53,57.78,-9.35
387126689_523772268_0,70.0,59.73,55.66,52.95,-10.27
387126689_387126690_0,70.0,59.59,54.74,52.7,-10.41
387126690_387126703_0,65.0,59.35,55.14,53.2,-5.65
387126690_931582264_0,70.0,59.81,54.79,56.77,-10.19
387126695_6519047121_0,70.0,60.81,59.41,58.37,-9.19
387126695_297340096_0,70.0,60.58,58.07,56.3,-9.42
387126701_387126708_0,70.0,60.43,60.19,57.95,-9.57
387126701_932312627_0,70.0,60.06,57.12,54.45,-9.94
387126703_387126690_0,65.0,59.35,55.14,53.2,-5.65
387126703_524681796_0,70.0,58.53,52.07,52.75,-11.47
387126708_387126709_0,70.0,60.2,58.24,53.9,-9.8
387126708_932312616_0,70.0,60.42,59.44,57.95,-9.58
387126709_387126685_0,70.0,60.66,61.49,58.0,-9.34
387126709_932312655_0,70.0,60.33,57.55,53.5,-9.67
387126713_7873272757_0,75.0,68.49,64.43,61.8,-6.51
387126713_387126495_0,75.0,68.64,63.33,61.35,-6.36
387126713_387126714_0,70.0,59.9,64.75,58.08,-10.1
387126714_471341266_0,70.0,60.15,58.17,57.94,-9.85
387126714_387126713_0,70.0,59.9,64.75,58.08,-10.1
387126714_1490308301_0,70.0,60.58,66.2,61.85,-9.42
410188422_3659440320_0,70.0,61.24,61.67,60.2,-8.76
410188423_296376073_0,70.0,59.51,59.4,61.75,-10.49
410439782_12729346769_0,75.0,60.44,62.36,63.7,-14.56
410439782_387126482_0,70.0,60.1,63.6,62.7,-9.9
410439783_387126487_0,75.0,59.12,59.64,59.65,-15.88
410439783_1123742304_0,75.0,60.8,64.07,63.65,-14.2
416484179_264545389_0,75.0,61.33,57.7,56.15,-13.67
416517341_266360958_0,60.0,55.25,52.36,54.45,-4.75
416517341_7196176690_0,60.0,55.73,53.84,55.7,-4.27
416517345_257886803_0,70.0,63.29,65.34,66.7,-6.71
416517347_265566107_0,60.0,57.2,59.1,58.38,-2.8
416523585_265566097_0,65.0,57.0,59.65,60.38,-8.0
416523586_1619562939_0,65.0,57.59,62.62,60.22,-7.41
416523586_416523585_0,65.0,57.53,61.78,61.28,-7.47
416523588_265566120_0,65.0,55.81,53.69,54.85,-9.19
416523588_1619562940_0,65.0,56.81,58.74,59.52,-8.19
416572294_1267225987_0,75.0,63.59,62.14,61.95,-11.41
416572314_416484179_0,75.0,61.92,63.13,60.35,-13.08
416572314_416572320_0,55.0,55.65,56.36,55.92,0.65
416572320_213741751_0,75.0,63.72,64.17,61.5,-11.28
417280021_1442151247_0,55.0,51.2,44.31,50.55,-3.8
417280023_417280026_0,60.0,51.04,43.74,48.9,-8.96
417280023_1442151225_0,55.0,51.1,42.41,48.85,-3.9
417280026_417280023_0,60.0,51.04,43.74,48.9,-8.96
417280029_1442151218_0,55.0,50.94,43.55,48.5,-4.06
417280029_762058828_0,55.0,53.54,59.88,53.7,-1.46
419331664_287946848_0,80.0,65.3,59.37,62.45,-14.7
419331664_264098983_0,80.0,60.02,62.68,61.2,-19.98
419337577_263795309_0,75.0,64.48,65.98,64.9,-10.52
419337577_263795317_0,65.0,63.45,65.73,63.55,-1.55
419337581_156334335_0,75.0,68.0,67.36,66.4,-7.0
419337581_623428276_0,75.0,67.7,65.97,65.25,-7.3
419343312_263795333_0,65.0,59.05,57.23,58.95,-5.95
419776139_287627774_0,70.0,58.9,56.9,58.75,-11.1
419776139_297503189_0,75.0,63.2,63.64,61.95,-11.8
420528889_5201012344_0,70.0,58.02,56.89,57.55,-11.98
420528889_2504505316_0,70.0,58.69,57.76,57.6,-11.31
420531222_420531223_0,55.0,59.12,64.92,63.7,4.12
420531223_263340830_0,45.0,62.94,69.94,65.25,17.94
420531223_805485272_0,55.0,59.62,64.95,65.4,4.62
420533259_4033504302_0,55.0,58.95,63.47,62.65,3.95
420533641_428787822_0,70.0,56.59,64.22,62.63,-13.41
420533641_805485300_0,65.0,60.07,65.14,64.35,-4.93
420534412_420533259_0,55.0,59.73,65.33,64.35,4.73
420538133_3914772151_0,70.0,59.74,62.9,63.6,-10.26
420538133_421782092_0,70.0,57.75,63.15,64.4,-12.25
420594900_287561239_0,60.0,64.44,65.35,65.08,4.44
420594902_1246280654_0,65.0,56.16,60.29,58.07,-8.84
420594902_513423684_0,65.0,57.06,63.08,60.85,-7.94
420594913_420594921_0,65.0,55.36,55.01,54.15,-9.64
420594913_623903812_0,65.0,55.01,53.38,53.85,-9.99
420594916_421368895_0,65.0,56.23,53.33,55.5,-8.77
420594916_421370333_0,60.0,56.59,56.34,55.6,-3.41
420594919_421382629_0,65.0,55.74,53.12,54.35,-9.26
420594919_421379194_0,50.0,55.94,53.7,54.35,5.94
420594921_420594922_0,65.0,55.18,56.48,54.05,-9.82
420594922_420594919_0,65.0,55.59,56.1,55.5,-9.41
420594922_1246618456_0,60.0,55.31,54.74,54.8,-4.69
420684464_6267738495_0,60.0,55.43,50.55,51.25,-4.57
420684464_323092960_0,65.0,56.08,55.44,55.1,-8.92
420684505_4583444783_0,70.0,60.84,59.96,59.85,-9.16
420684505_420684507_0,65.0,59.01,59.95,57.05,-5.99
420684507_420684508_0,65.0,60.31,59.07,57.75,-4.69
420684507_420684505_0,65.0,59.01,59.95,57.05,-5.99
420684508_420684509_0,65.0,57.41,56.71,57.7,-7.59
420684508_323094781_0,70.0,60.43,60.42,58.55,-9.57
420684509_420684508_0,65.0,57.41,56.71,57.7,-7.59
420684509_420684505_0,70.0,59.3,57.08,57.45,-10.7
420684690_420684725_0,65.0,55.64,57.4,54.8,-9.36
420684690_420684735_0,65.0,57.07,56.4,55.38,-7.93
420684725_420684728_0,65.0,55.08,57.8,55.65,-9.92
420684728_2669276632_0,65.0,54.94,57.61,55.55,-10.06
420684728_421749566_0,55.0,52.68,52.91,53.9,-2.32
420684730_420686026_0,65.0,54.92,57.74,55.55,-10.08
420684735_1618941432_0,65.0,56.93,55.87,55.42,-8.07
420686026_323096977_0,60.0,53.26,52.93,52.8,-6.74
420686026_420686033_0,65.0,54.95,60.34,54.75,-10.05
420686033_420684735_0,65.0,55.53,58.08,54.7,-9.47
420686033_420684725_0,65.0,55.31,58.93,55.05,-9.69
420686277_1979433906_0,65.0,55.32,62.46,60.05,-9.68
420686277_323096903_0,65.0,54.72,55.19,55.6,-10.28
420686512_323096979_0,65.0,53.09,51.95,53.0,-11.91
420686512_420686277_0,60.0,55.04,53.8,55.2,-4.96
420697255_4838803748_0,65.0,54.76,58.86,59.9,-10.24
420697255_420697258_0,65.0,56.7,62.26,61.9,-8.3
420697258_2091486987_0,65.0,56.22,62.08,61.95,-8.78
420697264_6332140524_0,65.0,54.61,61.94,59.55,-10.39
420697264_420699754_0,65.0,56.6,64.32,62.2,-8.4
420698951_420701034_0,60.0,52.68,50.88,54.15,-7.32
420698951_1328388881_0,65.0,54.02,52.48,55.55,-10.98
420699754_420821688_0,60.0,56.7,62.95,62.35,-3.3
420701034_420723285_0,60.0,52.12,50.19,51.75,-7.88
420701034_6351815642_0,55.0,52.87,51.62,52.25,-2.13
420702842_4813587816_0,60.0,50.32,48.91,48.3,-9.68
420703079_420703368_0,60.0,51.34,55.96,54.25,-8.66
420703079_7603237634_0,60.0,52.52,55.71,54.15,-7.48
420703368_641359091_0,65.0,52.26,56.44,53.95,-12.74
420703368_420707773_0,60.0,50.9,53.26,54.6,-9.1
420703474_420704984_0,60.0,49.2,42.63,47.35,-10.8
420703474_2379004903_0,50.0,49.55,48.34,51.55,-0.45
420703474_9658835092_0,45.0,48.75,41.61,46.8,3.75
420704984_447971899_0,60.0,49.19,43.74,47.15,-10.81
420704984_1328388691_0,60.0,49.33,44.34,49.3,-10.67
420704984_9658835097_0,55.0,48.74,42.49,46.95,-6.26
420706647_9658835103_0,60.0,50.17,43.36,48.38,-9.83
420707773_447971852_0,60.0,49.72,50.13,50.95,-10.28
420708449_641358910_0,60.0,50.5,50.92,53.75,-9.5
420708449_420706647_0,65.0,50.76,50.54,53.35,-14.24
420710415_641358924_0,65.0,53.6,57.3,57.0,-11.4
420710415_420702842_0,60.0,51.26,57.03,54.8,-8.74
420712490_1328388257_0,65.0,53.81,52.64,53.6,-11.19
420712490_1328388360_0,65.0,54.82,59.23,57.55,-10.18
420714024_641358933_0,65.0,54.05,53.01,53.9,-10.95
420714024_1384903850_0,65.0,53.78,51.41,53.1,-11.22
420714037_1384903753_0,60.0,51.27,51.51,49.53,-8.73
420714037_1384903695_0,60.0,51.43,48.94,49.46,-8.57
420714037_420726875_0,60.0,51.89,50.51,49.6,-8.11
420715746_420822644_0,65.0,53.48,63.35,61.0,-11.52
420720281_4813587813_0,60.0,50.44,50.34,47.45,-9.56
420723054_12714807987_0,60.0,49.33,51.77,53.9,-10.67
420723054_641358890_0,60.0,52.34,52.46,55.15,-7.66
420723083_420723285_0,60.0,51.74,51.16,53.7,-8.26
420723083_1384903703_0,60.0,52.99,54.28,55.45,-7.01
420723285_420715746_0,60.0,51.64,54.7,52.55,-8.36
420723902_1384903864_0,65.0,50.77,52.25,53.9,-14.23
420726271_1328388829_0,60.0,51.0,48.21,48.65,-9.0
420726271_1384903882_0,60.0,50.82,48.32,48.75,-9.18
420726306_1384903728_0,65.0,54.73,58.37,56.4,-10.27
420726875_1328388823_0,60.0,51.43,50.05,49.73,-8.57
420726875_420712490_0,60.0,53.53,57.1,54.9,-6.47
420815295_449861616_0,65.0,60.98,68.94,67.9,-4.02
420815802_420815820_0,70.0,54.89,72.16,64.5,-15.11
420815820_1328388246_0,70.0,54.58,68.75,64.85,-15.42
420821458_420821806_0,70.0,58.08,64.87,62.85,-11.92
420821458_429560419_0,65.0,56.28,62.81,62.35,-8.72
420821688_429560419_0,65.0,56.67,61.76,62.45,-8.33
420821688_420821806_0,65.0,57.32,60.93,61.75,-7.68
420821806_420822184_0,70.0,59.16,64.14,62.35,-10.84
420822178_420824686_0,70.0,57.92,65.65,62.85,-12.08
420822178_420823373_0,70.0,56.13,67.43,63.85,-13.87
420822184_420831299_0,70.0,59.4,63.28,62.55,-10.6
420822184_4583444785_0,70.0,59.16,65.32,63.0,-10.84
420822640_420822643_0,70.0,55.28,65.64,63.6,-14.72
420822643_420710415_0,65.0,53.49,64.59,61.15,-11.51
420822643_420822644_0,70.0,55.79,66.75,63.55,-14.21
420822644_420823898_0,70.0,56.03,67.49,63.55,-13.97
420823373_1328388835_0,70.0,55.88,65.31,64.1,-14.12
420823898_6351815645_0,70.0,56.0,67.44,63.05,-14.0
420823898_420823373_0,70.0,55.67,64.53,63.5,-14.33
420824686_420821458_0,70.0,58.2,65.05,62.8,-11.8
420831299_420822178_0,70.0,58.22,64.67,63.0,-11.78
420831388_7388401921_0,75.0,65.04,60.07,64.1,-9.96
420837247_2612025482_0,65.0,55.98,55.37,52.28,-9.02
420837247_249245938_0,70.0,61.12,58.96,56.85,-8.88
421362367_263698476_0,65.0,57.84,61.15,59.65,-7.16
421362367_263698474_0,60.0,57.86,59.74,57.15,-2.14
421368895_421372122_0,65.0,56.04,55.29,55.9,-8.96
421370333_421370819_0,60.0,57.59,57.78,55.8,-2.41
421370819_623903231_0,65.0,57.49,54.62,56.55,-7.51
421370819_965821834_0,65.0,58.04,63.9,59.35,-6.96
421372122_421373121_0,65.0,55.79,57.17,55.35,-9.21
421372122_2377947877_0,65.0,55.56,55.21,55.1,-9.44
421373121_1246280654_0,65.0,56.0,56.26,55.65,-9.0
421373327_420594900_0,65.0,58.09,71.01,65.43,-6.91
421373327_1246280654_0,60.0,56.18,65.08,63.48,-3.82
421373469_421373327_0,60.0,55.32,61.16,59.35,-4.68
421373491_421373469_0,60.0,54.42,51.71,54.35,-5.58
421374932_1246280802_0,65.0,55.0,50.86,54.05,-10.0
421374934_420594919_0,55.0,55.58,53.61,54.0,0.58
421375347_623903812_0,65.0,54.96,55.25,54.6,-10.04
421375347_420594921_0,65.0,55.08,54.54,54.15,-9.92
421377313_421377548_0,55.0,54.69,49.77,53.05,-0.31
421377313_1246280690_0,60.0,55.02,50.94,52.6,-4.98
421377313_421374934_0,55.0,55.25,50.67,54.12,0.25
421377548_421377313_0,55.0,54.69,49.77,53.05,-0.31
421377548_2382757731_0,60.0,54.7,53.45,53.58,-5.3
421378986_296961325_0,70.0,58.52,60.23,59.9,-11.48
421379194_420594916_0,60.0,56.4,55.45,55.15,-3.6
421382629_421383218_0,65.0,55.79,53.47,54.35,-9.21
421382629_623903366_0,60.0,55.85,53.62,54.9,-4.15
421382734_623903366_0,60.0,56.11,53.87,54.5,-3.89
421382734_421383218_0,50.0,55.89,53.36,53.45,5.89
421383218_296961325_0,65.0,56.58,59.57,58.15,-8.42
421383218_623903364_0,60.0,55.5,53.89,53.35,-4.5
421412407_8660194108_0,65.0,57.82,56.59,57.25,-7.18
421412407_249246394_0,75.0,66.54,64.05,64.35,-8.46
421412408_421412418_0,65.0,56.65,61.07,58.3,-8.35
421412408_12911318607_0,70.0,59.19,61.89,59.85,-10.81
421412416_627831335_0,50.0,56.64,60.53,59.0,6.64
421412416_427779157_0,65.0,56.78,56.78,58.5,-8.22
421412418_1326394292_0,65.0,56.25,60.09,58.6,-8.75
421412418_12496618665_0,70.0,58.09,63.39,59.95,-11.91
421412423_425968108_0,65.0,58.09,61.5,58.8,-6.91
421412423_425985268_0,50.0,55.46,56.43,57.8,5.46
421412427_926997691_0,65.0,56.56,60.83,58.9,-8.44
421412442_425992962_0,50.0,54.99,61.59,58.95,4.99
421412442_425992960_0,65.0,57.16,61.2,58.75,-7.84
421420296_420831299_0,70.0,60.47,62.64,62.55,-9.53
421420296_4583444785_0,70.0,61.04,59.94,59.3,-8.96
421420303_420831388_0,70.0,62.42,64.57,64.25,-7.58
421420303_421426433_0,70.0,63.65,60.3,61.95,-6.35
421421819_4583444783_0,70.0,61.65,60.95,59.8,-8.35
421426433_421420296_0,70.0,62.58,59.33,61.42,-7.42
421745938_323096882_0,60.0,55.64,58.38,54.55,-4.36
421745938_422871124_0,60.0,56.84,58.75,57.8,-3.16
421748221_429561020_0,60.0,52.51,50.14,53.35,-7.49
421748221_421748224_0,65.0,53.05,50.97,53.8,-11.95
421748224_1618940986_0,65.0,54.71,56.94,54.75,-10.29
421748224_1618941032_0,65.0,53.19,52.33,54.2,-11.81
421749566_420684728_0,55.0,52.68,52.91,53.9,-2.32
421759887_263340840_0,70.0,65.68,62.6,63.34,-4.32
421762541_3771895440_0,60.0,57.33,54.12,53.1,-2.67
421781061_428791958_0,65.0,52.53,57.42,54.39,-12.47
421782092_928227184_0,70.0,57.13,64.27,63.15,-12.87
422553808_4450358607_0,60.0,53.27,53.7,51.85,-6.73
422553808_4450364290_0,65.0,53.57,54.36,51.4,-11.43
422869082_428791344_0,65.0,55.51,56.26,57.15,-9.49
422869082_4763204217_0,65.0,55.07,57.71,57.25,-9.93
422869104_666992551_0,70.0,56.06,65.66,62.15,-13.94
422869104_287588376_0,70.0,60.96,64.02,63.85,-9.04
422871122_1618842974_0,65.0,55.94,57.3,58.1,-9.06
422871124_1979430012_0,60.0,57.25,60.46,58.15,-2.75
422871124_769140888_0,60.0,56.22,58.43,56.95,-3.78
422871436_6446605842_0,65.0,58.95,59.48,58.95,-6.05
422871436_1618940765_0,60.0,57.7,59.78,58.55,-2.3
422873263_851411526_0,65.0,58.35,59.42,56.65,-6.65
422873329_805488926_0,70.0,60.22,60.4,64.7,-9.78
422875392_422873508_0,70.0,59.09,64.35,62.7,-10.91
422875437_422875392_0,70.0,58.09,63.21,61.9,-11.91
422875461_2021583156_0,60.0,54.14,56.73,56.5,-5.86
422875461_422875437_0,70.0,58.2,59.16,57.15,-11.8
422875568_422873329_0,70.0,59.52,61.87,62.85,-10.48
422875568_851411546_0,70.0,56.97,64.98,63.3,-13.03
422881393_449842875_0,65.0,53.93,56.1,55.58,-11.07
422881393_2671574873_0,65.0,53.58,57.31,55.87,-11.42
422881395_4450358607_0,60.0,54.39,56.17,54.1,-5.61
422881395_2671571352_0,65.0,53.53,54.46,56.22,-11.47
422881395_449842511_0,60.0,54.43,54.21,54.4,-5.57
422896577_1618940747_0,70.0,56.73,58.08,59.4,-13.27
422896577_928227187_0,65.0,53.7,61.26,59.8,-11.3
422896920_422896923_0,65.0,52.19,52.49,56.75,-12.81
422896923_422902941_0,60.0,51.71,56.61,57.25,-8.29
422896923_927147789_0,65.0,52.25,56.56,57.9,-12.75
422896930_1720906645_0,65.0,50.88,53.32,55.3,-14.12
422898634_805485300_0,70.0,55.87,63.92,62.2,-14.13
422898635_422896930_0,65.0,50.96,56.45,56.0,-14.04
422901585_287588376_0,70.0,56.66,65.45,63.55,-13.34
422901585_666992551_0,70.0,60.99,62.79,63.65,-9.01
422902805_927147791_0,65.0,52.58,56.99,55.2,-12.42
422902941_927147764_0,60.0,51.53,56.7,56.45,-8.47
422902941_1720906649_0,60.0,51.45,56.13,56.2,-8.55
422905350_928221893_0,60.0,51.68,53.26,55.2,-8.32
422905551_1424313789_0,60.0,51.14,54.83,55.15,-8.86
422905551_928221890_0,65.0,51.08,57.71,55.15,-13.92
424286843_424287090_0,60.0,51.43,49.46,53.18,-8.57
424286843_2091486976_0,60.0,51.35,54.66,57.35,-8.65
424287090_1328388741_0,60.0,52.82,56.46,56.6,-7.18
424287090_1384903819_0,60.0,51.16,48.03,53.75,-8.84
424382963_263710889_0,65.0,60.91,63.0,61.6,-4.09
424382963_424384162_0,75.0,68.98,66.73,64.95,-6.02
424382963_424386805_0,80.0,69.33,67.62,65.6,-10.67
424383744_424384339_0,70.0,59.14,59.19,58.35,-10.86
424383744_424382963_0,65.0,60.95,63.49,61.4,-4.05
424384162_424384339_0,65.0,60.59,60.68,61.75,-4.41
424384162_424382963_0,75.0,68.98,66.73,64.95,-6.02
424384162_263710886_0,75.0,68.6,66.13,65.35,-6.4
424384339_263781799_0,70.0,58.9,59.21,59.4,-11.1
424386805_424387186_0,70.0,61.55,63.5,61.15,-8.45
424386805_156334318_0,80.0,69.51,67.35,66.4,-10.49
424386805_424382963_0,80.0,69.33,67.62,65.6,-10.67
424387186_424383744_0,70.0,59.46,60.07,58.5,-10.54
425967357_421412442_0,65.0,57.34,60.7,59.15,-7.66
425967520_421412423_0,65.0,57.52,58.04,58.35,-7.48
425967591_425986624_0,70.0,59.42,59.38,59.0,-10.58
425967591_927780739_0,70.0,59.35,61.83,59.65,-10.65
425968108_926970846_0,60.0,56.49,59.1,58.1,-3.51
425968108_425969972_0,60.0,57.81,62.95,58.45,-2.19
425968802_926970846_0,60.0,56.68,57.26,58.65,-3.32
425968802_1619562966_0,60.0,57.34,59.82,57.25,-2.66
425969077_425969501_0,60.0,55.31,58.03,57.7,-4.69
425969077_425969813_0,65.0,55.78,53.26,54.75,-9.22
425969501_425971748_0,65.0,56.87,62.88,58.55,-8.13
425969644_425969813_0,60.0,55.49,57.31,57.6,-4.51
425969644_425969501_0,60.0,57.21,60.12,58.05,-2.79
425969813_425970574_0,65.0,55.99,52.37,54.85,-9.01
425969972_425972000_0,65.0,57.98,61.57,57.95,-7.02
425970574_425969972_0,60.0,55.84,57.03,57.6,-4.16
425970574_425968802_0,60.0,56.19,54.32,54.35,-3.81
425971746_427784819_0,60.0,55.7,57.52,58.35,-4.3
425971746_425971770_0,60.0,57.8,63.56,59.1,-2.2
425971748_425971746_0,60.0,55.54,58.22,58.0,-4.46
425971748_425981462_0,65.0,57.05,61.38,58.4,-7.95
425971770_926997721_0,65.0,57.14,60.28,58.65,-7.86
425971770_425972000_0,60.0,57.41,59.01,57.95,-2.59
425972000_425969644_0,65.0,58.1,60.43,58.75,-6.9
425981462_1383274406_0,60.0,55.2,55.76,58.0,-4.8
425981462_611752147_0,60.0,57.25,62.23,58.75,-2.75
425981462_421412427_0,60.0,55.38,58.45,58.05,-4.62
425981637_8848945341_0,70.0,57.99,60.74,59.6,-12.01
425981637_611752173_0,70.0,58.04,60.75,59.35,-11.96
425982218_425971748_0,60.0,55.32,59.76,57.7,-4.68
425982218_425969077_0,65.0,55.78,53.11,55.2,-9.22
425983177_421412423_0,60.0,55.66,58.31,58.4,-4.34
425984236_425984686_0,65.0,55.56,57.14,56.5,-9.44
425984236_926970855_0,50.0,54.64,52.82,53.15,4.64
425984605_425984236_0,60.0,55.67,56.06,54.15,-4.33
425984605_425967591_0,65.0,57.07,55.61,57.4,-7.93
425984686_425985179_0,65.0,55.41,55.06,52.95,-9.59
425984686_425983177_0,65.0,55.5,58.72,56.55,-9.5
425985179_425984605_0,65.0,55.91,52.27,53.3,-9.09
425985268_425967357_0,60.0,55.34,62.06,58.5,-4.66
425986624_425967520_0,65.0,58.09,57.54,57.95,-6.91
425986624_2018982122_0,65.0,59.92,61.28,59.5,-5.08
425986624_425967591_0,70.0,59.42,59.38,59.0,-10.58
425987234_425989132_0,65.0,55.42,58.26,55.5,-9.58
425987234_2026401425_0,60.0,56.9,59.12,58.65,-3.1
425987452_641359028_0,50.0,54.48,51.84,50.8,4.48
425987452_927780730_0,65.0,53.9,46.21,47.6,-11.1
425987817_2026401397_0,60.0,53.83,48.46,50.1,-6.17
425987817_5899064969_0,60.0,53.75,48.07,50.15,-6.25
425988746_2026401387_0,55.0,52.65,47.36,46.35,-2.35
425988746_6451361456_0,60.0,52.54,47.21,46.6,-7.46
425989132_627831339_0,55.0,56.6,58.01,57.6,1.6
425989243_425989711_0,65.0,55.26,49.68,50.85,-9.74
425989243_641359056_0,60.0,54.99,49.62,50.5,-5.01
425989640_425989698_0,60.0,54.81,52.37,51.65,-5.19
425989640_927147793_0,60.0,54.78,52.11,51.35,-5.22
425989698_641358982_0,60.0,54.16,49.16,50.35,-5.84
425991571_641359037_0,55.0,53.59,49.44,48.4,-1.41
425991571_641358960_0,60.0,53.91,48.51,49.7,-6.09
425992960_427778612_0,70.0,56.74,60.67,58.5,-13.26
425992962_927052207_0,65.0,54.76,57.37,54.8,-10.24
425992962_4636137647_0,55.0,54.03,53.87,52.2,-0.97
425994253_427777539_0,60.0,54.72,59.05,59.15,-5.28
425994607_427775939_0,60.0,52.8,48.14,46.4,-7.2
425994681_421412416_0,65.0,56.74,58.64,58.95,-8.26
425994971_641359096_0,60.0,54.27,50.86,51.51,-5.73
427775939_425994971_0,50.0,54.0,50.95,50.3,4.0
427777226_1246618538_0,70.0,57.09,59.94,58.6,-12.91
427777226_926970849_0,60.0,56.81,60.53,58.25,-3.19
427777345_926970844_0,60.0,55.16,56.54,57.2,-4.84
427777345_926970849_0,65.0,56.85,58.49,57.15,-8.15
427777345_452119471_0,60.0,56.86,57.98,58.05,-3.14
427777539_425994681_0,65.0,56.68,61.02,58.75,-8.32
427777644_614602206_0,60.0,54.49,51.06,51.15,-5.51
427777645_2026401439_0,65.0,54.74,52.53,55.1,-10.26
427778022_614602205_0,55.0,53.91,46.25,51.1,-1.09
427778205_614602206_0,45.0,54.37,47.93,51.35,9.37
427778442_2026401439_0,65.0,56.45,54.65,56.35,-8.55
427778442_3997898335_0,65.0,56.37,54.19,57.0,-8.63
427778612_427777226_0,60.0,56.74,62.43,59.0,-3.26
427778946_3997898338_0,65.0,56.21,54.39,56.98,-8.79
427779157_614602198_0,65.0,55.25,54.73,58.35,-9.75
427779185_4714233513_0,60.0,51.47,48.67,48.1,-8.53
427779185_425994253_0,65.0,53.55,53.93,50.4,-11.45
427779815_927035654_0,60.0,53.62,49.94,50.96,-6.38
427780781_427782505_0,70.0,61.9,63.63,64.5,-8.1
427780784_919676518_0,60.0,64.31,63.46,65.05,4.31
427780784_919458075_0,70.0,61.48,64.78,65.45,-8.52
427782372_452112512_0,65.0,54.7,56.71,56.1,-10.3
427782377_427782486_0,60.0,58.02,70.57,67.3,-1.98
427782427_427782428_0,70.0,61.76,61.87,64.5,-8.24
427782428_919458070_0,70.0,62.22,63.03,64.85,-7.78
427782432_926997696_0,70.0,58.16,59.81,61.63,-11.84
427782432_427782493_0,70.0,58.5,61.77,62.85,-11.5
427782436_427782493_0,70.0,58.34,60.25,63.65,-11.66
427782436_452112301_0,70.0,57.09,62.2,59.2,-12.91
427782486_926997696_0,70.0,56.37,63.17,63.15,-13.63
427782486_427782432_0,65.0,58.32,60.46,62.15,-6.68
427782493_919676514_0,70.0,59.09,61.78,64.9,-10.91
427782505_427782427_0,65.0,61.88,63.05,63.4,-3.12
427782505_964926662_0,70.0,61.46,59.47,61.6,-8.54
427784819_427785047_0,55.0,54.73,54.58,53.71,-0.27
427784819_425971746_0,60.0,55.7,57.52,58.35,-4.3
427784835_2609484177_0,60.0,54.33,48.49,50.85,-5.67
427784852_611752141_0,55.0,54.71,49.0,52.25,-0.29
427785241_427785320_0,45.0,56.36,65.64,67.41,11.36
427785241_611752141_0,55.0,55.65,58.37,55.01,0.65
427785242_3398814046_0,55.0,63.31,71.19,69.0,8.31
427785242_427785241_0,45.0,55.77,62.97,63.66,10.77
427785320_427785242_0,50.0,63.22,64.71,67.35,13.22
427787372_3845948768_0,60.0,56.54,54.64,51.95,-3.46
427787372_3846407788_0,65.0,57.41,58.38,57.6,-7.59
428504431_387126244_0,65.0,56.38,54.26,54.25,-8.62
428504431_436607591_0,70.0,60.28,57.93,58.45,-9.72
428504436_438642276_0,70.0,61.44,59.28,59.72,-8.56
428504470_428504510_0,60.0,54.87,51.91,52.45,-5.13
428504470_611752064_0,60.0,54.65,50.1,49.15,-5.35
428504471_387126270_0,55.0,55.37,56.62,54.65,0.37
428504471_387126269_0,60.0,55.17,54.52,55.95,-4.83
428504471_1619563473_0,55.0,55.1,63.37,64.9,0.1
428504474_428504491_0,55.0,54.86,57.53,57.25,-0.14
428504474_1387595141_0,60.0,54.92,52.77,53.8,-5.08
428504479_1122775564_0,70.0,60.28,61.39,61.2,-9.72
428504479_982679652_0,70.0,57.29,59.28,58.1,-12.71
428504479_982679570_0,70.0,59.2,61.92,59.45,-10.8
428504483_982679639_0,70.0,61.31,57.81,59.45,-8.69
428504483_982679676_0,70.0,57.24,56.96,56.1,-12.76
428504484_12644190966_0,70.0,59.09,56.17,58.6,-10.91
428504487_428504488_0,55.0,55.21,53.55,54.5,0.21
428504487_8622059598_0,55.0,55.8,54.6,57.28,0.8
428504488_428504490_0,55.0,54.63,53.57,55.5,-0.37
428504490_428504491_0,55.0,54.12,59.49,57.15,-0.88
428504490_387126268_0,55.0,54.99,53.12,55.85,-0.01
428504491_271157748_0,55.0,53.55,63.18,64.65,-1.45
428504502_8622059599_0,55.0,55.87,52.17,56.82,0.87
428504502_428504508_0,65.0,55.98,54.52,57.02,-9.02
428504502_982679676_0,65.0,56.1,53.62,54.15,-8.9
428504508_428504502_0,65.0,55.98,54.52,57.02,-9.02
428504508_387126247_0,60.0,55.82,55.82,57.28,-4.18
428504510_428504470_0,60.0,54.87,51.91,52.45,-5.13
428504510_428504520_0,65.0,55.84,56.43,57.08,-9.16
428504510_4221762836_0,65.0,55.46,52.69,53.25,-9.54
428504512_438652938_0,55.0,54.85,50.83,50.18,-0.15
428504512_2027136523_0,55.0,54.81,51.81,52.82,-0.19
428504520_428504510_0,65.0,55.84,56.43,57.08,-9.16
428504520_438647983_0,65.0,56.29,58.13,57.8,-8.71
428580928_264524100_0,75.0,63.8,53.68,61.05,-11.2
428580928_135562914_0,75.0,64.62,57.49,61.3,-10.38
428582209_264527019_0,70.0,57.77,57.42,59.7,-12.23
428582209_428582213_0,65.0,57.21,60.47,57.4,-7.79
428582213_264527018_0,65.0,56.41,57.12,56.1,-8.59
428787311_428791733_0,65.0,53.07,57.79,57.02,-11.93
428787602_428927249_0,55.0,54.06,53.71,54.35,-0.94
428787602_428788511_0,65.0,55.09,56.66,55.85,-9.91
428787822_1618940750_0,70.0,56.99,62.4,60.55,-13.01
428787822_666992548_0,65.0,53.64,60.07,59.85,-11.36
428787917_428791455_0,60.0,53.5,53.2,54.3,-6.5
428787917_1424278927_0,60.0,53.64,55.13,57.82,-6.36
428788378_428927249_0,60.0,54.03,53.41,54.8,-5.97
428788378_428788511_0,60.0,54.85,54.47,55.25,-5.15
428788378_428791455_0,60.0,53.83,53.39,53.41,-6.17
428788511_428788378_0,60.0,54.85,54.47,55.25,-5.15
428788511_923356370_0,60.0,55.83,54.95,57.08,-4.17
428788866_641358953_0,50.0,51.27,54.32,55.88,1.27
428788866_421781061_0,65.0,52.58,58.87,55.54,-12.42
428789443_428787602_0,65.0,53.88,52.2,54.9,-11.12
428791344_428789443_0,65.0,55.02,54.03,57.12,-9.98
428791410_641359108_0,50.0,50.36,54.15,55.58,0.36
428791410_666992548_0,65.0,53.36,57.35,58.7,-11.64
428791428_1424278914_0,60.0,53.15,58.1,56.55,-6.85
428791428_428787311_0,65.0,53.75,59.65,57.57,-11.25
428791455_428787917_0,60.0,53.5,53.2,54.3,-6.5
428791455_428788378_0,60.0,53.83,53.39,53.41,-6.17
428791502_428791428_0,65.0,53.92,57.51,57.15,-11.08
428791534_923152996_0,65.0,53.62,54.75,56.05,-11.38
428791733_641359121_0,45.0,50.94,57.02,55.68,5.94
428791733_429559147_0,65.0,52.63,57.65,57.02,-12.37
428791766_1427158939_0,60.0,53.37,59.92,56.42,-6.63
428791766_666992550_0,65.0,54.15,59.98,57.3,-10.85
428791784_428791962_0,65.0,52.1,58.74,56.57,-12.9
428791958_428791766_0,60.0,53.21,59.33,53.94,-6.79
428791962_4487729789_0,65.0,52.09,58.93,60.81,-12.91
428793339_428791766_0,65.0,54.62,62.9,62.9,-10.38
428793339_422869104_0,70.0,60.91,64.35,64.3,-9.09
428793702_421781061_0,65.0,53.5,60.33,57.3,-11.5
428793702_3914772151_0,70.0,57.53,64.35,64.65,-12.47
428927095_428789443_0,55.0,55.27,56.92,57.5,0.27
428927095_666992569_0,60.0,54.04,53.63,55.33,-5.96
428927249_923085426_0,60.0,54.21,54.52,55.82,-5.79
428933732_428933736_0,65.0,56.08,54.5,54.85,-8.92
428933732_1618941245_0,70.0,57.66,59.26,57.2,-12.34
428933736_428933732_0,65.0,56.08,54.5,54.85,-8.92
428933736_323094604_0,70.0,56.32,58.39,57.02,-13.68
428942531_428942580_0,65.0,59.85,57.95,60.22,-5.15
428942531_428942581_0,65.0,58.6,57.89,60.35,-6.4
428942580_428942531_0,65.0,59.85,57.95,60.22,-5.15
428942580_611752016_0,70.0,59.93,59.33,61.17,-10.07
428942581_428942531_0,65.0,58.6,57.89,60.35,-6.4
428942581_428948973_0,70.0,59.24,61.03,59.1,-10.76
428942583_387126209_0,70.0,58.43,61.59,59.15,-11.57
428942583_727417623_0,70.0,58.51,59.51,59.0,-11.49
428948973_428942583_0,70.0,59.28,60.21,59.05,-10.72
428950719_1387329751_0,65.0,56.91,58.56,58.55,-8.09
428950719_6536867811_0,65.0,57.01,59.04,58.5,-7.99
429559147_1455377778_0,65.0,52.34,58.16,56.5,-12.66
429559147_428791784_0,65.0,52.48,59.53,56.77,-12.52
429560419_420697255_0,65.0,56.73,62.19,61.9,-8.27
429561020_2353635998_0,60.0,50.43,49.52,50.46,-9.57
429561020_421748221_0,60.0,52.52,50.14,53.35,-7.48
429561020_323096985_0,60.0,52.31,48.76,50.26,-7.69
436605893_449895718_0,65.0,56.14,57.23,57.75,-8.86
436607591_1122775560_0,70.0,61.71,59.81,58.75,-8.29
436608302_436608983_0,60.0,56.49,56.98,53.95,-3.51
436608302_387126244_0,65.0,56.45,50.94,53.15,-8.55
436608302_436607591_0,65.0,56.6,55.22,54.9,-8.4
436608983_436608302_0,60.0,56.49,56.98,53.95,-3.51
436608983_982679652_0,65.0,57.19,56.24,55.38,-7.81
436608983_387126223_0,65.0,56.2,53.91,54.65,-8.8
436610563_2679398517_0,65.0,58.84,58.54,59.35,-6.16
436611388_2679398519_0,65.0,58.87,57.85,58.4,-6.13
436611388_387126224_0,65.0,58.63,62.51,59.5,-6.37
436612290_436612295_0,65.0,58.83,61.33,57.25,-6.17
436612290_436610563_0,65.0,58.75,60.01,57.9,-6.25
436612295_387126215_0,65.0,57.36,56.43,59.55,-7.64
436612295_436610563_0,65.0,58.69,60.95,57.8,-6.31
436612607_387126223_0,60.0,57.43,57.54,58.15,-2.57
436612607_436612290_0,65.0,58.88,58.55,58.85,-6.12
436615375_436611388_0,65.0,58.87,58.54,59.0,-6.13
436615375_2679398519_0,65.0,58.84,57.46,58.15,-6.16
436616235_436617060_0,70.0,55.15,53.62,54.72,-14.85
436616235_13171815262_0,70.0,56.26,55.57,56.98,-13.74
436616326_436616235_0,65.0,55.53,57.22,56.75,-9.47
436616326_436617330_0,65.0,55.86,58.3,56.8,-9.14
436617060_436618112_0,70.0,55.33,54.27,55.12,-14.67
436617060_436616235_0,70.0,55.15,53.62,54.72,-14.85
436617060_436617132_0,65.0,54.83,55.78,58.05,-10.17
436617068_1395008266_0,75.0,64.3,67.95,65.39,-10.7
436617068_965823917_0,75.0,55.42,62.78,65.85,-19.58
436617132_436616326_0,65.0,55.77,62.13,60.35,-9.23
436617132_436617068_0,70.0,55.46,65.41,66.0,-14.54
436617330_436617644_0,65.0,56.11,56.93,56.88,-8.89
436617331_436617644_0,60.0,55.77,57.69,54.65,-4.23
436617331_436617776_0,65.0,55.63,53.45,54.15,-9.37
436617644_436617330_0,65.0,56.11,56.93,56.88,-8.89
436617644_6421780455_0,65.0,56.3,57.38,55.2,-8.7
436617776_436617782_0,65.0,55.64,54.05,54.1,-9.36
436617781_436617776_0,65.0,55.95,56.31,57.4,-9.05
436617781_296961245_0,75.0,58.48,57.15,59.9,-16.52
436617782_6421780455_0,65.0,55.89,57.98,54.9,-9.11
436617825_436617782_0,65.0,56.2,56.72,58.3,-8.8
436617825_436617781_0,75.0,58.97,56.73,59.85,-16.03
436617881_965821827_0,70.0,57.26,61.21,59.3,-12.74
436618049_296961286_0,70.0,58.83,61.05,59.65,-11.17
436618112_436617060_0,70.0,55.33,54.27,55.12,-14.67
436618112_623906723_0,70.0,55.56,59.45,58.0,-14.44
436620862_436621395_0,65.0,58.75,62.65,59.4,-6.25
436620862_1387627171_0,65.0,55.66,56.78,58.3,-9.34
436620862_442118623_0,70.0,59.05,60.1,59.95,-10.95
436621177_369648448_0,65.0,55.32,52.53,53.65,-9.68
436621177_436621178_0,60.0,55.2,53.99,54.55,-4.8
436621178_369648454_0,65.0,56.2,52.64,55.8,-8.8
436621395_436620862_0,65.0,58.75,62.65,59.4,-6.25
436621395_1387627093_0,70.0,58.58,62.52,60.0,-11.42
436621395_369648381_0,65.0,55.7,59.88,58.4,-9.3
436621512_387126254_0,60.0,55.16,54.69,57.58,-4.84
436621573_436621574_0,55.0,55.23,56.83,56.68,0.23
436621573_436621512_0,65.0,55.24,56.03,57.88,-9.76
436621574_1387627235_0,60.0,55.41,55.74,58.18,-4.59
436621575_1387627225_0,60.0,55.7,58.21,59.4,-4.3
436621575_436621576_0,60.0,55.2,53.26,54.95,-4.8
436621576_387126270_0,60.0,55.39,60.89,57.12,-4.61
436621576_436621575_0,60.0,55.2,53.26,54.95,-4.8
436621576_1387627205_0,60.0,56.04,69.61,66.95,-3.96
436622581_3731778716_0,70.0,60.1,59.32,59.2,-9.9
436622581_611760573_0,70.0,60.2,61.74,60.7,-9.8
436622581_3731778715_0,65.0,58.42,60.53,58.45,-6.58
436622961_436622963_0,65.0,56.62,55.93,56.2,-8.38
436622961_1326393754_0,65.0,57.15,56.07,55.4,-7.85
436622963_2027174156_0,65.0,56.41,55.91,56.75,-8.59
436622963_436622961_0,65.0,56.62,55.93,56.2,-8.38
436623592_1475331036_0,65.0,57.54,56.02,58.1,-7.46
436623592_6310490476_0,70.0,58.79,61.63,58.7,-11.21
436623592_283248367_0,70.0,59.96,61.23,58.05,-10.04
436623724_611760546_0,65.0,56.3,56.87,57.6,-8.7
436623724_436623702_0,50.0,55.78,55.52,54.45,5.78
436623725_1475331071_0,65.0,56.27,54.64,54.65,-8.73
436623725_1326393703_0,65.0,56.5,57.36,55.75,-8.5
438642246_1121909720_0,70.0,60.71,59.02,62.2,-9.29
438642254_3779328826_0,70.0,60.58,60.49,62.15,-9.42
438642254_1121909669_0,70.0,62.72,61.71,62.5,-7.28
438642260_1121909669_0,70.0,61.16,61.89,61.8,-8.84
438642276_1121909720_0,70.0,62.73,61.65,62.15,-7.27
438642276_438642280_0,75.0,61.34,60.63,62.5,-13.66
438642280_387126246_0,70.0,61.22,61.68,62.6,-8.78
438642280_438642246_0,70.0,61.18,63.07,61.8,-8.82
438645115_614663329_0,70.0,57.97,57.63,57.6,-12.03
438645115_387126245_0,70.0,58.23,60.91,59.3,-11.77
438645122_438647983_0,70.0,57.94,57.86,57.75,-12.06
438645122_428504520_0,65.0,56.32,58.07,57.85,-8.68
438647983_614663331_0,70.0,57.93,57.72,57.45,-12.07
438648004_614663332_0,70.0,58.18,61.05,58.75,-11.82
438648969_296961320_0,70.0,58.14,57.26,59.0,-11.86
438649379_438648969_0,65.0,56.2,59.39,57.9,-8.8
438649379_438650495_0,55.0,55.45,52.61,54.25,0.45
438650495_611752089_0,65.0,55.11,54.21,54.05,-9.89
438651340_438650495_0,65.0,55.62,59.56,58.35,-9.38
438651340_421378986_0,70.0,58.47,61.1,59.7,-11.53
438651582_611752071_0,55.0,55.6,53.6,54.45,0.6
438651984_438651582_0,65.0,56.09,60.22,57.9,-8.91
438651984_296961322_0,70.0,58.35,59.16,58.7,-11.65
438652365_438652699_0,65.0,55.84,57.73,58.3,-9.16
438652699_296961274_0,70.0,58.23,58.31,59.35,-11.77
438652938_428504512_0,55.0,54.85,50.83,50.18,-0.15
438652938_611752064_0,60.0,54.49,49.62,49.2,-5.51
438653371_296961321_0,70.0,58.95,61.26,58.4,-11.05
438653371_623905614_0,65.0,56.05,59.8,57.8,-8.95
438654932_438652938_0,60.0,54.56,50.66,52.31,-5.44
440008918_213598354_0,55.0,62.95,66.23,58.3,7.95
440008918_4629227451_0,55.0,59.79,65.88,60.05,4.79
440008921_440008918_0,50.0,63.25,63.23,59.9,13.25
440008924_440008921_0,45.0,63.45,60.53,64.05,18.45
440008924_481416393_0,45.0,63.43,61.28,64.15,18.43
440012183_4200283939_0,55.0,53.34,53.31,54.4,-1.66
440012183_3241909188_0,45.0,54.23,50.23,55.62,9.23
440051048_440051052_0,60.0,55.3,60.14,54.6,-4.7
440051048_768758544_0,65.0,49.99,53.87,54.25,-15.01
440051052_567211550_0,60.0,55.4,57.62,54.8,-4.6
440051063_1139943416_0,60.0,54.95,56.46,53.6,-5.05
440051063_440051069_0,60.0,55.52,53.58,54.5,-4.48
440051069_482747396_0,60.0,55.52,54.05,54.85,-4.48
440051076_440051079_0,60.0,55.49,53.5,54.75,-4.51
440051079_1139943293_0,65.0,50.67,49.08,53.7,-14.33
440051079_440051083_0,60.0,55.34,55.94,54.85,-4.66
440051083_440051084_0,60.0,55.17,55.4,54.85,-4.83
440051084_3241909188_0,55.0,53.31,56.04,53.85,-1.69
440051084_4200283939_0,55.0,55.24,54.57,54.9,0.24
440051093_2934091488_0,70.0,53.12,56.83,54.9,-16.88
440051093_440051094_0,65.0,59.37,56.29,54.65,-5.63
440051094_566574431_0,60.0,59.49,56.37,54.3,-0.51
440051104_440051105_0,55.0,59.67,57.9,53.9,4.67
440051105_440051127_0,50.0,63.95,61.65,55.3,13.95
440051105_440051108_0,55.0,59.88,59.78,54.2,4.88
440051108_440051112_0,60.0,59.84,57.92,54.25,-0.16
440051112_2934129673_0,65.0,54.45,53.96,55.0,-10.55
440051112_488555674_0,60.0,59.82,56.63,54.6,-0.18
440051124_440051069_0,55.0,58.57,59.6,54.0,3.57
440051124_1139943613_0,60.0,59.35,55.59,54.7,-0.65
440051127_440051130_0,60.0,66.26,57.63,55.6,6.26
440051130_2934091700_0,65.0,59.56,56.25,54.35,-5.44
440051130_482738441_0,60.0,67.06,55.27,55.35,7.06
440051144_440051147_0,55.0,66.44,57.81,55.55,11.44
440051147_440051149_0,55.0,66.24,58.55,55.55,11.24
440051147_4215459699_0,50.0,66.3,58.6,55.0,16.3
440051149_440051161_0,55.0,65.88,58.43,55.6,10.88
440051161_482738780_0,65.0,59.16,51.32,53.45,-5.84
440051161_482739967_0,60.0,65.97,58.51,55.55,5.97
440051165_440051108_0,50.0,64.0,59.87,55.05,14.0
440051165_440051127_0,55.0,66.33,57.82,55.9,11.33
440058838_1154879981_0,55.0,70.24,54.83,58.25,15.24
440058838_440058849_0,50.0,70.3,52.71,58.2,20.3
440058849_440058851_0,50.0,70.57,52.35,58.35,20.57
440058851_440058854_0,50.0,70.41,50.95,57.9,20.41
440058854_1154879932_0,55.0,70.44,54.02,58.2,15.44
440058854_3833995751_0,55.0,70.3,50.74,57.9,15.3
440058862_534290804_0,55.0,67.25,57.37,54.35,12.25
440058862_1154879981_0,50.0,67.57,53.08,55.1,17.57
440058880_2559352042_0,60.0,66.02,60.0,55.85,6.02
440058880_534290842_0,50.0,67.3,52.28,53.9,17.3
440058880_534290821_0,50.0,67.38,51.7,53.8,17.38
440058886_2383629699_0,55.0,64.6,55.21,55.93,9.6
440058886_2559352042_0,60.0,65.09,53.96,55.25,5.09
440058901_2459974841_0,60.0,63.45,51.2,54.05,3.45
440058901_7968359041_0,60.0,63.77,49.2,54.35,3.77
440058901_2383629704_0,50.0,62.98,52.79,54.28,12.98
440058933_1497981333_0,60.0,57.41,49.08,54.7,-2.59
440058933_8381403669_0,55.0,61.1,50.91,54.65,6.1
441389561_926997700_0,55.0,63.24,65.05,62.42,8.24
441389576_623904587_0,50.0,63.25,69.05,69.4,13.25
441389760_577361960_0,60.0,65.0,61.51,64.68,5.0
441389856_2026401507_0,70.0,55.47,52.86,54.19,-14.53
441390146_1265209355_0,60.0,57.04,65.3,65.01,-2.96
441390146_3398845893_0,65.0,57.19,54.83,54.95,-7.81
441390254_6453104501_0,65.0,57.25,56.27,57.52,-7.75
441755986_441756094_0,60.0,58.25,64.44,66.35,-1.75
441755986_297507575_0,75.0,65.57,67.68,67.6,-9.43
441756094_297507676_0,55.0,57.98,60.4,59.4,2.98
441854476_297507622_0,75.0,65.13,67.27,67.0,-9.87
442117712_442118358_0,60.0,54.96,57.69,57.5,-5.04
442117712_442118101_0,70.0,57.38,59.74,60.85,-12.62
442117714_527173035_0,55.0,56.21,59.78,60.95,1.21
442117886_623906723_0,65.0,58.06,60.22,61.1,-6.94
442117886_442118293_0,60.0,53.95,57.37,56.3,-6.05
442117933_8900593513_0,75.0,61.04,68.74,68.2,-13.96
442117933_442117949_0,65.0,56.7,65.08,62.25,-8.3
442117949_4549875071_0,60.0,55.81,61.0,59.65,-4.19
442117949_296961351_0,55.0,56.96,61.1,61.1,1.96
442118051_296961342_0,55.0,56.05,64.36,60.8,1.05
442118051_442118052_0,55.0,56.43,59.56,60.8,1.43
442118052_442118655_0,55.0,56.12,58.47,60.55,1.12
442118059_2382811880_0,55.0,54.19,58.68,58.85,-0.81
442118059_442117714_0,55.0,56.11,58.25,60.3,1.11
442118101_296961290_0,70.0,57.23,60.9,59.9,-12.77
442118214_369648428_0,55.0,54.2,51.38,51.45,-0.8
442118214_442118241_0,55.0,54.27,54.65,57.04,-0.73
442118241_442118277_0,55.0,54.59,52.7,55.14,-0.41
442118241_369648394_0,55.0,54.68,54.76,55.05,-0.32
442118277_5392899907_0,60.0,54.48,54.97,53.8,-5.52
442118277_442118101_0,60.0,55.04,56.63,58.3,-4.96
442118293_436616235_0,65.0,55.0,54.54,54.05,-10.0
442118293_442117886_0,60.0,53.94,58.35,56.3,-6.06
442118300_442118293_0,60.0,54.63,52.18,55.82,-5.37
442118300_442117714_0,55.0,54.86,58.29,59.0,-0.14
442118334_442118293_0,65.0,55.23,53.3,55.15,-9.77
442118334_442118358_0,60.0,54.98,54.63,56.02,-5.02
442118358_442118300_0,55.0,54.59,53.76,55.58,-0.41
442118358_5392899892_0,60.0,54.59,54.49,54.05,-5.41
442118531_1387329772_0,65.0,54.64,57.58,54.6,-10.36
442118579_369648392_0,55.0,55.24,53.58,54.88,0.24
442118579_442118610_0,65.0,55.14,53.52,52.95,-9.86
442118610_369648446_0,65.0,54.88,48.58,51.25,-10.12
442118610_442118613_0,55.0,55.33,60.03,58.6,0.33
442118613_296961293_0,65.0,57.11,62.28,59.2,-7.89
442118623_387126233_0,70.0,58.96,61.11,60.05,-11.04
442118623_436620862_0,70.0,59.05,60.1,59.95,-10.95
442118629_1246618741_0,60.0,57.34,58.84,59.3,-2.66
442118629_449871316_0,60.0,56.01,60.18,59.2,-3.99
442118653_442118694_0,55.0,56.87,59.9,59.05,1.87
442118653_387126236_0,60.0,56.32,59.65,58.1,-3.68
442118655_442118656_0,55.0,55.94,58.09,59.8,0.94
442118655_442118653_0,55.0,56.49,57.65,60.7,1.49
442118656_442118059_0,55.0,55.85,59.16,60.5,0.85
442118658_442118656_0,55.0,56.39,59.55,60.45,1.39
442118663_442118940_0,55.0,57.24,58.69,58.6,2.24
442118663_442118629_0,60.0,58.04,58.53,57.95,-1.96
442118663_442118953_0,60.0,57.4,58.88,57.9,-2.6
442118667_442118686_0,65.0,57.61,62.64,60.15,-7.39
442118667_1387627089_0,70.0,59.41,60.13,61.0,-10.59
442118667_387126235_0,70.0,59.76,61.16,60.3,-10.24
442118686_442118940_0,60.0,57.77,58.58,58.48,-2.23
442118686_442118629_0,55.0,57.42,58.99,58.85,2.42
442118694_442118658_0,60.0,55.43,58.86,57.65,-4.57
442118694_442118686_0,60.0,57.29,60.35,58.7,-2.71
442118829_296961342_0,70.0,61.18,65.93,60.6,-8.82
442118829_387126236_0,70.0,60.18,65.97,61.0,-9.82
442118940_442118658_0,55.0,57.15,58.53,58.55,2.15
442118940_4419975759_0,60.0,56.34,57.65,57.7,-3.66
442118953_10120616881_0,55.0,56.77,59.29,57.55,1.77
442118953_442118663_0,60.0,57.4,58.88,57.9,-2.6
442118988_1246618744_0,65.0,55.56,52.24,54.2,-9.44
442119243_449871316_0,60.0,55.75,52.61,52.45,-4.25
442119243_442118663_0,55.0,56.02,58.57,55.6,1.02
442594647_438654932_0,55.0,55.47,54.44,53.75,0.47
443058804_1475331056_0,55.0,58.7,69.65,65.95,3.7
443058804_1326394120_0,55.0,57.94,69.37,64.85,2.94
443058822_283248560_0,45.0,63.07,68.18,68.65,18.07
443058836_443058841_0,50.0,62.81,67.22,69.65,12.81
443058841_443058842_0,50.0,63.27,66.73,68.85,13.27
443058842_443058844_0,45.0,62.9,68.92,69.35,17.9
444584910_523773219_0,75.0,63.55,61.49,59.99,-11.45
444584910_931001881_0,75.0,60.26,56.86,56.4,-14.74
444584910_444585085_0,75.0,64.22,61.33,59.28,-10.78
444585054_444585766_0,65.0,58.64,56.06,54.25,-6.36
444585054_931001883_0,70.0,58.32,57.11,54.3,-11.68
444585054_931001859_0,70.0,58.85,55.51,54.35,-11.15
444585058_444585766_0,65.0,58.13,54.51,52.4,-6.87
444585058_444586335_0,65.0,57.96,53.62,52.3,-7.04
444585085_5779747351_0,75.0,64.18,58.08,59.68,-10.82
444585085_930272920_0,75.0,60.85,56.01,56.25,-14.15
444585085_444584910_0,75.0,64.22,61.33,59.28,-10.78
444585722_444587581_0,65.0,59.44,53.3,52.8,-5.56
444585722_444586335_0,65.0,58.59,53.56,52.55,-6.41
444585726_1490307237_0,75.0,62.33,65.02,56.75,-12.67
444585726_523795155_0,75.0,60.37,63.1,57.6,-14.63
444585726_4492786357_0,75.0,60.11,63.53,57.4,-14.89
444585733_523795127_0,75.0,65.63,61.42,59.35,-9.37
444585733_523776101_0,75.0,63.63,57.18,59.65,-11.37
444585733_5779747351_0,75.0,64.88,61.25,59.6,-10.12
444585766_444585054_0,65.0,58.64,56.06,54.25,-6.36
444585766_444585907_0,70.0,57.61,55.47,52.6,-12.39
444585766_444585058_0,65.0,58.13,54.51,52.4,-6.87
444585907_444585058_0,70.0,57.66,55.85,52.45,-12.34
444586335_444585907_0,65.0,57.5,54.92,52.45,-7.5
444586335_444585722_0,65.0,58.59,53.56,52.55,-6.41
444586335_444585058_0,65.0,57.96,53.62,52.3,-7.04
444587581_4492786357_0,70.0,59.75,59.22,54.35,-10.25
444587581_444585722_0,65.0,59.33,54.0,52.6,-5.67
444589118_534013974_0,45.0,61.81,63.9,69.45,16.81
444589793_1772588110_0,60.0,50.24,56.62,57.85,-9.76
444590342_444598480_0,65.0,43.68,54.2,46.95,-21.32
444590342_444590500_0,60.0,43.46,54.71,47.25,-16.54
444590342_444593762_0,60.0,43.93,53.86,46.85,-16.07
444590500_444590342_0,60.0,43.46,54.71,47.25,-16.54
444590500_1773429959_0,65.0,42.29,53.6,47.2,-22.71
444592544_444592546_0,55.0,44.54,47.55,49.2,-10.46
444592546_4583441285_0,55.0,44.3,48.5,49.22,-10.7
444592550_3866700311_0,60.0,61.05,59.77,67.05,1.05
444592924_1772588097_0,65.0,49.5,54.51,55.42,-15.5
444593762_444590342_0,60.0,43.93,53.86,46.85,-16.07
444593765_444596642_0,60.0,48.46,67.19,58.05,-11.54
444593765_444596806_0,65.0,48.33,66.47,55.55,-16.67
444596420_444596642_0,60.0,48.75,56.15,54.45,-11.25
444596420_3832449838_0,60.0,49.15,56.17,55.65,-10.85
444596642_444596420_0,60.0,48.75,56.15,54.45,-11.25
444596642_444593765_0,60.0,48.46,67.19,58.05,-11.54
444596642_444596966_0,65.0,47.77,54.06,53.75,-17.23
444596692_444597699_0,65.0,43.63,54.23,48.31,-21.37
444596692_444597352_0,65.0,44.22,52.4,48.05,-20.78
444596692_444597408_0,60.0,45.58,57.52,50.35,-14.42
444596806_444597294_0,65.0,47.15,61.23,53.15,-17.85
444596806_444596966_0,60.0,46.86,62.13,53.6,-13.14
444596966_444597340_0,65.0,45.77,57.57,53.6,-19.23
444596966_444596806_0,60.0,46.86,62.13,53.6,-13.14
444596966_444596642_0,65.0,47.77,54.06,53.75,-17.23
444597294_444597368_0,65.0,46.6,60.5,53.25,-18.4
444597294_444597340_0,60.0,46.51,61.94,53.15,-13.49
444597340_444597352_0,65.0,45.0,51.13,48.7,-20.0
444597340_444596966_0,65.0,45.77,57.57,53.6,-19.23
444597340_444597294_0,60.0,46.51,61.94,53.15,-13.49
444597352_444596692_0,65.0,44.22,52.4,48.05,-20.78
444597352_444597340_0,65.0,45.0,51.13,48.7,-20.0
444597352_444597368_0,60.0,45.95,60.14,53.05,-14.05
444597368_444597408_0,65.0,46.12,60.7,53.25,-18.88
444597368_444597352_0,60.0,45.95,60.14,53.05,-14.05
444597408_444597708_0,65.0,45.69,62.02,53.95,-19.31
444597408_444596692_0,60.0,45.58,57.52,50.35,-14.42
444597699_444596692_0,65.0,43.63,54.23,48.31,-21.37
444597699_4282216876_0,60.0,43.72,54.9,48.82,-16.28
444597699_444597708_0,60.0,44.74,60.02,49.25,-15.26
444597708_444597861_0,65.0,45.49,64.17,53.75,-19.51
444597708_444597699_0,60.0,44.74,60.02,49.25,-15.26
444597861_444598210_0,65.0,45.5,63.86,53.75,-19.5
444597861_444597973_0,65.0,44.77,60.42,49.53,-20.23
444597973_1773429868_0,65.0,43.42,52.26,49.32,-21.58
444597973_444597861_0,65.0,44.77,60.42,49.53,-20.23
444597973_4282216876_0,65.0,43.34,54.96,48.96,-21.66
444598210_444598417_0,65.0,45.74,57.28,51.3,-19.26
444598210_444598474_0,60.0,45.23,58.65,48.58,-14.77
444598417_444598478_0,65.0,45.19,58.59,47.6,-19.81
444598417_444598422_0,65.0,45.16,57.75,48.48,-19.84
444598417_1772588215_0,65.0,45.73,56.63,49.45,-19.27
444598422_444598417_0,65.0,45.16,57.75,48.48,-19.84
444598422_444598474_0,65.0,43.93,54.43,48.76,-21.07
444598474_444598210_0,60.0,45.23,58.65,48.58,-14.77
444598474_444597973_0,65.0,43.63,54.03,49.47,-21.37
444598478_444598480_0,55.0,44.33,58.67,47.4,-10.67
444598478_444593762_0,65.0,44.23,57.34,47.2,-20.77
444598480_444598478_0,55.0,44.33,58.67,47.4,-10.67
444598480_444598422_0,65.0,43.82,55.24,48.5,-21.18
444600513_616518656_0,75.0,58.89,62.85,59.25,-16.11
444600513_616518608_0,70.0,59.4,62.52,60.15,-10.6
444600610_4477498636_0,70.0,58.76,60.17,59.8,-11.24
444600610_264538152_0,70.0,58.55,62.11,59.7,-11.45
445850925_495163100_0,70.0,55.73,56.43,57.55,-14.27
445850925_1618969693_0,65.0,55.9,59.45,58.55,-9.1
445850934_290381189_0,70.0,55.34,54.31,56.95,-14.66
445850934_626874343_0,70.0,55.63,54.92,55.6,-14.37
445850934_13387542869_0,70.0,55.89,53.31,54.4,-14.11
445851221_1618969693_0,70.0,61.05,61.3,59.4,-8.95
445851221_1618969702_0,70.0,60.28,63.54,58.9,-9.72
445852289_626874401_0,65.0,57.93,59.6,57.07,-7.07
445852289_933299393_0,75.0,63.64,64.01,64.95,-11.36
445852761_933237464_0,70.0,57.78,57.66,56.99,-12.22
445852761_626874383_0,70.0,57.46,57.23,57.14,-12.54
445852766_445852767_0,65.0,55.86,55.63,56.94,-9.14
445852767_4609862811_0,70.0,55.69,56.07,55.96,-14.31
445852767_4027898268_0,70.0,55.51,56.73,54.84,-14.49
445852768_626874428_0,65.0,54.95,52.85,53.9,-10.05
445852913_4551425475_0,65.0,56.59,51.49,53.9,-8.41
445852913_614631958_0,65.0,56.74,57.59,55.87,-8.26
445852913_933237416_0,60.0,56.25,55.76,54.1,-3.75
445852914_1129777323_0,75.0,63.14,58.5,58.8,-11.86
445852914_4551425472_0,65.0,58.73,62.18,59.3,-6.27
446903108_4286310948_0,65.0,58.66,52.81,55.95,-6.34
446903108_1771314729_0,60.0,59.24,51.18,55.3,-0.76
446903111_1014819652_0,65.0,58.37,58.83,56.4,-6.63
446903111_4203333375_0,65.0,56.52,57.02,55.9,-8.48
446903115_1014819673_0,70.0,58.35,60.91,57.05,-11.65
447971852_420703474_0,60.0,49.07,45.77,48.06,-10.93
447971899_641358910_0,60.0,49.58,48.85,47.88,-10.42
447971899_447971852_0,60.0,47.45,44.53,47.9,-12.55
447971899_420704984_0,60.0,49.19,43.74,47.15,-10.81
449832540_2021583156_0,60.0,54.19,58.07,54.48,-5.81
449832540_1237282414_0,65.0,55.1,57.89,58.35,-9.9
449832545_449832547_0,65.0,54.47,55.66,56.45,-10.53
449832547_887824641_0,65.0,54.64,55.23,55.78,-10.36
449832628_449838685_0,65.0,54.3,52.2,53.78,-10.7
449832631_449832628_0,60.0,55.2,55.87,55.78,-4.8
449832631_422875437_0,60.0,54.7,54.93,55.32,-5.3
449832926_887824641_0,60.0,54.08,57.12,57.72,-5.92
449832926_1618940776_0,65.0,53.92,54.02,55.05,-11.08
449833165_449833469_0,60.0,52.32,46.87,48.55,-7.68
449833469_449834169_0,55.0,54.42,52.26,51.25,-0.58
449833469_449833165_0,55.0,52.26,46.87,48.55,-2.74
449834099_449834167_0,60.0,51.2,50.95,53.4,-8.8
449834099_449834101_0,60.0,51.23,52.7,54.2,-8.77
449834101_449834107_0,60.0,51.66,53.42,56.1,-8.34
449834107_449845927_0,60.0,53.18,60.8,59.7,-6.82
449834107_449834108_0,60.0,51.75,55.68,56.68,-8.25
449834108_769140886_0,60.0,51.69,55.9,56.78,-8.31
449834167_449834169_0,60.0,51.39,50.24,54.0,-8.61
449834169_449834099_0,60.0,51.1,52.69,53.7,-8.9
449838232_449838237_0,65.0,52.93,56.56,55.9,-12.07
449838232_449845873_0,65.0,53.28,58.74,56.6,-11.72
449838237_13625192404_0,65.0,53.22,59.25,56.1,-11.78
449838237_449845873_0,65.0,52.89,57.03,54.95,-12.11
449838685_449838702_0,60.0,54.88,53.42,54.62,-5.12
449838685_5168684776_0,65.0,54.16,53.9,54.25,-10.84
449838702_449832631_0,60.0,55.09,53.78,55.48,-4.91
449840216_851411434_0,65.0,55.04,60.16,57.3,-9.96
449840228_449840216_0,65.0,54.67,57.42,56.45,-10.33
449840228_449832545_0,65.0,54.73,57.97,58.4,-10.27
449841139_449832926_0,60.0,54.06,56.42,57.45,-5.94
449841139_1240847107_0,65.0,53.9,55.63,54.3,-11.1
449842511_2671574877_0,65.0,53.51,58.5,55.85,-11.49
449842511_2671568140_0,60.0,53.28,56.28,53.85,-6.72
449842511_422881395_0,60.0,54.43,54.21,54.4,-5.57
449842875_249245921_0,65.0,55.33,66.82,62.6,-9.67
449842875_2671568180_0,60.0,53.14,56.75,54.77,-6.86
449845873_851411514_0,65.0,53.25,59.66,57.1,-11.75
449845908_449834108_0,60.0,53.16,58.18,58.55,-6.84
449845908_449845927_0,65.0,53.29,58.83,57.15,-11.71
449845927_851411393_0,65.0,53.47,62.2,61.2,-11.53
449869141_449870458_0,55.0,62.27,69.52,69.0,7.27
449870458_13063861062_0,45.0,62.71,65.06,69.05,17.71
449871316_442118988_0,60.0,55.82,53.3,52.55,-4.18
449895718_442118623_0,65.0,58.11,59.47,59.65,-6.89
452111797_452113296_0,60.0,55.0,56.98,58.3,-5.0
452111797_452113421_0,70.0,57.17,60.23,59.25,-12.83
452112301_2606288677_0,70.0,57.01,64.11,58.75,-12.99
452112301_427782436_0,70.0,57.09,62.2,59.2,-12.91
452112512_452113706_0,60.0,54.56,54.12,55.0,-5.44
452112512_427782377_0,65.0,55.37,65.62,66.4,-9.63
452113296_452112301_0,60.0,54.62,60.94,58.1,-5.38
452113421_452115672_0,65.0,56.96,59.54,59.4,-8.04
452113706_452113296_0,60.0,54.84,55.91,55.35,-5.16
452113706_452113421_0,60.0,54.71,58.43,58.9,-5.29
452115672_927035610_0,65.0,56.8,58.39,59.0,-8.2
452115672_427782372_0,65.0,55.18,58.17,58.6,-9.82
452117513_1383274414_0,60.0,54.74,57.73,57.75,-5.26
452119471_427777345_0,60.0,56.86,57.98,58.05,-3.14
459507531_8270783324_0,65.0,58.02,57.21,57.33,-6.98
459515669_8900735178_0,75.0,63.25,70.78,67.5,-11.75
467673933_2973934772_0,70.0,61.22,60.35,60.75,-8.78
467673933_2973934773_0,70.0,64.47,61.47,63.1,-5.53
467687314_472310348_0,70.0,63.1,61.24,63.23,-6.9
469199899_469199900_0,70.0,56.79,58.57,55.85,-13.21
469199899_469199901_0,70.0,55.94,54.53,54.05,-14.06
469199900_3874380537_0,80.0,61.66,61.0,63.12,-18.34
469199900_469199899_0,70.0,56.79,58.57,55.85,-13.21
469199900_263695716_0,75.0,60.75,61.62,59.4,-14.25
469199901_469199906_0,65.0,55.73,52.53,57.35,-9.27
469199901_469199903_0,65.0,54.2,53.31,53.2,-10.8
469199902_263689618_0,65.0,56.37,54.8,54.95,-8.63
469199903_469199917_0,70.0,55.58,52.1,55.02,-14.42
469199903_469199901_0,65.0,54.21,53.31,53.2,-10.79
469199905_469199916_0,60.0,55.77,55.05,54.2,-4.23
469199906_469199908_0,65.0,56.09,55.87,57.25,-8.91
469199907_469199916_0,65.0,55.94,53.75,55.4,-9.06
469199907_469199906_0,65.0,56.0,55.71,56.6,-9.0
469199908_469199902_0,65.0,56.24,53.9,54.3,-8.76
469199909_263689618_0,70.0,56.21,53.13,55.3,-13.79
469199909_469199908_0,65.0,56.31,53.48,54.55,-8.69
469199916_469199909_0,65.0,56.04,55.92,55.5,-8.96
469199916_469199905_0,60.0,55.78,55.05,54.2,-4.22
469199917_469199907_0,65.0,55.72,51.42,54.8,-9.28
469199917_469199929_0,60.0,55.38,52.86,53.4,-4.62
469199929_469199917_0,60.0,55.37,52.86,53.35,-4.63
469424326_626146137_0,70.0,50.67,45.25,47.4,-19.33
469424326_249502509_0,70.0,50.86,46.94,48.1,-19.14
469990123_6738099513_0,70.0,59.4,66.71,60.6,-10.6
469991896_2667364491_0,65.0,57.0,58.97,59.0,-8.0
469991896_469992014_0,70.0,57.92,64.76,63.54,-12.08
469992014_1246618653_0,75.0,60.97,64.3,65.44,-14.03
469992014_274103557_0,75.0,59.78,65.21,65.38,-15.22
469993760_8319105494_0,70.0,57.84,63.09,58.85,-12.16
469993760_274103531_0,65.0,57.88,62.94,60.55,-7.12
470619042_921128137_0,75.0,64.29,61.81,65.7,-10.71
470619042_1976553969_0,70.0,63.98,63.57,65.0,-6.02
471333125_995592383_0,75.0,64.43,61.92,64.9,-10.57
471333685_626874461_0,65.0,54.94,51.64,52.2,-10.06
471333685_914720435_0,65.0,53.9,53.9,52.35,-11.1
471333712_2035655463_0,70.0,56.35,53.73,55.25,-13.65
471333712_471791901_0,70.0,60.53,58.41,59.25,-9.47
471333798_3735982709_0,75.0,57.96,60.3,58.8,-17.04
471339755_524681429_0,70.0,58.32,52.36,53.65,-11.68
471339755_931049789_0,70.0,58.11,52.6,52.7,-11.89
471339973_2868039058_0,70.0,59.09,57.53,56.13,-10.91
471339973_471339976_0,70.0,58.71,52.28,54.55,-11.29
471339976_2079850011_0,75.0,58.69,52.4,54.05,-16.31
471339976_471339981_0,70.0,58.65,53.08,54.05,-11.35
471339981_932312632_0,70.0,59.21,55.29,53.58,-10.79
471340364_2079850011_0,75.0,58.68,53.3,54.05,-16.32
471340364_471340366_0,75.0,58.65,53.03,54.05,-16.35
471340366_471340372_0,70.0,58.55,53.19,54.25,-11.45
471340372_932312653_0,70.0,58.52,54.8,54.65,-11.48
471340372_524681429_0,70.0,58.42,52.28,54.55,-11.58
471340623_931582270_0,70.0,59.37,55.56,53.55,-10.63
471341070_976150156_0,70.0,58.17,55.76,53.6,-11.83
471341070_471341082_0,70.0,58.01,55.86,52.85,-11.99
471341082_931049757_0,70.0,58.04,56.25,52.35,-11.96
471341082_931049786_0,70.0,58.14,54.19,52.6,-11.86
471341258_387126689_0,70.0,59.66,54.41,53.75,-10.34
471341258_471341266_0,70.0,60.03,56.9,56.04,-9.97
471341266_387126714_0,70.0,60.15,58.17,57.94,-9.85
471341266_387126689_0,70.0,59.55,53.31,53.4,-10.45
471341535_1490308301_0,75.0,61.29,67.51,62.03,-13.71
471341535_1490307234_0,75.0,60.87,61.19,61.9,-14.13
471366913_3771943427_0,65.0,56.12,58.82,56.32,-8.88
471366913_249350173_0,65.0,55.27,61.29,56.5,-9.73
471366913_3771943426_0,65.0,54.0,52.21,53.62,-11.0
471504391_249350167_0,50.0,46.9,47.27,50.05,-3.1
471512364_471784546_0,70.0,56.5,61.35,59.02,-13.5
471512364_2357378479_0,75.0,52.66,55.55,56.3,-22.34
471513356_471513468_0,65.0,46.69,54.0,51.5,-18.31
471513461_626875299_0,60.0,45.39,49.17,50.55,-14.61
471513461_3718627973_0,65.0,46.82,50.36,50.85,-18.18
471513463_471513461_0,65.0,47.01,49.78,50.9,-17.99
471513465_471513936_0,65.0,47.93,51.74,49.6,-17.07
471513465_471513463_0,65.0,46.88,49.12,50.15,-18.12
471513466_471513465_0,65.0,46.59,50.28,49.8,-18.41
471513468_2394954724_0,65.0,46.63,51.44,51.15,-18.37
471513468_471513466_0,65.0,46.76,49.08,49.75,-18.24
471513564_471513566_0,65.0,46.78,46.82,48.5,-18.22
471513564_471514071_0,65.0,46.49,46.9,48.2,-18.51
471513566_3735084662_0,65.0,46.9,49.54,50.5,-18.1
471513571_1843359493_0,65.0,46.86,45.92,49.6,-18.14
471513571_626876878_0,65.0,47.89,55.17,51.5,-17.11
471513581_471513646_0,65.0,46.82,50.42,50.35,-18.18
471513581_1846104168_0,65.0,46.71,48.41,49.75,-18.29
471513646_929285385_0,65.0,47.42,49.71,51.7,-17.58
471513936_2035149586_0,65.0,52.15,49.02,50.0,-12.85
471513936_2394953480_0,60.0,48.44,45.36,50.25,-11.56
471514071_2394953480_0,65.0,47.58,46.57,49.9,-17.42
471514071_471513466_0,65.0,46.47,47.17,48.85,-18.53
471784546_933480040_0,70.0,53.55,53.55,57.2,-16.45
471784546_2561053434_0,70.0,56.93,59.38,58.37,-13.07
471784710_626876215_0,60.0,51.11,60.41,62.1,-8.89
471784710_626876215_1,65.0,51.0,57.51,62.2,-14.0
471784714_471784710_0,65.0,50.4,57.63,51.5,-14.6
471784728_1980123431_0,60.0,49.94,48.49,50.05,-10.06
471784728_471784772_0,65.0,52.04,54.48,54.8,-12.96
471784733_471784728_0,60.0,52.18,56.0,55.65,-7.82
471784733_471784894_0,70.0,56.98,61.14,57.79,-13.02
471784772_471784733_0,75.0,56.79,61.81,57.69,-18.21
471784894_471785057_0,65.0,53.52,61.44,57.07,-11.48
471784894_614631999_0,70.0,58.42,58.91,57.72,-11.58
471784925_471784953_0,50.0,47.82,57.03,52.15,-2.18
471784925_471784926_0,60.0,49.14,57.45,52.2,-10.86
471784925_626875417_0,60.0,49.11,57.81,52.0,-10.89
471784926_471784925_0,60.0,49.14,57.45,52.2,-10.86
471784933_471784953_0,50.0,48.08,51.65,50.05,-1.92
471784953_471784925_0,50.0,47.82,57.03,52.15,-2.18
471784953_471784958_0,45.0,48.9,48.76,48.98,3.9
471784953_471784933_0,50.0,48.05,51.27,49.95,-1.95
471784958_471784953_0,45.0,48.9,48.76,48.98,3.9
471784958_471785025_0,50.0,49.14,48.9,49.22,-0.86
471784958_471785050_0,50.0,49.45,49.78,49.22,-0.55
471785025_626875560_0,50.0,48.72,48.02,48.72,-1.28
471785025_626875417_0,50.0,47.74,54.2,51.65,-2.26
471785025_471784958_0,50.0,49.14,48.9,49.22,-0.86
471785026_626875560_0,50.0,48.64,50.04,49.28,-1.36
471785026_2229381106_0,50.0,48.85,48.0,49.08,-1.15
471785026_626875822_0,45.0,47.87,54.1,51.55,2.87
471785027_626875429_0,50.0,49.2,48.03,49.78,-0.8
471785027_2229381106_0,50.0,49.13,46.47,49.12,-0.87
471785027_626875570_0,50.0,49.79,49.91,51.4,-0.21
471785028_626875409_0,50.0,49.47,47.32,50.9,-0.53
471785028_626875429_0,45.0,49.34,48.53,49.12,4.34
471785028_471785050_0,50.0,49.65,47.94,49.18,-0.35
471785050_471785028_0,50.0,49.65,47.94,49.18,-0.35
471785050_471784958_0,50.0,49.45,49.78,49.22,-0.55
471785057_2229381105_0,60.0,51.59,49.65,51.0,-8.41
471785057_471784894_0,65.0,53.52,61.44,57.07,-11.48
471785057_626875570_0,65.0,52.23,52.61,54.22,-12.77
471791901_2533625125_0,75.0,61.98,59.95,58.3,-13.02
471791901_965814462_0,70.0,58.69,58.56,58.3,-11.31
471791904_2383668259_0,70.0,56.98,55.85,56.15,-13.02
471791904_626874442_0,65.0,56.8,58.28,55.4,-8.2
471791917_471791904_0,65.0,56.72,56.11,55.55,-8.28
471791927_626874419_0,70.0,58.6,54.24,57.1,-11.4
471791927_445852914_0,75.0,62.6,60.65,59.05,-12.4
471792453_1772586990_0,60.0,54.21,52.42,52.9,-5.79
471792453_626876183_0,65.0,56.53,55.01,54.65,-8.47
471792453_471792455_0,65.0,56.74,58.98,55.6,-8.26
471792455_626876168_0,60.0,54.54,60.98,59.65,-5.46
471792455_471792453_0,65.0,56.74,58.98,55.6,-8.26
471792455_4417541955_0,60.0,56.5,58.59,55.8,-3.5
471792465_4417541955_0,60.0,55.71,54.86,55.5,-4.29
471792465_1772587554_0,60.0,53.84,57.39,55.8,-6.16
471792465_529438050_0,60.0,55.88,53.9,57.45,-4.12
471792468_626876469_0,65.0,55.54,56.82,56.75,-9.46
471792468_471792469_0,65.0,55.47,55.03,56.8,-9.53
471792469_471792468_0,65.0,55.47,55.03,56.8,-9.53
471792469_529438062_0,60.0,53.06,54.78,54.85,-6.94
471792469_529438055_0,60.0,55.27,55.46,57.0,-4.73
471792472_626876577_0,60.0,54.98,55.17,57.25,-5.02
471792472_529438055_0,60.0,54.98,53.86,58.15,-5.02
471792511_2533625125_0,75.0,61.3,59.37,60.32,-13.7
471792511_4281826082_0,75.0,62.83,59.86,59.85,-12.17
471792511_4281826080_0,70.0,61.74,59.2,60.0,-8.26
471792542_1491287669_0,75.0,61.08,57.42,58.5,-13.92
471792542_471792582_0,70.0,59.1,59.45,54.35,-10.9
471792542_1490307242_0,70.0,61.59,58.31,58.7,-8.41
471792565_471792588_0,70.0,61.25,58.85,59.85,-8.75
471792565_1491287669_0,70.0,61.21,58.35,59.65,-8.79
471792565_471792582_0,65.0,58.59,56.46,55.45,-6.41
471792582_471792565_0,65.0,58.59,56.46,55.45,-6.41
471792582_471792542_0,70.0,59.1,59.45,54.35,-10.9
471792582_471792588_0,70.0,58.81,55.95,55.05,-11.19
471792588_4281826080_0,70.0,61.48,55.12,59.05,-8.52
471792588_471792582_0,70.0,58.81,55.95,55.05,-11.19
471792588_471792565_0,70.0,61.25,58.85,59.85,-8.75
471792707_471793088_0,60.0,57.55,55.9,56.85,-2.45
471792707_471792970_0,65.0,60.05,57.3,57.45,-4.95
471792814_471792955_0,65.0,60.11,61.21,57.2,-4.89
471792814_471792970_0,70.0,61.46,60.28,57.85,-8.54
471792814_4526545261_0,65.0,61.97,60.22,58.4,-3.03
471792816_471793086_0,65.0,58.2,52.41,52.65,-6.8
471792816_471793321_0,65.0,57.82,56.46,52.65,-7.18
471792816_471792906_0,70.0,59.06,58.77,55.7,-10.94
471792836_471793251_0,60.0,56.15,52.23,51.65,-3.85
471792836_471793088_0,60.0,56.6,55.45,53.0,-3.4
471792836_471793321_0,60.0,57.41,57.47,53.25,-2.59
471792906_471792955_0,65.0,59.84,58.83,56.5,-5.16
471792906_471792816_0,70.0,59.06,58.77,55.7,-10.94
471792955_471793086_0,60.0,58.89,55.82,54.4,-1.11
471792955_471792814_0,65.0,60.11,61.21,57.2,-4.89
471792955_471792906_0,65.0,59.84,58.83,56.5,-5.16
471792970_471793004_0,60.0,58.59,59.34,56.55,-1.41
471792970_471792707_0,65.0,60.05,57.3,57.45,-4.95
471792970_471792814_0,70.0,61.46,60.28,57.85,-8.54
471793004_471792970_0,60.0,58.59,59.34,56.55,-1.41
471793004_471793088_0,60.0,57.56,56.07,55.0,-2.44
471793004_471793086_0,60.0,58.23,54.72,54.05,-1.77
471793086_471792816_0,65.0,58.2,52.41,52.65,-6.8
471793086_471792955_0,60.0,58.89,55.82,54.4,-1.11
471793086_471793004_0,60.0,58.23,54.72,54.05,-1.77
471793088_471792836_0,60.0,56.6,55.45,53.0,-3.4
471793088_471792707_0,60.0,57.55,55.9,56.85,-2.45
471793088_471793004_0,60.0,57.56,56.07,55.0,-2.44
471793251_2050602367_0,60.0,55.81,52.64,50.95,-4.19
471793251_471792836_0,60.0,56.15,52.23,51.65,-3.85
471793251_471793321_0,60.0,57.5,56.95,52.95,-2.5
471793321_471792836_0,60.0,57.41,57.47,53.25,-2.59
471793321_471792816_0,65.0,57.82,56.46,52.65,-7.18
471793321_471793251_0,60.0,57.5,56.95,52.95,-2.5
471825464_1111796516_1,75.0,62.56,68.4,69.9,-12.44
472310341_263701671_0,65.0,59.23,55.52,57.6,-5.77
472310341_3377950886_0,70.0,63.96,62.45,62.1,-6.04
472310342_472310343_0,65.0,59.23,57.85,58.8,-5.77
472310342_263701671_0,65.0,58.99,55.9,56.02,-6.01
472310343_472310341_0,70.0,63.19,60.73,62.0,-6.81
472310348_472310343_0,70.0,63.13,60.73,62.1,-6.87
472310348_263701672_0,70.0,59.95,56.73,58.68,-10.05
472310350_527858681_0,70.0,63.02,59.91,61.88,-6.98
472310350_472310348_0,70.0,60.1,58.97,59.63,-9.9
472310354_467687314_0,70.0,63.54,61.11,62.53,-6.46
472310354_263701645_0,65.0,60.41,57.67,59.0,-4.59
472319501_472319502_0,65.0,58.64,57.19,57.05,-6.36
472319501_263701650_0,65.0,58.57,57.65,54.8,-6.43
472319502_248922789_0,65.0,58.68,55.83,57.4,-6.32
473191119_930287880_0,70.0,60.67,66.21,67.25,-9.33
473191119_473191215_0,70.0,59.88,63.76,64.8,-10.12
473191120_473191215_0,70.0,59.59,59.72,57.9,-10.41
473191120_473191169_0,70.0,59.68,58.59,55.3,-10.32
473191120_473192852_0,70.0,58.82,67.15,66.3,-11.18
473191169_473191120_0,70.0,59.68,58.59,55.3,-10.32
473191169_473191215_0,70.0,59.69,59.54,57.95,-10.31
473191169_473191214_0,65.0,59.84,56.81,55.25,-5.16
473191214_473191169_0,65.0,59.84,56.81,55.25,-5.16
473191214_473191711_0,70.0,60.16,60.51,62.0,-9.84
473191214_473191397_0,70.0,58.81,54.18,55.4,-11.19
473191215_473191120_0,70.0,59.59,59.72,57.9,-10.41
473191215_473191169_0,70.0,59.69,59.54,57.95,-10.31
473191215_473191119_0,70.0,59.88,63.76,64.8,-10.12
473191394_13069104661_0,75.0,58.7,62.45,61.9,-16.3
473191394_473192654_0,75.0,64.23,65.23,65.3,-10.77
473191397_473192081_0,70.0,57.17,57.84,57.6,-12.83
473191397_473192482_0,65.0,55.8,57.37,56.05,-9.2
473191397_473191214_0,70.0,58.81,54.18,55.4,-11.19
473191711_473191214_0,70.0,60.16,60.51,62.0,-9.84
473191711_473191928_0,70.0,60.4,62.76,61.45,-9.6
473191711_769148785_0,70.0,60.46,68.41,67.85,-9.54
473191725_1489191073_0,70.0,58.88,59.09,56.45,-11.12
473191725_473191928_0,70.0,59.6,60.86,58.17,-10.4
473191725_616518645_0,70.0,59.01,58.44,57.97,-10.99
473191928_473191725_0,70.0,59.6,60.86,58.17,-10.4
473191928_473191711_0,70.0,60.4,62.76,61.45,-9.6
473191928_473192081_0,70.0,59.41,60.12,55.52,-10.59
473192081_473191928_0,70.0,59.41,60.12,55.52,-10.59
473192081_13069104658_0,70.0,57.14,61.7,58.08,-12.86
473192081_473192485_0,70.0,57.62,60.38,57.95,-12.38
473192081_473191397_0,70.0,57.17,57.84,57.6,-12.83
473192482_473191397_0,65.0,55.8,57.37,56.05,-9.2
473192485_1489191073_0,70.0,57.52,50.93,55.85,-12.48
473192485_11580083898_0,70.0,57.65,57.89,62.5,-12.35
473192485_473192081_0,70.0,57.62,60.38,57.95,-12.38
473192485_616518620_0,65.0,57.12,54.2,56.87,-7.88
473192654_13418778011_0,75.0,62.85,66.38,65.35,-12.15
473192852_930287924_0,70.0,59.92,66.95,66.7,-10.08
473192852_473191120_0,70.0,58.82,67.15,66.3,-11.18
473192853_769148785_0,70.0,60.56,66.06,67.5,-9.44
473192853_473191711_0,70.0,60.86,69.47,68.2,-9.14
473468654_3710880334_0,50.0,49.39,58.45,46.65,-0.61
473469068_213598271_0,50.0,54.84,56.67,49.65,4.84
473469068_213598463_0,50.0,54.64,52.85,51.35,4.64
473814314_473814581_0,50.0,52.2,49.8,51.85,2.2
473814581_249350298_0,55.0,52.45,50.21,52.2,-2.55
473814581_473814820_0,55.0,52.23,48.88,52.65,-2.77
473814581_473814314_0,50.0,52.2,49.8,51.85,2.2
473814820_473814581_0,55.0,52.23,48.88,52.65,-2.77
473819691_249350304_0,65.0,50.06,55.63,54.15,-14.94
473819691_249350298_0,65.0,51.87,54.22,54.48,-13.13
473819691_6482509181_0,55.0,50.75,50.03,51.3,-4.25
473832161_1246745077_0,60.0,61.75,66.36,64.1,1.75
473832161_13316348265_0,60.0,55.61,65.52,62.95,-4.39
473833131_473833310_0,60.0,53.24,57.84,57.62,-6.76
473833131_11519614371_0,60.0,52.27,52.33,53.65,-7.73
473833131_11519499064_0,50.0,50.35,49.15,50.22,0.35
473833136_473833138_0,60.0,51.82,48.18,52.25,-8.18
473833136_12713337149_0,55.0,49.96,47.48,50.32,-5.04
473833136_11519614371_0,60.0,51.99,48.76,52.65,-8.01
473833138_473833136_0,60.0,51.82,48.18,52.25,-8.18
473833138_11519614382_0,60.0,51.66,47.72,52.0,-8.34
473833138_11519614376_0,55.0,49.78,47.33,50.18,-5.22
473833142_11519614382_0,60.0,51.36,47.86,51.75,-8.64
473833142_12713337148_0,55.0,49.42,46.75,50.38,-5.58
473833142_11519614388_0,60.0,51.17,47.01,51.65,-8.83
473833152_11519614407_0,60.0,50.12,45.93,50.5,-9.88
473833152_1326393254_0,60.0,50.17,48.86,50.35,-9.83
473833152_11519499057_0,50.0,48.38,47.4,49.65,-1.62
473833155_11519614426_0,60.0,51.75,52.57,54.62,-8.25
473833155_11565611942_0,55.0,51.9,55.22,53.85,-3.1
473833155_5808138298_0,60.0,51.52,52.57,54.12,-8.48
473833157_473833673_0,55.0,52.25,56.1,63.4,-2.75
473833157_257887709_0,45.0,59.26,61.46,66.65,14.26
473833310_473834696_0,50.0,53.85,59.93,58.77,3.85
473833310_473833131_0,60.0,53.24,57.84,57.62,-6.76
473833310_1246745128_0,60.0,55.18,65.91,62.82,-4.82
473833673_11519614430_0,60.0,52.22,52.59,59.2,-7.78
473833673_473835779_0,50.0,52.45,53.28,58.05,2.45
473833673_473833157_0,55.0,52.25,56.1,63.4,-2.75
473834070_473835490_0,55.0,53.7,60.94,57.17,-1.3
473834070_473834696_0,50.0,53.89,56.53,56.74,3.89
473834070_473835223_0,55.0,52.53,53.67,54.65,-2.47
473834691_473834696_0,55.0,53.0,55.44,56.2,-2.0
473834696_473834070_0,50.0,53.89,56.53,56.74,3.89
473834696_473833310_0,50.0,53.85,59.93,58.77,3.85
473835223_473834691_0,55.0,52.52,53.63,52.65,-2.48
473835223_473834691_1,55.0,52.41,53.64,52.45,-2.59
473835490_473835855_0,55.0,52.38,54.77,54.8,-2.62
473835490_473835779_0,55.0,52.92,56.19,56.02,-2.08
473835490_473834070_0,55.0,53.7,60.94,57.17,-1.3
473835777_473835953_0,55.0,51.82,51.65,54.2,-3.18
473835779_473833673_0,50.0,52.45,53.28,58.05,2.45
473835779_473835490_0,55.0,52.92,56.19,56.02,-2.08
473835855_473835777_0,55.0,51.87,55.12,52.75,-3.13
473835855_473835777_1,55.0,51.8,54.83,52.95,-3.2
473835953_473835779_0,55.0,52.28,54.71,54.2,-2.72
481361372_473469068_0,50.0,52.25,54.7,48.75,2.25
481367841_481370311_0,50.0,56.56,59.96,55.15,6.56
481368799_6374352368_0,45.0,54.0,64.96,55.65,9.0
481368799_260611656_0,55.0,56.32,60.97,55.4,1.32
481368799_5372364825_0,50.0,55.22,59.73,55.1,5.22
481369153_481368799_0,50.0,57.27,61.12,55.5,7.27
481369153_481385966_0,55.0,58.5,60.24,55.4,3.5
481370311_481371156_0,50.0,57.42,61.87,54.95,7.42
481370541_481370311_0,50.0,54.98,63.71,55.6,4.98
481370541_1392635756_0,50.0,54.34,60.89,55.55,4.34
481371156_481371162_0,50.0,54.65,60.65,55.95,4.65
481371156_481372277_0,50.0,58.32,52.33,54.11,8.32
481371162_481370541_0,50.0,55.47,61.49,55.55,5.47
481372277_481388753_0,50.0,60.25,57.25,54.26,10.25
481372277_481372809_0,55.0,60.3,54.07,54.31,5.3
481372809_1392635721_0,55.0,57.25,55.05,51.2,2.25
481372809_1392635683_0,50.0,59.93,50.64,54.7,9.93
481373443_481392106_0,50.0,59.0,73.02,56.5,9.0
481373443_481373656_0,50.0,57.71,71.56,57.05,7.71
481373656_481374086_0,45.0,56.92,64.98,53.95,11.92
481373656_481374647_0,50.0,57.5,63.01,54.5,7.5
481374086_481390742_0,50.0,56.89,59.49,54.75,6.89
481374309_481374647_0,45.0,57.11,62.8,54.0,12.11
481374309_481374086_0,50.0,56.45,59.09,54.1,6.45
481374647_481372809_0,50.0,58.39,58.07,51.75,8.39
481374647_481388753_0,50.0,57.62,69.32,57.0,7.62
481375129_481392106_0,55.0,57.58,64.51,56.65,2.58
481375129_481373656_0,50.0,57.4,70.52,56.15,7.4
481385966_3411226818_0,50.0,58.48,60.98,55.2,8.48
481388753_481373443_0,50.0,59.35,69.72,56.65,9.35
481390395_4520930148_0,55.0,59.01,66.3,56.7,4.01
481390742_481390914_0,55.0,57.38,63.81,57.15,2.38
481390742_481375129_0,50.0,57.44,65.19,56.0,7.44
481390840_481374309_0,50.0,56.81,62.09,55.35,6.81
481390843_1392635639_0,55.0,58.87,67.95,57.35,3.87
481390843_481391686_0,50.0,59.07,67.44,57.45,9.07
481390914_481390843_0,55.0,58.81,68.37,57.35,3.81
481391686_481423298_0,50.0,63.17,66.29,63.8,13.17
481392106_1392635509_0,55.0,58.56,65.55,56.25,3.56
481392106_481390395_0,55.0,57.35,64.38,56.6,2.35
481416393_481416719_0,45.0,64.06,62.31,64.3,19.06
481420408_440008930_0,45.0,63.85,54.65,53.75,18.85
481423298_481416393_0,45.0,63.36,61.05,64.35,18.36
481433491_1392635748_0,50.0,57.78,64.79,57.2,7.78
481433491_213598383_0,70.0,62.62,63.08,60.05,-7.38
482738441_566473409_0,55.0,67.04,56.01,55.45,12.04
482738774_2934091477_0,65.0,53.7,55.7,54.05,-11.3
482738780_482738787_0,65.0,53.69,56.44,54.35,-11.31
482738787_3199771607_0,60.0,53.67,56.52,53.85,-6.33
482738787_482738792_0,65.0,53.54,56.44,54.0,-11.46
482738792_3199771602_0,65.0,53.0,57.98,53.4,-12.0
482738792_482738795_0,65.0,53.37,56.22,54.0,-11.63
482738795_482738802_0,65.0,53.37,55.23,53.5,-11.63
482738802_482745189_0,65.0,52.65,50.46,52.75,-12.35
482738802_482738774_0,70.0,53.6,55.59,53.35,-16.4
482739967_440051165_0,60.0,66.3,57.32,55.9,6.3
482742765_482742786_0,70.0,51.83,52.64,53.0,-18.17
482742765_12180084760_0,70.0,52.78,50.41,52.7,-17.22
482742777_482747681_0,70.0,51.42,51.25,53.2,-18.58
482742777_482749321_0,65.0,50.95,52.39,54.55,-14.05
482742781_482742777_0,65.0,51.28,51.89,53.0,-13.72
482742784_482742781_0,70.0,51.4,51.29,52.9,-18.6
482742784_2934091347_0,70.0,51.09,50.55,52.7,-18.91
482742786_482742784_0,65.0,51.6,51.19,52.9,-13.4
482745189_482742786_0,65.0,51.61,51.27,52.8,-13.39
482745189_2934091347_0,65.0,51.13,52.47,52.7,-13.87
482746843_3199751497_0,60.0,47.25,51.94,50.5,-12.75
482746843_2475769657_0,65.0,48.34,52.25,50.6,-16.66
482747396_2934091316_0,65.0,50.71,55.9,53.25,-14.29
482747396_440051076_0,65.0,55.57,53.61,54.85,-9.43
482747681_2934091388_0,65.0,51.63,51.08,53.0,-13.37
482749321_1139943293_0,60.0,50.33,49.66,52.6,-9.67
482749321_440051076_0,65.0,50.31,53.31,53.15,-14.69
484747231_838544087_0,75.0,63.61,62.84,59.45,-11.39
484747231_263710882_0,65.0,60.23,63.11,59.75,-4.77
484789420_263710860_0,70.0,61.84,62.5,62.75,-8.16
484789445_484789446_0,65.0,59.6,60.2,58.4,-5.4
484789445_243465469_0,75.0,62.53,64.42,61.25,-12.47
484789446_263710856_0,70.0,59.53,57.67,58.25,-10.47
484789448_263710858_0,65.0,58.1,57.54,59.1,-6.9
484789448_263710861_0,75.0,62.81,65.8,61.95,-12.19
484789451_263710877_0,70.0,60.03,61.66,59.4,-9.97
484789451_484789452_0,70.0,61.33,66.93,60.7,-8.67
484789452_263345727_0,75.0,63.69,65.26,64.5,-11.31
484789452_223449162_0,75.0,68.52,66.51,65.25,-6.48
484789456_263710864_0,75.0,64.85,62.79,61.25,-10.15
488528094_440051124_0,60.0,59.39,56.38,55.05,-0.61
488555674_488528094_0,65.0,59.59,60.72,54.75,-5.41
488555674_2934129640_0,65.0,54.06,56.63,54.1,-10.94
495163100_1618969716_0,70.0,55.7,58.23,57.85,-14.3
495163100_1618969717_0,65.0,55.44,55.53,56.25,-9.56
495955476_443058823_0,45.0,63.02,69.3,68.25,18.02
495955476_283248560_0,55.0,63.76,69.57,67.15,8.76
495955611_443058804_0,55.0,58.7,66.48,66.55,3.7
495955611_1475331056_0,55.0,63.62,66.92,66.8,8.62
495956896_495955611_0,60.0,63.62,66.24,66.8,3.62
495956897_495955476_0,55.0,63.73,67.82,67.15,8.73
510129652_510129655_0,75.0,60.57,66.47,60.3,-14.43
510129652_919637964_0,75.0,67.7,65.46,62.9,-7.3
510129655_510129655_0,65.0,59.33,62.85,58.43,-5.67
510129655_510129652_0,75.0,60.57,66.47,60.3,-14.43
510134396_243465475_0,75.0,66.82,67.45,64.7,-8.18
510134415_156334206_0,75.0,66.23,65.53,65.75,-8.77
513423684_287561235_0,65.0,64.97,66.5,65.78,-0.03
513536072_5299309915_0,55.0,64.49,68.51,66.5,9.49
513536072_4182090296_0,60.0,63.53,61.84,63.9,3.53
515707010_297521614_0,60.0,54.56,50.66,50.35,-5.44
515707010_297521615_0,65.0,55.32,49.78,51.7,-9.68
515707010_4209891212_0,60.0,53.03,50.37,49.8,-6.97
515709461_1121909787_0,70.0,61.72,59.03,60.45,-8.28
515709461_611752027_0,70.0,60.03,58.34,61.22,-9.97
519112764_519112770_0,70.0,61.29,64.02,65.55,-8.71
519112764_519112767_0,70.0,60.82,62.22,62.9,-9.18
519112767_263703318_0,70.0,59.38,61.75,60.35,-10.62
519112770_249707302_0,75.0,66.26,67.29,65.7,-8.74
519112773_30438588_0,75.0,66.31,68.21,65.75,-8.69
523772098_12007022684_0,70.0,59.93,54.96,53.7,-10.07
523772098_930932674_0,70.0,60.09,55.93,57.28,-9.91
523772268_523772098_0,70.0,59.92,55.12,53.85,-10.08
523772268_523776105_0,70.0,61.03,57.57,58.2,-8.97
523773219_264535902_0,75.0,62.62,61.84,59.64,-12.38
523773219_444584910_0,75.0,63.55,61.49,59.99,-11.45
523773219_523773470_0,70.0,59.42,55.6,55.4,-10.58
523773219_1490307239_0,75.0,59.18,58.26,55.75,-15.82
523773470_930272920_0,75.0,60.84,57.73,54.6,-14.16
523774675_523795127_0,75.0,62.69,61.31,59.8,-12.31
523774675_930272922_0,75.0,61.1,56.94,58.2,-13.9
523774867_265032993_0,75.0,64.84,66.56,68.8,-10.16
523776101_523776102_0,75.0,62.83,59.0,59.5,-12.17
523776102_523776105_0,75.0,62.67,57.55,59.4,-12.33
523776102_12007022681_0,70.0,61.19,58.2,58.05,-8.81
523776105_523774675_0,75.0,62.68,57.55,59.4,-12.32
523783970_1774543364_0,60.0,48.11,50.3,54.7,-11.89
523783970_1772588065_0,65.0,49.2,49.45,54.5,-15.8
523783998_523784001_0,60.0,44.03,46.94,49.3,-15.97
523783998_534013991_0,65.0,44.37,46.99,50.3,-20.63
523784001_523784003_0,60.0,43.34,49.25,48.55,-16.66
523784001_523783998_0,60.0,44.03,46.94,49.3,-15.97
523784001_534014008_0,60.0,41.13,49.31,49.15,-18.87
523784003_523784001_0,60.0,43.34,49.25,48.55,-16.66
523784003_1774543365_0,60.0,44.04,47.97,49.35,-15.96
523784046_4417928549_0,60.0,45.82,51.45,49.75,-14.18
523784046_534014058_0,60.0,43.59,53.38,46.9,-16.41
523784046_2386901856_0,55.0,44.41,48.68,49.65,-10.59
523785239_7823805611_0,65.0,48.63,53.51,55.6,-16.37
523785239_523785927_0,65.0,47.68,55.61,55.0,-17.32
523785927_1773429836_0,65.0,44.95,47.23,48.95,-20.05
523785927_4282385741_0,65.0,47.54,55.37,54.25,-17.46
523791210_1014839338_0,70.0,58.19,57.11,56.6,-11.81
523795127_444585733_0,75.0,65.63,61.42,59.35,-9.37
523795127_930272937_0,75.0,64.96,64.19,59.85,-10.04
523795127_523795142_0,75.0,63.2,57.46,59.8,-11.8
523795142_524680460_0,70.0,61.37,59.8,57.8,-8.63
523795142_524680434_0,75.0,62.73,61.4,59.1,-12.27
523795187_2029619909_0,70.0,59.11,59.16,56.45,-10.89
523795192_1014819638_0,65.0,58.21,60.79,57.35,-6.79
524680249_6358447603_0,75.0,64.02,59.1,60.62,-10.98
524680249_4108110896_0,75.0,64.16,57.7,60.52,-10.84
524680249_524680460_0,70.0,60.57,57.37,56.9,-9.43
524680427_524680536_0,70.0,60.93,61.17,56.2,-9.07
524680427_930287844_0,70.0,60.9,72.12,67.25,-9.1
524680427_524680434_0,70.0,61.21,62.78,58.6,-8.79
524680434_524680938_0,75.0,62.65,62.75,59.0,-12.35
524680434_524680427_0,70.0,61.21,62.78,58.6,-8.79
524680460_524680536_0,65.0,60.89,59.13,55.35,-4.11
524680460_523795142_0,70.0,61.37,59.8,57.8,-8.63
524680460_524680249_0,70.0,60.57,57.37,56.9,-9.43
524680536_524680427_0,70.0,60.93,61.17,56.2,-9.07
524680536_524680460_0,65.0,60.89,59.13,55.35,-4.11
524680536_524680789_0,70.0,60.75,68.78,66.35,-9.25
524680789_524680536_0,70.0,60.75,68.78,66.35,-9.25
524680789_930287877_0,70.0,60.36,69.45,67.7,-9.64
524680938_523795155_0,75.0,62.6,64.36,58.5,-12.4
524680938_524680943_0,70.0,60.23,61.08,55.25,-9.77
524680943_524680938_0,70.0,60.23,61.08,55.25,-9.77
524681429_524681513_0,65.0,58.69,55.12,54.3,-6.31
524681429_471339755_0,70.0,58.32,52.36,53.65,-11.68
524681429_471340372_0,70.0,58.42,52.28,54.55,-11.58
524681513_524681429_0,65.0,58.69,55.12,54.3,-6.31
524681513_524681801_0,65.0,59.3,56.31,52.95,-5.7
524681513_524681796_0,65.0,58.58,53.84,54.05,-6.42
524681796_524681513_0,65.0,58.58,53.84,54.05,-6.42
524681796_471340364_0,70.0,58.36,51.73,54.05,-11.64
524681801_524681513_0,65.0,59.3,56.31,52.95,-5.7
524681801_387126690_0,70.0,59.88,55.18,56.79,-10.12
527173035_4549875071_0,60.0,56.9,59.63,60.65,-3.1
527173035_296961351_0,55.0,56.27,58.25,60.35,1.27
527173637_387126258_0,70.0,56.36,60.82,57.6,-13.64
527173637_527173757_0,65.0,58.14,58.78,58.9,-6.86
527173757_387126256_0,70.0,57.87,56.4,58.9,-12.13
527174837_527174875_0,70.0,58.28,60.34,57.95,-11.72
527174837_2497462440_0,70.0,56.63,58.79,58.05,-13.37
527174875_283248370_0,70.0,58.37,61.05,57.0,-11.63
527174875_527174903_0,70.0,58.36,60.41,57.05,-11.64
527174903_283248371_0,70.0,58.37,60.85,57.8,-11.63
527175538_1387595141_0,60.0,55.44,53.6,54.1,-4.56
527175538_710680987_0,60.0,54.93,55.76,55.92,-5.07
527849222_467673933_0,70.0,64.34,61.75,63.68,-5.66
527849222_527849224_0,70.0,62.75,63.29,63.03,-7.25
527849224_939273105_0,70.0,63.99,60.82,62.73,-6.01
527858679_263703323_0,70.0,59.34,58.39,58.25,-10.66
527858681_527849222_0,70.0,63.9,61.98,62.93,-6.1
527881474_263695714_0,70.0,55.92,54.31,54.62,-14.08
527881474_263695716_0,70.0,55.87,61.67,55.7,-14.13
527881478_527881474_0,70.0,55.92,53.96,54.32,-14.08
527881478_6382006384_0,65.0,57.21,60.01,57.5,-7.79
528894433_528894451_0,65.0,56.21,62.77,58.3,-8.79
528894448_30575138_0,75.0,63.14,60.03,61.35,-11.86
528894448_528894451_0,70.0,57.4,64.66,60.45,-12.6
528894451_528894433_0,65.0,56.21,62.77,58.3,-8.79
528894451_30575138_0,70.0,57.45,64.66,60.7,-12.55
528894519_528894524_0,70.0,58.58,59.36,60.25,-11.42
528894519_528894522_0,70.0,58.66,58.64,61.15,-11.34
528894519_3709172482_0,65.0,56.86,56.82,57.95,-8.14
528894522_1324964419_0,75.0,62.97,60.01,60.41,-12.03
528894522_3725404767_0,75.0,62.92,56.69,59.52,-12.08
528894523_528894519_0,70.0,58.51,58.78,60.55,-11.49
528894523_528894524_0,75.0,61.94,59.41,60.75,-13.06
528894524_528894522_0,75.0,61.85,58.16,60.8,-13.15
529119872_1425047371_0,65.0,50.25,55.06,56.28,-14.75
529119872_1425047375_0,65.0,49.49,55.86,56.53,-15.51
529119873_529119919_0,65.0,46.62,60.2,54.95,-18.38
529119873_1526525128_0,65.0,45.66,56.71,54.6,-19.34
529119879_529119884_0,60.0,41.01,53.72,54.8,-18.99
529119879_5032239717_0,65.0,41.58,53.84,54.1,-23.42
529119879_529119882_0,65.0,41.31,51.56,53.8,-23.69
529119880_529119888_0,65.0,42.82,55.17,54.05,-22.18
529119881_529119880_0,65.0,41.18,56.06,54.35,-23.82
529119881_529119883_0,60.0,39.78,55.42,54.95,-20.22
529119882_529119880_0,65.0,41.63,52.93,54.5,-23.37
529119883_529119882_0,65.0,40.44,55.21,54.75,-24.56
529119883_529119884_0,65.0,39.98,55.61,53.85,-25.02
529119884_529119886_0,65.0,40.1,51.08,54.55,-24.9
529119884_529119897_0,60.0,39.68,51.47,53.95,-20.32
529119885_529119879_0,65.0,41.3,51.28,54.05,-23.7
529119886_529119885_0,65.0,40.29,55.57,54.7,-24.71
529119888_3059637519_0,65.0,44.79,57.13,55.6,-20.21
529119888_529119889_0,65.0,44.5,56.77,55.5,-20.5
529119889_529119890_0,65.0,44.38,53.52,54.45,-20.62
529119890_874250443_0,65.0,44.57,52.44,55.05,-20.43
529119890_529119892_0,65.0,45.13,51.27,57.6,-19.87
529119892_621448853_0,50.0,41.8,56.02,53.7,-8.2
529119892_1521225175_0,65.0,44.23,51.41,54.7,-20.77
529119892_529119890_0,65.0,45.13,51.27,57.6,-19.87
529119897_529119881_0,60.0,40.41,53.64,53.9,-19.59
529119897_956264057_0,65.0,41.21,55.01,53.97,-23.79
529119898_1521225085_0,65.0,42.15,56.82,52.95,-22.85
529119898_529119897_0,65.0,40.53,54.55,54.1,-24.47
529119902_529119920_0,65.0,43.77,54.66,52.59,-21.23
529119905_1526525215_0,65.0,48.64,51.41,52.1,-16.36
529119911_529119913_0,65.0,48.97,55.09,52.58,-16.03
529119913_529119914_0,65.0,50.94,56.68,52.28,-14.06
529119913_1526525215_0,65.0,50.02,54.35,52.53,-14.98
529119913_529119911_0,65.0,49.49,53.7,52.33,-15.51
529119914_529119913_0,65.0,50.94,56.68,52.28,-14.06
529119919_1425047379_0,65.0,48.58,58.6,55.48,-16.42
529119919_1526525144_0,70.0,45.79,59.77,54.2,-24.21
529119920_529119902_0,65.0,43.77,54.66,52.59,-21.23
529119920_929005511_0,65.0,42.26,50.92,46.05,-22.74
529119928_529119932_0,70.0,45.85,64.17,64.7,-24.15
529119928_1519478027_0,70.0,46.18,65.66,65.9,-23.82
529119928_1519477993_0,55.0,41.95,54.41,59.15,-13.05
529119929_1519478027_0,70.0,46.0,65.95,65.9,-24.0
529119929_1519477999_0,70.0,42.46,55.74,58.9,-27.54
529119929_1519477993_0,70.0,45.81,66.01,65.5,-24.19
529119931_529119940_0,50.0,42.11,46.89,47.0,-7.89
529119932_529119940_0,55.0,42.37,56.57,58.1,-12.63
529119932_529119928_0,70.0,45.85,64.17,64.7,-24.15
529119932_529119936_0,70.0,46.98,63.26,65.05,-23.02
529119933_529119936_0,70.0,47.6,69.65,65.75,-22.4
529119933_1506412149_0,50.0,41.7,61.31,57.45,-8.3
529119933_1506412799_0,70.0,47.69,70.08,65.8,-22.31
529119936_529119937_0,60.0,43.39,57.18,58.35,-16.61
529119936_529119933_0,70.0,47.6,69.65,65.75,-22.4
529119936_529119932_0,70.0,46.98,63.26,65.05,-23.02
529119937_529119936_0,60.0,43.39,57.18,58.35,-16.61
529119939_1503531542_0,50.0,41.09,47.11,45.95,-8.91
529119939_529119928_0,55.0,41.84,53.93,59.3,-13.16
529119940_529119939_0,55.0,42.1,47.38,47.2,-12.9
529119940_529119931_0,50.0,42.11,46.89,47.0,-7.89
529119941_1519478067_0,55.0,41.37,47.52,46.25,-13.63
529120015_4006567268_0,65.0,50.61,56.78,57.65,-14.39
529120015_529120058_0,60.0,51.29,55.95,56.88,-8.71
529120015_7553862885_0,65.0,50.52,57.12,57.8,-14.48
529120017_529120018_0,60.0,47.88,50.38,55.7,-12.12
529120018_529120143_0,60.0,48.08,53.02,55.82,-11.92
529120018_529120094_0,65.0,46.91,55.07,54.6,-18.09
529120057_11580397455_0,55.0,51.33,52.73,54.6,-3.67
529120057_529120058_0,60.0,51.28,53.94,54.35,-8.72
529120058_529120015_0,60.0,51.29,55.95,56.88,-8.71
529120058_11580397455_0,55.0,51.36,53.94,54.1,-3.64
529120071_529120072_0,55.0,44.24,53.43,53.2,-10.76
529120072_529120071_0,55.0,44.24,53.43,53.2,-10.76
529120073_529120101_0,50.0,43.64,52.6,55.14,-6.36
529120073_1152874517_0,55.0,43.35,52.23,52.8,-11.65
529120074_529120076_0,55.0,47.5,59.79,57.88,-7.5
529120075_812173814_0,70.0,55.36,66.01,64.85,-14.64
529120075_1156466180_0,70.0,54.02,60.97,59.72,-15.98
529120075_1147616999_0,65.0,47.71,58.51,57.17,-17.29
529120076_1156466180_0,70.0,54.08,59.32,59.92,-15.92
529120076_529120074_0,55.0,47.5,59.79,57.88,-7.5
529120076_529120078_0,70.0,53.53,60.55,59.67,-16.47
529120077_12986491187_0,60.0,45.64,60.15,58.15,-14.36
529120077_529120078_0,70.0,53.0,57.47,59.87,-17.0
529120077_812173811_0,70.0,52.44,64.23,64.5,-17.56
529120078_529120079_0,60.0,47.0,60.43,58.1,-13.0
529120078_529120076_0,70.0,53.53,60.55,59.67,-16.47
529120078_529120077_0,70.0,53.0,57.47,59.87,-17.0
529120079_529120078_0,60.0,47.0,60.43,58.1,-13.0
529120081_5838250123_0,65.0,46.17,56.65,58.27,-18.83
529120081_529120084_0,65.0,46.36,56.42,58.02,-18.64
529120082_2424320148_0,65.0,45.1,56.65,57.07,-19.9
529120082_529120084_0,65.0,45.23,56.19,57.52,-19.77
529120084_1147616992_0,65.0,46.29,57.52,54.82,-18.71
529120084_529120082_0,65.0,45.23,56.19,57.52,-19.77
529120084_529120081_0,65.0,46.36,56.42,58.02,-18.64
529120085_529120086_0,65.0,46.6,55.31,56.64,-18.4
529120085_4828964097_0,65.0,46.48,54.82,55.99,-18.52
529120086_529120085_0,65.0,46.6,55.31,56.64,-18.4
529120086_6519133385_0,65.0,46.46,52.18,55.35,-18.54
529120087_812173748_0,65.0,46.57,52.32,54.6,-18.43
529120087_1147616999_0,65.0,46.7,58.47,55.9,-18.3
529120088_529120087_0,65.0,46.04,53.47,55.75,-18.96
529120088_529120093_0,65.0,45.61,52.16,55.22,-19.39
529120090_529120095_0,65.0,44.31,54.99,54.95,-20.69
529120090_2424320149_0,65.0,44.5,56.14,55.7,-20.5
529120090_2351502745_0,65.0,44.62,52.3,55.75,-20.38
529120090_812173818_0,60.0,44.55,55.18,55.3,-15.45
529120091_4828964097_0,65.0,45.6,56.98,55.25,-19.4
529120091_529120092_0,65.0,45.77,53.44,55.78,-19.23
529120092_529120094_0,65.0,45.61,51.2,54.67,-19.39
529120092_12988282268_0,60.0,47.21,59.06,55.84,-12.79
529120093_2424320150_0,65.0,45.34,51.23,54.69,-19.66
529120093_2351502743_0,65.0,45.41,54.03,54.27,-19.59
529120094_529120093_0,65.0,45.5,54.95,55.12,-19.5
529120094_529120087_0,65.0,45.7,51.29,55.25,-19.3
529120095_529120090_0,65.0,44.31,54.99,54.95,-20.69
529120095_529120097_0,65.0,45.18,55.61,55.4,-19.82
529120095_529120130_0,65.0,44.6,54.5,53.9,-20.4
529120096_1152832797_0,65.0,46.3,53.12,55.5,-18.7
529120097_529120096_0,60.0,46.04,55.04,55.7,-13.96
529120097_529120095_0,65.0,45.18,55.61,55.4,-19.82
529120099_1152869659_0,60.0,44.62,60.17,56.98,-15.38
529120099_529120102_0,70.0,50.57,58.74,59.05,-19.43
529120099_809615483_0,70.0,50.27,57.38,60.0,-19.73
529120100_529120071_0,55.0,43.99,53.95,53.58,-11.01
529120100_529120101_0,55.0,44.0,55.57,55.08,-11.0
529120101_1152874521_0,55.0,43.85,55.9,56.22,-11.15
529120102_529120103_0,65.0,44.88,57.85,56.62,-20.12
529120102_1561547259_0,70.0,51.57,57.89,58.9,-18.43
529120102_529120099_0,70.0,50.57,58.74,59.05,-19.43
529120103_529120114_0,60.0,44.81,52.38,55.42,-15.19
529120103_529120104_0,65.0,44.5,58.56,56.82,-20.5
529120104_809615483_0,60.0,44.45,60.12,58.85,-15.55
529120104_529120113_0,65.0,43.95,56.01,57.45,-21.05
529120105_529120103_0,65.0,44.89,54.34,56.02,-20.11
529120105_919911330_0,65.0,46.03,59.51,58.18,-18.97
529120106_5406069771_0,65.0,43.62,59.26,58.58,-21.38
529120107_529120109_0,65.0,43.65,52.77,55.7,-21.35
529120108_529120132_0,65.0,43.16,56.87,57.45,-21.84
529120108_12986399497_0,60.0,43.11,61.01,56.55,-16.89
529120108_529120107_0,65.0,43.46,55.55,56.73,-21.54
529120109_529120112_0,60.0,43.82,51.1,54.6,-16.18
529120109_529120110_0,65.0,43.56,53.06,55.8,-21.44
529120110_5406069771_0,65.0,43.39,56.29,56.95,-21.61
529120110_529120113_0,60.0,43.37,55.71,57.2,-16.63
529120112_529120104_0,60.0,44.0,55.86,56.23,-16.0
529120112_529120114_0,65.0,44.38,51.6,54.6,-20.62
529120112_529120109_0,60.0,43.82,51.1,54.6,-16.18
529120113_529120106_0,65.0,43.4,61.42,56.65,-21.6
529120114_529120115_0,65.0,44.71,52.33,54.9,-20.29
529120114_529120128_0,60.0,44.59,51.23,54.78,-15.41
529120114_529120112_0,65.0,44.38,51.6,54.6,-20.62
529120115_529120129_0,60.0,44.74,49.89,54.32,-15.26
529120115_529120117_0,65.0,44.61,52.47,55.9,-20.39
529120117_919911327_0,60.0,44.55,56.23,55.9,-15.45
529120117_529120115_0,65.0,44.61,52.47,55.9,-20.39
529120119_529120122_0,65.0,44.68,53.92,55.12,-20.32
529120119_529120117_0,65.0,44.95,53.27,55.8,-20.05
529120120_5267826483_0,65.0,43.82,51.47,55.7,-21.18
529120120_529120107_0,60.0,43.55,53.93,55.7,-16.45
529120122_529120119_0,65.0,44.68,53.92,55.12,-20.32
529120122_529120095_0,65.0,44.55,54.91,55.68,-20.45
529120126_529120112_0,60.0,44.11,52.51,55.0,-15.89
529120126_529120115_0,60.0,44.6,51.17,54.8,-15.4
529120128_919911336_0,65.0,44.76,50.67,54.4,-20.24
529120128_529120114_0,60.0,44.59,51.23,54.78,-15.41
529120128_812173818_0,65.0,44.48,53.76,54.88,-20.52
529120129_529120128_0,60.0,44.74,53.3,55.3,-15.26
529120129_529120122_0,65.0,44.83,50.5,54.62,-20.17
529120130_919904691_0,65.0,46.26,52.47,55.82,-18.74
529120131_12986399497_0,65.0,43.49,56.45,57.05,-21.51
529120131_1497207160_0,65.0,43.21,56.53,56.3,-21.79
529120132_529120120_0,60.0,43.19,53.96,55.2,-16.81
529120132_529120137_0,65.0,43.15,54.08,56.28,-21.85
529120132_529120108_0,65.0,43.16,56.87,57.45,-21.84
529120137_5810751582_0,65.0,43.39,60.89,56.32,-21.61
529120137_529120139_0,65.0,44.46,55.44,56.05,-20.54
529120137_529120132_0,65.0,43.15,54.08,56.28,-21.85
529120138_529120137_0,65.0,43.58,56.4,57.1,-21.42
529120139_6270440641_0,70.0,44.94,55.89,56.7,-25.06
529120139_5810751573_0,65.0,43.78,56.43,56.6,-21.22
529120140_529120139_0,70.0,45.04,55.68,57.05,-24.96
529120140_529120138_0,65.0,44.65,55.27,57.05,-20.35
529120143_12988282266_0,65.0,48.19,52.56,56.25,-16.81
529120143_6270440595_0,65.0,48.12,56.5,55.82,-16.88
529120147_6519116884_0,65.0,47.69,57.61,57.72,-17.31
529120147_529120153_0,60.0,47.81,55.9,58.27,-12.19
529120148_529120147_0,65.0,48.66,56.04,57.99,-16.34
529120148_6270440595_0,60.0,48.38,54.14,56.15,-11.62
529120151_529120097_0,65.0,45.26,57.45,55.5,-19.74
529120151_529120130_0,65.0,45.61,50.41,55.78,-19.39
529120152_529120151_0,60.0,46.91,57.12,57.65,-13.09
529120152_919904693_0,65.0,47.1,56.29,57.25,-17.9
529120153_1152832782_0,65.0,46.68,56.37,56.1,-18.32
529120153_529120152_0,65.0,47.29,55.95,58.05,-17.71
529120154_919904693_0,70.0,47.97,55.1,55.95,-22.03
529120154_529120153_0,65.0,47.46,55.37,57.65,-17.54
529437509_1514339276_0,60.0,39.66,51.93,51.6,-20.34
529437509_1514339172_0,60.0,37.92,55.1,51.38,-22.08
529437512_1519349024_0,60.0,41.69,58.89,57.25,-18.31
529437512_1514338963_0,60.0,41.73,61.48,56.95,-18.27
529437514_529437541_0,60.0,36.86,67.31,65.45,-23.14
529437516_1519349024_0,55.0,41.09,61.8,56.85,-13.91
529437516_529437514_0,60.0,34.72,60.14,55.2,-25.28
529437518_529437522_0,60.0,35.45,59.76,55.4,-24.55
529437518_1514338955_0,60.0,35.52,60.68,55.5,-24.48
529437522_1514338963_0,55.0,41.71,60.67,56.95,-13.29
529437530_529437536_0,60.0,36.05,57.79,54.15,-23.95
529437530_529437534_0,60.0,35.18,56.99,52.22,-24.82
529437530_529437532_0,60.0,35.97,55.85,54.45,-24.03
529437532_529437536_0,60.0,36.52,54.07,52.65,-23.48
529437532_529437530_0,60.0,35.97,55.85,54.45,-24.03
529437532_529438101_0,60.0,37.59,51.87,52.1,-22.41
529437534_529437536_0,60.0,35.65,57.31,53.8,-24.35
529437534_529438099_0,60.0,36.36,55.03,52.35,-23.64
529437534_529437530_0,60.0,35.18,56.99,52.22,-24.82
529437536_529437530_0,60.0,36.05,57.79,54.15,-23.95
529437536_529438097_0,60.0,37.41,54.41,52.35,-22.59
529437536_529437534_0,60.0,35.65,57.31,53.8,-24.35
529437536_529437532_0,60.0,36.52,54.07,52.65,-23.48
529437541_1514339019_0,60.0,38.12,54.28,51.8,-21.88
529437541_1514339010_0,60.0,38.02,52.5,51.9,-21.98
529437550_10289476417_0,60.0,37.91,53.75,51.3,-22.09
529437550_1514339086_0,60.0,38.0,54.55,51.3,-22.0
529437554_13013197645_0,60.0,38.29,51.52,51.6,-21.71
529437558_13013197664_0,60.0,38.1,53.85,51.5,-21.9
529437574_13013197684_0,60.0,37.99,53.39,51.55,-22.01
529437735_1514632362_0,55.0,39.56,69.97,67.55,-15.44
529437736_529437738_0,60.0,35.77,53.6,52.45,-24.23
529437736_529437737_0,65.0,35.71,52.86,52.45,-29.29
529437737_1514632572_0,65.0,35.62,52.86,52.65,-29.38
529437737_1514632689_0,65.0,35.49,54.15,52.65,-29.51
529437738_4271419830_0,60.0,35.71,51.18,52.75,-24.29
529437739_1514633387_0,60.0,35.73,53.47,52.6,-24.27
529437746_4941631527_0,60.0,35.63,51.67,52.8,-24.37
529437746_529437747_0,65.0,35.76,49.78,52.8,-29.24
529437746_1514633081_0,60.0,35.68,51.93,52.8,-24.32
529437747_529437746_0,65.0,35.76,49.78,52.8,-29.24
529437747_4941631528_0,65.0,35.74,51.67,52.8,-29.26
529437747_4271419835_0,65.0,35.66,51.75,52.85,-29.34
529437758_529438015_0,60.0,33.97,53.88,53.48,-26.03
529437765_1514633570_0,60.0,33.97,58.02,53.25,-26.03
529437765_529437766_0,60.0,34.12,56.52,53.4,-25.88
529437766_1514633774_0,60.0,34.27,54.76,53.4,-25.73
529437766_1514633570_0,60.0,34.21,54.4,53.4,-25.79
529437767_1514338192_0,60.0,35.27,56.1,53.13,-24.73
529437767_1514338252_0,60.0,35.09,56.41,53.08,-24.91
529437769_1514338203_0,60.0,35.25,56.27,53.23,-24.75
529437769_1514338090_0,60.0,34.94,55.4,53.23,-25.06
529437770_529437771_0,60.0,35.2,56.08,53.38,-24.8
529437770_529437767_0,60.0,35.26,55.33,53.08,-24.74
529437771_1514338013_0,60.0,35.13,54.57,53.38,-24.87
529437775_1514338778_0,60.0,35.58,51.62,53.03,-24.42
529437775_1514338836_0,60.0,35.61,54.0,53.18,-24.39
529437776_13176978145_0,60.0,33.71,53.32,53.4,-26.29
529437777_4271419823_0,65.0,33.97,54.36,53.25,-31.03
529437777_1514633378_0,65.0,34.4,51.49,52.75,-30.6
529437777_529437776_0,65.0,33.74,53.93,53.35,-31.26
529437780_4271419824_0,65.0,34.08,54.0,53.2,-30.92
529437780_529437786_0,65.0,35.48,54.36,52.9,-29.52
529437786_529437780_0,65.0,35.48,54.36,52.9,-29.52
529437786_1514338367_0,65.0,35.89,48.6,52.85,-29.11
529437793_1514339000_0,60.0,35.87,52.47,52.75,-24.13
529437793_529437795_0,60.0,35.53,55.53,52.8,-24.47
529437794_529437796_0,60.0,36.04,56.07,51.93,-23.96
529437794_1514635055_0,60.0,36.17,53.27,52.1,-23.83
529437795_529437797_0,60.0,35.13,56.18,53.13,-24.87
529437795_1514338978_0,60.0,35.32,57.2,52.93,-24.68
529437795_1514635055_0,60.0,35.59,53.79,52.7,-24.41
529437796_529437798_0,60.0,35.93,54.91,51.88,-24.07
529437796_1514635054_0,60.0,35.94,56.78,52.03,-24.06
529437797_529437799_0,60.0,34.94,57.36,53.08,-25.06
529437797_1514338975_0,60.0,35.01,55.38,53.18,-24.99
529437797_1514635054_0,60.0,35.5,54.45,52.5,-24.5
529437798_1514635039_0,60.0,35.91,52.76,51.73,-24.09
529437798_1514635050_0,60.0,35.92,55.4,52.08,-24.08
529437799_1514338957_0,60.0,34.91,57.7,53.33,-25.09
529437799_1514338969_0,60.0,34.94,57.67,53.13,-25.06
529437799_1514635050_0,60.0,35.3,57.95,52.75,-24.7
529437801_1514635237_0,65.0,36.73,52.1,51.85,-28.27
529437801_1514635116_0,65.0,36.47,53.3,51.55,-28.53
529437802_529437803_0,60.0,35.95,49.89,52.65,-24.05
529437802_1514634879_0,60.0,35.74,54.05,52.75,-24.26
529437803_1514634879_0,60.0,35.92,52.9,52.8,-24.08
529437803_529437811_0,60.0,35.84,51.22,52.8,-24.16
529437810_1514635038_0,60.0,35.0,52.62,52.8,-25.0
529437810_529437817_0,60.0,35.33,52.9,52.9,-24.67
529437811_4705250211_0,60.0,35.56,51.05,52.8,-24.44
529437813_529437884_0,60.0,35.42,52.68,52.7,-24.58
529437815_4705250209_0,60.0,35.78,52.9,52.7,-24.22
529437815_529437813_0,60.0,35.68,52.44,52.7,-24.32
529437817_1514635038_0,60.0,35.38,52.82,52.8,-24.62
529437817_4705250207_0,60.0,35.5,52.82,52.85,-24.5
529437821_1514635042_0,60.0,35.53,52.4,52.75,-24.47
529437821_12238077212_0,60.0,35.7,53.66,52.65,-24.3
529437822_1514635042_0,60.0,35.31,50.73,52.75,-24.69
529437822_529437821_0,60.0,35.55,53.8,52.6,-24.45
529437832_1514635214_0,65.0,34.09,53.76,54.25,-30.91
529437832_529437844_0,60.0,34.04,53.76,54.3,-25.96
529437833_3838885325_0,60.0,33.15,56.54,55.05,-26.85
529437833_1514635048_0,65.0,33.32,55.35,55.0,-31.68
529437841_529437851_0,60.0,33.02,56.2,54.85,-26.98
529437841_3838885308_0,60.0,33.56,53.05,55.35,-26.44
529437843_1514635214_0,65.0,34.29,50.71,55.2,-30.71
529437843_1514635076_0,65.0,34.19,51.26,54.25,-30.81
529437844_529437833_0,60.0,33.87,52.88,55.3,-26.13
529437844_529437857_0,60.0,34.05,54.03,55.25,-25.95
529437847_1514635200_0,65.0,34.11,53.04,54.75,-30.89
529437847_529437843_0,65.0,34.28,53.16,55.25,-30.72
529437848_1514635282_0,60.0,33.83,57.32,54.9,-26.17
529437848_4273759621_0,65.0,33.27,55.34,54.33,-31.73
529437849_529437841_0,60.0,33.27,53.05,55.4,-26.73
529437851_529437854_0,60.0,32.61,55.92,54.78,-27.39
529437854_529437848_0,60.0,33.02,57.13,54.93,-26.98
529437856_1514339073_0,60.0,32.99,53.87,55.4,-27.01
529437856_529437849_0,60.0,32.95,53.87,55.4,-27.05
529437857_529437859_0,60.0,33.58,53.05,55.35,-26.42
529437859_529437860_0,60.0,33.34,53.32,55.4,-26.66
529437860_1514339064_0,60.0,33.32,54.44,55.4,-26.68
529437860_529437861_0,60.0,32.87,53.87,55.4,-27.13
529437863_529437859_0,60.0,33.07,55.97,55.0,-26.93
529437884_13176978152_0,60.0,34.22,52.13,53.0,-25.78
529437888_13176978136_0,60.0,34.88,53.19,52.85,-25.12
529437891_529437766_0,60.0,34.24,54.57,53.45,-25.76
529437891_1514633774_0,60.0,34.19,55.31,53.4,-25.81
529437892_1514633858_0,60.0,34.16,54.27,53.4,-25.84
529437892_1514633711_0,60.0,34.17,57.28,53.4,-25.83
529437895_13520037507_0,60.0,34.03,56.16,53.1,-25.97
529437895_13520037508_0,60.0,33.99,55.6,53.1,-26.01
529437898_13520037497_0,60.0,33.92,55.28,53.1,-26.08
529437898_1514634314_0,60.0,33.71,54.96,53.1,-26.29
529437899_1514634314_0,60.0,33.51,55.83,52.95,-26.49
529437899_529437898_0,60.0,33.8,55.83,53.1,-26.2
529437908_1514634667_0,65.0,31.05,52.81,54.95,-33.95
529437908_1514634543_0,65.0,31.16,53.1,55.2,-33.84
529437908_529437917_0,65.0,31.9,52.19,55.4,-33.1
529437910_1514634629_0,65.0,31.04,54.5,55.25,-33.96
529437910_529438015_0,65.0,30.89,54.4,56.03,-34.11
529437917_4271419827_0,65.0,31.61,55.15,55.45,-33.39
529437917_529437908_0,65.0,31.9,52.19,55.4,-33.1
529438015_529437910_0,65.0,30.89,54.4,56.03,-34.11
529438015_1514633524_0,60.0,33.81,55.18,53.38,-26.19
529438050_626876469_0,60.0,55.52,56.22,57.2,-4.48
529438050_471792465_0,60.0,55.88,53.9,57.45,-4.12
529438050_529438064_0,55.0,53.78,48.46,54.8,-1.22
529438055_1772587386_0,60.0,53.33,49.65,54.55,-6.67
529438055_471792472_0,60.0,54.98,53.86,58.15,-5.02
529438055_471792469_0,60.0,55.27,55.46,57.0,-4.73
529438056_529438060_0,60.0,52.81,48.22,53.15,-7.19
529438060_1774543119_0,65.0,53.27,49.46,53.35,-11.73
529438062_1774543134_0,65.0,52.41,51.76,51.7,-12.59
529438062_529438060_0,60.0,52.9,46.9,52.2,-7.1
529438063_1774543108_0,65.0,54.28,54.82,55.35,-10.72
529438063_529438062_0,65.0,52.43,50.16,53.75,-12.57
529438064_529438050_0,55.0,53.78,48.46,54.8,-1.22
529438068_1772587554_0,65.0,55.22,57.58,56.75,-9.78
529438073_529438074_0,60.0,53.88,52.21,56.65,-6.12
529438073_4450802290_0,55.0,52.51,49.47,55.8,-2.49
529438074_529438077_0,65.0,53.76,54.05,56.3,-11.24
529438077_1772587554_0,65.0,54.11,57.94,56.9,-10.89
529438077_4825449495_0,65.0,53.87,54.59,56.4,-11.13
529438079_4847094655_0,65.0,52.49,49.22,54.65,-12.51
529438079_1774543139_0,65.0,52.62,49.94,55.2,-12.38
529438082_529438113_0,60.0,40.03,55.0,52.3,-19.97
529438087_4585571466_0,60.0,39.59,55.15,52.4,-20.41
529438088_529438089_0,60.0,39.98,56.82,52.5,-20.02
529438089_4585571466_0,60.0,40.0,52.88,52.55,-20.0
529438089_1514339715_0,65.0,40.44,55.1,52.8,-24.56
529438091_1514339715_0,65.0,40.99,58.55,53.8,-24.01
529438091_13277125237_0,65.0,41.72,60.97,55.3,-23.28
529438091_1514339704_0,60.0,40.72,58.94,53.05,-19.28
529438093_1514339607_0,60.0,40.27,52.23,52.45,-19.73
529438093_529438113_0,60.0,39.45,55.01,52.4,-20.55
529438097_529438101_0,60.0,38.45,49.42,52.5,-21.55
529438097_529438099_0,60.0,38.66,50.08,52.4,-21.34
529438097_529437536_0,60.0,37.41,54.41,52.35,-22.59
529438099_529438097_0,60.0,38.66,50.08,52.4,-21.34
529438099_1514339193_0,60.0,38.88,50.28,52.15,-21.12
529438099_529437534_0,60.0,36.36,55.03,52.35,-23.64
529438101_529438097_0,60.0,38.45,49.42,52.5,-21.55
529438101_529437532_0,60.0,37.59,51.87,52.1,-22.41
529438104_529438110_0,60.0,38.22,54.15,52.55,-21.78
529438104_1514339572_0,65.0,38.23,53.52,52.5,-26.77
529438107_529438112_0,65.0,39.07,54.78,52.4,-25.93
529438107_1509943887_0,65.0,39.05,54.63,52.4,-25.95
529438108_529438109_0,60.0,38.96,56.09,52.55,-21.04
529438109_1509943968_0,60.0,39.03,55.7,52.55,-20.97
529438110_529438112_0,60.0,38.77,54.5,52.45,-21.23
529438110_529438108_0,60.0,38.65,52.88,52.45,-21.35
529438112_1509943887_0,65.0,39.13,54.78,52.4,-25.87
529438112_529438108_0,60.0,39.03,54.58,52.55,-20.97
529438113_4606932109_0,60.0,39.14,54.64,52.15,-20.86
529438121_1514339338_0,65.0,36.71,50.79,50.9,-28.29
529438121_1514339572_0,65.0,36.81,50.71,50.6,-28.19
530185901_530185908_0,65.0,50.72,43.69,44.9,-14.28
530185905_530185907_0,65.0,54.17,53.82,54.03,-10.83
530185905_530185915_0,65.0,53.84,57.4,54.73,-11.16
530185905_530185918_0,65.0,52.84,53.22,55.1,-12.16
530185906_530185932_0,65.0,52.9,60.07,51.85,-12.1
530185907_530185917_0,65.0,53.53,53.65,54.35,-11.47
530185907_530185905_0,65.0,54.17,53.82,54.03,-10.83
530185907_8380240765_0,60.0,55.41,57.16,54.13,-4.59
530185908_530185922_0,65.0,56.79,55.87,54.25,-8.21
530185908_530185901_0,65.0,50.72,43.69,44.9,-14.28
530185908_530185915_0,65.0,54.93,55.69,53.83,-10.07
530185912_530185915_0,65.0,53.6,52.21,55.45,-11.4
530185915_530185912_0,65.0,53.6,52.21,55.45,-11.4
530185915_530185905_0,65.0,53.84,57.4,54.73,-11.16
530185915_530185908_0,65.0,54.93,55.69,53.83,-10.07
530185917_530185907_0,65.0,53.53,53.65,54.35,-11.47
530185917_530185937_0,65.0,53.46,54.88,53.8,-11.54
530185917_530185918_0,65.0,52.79,49.62,52.0,-12.21
530185918_530185917_0,65.0,52.79,49.62,52.0,-12.21
530185918_530185931_0,65.0,52.68,52.57,53.4,-12.32
530185918_530185905_0,65.0,52.84,53.22,55.1,-12.16
530185921_1014835710_0,65.0,57.35,58.45,55.2,-7.65
530185921_8380240751_0,65.0,57.73,55.42,55.4,-7.27
530185921_8380240756_0,65.0,57.74,56.55,54.05,-7.26
530185922_8380240765_0,70.0,57.07,57.34,53.7,-12.93
530185922_530185908_0,65.0,56.79,55.87,54.25,-8.21
530185922_8380240756_0,65.0,57.8,57.22,54.0,-7.2
530185924_1014819691_0,65.0,57.73,61.47,57.5,-7.27
530185924_1014819649_0,65.0,57.6,60.91,56.85,-7.4
530185926_530185932_0,65.0,53.34,57.35,52.23,-11.66
530185926_530185931_0,65.0,53.17,51.03,54.05,-11.83
530185929_530185952_0,65.0,52.65,51.71,53.6,-12.35
530185929_530185926_0,65.0,53.12,53.05,53.55,-11.88
530185931_530185937_0,65.0,53.91,53.37,54.1,-11.09
530185931_530185918_0,65.0,52.68,52.57,53.4,-12.32
530185932_530185950_0,60.0,52.55,57.41,52.95,-7.45
530185932_530185926_0,65.0,53.34,57.35,52.23,-11.66
530185932_530185906_0,65.0,52.9,60.07,51.85,-12.1
530185933_530185936_0,65.0,56.34,59.87,55.13,-8.66
530185933_530185942_0,65.0,55.48,58.62,55.73,-9.52
530185933_530185941_0,65.0,53.66,50.35,51.65,-11.34
530185934_530185936_0,70.0,57.34,56.75,54.4,-12.66
530185934_530185924_0,65.0,57.31,56.06,55.0,-7.69
530185934_8380240765_0,65.0,56.88,57.3,54.0,-8.12
530185936_530185934_0,70.0,57.34,56.75,54.4,-12.66
530185936_530185933_0,65.0,56.34,59.87,55.13,-8.66
530185936_530185929_0,65.0,55.44,56.81,55.48,-9.56
530185937_530185934_0,65.0,55.87,56.74,55.28,-9.13
530185937_530185917_0,65.0,53.46,54.88,53.8,-11.54
530185938_530185951_0,65.0,54.99,52.3,54.4,-10.01
530185938_530185942_0,65.0,55.84,59.13,55.18,-9.16
530185938_530185965_0,65.0,56.91,55.82,54.5,-8.09
530185941_530185951_0,65.0,52.48,50.42,48.9,-12.52
530185941_530185942_0,65.0,53.95,52.9,53.6,-11.05
530185941_530185933_0,65.0,53.66,50.35,51.8,-11.34
530185942_530185933_0,65.0,55.48,58.62,55.73,-9.52
530185942_530185938_0,65.0,55.84,59.13,55.18,-9.16
530185942_530185941_0,65.0,53.95,52.9,53.6,-11.05
530185948_530185954_0,65.0,54.53,56.63,54.78,-10.47
530185948_530185949_0,60.0,53.33,57.6,53.05,-6.67
530185948_530185965_0,60.0,56.55,54.16,54.1,-3.45
530185949_530185952_0,65.0,52.5,51.06,51.8,-12.5
530185949_530185950_0,65.0,52.23,54.67,53.05,-12.77
530185949_530185948_0,60.0,53.33,57.6,53.05,-6.67
530185950_530185949_0,65.0,52.23,54.67,53.05,-12.77
530185950_7590166607_0,65.0,51.87,50.89,52.75,-13.13
530185950_530185932_0,60.0,52.55,57.41,52.95,-7.45
530185950_530185954_0,60.0,53.17,56.07,52.38,-6.83
530185951_530185938_0,65.0,54.99,52.3,54.4,-10.01
530185951_530185952_0,65.0,53.26,54.89,53.25,-11.74
530185951_530185941_0,65.0,52.48,50.42,48.9,-12.52
530185952_530185951_0,65.0,53.26,54.89,53.25,-11.74
530185952_530185949_0,65.0,52.5,51.06,51.8,-12.5
530185952_530185929_0,65.0,52.65,51.71,53.6,-12.35
530185953_9881513805_0,55.0,52.54,57.3,53.13,-2.46
530185953_530185954_0,65.0,53.56,53.9,53.33,-11.44
530185953_7590166606_0,65.0,52.44,53.44,52.4,-12.56
530185954_530185953_0,65.0,53.56,53.9,53.33,-11.44
530185954_530185948_0,65.0,54.53,56.63,54.78,-10.47
530185954_530185950_0,60.0,53.17,56.07,52.38,-6.83
530185954_12699472924_0,45.0,53.39,54.47,53.35,8.39
530185955_530185965_0,65.0,57.33,58.48,54.65,-7.67
530185955_530185959_0,65.0,56.89,56.4,55.15,-8.11
530185959_4203333800_0,65.0,56.47,57.98,55.9,-8.53
530185959_446903115_0,65.0,56.87,58.74,55.95,-8.13
530185965_530185955_0,65.0,57.33,58.48,54.65,-7.67
530185965_530185938_0,65.0,56.91,55.82,54.5,-8.09
530185965_530185948_0,60.0,56.56,54.34,54.1,-3.44
530185966_530185968_0,50.0,51.52,58.12,57.22,1.52
530185966_9914745525_0,45.0,51.2,55.6,52.65,6.2
530185967_530185973_0,60.0,60.12,52.07,59.38,0.12
530185967_264494230_0,60.0,59.54,54.62,58.68,-0.46
530185967_9914745542_0,55.0,53.93,54.6,57.42,-1.07
530185968_1561547474_0,55.0,51.4,58.64,57.32,-3.6
530185973_530185981_0,60.0,60.01,55.13,59.18,0.01
530185973_530185967_0,60.0,60.12,52.07,59.38,0.12
530185973_530185968_0,55.0,53.11,59.55,56.35,-1.89
530185974_1561547487_0,65.0,51.14,57.53,56.15,-13.86
530185974_1561547521_0,65.0,51.2,57.47,54.8,-13.8
530185975_530185977_0,65.0,52.82,60.35,54.95,-12.18
530185975_264494238_0,65.0,54.33,59.1,56.15,-10.67
530185976_1561547565_0,55.0,53.09,55.87,53.25,-1.91
530185976_530185979_0,50.0,52.91,54.26,52.65,2.91
530185977_1561547521_0,60.0,51.67,55.36,53.5,-8.33
530185977_530185975_0,65.0,52.82,60.35,54.95,-12.18
530185977_1561547545_0,55.0,51.74,56.38,53.5,-3.26
530185979_1561547539_0,55.0,51.46,55.27,53.65,-3.54
530185980_530185981_0,55.0,53.27,59.83,54.85,-1.73
530185981_530185973_0,60.0,60.01,55.13,59.18,0.01
530185981_530185980_0,55.0,53.27,59.83,54.85,-1.73
530185981_264494238_0,65.0,60.2,54.73,57.95,-4.8
530185983_530185987_0,65.0,50.57,59.78,54.0,-14.43
530185983_530185987_1,55.0,50.57,59.78,54.0,-4.43
530185983_310266148_0,65.0,50.93,58.43,55.35,-14.07
530185985_530185986_0,65.0,50.0,57.45,52.4,-15.0
530185985_530185987_0,65.0,50.13,59.1,53.75,-14.87
530185985_1561547533_0,55.0,49.96,57.73,52.0,-5.04
530185986_530185985_0,65.0,50.0,57.45,52.4,-15.0
530185986_1561547505_0,65.0,49.6,54.55,52.1,-15.4
530185986_1561547538_0,55.0,49.58,54.85,52.8,-5.42
530185987_530185985_0,65.0,50.13,59.1,53.75,-14.87
530185987_530185983_0,65.0,50.57,59.78,54.0,-14.43
530185987_530185983_1,55.0,50.57,59.78,54.0,-4.43
534013974_1925664848_0,60.0,61.83,61.25,67.35,1.83
534013985_4397290084_0,60.0,50.82,50.93,56.72,-9.18
534013987_5856998714_0,50.0,40.05,50.16,48.16,-9.95
534013988_534013989_0,55.0,40.2,49.63,47.73,-14.8
534013988_1774943267_0,55.0,39.89,49.73,48.06,-15.11
534013988_5882347245_0,45.0,39.98,50.63,48.13,-5.02
534013988_5840037757_0,55.0,40.06,49.95,48.06,-14.94
534013989_534013988_0,55.0,40.2,49.63,47.73,-14.8
534013989_534013999_0,55.0,40.49,49.95,48.13,-14.51
534013991_6202899754_0,50.0,40.99,49.09,48.45,-9.01
534013991_534013989_0,60.0,42.09,49.94,49.85,-17.91
534013991_523783998_0,65.0,44.37,46.99,50.3,-20.63
534013991_1774543364_0,60.0,46.19,53.67,53.8,-13.81
534013997_534013999_0,55.0,38.97,51.6,48.33,-16.03
534013999_523783998_0,55.0,41.29,48.42,49.15,-13.71
534013999_534013997_0,55.0,38.97,51.6,48.33,-16.03
534014001_1774543395_0,55.0,41.17,48.39,48.35,-13.83
534014001_534014009_0,60.0,43.29,48.37,49.8,-16.71
534014001_534014003_0,60.0,43.28,48.32,49.4,-16.72
534014002_1774543387_0,55.0,39.01,51.35,48.18,-15.99
534014002_534014007_0,50.0,39.05,50.78,48.18,-10.95
534014003_1774543393_0,60.0,41.27,48.9,48.7,-18.73
534014003_534014001_0,60.0,43.28,48.32,49.4,-16.72
534014003_2386901858_0,65.0,44.06,45.28,49.15,-20.94
534014004_534014003_0,55.0,40.78,48.34,48.7,-14.22
534014004_534014007_0,50.0,39.13,49.01,47.88,-10.87
534014005_534014002_0,55.0,38.99,49.81,47.88,-16.01
534014005_1774543398_0,55.0,39.29,49.05,47.98,-15.71
534014007_534014002_0,50.0,39.05,50.78,48.18,-10.95
534014007_534014004_0,50.0,39.13,49.01,47.88,-10.87
534014007_6202899754_0,50.0,38.59,49.85,48.06,-11.41
534014008_2007029724_0,55.0,39.73,48.1,48.08,-15.27
534014008_2007029724_1,55.0,39.71,47.85,48.08,-15.29
534014009_1774543400_0,55.0,41.39,47.14,48.55,-13.61
534014009_534014001_0,60.0,43.29,48.37,49.8,-16.71
534014009_534014010_0,60.0,43.34,47.61,49.7,-16.66
534014010_534014011_0,60.0,43.58,46.95,49.4,-16.42
534014010_1774543399_0,55.0,41.06,49.72,48.5,-13.94
534014010_534014009_0,60.0,43.34,47.61,49.7,-16.66
534014011_534014017_0,55.0,42.21,54.74,48.4,-12.79
534014011_534014010_0,60.0,43.58,46.95,49.4,-16.42
534014011_6201382102_0,60.0,43.56,47.77,48.45,-16.44
534014014_6201382102_0,60.0,43.92,45.58,48.4,-16.08
534014014_5857358644_0,60.0,42.0,56.27,46.55,-18.0
534014015_2288316201_0,65.0,42.04,55.28,46.78,-22.96
534014015_2288316201_1,50.0,42.16,55.28,46.78,-7.84
534014015_4429786515_0,50.0,40.67,53.54,45.4,-9.33
534014015_534014054_0,60.0,41.6,56.84,45.65,-18.4
534014017_534014011_0,55.0,42.21,54.74,48.4,-12.79
534014017_2288316201_0,60.0,41.97,54.71,46.73,-18.03
534014017_4417928551_0,50.0,41.78,55.63,46.68,-8.22
534014017_1774543396_0,60.0,40.29,53.05,46.68,-19.71
534014054_534014058_0,60.0,41.88,50.23,46.4,-18.12
534014054_534014058_1,50.0,41.92,49.62,46.4,-8.08
534014054_534014015_0,60.0,41.6,56.84,45.65,-18.4
534014058_534014054_0,60.0,41.88,50.23,46.4,-18.12
534014058_534014054_1,50.0,41.92,49.62,46.4,-8.08
534014058_523784046_0,60.0,43.59,53.38,46.9,-16.41
534014059_1774943710_0,50.0,55.94,54.85,58.0,5.94
534014059_1776103816_0,55.0,56.46,54.85,58.0,1.46
534014059_1774943066_0,50.0,50.17,51.22,53.8,0.17
534014062_3428376518_0,50.0,54.36,54.51,57.65,4.36
534014062_1774943710_0,50.0,55.57,55.88,57.8,5.57
534014062_1774943884_0,50.0,47.83,47.9,53.35,-2.17
534014071_9054393281_0,50.0,48.95,53.65,57.3,-1.05
534014071_11003276869_0,50.0,43.18,54.76,54.95,-6.82
534014071_1774944264_0,50.0,49.6,54.88,57.3,-0.4
534014079_355869716_0,50.0,26.73,57.42,55.85,-23.27
534014079_2314538159_0,50.0,27.92,55.69,56.4,-22.08
534014079_534014086_0,50.0,21.74,54.18,55.35,-28.26
534014080_2314538230_0,65.0,19.53,49.83,54.55,-45.47
534014080_1774945738_0,50.0,18.99,43.99,53.75,-31.01
534014080_2314087300_0,55.0,24.4,53.68,55.6,-30.6
534014080_1774945570_0,55.0,25.31,57.93,56.85,-29.69
534014083_2314538230_0,60.0,19.31,54.32,53.45,-40.69
534014083_534014085_0,55.0,19.39,53.3,53.75,-35.61
534014083_1774945743_0,50.0,19.25,52.45,52.1,-30.75
534014085_1774945586_0,50.0,19.44,53.54,54.15,-30.56
534014085_534014083_0,55.0,19.35,52.03,53.95,-35.65
534014085_1826636960_0,65.0,17.86,53.11,53.1,-47.14
534014086_1774945544_0,55.0,20.76,47.08,53.65,-34.24
534014086_534014079_0,50.0,21.74,54.18,55.35,-28.26
534290804_440058862_0,55.0,67.25,57.37,54.35,12.25
534290804_534290809_0,55.0,67.23,57.6,53.85,12.23
534290804_534290808_0,60.0,65.59,59.1,54.5,5.59
534290807_534290817_0,60.0,63.55,50.86,52.75,3.55
534290807_534290808_0,60.0,64.84,55.05,53.75,4.84
534290807_534290818_0,55.0,63.43,48.16,52.97,8.43
534290808_534290807_0,60.0,64.84,55.05,53.75,4.84
534290808_534290804_0,60.0,65.59,59.1,54.5,5.59
534290808_534290809_0,55.0,65.53,58.57,53.95,10.53
534290809_534290804_0,55.0,67.23,57.6,53.85,12.23
534290809_13076704784_0,55.0,66.5,54.55,52.3,11.5
534290816_2383573422_0,60.0,61.74,51.81,53.3,1.74
534290816_2383573423_0,60.0,61.93,50.16,53.4,1.93
534290816_534290854_0,60.0,61.86,51.41,53.45,1.86
534290817_534290857_0,60.0,61.97,44.19,49.98,1.97
534290817_534290807_0,60.0,63.55,50.86,52.75,3.55
534290818_534290817_0,45.0,62.55,48.86,53.4,17.55
534290818_2383573423_0,60.0,62.27,48.86,53.45,2.27
534290818_534290853_0,55.0,62.39,47.71,53.4,7.39
534290821_534290827_0,60.0,64.76,54.47,53.6,4.76
534290821_13076704784_0,50.0,66.27,51.56,52.05,16.27
534290821_440058880_0,50.0,67.38,51.7,53.8,17.38
534290822_2613855148_0,55.0,63.26,44.18,53.05,8.26
534290823_440058880_0,55.0,65.6,56.23,55.15,10.6
534290827_2613855150_0,60.0,64.16,51.47,52.35,4.16
534290829_534290833_0,55.0,64.73,53.74,53.9,9.73
534290829_534290823_0,55.0,64.76,52.96,53.8,9.76
534290831_2976111766_0,55.0,64.17,48.32,52.85,9.17
534290833_2497072665_0,60.0,64.32,49.6,53.95,4.32
534290834_2354621063_0,50.0,63.47,47.3,52.75,13.47
534290834_12759249072_0,60.0,62.94,47.38,52.85,2.94
534290840_534290842_0,55.0,67.16,51.58,54.2,12.16
534290840_534290833_0,60.0,65.41,55.78,55.0,5.41
534290840_1207410097_0,60.0,66.06,53.52,53.85,6.06
534290842_440058880_0,50.0,67.3,52.28,53.9,17.3
534290842_534290840_0,55.0,67.16,51.58,54.2,12.16
534290845_534290853_0,50.0,62.01,49.43,50.85,12.01
534290845_534290857_0,55.0,61.59,46.75,47.01,6.59
534290846_534290851_0,60.0,63.34,48.86,54.25,3.34
534290851_534290858_0,60.0,62.76,53.91,54.6,2.76
534290851_534290846_0,60.0,63.34,48.86,54.25,3.34
534290851_2381776571_0,60.0,62.39,50.86,54.1,2.39
534290852_3205898462_0,60.0,62.33,52.95,53.55,2.33
534290853_534290846_0,55.0,62.14,51.31,54.3,7.14
534290853_534290854_0,60.0,61.49,48.71,53.4,1.49
534290854_2381776568_0,60.0,61.59,51.21,53.5,1.59
534290855_534290852_0,55.0,62.56,51.59,52.6,7.56
534290857_534290817_0,60.0,61.97,44.19,49.98,1.97
534290858_534290851_0,60.0,62.76,53.91,54.6,2.76
534290858_534290863_0,60.0,62.28,48.81,53.55,2.28
534290863_534290858_0,60.0,62.28,48.81,53.55,2.28
534595509_534595514_0,60.0,36.31,55.57,52.25,-23.69
534595514_534595509_0,60.0,36.31,55.57,52.25,-23.69
534595514_1523314740_0,55.0,39.67,49.5,54.4,-15.33
534595520_1560711547_0,65.0,35.58,51.2,42.55,-29.42
534595520_1526523735_0,65.0,39.97,55.11,47.1,-25.03
534595520_534595521_0,65.0,36.52,53.04,41.63,-28.48
534595520_10749649882_0,55.0,35.7,54.26,41.55,-19.3
534595521_534595520_0,65.0,36.52,53.04,41.63,-28.48
534595521_534595536_0,65.0,36.79,53.95,44.5,-28.21
534595536_534595521_0,60.0,36.72,54.78,43.85,-23.28
534595536_534595521_1,65.0,36.79,53.95,44.5,-28.21
534595536_1560711332_0,65.0,35.83,51.04,44.49,-29.17
534595545_620921124_0,65.0,40.57,51.12,54.5,-24.43
534595545_529119885_0,65.0,41.85,52.11,54.0,-23.15
534595546_620925691_0,60.0,40.77,53.62,53.7,-19.23
534595546_1521224009_0,55.0,40.11,53.1,54.5,-14.89
534595546_1521223991_0,65.0,40.7,53.16,54.0,-24.3
534595547_620923121_0,50.0,38.14,54.94,55.45,-11.86
534595547_620924682_0,55.0,37.24,51.43,49.02,-17.76
534595551_620923118_0,55.0,37.18,48.82,48.86,-17.82
534595551_1521224769_0,55.0,36.11,47.64,48.48,-18.89
534595554_1521224935_0,65.0,39.3,56.28,53.4,-25.7
534595554_1521224241_0,60.0,39.44,53.38,53.75,-20.56
534595555_1521224847_0,65.0,39.33,53.29,54.4,-25.67
534595555_2195585708_0,60.0,39.76,47.75,53.65,-20.24
534595555_621448881_0,60.0,39.54,55.35,54.2,-20.46
560539610_3220213881_0,65.0,49.85,55.75,52.0,-15.15
560539610_3220213882_0,65.0,49.64,57.08,52.45,-15.36
560539611_2475769677_0,65.0,49.97,51.02,52.2,-15.03
560540423_3199771601_0,65.0,51.35,59.4,53.6,-13.65
560540423_482738795_0,65.0,53.24,59.38,54.0,-11.76
560540470_560557689_0,65.0,49.57,58.22,53.2,-15.43
560540911_560540914_0,65.0,49.73,56.07,53.95,-15.27
560540911_561386318_0,65.0,51.14,55.84,52.85,-13.86
560540914_560540911_0,65.0,49.73,56.07,53.95,-15.27
560540914_768762743_0,65.0,47.86,56.36,53.6,-17.14
560550581_560550583_0,60.0,48.17,55.57,55.18,-11.83
560550583_560553884_0,65.0,50.76,57.34,53.43,-14.24
560550583_560550584_0,60.0,47.81,54.88,55.28,-12.19
560550584_10852770485_0,60.0,47.19,55.57,55.58,-12.81
560550744_8939816370_0,60.0,47.27,56.96,55.15,-12.73
560550744_560550581_0,60.0,48.01,53.77,54.93,-11.99
560551865_560550744_0,60.0,47.58,51.74,54.78,-12.42
560552662_3199751503_0,60.0,46.64,54.69,52.65,-13.36
560552662_560552663_0,60.0,46.19,54.65,52.3,-13.81
560552663_2475769657_0,60.0,47.15,51.02,50.1,-12.85
560553867_560540423_0,65.0,52.1,60.31,54.35,-12.9
560553867_560553894_0,65.0,50.82,57.35,55.05,-14.18
560553870_560553867_0,65.0,50.73,57.53,54.8,-14.27
560553876_560557044_0,65.0,49.7,55.55,54.15,-15.3
560553876_560553870_0,65.0,50.58,57.53,55.0,-14.42
560553884_560553876_0,60.0,50.37,56.76,54.9,-9.63
560553885_560553884_0,65.0,50.06,56.82,55.0,-14.94
560553885_560550584_0,65.0,50.42,55.72,53.53,-14.58
560553887_3199771599_0,65.0,49.89,58.07,54.8,-15.11
560553887_560553885_0,65.0,50.17,56.17,55.0,-14.83
560553894_560553887_0,65.0,50.68,57.76,54.75,-14.32
560556834_560557785_0,65.0,48.63,55.76,54.2,-16.37
560556934_560553870_0,65.0,49.79,56.25,54.0,-15.21
560556934_560557044_0,65.0,48.61,55.91,54.25,-16.39
560557044_560557290_0,65.0,48.52,53.42,54.05,-16.48
560557290_2475769666_0,65.0,48.76,51.43,50.1,-16.24
560557290_560556834_0,65.0,48.52,53.23,54.05,-16.48
560557689_560556934_0,65.0,48.62,56.58,53.55,-16.38
560557785_560539610_0,65.0,50.01,57.21,52.65,-14.99
560557785_560557689_0,65.0,48.65,56.58,54.25,-16.35
560570324_560570356_0,65.0,51.4,51.29,52.3,-13.6
560570324_2934091492_0,65.0,51.03,55.91,52.6,-13.97
560570343_2934129801_0,65.0,51.74,51.73,51.95,-13.26
560570343_2934091699_0,65.0,53.44,52.89,53.85,-11.56
560570344_560570343_0,65.0,51.54,54.89,52.25,-13.46
560570347_560570344_0,70.0,51.25,53.51,52.1,-18.75
560570347_560540911_0,65.0,51.23,54.01,52.45,-13.77
560570349_560570347_0,65.0,51.02,54.92,52.6,-13.98
560570354_560570349_0,65.0,50.91,55.38,52.0,-14.09
560570354_2934129684_0,65.0,50.48,52.98,52.45,-14.52
560570356_560570354_0,70.0,51.05,54.7,52.25,-18.95
561374744_768758539_0,65.0,50.09,55.49,52.25,-14.91
561374744_561443527_0,65.0,50.22,57.63,53.38,-14.78
561374760_561374744_0,65.0,50.3,58.26,53.03,-14.7
561374799_561374889_0,65.0,49.97,56.61,52.98,-15.03
561374799_561374760_0,65.0,50.73,59.79,52.73,-14.27
561374816_561374799_0,65.0,49.81,57.67,52.73,-15.19
561374825_768762730_0,65.0,49.63,56.65,52.5,-15.37
561374825_561374816_0,65.0,49.57,57.19,52.5,-15.43
561374837_561374825_0,65.0,49.56,57.7,52.45,-15.44
561374846_561374837_0,65.0,49.16,55.47,53.65,-15.84
561374846_2934091465_0,60.0,49.14,57.33,53.0,-10.86
561374889_561374846_0,65.0,49.49,55.6,53.7,-15.51
561384170_2934091523_0,60.0,49.06,58.09,53.35,-10.94
561384183_566573773_0,60.0,50.06,56.4,53.6,-9.94
561384183_561386392_0,60.0,50.6,54.77,52.75,-9.4
561386318_561384183_0,60.0,50.75,54.38,52.0,-9.25
561386334_568717082_0,60.0,51.19,54.38,52.15,-8.81
561386348_440051144_0,60.0,58.2,51.77,53.7,-1.8
561386348_561386334_0,60.0,51.2,54.66,52.15,-8.8
561386359_561386348_0,60.0,51.07,55.69,52.7,-8.93
561386392_4209757237_0,60.0,50.63,54.73,52.75,-9.37
561443527_561443540_0,65.0,50.2,58.32,53.28,-14.8
561443540_561443707_0,65.0,50.68,55.18,51.25,-14.32
561443540_597921117_0,65.0,50.29,56.27,53.58,-14.71
561443707_768758551_0,65.0,49.3,56.22,51.4,-15.7
564309280_263853956_0,65.0,57.26,52.99,56.65,-7.74
564309280_564309285_0,55.0,53.42,55.49,55.85,-1.58
564309280_263853980_0,60.0,55.79,55.01,57.45,-4.21
564309285_933831000_0,55.0,50.3,44.55,47.92,-4.7
564309285_1843359515_0,55.0,50.38,44.88,48.1,-4.62
564309285_564309280_0,55.0,53.42,55.49,55.85,-1.58
564309287_1843359515_0,55.0,49.26,45.96,47.2,-5.74
564309287_1843359553_0,50.0,49.63,42.41,47.9,-0.37
564318139_587661927_0,50.0,55.8,47.86,50.8,5.8
564318139_587661876_0,50.0,58.23,52.98,53.2,8.23
564318139_1974331685_0,50.0,56.33,56.36,53.5,6.33
566473409_2934091814_0,60.0,58.58,49.55,52.9,-1.42
566473409_440051144_0,55.0,66.54,57.67,55.55,11.54
566573167_3491362634_0,65.0,49.62,55.44,54.0,-15.38
566573167_7399136451_0,65.0,50.76,51.08,52.05,-14.24
566573773_561384170_0,65.0,47.63,55.56,54.15,-17.37
566573773_560540914_0,65.0,47.66,59.5,54.75,-17.34
566574431_2934091669_0,65.0,56.18,50.94,53.6,-8.82
566574431_440051104_0,60.0,59.55,59.03,54.0,-0.45
567211550_768758522_0,65.0,51.03,56.09,53.2,-13.97
567211550_567211575_0,65.0,55.44,57.58,54.7,-9.56
567211575_440051063_0,60.0,55.45,54.86,54.8,-4.55
567214268_567214492_0,65.0,50.28,51.29,51.1,-14.72
567214281_567214573_0,70.0,50.78,50.28,51.0,-19.22
567214332_567214268_0,70.0,50.47,50.56,51.35,-19.53
567214332_3142321607_0,65.0,50.57,50.79,53.55,-14.43
567214492_567214616_0,70.0,50.28,50.88,51.0,-19.72
567214492_768758577_0,70.0,49.83,47.81,52.65,-20.17
567214573_2934091458_0,70.0,50.8,50.19,53.5,-19.2
567214573_2934091431_0,70.0,50.81,49.98,51.25,-19.19
567214616_768758550_0,70.0,50.4,49.76,51.0,-19.6
568717082_560570344_0,65.0,51.79,55.76,52.1,-13.21
568717082_561386318_0,65.0,51.04,55.06,52.4,-13.96
577361960_1619563046_0,60.0,65.13,66.75,66.38,5.13
577361960_5037651216_0,55.0,64.04,66.23,65.46,9.04
586178067_1773430170_0,50.0,46.99,50.63,49.95,-3.01
586178081_1773430231_0,50.0,46.54,50.65,50.6,-3.46
586178081_1772588234_0,50.0,47.02,49.29,52.25,-2.98
586178086_1773430294_0,45.0,48.51,48.77,54.02,3.51
586178091_907008830_0,50.0,61.08,62.3,68.8,11.08
587661876_564318139_0,50.0,58.23,52.98,53.2,8.23
587661876_1974331610_0,50.0,56.89,51.64,52.5,6.89
587661888_587661902_0,50.0,58.75,68.9,62.75,8.75
587661888_2353881024_0,60.0,57.23,64.42,58.9,-2.77
587661902_587661888_0,50.0,58.75,68.9,62.75,8.75
587661902_3887557686_0,50.0,56.21,62.73,64.3,6.21
587661905_1111816110_0,50.0,57.46,66.77,64.3,7.46
587661905_1111816150_0,50.0,56.87,64.13,64.4,6.87
587661909_587661910_0,50.0,59.87,73.48,66.0,9.87
587661909_1129726684_0,50.0,59.19,67.5,64.3,9.19
587661910_587661909_0,50.0,59.87,73.48,66.0,9.87
587661910_685350413_0,55.0,59.92,73.08,65.5,4.92
587661927_564318139_0,50.0,55.81,47.81,50.7,5.81
587661927_587664188_0,55.0,55.24,45.16,44.4,0.24
587661927_2353881024_0,60.0,56.49,53.23,52.45,-3.51
587664183_621469688_0,60.0,56.54,54.5,50.45,-3.46
587664183_4424632940_0,60.0,56.39,54.5,50.65,-3.61
587664188_587661927_0,55.0,55.24,45.16,44.4,0.24
587664188_2351502760_0,60.0,54.9,45.4,45.05,-5.1
587664328_2429510782_0,55.0,47.69,39.26,40.88,-7.31
587664328_621469160_0,60.0,49.17,41.12,41.86,-10.83
587664328_2429510780_0,60.0,48.46,39.1,41.53,-11.54
587664334_621469160_0,60.0,49.52,41.22,41.71,-10.48
587664334_621469414_0,65.0,48.55,41.32,41.19,-16.45
587664334_621469162_0,60.0,49.69,41.35,41.79,-10.31
587664336_2538388696_0,65.0,49.97,41.11,44.54,-15.03
587664336_621469177_0,65.0,50.09,42.86,44.62,-14.91
588951378_482738441_0,65.0,58.25,52.67,53.38,-6.75
588952317_561386334_0,60.0,53.81,58.83,52.8,-6.19
597921117_597921124_0,65.0,50.39,56.42,53.48,-14.61
597921124_561374760_0,65.0,50.21,58.45,52.88,-14.79
597921124_561374889_0,65.0,50.78,56.25,52.78,-14.22
598215642_264098980_0,70.0,62.98,61.27,62.4,-7.02
598215642_264098983_0,75.0,63.99,62.74,62.35,-11.01
598215642_252406080_0,75.0,63.16,61.63,62.55,-11.84
598278234_3729470664_0,50.0,62.93,65.49,68.8,12.93
598640837_1068492357_0,75.0,64.34,64.83,64.2,-10.66
598640840_598640847_0,75.0,57.5,64.4,60.9,-17.5
598640840_265560272_0,75.0,62.16,63.15,63.5,-12.84
598640847_1068492364_0,75.0,62.73,65.03,64.0,-12.27
603939216_420531222_0,60.0,52.39,64.59,64.63,-7.61
603939216_249350279_0,65.0,49.95,67.5,65.15,-15.05
611075058_611075062_0,70.0,62.35,60.87,63.7,-7.65
611075062_306588223_0,70.0,62.37,60.9,63.75,-7.63
611752015_1246618744_0,65.0,55.55,52.87,53.9,-9.45
611752015_919531921_0,60.0,55.22,48.11,51.4,-4.78
611752015_442119243_0,60.0,55.8,53.24,52.1,-4.2
611752016_1121909787_0,75.0,60.22,60.37,61.8,-14.78
611752027_611752016_0,70.0,59.96,60.98,60.05,-10.04
611752027_428942580_0,70.0,59.84,58.8,61.37,-10.16
611752064_296961305_0,65.0,55.14,57.57,58.4,-9.86
611752064_438652938_0,60.0,54.5,49.62,49.2,-5.5
611752064_428504470_0,60.0,54.65,50.1,49.15,-5.35
611752069_611752070_0,60.0,55.47,52.0,53.85,-4.53
611752069_442594647_0,60.0,55.44,55.39,54.3,-4.56
611752070_611752071_0,60.0,55.56,54.48,54.2,-4.44
611752070_442594647_0,60.0,55.52,52.76,54.0,-4.48
611752071_438649379_0,60.0,55.58,53.03,52.55,-4.42
611752071_611752070_0,60.0,55.56,54.48,54.2,-4.44
611752086_2027136523_0,55.0,54.13,47.23,53.1,-0.87
611752086_2027136523_1,55.0,53.72,48.91,53.3,-1.28
611752086_3739130288_0,55.0,54.16,51.91,52.12,-0.84
611752087_4485264795_0,60.0,54.2,52.92,51.15,-5.8
611752089_4485264792_0,60.0,55.01,54.89,53.92,-4.99
611752089_611752069_0,55.0,55.35,49.84,53.76,0.35
611752141_2609484177_0,55.0,54.83,51.01,50.85,-0.17
611752141_427785241_0,55.0,55.65,58.37,55.01,0.65
611752142_4901650456_0,60.0,57.11,61.24,57.4,-2.89
611752145_8540681774_0,60.0,56.59,50.78,52.1,-3.41
611752146_611752147_0,55.0,54.95,58.38,56.7,-0.05
611752147_611752146_0,55.0,54.95,58.38,56.7,-0.05
611752147_1326393534_0,65.0,57.13,63.03,58.5,-7.87
611752172_2026401441_0,65.0,55.98,55.87,57.99,-9.02
611752172_611752173_0,65.0,56.03,58.83,58.55,-8.97
611752173_611752172_0,65.0,56.01,58.83,58.6,-8.99
611752173_3398866828_0,70.0,58.21,59.88,60.4,-11.79
611752173_425982218_0,65.0,56.44,57.34,58.35,-8.56
611752173_425981637_0,70.0,58.04,60.75,59.35,-11.96
611760449_436623724_0,65.0,55.79,54.24,55.1,-9.21
611760449_436623722_0,55.0,56.03,58.69,56.35,1.03
611760450_611760451_0,60.0,56.26,51.98,51.5,-3.74
611760451_283248367_0,60.0,57.45,57.65,57.85,-2.55
611760451_611760450_0,60.0,56.26,51.98,51.5,-3.74
611760452_611760451_0,60.0,55.65,51.74,51.75,-4.35
611760520_964926664_0,70.0,60.5,60.01,59.3,-9.5
611760543_611760546_0,65.0,56.84,59.0,57.8,-8.16
611760546_283248370_0,70.0,59.12,60.67,58.15,-10.88
611760546_6310490476_0,70.0,58.6,60.68,58.45,-11.4
611760549_611760543_0,65.0,56.45,53.27,55.7,-8.55
611760549_4323840842_0,50.0,56.03,48.95,49.05,6.03
611760549_6310490476_0,65.0,56.65,56.51,57.55,-8.35
611760573_1122775546_0,70.0,61.28,62.6,62.6,-8.72
611760573_436622581_0,70.0,60.2,61.74,60.7,-9.8
611760593_611760599_0,60.0,49.56,60.21,55.05,-10.44
611760599_611760600_0,60.0,50.6,56.7,55.0,-9.4
611760599_611760593_0,60.0,49.56,60.21,55.05,-10.44
611760600_611760599_0,60.0,50.6,56.7,55.0,-9.4
611760600_2497378624_0,45.0,49.8,54.1,54.95,4.8
611794743_263781790_0,70.0,57.52,56.73,58.8,-12.48
611794745_1324970384_0,55.0,56.45,57.58,55.9,1.45
611794745_611794743_0,60.0,55.75,56.21,57.3,-4.25
611794745_3722113767_0,60.0,56.54,53.99,56.75,-3.46
614600278_30438542_0,80.0,67.29,71.8,65.45,-12.71
614602197_614602205_0,60.0,54.07,48.37,51.2,-5.93
614602199_614602207_0,60.0,56.14,60.29,58.0,-3.86
614602199_427777539_0,45.0,56.68,60.58,58.85,11.68
614602200_427777644_0,55.0,54.73,52.91,55.35,-0.27
614602200_614602202_0,45.0,56.36,55.11,58.4,11.36
614602201_614602200_0,60.0,54.81,55.04,55.3,-5.19
614602201_614602197_0,65.0,54.16,48.51,50.9,-10.84
614602202_614602203_0,60.0,54.91,57.74,58.55,-5.09
614602202_614602199_0,60.0,56.57,60.03,59.0,-3.43
614602203_427778442_0,60.0,55.03,56.25,55.4,-4.97
614602204_614602200_0,60.0,56.21,53.74,56.7,-3.79
614602205_427778022_0,55.0,53.91,46.25,51.1,-1.09
614602205_614602204_0,55.0,54.37,51.09,54.95,-0.63
614602206_427778205_0,45.0,54.37,47.93,51.35,9.37
614602206_614602207_0,60.0,54.57,58.19,58.1,-5.43
614602206_614602202_0,60.0,54.69,57.05,58.55,-5.31
614602207_427778612_0,65.0,56.24,59.13,58.0,-8.76
614602207_427779185_0,50.0,53.71,57.79,57.85,3.71
614631958_933237411_0,70.0,57.2,54.33,53.75,-12.8
614631958_445852913_0,65.0,56.74,57.59,55.87,-8.26
614631958_614631960_0,75.0,58.78,58.16,57.44,-16.22
614631960_614631966_0,75.0,58.43,54.91,54.9,-16.57
614631960_1246618243_0,75.0,58.72,54.85,55.38,-16.28
614631966_264535874_0,75.0,57.39,57.17,56.02,-17.61
614631968_614632783_0,80.0,59.22,59.55,57.02,-20.78
614631968_1246618243_0,75.0,59.27,57.35,55.2,-15.73
614631973_2035655473_0,70.0,60.18,60.5,58.35,-9.82
614631973_614631975_0,75.0,60.02,56.46,54.8,-14.98
614631975_614631977_0,75.0,60.22,59.62,57.75,-14.78
614631977_1618969814_0,75.0,60.04,58.75,55.6,-14.96
614631977_1246618542_0,75.0,60.29,59.11,57.85,-14.71
614631983_1246618542_0,75.0,60.33,58.94,57.15,-14.67
614631983_614631973_0,75.0,60.54,59.69,57.95,-14.46
614631985_614631983_0,75.0,60.75,59.44,58.15,-14.25
614631985_264535819_0,75.0,60.18,54.28,56.7,-14.82
614631986_614631985_0,75.0,60.3,57.87,56.6,-14.7
614631986_614631996_0,75.0,60.46,59.97,57.7,-14.54
614631988_264535819_0,75.0,60.64,58.58,58.25,-14.36
614631988_614631985_0,75.0,60.66,59.54,58.35,-14.34
614631995_1490307245_0,70.0,59.37,58.84,58.8,-10.63
614631995_614631999_0,75.0,60.15,58.93,58.0,-14.85
614631996_614631995_0,75.0,60.45,58.22,57.8,-14.55
614631999_614631988_0,75.0,61.0,57.36,58.05,-14.0
614632703_919671045_0,75.0,61.83,64.06,64.85,-13.17
614632703_471333125_0,75.0,63.56,62.41,65.05,-11.44
614632783_933237411_0,70.0,59.59,60.52,58.37,-10.41
614635774_323092960_0,65.0,57.78,58.38,56.25,-7.22
614635782_614635774_0,60.0,57.76,60.13,56.7,-2.24
614635782_1618941069_0,65.0,58.25,56.65,56.85,-6.75
614663328_438645115_0,70.0,58.21,60.78,59.15,-11.79
614663329_438645122_0,70.0,57.95,57.58,57.7,-12.05
614663331_296961266_0,70.0,57.96,57.41,57.5,-12.04
614663331_438648004_0,70.0,57.94,56.75,57.3,-12.06
614663332_387126206_0,65.0,58.06,59.86,57.6,-6.94
614663332_614663328_0,70.0,58.2,60.78,58.85,-11.8
614829474_250164517_0,70.0,62.98,63.58,64.3,-7.02
614829474_252750771_0,75.0,64.82,65.07,64.95,-10.18
616040403_156334335_0,75.0,70.0,66.87,66.15,-5.0
616040403_263710880_0,80.0,69.74,66.73,65.95,-10.26
616518528_11209112065_0,65.0,52.83,48.53,50.7,-12.17
616518528_445852913_0,60.0,54.02,49.78,52.42,-5.98
616518528_626874540_0,65.0,53.38,50.99,51.95,-11.62
616518561_366879567_0,65.0,57.71,57.21,57.65,-7.29
616518561_931852389_0,65.0,56.83,56.49,56.35,-8.17
616518607_616518658_0,70.0,60.96,66.34,61.95,-9.04
616518608_387126605_0,75.0,59.58,60.73,60.15,-15.42
616518611_616518607_0,70.0,61.18,64.02,61.55,-8.82
616518613_13071339508_0,70.0,58.21,54.83,57.77,-11.79
616518613_616518619_0,65.0,57.91,54.38,54.75,-7.09
616518613_616518643_0,65.0,57.77,57.62,57.07,-7.23
616518619_616518620_0,70.0,56.98,54.34,55.65,-13.02
616518619_616518613_0,65.0,57.91,54.38,54.75,-7.09
616518619_1489191153_0,70.0,57.39,55.71,54.5,-12.61
616518620_616518619_0,70.0,56.98,54.34,55.65,-13.02
616518620_1489191073_0,65.0,57.3,53.12,56.17,-7.7
616518620_1489191153_0,70.0,57.3,54.82,55.75,-12.7
616518620_473192485_0,65.0,57.12,54.2,56.87,-7.88
616518620_11992230984_0,65.0,56.26,53.81,56.2,-8.74
616518620_5774532022_0,65.0,57.16,58.69,57.7,-7.84
616518626_616518628_0,65.0,56.94,54.86,52.95,-8.06
616518626_616518645_0,65.0,58.17,57.33,54.55,-6.83
616518626_13071339508_0,65.0,57.39,53.66,53.1,-7.61
616518628_616518629_0,65.0,55.98,52.11,53.85,-9.02
616518628_616518626_0,65.0,56.94,54.86,52.95,-8.06
616518628_616518643_0,70.0,56.28,55.55,54.3,-13.72
616518629_616518630_0,65.0,55.65,51.62,54.5,-9.35
616518629_616518628_0,65.0,55.98,52.11,53.85,-9.02
616518629_616518632_0,65.0,55.81,51.16,54.85,-9.19
616518630_1489191216_0,65.0,54.79,52.57,52.95,-10.21
616518630_616518629_0,65.0,55.65,51.62,54.5,-9.35
616518630_1489191209_0,65.0,55.36,55.86,55.0,-9.64
616518632_616518643_0,70.0,56.85,57.35,57.22,-13.15
616518632_616518629_0,65.0,55.81,51.16,54.85,-9.19
616518632_616518641_0,70.0,56.52,56.29,58.05,-13.48
616518641_616518632_0,70.0,56.52,56.29,58.05,-13.48
616518641_1489191209_0,70.0,55.71,53.69,56.5,-14.29
616518641_13418778038_0,65.0,55.96,59.47,58.8,-9.04
616518643_616518632_0,70.0,56.85,57.35,57.22,-13.15
616518643_616518613_0,65.0,57.77,57.62,57.07,-7.23
616518643_616518628_0,70.0,56.28,55.55,54.3,-13.72
616518645_13071339508_0,65.0,58.57,55.53,57.27,-6.43
616518645_473191725_0,70.0,59.01,58.44,57.97,-10.99
616518645_616518626_0,65.0,58.17,57.33,54.55,-6.83
616518645_1489191153_0,70.0,58.62,54.73,55.0,-11.38
616518656_444600513_0,75.0,58.89,62.85,59.25,-16.11
616518656_6516304474_0,75.0,56.83,59.57,57.7,-18.17
616518656_387126499_0,75.0,59.65,62.26,58.7,-15.35
616518657_616518658_0,55.0,58.57,64.86,60.95,3.57
616518658_616518657_0,55.0,58.57,64.86,60.95,3.57
616518658_387126501_0,75.0,61.36,65.21,61.95,-13.64
616518693_387126509_0,70.0,60.06,60.79,61.25,-9.94
616518693_387126517_0,65.0,57.06,61.38,58.05,-7.94
616518693_387126482_0,70.0,60.29,62.21,60.35,-9.71
616796216_621448881_0,65.0,38.93,53.17,54.0,-26.07
616796216_1521224985_0,65.0,38.93,53.37,53.65,-26.07
616796218_534595554_0,65.0,40.6,54.89,53.1,-24.4
616796288_2195585708_0,55.0,39.73,50.01,52.45,-15.27
620850756_265560625_0,65.0,57.85,61.36,57.55,-7.15
620850756_898165519_0,70.0,60.05,58.47,59.3,-9.95
620852902_625928888_0,75.0,57.16,58.75,60.45,-17.84
620852902_598640847_0,75.0,62.33,60.25,62.55,-12.67
620859606_252406071_0,80.0,68.06,66.01,64.6,-11.94
620921124_620921392_0,65.0,40.21,54.15,54.3,-24.79
620921124_534595546_0,60.0,40.87,54.48,53.65,-19.13
620921227_620921392_0,55.0,39.04,51.65,55.4,-15.96
620921232_620921937_0,55.0,37.38,50.28,54.3,-17.62
620921232_620921227_0,55.0,37.67,48.99,49.48,-17.33
620921392_620921937_0,60.0,39.88,50.95,54.45,-20.12
620921937_529119885_0,65.0,40.64,51.34,54.65,-24.36
620923118_1521224847_0,60.0,38.45,52.83,54.85,-21.55
620923118_620923121_0,55.0,37.97,50.95,54.85,-17.03
620923121_2195585708_0,55.0,39.18,51.21,53.35,-15.82
620923121_534595547_0,50.0,38.14,54.94,55.45,-11.86
620924682_620924767_0,55.0,34.14,48.55,48.23,-20.86
620924682_1521224681_0,55.0,36.36,46.89,48.0,-18.64
620924767_620924769_0,55.0,33.55,49.22,47.98,-21.45
620924767_620924769_1,55.0,33.61,47.46,48.03,-21.39
620924767_620924682_0,55.0,34.14,48.55,48.23,-20.86
620924769_620924767_0,55.0,33.55,49.22,47.98,-21.45
620924769_620924767_1,55.0,33.63,47.33,47.88,-21.37
620925691_534595546_0,60.0,40.77,53.62,53.7,-19.23
621448853_529119892_0,50.0,41.8,56.02,53.7,-8.2
621448857_621448881_0,60.0,38.46,52.84,54.3,-21.54
621448881_534595555_0,60.0,39.54,55.35,54.2,-20.46
621448881_616796216_0,65.0,38.93,53.17,54.0,-26.07
621448881_621448857_0,60.0,38.45,52.84,54.3,-21.55
621468974_2429510780_0,65.0,48.32,39.06,41.58,-16.68
621468974_621469026_0,50.0,48.22,36.37,40.57,-1.78
621468978_621468985_0,55.0,58.43,49.7,51.45,3.43
621468978_621469017_0,45.0,60.56,49.38,51.75,15.56
621468985_621468978_0,55.0,58.43,49.7,51.45,3.43
621469017_621469028_0,55.0,58.52,49.38,51.55,3.52
621469017_621468978_0,45.0,60.56,49.38,51.75,15.56
621469026_621468974_0,50.0,48.22,36.37,40.57,-1.78
621469028_621469017_0,55.0,58.52,49.38,51.55,3.52
621469160_587664334_0,60.0,49.52,41.22,41.71,-10.48
621469160_2351502749_0,45.0,49.57,42.28,41.96,4.57
621469160_587664328_0,60.0,49.17,41.12,41.86,-10.83
621469162_587664336_0,60.0,49.91,41.28,44.5,-10.09
621469162_2538388696_0,60.0,49.8,41.25,42.2,-10.2
621469177_621469257_0,55.0,48.75,42.09,43.68,-6.25
621469177_2538390764_0,65.0,50.14,44.07,44.47,-14.86
621469177_587664336_0,65.0,50.09,42.86,44.62,-14.91
621469182_621469184_0,60.0,63.84,53.51,55.67,3.84
621469184_621469182_0,60.0,63.84,53.51,55.67,3.84
621469257_621469177_0,55.0,48.75,42.09,43.68,-6.25
621469280_4424632940_0,50.0,53.77,43.52,42.81,3.77
621469280_2351502759_0,45.0,52.82,39.93,41.96,7.82
621469418_2095990848_0,60.0,54.48,50.61,47.5,-5.52
621469418_621469471_0,60.0,54.7,49.01,46.8,-5.3
621469440_2351502749_0,55.0,49.4,40.78,41.67,-5.6
621469440_621469498_0,55.0,48.9,40.0,41.05,-6.1
621469440_621469451_0,55.0,50.06,39.84,44.67,-4.94
621469451_621469471_0,55.0,52.08,46.69,46.45,-2.92
621469451_621469440_0,55.0,50.06,39.84,44.67,-4.94
621469471_621469418_0,60.0,54.7,49.01,46.8,-5.3
621469471_621469451_0,55.0,52.08,46.69,46.45,-2.92
621469498_621469440_0,55.0,48.9,40.0,41.05,-6.1
621469688_2095990848_0,60.0,55.18,50.67,46.72,-4.82
621469688_587664183_0,60.0,56.54,54.5,50.45,-3.46
621469688_2095990823_0,50.0,51.16,44.01,42.01,1.16
623428276_419337581_0,75.0,67.7,65.97,65.25,-7.3
623428276_263710885_0,75.0,66.21,68.1,61.15,-8.79
623550711_3735134154_0,75.0,58.69,61.58,60.75,-16.31
623550711_265560312_0,75.0,58.99,63.67,61.9,-16.01
623903229_421368895_0,65.0,56.26,53.95,56.15,-8.74
623903229_421370333_0,60.0,56.45,54.86,56.15,-3.55
623903229_1326393723_0,60.0,56.2,55.81,55.25,-3.8
623903231_623903229_0,65.0,56.52,55.3,56.3,-8.48
623903231_1326394630_0,60.0,56.35,54.15,55.85,-3.65
623903362_421382629_0,65.0,55.44,53.79,53.45,-9.56
623903362_421374934_0,60.0,55.31,53.21,53.15,-4.69
623903364_623903362_0,60.0,55.32,53.23,53.25,-4.68
623903366_421379194_0,60.0,56.11,53.57,54.65,-3.89
623903812_1246280761_0,60.0,54.97,52.17,53.28,-5.03
623903812_421373469_0,65.0,54.65,55.97,55.2,-10.35
623904587_7411458179_0,55.0,62.74,68.69,68.7,7.74
623904587_7411458180_0,60.0,56.41,66.99,67.5,-3.59
623905614_438652365_0,45.0,55.21,50.13,52.1,10.21
623905614_438654932_0,60.0,55.06,51.96,51.5,-4.94
623906723_296407037_0,70.0,58.62,58.09,63.34,-11.38
623979721_266186646_0,55.0,58.17,58.74,57.9,3.17
625896287_243465953_0,70.0,62.39,60.46,63.5,-7.61
625896287_265040836_0,70.0,57.71,60.32,60.65,-12.29
625896549_625896619_0,60.0,60.26,61.88,57.05,0.26
625896552_625896549_0,70.0,61.04,59.4,58.37,-8.96
625896552_625896614_0,70.0,60.17,61.31,59.0,-9.83
625896610_625896552_0,70.0,60.43,62.36,58.55,-9.57
625896610_2554593016_0,70.0,60.69,60.76,59.32,-9.31
625896614_387126490_0,75.0,70.07,68.03,65.05,-4.93
625896614_7873272761_0,75.0,69.91,68.14,64.9,-5.09
625896619_5315544442_0,65.0,60.65,59.41,57.35,-4.35
625896619_387126695_0,70.0,60.7,61.33,59.12,-9.3
625896661_4477498636_0,55.0,55.12,58.53,58.3,0.12
625896683_387126590_0,70.0,56.97,59.26,59.48,-13.03
625896683_1491287560_0,65.0,56.31,61.09,62.0,-8.69
625896683_387126583_0,70.0,57.16,58.7,60.08,-12.84
625896818_387126605_0,75.0,57.58,58.41,58.2,-17.42
625897163_1790293299_0,70.0,60.21,62.41,57.95,-9.79
625897197_2967961972_0,75.0,61.19,61.06,58.1,-13.81
625897197_249082555_0,70.0,57.99,61.65,55.95,-12.01
625897216_625897197_0,70.0,57.66,58.98,59.55,-12.34
625928888_265560271_0,75.0,62.36,56.8,58.68,-12.64
625928888_265560267_0,75.0,56.98,61.5,59.65,-18.02
625954310_425968108_0,60.0,55.95,59.34,57.55,-4.05
625954310_425967357_0,65.0,57.65,59.51,59.15,-7.35
626123263_1037367252_0,70.0,58.74,57.99,58.6,-11.26
626123267_264545051_0,70.0,56.0,52.17,54.32,-14.0
626123268_626123269_0,70.0,54.68,55.0,57.3,-15.32
626123268_626123267_0,70.0,54.28,51.26,53.15,-15.72
626123269_264545073_0,70.0,57.96,61.76,58.95,-12.04
626123293_1860004072_0,50.0,55.01,51.35,57.15,5.01
626123293_626123299_0,60.0,54.4,53.82,56.1,-5.6
626123299_264541621_0,65.0,56.36,56.67,56.5,-8.64
626123301_264545049_0,55.0,54.69,57.77,57.15,-0.31
626123301_264545059_0,65.0,56.24,59.49,56.4,-8.76
626123302_931873378_0,65.0,54.21,51.17,52.9,-10.79
626123302_265563618_0,65.0,53.3,53.85,58.25,-11.7
626145097_626146137_0,65.0,50.44,45.88,47.2,-14.56
626145097_249502509_0,65.0,50.47,43.98,46.95,-14.53
626145097_626145232_0,60.0,48.25,48.34,47.15,-11.75
626145103_626145119_0,60.0,50.09,43.9,46.65,-9.91
626145103_951656350_0,60.0,48.27,46.41,46.25,-11.73
626145119_626146137_0,65.0,50.38,45.82,47.05,-14.62
626145119_951656350_0,60.0,48.45,46.2,46.05,-11.55
626145119_626145103_0,60.0,50.09,43.9,46.65,-9.91
626145232_626145097_0,60.0,48.25,48.34,47.15,-11.75
626146137_626145119_0,65.0,50.38,45.82,47.05,-14.62
626146137_626145097_0,65.0,50.44,45.88,47.2,-14.56
626874270_628128370_0,55.0,55.66,53.96,55.05,0.66
626874293_626874294_0,65.0,56.73,52.71,55.2,-8.27
626874293_297326059_0,65.0,56.49,56.66,55.75,-8.51
626874294_626874343_0,65.0,56.14,53.96,53.7,-8.86
626874343_445850934_0,70.0,55.63,54.92,55.6,-14.37
626874343_297326181_0,70.0,56.28,55.73,55.31,-13.72
626874374_626874383_0,65.0,57.1,52.95,54.48,-7.9
626874374_626874374_0,65.0,57.06,49.96,51.98,-7.94
626874383_626874374_0,65.0,57.1,52.95,54.48,-7.9
626874383_4551425472_0,60.0,57.95,57.23,54.75,-2.05
626874383_445852761_0,70.0,57.46,57.23,57.14,-12.54
626874383_1129777323_0,65.0,58.97,61.37,59.58,-6.03
626874389_626874401_0,60.0,58.0,60.26,57.6,-2.0
626874389_445852289_0,75.0,63.48,61.52,60.07,-11.52
626874401_445852761_0,65.0,57.43,56.13,56.22,-7.57
626874401_626874389_0,60.0,58.0,60.26,57.6,-2.0
626874419_626874453_0,65.0,57.83,54.56,56.8,-7.17
626874428_626874433_0,65.0,55.73,54.51,53.45,-9.27
626874428_914720437_0,65.0,54.95,52.64,53.48,-10.05
626874433_626874491_0,65.0,56.69,55.15,56.21,-8.31
626874433_626874442_0,65.0,56.84,56.22,56.96,-8.16
626874442_626874433_0,65.0,56.84,56.22,56.96,-8.16
626874442_4609862808_0,65.0,56.11,57.55,55.25,-8.89
626874442_471791904_0,65.0,56.8,58.28,55.4,-8.2
626874453_471791917_0,65.0,56.98,57.33,54.8,-8.02
626874461_626874485_0,65.0,55.29,52.77,52.8,-9.71
626874461_471333685_0,65.0,54.94,51.64,52.2,-10.06
626874475_626874461_0,60.0,54.26,51.51,51.75,-5.74
626874475_626874483_0,65.0,54.0,51.14,54.45,-11.0
626874478_626874475_0,65.0,54.32,52.09,53.9,-10.68
626874478_914720435_0,65.0,54.46,53.82,54.05,-10.54
626874481_626874485_0,65.0,55.43,52.71,53.85,-9.57
626874481_626874488_0,65.0,56.2,53.93,54.7,-8.8
626874482_626874481_0,65.0,54.62,52.81,53.1,-10.38
626874483_626874482_0,65.0,54.09,50.25,53.35,-10.91
626874485_626874461_0,65.0,55.29,52.77,52.8,-9.71
626874485_626874481_0,65.0,55.43,52.71,53.85,-9.57
626874485_626874483_0,65.0,54.49,50.57,52.8,-10.51
626874486_626874482_0,65.0,54.67,52.75,53.95,-10.33
626874488_626874481_0,65.0,56.2,53.93,54.7,-8.8
626874488_626874491_0,65.0,56.33,54.84,55.2,-8.67
626874488_626874486_0,60.0,55.18,51.44,53.2,-4.82
626874491_626874488_0,65.0,56.33,54.84,55.2,-8.67
626874491_626874433_0,65.0,56.69,55.15,56.21,-8.31
626874491_914720437_0,65.0,55.51,54.43,53.9,-9.49
626874507_1491287679_0,70.0,54.89,60.48,57.54,-15.11
626874510_626874507_0,60.0,53.81,54.38,55.37,-6.19
626874510_626874507_1,65.0,54.58,57.47,57.04,-10.42
626874538_2035655471_0,55.0,53.94,48.4,50.0,-1.06
626874540_914720435_0,65.0,53.72,53.37,53.8,-11.28
626874540_616518528_0,65.0,53.38,50.99,51.95,-11.62
626874540_626874478_0,65.0,53.78,49.61,51.05,-11.22
626874540_2035655471_0,60.0,53.33,52.62,51.55,-6.67
626874552_1497207388_0,70.0,55.3,63.7,59.82,-14.7
626874552_1497207388_1,75.0,59.21,63.12,61.4,-15.79
626875161_933525822_0,65.0,43.23,45.79,47.38,-21.77
626875161_933525815_0,60.0,43.4,47.93,47.52,-16.6
626875161_626875167_0,50.0,41.83,43.16,44.13,-8.17
626875167_933525794_0,60.0,43.57,44.9,43.98,-16.43
626875167_626875161_0,50.0,41.83,43.16,44.13,-8.17
626875167_933525801_0,60.0,43.51,46.54,43.43,-16.49
626875180_933525834_0,60.0,43.13,42.37,45.0,-16.87
626875180_933525822_0,65.0,43.14,43.35,46.38,-21.86
626875180_626875182_0,50.0,41.6,43.01,43.38,-8.4
626875182_933525790_0,60.0,43.33,45.65,43.13,-16.67
626875182_933525801_0,60.0,43.4,45.68,43.23,-16.6
626875182_626875180_0,50.0,41.6,43.01,43.38,-8.4
626875194_933525834_0,60.0,43.07,43.27,44.38,-16.93
626875194_626875201_0,60.0,43.44,43.73,43.88,-16.56
626875194_626875201_1,55.0,41.43,43.61,43.63,-13.57
626875201_933525790_0,60.0,43.25,44.91,42.88,-16.75
626875201_626875194_0,55.0,41.43,43.61,43.63,-13.57
626875201_626875194_1,60.0,43.42,43.73,43.83,-16.58
626875208_626875229_0,45.0,42.77,41.03,45.0,-2.23
626875208_933525823_0,50.0,42.32,41.67,44.13,-7.68
626875208_626875214_0,50.0,42.33,42.96,43.63,-7.67
626875214_933525818_0,60.0,43.95,45.31,43.88,-16.05
626875214_626875321_0,60.0,44.38,45.51,43.78,-15.62
626875214_626875208_0,50.0,42.33,42.96,43.63,-7.67
626875225_933525823_0,50.0,42.44,42.13,43.93,-7.56
626875225_626875328_0,50.0,42.14,39.99,44.38,-7.86
626875225_626875348_0,55.0,42.02,43.33,43.78,-12.98
626875229_626875208_0,45.0,42.77,41.03,45.0,-2.23
626875229_933525773_0,45.0,42.97,41.92,45.98,-2.03
626875229_626875321_0,50.0,43.01,43.05,44.18,-6.99
626875299_933525780_0,65.0,44.58,47.68,49.37,-20.42
626875299_471513461_0,60.0,45.39,49.17,50.55,-14.61
626875299_933525784_0,60.0,44.58,40.64,43.7,-15.42
626875314_933525777_0,60.0,44.26,47.52,48.97,-15.74
626875314_933525780_0,60.0,44.48,47.55,48.97,-15.52
626875314_626875316_0,50.0,42.83,45.92,47.08,-7.17
626875316_933525773_0,45.0,42.97,42.61,45.88,-2.03
626875316_626875314_0,50.0,42.83,45.92,47.08,-7.17
626875316_933525797_0,45.0,42.78,42.45,44.18,-2.22
626875321_626875214_0,60.0,44.38,45.51,43.78,-15.62
626875321_933525784_0,60.0,44.57,45.33,43.5,-15.43
626875321_626875229_0,50.0,43.01,43.05,44.18,-6.99
626875328_933525782_0,50.0,42.45,42.25,43.93,-7.55
626875328_626875225_0,50.0,42.14,39.99,44.38,-7.86
626875328_626875347_0,50.0,41.94,40.91,44.55,-8.06
626875332_933525797_0,45.0,42.77,42.19,44.43,-2.23
626875332_933525782_0,50.0,42.61,39.69,44.13,-7.39
626875332_626875341_0,50.0,42.49,43.9,43.83,-7.51
626875341_933525803_0,60.0,43.97,47.91,48.92,-16.03
626875341_933525777_0,60.0,44.11,47.94,48.97,-15.89
626875341_626875332_0,50.0,42.49,43.9,43.83,-7.51
626875347_933525815_0,60.0,43.53,48.38,48.37,-16.47
626875347_933525803_0,60.0,43.82,47.91,48.77,-16.18
626875347_626875328_0,50.0,41.94,40.91,44.55,-8.06
626875348_933525794_0,60.0,43.69,45.29,44.28,-16.31
626875348_933525818_0,60.0,43.98,45.92,43.93,-16.02
626875348_626875225_0,55.0,42.02,43.33,43.78,-12.98
626875409_626875583_0,65.0,51.77,52.18,53.05,-13.23
626875409_471785028_0,50.0,49.47,47.32,50.9,-0.53
626875417_471784925_0,60.0,49.11,57.81,52.0,-10.89
626875417_626875553_0,60.0,48.92,54.35,51.6,-11.08
626875417_471785025_0,50.0,47.74,54.2,51.65,-2.26
626875429_471785028_0,45.0,49.34,48.53,49.12,4.34
626875429_471785027_0,50.0,49.2,48.03,49.78,-0.8
626875429_626875583_0,50.0,49.54,47.32,50.9,-0.46
626875553_626875560_0,45.0,47.73,52.49,51.75,2.73
626875553_626875417_0,60.0,48.92,54.35,51.6,-11.08
626875553_626875822_0,60.0,48.83,54.1,49.45,-11.17
626875560_471785026_0,50.0,48.64,50.04,49.28,-1.36
626875560_471785025_0,50.0,48.72,48.02,48.72,-1.28
626875560_626875553_0,45.0,47.73,52.49,51.75,2.73
626875570_626875583_0,65.0,51.72,52.97,53.0,-13.28
626875570_471785057_0,65.0,52.23,52.61,54.22,-12.77
626875570_471785027_0,50.0,49.79,49.91,51.4,-0.21
626875583_626875409_0,65.0,51.77,52.18,53.05,-13.23
626875583_626875570_0,65.0,51.72,52.97,53.0,-13.28
626875583_626875429_0,50.0,49.54,47.32,50.9,-0.46
626875822_626875553_0,60.0,48.83,54.1,49.45,-11.17
626875822_471785026_0,45.0,47.87,54.1,51.55,2.87
626875822_2229381105_0,60.0,49.82,54.58,50.3,-10.18
626876168_2561053427_0,70.0,56.6,58.9,57.2,-13.4
626876171_2561053427_0,70.0,56.91,59.4,58.0,-13.09
626876171_626876168_0,70.0,56.67,58.21,57.5,-13.33
626876183_5361910979_0,55.0,55.08,54.46,54.5,0.08
626876183_471792453_0,65.0,56.53,55.01,54.65,-8.47
626876206_933480056_0,70.0,58.03,62.08,58.52,-11.97
626876206_5361910979_0,55.0,54.49,55.59,54.55,-0.51
626876215_471784546_0,65.0,52.89,57.42,56.95,-12.11
626876431_1774543132_0,65.0,54.21,55.31,56.15,-10.79
626876431_529438079_0,65.0,52.64,51.34,55.0,-12.36
626876466_626876469_0,55.0,53.65,50.86,54.3,-1.35
626876469_471792468_0,65.0,55.54,56.82,56.75,-9.46
626876469_626876466_0,55.0,53.65,51.04,54.3,-1.35
626876469_529438050_0,60.0,55.5,55.87,57.35,-4.5
626876577_4847094654_0,55.0,54.38,52.47,55.25,-0.62
626876577_1774543119_0,65.0,53.48,52.56,57.45,-11.52
626876821_929287678_0,65.0,48.64,56.59,58.4,-16.36
626876821_929287675_0,70.0,51.91,61.58,62.05,-18.09
626876878_929287678_0,65.0,48.56,54.63,52.3,-16.44
626876878_929287675_0,65.0,48.65,58.97,57.6,-16.35
626876931_9881553099_0,70.0,56.23,61.69,63.0,-13.77
626876931_315059138_0,70.0,52.35,62.72,62.3,-17.65
626876967_626876931_0,70.0,52.76,60.98,62.1,-17.24
626877200_267201232_0,70.0,60.15,60.31,56.05,-9.85
626877200_315059128_0,70.0,57.93,60.87,63.25,-12.07
627831335_627831336_0,45.0,53.58,53.76,56.0,8.58
627831335_627831341_0,60.0,56.11,57.49,58.35,-3.89
627831336_641359066_0,60.0,53.45,54.45,56.1,-6.55
627831336_641358972_0,65.0,56.72,59.22,58.7,-8.28
627831339_627831336_0,60.0,56.24,56.9,58.5,-3.76
627831339_627831341_0,65.0,54.59,54.82,55.3,-10.41
627831341_425994971_0,60.0,54.55,56.26,56.15,-5.45
627831341_425987234_0,55.0,56.57,61.26,57.7,1.57
628109291_1122581610_0,80.0,67.65,65.41,64.65,-12.35
628128370_626874270_0,55.0,55.66,53.96,55.1,0.66
628128370_1618969716_0,70.0,55.64,56.87,57.2,-14.36
628128370_290381189_0,70.0,55.6,56.09,56.95,-14.4
631147101_919688442_0,60.0,63.32,58.01,57.72,3.32
631147159_631147201_0,70.0,62.1,62.68,57.7,-7.9
631147201_631147218_0,70.0,61.95,65.35,63.55,-8.05
631147201_3736200598_0,75.0,62.22,59.66,56.75,-12.78
631147218_1124685346_0,70.0,58.36,61.4,59.5,-11.64
631147218_631809882_0,70.0,62.57,66.3,63.45,-7.43
631147349_4583439542_0,75.0,62.73,62.08,57.75,-12.27
631809882_676631239_0,70.0,63.13,64.1,63.85,-6.87
631811213_265560643_0,65.0,57.34,56.31,55.7,-7.66
631811213_631811224_0,65.0,57.24,55.2,55.55,-7.76
631811224_631811237_0,65.0,57.65,60.59,57.85,-7.35
631811237_3736200598_0,70.0,62.07,59.53,57.7,-7.93
631823271_1444631661_0,65.0,60.56,61.73,64.05,-4.44
631823271_387126541_0,65.0,56.5,58.94,58.2,-8.5
632249704_632249719_0,75.0,61.31,64.83,62.4,-13.69
632249704_1246618586_0,75.0,63.87,67.63,65.25,-11.13
632249709_263781852_0,75.0,63.04,66.6,64.55,-11.96
632249719_263795344_0,70.0,60.81,63.59,61.7,-9.19
632634915_632634975_0,55.0,44.89,37.15,40.74,-10.11
632634915_1843359896_0,55.0,45.27,36.72,40.3,-9.73
632634915_263854031_0,55.0,44.99,40.52,41.17,-10.01
632634975_1843359809_0,50.0,45.43,37.05,40.49,-4.57
632634975_632634915_0,55.0,44.89,37.15,40.74,-10.11
632634975_632635052_0,50.0,46.22,37.19,40.34,-3.78
632635052_1843359896_0,55.0,46.12,44.51,46.99,-8.88
632635052_1843359896_1,55.0,46.18,43.45,47.44,-8.82
632635052_632634975_0,50.0,46.22,37.19,40.34,-3.78
632940163_444600513_0,70.0,58.61,60.42,59.5,-11.39
641358890_420723902_0,60.0,50.96,49.5,52.0,-9.04
641358890_1328388303_0,55.0,54.52,52.66,54.3,-0.48
641358897_641358890_0,65.0,51.3,51.19,52.65,-13.7
641358897_420723083_0,60.0,52.87,54.47,55.0,-7.13
641358906_420714037_0,60.0,53.26,55.89,54.5,-6.74
641358906_420712490_0,65.0,55.47,58.95,58.65,-9.53
641358910_447971899_0,60.0,49.58,48.85,47.88,-10.42
641358910_420707773_0,60.0,49.94,49.78,51.15,-10.06
641358910_641359091_0,60.0,50.27,53.63,52.15,-9.73
641358924_641358948_0,65.0,52.41,51.16,58.4,-12.59
641358924_1384903683_0,65.0,54.18,55.99,54.15,-10.82
641358933_420715746_0,65.0,53.85,56.28,53.35,-11.15
641358933_641358924_0,65.0,54.17,50.56,53.2,-10.83
641358948_420714024_0,65.0,54.22,51.51,53.55,-10.78
641358948_420708449_0,65.0,51.91,51.46,55.0,-13.09
641358953_428791958_0,50.0,51.35,58.35,54.45,1.35
641358953_1246618701_0,45.0,51.29,53.86,54.62,6.29
641358960_641358982_0,65.0,54.01,49.2,49.75,-10.99
641358972_421412416_0,65.0,55.24,56.5,58.1,-9.76
641358982_641359012_0,60.0,53.62,50.45,49.71,-6.38
641358994_641358972_0,65.0,55.26,59.07,58.6,-9.74
641358994_425989640_0,55.0,54.92,55.76,55.5,-0.08
641359003_641358960_0,50.0,53.78,48.17,49.36,3.78
641359012_641359003_0,65.0,52.22,50.05,48.96,-12.78
641359019_641359056_0,60.0,54.82,50.47,49.85,-5.18
641359028_641359003_0,50.0,53.98,49.22,49.75,3.98
641359037_2026401388_0,60.0,53.06,47.13,45.75,-6.94
641359056_641359066_0,60.0,54.51,50.88,50.0,-5.49
641359056_627831339_0,45.0,54.7,54.28,55.05,9.7
641359079_420702842_0,60.0,50.72,57.42,55.85,-9.28
641359079_420703079_0,65.0,52.56,58.01,55.85,-12.44
641359091_641358910_0,60.0,50.27,53.63,52.15,-9.73
641359091_1384903669_0,65.0,52.88,54.32,54.4,-12.12
641359096_641359100_0,60.0,52.3,47.29,49.02,-7.7
641359096_425994681_0,55.0,54.7,59.15,56.1,-0.3
641359108_428791962_0,50.0,50.51,53.92,54.72,0.51
641359121_666992561_0,50.0,50.86,52.53,55.12,0.86
641359121_666992564_0,50.0,50.8,52.35,55.32,0.8
641359134_666992567_0,45.0,52.38,57.4,54.35,7.38
641359134_428791502_0,45.0,52.03,54.89,53.32,7.03
641359143_428791534_0,45.0,51.69,54.04,53.48,6.69
641359143_923273331_0,45.0,51.81,54.17,53.98,6.81
666992546_13625192404_0,65.0,53.01,58.23,56.25,-11.99
666992546_5386943250_0,60.0,52.57,56.21,54.64,-7.43
666992546_2671568140_0,60.0,52.76,57.05,53.7,-7.24
666992547_4730497269_0,65.0,54.41,64.35,60.45,-10.59
666992547_428788866_0,65.0,53.7,58.46,56.85,-11.3
666992548_666992547_0,65.0,53.69,62.19,59.35,-11.31
666992548_666992553_0,65.0,53.75,62.36,59.25,-11.25
666992549_641358953_0,50.0,51.55,51.65,53.72,1.55
666992549_1427158937_0,60.0,53.06,53.02,55.0,-6.94
666992550_422869104_0,65.0,54.42,66.64,62.3,-10.58
666992550_428791534_0,65.0,53.95,59.6,57.17,-11.05
666992551_422881393_0,65.0,54.79,68.98,61.75,-10.21
666992551_249245921_0,70.0,61.08,65.75,64.1,-8.92
666992552_641359108_0,50.0,50.85,53.09,55.38,0.85
666992552_7939816392_0,60.0,52.78,54.16,56.0,-7.22
666992553_923085421_0,65.0,52.78,54.81,55.2,-12.22
666992557_1427158944_0,65.0,53.17,54.99,54.45,-11.83
666992557_641359143_0,50.0,51.67,55.91,54.18,1.67
666992561_1455377780_0,65.0,52.34,52.97,55.2,-12.66
666992563_1424278918_0,60.0,53.27,54.77,56.0,-6.73
666992563_641359134_0,50.0,52.02,55.88,55.82,2.02
666992564_1424278903_0,65.0,52.62,51.94,55.8,-12.38
666992565_1424278919_0,65.0,53.31,52.77,54.18,-11.69
666992565_641359143_0,50.0,51.67,55.54,54.02,1.67
666992567_923085431_0,65.0,54.87,55.54,58.09,-10.13
666992568_428791455_0,50.0,52.79,53.43,54.7,2.79
666992568_923106363_0,60.0,54.06,53.84,56.25,-5.94
666992569_641359134_0,50.0,52.47,54.85,54.99,2.47
666992569_428791344_0,55.0,53.04,51.93,55.45,-1.96
666992569_4763204217_0,60.0,54.09,58.5,54.72,-5.91
675703752_249082584_0,75.0,67.28,66.41,65.15,-7.72
675703759_934038227_0,75.0,63.88,61.02,65.1,-11.12
675703778_2967941398_0,80.0,64.06,64.06,64.25,-15.94
675703799_1128031334_0,75.0,65.6,64.72,65.8,-9.4
675703813_1619563054_0,70.0,59.51,63.65,62.95,-10.49
675703813_675703778_0,80.0,63.11,64.51,62.8,-16.89
675703816_1315204652_0,75.0,64.0,61.87,64.15,-11.0
675703819_59749793_0,75.0,66.37,64.46,65.6,-8.63
675703823_1324966201_0,75.0,64.68,63.37,65.35,-10.32
676631219_1743699461_0,70.0,63.28,59.55,61.2,-6.72
676631237_3744129418_0,70.0,61.64,57.49,62.45,-8.36
676631239_265043720_0,75.0,60.84,63.14,63.25,-14.16
676631239_265043696_0,70.0,62.8,67.74,64.05,-7.2
679408443_263361469_0,75.0,64.61,63.44,64.1,-10.39
679408571_3723931117_0,70.0,62.09,65.81,63.48,-7.91
679408571_679408443_0,65.0,64.36,65.49,64.65,-0.64
683834191_683834224_0,60.0,54.18,51.68,49.45,-5.82
683834198_683834214_0,60.0,54.17,51.79,48.75,-5.83
683834198_683834258_0,60.0,54.28,51.74,49.35,-5.72
683834200_683834250_0,60.0,54.29,53.37,50.3,-5.71
683834206_683834227_0,65.0,54.58,54.76,55.7,-10.42
683834206_683834200_0,60.0,54.33,54.23,51.15,-5.67
683834214_683834230_0,55.0,54.49,52.58,49.25,-0.51
683834219_259485153_0,75.0,58.61,61.05,59.61,-16.39
683834224_683834206_0,60.0,54.21,52.98,50.45,-5.79
683834224_683834200_0,60.0,54.19,53.02,50.75,-5.81
683834227_683834219_0,70.0,55.16,57.53,58.25,-14.84
683834227_683834206_0,65.0,54.57,55.69,55.7,-10.43
683834227_6184949385_0,70.0,55.11,58.44,57.5,-14.89
683834230_683834198_0,60.0,54.21,50.15,48.85,-5.79
683834230_683834214_0,60.0,54.12,52.43,49.15,-5.88
683834250_683834258_0,60.0,54.36,50.51,49.25,-5.64
683834250_683834191_0,60.0,54.27,52.47,49.2,-5.73
683834258_683834191_0,60.0,54.22,51.74,49.1,-5.78
683834258_683834198_0,60.0,54.28,51.74,49.35,-5.72
685350408_685350410_0,45.0,61.59,70.43,66.2,16.59
685350408_685350420_0,50.0,59.16,71.5,65.7,9.16
685350410_905345257_0,50.0,57.88,69.33,64.4,7.88
685350413_685350415_0,50.0,60.13,73.18,65.5,10.13
685350415_905345559_0,50.0,60.17,72.89,65.5,10.17
685350420_685350410_0,50.0,58.11,70.24,65.75,8.11
685350428_587661910_0,55.0,59.53,72.52,65.5,4.53
685350428_685350413_0,50.0,59.43,73.0,65.6,9.43
691370870_1120609645_0,70.0,62.39,60.34,58.01,-7.61
691370870_267198145_0,75.0,64.64,60.97,56.15,-10.36
691479758_4583436349_0,70.0,61.61,63.88,64.55,-8.39
691479766_267195024_0,70.0,61.44,64.74,64.45,-8.56
692965976_5954403023_0,65.0,53.46,55.07,56.95,-11.54
692965976_248093928_0,65.0,53.01,55.22,50.95,-11.99
692965979_692965985_0,65.0,51.18,50.62,46.9,-13.82
692965979_248093937_0,60.0,51.89,50.23,47.75,-8.11
692965985_248093909_0,65.0,50.62,50.51,46.5,-14.38
692965985_692965979_0,65.0,51.18,50.62,46.9,-13.82
694829628_248096808_0,65.0,50.52,50.01,47.4,-14.48
694829628_698084128_0,65.0,50.16,45.34,47.05,-14.84
694829628_694829632_0,70.0,50.21,50.67,50.15,-19.79
694829628_1312397883_0,70.0,51.6,57.41,55.55,-18.4
694829632_698084155_0,60.0,49.42,43.89,47.2,-10.58
694829632_698084171_0,60.0,49.64,45.36,48.25,-10.36
694829632_715566462_0,70.0,49.95,50.88,47.45,-20.05
694829632_694829628_0,70.0,50.21,50.67,50.15,-19.79
698084124_248096808_0,65.0,50.58,44.14,46.45,-14.42
698084124_698084148_0,60.0,50.85,44.31,48.15,-9.15
698084128_698084138_0,60.0,49.87,46.09,47.9,-10.13
698084128_694829628_0,65.0,50.18,44.78,47.05,-14.82
698084129_698084138_0,60.0,50.22,46.3,49.65,-9.78
698084129_698084128_0,60.0,50.12,45.98,47.8,-9.88
698084138_698084129_0,65.0,50.02,47.26,48.2,-14.98
698084148_698084124_0,65.0,51.22,48.06,48.6,-13.78
698084155_694829632_0,60.0,49.42,43.89,47.2,-10.58
698084155_698084164_0,50.0,49.17,47.93,48.45,-0.83
698084159_698084164_0,50.0,49.25,48.93,48.55,-0.75
698084159_698084155_0,55.0,49.26,44.23,47.9,-5.74
698084164_698084159_0,50.0,49.18,48.23,49.1,-0.82
698084167_698084170_0,55.0,49.33,47.67,47.1,-5.67
698084170_698084171_0,55.0,49.11,45.86,47.25,-5.89
698084170_698084167_0,55.0,49.13,45.41,46.4,-5.87
698084171_694829632_0,60.0,49.65,45.36,48.25,-10.35
698084171_698084167_0,55.0,49.23,44.12,46.9,-5.77
704769194_441390146_0,65.0,57.41,56.34,58.08,-7.59
704769194_3398845893_0,65.0,57.17,55.54,54.75,-7.83
704769200_57302218_0,65.0,57.27,57.69,57.92,-7.73
704769200_3905668277_0,65.0,57.32,58.34,57.85,-7.68
707559064_156334438_0,80.0,68.79,65.6,65.8,-11.21
707559064_30389443_0,75.0,67.24,65.55,65.35,-7.76
707559065_707559064_0,75.0,68.4,63.84,64.9,-6.6
708004990_708004996_0,65.0,51.51,48.8,48.7,-13.49
708004990_708005059_0,65.0,51.83,51.93,50.7,-13.17
708004996_1312329062_0,65.0,51.56,53.3,54.15,-13.44
708004996_708005059_0,65.0,51.7,49.77,48.75,-13.3
708005031_708005048_0,60.0,51.2,53.1,51.25,-8.8
708005045_708005057_0,75.0,55.85,63.81,63.1,-19.15
708005048_708005054_0,65.0,51.42,52.9,51.35,-13.58
708005048_708005031_0,65.0,51.44,54.43,51.75,-13.56
708005054_941367827_0,65.0,51.84,56.02,54.42,-13.16
708005054_708005031_0,65.0,51.55,52.79,51.05,-13.45
708005057_5848576739_0,75.0,55.37,62.5,62.7,-19.63
708005057_1312329062_0,75.0,52.16,53.92,57.8,-22.84
708005059_708004990_0,65.0,51.5,51.06,50.85,-13.5
710680982_710680987_0,60.0,54.88,53.3,54.4,-5.12
710680982_428504474_0,60.0,54.76,53.89,54.25,-5.24
710680987_387126254_0,65.0,55.06,55.15,57.05,-9.94
715566452_715566459_0,75.0,51.53,60.65,59.8,-23.47
715566452_306585116_0,75.0,51.22,60.16,59.1,-23.78
715566459_335613952_0,75.0,55.58,61.26,57.85,-19.42
715566462_715566452_0,70.0,50.74,52.64,46.65,-19.26
715886092_1618940966_0,70.0,64.55,59.03,65.25,-5.45
715886092_1618940899_0,65.0,60.67,64.28,64.65,-4.33
717885407_259483703_0,75.0,57.81,65.08,63.45,-17.19
717885416_717885407_0,75.0,56.77,59.9,58.68,-18.23
717885416_1312397883_0,75.0,52.96,55.45,57.65,-22.04
727417615_428948973_0,70.0,59.34,61.34,59.0,-10.66
727417615_428942581_0,70.0,59.56,59.76,59.6,-10.44
727417622_30389400_0,75.0,71.45,66.86,64.85,-3.55
727417623_4583456669_0,70.0,59.39,59.89,59.35,-10.61
727417625_387126212_0,70.0,59.5,61.46,59.4,-10.5
727417625_4583456667_0,70.0,59.61,63.62,60.05,-10.39
762058828_260300602_0,65.0,56.25,58.35,57.5,-8.75
762058828_417280029_0,55.0,53.54,59.88,53.7,-1.46
762058828_2700649121_0,65.0,54.18,49.9,50.05,-10.82
762058834_4504708538_0,55.0,54.07,50.51,52.65,-0.93
762058834_762058881_0,60.0,54.28,54.44,52.88,-5.72
762058838_4455294869_0,60.0,52.61,46.48,47.71,-7.39
762058846_1314649012_0,65.0,53.66,48.63,49.2,-11.34
762058846_931884822_0,60.0,53.38,47.05,49.35,-6.62
762058853_5378015078_0,70.0,63.61,62.73,61.15,-6.39
762058853_264537393_0,70.0,62.56,58.8,60.35,-7.44
762058868_1315000588_0,65.0,54.12,50.75,52.15,-10.88
762058872_762058838_0,60.0,53.32,44.27,47.25,-6.68
762058878_1315000596_0,60.0,55.48,55.31,55.52,-4.52
762058881_2700649121_0,65.0,54.35,51.86,51.08,-10.65
762058892_288583066_0,65.0,57.36,54.77,55.9,-7.64
762058892_762058853_0,65.0,58.46,59.85,59.7,-6.54
768758522_768758577_0,65.0,49.65,52.2,53.75,-15.35
768758522_567214268_0,70.0,50.11,47.78,53.65,-19.89
768758525_768758573_0,65.0,48.79,51.66,51.35,-16.21
768758532_768758536_0,65.0,49.04,51.48,52.05,-15.96
768758536_768758539_0,65.0,49.04,50.9,52.1,-15.96
768758536_561443527_0,65.0,50.12,51.48,52.55,-14.88
768758538_768758544_0,65.0,49.3,54.39,51.6,-15.7
768758538_440051052_0,65.0,50.02,55.66,53.85,-14.98
768758539_768758556_0,65.0,48.85,54.89,52.15,-16.15
768758543_567214616_0,65.0,49.41,50.77,50.8,-15.59
768758543_768758525_0,70.0,48.65,50.66,51.2,-21.35
768758544_768758578_0,65.0,49.41,53.17,51.75,-15.59
768758547_768758543_0,65.0,48.72,52.51,52.05,-16.28
768758550_7399136418_0,70.0,50.56,50.37,51.15,-19.44
768758550_567214281_0,70.0,50.63,49.72,50.9,-19.37
768758551_768758532_0,65.0,49.36,51.28,50.75,-15.64
768758551_768758574_0,65.0,49.35,54.25,51.4,-15.65
768758556_768762744_0,70.0,48.81,54.37,52.4,-21.19
768758556_768758547_0,70.0,48.77,51.61,52.15,-21.23
768758573_768758574_0,65.0,49.37,50.88,50.9,-15.63
768758573_768758532_0,70.0,48.95,52.56,51.4,-21.05
768758574_768758538_0,65.0,49.41,53.39,51.65,-15.59
768758577_768758525_0,70.0,48.87,48.75,50.45,-21.13
768758578_597921117_0,65.0,50.7,53.8,51.55,-14.3
768758578_561443707_0,65.0,49.31,54.39,51.45,-15.69
768762730_4209757219_0,65.0,48.07,53.73,53.6,-16.93
768762734_7399136458_0,70.0,48.23,55.35,53.25,-21.77
768762734_768762744_0,70.0,48.13,54.9,53.7,-21.87
768762741_561374816_0,65.0,49.74,56.68,52.7,-15.26
768762741_768762730_0,65.0,48.14,54.22,53.3,-16.86
768762743_768762748_0,65.0,48.05,55.85,53.35,-16.95
768762744_768762741_0,70.0,48.14,52.26,53.65,-21.86
768762748_560570349_0,70.0,49.77,54.47,52.6,-20.23
768762748_768762754_0,70.0,48.03,54.67,53.65,-21.97
768762754_768762734_0,70.0,48.09,54.88,53.45,-21.91
769140886_449834167_0,60.0,51.64,55.03,56.18,-8.36
769140886_449834101_0,60.0,51.41,54.19,55.4,-8.59
769140888_449838702_0,60.0,54.81,59.14,56.7,-5.19
769140888_422871122_0,65.0,56.01,57.82,57.4,-8.99
769140892_561384170_0,65.0,47.5,59.52,54.65,-17.5
769140892_2934091506_0,60.0,48.69,56.44,53.95,-11.31
769140898_1121909818_0,70.0,60.28,60.44,62.1,-9.72
769140898_1121909818_1,70.0,61.86,60.44,62.0,-8.14
769148780_263791162_0,65.0,57.86,60.29,59.95,-7.14
769148780_3722113758_0,65.0,55.71,55.72,59.1,-9.29
769148785_930287844_0,70.0,60.29,69.91,67.5,-9.71
772973986_772973987_0,70.0,60.32,58.16,57.17,-9.68
772973987_267198144_0,75.0,62.89,61.64,62.3,-12.11
772973987_3846575457_0,70.0,59.84,56.99,57.17,-10.16
800418358_263268496_0,75.0,64.34,62.56,64.1,-10.66
800418377_366879567_0,65.0,58.08,56.47,58.97,-6.92
805485272_420533641_0,60.0,60.25,65.57,65.6,0.25
805485300_420534412_0,60.0,60.11,68.54,65.1,0.11
805488926_249746690_0,70.0,60.19,61.19,65.1,-9.81
809615483_1497207156_0,70.0,50.14,57.55,60.35,-19.86
809615483_529120099_0,70.0,50.27,57.38,60.0,-19.73
812173702_306583558_0,60.0,41.93,56.07,56.0,-18.07
812173702_812173763_0,65.0,42.11,56.73,55.95,-22.89
812173705_812173722_0,65.0,43.99,57.87,57.5,-21.01
812173705_1523284312_0,65.0,43.45,58.63,59.75,-21.55
812173722_812173738_0,65.0,43.93,58.12,55.95,-21.07
812173722_2382745218_0,60.0,42.78,61.78,56.02,-17.22
812173727_2382745214_0,60.0,40.07,54.96,52.0,-19.93
812173727_812173754_0,60.0,41.77,55.76,52.6,-18.23
812173731_812173814_0,70.0,56.35,64.54,64.65,-13.65
812173731_6515407254_0,55.0,49.4,65.04,58.7,-5.6
812173731_919915442_0,70.0,55.82,63.86,64.95,-14.18
812173738_2382745214_0,60.0,40.61,58.33,54.95,-19.39
812173738_812173789_0,65.0,43.75,58.77,54.65,-21.25
812173748_919915441_0,65.0,47.16,51.43,55.1,-17.84
812173748_919915438_0,60.0,47.01,56.24,55.85,-12.99
812173754_812173804_0,60.0,41.83,58.93,52.78,-18.17
812173763_812173789_0,65.0,42.68,61.28,56.3,-22.32
812173763_812173702_0,65.0,42.12,56.73,55.95,-22.88
812173763_306583543_0,65.0,42.56,58.75,56.82,-22.44
812173789_812173705_0,65.0,43.82,58.49,56.2,-21.18
812173804_812173702_0,60.0,41.66,55.46,52.1,-18.34
812173804_812173727_0,60.0,41.74,55.71,52.65,-18.26
812173811_5246209880_0,70.0,53.79,64.47,65.55,-16.21
812173811_4487293593_0,60.0,46.05,56.87,57.58,-13.95
812173811_529120077_0,70.0,52.44,64.23,64.5,-17.56
812173814_812173731_0,70.0,56.35,64.54,64.65,-13.65
812173814_529120075_0,70.0,55.36,66.01,64.85,-14.64
812173818_529120122_0,60.0,44.29,52.71,55.25,-15.71
812173818_529120090_0,60.0,44.55,55.18,55.3,-15.45
812173818_529120128_0,65.0,44.48,53.76,54.88,-20.52
815080444_306427397_0,70.0,47.94,57.0,59.8,-22.06
815082339_306427420_0,65.0,50.62,62.6,56.3,-14.38
825340709_5270039766_0,45.0,60.2,61.21,62.55,15.2
825340781_2091486961_0,50.0,58.01,62.88,63.6,8.01
825340781_825340709_0,45.0,60.02,61.82,62.9,15.02
838544087_263710885_0,75.0,65.78,64.83,61.15,-9.22
838544087_484789456_0,75.0,64.62,60.33,60.25,-10.38
838551654_1138865799_0,75.0,67.63,65.22,65.6,-7.37
838551654_1381399721_0,75.0,65.54,64.01,64.05,-9.46
838551654_30389501_0,75.0,66.39,65.8,65.4,-8.61
851411393_851411546_0,70.0,53.42,62.11,60.6,-16.58
851411393_422873329_0,65.0,57.25,63.15,63.75,-7.75
851411403_851411598_0,70.0,57.41,61.39,58.35,-12.59
851411403_851411530_0,70.0,55.11,58.53,57.5,-14.89
851411434_851411526_0,70.0,55.83,58.87,57.7,-14.17
851411434_422875461_0,70.0,58.47,61.29,58.8,-11.53
851411514_1618940758_0,70.0,57.04,59.56,58.75,-12.96
851411514_851411598_0,70.0,53.35,59.36,57.05,-16.65
851411526_851411403_0,65.0,55.14,59.37,57.15,-9.86
851411526_851411403_1,65.0,58.53,59.26,58.8,-6.47
851411530_449840228_0,65.0,55.27,59.7,59.83,-9.73
851411530_851411434_0,70.0,58.45,58.04,58.55,-11.55
851411546_449838232_0,65.0,53.11,59.06,57.35,-11.89
851411546_851411514_0,70.0,56.68,62.31,60.05,-13.32
851411598_449845908_0,65.0,53.39,60.42,57.1,-11.61
851411598_851411393_0,65.0,56.66,61.72,58.65,-8.34
874250443_874252533_0,60.0,46.2,52.81,53.95,-13.8
874252265_1523089093_0,70.0,47.14,55.1,53.95,-22.86
874252265_1386854344_0,65.0,47.38,52.79,53.95,-17.62
874252375_874252265_0,65.0,47.5,52.74,54.15,-17.5
874252406_956262920_0,65.0,46.46,54.27,54.1,-18.54
874252406_874252495_0,60.0,47.12,53.01,54.0,-12.88
874252495_3059637519_0,65.0,46.78,55.17,54.35,-18.22
874252533_874252375_0,55.0,46.79,53.63,53.45,-8.21
887824641_449832540_0,65.0,54.45,54.29,54.95,-10.55
894921907_260550733_0,70.0,64.5,66.05,63.68,-5.5
898165519_265560554_0,65.0,58.2,56.9,57.25,-6.8
898165519_263326086_0,70.0,60.23,60.87,59.05,-9.77
898944331_266186646_0,70.0,60.5,59.65,59.55,-9.5
898944331_249350075_0,65.0,58.91,59.26,59.35,-6.09
898948957_264548458_0,65.0,57.35,54.43,53.85,-7.65
898948957_264548463_0,65.0,57.25,57.56,56.9,-7.75
905343694_905343720_0,45.0,57.87,67.45,63.8,12.87
905345257_905345559_0,45.0,61.8,71.51,66.1,16.8
905345257_1500920265_0,50.0,58.67,71.36,65.6,8.67
905345559_685350408_0,50.0,59.34,70.78,64.4,9.34
905388781_355731814_0,45.0,48.66,68.58,68.55,3.66
905391859_905391871_0,50.0,44.43,62.33,57.1,-5.57
905391859_1519349460_0,50.0,39.6,63.67,56.7,-10.4
905391871_905391878_0,45.0,44.07,63.77,56.5,-0.93
907006267_2973704741_0,70.0,55.88,62.21,59.55,-14.12
907007158_598278234_0,45.0,62.67,66.89,68.1,17.67
907008287_444592550_0,55.0,61.23,59.14,67.5,6.23
907008682_586178067_0,50.0,46.78,50.86,50.2,-3.22
907008830_907008287_0,60.0,61.24,60.9,67.2,1.24
907931541_1444709507_0,50.0,56.19,61.7,57.95,6.19
914720435_626874540_0,65.0,53.72,53.37,53.8,-11.28
914720435_471333685_0,65.0,53.9,53.9,52.35,-11.1
914720437_626874486_0,65.0,54.61,54.41,52.48,-10.39
915372100_249786730_0,75.0,64.17,58.53,64.83,-10.83
915372100_32039356_0,75.0,64.54,58.86,65.1,-10.46
915416074_252658115_0,65.0,53.44,53.79,52.15,-11.56
915416074_915416066_0,60.0,53.36,49.09,51.45,-6.64
915416081_915416074_0,60.0,53.21,50.33,51.3,-6.79
915432910_259483693_0,75.0,60.4,55.63,59.26,-14.6
915432913_915432910_0,75.0,60.49,55.72,59.13,-14.51
915432913_252658075_0,75.0,56.5,53.47,56.93,-18.5
915437377_264045725_0,75.0,56.05,61.97,59.6,-18.95
915437387_915437401_0,65.0,51.7,58.71,54.42,-13.3
915437387_915447760_0,60.0,51.56,50.08,49.8,-8.44
915437396_1126848525_0,75.0,56.66,60.46,60.15,-18.34
915437396_915437401_0,75.0,52.94,56.24,55.87,-22.06
915437401_915437387_0,65.0,51.72,58.71,54.44,-13.28
915437401_1126848525_0,70.0,53.09,55.75,56.52,-16.91
915447760_915447772_0,60.0,51.37,51.52,49.95,-8.63
915447772_915437387_0,60.0,51.54,50.89,49.5,-8.46
915447772_915447760_0,60.0,51.35,50.54,49.9,-8.65
919407407_256128778_0,75.0,63.57,64.02,64.35,-11.43
919407409_956188543_0,70.0,63.61,61.98,65.0,-6.39
919458070_919458073_0,70.0,61.85,63.72,64.5,-8.15
919458070_919676543_0,65.0,64.27,65.23,65.25,-0.73
919458073_427780784_0,65.0,63.91,63.72,64.2,-1.09
919458073_427782432_0,70.0,58.85,63.52,64.8,-11.15
919458075_919458070_0,65.0,64.5,62.08,63.8,-0.5
919458075_427780781_0,70.0,61.75,64.96,65.15,-8.25
919493276_263781671_0,75.0,61.83,62.96,60.78,-13.17
919493276_964637484_0,75.0,62.87,66.57,64.8,-12.13
919531921_369648451_0,55.0,55.16,52.76,51.2,0.16
919531921_611752015_0,60.0,55.22,48.11,51.4,-4.78
919637963_1116354079_0,75.0,63.64,67.13,64.25,-11.36
919637963_263691798_0,75.0,63.48,68.68,64.6,-11.52
919637964_919637969_0,80.0,69.56,67.4,65.05,-10.44
919637964_919637966_0,75.0,63.18,65.0,65.58,-11.82
919637966_4289502667_0,75.0,62.64,64.61,65.3,-12.36
919637966_1116354079_0,75.0,62.63,66.55,64.25,-12.37
919637969_919637963_0,75.0,63.93,66.31,64.25,-11.07
919637969_4819041557_0,80.0,70.09,69.1,65.4,-9.91
919654867_1246744979_0,75.0,66.51,65.27,66.05,-8.49
919671042_256128776_0,75.0,61.22,57.54,59.49,-13.78
919671045_1320176409_0,75.0,60.83,55.21,57.75,-14.17
919671045_919671050_0,70.0,58.11,54.06,57.77,-11.89
919671050_933237464_0,70.0,57.89,57.52,56.67,-12.11
919671050_919671060_0,70.0,57.71,56.46,57.7,-12.29
919671060_4396699735_0,75.0,60.46,58.43,59.07,-14.54
919676514_427780784_0,70.0,59.44,64.07,65.25,-10.56
919676518_427785320_0,55.0,63.65,68.67,69.4,8.65
919676523_919458075_0,60.0,64.23,63.43,64.3,4.23
919676543_1488902443_0,50.0,63.28,69.12,68.4,13.28
919682876_1129767831_0,75.0,58.74,55.62,60.77,-16.26
919682876_6610976728_0,70.0,56.87,61.67,65.0,-13.13
919682876_1444709631_0,75.0,58.25,55.2,60.87,-16.75
919682879_1129767831_0,75.0,58.95,57.5,60.47,-16.05
919682879_919682880_0,75.0,58.5,56.04,60.97,-16.5
919682880_919682882_0,75.0,53.37,58.29,59.1,-21.63
919682880_264117310_0,75.0,60.43,57.63,60.25,-14.57
919682880_919682879_0,75.0,58.5,56.04,60.97,-16.5
919682881_2383665465_0,70.0,56.83,59.45,59.62,-13.17
919682881_310241632_0,70.0,54.45,57.8,59.87,-15.55
919682882_4006567268_0,70.0,50.89,58.44,58.17,-19.11
919682882_4902847918_0,60.0,54.19,59.55,63.75,-5.81
919688442_387126681_0,70.0,62.49,61.57,60.65,-7.51
919718420_263701677_0,70.0,64.66,64.85,65.55,-5.34
919718420_1062619959_0,75.0,67.14,65.94,65.25,-7.86
919718443_4671060097_0,75.0,61.28,62.57,62.2,-13.72
919718443_919718420_0,75.0,67.23,66.24,65.05,-7.77
919729652_296465806_0,70.0,58.12,58.57,59.87,-11.88
919729653_919729662_0,75.0,59.69,64.41,59.8,-15.31
919729653_919729664_0,75.0,65.23,67.55,65.0,-9.77
919729654_263695628_0,75.0,58.69,61.69,61.3,-16.31
919729654_1124792383_0,75.0,64.9,64.51,63.6,-10.1
919729655_263695697_0,75.0,60.84,64.32,62.0,-14.16
919729655_919718443_0,75.0,65.9,65.86,65.25,-9.1
919729662_919729652_0,70.0,58.99,60.5,59.85,-11.01
919729662_274103533_0,75.0,66.11,66.91,65.15,-8.89
919729664_919729666_0,80.0,66.28,68.95,65.0,-13.72
919729664_274103537_0,75.0,62.83,64.85,64.95,-12.17
919729665_263695677_0,65.0,55.97,49.56,57.15,-9.03
919729666_259474530_0,80.0,63.94,66.26,65.3,-16.06
919729666_919729654_0,75.0,64.65,65.23,64.7,-10.35
919731542_919729653_0,75.0,65.51,66.92,65.6,-9.49
919731542_1332252004_0,70.0,60.02,63.08,60.55,-9.98
919731543_248932620_0,70.0,58.6,64.61,61.95,-11.4
919731543_919731544_0,75.0,65.79,69.66,65.91,-9.21
919731544_919731542_0,75.0,66.09,69.13,65.1,-8.91
919731544_248932628_0,75.0,63.84,70.71,66.0,-11.16
919736299_965819364_0,75.0,60.66,64.71,59.4,-14.34
919849176_264117336_0,75.0,59.76,59.94,64.8,-15.24
919849176_919849177_0,65.0,50.53,55.67,56.8,-14.47
919849176_264117347_0,75.0,58.01,57.63,59.72,-16.99
919849177_4740623760_0,60.0,49.4,51.96,55.9,-10.6
919849177_919849178_0,65.0,50.34,61.4,58.9,-14.66
919849178_264117330_0,75.0,56.93,61.35,65.55,-18.07
919893365_264272415_0,70.0,56.68,58.03,59.35,-13.32
919893365_919893368_0,65.0,56.62,50.13,59.7,-8.38
919893368_919893365_1,65.0,56.62,50.13,59.7,-8.38
919893368_264272423_0,65.0,55.96,51.39,59.95,-9.04
919893383_529120154_0,70.0,48.08,54.77,56.35,-21.92
919904691_12797932721_0,70.0,46.95,55.32,56.5,-23.05
919904691_919904695_0,65.0,46.65,55.49,57.1,-18.35
919904693_6519091322_0,70.0,47.5,56.53,57.1,-22.5
919904695_529120119_0,65.0,45.2,53.63,56.05,-19.8
919904695_529120140_0,70.0,45.6,55.96,56.7,-24.4
919907254_1497207162_0,65.0,43.54,57.4,57.6,-21.46
919911327_529120126_0,60.0,44.21,51.84,55.4,-15.79
919911327_6270440636_0,65.0,44.01,56.13,55.45,-20.99
919911330_5246209880_0,70.0,53.1,62.64,64.55,-16.9
919911330_11225113691_0,70.0,52.55,58.94,60.2,-17.45
919911336_919911344_0,60.0,44.53,51.47,55.75,-15.47
919911336_529120105_0,60.0,44.93,52.72,56.32,-15.07
919911337_529120138_0,65.0,43.77,54.7,57.03,-21.23
919911344_919911336_0,60.0,44.53,51.47,55.75,-15.47
919915437_919915438_0,55.0,47.35,54.86,55.42,-7.65
919915437_919915441_0,60.0,47.52,55.31,55.82,-12.48
919915438_812173814_0,55.0,48.4,56.23,58.07,-6.6
919915441_529120017_0,60.0,47.64,50.19,55.9,-12.36
919915442_919915437_0,55.0,48.45,58.21,58.67,-6.55
919915442_3681386895_0,70.0,56.02,64.85,65.15,-13.98
919915442_812173731_0,70.0,55.82,63.86,64.95,-14.18
920361319_297503120_0,80.0,59.42,61.45,60.25,-20.58
920361319_265560301_0,75.0,63.65,66.58,64.1,-11.35
920423816_956689420_0,75.0,61.68,62.31,63.72,-13.32
921128136_296392079_0,70.0,63.11,59.22,63.4,-6.89
921128137_921188564_0,75.0,64.9,63.31,65.9,-10.1
921128137_921128141_0,75.0,64.41,63.38,66.3,-10.59
921128137_1976553969_0,70.0,64.76,63.61,65.55,-5.24
921128141_263373092_0,75.0,63.02,59.46,65.2,-11.98
921128142_1976554040_0,70.0,63.02,61.44,65.15,-6.98
921128143_921128153_0,75.0,63.71,62.48,64.5,-11.29
921128147_921128156_0,70.0,62.49,66.34,64.85,-7.51
921128152_921128240_0,70.0,63.05,63.59,65.3,-6.95
921128153_921128136_0,70.0,63.23,63.11,63.6,-6.77
921128153_921128142_0,70.0,63.57,62.53,64.8,-6.43
921128156_921128136_0,70.0,62.73,63.51,63.5,-7.27
921128156_296403298_0,65.0,57.43,55.97,57.45,-7.57
921128235_1976554037_0,70.0,62.98,65.56,64.85,-7.02
921128240_921188562_0,70.0,63.46,60.67,66.35,-6.54
921188562_921128137_0,70.0,64.42,61.68,65.95,-5.58
921188562_921128141_0,70.0,63.5,61.32,65.8,-6.5
921188564_263698435_0,75.0,65.2,62.24,65.35,-9.8
922790550_1619563083_0,75.0,64.73,68.95,65.1,-10.27
923085379_923106369_0,65.0,54.31,57.76,59.0,-10.69
923085379_1424278906_0,65.0,53.07,55.07,57.1,-11.93
923085389_428793702_0,70.0,57.04,63.96,63.25,-12.96
923085395_1246618701_0,60.0,52.94,56.73,56.72,-7.06
923085395_923085421_0,65.0,53.09,53.93,56.77,-11.91
923085421_923085423_0,60.0,53.44,58.53,58.1,-6.56
923085421_1455377775_0,60.0,52.67,56.77,55.45,-7.33
923085423_923273322_0,65.0,53.6,59.23,59.2,-11.4
923085423_923085425_0,65.0,54.18,57.63,58.8,-10.82
923085425_923085395_0,60.0,53.72,58.33,57.3,-6.28
923085425_1427158942_0,65.0,53.73,55.15,55.17,-11.27
923085426_923085431_0,60.0,54.16,52.88,55.58,-5.84
923085426_666992568_0,60.0,54.18,56.86,55.4,-5.82
923085428_923085379_0,65.0,54.74,54.14,58.04,-10.26
923085428_923273331_0,60.0,53.72,56.59,55.47,-6.28
923085431_428927095_0,60.0,54.99,55.4,58.3,-5.01
923106363_1424278924_0,60.0,53.99,57.46,57.99,-6.01
923106363_923085428_0,65.0,54.05,57.12,55.7,-10.95
923106369_666992567_0,60.0,54.66,56.5,57.94,-5.34
923106369_923106363_0,65.0,54.39,54.42,58.24,-10.61
923152996_1424278920_0,65.0,53.72,52.51,54.28,-11.28
923152996_287588376_0,65.0,55.51,63.23,61.85,-9.49
923273322_641359121_0,45.0,51.05,54.7,55.55,6.05
923273322_923085379_0,65.0,53.62,56.42,59.35,-11.38
923273331_923085425_0,60.0,53.64,57.46,55.95,-6.36
923356364_1246618253_0,70.0,64.76,59.13,65.6,-5.24
923356364_263336619_0,70.0,64.89,61.89,65.4,-5.11
923356367_263336621_0,65.0,61.56,60.6,60.55,-3.44
923356370_428788511_0,60.0,55.83,54.95,57.08,-4.17
923356370_923356367_0,70.0,56.04,55.61,57.28,-13.96
923356370_4452519920_0,70.0,61.44,66.5,64.8,-8.56
926970844_427777345_0,60.0,55.16,56.54,57.2,-4.84
926970846_425967520_0,60.0,56.52,58.43,58.2,-3.48
926970848_425984236_0,50.0,55.65,57.89,56.4,5.65
926970849_427777345_0,65.0,56.85,58.49,57.15,-8.15
926970849_427777226_0,60.0,56.81,60.25,58.25,-3.19
926970855_425984236_0,50.0,54.64,52.82,53.15,4.64
926997683_425971770_0,70.0,56.85,60.46,58.7,-13.15
926997691_425971746_0,65.0,58.27,63.47,59.2,-6.73
926997696_427782436_0,70.0,58.08,59.0,60.4,-11.92
926997700_441389576_0,55.0,63.09,69.23,68.95,8.09
926997700_926997706_0,60.0,56.58,67.68,67.21,-3.42
926997706_2052937337_0,60.0,56.43,59.6,55.65,-3.57
926997706_441389576_0,60.0,56.7,65.14,66.91,-3.3
926997721_625954310_0,65.0,57.44,59.39,59.55,-7.56
926997721_926997683_0,55.0,55.46,61.01,57.25,0.46
927035610_1383274408_0,50.0,56.56,57.92,58.25,6.56
927035610_927035642_0,60.0,55.06,57.2,58.2,-4.94
927035642_427779815_0,55.0,54.54,54.4,55.72,-0.46
927035642_427782372_0,65.0,54.92,54.13,56.9,-10.08
927035654_4636137639_0,55.0,51.6,46.66,50.06,-3.4
927052196_927052207_0,45.0,54.56,48.78,50.25,9.56
927052207_425984686_0,65.0,54.66,53.98,56.0,-10.34
927147760_422902805_0,65.0,52.42,55.32,56.2,-12.58
927147760_1720906646_0,60.0,51.19,56.83,55.45,-8.81
927147764_422896930_0,60.0,51.34,55.49,56.6,-8.66
927147786_1618940747_0,65.0,53.19,58.38,59.45,-11.81
927147786_422898634_0,65.0,52.95,58.16,59.75,-12.05
927147789_927147786_0,65.0,53.06,58.8,59.6,-11.94
927147789_422905350_0,60.0,52.36,55.85,58.15,-7.64
927147789_1424313785_0,65.0,51.82,57.29,57.25,-13.18
927147791_1423321520_0,65.0,52.22,55.76,55.12,-12.78
927147791_928227192_0,65.0,53.19,59.86,57.82,-11.81
927147793_425989698_0,60.0,54.54,49.55,50.25,-5.46
927147793_2026401402_0,60.0,54.7,54.23,51.15,-5.3
927780730_2609492777_0,60.0,52.94,49.5,48.9,-7.06
927780739_2026401429_0,65.0,58.8,61.59,58.95,-6.2
927780739_425967591_0,70.0,59.35,61.83,59.65,-10.65
928221890_1720906644_0,65.0,50.67,55.24,54.85,-14.33
928221893_422898635_0,60.0,51.34,53.72,56.55,-8.66
928221893_1618940743_0,60.0,50.81,54.1,54.3,-9.19
928227184_422896577_0,70.0,56.94,62.0,60.0,-13.06
928227184_928227187_0,65.0,53.62,60.45,59.8,-11.38
928227186_422896920_0,65.0,52.59,54.63,55.9,-12.41
928227187_422896920_0,65.0,53.48,60.16,59.55,-11.52
928227192_928227186_0,65.0,52.71,58.56,56.07,-12.29
928227192_421782092_0,65.0,53.96,61.08,59.25,-11.04
929285379_471513581_0,65.0,47.05,51.98,50.2,-17.95
929285381_471513564_0,65.0,46.76,45.95,48.6,-18.24
929285385_1846155363_0,65.0,47.24,51.25,50.1,-17.76
929285385_471513356_0,65.0,46.7,49.16,50.8,-18.3
929285398_929285379_0,65.0,46.7,48.31,49.5,-18.3
929287675_315059141_0,70.0,52.17,62.75,61.8,-17.83
929287678_1843359493_0,65.0,47.75,51.79,50.85,-17.25
930272920_523776101_0,75.0,61.13,58.39,58.75,-13.87
930272922_930272937_0,75.0,61.41,58.24,56.35,-13.59
930272922_4108110897_0,70.0,61.11,55.48,55.95,-8.89
930272937_523795127_0,75.0,64.96,64.19,59.85,-10.04
930272937_4108110896_0,75.0,64.84,57.85,60.42,-10.16
930287844_524680427_0,70.0,60.9,72.12,67.25,-9.1
930287844_524680789_0,70.0,60.4,68.85,66.8,-9.6
930287847_249090156_0,70.0,66.02,71.84,68.6,-3.98
930287854_5774532017_0,75.0,66.69,62.92,65.1,-8.31
930287854_13418778016_0,75.0,66.67,64.81,65.2,-8.33
930287875_930287899_0,70.0,60.47,65.55,60.8,-9.53
930287875_264532974_0,70.0,60.27,64.02,60.9,-9.73
930287877_930287875_0,70.0,60.29,68.05,67.2,-9.71
930287880_473192853_0,70.0,60.78,68.7,68.0,-9.22
930287880_930287847_0,70.0,60.37,68.98,67.85,-9.63
930287899_960118869_0,70.0,66.68,63.03,61.55,-3.32
930287913_930287877_0,70.0,60.27,66.21,66.8,-9.73
930287913_930287899_0,70.0,66.63,72.5,68.05,-3.37
930287924_473191119_0,70.0,60.68,65.0,66.8,-9.32
930387717_243466467_0,60.0,56.95,56.11,58.78,-3.05
930387717_243466456_0,65.0,56.99,54.91,56.3,-8.01
930932674_523772268_0,70.0,59.92,56.8,53.8,-10.08
930932674_930932677_0,70.0,60.09,55.93,57.32,-9.91
930932677_524681801_0,70.0,59.99,56.59,57.72,-10.01
931001859_931001960_0,70.0,58.77,56.26,55.25,-11.23
931001859_444585054_0,70.0,58.85,55.51,54.35,-11.15
931001881_931001893_0,70.0,60.05,57.69,56.3,-9.95
931001881_2349451773_0,70.0,60.05,58.08,56.4,-9.95
931001883_3890758958_0,60.0,57.84,60.96,53.3,-2.16
931001883_444585054_0,70.0,58.32,57.11,54.3,-11.68
931001883_931049786_0,70.0,58.29,59.74,54.25,-11.71
931001893_1490307239_0,70.0,59.06,56.14,55.0,-10.94
931001916_931001859_0,70.0,58.75,57.07,54.6,-11.25
931001916_931001960_0,75.0,58.83,56.8,55.0,-16.17
931001960_264535902_0,75.0,58.73,57.22,55.4,-16.27
931049702_471339755_0,70.0,58.12,52.46,52.8,-11.88
931049730_976150156_0,70.0,58.22,55.0,53.4,-11.78
931049730_471341070_0,70.0,58.25,55.01,53.55,-11.75
931049757_931049702_0,70.0,58.18,52.81,53.6,-11.82
931049757_976150156_0,70.0,58.1,54.01,53.15,-11.9
931049786_471341082_0,70.0,58.15,53.96,52.65,-11.85
931049786_931001883_0,70.0,58.27,59.83,54.2,-11.73
931049786_523773470_0,70.0,58.66,58.24,54.9,-11.34
931049789_976150156_0,70.0,58.13,55.56,53.0,-11.87
931049789_471340623_0,70.0,58.16,54.73,52.85,-11.84
931566815_631823271_0,65.0,59.86,62.5,62.1,-5.14
931582264_932312642_0,70.0,59.95,52.29,56.97,-10.05
931582264_471341258_0,70.0,59.68,54.42,53.75,-10.32
931582270_930932677_0,70.0,59.86,55.03,53.45,-10.14
931582270_930932674_0,70.0,59.89,54.82,53.85,-10.11
931620739_1068492408_0,70.0,60.11,55.93,56.8,-9.89
931620739_939964968_0,70.0,57.07,54.98,56.35,-12.93
931788452_931799509_0,55.0,55.13,56.58,56.8,0.13
931788462_931788452_0,55.0,54.97,56.01,55.82,-0.03
931798221_931788462_0,60.0,54.9,53.42,56.43,-5.1
931798221_265560587_0,65.0,55.23,56.36,57.18,-9.77
931799509_931804637_0,65.0,54.95,56.26,56.18,-10.05
931799509_931788462_0,55.0,54.7,53.11,54.34,-0.3
931804637_265560587_0,65.0,56.58,59.46,57.47,-8.42
931844142_249082555_0,70.0,62.8,64.24,59.95,-7.2
931844142_2967961972_0,70.0,57.94,61.0,57.45,-12.06
931852381_931852389_0,55.0,56.83,55.64,54.65,1.83
931852381_616518561_0,55.0,56.88,56.35,54.95,1.88
931852389_297333616_0,65.0,56.86,59.91,57.85,-8.14
931859223_297333613_0,65.0,56.92,57.36,57.65,-8.08
931859239_931859223_0,70.0,56.84,55.33,57.1,-13.16
931859239_297333618_0,70.0,56.78,57.08,57.3,-13.22
931873378_931873391_0,60.0,53.49,54.68,58.05,-6.51
931873378_1448135703_0,65.0,54.24,51.61,50.86,-10.76
931873391_265563618_0,70.0,57.5,59.88,59.3,-12.5
931884822_265563600_0,65.0,54.29,48.31,50.7,-10.71
931884840_931884822_0,55.0,52.37,48.91,49.61,-2.63
931884840_762058872_0,60.0,53.89,50.37,49.9,-6.11
931895490_931895490_0,55.0,55.37,53.19,54.95,0.37
931895490_4526585100_0,65.0,55.33,56.63,56.95,-9.67
932312616_297340096_0,70.0,60.61,60.21,57.5,-9.39
932312617_471339973_0,70.0,58.8,53.03,55.1,-11.2
932312622_932312658_0,70.0,60.29,58.3,53.8,-9.71
932312622_387126685_0,70.0,60.31,59.1,53.4,-9.69
932312627_932312651_0,70.0,59.54,54.82,53.7,-10.46
932312632_932312616_0,70.0,60.09,56.94,53.55,-9.91
932312632_387126708_0,70.0,60.08,58.06,54.15,-9.92
932312642_932312644_0,70.0,60.34,58.56,58.32,-9.66
932312644_932312627_0,70.0,60.02,56.86,53.9,-9.98
932312644_387126701_0,70.0,60.37,59.03,57.95,-9.63
932312650_932312655_0,70.0,60.35,59.21,53.5,-9.65
932312650_387126709_0,70.0,60.66,61.38,57.75,-9.34
932312651_932312642_0,65.0,59.56,55.78,54.4,-5.44
932312651_387126703_0,70.0,58.93,52.13,52.85,-11.07
932312653_932312617_0,70.0,58.76,52.86,55.2,-11.24
932312653_2079850011_0,70.0,58.61,53.71,54.1,-11.39
932312655_387126501_0,70.0,60.67,65.75,60.9,-9.33
932312658_471341258_0,70.0,60.49,60.09,57.88,-9.51
932346666_355740411_0,70.0,55.89,56.79,58.35,-14.11
932346666_12460748834_0,65.0,55.9,55.13,57.45,-9.1
932354552_213741569_0,70.0,58.29,62.67,59.65,-11.71
932354552_213741585_0,70.0,58.39,61.5,60.2,-11.61
932354552_213741669_0,65.0,56.9,61.25,57.75,-8.1
932354556_1037367282_0,70.0,58.09,59.29,58.9,-11.91
932354556_213741544_0,70.0,58.29,60.47,59.1,-11.71
932851949_445852914_0,75.0,59.85,60.51,60.3,-15.15
932851949_471792511_0,70.0,63.12,60.43,60.55,-6.88
933237411_919671042_0,70.0,60.97,58.57,59.19,-9.03
933237416_933237464_0,65.0,57.3,57.29,57.39,-7.7
933237416_4551425475_0,65.0,57.48,58.72,58.52,-7.52
933237464_933237416_0,65.0,57.3,57.29,57.39,-7.7
933237464_919671050_0,70.0,57.89,57.52,56.67,-12.11
933237464_445852761_0,70.0,57.78,57.66,56.99,-12.22
933272792_932851949_0,75.0,63.72,60.77,59.5,-11.28
933299390_3263714563_0,75.0,62.89,64.68,64.1,-12.11
933299390_933299397_0,75.0,65.13,61.86,65.35,-9.87
933299393_614632703_0,75.0,63.06,63.51,64.2,-11.94
933299393_995592383_0,75.0,65.06,63.0,65.4,-9.94
933299397_290381172_0,75.0,64.95,61.99,65.45,-10.05
933299397_933299393_0,75.0,63.06,63.39,64.5,-11.94
933317779_933317818_0,75.0,64.5,63.39,65.2,-10.5
933317779_252820992_0,75.0,64.74,65.5,65.6,-10.26
933317794_249788233_0,75.0,64.19,66.33,64.7,-10.81
933317794_995592397_0,75.0,62.51,61.24,65.05,-12.49
933317800_995592395_0,75.0,61.77,63.23,65.8,-13.23
933317800_249788225_0,75.0,62.79,65.95,65.7,-12.21
933317818_995592399_0,75.0,65.09,63.46,64.9,-9.91
933317818_995592400_0,75.0,63.34,67.41,64.45,-11.66
933317822_995592380_0,75.0,64.13,63.79,64.95,-10.87
933317822_248956777_0,75.0,64.04,62.6,65.9,-10.96
933317842_933317800_0,75.0,63.31,65.39,65.6,-11.69
933317842_248951090_0,70.0,64.24,65.42,65.25,-5.76
933399643_1270508659_0,55.0,53.03,48.53,47.1,-1.97
933399643_933399737_0,55.0,53.11,47.77,47.45,-1.89
933399737_933399643_0,55.0,52.88,48.12,48.0,-2.12
933480040_2357378479_0,70.0,56.39,57.38,58.45,-13.61
933480056_933480058_0,75.0,57.92,62.75,58.47,-17.08
933480058_933480070_0,70.0,57.08,64.04,58.44,-12.92
933480070_626876171_0,70.0,56.33,61.44,56.65,-13.67
933480070_471784733_0,70.0,56.61,62.18,57.62,-13.39
933480100_471784714_0,60.0,50.04,54.5,50.6,-9.96
933525773_626875229_0,45.0,42.97,41.92,45.98,-2.03
933525773_626875316_0,45.0,42.97,42.61,45.88,-2.03
933525773_933525793_0,50.0,42.8,43.4,43.98,-7.2
933525777_626875341_0,60.0,44.11,47.94,48.97,-15.89
933525777_626875314_0,60.0,44.26,47.52,48.97,-15.74
933525777_933525797_0,50.0,42.66,42.31,44.85,-7.34
933525780_626875314_0,60.0,44.48,47.55,48.97,-15.52
933525780_626875299_0,65.0,44.58,47.68,49.37,-20.42
933525780_933525793_0,50.0,42.98,42.77,44.68,-7.02
933525782_626875332_0,50.0,42.61,39.69,44.13,-7.39
933525782_626875328_0,50.0,42.45,42.25,43.93,-7.55
933525782_933525803_0,50.0,42.31,43.9,43.78,-7.69
933525784_626875321_0,60.0,44.57,45.33,43.5,-15.43
933525784_626875299_0,60.0,44.58,40.64,43.7,-15.42
933525784_933525793_0,45.0,43.23,46.4,43.65,-1.77
933525790_626875201_0,60.0,43.25,44.91,42.88,-16.75
933525790_626875182_0,60.0,43.33,45.65,43.13,-16.67
933525790_933525834_0,50.0,41.45,43.88,43.85,-8.55
933525793_933525773_0,50.0,42.8,43.4,43.98,-7.2
933525793_9939156292_0,55.0,42.54,41.86,44.13,-12.46
933525793_933525780_0,50.0,42.98,42.77,44.68,-7.02
933525793_933525784_0,45.0,43.23,46.4,43.65,-1.77
933525794_626875167_0,60.0,43.57,44.9,43.98,-16.43
933525794_626875348_0,60.0,43.69,45.29,44.28,-16.31
933525794_933525815_0,50.0,41.92,42.39,44.5,-8.08
933525797_626875316_0,45.0,42.78,42.45,44.18,-2.22
933525797_626875332_0,45.0,42.77,42.19,44.43,-2.23
933525797_933525777_0,50.0,42.66,42.31,44.85,-7.34
933525801_626875182_0,60.0,43.4,45.68,43.23,-16.6
933525801_626875167_0,60.0,43.51,46.54,43.43,-16.49
933525801_933525822_0,50.0,41.65,42.79,44.05,-8.35
933525803_626875347_0,60.0,43.82,47.91,48.77,-16.18
933525803_626875341_0,60.0,43.97,47.91,48.92,-16.03
933525803_933525782_0,50.0,42.31,43.9,43.78,-7.69
933525815_626875161_0,60.0,43.4,47.93,47.52,-16.6
933525815_626875347_0,60.0,43.53,48.38,48.37,-16.47
933525815_933525794_0,50.0,41.92,42.39,44.5,-8.08
933525818_626875348_0,60.0,43.98,45.92,43.93,-16.02
933525818_626875214_0,60.0,43.95,45.31,43.88,-16.05
933525818_933525823_0,55.0,42.24,43.39,43.78,-12.76
933525822_626875180_0,65.0,43.14,43.35,46.38,-21.86
933525822_626875161_0,65.0,43.23,45.79,47.38,-21.77
933525822_933525801_0,50.0,41.65,42.79,44.05,-8.35
933525823_626875208_0,50.0,42.32,41.67,44.13,-7.68
933525823_626875225_0,50.0,42.44,42.13,43.93,-7.56
933525823_933525818_0,55.0,42.24,43.39,43.78,-12.76
933525834_626875194_0,60.0,43.07,43.27,44.38,-16.93
933525834_626875180_0,60.0,43.13,42.37,45.0,-16.87
933525834_933525790_0,50.0,41.45,43.88,43.85,-8.55
933830892_933831154_0,60.0,53.18,51.39,54.0,-6.82
933830892_263853980_0,60.0,54.25,53.61,53.65,-5.75
933830892_1843359521_0,65.0,54.65,56.57,56.5,-10.35
933830896_933830996_0,50.0,49.19,48.09,47.45,-0.81
933830896_933831131_0,55.0,48.85,46.97,47.55,-6.15
933830896_1843359584_0,50.0,48.55,47.17,47.15,-1.45
933830996_933830896_0,50.0,49.19,48.09,47.45,-0.81
933830996_933831125_0,55.0,48.82,45.95,47.5,-6.18
933830996_933831154_0,50.0,51.28,50.55,52.25,1.28
933831000_564309285_0,55.0,50.3,44.55,47.92,-4.7
933831000_1843359501_0,55.0,49.93,46.38,48.0,-5.07
933831000_933831131_0,50.0,49.37,46.51,47.7,-0.63
933831125_933830996_0,55.0,48.82,45.95,47.5,-6.18
933831125_933831174_0,55.0,50.79,53.16,50.62,-4.21
933831125_933831174_1,55.0,50.74,53.09,50.22,-4.26
933831125_1843359507_0,50.0,47.57,39.67,41.75,-2.43
933831131_933830896_0,55.0,48.85,46.97,47.55,-6.15
933831131_933831000_0,50.0,49.37,46.51,47.7,-0.63
933831131_1843359584_0,50.0,48.5,46.15,47.6,-1.5
933831134_1843359569_0,55.0,46.9,41.0,41.25,-8.1
933831134_933831154_0,55.0,50.14,47.66,50.55,-4.86
933831134_1843359633_0,50.0,46.47,38.62,40.47,-3.53
933831154_933831134_0,55.0,50.14,47.66,50.55,-4.86
933831154_933830892_0,60.0,53.18,51.39,54.0,-6.82
933831154_933830996_0,50.0,51.28,50.55,52.25,1.28
933831174_263853980_0,60.0,53.28,51.44,53.55,-6.72
933831174_933831125_0,55.0,50.85,53.03,50.72,-4.15
933831174_933831125_1,55.0,50.74,53.09,50.22,-4.26
933907013_297326158_0,75.0,64.08,62.34,60.35,-10.92
933975851_263301822_0,80.0,61.63,62.31,61.75,-18.37
933975851_264103252_0,75.0,62.45,63.79,63.7,-12.55
933975856_264103252_0,75.0,63.44,62.18,64.1,-11.56
933975856_290374783_0,75.0,63.19,64.22,64.7,-11.81
934030429_934030483_0,75.0,61.91,59.82,59.4,-13.09
934030429_265560566_0,65.0,57.76,59.26,57.75,-7.24
934030429_265560384_0,75.0,61.02,58.07,59.2,-13.98
934030430_8897307193_0,75.0,61.8,62.38,61.65,-13.2
934030430_252406080_0,75.0,62.1,61.55,62.1,-12.9
934030442_264100096_0,75.0,65.51,62.02,64.7,-9.49
934030442_268631676_0,75.0,64.99,60.47,63.3,-10.01
934030443_243066413_0,70.0,60.85,65.04,61.28,-9.15
934030443_263324325_0,75.0,61.58,67.05,60.55,-13.42
934030451_358197195_0,65.0,58.35,58.14,56.25,-6.65
934030451_265026993_0,75.0,61.1,60.99,60.08,-13.9
934030451_5272477533_0,75.0,61.51,62.74,60.05,-13.49
934030466_5272477533_0,75.0,61.78,61.05,60.0,-13.22
934030466_287940730_0,75.0,62.25,62.16,59.15,-12.75
934030466_265560573_0,65.0,58.05,56.74,56.95,-6.95
934030483_934030429_0,75.0,61.91,59.82,59.4,-13.09
934030483_265560405_0,65.0,57.48,57.8,56.65,-7.52
934030483_265560570_0,75.0,61.48,58.79,59.8,-13.52
934038226_263313558_0,75.0,63.84,61.75,64.4,-11.16
934038227_252408908_0,75.0,62.12,56.3,60.25,-12.88
934038228_937865222_0,70.0,61.17,59.53,58.5,-8.83
935576593_935576629_0,70.0,59.41,59.3,59.75,-10.59
935576593_264100158_0,70.0,61.61,62.18,61.6,-8.39
935576629_264098978_0,70.0,58.95,61.07,59.5,-11.05
935576643_1068492364_0,75.0,64.22,66.46,64.05,-10.78
935576643_264099773_0,75.0,63.72,63.1,63.4,-11.28
935586022_935586023_0,70.0,57.09,58.58,55.62,-12.91
935586022_264098978_0,70.0,57.92,59.71,55.9,-12.08
935586023_935576643_0,70.0,58.18,66.22,62.25,-11.82
935991476_265560296_0,75.0,62.81,60.96,62.0,-12.19
935991476_4865256995_0,75.0,62.61,63.61,61.35,-12.39
936032862_265560271_0,70.0,58.03,59.19,60.85,-11.97
936032862_265560275_0,70.0,57.66,59.34,61.2,-12.34
936038098_265560659_0,65.0,58.1,58.16,57.35,-6.9
936038100_265560689_0,65.0,57.73,58.78,57.55,-7.27
936038102_3094916259_0,65.0,58.12,57.04,56.95,-6.88
936038102_936038098_0,60.0,57.68,58.53,58.28,-2.32
936038109_936038098_0,65.0,57.57,55.91,57.0,-7.43
936038109_936038100_0,55.0,57.77,52.52,56.95,2.77
936040636_265560620_0,70.0,60.4,62.05,61.35,-9.6
936040636_265043716_0,70.0,57.39,62.4,59.9,-12.61
937768156_249319623_0,75.0,62.61,67.48,64.7,-12.39
937768156_1619562982_0,80.0,66.47,65.9,65.05,-13.53
937768172_250171992_0,75.0,64.3,61.52,63.5,-10.7
937768174_937768172_0,75.0,62.56,64.97,61.0,-12.44
937768174_1616939595_0,75.0,62.81,63.67,64.55,-12.19
937768178_252406072_0,75.0,62.43,63.56,63.75,-12.57
937768178_937768156_0,75.0,62.38,61.7,60.65,-12.62
937794377_263781652_0,65.0,59.6,60.08,57.9,-5.4
937794377_263703323_0,75.0,63.92,61.72,62.77,-11.08
937794377_263703319_0,75.0,64.1,61.89,62.82,-10.9
937794396_263703323_0,75.0,63.45,63.66,63.05,-11.55
937794396_156334206_0,75.0,63.91,68.35,66.1,-11.09
937805408_263698482_0,75.0,62.38,65.02,65.6,-12.62
937816842_2973004339_0,75.0,58.41,65.92,63.7,-16.59
937816842_1246745166_0,75.0,65.0,66.39,66.0,-10.0
937816843_937816842_0,75.0,65.51,66.71,66.26,-9.49
937816848_248951009_0,70.0,58.82,66.25,63.2,-11.18
937816848_937816850_0,75.0,64.97,65.31,63.4,-10.03
937816850_1246618653_0,75.0,65.22,64.93,64.2,-9.78
937843926_266328896_0,85.0,68.73,66.63,65.25,-16.27
937843926_265041515_0,70.0,61.15,64.02,62.8,-8.85
937843926_937843932_0,80.0,67.56,63.89,64.6,-12.44
937843932_265041515_0,65.0,60.3,64.5,60.4,-4.7
937843932_249350242_0,80.0,67.31,63.61,61.9,-12.69
937843932_937843926_0,80.0,67.56,63.89,64.65,-12.44
937865222_41145818_0,75.0,64.03,67.65,63.85,-10.97
938867540_59747939_0,75.0,61.5,63.67,62.8,-13.5
938867543_32127193_0,75.0,62.1,62.09,63.45,-12.9
938876227_30575140_0,75.0,57.84,56.39,58.42,-17.16
938876227_249350078_0,75.0,61.83,60.65,62.65,-13.17
939079558_30575327_0,75.0,62.53,61.79,64.03,-12.47
939079558_263695640_0,75.0,60.74,61.22,62.0,-14.26
939079559_30575332_0,75.0,63.24,60.72,64.68,-11.76
939079559_259476739_0,75.0,62.57,60.97,64.43,-12.43
939084185_30575327_0,75.0,61.04,60.87,62.62,-13.96
939099173_4147880902_0,75.0,66.12,63.7,64.75,-8.88
939099173_260548849_0,75.0,66.02,63.78,65.6,-8.98
939246879_264528882_0,80.0,61.69,63.9,61.55,-18.31
939268362_1124685346_0,70.0,63.17,64.74,64.0,-6.83
939268362_265560694_0,70.0,58.3,62.31,56.95,-11.7
939268375_4730591553_0,70.0,62.72,65.61,64.25,-7.28
939268375_631809882_0,75.0,60.77,65.86,63.7,-14.23
939273105_527858681_0,70.0,60.7,56.06,60.05,-9.3
939273105_472310354_0,70.0,63.89,61.58,62.53,-6.11
939274144_248956767_0,75.0,66.78,64.35,64.25,-8.22
939274144_307338077_0,75.0,66.22,61.86,61.5,-8.78
939285554_628109291_0,80.0,63.12,67.99,64.75,-16.88
939285554_265041498_0,80.0,68.48,67.07,65.35,-11.52
939964968_6515317268_0,70.0,57.47,53.47,55.75,-12.53
939964968_297326059_0,70.0,60.23,56.09,57.85,-9.77
939968284_614631968_0,75.0,58.91,57.64,58.33,-16.09
940808243_1859995647_0,70.0,63.57,63.38,63.9,-6.43
940808245_243066344_0,75.0,63.57,61.84,63.9,-11.43
940808245_243066379_0,75.0,63.46,62.85,63.3,-11.54
941293395_956188543_0,75.0,65.53,60.76,65.82,-9.47
941293395_297326041_0,70.0,63.11,65.43,64.65,-6.89
941367827_708005054_0,65.0,51.85,56.02,54.42,-13.15
941367827_708005045_0,75.0,52.79,53.9,54.85,-22.21
941372937_935586022_0,70.0,57.81,61.78,57.48,-12.19
941372942_1075626620_0,70.0,64.86,67.02,64.5,-5.14
941372942_264100169_0,70.0,62.41,61.87,62.65,-7.59
941372943_264100169_0,70.0,62.99,62.26,63.0,-7.01
941372943_935576643_0,65.0,57.42,62.48,57.45,-7.58
941372946_1075626620_0,70.0,62.79,61.35,63.2,-7.21
941372946_941372937_0,70.0,59.36,63.49,61.4,-10.64
941372948_265560283_0,75.0,62.43,62.33,64.15,-12.57
941372948_920423816_0,75.0,62.27,60.96,63.25,-12.73
941372948_941376313_0,75.0,62.5,63.08,63.3,-12.5
941376313_931788452_0,60.0,56.31,59.32,59.7,-3.69
941376313_941372948_0,75.0,62.5,63.08,63.3,-12.5
941376313_5272774172_0,75.0,62.15,61.5,62.72,-12.85
941379628_252408905_0,70.0,57.82,59.51,58.3,-12.18
941379628_266990806_0,65.0,58.13,61.86,57.3,-6.87
941379629_937768178_0,75.0,62.4,64.47,64.1,-12.6
941379629_266990805_0,70.0,59.85,61.91,61.6,-10.15
941384070_6436864566_0,85.0,69.88,66.31,65.55,-15.12
941384070_30438688_0,85.0,68.51,64.1,65.95,-16.49
941483343_265024876_0,75.0,66.2,66.06,64.85,-8.8
941539672_264100124_0,70.0,63.5,62.41,63.4,-6.5
941539681_249082544_0,75.0,65.28,62.51,63.27,-9.72
941539681_264100096_0,75.0,66.18,63.71,63.9,-8.82
942046362_1138926306_0,75.0,71.0,65.89,64.3,-4.0
942046362_30389464_0,80.0,70.01,66.51,63.2,-9.99
942069497_30389470_0,75.0,65.29,61.69,62.89,-9.71
942069523_249757450_0,75.0,63.31,63.13,62.57,-11.69
942069523_5891619088_0,75.0,64.62,61.46,62.19,-10.38
942069536_942069497_0,75.0,64.41,61.26,63.15,-10.59
942069538_942069536_0,75.0,65.43,62.01,62.65,-9.57
942069538_30389389_0,75.0,62.45,62.89,61.55,-12.55
942076365_265560384_0,75.0,60.23,58.34,57.2,-14.77
942076365_263324314_0,75.0,60.43,58.63,59.1,-14.57
942345061_265044023_0,60.0,55.96,59.07,65.1,-4.04
942345061_1496845027_0,75.0,63.35,62.62,63.6,-11.65
942356308_982624706_0,70.0,60.78,63.12,62.1,-9.22
942356308_263691788_0,70.0,59.39,61.95,60.2,-10.61
942629428_942629435_0,80.0,58.11,60.37,58.2,-21.89
942629428_30438740_0,80.0,62.93,65.71,65.2,-17.07
942629434_942629428_0,80.0,60.66,60.29,59.35,-19.34
942629435_263699244_0,80.0,61.13,61.85,60.4,-18.87
942629440_263698419_0,65.0,58.03,54.0,54.6,-6.97
942629440_263698417_0,65.0,58.07,56.21,55.84,-6.93
944984507_263268495_0,75.0,57.96,59.49,58.7,-17.04
944984507_3730562003_0,70.0,64.8,61.51,60.5,-5.2
944984510_931859223_0,70.0,56.79,56.17,57.95,-13.21
944984510_297333618_0,70.0,56.67,55.38,57.1,-13.33
946539989_264113908_0,75.0,64.81,66.2,66.05,-10.19
946539989_265032973_0,75.0,68.36,69.37,65.55,-6.64
951616282_264537333_0,65.0,55.73,54.31,54.65,-9.27
951616282_264537324_0,65.0,55.63,55.0,56.55,-9.37
951616293_264537381_0,65.0,55.9,55.91,55.6,-9.1
951616293_264537376_0,65.0,56.93,56.66,55.52,-8.07
951616314_12003513372_0,65.0,54.59,58.42,56.4,-10.41
951616314_264537328_0,65.0,59.7,57.83,59.05,-5.3
951656350_626145119_0,60.0,48.45,46.2,46.05,-11.55
951656350_4438329612_0,60.0,48.21,41.77,44.55,-11.79
951656350_626145103_0,60.0,48.27,46.41,46.25,-11.73
956188542_256128778_0,75.0,65.6,61.79,65.5,-9.4
956188542_297326011_0,70.0,64.35,59.69,65.45,-5.65
956188543_1619563508_0,75.0,64.39,62.64,64.85,-10.61
956188543_956188542_0,75.0,64.11,61.02,65.0,-10.89
956217069_1246618586_0,70.0,61.26,65.91,61.92,-8.74
956217069_632249709_0,70.0,60.69,64.95,63.05,-9.31
956217069_263781843_0,70.0,59.96,61.93,60.35,-10.04
956262917_534595545_0,65.0,41.22,53.52,55.5,-23.78
956262918_1386854344_0,70.0,47.49,51.9,53.95,-22.51
956262920_5032306515_0,55.0,41.43,46.74,49.05,-13.57
956264057_1521225137_0,65.0,43.29,50.18,54.25,-21.71
956264057_529119898_0,65.0,42.33,52.67,54.25,-22.67
956360588_2051624668_0,60.0,51.71,38.21,53.1,-8.29
956360588_956360631_0,55.0,51.74,38.53,53.0,-3.26
956360588_4582681613_0,60.0,51.64,39.25,53.0,-8.36
956360613_2051624668_0,55.0,51.35,39.74,53.0,-3.65
956360613_2051214190_0,55.0,48.11,48.13,53.3,-6.89
956360613_4582681613_0,60.0,51.48,41.64,53.0,-8.52
956360631_4582681615_0,55.0,52.13,39.91,53.0,-2.87
956360631_2051624674_0,60.0,51.96,37.7,53.1,-8.04
956360631_956360588_0,55.0,51.74,38.53,53.0,-3.26
956387343_2051214082_0,60.0,46.05,51.96,54.3,-13.95
956387351_956387358_0,60.0,45.23,54.32,54.1,-14.77
956387357_956487770_0,60.0,50.17,55.0,57.3,-9.83
956387357_956387415_0,60.0,50.66,55.3,56.65,-9.34
956387358_956387406_0,60.0,45.12,53.66,54.1,-14.88
956387358_2051214046_0,60.0,44.9,50.55,54.15,-15.1
956387373_956387391_0,60.0,50.93,53.15,55.7,-9.07
956387377_1560708998_0,60.0,51.37,55.38,54.05,-8.63
956387377_956387390_0,60.0,50.62,54.25,54.45,-9.38
956387378_956387462_0,60.0,51.0,52.06,56.2,-9.0
956387387_956387409_0,60.0,50.81,51.42,54.3,-9.19
956387387_956487680_0,60.0,50.65,56.86,54.2,-9.35
956387390_956387468_0,60.0,50.45,52.39,54.1,-9.55
956387391_956387378_0,60.0,50.98,53.0,56.15,-9.02
956387391_956426916_0,60.0,49.92,54.54,56.0,-10.08
956387406_956387417_0,60.0,45.23,50.51,54.25,-14.77
956387409_956427156_0,60.0,50.99,51.26,54.7,-9.01
956387415_2051214278_0,60.0,50.77,53.01,56.05,-9.23
956387417_956387478_0,60.0,45.54,51.44,54.25,-14.46
956387417_956387343_0,60.0,45.61,53.64,54.1,-14.39
956387433_956387439_0,60.0,49.81,51.43,54.4,-10.19
956387439_956427130_0,60.0,49.81,52.98,54.3,-10.19
956387439_956387475_0,60.0,50.16,52.24,54.35,-9.84
956387441_1523084522_0,60.0,49.61,54.55,54.7,-10.39
956387441_956426790_0,60.0,49.16,54.79,54.35,-10.84
956387449_956387495_0,60.0,49.79,51.61,54.35,-10.21
956387462_1875840686_0,60.0,50.96,53.28,55.95,-9.04
956387468_1523084896_0,60.0,50.32,53.82,54.65,-9.68
956387468_956387449_0,60.0,50.15,50.99,54.45,-9.85
956387475_1560708582_0,60.0,50.71,51.83,54.55,-9.29
956387478_956430470_0,55.0,45.8,54.45,54.3,-9.2
956387478_956387343_0,60.0,45.88,52.61,54.3,-14.12
956387481_956387351_0,60.0,45.65,52.42,54.1,-14.35
956387481_2051214042_0,60.0,45.88,50.01,54.4,-14.12
956387495_1523084654_0,60.0,49.46,52.5,53.95,-10.54
956387495_956387433_0,60.0,49.64,55.31,54.55,-10.36
956387499_956387481_0,60.0,46.08,49.03,54.3,-13.92
956426772_956427217_0,60.0,42.66,51.23,54.05,-17.34
956426772_2051214147_0,60.0,42.77,48.34,54.25,-17.23
956426778_956427276_0,60.0,50.83,47.6,54.55,-9.17
956426778_1560709322_0,60.0,50.8,46.37,54.6,-9.2
956426785_956426958_0,60.0,50.8,50.63,54.7,-9.2
956426785_956427203_0,60.0,50.72,55.32,54.45,-9.28
956426789_956426939_0,60.0,48.74,51.85,54.35,-11.26
956426789_3059642568_0,60.0,48.85,53.97,54.4,-11.15
956426790_5810644646_0,60.0,47.85,54.22,54.1,-12.15
956426790_956387441_0,60.0,49.16,54.79,54.35,-10.84
956426790_3779319502_0,55.0,48.76,53.25,53.5,-6.24
956426794_956427215_0,60.0,53.25,55.33,56.7,-6.75
956426813_956427204_0,60.0,44.76,50.37,54.35,-15.24
956426813_2051213782_0,60.0,44.49,52.25,54.2,-15.51
956426814_2051214141_0,60.0,45.47,52.36,54.5,-14.53
956426814_2051214150_0,60.0,45.6,51.41,54.05,-14.4
956426861_2051214033_0,60.0,45.33,51.65,54.15,-14.67
956426861_956427110_0,60.0,45.34,51.37,54.35,-14.66
956426867_5810644647_0,60.0,47.4,51.84,54.1,-12.6
956426867_956427095_0,60.0,47.43,53.25,54.2,-12.57
956426879_956427160_0,60.0,50.75,49.99,54.7,-9.25
956426879_956426958_0,60.0,51.04,49.39,54.3,-8.96
956426880_956427201_0,60.0,45.45,51.55,54.5,-14.55
956426883_956427143_0,60.0,47.93,50.47,54.65,-12.07
956426890_2051213759_0,60.0,45.33,55.52,54.3,-14.67
956426890_2051213609_0,60.0,45.57,53.47,54.25,-14.43
956426900_9038203857_0,60.0,47.64,50.9,54.45,-12.36
956426900_3059642563_0,60.0,47.74,51.93,54.3,-12.26
956426909_956426778_0,60.0,51.03,47.22,54.7,-8.97
956426912_956427188_0,60.0,47.92,51.86,54.35,-12.08
956426913_956426861_0,60.0,45.29,52.09,54.25,-14.71
956426916_956387433_0,60.0,49.4,52.61,54.35,-10.6
956426916_956427130_0,60.0,49.37,54.5,54.45,-10.63
956426933_9038203834_0,60.0,46.86,48.97,54.25,-13.14
956426933_956427288_0,60.0,47.13,48.98,54.3,-12.87
956426935_2051214161_0,60.0,45.46,54.06,54.35,-14.54
956426935_956426880_0,60.0,45.51,52.54,54.4,-14.49
956426936_956426999_0,60.0,45.38,54.26,54.3,-14.62
956426936_2051213946_0,60.0,45.36,50.41,54.05,-14.64
956426939_956426785_0,55.0,50.03,51.65,54.0,-4.97
956426940_956427175_0,60.0,47.84,49.97,54.7,-12.16
956426948_3779314313_0,60.0,44.57,52.18,54.5,-15.43
956426948_2051213486_0,60.0,44.2,50.22,54.45,-15.8
956426952_956427240_0,60.0,44.35,51.89,54.05,-15.65
956426957_5810644648_0,60.0,48.32,54.21,53.95,-11.68
956426957_956427030_0,60.0,47.58,50.14,53.75,-12.42
956426957_956426985_0,55.0,47.95,54.8,53.65,-7.05
956426958_1523085558_0,60.0,50.93,49.37,54.35,-9.07
956426962_9038190693_0,60.0,46.32,49.95,54.35,-13.68
956426962_956427066_0,60.0,46.34,52.15,54.1,-13.66
956426971_956426883_0,60.0,47.98,46.59,53.65,-12.02
956426971_3779319505_0,60.0,47.93,47.52,53.75,-12.07
956426985_956430473_0,60.0,47.13,52.42,54.4,-12.87
956426985_5810644647_0,55.0,47.31,52.39,54.0,-7.69
956426985_956426957_0,55.0,47.95,54.8,53.65,-7.05
956426999_956427001_0,60.0,45.83,53.57,54.45,-14.17
956427001_956427260_0,60.0,45.82,54.12,54.3,-14.18
956427001_2051213943_0,60.0,45.9,54.68,54.25,-14.1
956427011_956427099_0,60.0,53.22,55.41,56.8,-6.78
956427018_9038203866_0,60.0,48.68,55.26,54.2,-11.32
956427018_2051214279_0,60.0,48.78,51.88,54.35,-11.22
956427019_2051213981_0,60.0,42.05,51.92,54.25,-17.95
956427030_2051214243_0,60.0,47.86,49.85,53.3,-12.14
956427030_956426957_0,60.0,47.58,50.14,53.75,-12.42
956427030_3779319505_0,55.0,47.95,50.68,53.85,-7.05
956427057_2051213497_0,60.0,44.87,54.31,54.35,-15.13
956427057_2051213501_0,60.0,44.97,50.31,54.6,-15.03
956427066_9038190714_0,60.0,46.1,51.14,54.25,-13.9
956427066_956427139_0,60.0,46.18,49.92,54.3,-13.82
956427081_956427157_0,60.0,51.85,56.68,55.95,-8.15
956427095_956426867_0,60.0,47.43,53.25,54.2,-12.57
956427095_5810644646_0,60.0,47.41,51.84,53.75,-12.59
956427095_5810644649_0,60.0,47.59,50.86,53.4,-12.41
956427096_956427263_0,60.0,44.45,51.8,54.3,-15.55
956427098_956427165_0,60.0,47.5,50.87,54.5,-12.5
956427099_956427181_0,60.0,53.21,51.91,56.15,-6.79
956427099_956427081_0,60.0,52.58,55.31,56.5,-7.42
956427110_956427174_0,60.0,45.13,52.69,54.45,-14.87
956427125_956427185_0,60.0,51.13,58.59,56.35,-8.87
956427130_956427125_0,60.0,50.07,56.27,56.1,-9.93
956427134_1560708514_0,60.0,48.68,52.12,54.35,-11.32
956427134_956427018_0,60.0,48.91,55.19,54.4,-11.09
956427139_956427199_0,60.0,46.11,49.92,54.3,-13.89
956427143_956426940_0,60.0,47.89,49.83,54.7,-12.11
956427143_3779319502_0,60.0,48.0,52.93,54.8,-12.0
956427149_956427019_0,60.0,42.09,52.19,54.1,-17.91
956427149_2051213996_0,60.0,42.14,50.89,54.2,-17.86
956427154_956430471_0,60.0,47.09,50.78,54.2,-12.91
956427154_956427218_0,60.0,47.11,49.96,54.15,-12.89
956427156_956426909_0,60.0,51.07,48.7,54.7,-8.93
956427156_956487680_0,60.0,50.85,52.1,54.55,-9.15
956427157_956427190_0,60.0,50.38,55.34,56.05,-9.62
956427157_956427125_0,60.0,51.65,58.26,56.2,-8.35
956427160_1560708561_0,60.0,49.99,52.69,53.75,-10.01
956427161_4585568065_0,60.0,45.17,52.8,54.2,-14.83
956427161_956426913_0,60.0,45.28,50.12,54.25,-14.72
956427165_9038203850_0,60.0,47.51,51.65,54.55,-12.49
956427165_956427254_0,60.0,47.8,52.44,54.3,-12.2
956427168_2051214178_0,60.0,43.4,49.56,53.65,-16.6
956427168_2051214170_0,60.0,43.5,47.09,53.6,-16.5
956427174_956427238_0,60.0,45.08,52.29,54.4,-14.92
956427175_956426912_0,60.0,47.92,51.04,54.7,-12.08
956427175_3779319508_0,60.0,47.86,51.43,54.7,-12.14
956427179_956426794_0,60.0,53.26,53.94,56.05,-6.74
956427181_956427179_0,60.0,53.32,54.33,56.05,-6.68
956427185_7947629629_0,60.0,51.09,58.93,55.85,-8.91
956427185_956427236_0,60.0,50.92,60.04,56.0,-9.08
956427188_956427247_0,60.0,47.95,48.51,54.2,-12.05
956427188_3779319499_0,60.0,48.05,48.58,53.8,-11.95
956427190_956387475_0,60.0,50.39,52.9,54.45,-9.61
956427190_1560708738_0,60.0,50.28,53.87,54.5,-9.72
956427192_956426957_0,60.0,48.18,52.34,53.9,-11.82
956427193_2051213972_0,60.0,42.09,51.45,54.15,-17.91
956427193_2051213476_0,60.0,41.91,53.15,54.35,-18.09
956427198_2051214171_0,60.0,43.42,49.38,54.3,-16.58
956427198_2051214166_0,60.0,43.48,49.07,54.4,-16.52
956427199_9038190705_0,60.0,46.06,49.92,54.35,-13.94
956427199_956427289_0,60.0,46.26,52.45,54.05,-13.74
956427201_2051214148_0,60.0,45.41,52.16,54.45,-14.59
956427201_956426814_0,60.0,45.61,52.07,54.4,-14.39
956427203_2051214847_0,60.0,50.56,50.82,54.15,-9.44
956427204_956426936_0,60.0,44.89,51.8,54.15,-15.11
956427213_956426900_0,60.0,47.65,50.36,54.25,-12.35
956427215_956427011_0,60.0,53.32,54.63,56.6,-6.68
956427215_956487669_0,60.0,51.55,53.66,56.8,-8.45
956427217_956442275_0,60.0,42.59,47.85,54.2,-17.41
956427218_9038203826_0,60.0,47.15,53.99,54.35,-12.85
956427218_3059642559_0,60.0,47.21,49.4,54.25,-12.79
956427230_956427282_0,60.0,44.57,49.14,54.25,-15.43
956427233_2051214184_0,60.0,43.48,49.0,53.65,-16.52
956427233_2051214217_0,60.0,43.52,50.35,53.65,-16.48
956427236_956427257_0,60.0,51.08,56.85,56.0,-8.92
956427238_2051214027_0,60.0,45.05,50.02,54.35,-14.95
956427238_4585568068_0,60.0,45.31,51.74,54.3,-14.69
956427239_956426948_0,60.0,44.77,51.31,54.5,-15.23
956427239_2051213475_0,60.0,43.73,50.11,53.8,-16.27
956427240_956427096_0,60.0,44.51,52.74,54.1,-15.49
956427240_2189575120_0,60.0,44.3,52.49,54.3,-15.7
956427246_2051214157_0,60.0,45.69,52.38,54.3,-14.31
956427246_956426935_0,60.0,45.68,54.4,54.3,-14.32
956427247_956426971_0,60.0,47.93,47.22,53.5,-12.07
956427254_956427192_0,60.0,47.59,52.67,54.35,-12.41
956427254_956427213_0,60.0,47.69,52.48,54.3,-12.31
956427257_956427081_0,60.0,51.58,56.29,55.6,-8.42
956427257_956427181_0,60.0,52.48,56.45,55.95,-7.52
956427260_956426890_0,60.0,45.71,53.31,54.45,-14.29
956427263_2051213506_0,60.0,44.38,54.6,54.25,-15.62
956427263_956427230_0,60.0,44.52,52.77,54.3,-15.48
956427272_2051214105_0,60.0,42.56,51.79,54.05,-17.44
956427272_2051214089_0,60.0,42.58,51.74,54.05,-17.42
956427276_956426879_0,60.0,50.87,47.79,54.3,-9.13
956427280_2051213494_0,60.0,45.16,52.44,54.35,-14.84
956427280_2051213498_0,60.0,45.2,51.31,54.45,-14.8
956427282_2051213516_0,60.0,44.61,49.72,54.4,-15.39
956427282_4585568063_0,60.0,44.62,50.79,54.3,-15.38
956427288_9038203819_0,60.0,46.94,48.92,54.15,-13.06
956427288_956427154_0,60.0,47.09,47.63,54.05,-12.91
956427289_9038190691_0,60.0,46.04,52.02,54.05,-13.96
956427289_9038190699_0,60.0,46.22,50.49,54.3,-13.78
956430466_956430471_0,60.0,47.36,53.13,53.8,-12.64
956430466_956430468_0,60.0,47.54,55.36,54.05,-12.46
956430466_956430473_0,55.0,47.69,56.6,54.35,-7.31
956430467_956430470_0,60.0,46.01,54.32,54.95,-13.99
956430467_956430468_0,55.0,46.98,52.15,54.9,-8.02
956430467_956430469_0,55.0,47.41,53.11,53.73,-7.59
956430468_956430467_0,55.0,46.98,52.15,54.9,-8.02
956430468_956430473_0,60.0,47.02,51.42,54.85,-12.98
956430468_956430466_0,60.0,47.54,55.36,54.05,-12.46
956430469_956430467_0,55.0,47.41,53.11,53.73,-7.59
956430469_9038190698_0,60.0,46.09,49.46,54.15,-13.91
956430470_956387478_0,55.0,45.8,54.45,54.3,-9.2
956430470_956430467_0,60.0,46.01,54.32,54.95,-13.99
956430470_956430472_0,55.0,47.34,52.02,53.85,-7.66
956430471_956430466_0,60.0,47.36,53.13,53.8,-12.64
956430471_9038203826_0,60.0,47.04,53.33,54.35,-12.96
956430472_9038190690_0,60.0,46.28,50.71,54.35,-13.72
956430472_956430470_0,55.0,47.34,52.02,53.85,-7.66
956430473_956430468_0,60.0,47.02,51.42,54.85,-12.98
956430473_956426985_0,60.0,47.13,52.42,54.4,-12.87
956430473_956430466_0,55.0,47.69,56.6,54.35,-7.31
956430475_2051214146_0,60.0,45.59,50.11,54.6,-14.41
956430475_2051214085_0,55.0,47.03,52.37,54.55,-7.97
956442274_2051214152_0,60.0,43.56,52.17,54.15,-16.44
956442274_2051214179_0,60.0,43.5,51.87,54.3,-16.5
956442275_2051214121_0,60.0,42.53,51.6,54.05,-17.47
956442275_2051214128_0,60.0,42.53,51.02,54.2,-17.47
956442282_2051214145_0,60.0,42.45,51.79,53.95,-17.55
956442282_2051214152_0,60.0,42.46,51.39,53.95,-17.54
956463798_2051214863_0,60.0,44.65,51.38,54.35,-15.35
956463804_956463872_0,60.0,43.15,54.24,55.13,-16.85
956463839_956463798_0,60.0,44.74,51.94,54.25,-15.26
956463839_956487707_0,60.0,46.19,51.9,53.95,-13.81
956463847_956463881_0,50.0,40.47,47.24,54.6,-9.53
956463847_1523087382_0,60.0,40.53,47.36,54.7,-19.47
956463848_956463894_0,60.0,44.62,52.96,54.58,-15.38
956463848_956463804_0,60.0,43.18,54.26,55.28,-16.82
956463855_956463930_0,60.0,40.48,50.56,54.5,-19.52
956463855_956463858_0,60.0,42.53,52.92,54.75,-17.47
956463858_2051214974_0,60.0,43.12,53.67,55.08,-16.88
956463872_2051214970_0,60.0,42.68,55.19,55.08,-17.32
956463872_956463897_0,60.0,43.0,54.24,55.13,-17.0
956463874_956463921_0,55.0,40.51,50.7,54.25,-14.49
956463874_1523087796_0,55.0,40.5,51.4,54.5,-14.5
956463879_1523087572_0,50.0,40.39,47.31,54.6,-9.61
956463881_956463887_0,55.0,40.38,49.99,54.5,-14.62
956463881_956463847_0,50.0,40.47,47.24,54.6,-9.53
956463887_956463926_0,50.0,40.37,50.24,54.5,-9.63
956463894_1523085909_0,60.0,44.66,51.61,54.25,-15.34
956463896_956463879_0,55.0,40.4,46.77,54.55,-14.6
956463897_956463930_0,60.0,42.39,53.44,54.6,-17.61
956463897_956463858_0,60.0,42.95,54.98,55.48,-17.05
956463900_956463847_0,60.0,40.47,49.79,54.5,-19.53
956463900_1523087382_0,60.0,40.49,49.02,54.6,-19.51
956463903_956463894_0,60.0,44.57,51.94,54.15,-15.43
956463903_956463804_0,60.0,44.49,53.53,54.78,-15.51
956463912_4833587881_0,50.0,40.51,49.12,54.45,-9.49
956463921_956463912_0,50.0,40.53,51.15,54.45,-9.47
956463926_956463896_0,55.0,40.36,49.81,54.25,-14.64
956463926_1523087756_0,55.0,40.37,50.07,54.25,-14.63
956463930_1523314711_0,60.0,40.33,50.39,54.65,-19.67
956487664_1560709740_0,60.0,49.94,55.12,54.8,-10.06
956487664_1560709904_0,60.0,49.94,56.19,54.55,-10.06
956487669_1523086144_0,60.0,51.07,54.66,56.4,-8.93
956487669_1560710199_0,60.0,51.17,55.26,56.4,-8.83
956487672_956487711_0,60.0,48.67,54.5,54.65,-11.33
956487680_1523086094_0,60.0,50.5,51.6,54.6,-9.5
956487695_956487747_0,60.0,50.24,53.88,57.05,-9.76
956487695_956487770_0,60.0,48.83,54.08,54.35,-11.17
956487697_956487728_0,60.0,47.06,52.65,54.4,-12.94
956487697_956487672_0,60.0,48.51,56.59,54.5,-11.49
956487707_2051214662_0,60.0,46.95,54.07,54.0,-13.05
956487709_1560710004_0,60.0,50.88,52.71,55.8,-9.12
956487711_956487753_0,60.0,48.76,54.37,54.5,-11.24
956487711_2051214544_0,60.0,48.59,54.01,54.6,-11.41
956487713_956487707_0,60.0,46.85,52.14,54.25,-13.15
956487713_956463798_0,60.0,46.09,52.32,54.35,-13.91
956487728_1875844668_0,60.0,47.0,53.06,54.18,-13.0
956487747_956387415_0,60.0,50.68,54.04,56.45,-9.32
956487747_2051214280_0,60.0,50.63,56.24,56.8,-9.37
956487749_956487728_0,60.0,48.48,53.83,54.75,-11.52
956487749_956487672_0,60.0,48.54,52.79,54.65,-11.46
956487753_956487695_0,60.0,48.78,53.97,54.45,-11.22
956487768_1875844662_0,60.0,48.77,53.09,54.5,-11.23
956487768_1875844649_0,60.0,48.15,51.13,54.1,-11.85
956487770_956487768_0,60.0,48.78,53.09,54.5,-11.22
956689420_4612875306_0,75.0,60.45,60.56,60.05,-14.55
958982855_264545058_0,70.0,58.04,58.23,58.55,-11.96
958982857_958982859_0,65.0,57.74,58.98,57.75,-7.26
958982857_958982855_0,65.0,56.02,59.98,56.45,-8.98
958982859_1037367252_0,65.0,58.44,58.03,57.8,-6.56
958982861_626123263_0,65.0,58.33,55.65,58.55,-6.67
958982861_958982859_0,55.0,54.9,59.18,57.25,-0.1
959302716_1116259118_0,75.0,64.18,67.84,64.7,-10.82
959302716_387126494_0,70.0,59.52,63.24,63.88,-10.48
960117096_260300608_0,75.0,66.07,64.4,64.8,-8.93
960117096_1972814886_0,75.0,63.97,62.45,63.2,-11.03
960117096_1122581688_0,75.0,66.98,62.39,64.45,-8.02
960118869_1124685332_0,75.0,67.0,58.5,63.5,-8.0
960118869_264532970_0,75.0,64.55,66.39,64.5,-10.45
960119515_30438576_0,80.0,67.51,68.47,65.35,-12.49
960119515_30438763_0,75.0,66.61,67.77,65.7,-8.39
960133495_4147206599_0,75.0,65.36,63.61,61.9,-9.64
960187405_303287177_0,65.0,63.03,60.95,60.45,-1.97
960187408_1973834326_0,65.0,61.62,56.96,59.92,-3.38
960187412_249078322_0,65.0,61.97,64.13,64.9,-3.03
960205601_263336775_0,75.0,65.82,60.32,64.8,-9.18
960205601_1328388879_0,75.0,66.79,61.88,64.05,-8.21
960930742_3059642564_0,60.0,47.11,53.15,54.25,-12.89
960930742_960930760_0,60.0,46.81,56.94,54.25,-13.19
960930744_960930760_0,55.0,45.93,56.77,54.7,-9.07
960930744_960930749_0,55.0,45.67,57.31,54.45,-9.33
960930744_960930767_0,60.0,46.22,58.82,54.2,-13.78
960930747_1560708472_0,65.0,46.26,54.16,55.05,-18.74
960930747_1560708477_0,65.0,46.23,56.1,55.15,-18.77
960930749_960930767_0,60.0,46.19,58.51,54.2,-13.81
960930749_960930744_0,55.0,45.67,57.31,54.45,-9.33
960930749_960930754_0,60.0,45.4,55.65,54.55,-14.6
960930752_9038190701_0,60.0,46.73,53.8,54.2,-13.27
960930752_960930754_0,60.0,45.05,55.2,54.0,-14.95
960930752_2051214217_0,60.0,44.52,52.87,53.8,-15.48
960930754_960930763_0,60.0,47.45,54.73,54.95,-12.55
960930754_960930749_0,60.0,45.4,55.65,54.55,-14.6
960930754_960930752_0,60.0,45.05,55.2,54.0,-14.95
960930758_960930742_0,60.0,46.69,56.77,54.9,-13.31
960930758_960930747_0,60.0,46.24,54.11,55.05,-13.76
960930760_960930744_0,55.0,45.93,56.77,54.7,-9.07
960930760_960930742_0,60.0,46.81,56.94,54.25,-13.19
960930760_960930771_0,60.0,46.19,56.84,54.7,-13.81
960930761_1560708865_0,60.0,48.15,54.72,54.0,-11.85
960930761_1560708780_0,60.0,48.14,54.59,54.15,-11.86
960930761_1560708822_0,60.0,48.13,54.81,54.0,-11.87
960930762_960930767_0,60.0,46.53,53.97,54.45,-13.47
960930762_9038203831_0,60.0,46.62,50.62,54.05,-13.38
960930763_9038190709_0,60.0,46.5,52.03,54.5,-13.5
960930763_960930754_0,60.0,47.45,54.73,54.95,-12.55
960930766_956427139_0,60.0,46.09,50.58,54.2,-13.91
960930766_9038190701_0,60.0,45.98,49.04,54.15,-14.02
960930767_960930762_0,60.0,46.53,53.97,54.45,-13.47
960930767_960930749_0,60.0,46.19,58.51,54.2,-13.81
960930767_960930744_0,60.0,46.22,58.82,54.2,-13.78
960930771_1560708470_0,60.0,46.51,56.58,54.75,-13.49
960930771_960930760_0,60.0,46.19,56.84,54.7,-13.81
960930772_1560708892_0,60.0,49.28,55.94,54.6,-10.72
960930772_1560710049_0,60.0,50.01,52.73,54.35,-9.99
964637484_30389505_0,80.0,64.19,66.95,65.4,-15.81
964637484_265024873_0,80.0,67.04,66.12,65.05,-12.96
964926659_964926667_0,70.0,56.84,56.83,57.65,-13.16
964926659_4713059054_0,65.0,55.7,56.43,55.25,-9.3
964926662_1121909687_0,70.0,60.96,61.5,59.8,-9.04
964926662_964926669_0,70.0,57.81,60.07,57.9,-12.19
964926664_1121909739_0,70.0,61.33,63.18,60.2,-8.67
964926664_1121909739_1,70.0,58.24,63.9,60.65,-11.76
964926667_1121909687_0,70.0,57.02,56.42,58.2,-12.98
964926669_964926659_0,70.0,57.11,56.82,57.75,-12.89
964926669_964926667_0,70.0,57.13,57.56,57.85,-12.87
965006466_5219776931_0,70.0,58.37,57.31,56.85,-11.63
965006466_268479952_0,75.0,64.96,61.71,62.45,-10.04
965006466_2043309839_0,75.0,65.82,58.43,61.35,-9.18
965814462_965815308_0,70.0,61.47,62.6,59.7,-8.53
965815308_471333712_0,70.0,57.22,57.64,58.2,-12.78
965815308_1491287674_0,70.0,60.93,59.31,58.92,-9.07
965819364_259474533_0,80.0,60.93,63.75,59.15,-19.07
965819364_263699273_0,75.0,57.08,58.76,56.1,-17.92
965821827_965821831_0,75.0,60.63,60.39,59.45,-14.37
965821827_965821834_0,75.0,60.49,64.3,61.0,-14.51
965821831_965821827_0,75.0,60.64,60.39,59.6,-14.36
965821831_296961287_0,75.0,60.42,60.46,59.85,-14.58
965821834_965821827_0,75.0,60.49,64.3,61.0,-14.51
965821834_623903231_0,65.0,57.65,61.63,57.55,-7.35
965821834_296961233_0,70.0,61.0,66.26,63.7,-9.0
965823917_263698453_0,75.0,62.65,64.29,63.93,-12.35
965827162_41430238_0,75.0,63.02,62.35,62.75,-11.98
974940017_263336799_0,75.0,64.58,65.91,66.3,-10.42
974940017_263340832_0,75.0,62.97,63.67,66.55,-12.03
976150156_471340623_0,70.0,58.2,54.05,53.0,-11.8
976150156_931049702_0,70.0,58.11,55.86,53.4,-11.89
976150156_471341070_0,70.0,58.17,55.76,53.6,-11.83
976150156_931049789_0,70.0,58.13,55.56,53.0,-11.87
976481027_2383629707_0,60.0,63.89,49.6,54.4,3.89
976481027_2383629703_0,60.0,64.12,48.97,54.35,4.12
976481027_2383629710_0,45.0,63.17,48.9,53.95,18.17
976482478_1794602543_0,50.0,62.02,48.51,55.55,12.02
982624706_263691808_0,70.0,61.01,65.23,61.6,-8.99
982679570_428504479_0,70.0,59.2,61.92,59.45,-10.8
982679570_387126256_0,70.0,57.93,60.12,60.65,-12.07
982679639_428504484_0,70.0,59.44,58.42,59.9,-10.56
982679652_436608983_0,65.0,57.19,56.24,55.38,-7.81
982679652_982679570_0,70.0,57.14,61.46,58.0,-12.86
982679676_982679639_0,70.0,58.15,59.22,56.58,-11.85
982679676_428504502_0,65.0,56.1,53.62,54.15,-8.9
983086482_274103559_0,65.0,57.34,56.36,55.95,-7.66
983090742_983090743_0,65.0,58.64,60.82,59.2,-6.36
983090742_7673218709_0,65.0,57.71,60.32,58.85,-7.29
983090742_287564765_0,65.0,56.74,59.32,56.7,-8.26
983090743_983090742_0,65.0,58.64,60.82,59.2,-6.36
983090743_274103528_0,65.0,58.48,62.74,59.35,-6.52
984073241_243465953_0,70.0,60.38,62.14,62.48,-9.62
984073241_625896287_0,65.0,57.59,60.65,60.67,-7.41
984073241_1310079639_0,70.0,60.85,60.37,63.27,-9.15
984073241_2043309839_0,55.0,61.63,61.98,62.1,6.63
984653592_1312021815_0,70.0,59.84,58.55,58.66,-10.16
990001475_213741604_0,70.0,58.8,62.06,60.1,-11.2
995592380_995592381_0,75.0,65.08,61.25,65.15,-9.92
995592380_34756889_0,75.0,64.11,64.88,65.0,-10.89
995592381_995592397_0,75.0,64.83,62.76,65.0,-10.17
995592381_995592384_0,75.0,62.59,61.45,64.9,-12.41
995592383_248951080_0,75.0,65.36,64.2,64.25,-9.64
995592383_933299390_0,75.0,63.76,62.06,65.3,-11.24
995592384_34756893_0,75.0,63.48,63.58,64.7,-11.52
995592384_933317794_0,75.0,65.14,63.45,64.65,-9.86
995592395_995592381_0,75.0,62.13,62.69,65.05,-12.87
995592395_933317822_0,75.0,64.22,63.33,65.8,-10.78
995592397_995592399_0,75.0,62.75,62.96,65.15,-12.25
995592397_933317779_0,75.0,64.54,63.1,65.5,-10.46
995592399_995592395_0,75.0,63.99,64.07,65.75,-11.01
995592399_933317842_0,75.0,61.77,63.18,65.75,-13.23
995592400_2985784586_0,75.0,62.62,63.72,64.8,-12.38
1001486119_297333649_0,75.0,64.8,62.01,65.5,-10.2
1001486119_297340106_0,75.0,70.3,65.91,64.8,-4.7
1014819638_1014819649_0,70.0,57.95,63.86,56.4,-12.05
1014819638_1014819703_0,70.0,58.49,63.38,57.25,-11.51
1014819649_1014819691_0,65.0,59.85,64.23,57.5,-5.15
1014819649_1014819736_0,65.0,57.45,60.63,56.95,-7.55
1014819649_1014819703_0,65.0,57.21,61.8,57.3,-7.79
1014819652_446903115_0,65.0,58.78,60.46,56.75,-6.22
1014819652_523791210_0,70.0,56.73,58.75,56.25,-13.27
1014819673_1014819649_0,65.0,59.1,62.36,57.35,-5.9
1014819673_1014819736_0,65.0,56.91,57.71,57.3,-8.09
1014819691_1014835741_0,65.0,58.91,62.21,57.45,-6.09
1014819703_4203333793_0,65.0,57.76,60.7,56.8,-7.24
1014819736_530185936_0,65.0,57.18,55.88,54.85,-7.82
1014835710_1118883975_0,65.0,57.26,58.92,56.0,-7.74
1014835722_8380240764_0,65.0,57.3,59.76,56.85,-7.7
1014835722_1118883975_0,65.0,57.52,59.47,56.6,-7.48
1014835724_523795192_0,70.0,57.38,58.74,56.65,-12.62
1014835724_1118614921_0,70.0,56.4,60.68,57.7,-13.6
1014835727_1014835768_0,65.0,56.93,61.01,57.0,-8.07
1014835741_1118614921_0,70.0,58.84,61.24,57.5,-11.16
1014835741_1014835722_0,65.0,57.28,61.24,57.8,-7.72
1014835746_8380240745_0,65.0,57.09,58.56,56.55,-7.91
1014835746_1014835727_0,65.0,56.73,57.03,56.95,-8.27
1014835768_1014835728_0,65.0,58.27,62.15,56.9,-6.73
1014839338_4286310952_0,70.0,57.88,56.37,56.15,-12.12
1014839338_446903111_0,70.0,56.68,57.02,56.25,-13.32
1019295639_258371206_0,65.0,50.31,47.03,49.35,-14.69
1033276570_1033276578_0,75.0,66.22,64.31,64.1,-8.78
1033276570_248922158_0,75.0,62.12,63.3,64.9,-12.88
1033276578_30438361_0,80.0,66.31,63.59,63.95,-13.69
1033276578_1033276584_0,75.0,63.54,64.09,64.85,-11.46
1033276581_1033276570_0,75.0,62.98,64.74,63.8,-12.02
1033276581_30438698_0,75.0,64.63,63.12,65.25,-10.37
1033276584_1033276581_0,75.0,64.89,64.49,65.15,-10.11
1033276584_8429068653_0,75.0,63.12,64.19,65.05,-11.88
1037367244_264545085_0,70.0,57.65,59.83,58.5,-12.35
1037367252_264545018_0,70.0,59.48,60.7,59.1,-10.52
1037367282_1311858405_0,70.0,57.7,58.67,59.25,-12.3
1037367282_213741544_0,70.0,58.09,57.47,59.05,-11.91
1062619959_6440922581_0,75.0,67.91,67.73,65.9,-7.09
1062619959_30438473_0,75.0,63.63,66.08,65.3,-11.37
1062619986_919729655_0,75.0,65.45,64.77,65.25,-9.55
1068492357_1068492364_0,75.0,62.17,65.49,62.9,-12.83
1068492357_265560279_0,75.0,60.2,60.2,60.2,-14.8
1068492357_598640840_0,75.0,63.08,64.17,64.85,-11.92
1068492364_1068492357_0,75.0,62.17,65.49,62.9,-12.83
1068492364_265560300_0,75.0,63.46,61.8,65.05,-11.54
1068492364_935576643_0,75.0,64.22,66.46,64.05,-10.78
1068492408_1618969802_0,70.0,60.89,60.44,59.15,-9.11
1068492438_676631219_0,75.0,64.71,64.5,64.55,-10.29
1068492438_265043734_0,75.0,64.47,65.66,64.9,-10.53
1075378162_1075378244_0,75.0,56.33,66.16,67.55,-18.67
1075378162_1563528178_0,70.0,56.03,66.64,66.95,-13.97
1075378166_1075378260_0,75.0,55.83,66.92,66.7,-19.17
1075378169_1075378166_0,70.0,55.78,66.06,67.15,-14.22
1075378169_1562521076_0,70.0,55.83,65.73,66.85,-14.17
1075378244_256133369_0,75.0,56.27,65.01,67.15,-18.73
1075378247_1075378250_0,70.0,56.15,67.27,65.85,-13.85
1075378247_1075378166_0,70.0,55.89,66.61,66.15,-14.11
1075378250_1075378247_0,70.0,56.15,67.27,65.85,-13.85
1075378250_1075378260_0,75.0,55.93,67.08,66.55,-19.07
1075378250_1560712841_0,70.0,56.2,63.69,62.05,-13.8
1075378260_1075378162_0,75.0,55.79,64.53,66.9,-19.21
1075378260_1075378250_0,75.0,55.93,67.08,66.55,-19.07
1075626554_296416225_0,65.0,57.56,62.61,61.56,-7.44
1075626582_296409891_0,65.0,56.39,58.27,58.0,-8.61
1075626582_296404780_0,65.0,56.32,57.85,56.85,-8.68
1075626620_264099773_0,70.0,64.92,67.4,64.2,-5.08
1075626620_941372943_0,70.0,60.34,62.77,61.8,-9.66
1075626620_264100222_0,70.0,63.49,63.6,63.6,-6.51
1075626620_941372937_0,70.0,59.14,60.51,58.9,-10.86
1092558133_1502350846_0,75.0,63.1,59.6,65.6,-11.9
1092558133_1092558139_0,75.0,64.37,60.94,64.25,-10.63
1092558139_1092558161_0,75.0,63.22,60.16,65.8,-11.78
1092558139_9834154358_0,75.0,64.73,61.54,65.45,-10.27
1092558161_213598807_0,75.0,63.62,60.56,66.0,-11.38
1092558161_1092558169_0,75.0,64.45,61.54,64.45,-10.55
1092558169_1092558133_0,75.0,63.38,62.82,65.95,-11.62
1092558169_6361013448_0,75.0,62.79,66.58,67.4,-12.21
1102288536_213598383_0,65.0,62.41,68.73,58.9,-2.59
1102288536_213598364_0,70.0,63.09,64.09,60.3,-6.91
1111796516_1092558133_0,75.0,63.0,64.8,66.7,-12.0
1111796518_366820192_0,75.0,62.8,66.88,69.25,-12.2
1111816030_1111816094_0,50.0,56.34,63.22,64.4,6.34
1111816034_2632515539_0,50.0,56.29,63.47,64.3,6.29
1111816042_1111816034_0,50.0,56.24,63.62,64.3,6.24
1111816044_1111816062_0,50.0,56.69,63.95,64.3,6.69
1111816062_2632515804_0,50.0,56.75,63.32,64.3,6.75
1111816074_1111816095_0,50.0,56.73,63.77,64.4,6.73
1111816094_3887557685_0,50.0,56.15,62.33,64.4,6.15
1111816095_1111816044_0,55.0,56.65,63.78,64.4,1.65
1111816095_3887557683_0,50.0,56.72,63.78,64.4,6.72
1111816110_2632520770_0,50.0,58.36,65.88,64.3,8.36
1111816110_587661905_0,50.0,57.46,66.77,64.3,7.46
1111816150_1111816074_0,50.0,56.74,63.21,64.4,6.74
1115015859_436617068_0,75.0,63.12,65.89,65.31,-11.88
1115015859_1115015916_0,75.0,59.0,62.44,64.05,-16.0
1115015916_1116259632_0,75.0,64.02,63.88,64.3,-10.98
1115015916_296407062_0,75.0,59.63,60.47,62.45,-15.37
1116259118_11472515511_0,70.0,64.07,65.85,65.2,-5.93
1116259118_1116259245_0,75.0,60.3,67.01,65.75,-14.7
1116259245_387126627_0,70.0,59.34,64.89,64.75,-10.66
1116259245_1116260166_0,75.0,64.04,62.61,63.35,-10.96
1116259331_249082364_0,70.0,61.42,62.54,66.95,-8.58
1116259331_1116260147_0,75.0,55.12,64.76,65.8,-19.88
1116259632_965827162_0,75.0,63.92,62.68,63.1,-11.08
1116259632_296407029_0,75.0,59.34,62.66,63.75,-15.66
1116260047_387126666_0,70.0,55.28,61.73,65.8,-14.72
1116260047_1116259331_0,70.0,61.6,65.33,67.25,-8.4
1116260147_1116260200_0,70.0,61.91,66.33,67.8,-8.09
1116260147_355740406_0,70.0,55.39,64.22,65.45,-14.61
1116260166_3731098017_0,75.0,63.85,69.95,66.95,-11.15
1116260166_959302716_0,75.0,58.75,69.02,67.15,-16.25
1116260200_355740491_0,70.0,61.99,65.84,68.1,-8.01
1116260200_1116260047_0,75.0,55.26,64.55,65.75,-19.74
1116354079_4289502667_0,75.0,62.83,63.95,63.9,-12.17
1116354079_263691798_0,70.0,62.17,66.2,63.25,-7.83
1116760072_1116760076_0,75.0,62.59,62.05,63.2,-12.41
1116760072_249081384_0,75.0,65.48,68.83,65.15,-9.52
1116760075_249081373_0,75.0,65.05,64.52,64.4,-9.95
1116760076_1116760075_0,75.0,65.9,65.9,64.6,-9.1
1116760077_1116760072_0,75.0,66.11,67.44,65.4,-8.89
1118614921_1014835768_0,70.0,58.89,61.32,57.05,-11.11
1118614921_523795192_0,70.0,56.9,61.29,57.35,-13.1
1118614921_1014835722_0,70.0,57.51,61.3,57.0,-12.49
1118883975_1118614921_0,65.0,57.58,61.3,57.2,-7.42
1118883975_1014835746_0,65.0,57.14,58.92,56.15,-7.86
1119872215_263698462_0,65.0,56.3,54.09,53.9,-8.7
1119872215_263698465_0,65.0,55.87,53.02,54.65,-9.13
1120609645_267197535_0,75.0,62.04,61.68,58.01,-12.96
1120609645_267197529_0,75.0,63.74,61.57,57.41,-11.26
1121909669_611760520_0,70.0,61.97,59.9,62.07,-8.03
1121909669_438642276_0,75.0,61.31,60.24,61.85,-13.69
1121909687_964926664_0,70.0,57.32,57.45,58.2,-12.68
1121909687_4221762842_0,70.0,60.01,56.75,59.75,-9.99
1121909720_515709461_0,70.0,61.12,61.72,61.3,-8.88
1121909720_438642254_0,75.0,60.61,61.35,61.85,-14.39
1121909739_964926662_0,70.0,58.22,59.63,58.7,-11.78
1121909739_427782427_0,70.0,61.34,63.14,61.45,-8.66
1121909765_3779322340_0,60.0,52.28,58.06,56.7,-7.72
1121909765_1121909843_0,60.0,52.51,55.1,56.45,-7.49
1121909765_956387373_0,60.0,50.94,52.88,55.8,-9.06
1121909787_769140898_0,75.0,60.25,58.32,60.0,-14.75
1121909787_428504431_0,70.0,61.08,59.65,59.15,-8.92
1121909818_438642254_0,70.0,61.24,62.8,61.4,-8.76
1121909818_515709461_0,75.0,60.04,59.33,59.95,-14.96
1121909843_1121909765_0,60.0,52.51,55.1,56.45,-7.49
1121909843_1875840117_0,60.0,51.21,50.87,56.7,-8.79
1121909843_1875844648_0,60.0,50.9,52.86,56.2,-9.1
1122581610_264520480_0,80.0,65.74,65.69,62.8,-14.26
1122581610_265041475_0,80.0,68.56,66.13,64.9,-11.44
1122581614_4781786289_0,80.0,68.07,67.22,65.3,-11.93
1122581614_1122581768_0,80.0,66.21,64.16,66.1,-13.79
1122581637_1122581709_0,80.0,67.05,66.68,66.2,-12.95
1122581637_620859606_0,80.0,67.15,64.34,65.05,-12.85
1122581651_249078277_0,75.0,67.53,67.23,65.35,-7.47
1122581651_253535849_0,75.0,62.82,63.17,65.5,-12.18
1122581651_249078283_0,75.0,67.46,64.94,65.35,-7.54
1122581688_960117096_0,75.0,66.98,62.39,64.45,-8.02
1122581688_135563030_0,75.0,65.65,64.09,64.75,-9.35
1122581688_263226734_0,75.0,65.05,66.2,64.7,-9.95
1122581709_1122581614_0,80.0,68.34,66.73,65.9,-11.66
1122581709_250167886_0,75.0,67.53,65.09,66.2,-7.47
1122581711_528894523_0,75.0,61.8,59.58,60.88,-13.2
1122581711_30575136_0,75.0,63.34,58.94,60.88,-11.66
1122581751_213564664_0,75.0,58.43,55.7,59.25,-16.57
1122581751_213564671_0,75.0,61.78,61.37,61.4,-13.22
1122581754_4186449172_0,75.0,65.78,66.66,65.0,-9.22
1122581754_249078299_0,75.0,65.29,67.93,66.25,-9.71
1122581768_1122581637_0,80.0,69.11,67.89,65.65,-10.89
1122581768_213564655_0,80.0,64.52,64.93,65.25,-15.48
1122775546_611760573_0,70.0,61.28,62.6,62.6,-8.72
1122775546_283248262_0,70.0,61.03,62.28,62.25,-8.97
1122775548_1122775564_0,70.0,61.64,61.53,61.6,-8.36
1122775548_1122775568_0,70.0,61.62,64.66,61.4,-8.38
1122775550_1122775546_0,70.0,61.18,63.12,62.7,-8.82
1122775550_283248262_0,70.0,60.98,63.67,61.8,-9.02
1122775560_1122775548_0,70.0,61.82,61.32,61.3,-8.18
1122775560_1122775566_0,70.0,63.18,62.13,61.8,-6.82
1122775561_1122775550_0,70.0,61.24,63.89,62.5,-8.76
1122775561_283248264_0,70.0,62.5,61.56,61.4,-7.5
1122775564_428504479_0,70.0,60.28,61.39,61.2,-9.72
1122775564_1122775568_0,70.0,61.86,65.34,62.8,-8.14
1122775566_428504483_0,70.0,62.49,60.46,60.35,-7.51
1122775566_1122775561_0,70.0,61.96,64.71,62.7,-8.04
1122775568_1122775566_0,70.0,61.96,64.66,62.8,-8.04
1123742304_256621266_0,75.0,60.93,65.82,63.65,-14.07
1123742304_387126488_0,75.0,63.28,66.45,64.45,-11.72
1123743274_260553208_0,75.0,62.36,67.69,65.1,-12.64
1123743274_260548235_0,75.0,63.45,66.43,63.1,-11.55
1124685263_249083558_0,70.0,66.99,67.59,63.25,-3.01
1124685263_960118869_0,75.0,64.38,63.73,64.4,-10.62
1124685325_1124685263_0,75.0,66.86,62.63,63.6,-8.14
1124685325_1124685263_1,75.0,63.65,62.14,63.2,-11.35
1124685332_249083563_0,75.0,66.63,62.7,63.75,-8.37
1124685332_1124685325_0,75.0,63.58,59.85,63.45,-11.42
1124685346_265560694_0,70.0,58.51,62.01,58.8,-11.49
1124685346_631811237_0,70.0,62.16,65.79,63.1,-7.84
1124783389_267198143_0,75.0,64.32,62.25,58.01,-10.68
1124783389_691370870_0,75.0,64.64,62.81,56.4,-10.36
1124792383_1062619986_0,75.0,64.79,63.22,64.25,-10.21
1125481664_252658057_0,75.0,57.52,64.37,61.75,-17.48
1125481664_264045728_0,75.0,58.2,62.32,62.45,-16.8
1125481668_248956762_0,75.0,66.5,59.3,63.9,-8.5
1125481668_30389508_0,60.0,65.65,67.73,65.0,5.65
1125481669_259485178_0,75.0,58.31,63.78,61.95,-16.69
1125481669_6184949388_0,75.0,58.32,61.06,60.66,-16.68
1125481680_265034216_0,75.0,59.29,62.41,61.1,-15.71
1125481680_252658062_0,75.0,58.88,62.5,61.0,-16.12
1125481685_252658066_0,75.0,58.76,65.27,62.45,-16.24
1125481685_915437396_0,75.0,56.3,63.39,59.5,-18.7
1126848511_249786696_0,75.0,60.86,61.64,65.05,-14.14
1126848511_1126848602_0,75.0,64.45,63.34,64.45,-10.55
1126848525_5816259374_0,75.0,55.67,63.13,59.5,-19.33
1126848525_915437377_0,75.0,53.2,55.98,57.17,-21.8
1126848538_259483689_0,75.0,62.1,59.7,64.25,-12.9
1126848538_1126848554_0,75.0,64.5,63.05,65.15,-10.5
1126848554_1126848511_0,75.0,63.53,63.11,65.55,-11.47
1126848554_248956767_0,75.0,63.92,63.67,64.65,-11.08
1126848602_1126848538_0,75.0,62.31,62.59,65.6,-12.69
1126848602_34756886_0,75.0,63.9,59.76,60.95,-11.1
1128031252_941539681_0,75.0,66.57,65.42,65.05,-8.43
1128031252_264098495_0,75.0,65.56,65.87,64.95,-9.44
1128031334_2967941402_0,80.0,66.18,64.19,65.4,-13.82
1128031334_59749788_0,80.0,64.66,66.54,65.5,-15.34
1128031337_934038225_0,75.0,61.38,58.62,58.55,-13.62
1128031337_41145818_0,75.0,64.89,65.13,64.75,-10.11
1128031341_252406078_0,80.0,64.15,64.76,64.75,-15.85
1128031341_263313582_0,80.0,66.27,63.91,65.45,-13.73
1129726672_2632520770_0,50.0,58.69,68.11,64.3,8.69
1129726672_1129726684_0,55.0,58.96,67.5,64.3,3.96
1129726684_587661909_0,50.0,59.19,67.5,64.3,9.19
1129726684_1129726672_0,55.0,58.96,67.5,64.3,3.96
1129767831_919682876_0,75.0,58.74,55.62,60.77,-16.26
1129767831_5062002175_0,75.0,56.73,59.85,58.95,-18.27
1129767831_919682879_0,75.0,58.95,57.5,60.47,-16.05
1129777323_933272792_0,75.0,61.02,56.16,58.72,-13.98
1129777323_919407407_0,70.0,63.14,61.65,62.85,-6.86
1130113541_263781641_0,75.0,65.94,67.22,66.1,-9.06
1130113541_510134415_0,75.0,66.74,67.54,65.4,-8.26
1138865799_30389501_0,75.0,66.39,65.19,65.3,-8.61
1138865799_4705319734_0,80.0,66.95,63.78,65.3,-13.05
1138926306_248808640_0,70.0,60.24,59.82,58.8,-9.76
1138926306_727417622_0,75.0,71.88,66.76,64.55,-3.12
1139305194_919731543_0,80.0,66.2,69.39,65.55,-13.8
1139305194_287566618_0,75.0,61.14,65.47,64.4,-13.86
1139943293_11390284688_0,65.0,50.62,54.45,52.15,-14.38
1139943370_1139943586_0,60.0,75.92,49.45,56.75,15.92
1139943393_1139943370_0,55.0,76.87,50.99,56.6,21.87
1139943416_2934163063_0,55.0,53.92,56.31,53.85,-1.08
1139943534_1139943615_0,55.0,76.27,50.28,55.95,21.27
1139943534_1139943393_0,60.0,76.2,50.28,55.85,16.2
1139943570_567211575_0,65.0,50.55,50.34,53.3,-14.45
1139943570_1139943416_0,60.0,49.95,50.17,53.2,-10.05
1139943586_1139943534_0,60.0,75.07,50.44,54.1,15.07
1139943613_440051093_0,60.0,59.25,54.91,54.95,-0.75
1139943615_2486116278_0,50.0,74.84,50.52,56.37,24.84
1139943615_1139943393_0,55.0,77.01,50.28,56.0,22.01
1146352851_59751392_0,70.0,59.92,63.29,62.4,-10.08
1146352851_6521175200_0,65.0,58.46,55.83,52.4,-6.54
1146352851_5373960825_0,70.0,58.56,52.04,51.85,-11.44
1146410468_30575378_0,70.0,60.28,60.46,59.15,-9.72
1146410468_1490641500_0,65.0,58.34,57.63,57.7,-6.66
1147285044_2383665450_0,70.0,49.74,61.05,54.88,-20.26
1147285044_306430955_0,50.0,54.47,62.34,58.12,4.47
1147285052_2383665465_0,70.0,57.17,57.9,59.57,-12.83
1147285052_1444709631_0,75.0,57.85,57.05,60.27,-17.15
1147285063_1444709623_0,70.0,50.15,55.32,56.65,-19.85
1147285063_12119009677_0,55.0,50.48,60.87,59.1,-4.52
1147285063_2383665450_0,70.0,50.0,60.75,57.45,-20.0
1147616992_529120088_0,65.0,46.24,53.27,55.6,-18.76
1147616999_529120088_0,65.0,46.63,54.37,56.2,-18.37
1147616999_1147616992_0,65.0,46.67,54.93,56.0,-18.33
1152832782_529120085_0,65.0,46.46,53.48,55.2,-18.54
1152832797_1152832782_0,65.0,46.44,52.53,55.45,-18.56
1152832797_529120152_0,65.0,46.57,57.02,56.65,-18.43
1152869659_529120100_0,55.0,44.44,55.38,56.52,-10.56
1152869659_1152869661_0,55.0,44.27,57.37,55.68,-10.73
1152869661_1497207156_0,60.0,44.3,59.03,59.05,-15.7
1152874508_3374103225_0,65.0,48.28,57.01,58.65,-16.72
1152874508_1152874520_0,60.0,43.54,57.31,55.29,-16.46
1152874517_3374103218_0,50.0,43.08,53.13,52.85,-6.92
1152874517_529120073_0,55.0,43.35,52.23,52.8,-11.65
1152874517_1152874520_0,50.0,41.86,56.39,55.22,-8.14
1152874520_1152874521_0,55.0,43.74,56.38,55.75,-11.26
1152874520_1152874517_0,50.0,41.86,56.39,55.22,-8.14
1152874521_1152869661_0,60.0,44.03,54.18,56.87,-15.97
1154879932_3833995751_0,55.0,70.43,54.13,58.1,15.43
1154879932_9319464145_0,50.0,68.55,54.81,55.05,18.55
1154879981_440058862_0,50.0,67.57,53.08,55.1,17.57
1154879981_440058849_0,50.0,70.25,55.21,58.3,20.25
1156353851_12986399497_0,60.0,42.79,57.1,55.85,-17.21
1156390926_310243599_0,60.0,47.8,59.1,56.08,-12.2
1156449928_1156449929_0,60.0,48.65,60.91,57.68,-11.35
1156449928_355738501_0,70.0,48.88,61.65,56.95,-21.12
1156449929_1156449928_0,60.0,48.65,60.91,57.68,-11.35
1156466180_529120076_0,70.0,54.08,59.32,59.92,-15.92
1156466180_1156466195_0,55.0,47.18,61.97,57.68,-7.82
1156466180_529120075_0,70.0,54.02,60.97,59.72,-15.98
1156466195_1156466180_0,55.0,47.18,61.97,57.68,-7.82
1165667882_1368879214_0,55.0,56.88,53.24,54.5,1.88
1207410005_13370025787_0,45.0,48.98,55.03,56.1,3.98
1207410082_13370025787_0,55.0,49.39,53.8,56.4,-5.61
1207410082_2496768405_0,60.0,52.64,49.37,55.15,-7.36
1207410097_534290840_0,60.0,66.06,53.52,53.85,6.06
1207410097_2459974932_0,60.0,66.77,43.39,52.65,6.77
1207410113_2470033450_0,55.0,65.57,53.52,53.4,10.57
1207414516_2496714488_0,50.0,56.66,55.11,53.5,6.66
1207414620_1768666014_0,45.0,34.46,51.05,41.76,-10.54
1207414628_2497462616_0,50.0,49.83,56.44,54.0,-0.17
1207414656_2429502779_0,60.0,47.54,58.09,53.43,-12.46
1237282414_449832545_0,65.0,54.77,55.28,57.18,-10.23
1237282414_449840216_0,65.0,54.89,58.34,56.95,-10.11
1240847107_2383692435_0,55.0,52.09,52.42,55.15,-2.91
1240847107_5168684776_0,55.0,52.36,52.31,54.5,-2.64
1240847107_2383692434_0,65.0,54.35,55.79,54.8,-10.65
1246280651_1246280670_0,60.0,54.98,53.31,51.25,-5.02
1246280651_57308239_0,60.0,55.94,50.6,51.3,-4.06
1246280654_420594902_0,65.0,56.16,60.29,58.07,-8.84
1246280654_1246618703_0,65.0,55.55,53.21,54.75,-9.45
1246280668_1246280670_0,60.0,53.94,49.54,50.65,-6.06
1246280670_7147527194_0,60.0,54.25,50.43,51.85,-5.75
1246280670_1246280651_0,60.0,54.98,53.31,51.25,-5.02
1246280670_1246280668_0,60.0,53.94,49.54,50.65,-6.06
1246280690_421377313_0,60.0,55.02,50.94,52.6,-4.98
1246280706_1246280651_0,60.0,56.1,51.29,52.55,-3.9
1246280708_1246280832_0,55.0,54.68,57.49,60.85,-0.32
1246280761_5435518602_0,65.0,55.23,52.02,53.22,-9.77
1246280761_1246280802_0,65.0,55.15,52.31,54.95,-9.85
1246280802_421374932_0,65.0,55.0,50.86,54.05,-10.0
1246280802_421375347_0,65.0,55.02,55.32,54.28,-9.98
1246280832_2594285269_0,60.0,54.62,56.36,62.25,-5.38
1246280832_1246280708_0,55.0,54.7,57.48,61.35,-0.3
1246618243_614632783_0,75.0,59.26,58.52,58.27,-15.74
1246618243_264535869_0,75.0,59.1,57.54,56.0,-15.9
1246618243_614631966_0,75.0,58.66,58.72,58.07,-16.34
1246618253_297521626_0,70.0,65.07,61.89,65.6,-4.93
1246618253_263336619_0,70.0,64.83,62.11,64.95,-5.17
1246618315_1246618470_0,50.0,48.38,45.65,52.45,-1.62
1246618339_369648448_0,65.0,55.31,53.49,53.6,-9.69
1246618339_1246618625_0,55.0,55.56,52.07,53.55,0.56
1246618391_263361477_0,80.0,67.77,67.39,66.0,-12.23
1246618391_4289502653_0,80.0,65.07,66.58,65.1,-14.93
1246618446_1332251752_0,70.0,59.31,71.81,64.4,-10.69
1246618446_1246618704_0,80.0,62.07,70.38,65.5,-17.93
1246618456_421373121_0,65.0,55.46,54.3,54.95,-9.54
1246618456_1246618703_0,55.0,53.86,52.97,53.68,-1.14
1246618470_1246618731_0,60.0,47.83,44.27,50.15,-12.17
1246618470_2497378575_0,60.0,49.58,47.82,52.45,-10.42
1246618470_1246618315_0,50.0,48.41,46.51,52.6,-1.59
1246618538_926997683_0,65.0,57.15,61.6,58.65,-7.85
1246618538_427777226_0,70.0,57.09,59.94,58.6,-12.91
1246618538_2606288367_0,70.0,57.24,63.79,58.85,-12.76
1246618538_452111797_0,70.0,57.32,62.73,59.2,-12.68
1246618542_614631986_0,75.0,60.46,61.16,57.85,-14.54
1246618542_1618969814_0,75.0,60.22,60.64,56.95,-14.78
1246618586_632249709_0,75.0,63.15,66.92,64.0,-11.85
1246618586_632249719_0,70.0,61.33,67.13,61.95,-8.67
1246618586_158676840_0,75.0,64.13,67.21,65.85,-10.87
1246618597_1246618744_0,60.0,55.31,50.6,50.95,-4.69
1246618625_1246618339_0,55.0,55.54,52.55,53.55,0.54
1246618649_2497378575_0,60.0,48.35,50.95,51.2,-11.65
1246618649_1246618679_0,60.0,44.9,45.23,43.56,-15.1
1246618653_469992014_0,75.0,60.97,64.3,65.44,-14.03
1246618653_937816843_0,75.0,59.34,65.07,65.11,-15.66
1246618653_30438757_0,75.0,66.02,65.61,64.48,-8.98
1246618679_1246618649_0,60.0,44.9,45.23,43.56,-15.1
1246618701_666992547_0,60.0,53.87,62.81,59.75,-6.13
1246618703_420594913_0,65.0,55.25,51.57,54.25,-9.75
1246618703_1246618456_0,55.0,53.86,52.97,53.68,-1.14
1246618704_1139305194_0,80.0,67.37,68.65,65.9,-12.63
1246618704_1246618446_0,80.0,62.07,70.38,65.5,-17.93
1246618704_9891272564_0,80.0,61.44,69.0,65.1,-18.56
1246618731_1246618470_0,60.0,47.83,44.27,50.15,-12.17
1246618732_297521628_0,75.0,64.21,61.58,64.3,-10.79
1246618732_263336637_0,75.0,62.78,63.73,63.3,-12.22
1246618741_449895718_0,55.0,57.33,58.23,59.1,2.33
1246618744_1246618597_0,60.0,55.31,50.6,50.95,-4.69
1246618744_611752015_0,65.0,55.55,52.87,53.9,-9.45
1246744979_30438446_0,75.0,63.2,68.19,66.55,-11.8
1246744979_41430291_0,75.0,66.58,68.75,66.65,-8.42
1246745025_1246745098_0,50.0,49.73,70.27,65.35,-0.27
1246745040_257887571_0,50.0,60.5,67.89,65.35,10.5
1246745077_1246745040_0,50.0,60.65,69.22,67.7,10.65
1246745094_1246745223_0,55.0,62.75,69.72,67.2,7.75
1246745094_2985726150_0,60.0,56.67,69.49,67.15,-3.33
1246745098_1246744964_0,50.0,49.52,69.03,62.93,-0.48
1246745107_1246745077_0,60.0,55.27,63.66,61.95,-4.73
1246745107_473832161_0,60.0,55.67,62.64,62.25,-4.33
1246745113_6761865168_0,50.0,55.13,67.62,64.65,5.13
1246745128_1246745107_0,60.0,54.78,61.64,62.65,-5.22
1246745128_473833310_0,60.0,55.18,65.91,62.82,-4.82
1246745142_1246745113_0,50.0,55.18,67.48,64.35,5.18
1246745142_6761865171_0,50.0,55.33,68.7,64.65,5.33
1246745166_937816850_0,75.0,58.28,65.68,63.1,-16.72
1246745166_30438464_0,75.0,65.55,67.39,65.6,-9.45
1246745223_258371201_0,60.0,62.61,61.63,63.35,2.61
1246745223_2985726150_0,60.0,56.05,55.79,62.35,-3.95
1248494919_3845948768_0,65.0,56.45,53.36,52.35,-8.55
1248494919_427787372_0,60.0,56.58,54.3,52.2,-3.42
1265209355_441390146_0,60.0,57.04,65.3,64.96,-2.96
1265209355_513536072_0,60.0,64.36,65.36,65.38,4.36
1267225849_1267225872_0,75.0,65.64,64.19,65.2,-9.36
1267225872_250175487_0,75.0,64.44,60.47,60.45,-10.56
1267225913_135562939_0,75.0,65.92,63.3,61.75,-9.08
1267225913_135562914_0,75.0,65.81,63.13,61.7,-9.19
1267225987_213741731_0,75.0,64.6,63.13,62.3,-10.4
1267225987_213741711_0,75.0,63.46,66.7,60.15,-11.54
1267575530_34756850_0,70.0,57.24,58.53,60.9,-12.76
1267575588_248935422_0,70.0,57.48,56.62,53.18,-12.52
1267575588_1267576344_0,75.0,57.21,54.55,56.75,-17.79
1267576053_1267575588_0,75.0,57.25,54.85,56.15,-17.75
1267576080_267195694_0,65.0,54.08,58.23,52.05,-10.92
1267576170_267195312_0,75.0,55.23,56.36,56.85,-19.77
1267576170_267195315_0,75.0,58.55,59.49,59.75,-16.45
1267576344_259483721_0,75.0,60.5,53.2,59.24,-14.5
1267576676_267195346_0,65.0,53.03,49.76,49.75,-11.97
1267576676_267195313_0,60.0,53.16,54.28,49.8,-6.84
1268294701_265044310_0,70.0,61.83,61.68,59.7,-8.17
1268294948_265044301_0,70.0,58.11,61.59,60.6,-11.89
1268294948_1268294701_0,70.0,60.82,61.77,58.55,-9.18
1268313935_249502427_0,75.0,64.23,63.88,63.5,-10.77
1268313935_249504723_0,70.0,59.94,59.72,60.55,-10.06
1268313935_30575136_0,80.0,64.1,64.19,62.95,-15.9
1268313956_249757450_0,75.0,63.85,63.1,63.07,-11.15
1268313956_30575358_0,75.0,64.21,62.38,62.3,-10.79
1270508659_933399737_0,55.0,52.94,48.84,46.8,-2.06
1270508659_243466470_0,55.0,54.02,51.36,47.45,-0.98
1270508680_1270509242_0,55.0,51.08,44.69,46.8,-3.92
1270508753_1312823961_0,70.0,60.11,58.09,59.1,-9.89
1270508755_58850762_0,60.0,56.28,54.87,53.45,-3.72
1270508755_1270508974_0,60.0,55.09,50.95,49.45,-4.91
1270508769_1270509012_0,60.0,53.44,49.44,47.75,-6.56
1270508769_1270509242_0,55.0,53.4,49.61,47.65,-1.6
1270508805_1607095288_0,55.0,56.89,51.8,53.95,1.89
1270508805_1270508753_0,65.0,57.12,58.25,56.15,-7.88
1270508974_1270509064_0,55.0,54.14,52.9,48.1,-0.86
1270508974_1270508755_0,60.0,55.09,50.95,49.45,-4.91
1270509012_1270508974_0,55.0,53.97,52.57,47.9,-1.03
1270509012_1270509064_0,55.0,53.8,52.34,48.3,-1.2
1270509064_1270508769_0,55.0,54.0,51.19,49.25,-1.0
1270509109_243466470_0,60.0,56.3,53.39,50.9,-3.7
1270509242_1270508769_0,55.0,53.4,49.61,47.65,-1.6
1270509242_1270508839_0,55.0,51.84,45.27,47.2,-3.16
1271400361_355732243_0,70.0,48.95,58.55,59.1,-21.05
1271400361_310243598_0,65.0,48.0,57.94,54.65,-17.0
1273377668_263781788_0,80.0,65.98,64.58,65.15,-14.02
1273377668_156334227_0,80.0,65.59,66.28,65.9,-14.41
1273377689_6249745383_0,65.0,59.96,61.32,57.7,-5.04
1273378027_1138926306_0,75.0,62.62,62.56,64.2,-12.38
1273378027_727417622_0,75.0,67.46,64.2,65.5,-7.54
1273378356_30389498_0,75.0,68.03,67.31,65.0,-6.97
1273378356_249092457_0,70.0,64.44,62.52,63.55,-5.56
1288034471_4487330153_0,65.0,57.47,56.88,54.65,-7.53
1288034522_1503514121_0,60.0,55.5,58.57,58.6,-4.5
1288034522_213598906_0,70.0,57.58,64.85,60.0,-12.42
1288034522_1311858425_0,70.0,57.5,64.3,59.25,-12.5
1288034554_921128240_0,60.0,56.46,55.38,56.48,-3.54
1307609211_297511679_0,70.0,57.31,55.94,53.4,-12.69
1307609211_297511673_0,70.0,57.99,57.6,56.9,-12.01
1307609211_1307609248_0,65.0,56.78,58.44,53.6,-8.22
1307609248_297511681_0,65.0,57.78,60.65,56.95,-7.22
1307609248_1307609211_0,65.0,56.78,58.44,53.6,-8.22
1307609338_297511680_0,60.0,55.49,51.47,52.3,-4.51
1307609344_421759887_0,70.0,66.59,64.43,63.87,-3.41
1307751423_297513084_0,70.0,58.7,60.52,57.38,-11.3
1307751423_1307751541_0,65.0,57.99,57.82,56.8,-7.01
1307751430_297514017_0,65.0,55.37,62.59,55.65,-9.63
1307751430_1307751546_0,65.0,55.93,61.32,56.9,-9.07
1307751436_2593879693_0,70.0,63.2,64.51,63.85,-6.8
1307751436_2288321411_0,65.0,63.95,63.94,61.7,-1.05
1307751541_1307751546_0,65.0,57.56,58.29,57.15,-7.44
1307751541_1307751423_0,65.0,57.99,57.82,56.8,-7.01
1307751546_12383397711_0,65.0,56.31,56.82,55.45,-8.69
1307751546_1307751430_0,65.0,55.93,61.32,56.9,-9.07
1307751546_1307751541_0,65.0,57.56,58.29,57.15,-7.44
1307751546_297513063_0,60.0,55.02,53.37,54.9,-4.98
1310079639_32039350_0,75.0,62.65,59.02,65.8,-12.35
1310079639_265040829_0,70.0,60.36,62.08,62.85,-9.64
1310124745_249502603_0,75.0,65.59,74.77,69.1,-9.41
1310124745_263340813_0,75.0,61.05,71.46,68.95,-13.95
1310125523_1310124745_0,75.0,60.92,72.52,68.95,-14.08
1310125523_249502603_0,75.0,60.62,71.27,68.95,-14.38
1311723196_252658115_0,75.0,53.29,52.04,51.95,-21.71
1311723196_1312021853_0,70.0,52.53,54.22,52.0,-17.47
1311723196_1311723220_0,65.0,52.64,48.85,50.1,-12.36
1311723220_1312021929_0,60.0,52.45,53.17,49.95,-7.55
1311723220_1311723196_0,65.0,52.64,48.85,50.1,-12.36
1311858405_1037367282_0,70.0,57.7,58.67,59.25,-12.3
1311858405_265563613_0,70.0,57.77,62.04,59.15,-12.23
1311858407_1311858424_0,65.0,56.2,62.95,58.8,-8.8
1311858410_1311858425_0,65.0,55.4,57.65,57.85,-9.6
1311858424_1311858425_0,70.0,58.0,65.86,59.85,-12.0
1311858424_265563576_0,70.0,57.91,62.74,59.85,-12.09
1311858424_1311858407_0,65.0,56.2,62.95,58.8,-8.8
1311858425_1311858410_0,65.0,55.4,57.65,57.85,-9.6
1311858425_1288034522_0,70.0,57.5,64.3,59.25,-12.5
1311858425_1311858424_0,70.0,58.0,65.86,59.85,-12.0
1312021815_259483720_0,75.0,60.51,54.65,58.99,-14.49
1312021815_1267576053_0,75.0,57.01,56.84,55.4,-17.99
1312021837_1312022681_0,60.0,54.33,51.51,52.8,-5.67
1312021842_1312022137_0,75.0,61.03,58.13,60.27,-13.97
1312021842_1312022535_0,75.0,57.15,58.26,58.35,-17.85
1312021853_1312022553_0,65.0,51.82,47.02,49.85,-13.18
1312021853_1311723196_0,70.0,52.53,54.22,52.0,-17.47
1312021853_1493188376_0,75.0,51.65,48.92,49.85,-23.35
1312021890_3587702038_0,70.0,56.41,54.36,56.4,-13.59
1312021890_1312022332_0,70.0,56.43,56.33,55.7,-13.57
1312021929_1312022558_0,55.0,52.49,50.97,50.9,-2.51
1312021933_1312022553_0,60.0,51.88,46.84,49.25,-8.12
1312021933_1312022472_0,60.0,51.8,47.39,50.05,-8.2
1312022137_292562679_0,75.0,60.84,55.71,59.72,-14.16
1312022155_1312021837_0,65.0,54.47,53.04,51.9,-10.53
1312022155_1312022518_0,65.0,54.7,52.85,51.8,-10.3
1312022332_1312022155_0,65.0,55.37,54.57,51.95,-9.63
1312022472_1312021933_0,60.0,51.52,48.4,50.25,-8.48
1312022518_1312021890_0,65.0,55.13,51.23,51.8,-9.87
1312022535_1312022137_0,75.0,56.89,56.49,57.6,-18.11
1312022535_3587702038_0,70.0,56.46,56.32,57.75,-13.54
1312022553_1312022472_0,60.0,52.11,47.01,48.85,-7.89
1312022553_1312021853_0,65.0,51.88,47.02,49.95,-13.12
1312022558_1311723220_0,65.0,52.41,53.65,50.1,-12.59
1312022558_1312021929_0,60.0,52.41,50.96,51.0,-7.59
1312022681_1312022518_0,65.0,54.54,53.32,51.8,-10.46
1312022681_1312021837_0,65.0,54.21,50.1,51.65,-10.79
1312329062_1312329074_0,75.0,52.12,53.83,58.05,-22.88
1312329062_708004996_0,65.0,51.55,52.63,54.15,-13.45
1312329062_5848576739_0,70.0,52.23,55.56,58.25,-17.77
1312329074_915437377_0,75.0,55.72,62.47,59.45,-19.28
1312397883_717885407_0,75.0,52.91,54.52,57.4,-22.09
1312397883_694829628_0,70.0,51.6,57.41,55.55,-18.4
1312823956_34756856_0,70.0,58.49,60.59,60.65,-11.51
1312823956_248093943_0,70.0,59.39,59.36,60.9,-10.61
1312823961_1312823956_0,70.0,59.72,60.21,61.05,-10.28
1312823961_1312823956_1,65.0,59.61,61.59,61.15,-5.39
1314648972_265563564_0,65.0,53.46,56.37,57.01,-11.54
1314648976_264545093_0,70.0,58.61,64.75,59.5,-11.39
1314648976_260300617_0,70.0,58.55,60.93,59.45,-11.45
1314648976_1314648999_0,55.0,54.22,55.47,57.2,-0.78
1314648979_1314649019_0,60.0,55.24,53.01,56.08,-4.76
1314648987_297493269_0,65.0,54.43,52.83,51.52,-10.57
1314648987_1314649011_0,65.0,54.5,53.04,51.83,-10.5
1314648990_1314649019_0,65.0,55.8,54.61,54.78,-9.2
1314648990_266360953_0,65.0,55.79,52.63,55.02,-9.21
1314648990_264545472_0,65.0,55.22,52.03,54.68,-9.78
1314648990_1314649007_0,65.0,55.74,53.38,55.42,-9.26
1314648995_1314649019_0,65.0,54.96,49.3,53.85,-10.04
1314648995_416517341_0,65.0,55.03,53.72,54.95,-9.97
1314648995_264545472_0,65.0,54.69,55.65,54.95,-10.31
1314648999_1314648976_0,55.0,54.2,53.93,57.1,-0.8
1314649007_1314648990_0,65.0,55.74,53.38,55.42,-9.26
1314649011_264540567_0,60.0,54.43,56.52,54.72,-5.57
1314649012_265563600_0,65.0,54.29,53.3,51.05,-10.71
1314649019_266360958_0,65.0,55.2,54.01,54.45,-9.8
1314649019_1314648990_0,65.0,55.8,54.61,54.78,-9.2
1314649019_1314648995_0,65.0,54.96,49.3,53.85,-10.04
1314649019_1314648979_0,60.0,55.24,53.01,56.08,-4.76
1314847091_264273147_0,65.0,57.77,62.12,56.9,-7.23
1315000552_9770112934_0,65.0,54.6,56.29,55.15,-10.4
1315000586_1619562950_0,65.0,56.84,54.66,56.22,-8.16
1315000586_264537326_0,65.0,55.86,54.76,54.52,-9.14
1315000588_264540598_0,65.0,54.16,54.44,50.88,-10.84
1315000588_762058868_0,65.0,54.12,50.75,52.1,-10.88
1315000596_1315000588_0,60.0,54.81,54.74,56.27,-5.19
1315000596_762058878_0,60.0,55.48,55.31,55.52,-4.52
1315000605_297493276_0,60.0,53.95,55.38,53.6,-6.05
1315000605_264540583_0,60.0,54.07,53.93,55.27,-5.93
1315000607_264537399_0,70.0,59.8,60.43,59.55,-10.2
1315204592_1563527792_0,75.0,62.19,65.46,67.75,-12.81
1315204652_675703819_0,75.0,65.79,62.14,65.85,-9.21
1320176409_919671060_0,75.0,61.1,56.72,57.85,-13.9
1320176409_919671050_0,70.0,57.76,55.6,55.4,-12.24
1320176502_6184949385_0,75.0,58.43,62.14,62.75,-16.57
1320176502_683834227_0,70.0,55.16,57.53,57.55,-14.84
1322287260_267196196_0,70.0,53.2,55.65,55.1,-16.8
1322287260_267195311_0,75.0,53.61,56.48,58.45,-21.39
1323633883_287952191_0,65.0,57.02,57.32,55.91,-7.98
1323633883_287952166_0,65.0,57.07,59.66,57.6,-7.93
1323633992_265560649_0,70.0,58.76,59.64,56.9,-11.24
1323633992_1323634341_0,55.0,58.68,55.51,56.8,3.68
1323634341_265560691_0,65.0,58.77,59.25,57.7,-6.23
1323634341_1323633992_0,55.0,58.68,55.51,56.8,3.68
1324964075_249502585_0,75.0,62.26,64.72,63.25,-12.74
1324964419_528894522_0,75.0,62.97,60.01,60.41,-12.03
1324964419_528894448_0,75.0,63.06,59.71,61.05,-11.94
1324965424_1324968913_0,60.0,58.84,57.4,57.55,-1.16
1324965424_264100213_0,65.0,58.19,61.24,58.31,-6.81
1324966201_385141260_0,75.0,64.74,61.03,63.37,-10.26
1324966608_263301837_0,80.0,60.66,61.14,61.55,-19.34
1324966608_59749788_0,80.0,66.05,62.1,65.45,-13.95
1324968913_1324965424_0,60.0,58.84,57.4,57.55,-1.16
1324969288_266186645_0,65.0,57.07,51.5,51.8,-7.93
1324969288_1324965903_0,65.0,56.73,49.47,51.75,-8.27
1324970384_263781896_0,60.0,56.9,54.76,54.0,-3.1
1324970384_611794745_0,55.0,56.45,57.58,55.9,1.45
1324970655_249082544_0,70.0,60.86,62.01,60.58,-9.14
1324970655_249082572_0,70.0,60.89,61.37,60.95,-9.11
1324970933_249502430_0,65.0,59.22,59.34,58.2,-5.78
1324970933_249504684_0,65.0,58.64,54.77,56.15,-6.36
1324971603_249502517_0,70.0,60.62,62.16,58.25,-9.38
1324971890_249350179_0,70.0,60.75,62.7,60.0,-9.25
1324971890_3844358018_0,70.0,60.37,60.22,58.85,-9.63
1326393197_3398799955_0,70.0,58.38,63.55,63.0,-11.62
1326393197_1326393697_0,60.0,59.66,64.16,66.15,-0.34
1326393254_473833152_0,60.0,50.17,48.86,50.35,-9.83
1326393254_11519499060_0,60.0,50.36,47.44,50.6,-9.64
1326393254_11519614408_0,45.0,48.76,45.47,49.95,3.76
1326393369_2935408171_0,65.0,59.02,65.07,61.1,-5.98
1326393534_421412418_0,65.0,57.54,59.9,59.05,-7.46
1326393534_1326394292_0,65.0,55.71,61.42,58.75,-9.29
1326393562_1326393703_0,65.0,56.52,59.27,58.0,-8.48
1326393562_3731778695_0,65.0,56.5,59.25,57.75,-8.5
1326393671_2386854599_0,70.0,58.07,56.88,58.7,-11.93
1326393697_1619563046_0,60.0,64.86,66.35,65.95,4.86
1326393698_283248099_0,60.0,57.83,59.77,59.6,-2.17
1326393698_1326393721_0,55.0,57.82,62.23,59.65,2.82
1326393703_1326393562_0,65.0,56.52,59.27,58.0,-8.48
1326393703_436623725_0,65.0,56.5,57.36,55.75,-8.5
1326393703_436623722_0,60.0,56.19,55.59,56.28,-3.81
1326393711_1326393671_0,65.0,58.26,57.74,58.9,-6.74
1326393721_1326393698_0,55.0,57.82,62.23,59.65,2.82
1326393721_1326394120_0,60.0,58.09,60.87,57.8,-1.91
1326393723_623903229_0,60.0,56.2,55.81,55.25,-3.8
1326393733_11519614388_0,60.0,50.93,48.2,51.6,-9.07
1326393733_12713337147_0,55.0,49.08,46.49,50.22,-5.92
1326393733_12713337151_0,60.0,50.76,48.09,51.65,-9.24
1326393754_283248367_0,65.0,58.0,59.66,57.9,-7.0
1326393789_1326393562_0,65.0,56.54,59.55,57.65,-8.46
1326393789_3731778695_0,65.0,58.06,58.81,57.3,-6.94
1326394120_1326393789_0,65.0,58.09,58.51,57.95,-6.91
1326394120_443058804_0,55.0,57.94,69.37,64.85,2.94
1326394161_1326393711_0,65.0,57.04,57.02,56.85,-7.96
1326394161_5313712920_0,60.0,55.64,53.98,56.55,-4.36
1326394292_3398802450_0,65.0,56.01,60.81,58.35,-8.99
1326394630_623903231_0,60.0,56.35,54.15,55.85,-3.65
1328388246_420822640_0,70.0,55.26,71.55,64.2,-14.74
1328388246_1328388519_0,70.0,54.71,71.42,64.65,-15.29
1328388249_420698951_0,60.0,54.14,53.86,55.75,-5.86
1328388257_641358897_0,60.0,54.66,51.7,54.4,-5.34
1328388257_1328388303_0,65.0,53.69,53.1,53.6,-11.31
1328388303_641358906_0,65.0,55.31,52.57,55.05,-9.69
1328388303_9693524939_0,65.0,53.06,53.81,54.75,-11.94
1328388360_4476904828_0,60.0,54.49,55.61,55.78,-5.51
1328388431_9693524938_0,60.0,50.88,47.78,48.5,-9.12
1328388473_965827162_0,75.0,57.64,67.44,62.4,-17.36
1328388473_296404702_0,75.0,56.36,65.51,61.45,-18.64
1328388519_420815802_0,70.0,55.0,73.17,64.8,-15.0
1328388691_420706647_0,60.0,49.94,46.86,48.6,-10.06
1328388741_420697258_0,65.0,54.95,62.09,59.9,-10.05
1328388823_1384903674_0,50.0,49.94,49.11,49.96,-0.06
1328388823_420726306_0,60.0,52.26,52.63,53.58,-7.74
1328388829_2669196538_0,60.0,50.72,47.64,48.25,-9.28
1328388829_1328388431_0,60.0,50.87,47.96,49.25,-9.13
1328388835_4583446057_0,70.0,55.72,66.16,64.15,-14.28
1328388855_1328388519_0,70.0,55.51,70.33,64.25,-14.49
1328388879_12492866509_0,75.0,67.04,61.63,65.05,-7.96
1328388879_263336735_0,75.0,65.93,61.1,65.0,-9.07
1328388881_1328388257_0,45.0,54.53,54.55,54.8,9.53
1332251314_296404759_0,70.0,55.41,54.19,53.5,-14.59
1332251314_1332251974_0,75.0,55.5,55.18,53.02,-19.5
1332251597_30438453_0,70.0,60.49,60.3,61.5,-9.51
1332251597_248951012_0,65.0,57.85,59.87,59.75,-7.15
1332251752_274103531_0,70.0,60.0,64.0,60.85,-10.0
1332251906_1332252332_0,70.0,58.78,59.56,57.88,-11.22
1332251906_4452524328_0,70.0,58.75,58.88,57.58,-11.25
1332252004_248950999_0,70.0,58.91,59.07,59.05,-11.09
1332252055_30575368_0,65.0,57.91,54.67,52.1,-7.09
1332252055_3949231230_0,65.0,58.5,59.29,56.6,-6.5
1332252189_1332251314_0,75.0,55.51,52.79,52.3,-19.49
1332252246_248951014_0,70.0,60.5,60.71,61.7,-9.5
1332252246_1332251597_0,70.0,58.6,58.97,60.9,-11.4
1332252258_274103554_0,75.0,61.35,62.39,61.77,-13.65
1332252332_1332251906_0,70.0,58.78,59.56,57.88,-11.22
1332252332_1332252055_0,65.0,58.62,58.85,56.88,-6.38
1332252332_3949235082_0,70.0,59.55,60.06,61.35,-10.45
1332310824_1332310783_0,65.0,58.03,55.87,51.9,-6.97
1332310824_1719184169_0,70.0,58.95,59.55,57.98,-11.05
1340619264_484747231_0,75.0,64.52,61.96,60.1,-10.48
1340619264_484789456_0,75.0,60.22,61.99,59.0,-14.78
1344923225_267195871_0,55.0,52.88,53.99,50.75,-2.12
1354684754_263691789_0,65.0,61.18,62.13,60.7,-3.82
1362671188_265563594_0,60.0,54.91,56.83,57.85,-5.09
1368879210_263815262_0,45.0,56.62,56.01,55.88,11.62
1368879214_1165667882_0,55.0,56.88,53.24,54.5,1.88
1381399721_30438489_0,75.0,67.02,65.18,65.6,-7.98
1381399732_296386910_0,75.0,69.69,64.52,64.95,-5.31
1383274405_1383274414_0,55.0,54.66,54.61,57.65,-0.34
1383274406_1383274407_0,55.0,55.06,52.14,54.15,0.06
1383274406_425981637_0,65.0,55.61,57.13,58.6,-9.39
1383274407_1383274406_0,55.0,55.06,52.14,54.15,0.06
1383274408_1383274412_0,45.0,54.84,55.88,57.85,9.84
1383274408_452117513_0,55.0,56.39,57.43,58.2,1.39
1383274412_1383274408_0,45.0,54.84,55.88,57.85,9.84
1383274414_1383274405_0,55.0,54.66,54.61,57.65,-0.34
1383274414_452117513_0,60.0,54.74,57.73,57.75,-5.26
1384762199_1618850388_0,60.0,54.48,54.16,54.9,-5.52
1384762199_11277312674_0,60.0,54.64,53.98,54.85,-5.36
1384762199_5269865947_0,60.0,52.0,52.89,54.25,-8.0
1384798991_323096882_0,60.0,54.92,54.83,55.3,-5.08
1384903669_641358948_0,65.0,53.88,54.74,54.35,-11.12
1384903674_1328388823_0,50.0,49.94,49.11,49.96,-0.06
1384903674_1384903819_0,50.0,49.94,50.9,49.62,-0.06
1384903674_1384903728_0,55.0,51.34,53.77,53.5,-3.66
1384903683_641359079_0,65.0,52.78,54.27,54.05,-12.22
1384903695_420726271_0,60.0,51.0,47.81,49.6,-9.0
1384903695_2669267605_0,50.0,49.56,45.62,50.31,-0.44
1384903703_641358933_0,60.0,53.7,54.46,52.8,-6.3
1384903728_1328388741_0,65.0,55.41,58.67,57.85,-9.59
1384903728_1384903674_0,55.0,51.34,53.77,53.5,-3.66
1384903753_1384903835_0,50.0,49.48,49.81,49.15,-0.52
1384903753_424286843_0,65.0,51.11,49.51,52.95,-13.89
1384903819_420726875_0,60.0,51.38,48.28,50.23,-8.62
1384903819_1384903674_0,50.0,49.94,50.9,49.62,-0.06
1384903835_1384903753_0,50.0,49.48,49.81,49.15,-0.52
1384903835_1384903882_0,50.0,49.01,47.59,49.1,-0.99
1384903850_1384903892_0,65.0,53.28,51.28,52.75,-11.72
1384903864_1384903850_0,65.0,52.09,48.45,52.9,-12.91
1384903864_420714024_0,65.0,52.14,47.64,53.4,-12.86
1384903882_1384903835_0,50.0,49.01,47.59,49.1,-0.99
1384903882_424286843_0,60.0,51.09,53.34,53.48,-8.91
1384903892_420723054_0,65.0,52.65,52.25,54.8,-12.35
1386854344_874252406_0,65.0,47.26,52.14,53.9,-17.74
1386854348_529119889_0,65.0,44.51,52.61,55.1,-20.49
1386854348_874250443_0,60.0,46.2,52.22,56.55,-13.8
1387246013_1387246026_0,55.0,54.57,57.22,54.8,-0.43
1387246013_442118613_0,60.0,54.81,59.96,58.2,-5.19
1387246026_1387329751_0,50.0,53.37,57.92,58.15,3.37
1387246026_442118531_0,65.0,54.4,55.03,54.3,-10.6
1387329751_1387246026_0,50.0,53.37,57.92,58.15,3.37
1387329751_296961295_0,65.0,57.49,58.92,59.4,-7.51
1387329772_296961305_0,65.0,54.93,59.69,59.15,-10.07
1387329772_1387329773_0,50.0,55.46,58.37,57.7,5.46
1387329773_296961296_0,65.0,57.86,56.21,58.3,-7.14
1387590541_1387595130_0,55.0,63.03,64.64,65.6,8.03
1387590541_1387595130_1,60.0,56.4,66.88,65.15,-3.6
1387595130_8900593513_0,60.0,64.76,69.02,68.15,4.76
1387595141_387126268_0,65.0,55.36,53.43,54.1,-9.64
1387627089_1387627095_0,65.0,56.11,58.18,58.4,-8.89
1387627089_442118667_0,70.0,59.41,60.13,61.0,-10.59
1387627089_387126233_0,70.0,58.56,59.51,60.2,-11.44
1387627093_436621395_0,70.0,58.58,62.52,60.0,-11.42
1387627093_436621573_0,65.0,55.43,59.21,57.8,-9.57
1387627093_369648453_0,70.0,58.5,62.65,60.15,-11.5
1387627095_436621575_0,60.0,55.67,58.47,56.5,-4.33
1387627100_387126233_0,65.0,56.03,57.5,58.3,-8.97
1387627100_1387627095_0,65.0,56.01,59.11,58.0,-8.99
1387627158_1387627171_0,60.0,53.36,53.41,53.42,-6.64
1387627158_1387627100_0,60.0,55.36,57.02,56.8,-4.64
1387627171_436621574_0,60.0,54.86,52.2,53.5,-5.14
1387627171_1387627158_0,60.0,53.36,53.41,53.42,-6.64
1387627205_442118829_0,60.0,58.04,68.77,66.8,-1.96
1387627215_1387627205_0,60.0,56.64,68.45,67.25,-3.36
1387627225_1387627215_0,60.0,56.31,66.4,62.15,-3.69
1387627225_387126235_0,60.0,56.64,61.24,58.55,-3.36
1387627235_436621575_0,60.0,55.38,57.57,58.5,-4.62
1387627235_1387627158_0,60.0,54.92,51.67,54.32,-5.08
1392635501_481390395_0,50.0,58.44,65.71,56.5,8.44
1392635501_1392635509_0,55.0,58.79,59.27,54.65,3.79
1392635509_481369153_0,55.0,58.7,57.87,55.25,3.7
1392635639_213598315_0,55.0,59.2,66.2,57.3,4.2
1392635639_481390840_0,55.0,57.47,62.35,57.05,2.47
1392635683_481390840_0,55.0,57.19,63.89,57.35,2.19
1392635683_213598315_0,55.0,59.15,67.65,56.95,4.15
1392635721_1392635729_0,50.0,57.12,69.34,55.35,7.12
1392635729_481372277_0,50.0,59.41,58.53,53.76,9.41
1392635729_1392635748_0,50.0,57.23,65.08,55.4,7.23
1392635748_481371162_0,50.0,56.19,61.2,55.7,6.19
1392635756_213598432_0,50.0,53.82,55.42,50.85,3.82
1392635787_4184007588_0,75.0,63.38,63.01,66.25,-11.62
1392635795_1392635787_0,75.0,59.54,62.75,64.05,-15.46
1392635795_213598723_0,75.0,63.16,64.84,66.42,-11.84
1394716373_1526525144_0,70.0,45.11,59.77,54.1,-24.89
1395008253_2015426389_0,75.0,62.18,65.11,64.97,-12.82
1395008266_296954718_0,75.0,66.86,68.9,66.45,-8.14
1395008266_1395008253_0,75.0,61.29,66.11,64.5,-13.71
1395083804_256133325_0,75.0,66.4,66.26,65.55,-8.6
1395083804_249077635_0,75.0,66.07,64.47,64.85,-8.93
1395083820_30438742_0,75.0,65.85,66.5,66.45,-9.15
1395083821_4541001276_0,75.0,59.39,63.91,63.35,-15.61
1395083821_1395083820_0,75.0,65.74,66.15,65.4,-9.26
1395083822_30575430_0,75.0,60.04,65.49,64.45,-14.96
1395083834_30438687_0,75.0,66.51,67.63,65.6,-8.49
1395083834_41430279_0,75.0,60.41,65.39,64.5,-14.59
1395083839_3949235082_0,70.0,60.2,63.75,62.85,-9.8
1395083839_59751391_0,75.0,65.08,65.86,65.9,-9.92
1395083840_41430285_0,75.0,66.77,65.28,64.35,-8.23
1395083840_30575382_0,75.0,61.72,65.11,65.42,-13.28
1423125767_287952168_0,65.0,54.21,55.06,55.35,-10.79
1423321520_422896923_0,65.0,51.75,54.08,54.72,-13.25
1423321520_1720906649_0,60.0,50.17,54.2,55.02,-9.83
1423321520_928227186_0,60.0,50.57,53.73,55.48,-9.43
1424278903_1424278914_0,55.0,51.52,51.85,55.62,-3.48
1424278903_428787311_0,65.0,52.79,58.99,56.65,-12.21
1424278906_666992564_0,65.0,52.43,49.95,55.5,-12.57
1424278914_666992563_0,60.0,53.2,54.81,56.5,-6.8
1424278918_1424278906_0,55.0,51.51,54.05,55.95,-3.49
1424278918_923106369_0,60.0,53.25,52.45,56.8,-6.75
1424278919_923085428_0,65.0,53.82,55.9,55.4,-11.18
1424278920_666992565_0,65.0,53.19,54.7,54.31,-11.81
1424278920_1424278927_0,55.0,51.8,56.48,54.22,-3.2
1424278924_1424278919_0,55.0,51.63,56.99,54.95,-3.37
1424278924_428787917_0,65.0,53.81,57.06,58.37,-11.19
1424278927_923152996_0,60.0,54.24,55.88,57.34,-5.76
1424313785_1424313789_0,60.0,49.78,52.63,55.68,-10.22
1424313785_4487727988_0,65.0,51.39,56.25,56.0,-13.61
1424313789_422905350_0,60.0,51.41,54.16,55.55,-8.59
1425047371_1425047375_0,65.0,49.81,53.81,56.28,-15.19
1425047371_1425047372_0,65.0,50.08,54.37,56.28,-14.92
1425047372_1425047371_0,65.0,50.08,54.37,56.28,-14.92
1425047372_529119872_0,65.0,49.69,53.64,56.73,-15.31
1425047372_1526525043_0,65.0,49.06,56.68,56.13,-15.94
1425047375_1425047376_0,65.0,49.11,54.54,55.48,-15.89
1425047375_529119872_0,65.0,49.49,55.86,56.53,-15.51
1425047375_1425047379_0,65.0,49.56,51.92,55.45,-15.44
1425047376_529119920_0,65.0,47.5,59.4,55.3,-17.5
1425047376_1425047375_0,65.0,49.11,54.54,55.48,-15.89
1425047376_529119902_0,65.0,46.49,59.34,54.8,-18.51
1425047379_1425047376_0,65.0,49.66,52.2,55.3,-15.34
1425047379_529119873_0,65.0,48.24,56.09,55.53,-16.76
1425047379_1425047372_0,65.0,50.27,52.2,55.45,-14.73
1425229792_264545419_0,55.0,57.81,60.07,59.68,2.81
1427158937_923085395_0,60.0,53.03,51.63,55.0,-6.97
1427158939_666992549_0,60.0,53.14,51.63,54.82,-6.86
1427158939_1427158944_0,55.0,51.82,53.83,54.22,-3.18
1427158942_1427158937_0,55.0,51.65,53.49,54.38,-3.35
1427158942_666992557_0,65.0,53.25,51.73,54.55,-11.75
1427158944_666992550_0,65.0,53.68,57.32,54.72,-11.32
1442151211_417280023_0,60.0,51.04,41.06,48.45,-8.96
1442151211_1442151225_0,55.0,51.01,42.1,48.85,-3.99
1442151218_1442151211_0,55.0,51.02,43.12,48.45,-3.98
1442151225_1442151237_0,55.0,51.11,44.46,48.7,-3.89
1442151229_417280029_0,55.0,51.04,43.55,47.9,-3.96
1442151229_1442151218_0,55.0,50.97,42.53,48.7,-4.03
1442151237_417280021_0,55.0,51.19,43.5,50.3,-3.81
1442151237_1442151247_0,55.0,51.23,44.28,50.5,-3.77
1442151247_1442151229_0,50.0,51.22,39.74,47.8,1.22
1444631661_6374569332_0,65.0,60.26,63.45,62.95,-4.74
1444709414_387126584_0,70.0,56.94,64.79,63.55,-13.06
1444709463_3730657427_0,60.0,52.58,67.93,64.85,-7.42
1444709463_4006577033_0,70.0,52.71,66.03,65.45,-17.29
1444709493_306430961_0,50.0,56.46,64.23,58.52,6.46
1444709507_306430955_0,45.0,56.46,65.25,57.8,11.46
1444709610_355738502_0,70.0,53.42,54.57,57.65,-16.58
1444709610_310241638_0,70.0,53.45,56.32,56.15,-16.55
1444709623_1147285063_0,70.0,50.15,55.32,56.65,-19.85
1444709623_1147285052_0,75.0,50.68,60.84,56.85,-24.32
1444709631_1147285052_0,75.0,57.85,57.05,60.27,-17.15
1444709631_1444709623_0,75.0,50.22,58.81,59.2,-24.78
1444709631_919682876_0,75.0,58.25,55.2,60.87,-16.75
1448135703_1314649012_0,65.0,54.34,53.88,50.65,-10.66
1454332829_1454332955_0,60.0,55.96,57.78,57.35,-4.04
1454332841_1454332843_0,60.0,54.43,55.46,53.13,-5.57
1454332841_1454332829_0,60.0,55.42,52.97,52.93,-4.58
1454332843_1950857628_0,60.0,54.3,51.62,52.6,-5.7
1454332843_1454332845_0,60.0,54.16,50.46,52.45,-5.84
1454332845_1454332841_0,60.0,54.81,51.89,51.83,-5.19
1454332860_1454332933_0,60.0,55.28,56.36,54.95,-4.72
1454332860_1950857612_0,65.0,55.89,57.72,55.9,-9.11
1454332885_1454332888_0,70.0,57.77,59.02,59.4,-12.23
1454332885_1950857630_0,70.0,58.23,59.49,59.85,-11.77
1454332888_1454332916_0,70.0,57.7,56.62,59.2,-12.3
1454332916_1454332955_0,70.0,57.66,56.62,58.6,-12.34
1454332916_1454332860_0,65.0,56.52,59.02,57.55,-8.48
1454332928_1392635795_0,70.0,59.05,62.47,64.15,-10.95
1454332928_1950857653_0,65.0,56.84,61.68,59.3,-8.16
1454332933_1454332829_0,60.0,55.28,55.23,53.98,-4.72
1454332933_1950857621_0,60.0,54.93,52.93,54.55,-5.07
1454332949_1950857631_0,60.0,55.19,48.15,52.6,-4.81
1454332949_3143469869_0,60.0,55.37,50.04,54.0,-4.63
1454332955_1950857594_0,70.0,57.4,58.26,58.3,-12.6
1454751154_3428376774_0,55.0,56.94,52.79,55.0,1.94
1454751154_3730572070_1,55.0,56.0,52.95,55.1,1.0
1455377775_666992552_0,60.0,52.85,53.23,55.15,-7.15
1455377778_666992561_0,65.0,52.25,53.7,55.35,-12.75
1455377780_1455377775_0,55.0,51.13,51.15,55.18,-3.87
1455377780_923085423_0,65.0,52.89,54.17,56.87,-12.11
1456072951_263781778_0,70.0,58.13,58.1,59.75,-11.87
1475331036_436622963_0,55.0,56.68,55.76,55.05,1.68
1475331037_3731778677_0,70.0,58.44,67.94,66.5,-11.56
1475331037_3731778658_0,70.0,58.28,62.52,57.5,-11.72
1475331042_3731778677_0,70.0,58.73,66.71,66.25,-11.27
1475331042_495956896_0,70.0,63.56,67.16,65.95,-6.44
1475331052_1475331060_0,60.0,55.99,54.19,53.85,-4.01
1475331056_495956897_0,55.0,63.75,68.58,67.05,8.75
1475331060_1475331066_0,55.0,56.06,55.14,54.15,1.06
1475331061_2027174156_0,65.0,56.82,53.32,56.55,-8.18
1475331061_1475331066_0,65.0,56.48,55.18,56.7,-8.52
1475331064_436623702_0,65.0,55.9,54.62,53.9,-9.1
1475331066_1475331071_0,65.0,56.32,56.12,55.8,-8.68
1475331066_1475331061_0,65.0,56.48,55.18,56.7,-8.52
1475331071_436623725_0,65.0,56.27,54.64,54.65,-8.73
1475331071_1475331064_0,45.0,55.96,54.66,54.15,10.96
1475331071_1475331066_0,65.0,56.32,56.12,55.8,-8.68
1485948079_265566013_0,70.0,55.3,54.67,55.75,-14.7
1485948080_1485948079_0,65.0,55.15,50.72,54.15,-9.85
1485948085_1489195736_0,65.0,56.5,56.24,58.15,-8.5
1485948087_265566013_0,65.0,55.15,53.11,54.35,-9.85
1485948087_1485948080_0,60.0,55.11,51.9,54.6,-4.89
1488473446_266330678_0,70.0,57.34,63.2,59.6,-12.66
1488473446_266330679_0,70.0,57.76,61.46,60.15,-12.24
1488473477_266330686_0,70.0,61.13,61.54,60.2,-8.87
1488473477_2998261354_0,70.0,57.89,62.82,58.75,-12.11
1488902442_1488944991_0,50.0,63.14,70.03,69.35,13.14
1488902443_1488902442_0,50.0,63.62,66.01,69.05,13.62
1488944968_9919213631_0,60.0,54.49,49.55,50.72,-5.51
1488944991_420815295_0,55.0,62.7,69.53,69.4,7.7
1489191055_1489191166_0,55.0,53.52,60.28,56.58,-1.48
1489191073_473192485_0,70.0,57.52,50.93,55.85,-12.48
1489191073_473191725_0,70.0,58.88,59.09,56.45,-11.12
1489191073_616518620_0,65.0,57.3,53.12,56.17,-7.7
1489191091_6519099069_0,65.0,52.12,54.94,56.45,-12.88
1489191091_4705350638_0,60.0,52.35,51.98,54.65,-7.65
1489191091_1489191131_0,55.0,51.27,53.34,56.6,-3.73
1489191131_1489191091_0,55.0,51.27,53.34,56.6,-3.73
1489191140_4705350638_0,65.0,53.07,54.06,57.25,-11.93
1489191153_616518619_0,70.0,57.39,55.71,54.5,-12.61
1489191153_616518645_0,70.0,58.62,54.73,55.0,-11.38
1489191153_616518620_0,70.0,57.3,54.82,55.75,-12.7
1489191156_1489191163_0,65.0,53.05,54.33,57.5,-11.95
1489191156_1489191140_0,65.0,52.99,57.97,57.2,-12.01
1489191162_1489191156_0,65.0,52.94,54.91,57.38,-12.06
1489191162_1489191140_0,65.0,53.05,54.47,57.0,-11.95
1489191163_1489191156_0,65.0,53.05,54.33,57.5,-11.95
1489191163_1489191180_0,60.0,52.67,52.99,56.78,-7.33
1489191166_4551446979_0,75.0,64.5,60.13,60.25,-10.5
1489191166_1489191055_0,55.0,53.52,60.28,56.58,-1.48
1489191166_9926981463_0,75.0,64.35,61.35,60.5,-10.65
1489191167_6519099069_0,65.0,52.8,55.09,58.0,-12.2
1489191167_1489191180_0,65.0,52.38,52.89,56.8,-12.62
1489191169_1489191162_0,65.0,53.82,57.35,58.3,-11.18
1489191169_1489191186_0,70.0,53.58,58.48,58.55,-16.42
1489191172_1489191167_0,65.0,51.77,54.49,56.95,-13.23
1489191174_1489191169_0,70.0,54.56,58.71,58.45,-15.44
1489191174_1489191192_0,75.0,54.52,58.2,58.75,-20.48
1489191179_1489191174_0,75.0,55.18,56.95,59.28,-19.82
1489191179_1489191193_0,75.0,64.51,56.15,59.7,-10.49
1489191179_4551446979_0,75.0,64.42,61.32,60.75,-10.58
1489191180_1489191167_0,65.0,52.38,52.89,56.8,-12.62
1489191180_1489191186_0,65.0,53.21,56.29,58.35,-11.79
1489191180_1489191163_0,60.0,52.67,52.99,56.78,-7.33
1489191186_1489191192_0,70.0,53.97,58.7,58.6,-16.03
1489191189_1489191209_0,70.0,55.66,59.29,58.75,-14.34
1489191189_1489191179_0,70.0,55.44,59.4,59.2,-14.56
1489191192_1489191195_0,70.0,53.96,59.64,59.05,-16.04
1489191192_1489191193_0,75.0,54.55,60.32,59.2,-20.45
1489191193_355739666_0,75.0,64.15,57.06,59.3,-10.85
1489191193_1489191179_0,75.0,64.51,56.15,59.7,-10.49
1489191194_1489191172_0,65.0,51.79,61.09,58.25,-13.21
1489191194_1489191172_1,65.0,51.28,58.86,55.58,-13.72
1489191195_1489191194_0,70.0,53.59,59.71,58.1,-16.41
1489191195_1489191206_0,70.0,53.66,57.37,57.92,-16.34
1489191206_2503769108_0,70.0,52.17,56.12,56.79,-17.83
1489191206_3730553743_0,75.0,54.1,61.0,57.64,-20.9
1489191209_1489191189_0,70.0,55.66,59.29,58.75,-14.34
1489191209_616518641_0,70.0,55.71,53.69,56.5,-14.29
1489191209_616518630_0,65.0,55.36,55.86,55.0,-9.64
1489191216_616518630_0,65.0,54.79,52.57,52.95,-10.21
1489195736_265566002_0,65.0,56.15,57.56,56.15,-8.85
1489195753_249350056_0,70.0,61.25,57.66,59.62,-8.75
1490307234_523774867_0,75.0,59.76,60.73,63.0,-15.24
1490307237_1490308398_0,65.0,60.23,59.28,55.35,-4.77
1490307237_5779747352_0,75.0,62.51,62.27,58.4,-12.49
1490307239_931001916_0,70.0,58.88,56.21,54.85,-11.12
1490307242_2040977836_0,75.0,62.6,63.15,59.7,-12.4
1490307242_471792542_0,70.0,61.59,58.31,58.7,-8.41
1490307242_4526545261_0,70.0,61.71,58.31,58.95,-8.29
1490307242_2040977831_0,75.0,63.77,60.61,59.5,-11.23
1490307245_5361910978_0,70.0,58.71,60.11,58.1,-11.29
1490307245_4526545261_0,60.0,57.34,60.49,59.15,-2.66
1490308301_1490307234_0,75.0,60.8,61.06,62.4,-14.2
1490308301_387126714_0,70.0,60.58,66.2,61.85,-9.42
1490308398_1490307237_0,65.0,60.23,59.28,55.35,-4.77
1490641453_942345061_0,75.0,63.18,65.06,68.75,-11.82
1490641453_1490641531_0,60.0,56.74,64.23,67.2,-3.26
1490641500_4461779811_0,70.0,58.17,57.29,58.35,-11.83
1490641500_1490641532_0,65.0,57.91,57.2,57.85,-7.09
1490641531_6567906184_0,60.0,57.19,54.85,54.05,-2.81
1490641531_1490641453_0,60.0,56.74,64.23,67.2,-3.26
1490641532_6567931491_0,60.0,57.31,54.12,54.1,-2.69
1490641532_1490641500_0,65.0,57.91,57.2,57.85,-7.09
1491287557_1444709414_0,70.0,57.09,58.6,56.5,-12.91
1491287557_387126583_0,70.0,57.36,60.03,59.35,-12.64
1491287560_387126591_0,70.0,56.72,63.14,63.1,-13.28
1491287560_625896683_0,65.0,56.31,61.09,62.0,-8.69
1491287669_2055364712_0,70.0,59.1,59.71,58.15,-10.9
1491287669_471792542_0,75.0,61.08,57.42,58.5,-13.92
1491287669_471792565_0,70.0,61.21,58.35,59.65,-8.79
1491287674_4281824461_0,70.0,61.43,55.73,58.58,-8.57
1491287679_7553394865_0,70.0,58.3,58.75,57.37,-11.7
1491287679_626874552_0,75.0,54.84,60.22,58.08,-20.16
1493124108_7553840681_0,75.0,50.1,55.9,55.9,-24.9
1493124108_12119009677_0,60.0,50.1,54.95,55.35,-9.9
1493124108_12119009678_0,60.0,50.24,55.15,56.95,-9.76
1493188329_265038706_0,70.0,50.88,56.82,56.4,-19.12
1493188376_1493188329_0,75.0,51.1,49.55,47.25,-23.9
1493188376_1312021853_0,75.0,51.65,48.92,49.85,-23.35
1495733069_30575313_0,75.0,63.18,61.26,64.35,-11.82
1495733069_1495733070_0,75.0,58.46,58.94,58.3,-16.54
1495733070_1495733069_0,75.0,58.46,58.94,58.3,-16.54
1495733070_1495733070_0,65.0,57.93,60.29,55.53,-7.07
1496845027_265044301_0,70.0,57.85,62.69,63.05,-12.15
1496845027_3908476969_0,75.0,64.3,62.32,63.4,-10.7
1497207145_310240847_0,65.0,48.68,63.4,57.32,-16.32
1497207145_12967185398_0,65.0,43.88,62.47,55.42,-21.12
1497207156_809615483_0,70.0,50.14,57.55,60.35,-19.86
1497207156_355732243_0,70.0,49.62,56.45,60.05,-20.38
1497207160_4375530617_0,65.0,44.11,60.8,58.52,-20.89
1497207160_12119009697_0,70.0,44.43,63.73,57.05,-25.57
1497207162_529120131_0,65.0,43.25,57.44,57.4,-21.75
1497207162_1497207160_0,65.0,43.58,57.41,57.5,-21.42
1497207208_4696050080_0,75.0,54.53,58.24,54.38,-20.47
1497207257_471333798_0,80.0,57.86,58.54,55.62,-22.14
1497207257_1497207208_0,75.0,54.84,58.26,53.45,-20.16
1497207388_3735982709_0,75.0,55.39,59.76,57.22,-19.61
1497207388_264535858_0,75.0,58.54,64.16,60.65,-16.46
1497981333_440058933_0,60.0,57.41,49.08,54.7,-2.59
1497981333_2496768405_0,55.0,56.83,49.08,54.75,1.83
1498426665_1618940827_0,65.0,54.9,53.92,53.82,-10.1
1498426665_1618940781_0,60.0,55.26,57.1,53.22,-4.74
1498430156_422901585_0,65.0,56.5,62.38,61.85,-8.5
1499310042_5833396406_0,50.0,73.15,66.98,67.2,23.15
1499310047_5967690494_0,45.0,74.59,68.95,65.85,29.59
1499310054_3924064859_0,45.0,73.31,68.89,67.75,28.31
1499310054_3924064862_0,45.0,73.38,68.34,67.1,28.38
1499310063_2496750397_0,50.0,68.53,62.16,58.95,18.53
1499310063_1499310047_0,50.0,69.96,64.93,65.85,19.96
1500920265_685350428_0,55.0,58.83,72.38,65.5,3.83
1501412861_905342590_0,45.0,57.68,70.13,67.1,12.68
1502350846_213598894_0,75.0,59.55,56.47,65.25,-15.45
1502350846_213598781_0,70.0,62.55,59.24,63.9,-7.45
1503514121_1288034522_0,60.0,55.5,58.57,58.6,-4.5
1503531516_1506467656_0,50.0,37.93,40.18,43.2,-12.07
1503531516_355743234_0,50.0,39.7,55.74,58.0,-10.3
1503531516_1506467651_0,50.0,37.91,39.94,43.25,-12.09
1503531542_529119939_0,50.0,41.09,47.11,45.95,-8.91
1505832759_310244299_0,50.0,52.84,52.42,53.85,2.84
1505832759_264494256_0,50.0,53.87,52.78,53.2,3.87
1505832759_1774941695_0,50.0,52.11,54.71,53.8,2.11
1505832761_1776103816_0,55.0,58.17,55.06,57.8,3.17
1505832761_9525118774_0,50.0,58.56,54.45,56.95,8.56
1505832761_1774941690_0,55.0,52.34,52.03,53.1,-2.66
1506412149_529119933_0,50.0,41.7,61.31,57.45,-8.3
1506412748_1506412799_0,60.0,43.54,61.37,57.45,-16.46
1506412799_529119933_0,70.0,47.69,70.08,65.8,-22.31
1506412799_1519388133_0,70.0,48.63,66.18,66.25,-21.37
1506412799_1506412748_0,60.0,43.54,61.37,57.45,-16.46
1506467613_355743243_0,55.0,38.22,58.2,58.7,-16.78
1506467651_1506467660_0,50.0,37.62,39.26,43.45,-12.38
1506467651_1503531516_0,50.0,37.91,39.94,43.25,-12.09
1506467651_1506467662_0,50.0,37.4,39.01,43.2,-12.6
1506467656_1503531516_0,50.0,37.93,40.18,43.2,-12.07
1506467660_1506467651_0,50.0,37.62,39.26,43.45,-12.38
1506467662_1506467651_0,50.0,37.4,39.01,43.2,-12.6
1506467698_1506467731_0,60.0,48.56,58.84,55.05,-11.44
1506467698_4006577028_0,60.0,49.05,56.7,55.05,-10.95
1506467698_4006577033_0,65.0,49.33,58.38,59.3,-15.67
1506467731_1506467698_0,60.0,48.56,58.84,55.05,-11.44
1509943651_1519349460_0,50.0,33.97,46.9,48.29,-16.03
1509943887_3905543348_0,60.0,39.19,54.4,52.4,-20.81
1509943968_3905543350_0,60.0,39.31,54.26,52.5,-20.69
1509943968_529438088_0,60.0,39.41,54.15,52.5,-20.59
1509944341_4580909574_0,65.0,42.82,57.02,53.65,-22.18
1509944341_13277125237_0,65.0,42.42,58.97,54.2,-22.58
1509945263_306427405_0,70.0,48.07,59.85,57.0,-21.93
1509945579_529120148_0,60.0,49.25,56.6,57.37,-10.75
1510712399_2018982077_0,70.0,58.27,59.27,59.4,-11.73
1510712399_297507681_0,70.0,58.49,60.3,60.45,-11.51
1514337714_13481856227_0,60.0,38.83,60.18,56.75,-21.17
1514337814_3768118825_0,55.0,38.84,59.31,57.55,-16.16
1514337859_1514337814_0,55.0,39.15,62.94,58.28,-15.85
1514337859_13481849691_0,55.0,39.01,60.27,56.85,-15.99
1514337921_1514337859_0,60.0,39.4,61.09,58.55,-20.6
1514337931_1514337947_0,60.0,34.4,61.5,58.6,-25.6
1514337931_1514337921_0,60.0,39.59,61.98,58.45,-20.41
1514337947_1514338061_0,60.0,34.96,56.66,53.18,-25.04
1514337947_1514337991_0,60.0,34.94,56.02,52.88,-25.06
1514337991_1514338150_0,55.0,34.52,54.54,54.85,-20.48
1514337991_1514337921_0,60.0,34.78,67.15,66.55,-25.22
1514338013_1514337991_0,60.0,35.09,56.26,53.33,-24.91
1514338013_1514338061_0,60.0,35.06,55.11,53.13,-24.94
1514338061_529437769_0,60.0,34.97,56.23,53.73,-25.03
1514338068_1514338111_0,60.0,34.58,56.17,52.98,-25.42
1514338068_2152470087_0,65.0,34.43,54.89,52.68,-30.57
1514338090_1514338068_0,60.0,34.69,55.79,52.88,-25.31
1514338111_1514338252_0,60.0,34.72,55.07,53.38,-25.28
1514338111_1514338192_0,60.0,34.88,56.36,53.28,-25.12
1514338150_3649365175_0,55.0,33.89,54.35,54.75,-21.11
1514338150_13481865980_0,50.0,32.91,51.92,50.0,-17.09
1514338192_1514338203_0,60.0,35.29,56.13,53.13,-24.71
1514338192_1514338090_0,60.0,34.99,55.61,53.13,-25.01
1514338203_529437767_0,60.0,35.3,56.29,53.13,-24.7
1514338203_529437771_0,60.0,35.21,56.4,53.28,-24.79
1514338252_1514338357_0,60.0,35.78,53.69,52.85,-24.22
1514338322_1514338367_0,65.0,36.08,52.27,52.9,-28.92
1514338322_529437786_0,65.0,35.96,48.9,52.8,-29.04
1514338329_1514338357_0,65.0,36.16,50.07,52.95,-28.84
1514338329_529437770_0,60.0,35.81,51.74,52.95,-24.19
1514338357_1514338322_0,65.0,36.12,50.52,52.95,-28.88
1514338367_1514338435_0,65.0,36.07,49.23,52.95,-28.93
1514338411_1514338329_0,60.0,36.16,51.83,52.85,-23.84
1514338424_1514338756_0,60.0,36.19,52.33,53.0,-23.81
1514338424_1514338411_0,65.0,36.17,53.03,52.9,-28.83
1514338435_1514338653_0,65.0,36.14,50.27,53.05,-28.86
1514338435_1514634790_0,60.0,36.03,49.27,52.9,-23.97
1514338653_1514338424_0,65.0,36.17,50.27,52.95,-28.83
1514338756_1514338793_0,60.0,35.61,51.25,53.23,-24.39
1514338756_1514338953_0,60.0,35.3,53.91,53.23,-24.7
1514338778_1514338411_0,60.0,36.23,52.75,53.0,-23.77
1514338793_1514338836_0,60.0,35.65,50.75,53.18,-24.35
1514338793_1514338778_0,60.0,35.6,54.09,53.23,-24.4
1514338836_1514338942_0,60.0,35.63,50.8,53.18,-24.37
1514338836_1514338856_0,60.0,35.62,53.95,53.18,-24.38
1514338856_1514338793_0,60.0,35.62,54.28,53.18,-24.38
1514338856_1514338953_0,60.0,35.29,53.66,53.08,-24.71
1514338942_1514634988_0,60.0,36.08,51.7,52.03,-23.92
1514338953_1514338969_0,60.0,34.99,56.59,52.93,-25.01
1514338955_529437512_0,60.0,35.43,60.12,55.6,-24.57
1514338955_529437514_0,60.0,35.59,60.2,55.7,-24.41
1514338957_1514338942_0,60.0,35.19,56.45,53.33,-24.81
1514338957_1514338856_0,60.0,35.21,54.33,53.33,-24.79
1514338963_529437512_0,60.0,41.73,61.48,56.95,-18.27
1514338963_529437522_0,55.0,41.71,60.67,56.95,-13.29
1514338963_1514338955_0,60.0,35.43,59.45,55.55,-24.57
1514338969_529437799_0,60.0,34.94,57.67,53.13,-25.06
1514338969_1514338975_0,60.0,35.0,57.34,53.03,-25.0
1514338975_529437797_0,60.0,35.01,55.38,53.18,-24.99
1514338975_1514338978_0,60.0,35.19,57.18,53.13,-24.81
1514338976_1514339016_0,60.0,37.69,52.43,52.25,-22.31
1514338978_529437795_0,60.0,35.32,57.2,52.93,-24.68
1514338978_1514339000_0,60.0,35.62,55.8,52.8,-24.38
1514339000_529437802_0,60.0,36.06,52.47,52.65,-23.94
1514339006_529437518_0,60.0,36.69,67.69,64.15,-23.31
1514339010_1514635018_0,60.0,37.76,52.08,52.05,-22.24
1514339016_1514339045_0,60.0,38.16,51.48,52.05,-21.84
1514339016_1514339026_0,65.0,38.28,51.59,52.05,-26.72
1514339019_1514339030_0,65.0,38.37,51.84,51.8,-26.63
1514339019_1514339006_0,60.0,37.98,54.28,51.8,-22.02
1514339026_1514339019_0,65.0,38.33,51.63,51.85,-26.67
1514339026_1514339010_0,65.0,38.27,50.29,52.1,-26.73
1514339030_1514339026_0,65.0,38.45,51.53,51.85,-26.55
1514339030_1514339045_0,65.0,38.32,53.81,52.05,-26.68
1514339045_529437550_0,60.0,38.26,54.57,51.8,-21.74
1514339064_1514339073_0,65.0,33.35,54.36,55.4,-31.65
1514339064_529437861_0,60.0,32.92,53.87,55.4,-27.08
1514339073_529437843_0,60.0,33.81,55.33,55.25,-26.19
1514339073_529437849_0,60.0,33.3,53.24,55.4,-26.7
1514339076_1514339006_0,60.0,37.94,51.82,51.8,-22.06
1514339076_1514339030_0,60.0,38.18,51.24,52.05,-21.82
1514339084_1514339076_0,60.0,37.93,50.4,51.55,-22.07
1514339086_13013197670_0,60.0,38.04,51.67,51.5,-21.96
1514339100_1514339152_0,60.0,37.66,55.52,51.5,-22.34
1514339100_529437574_0,60.0,37.87,52.68,51.55,-22.13
1514339136_1514339084_0,60.0,38.09,52.07,51.3,-21.91
1514339136_529437554_0,60.0,38.3,53.17,51.5,-21.7
1514339152_1514339250_0,60.0,37.44,52.7,51.55,-22.56
1514339172_529437509_0,60.0,37.92,55.1,51.38,-22.08
1514339172_1514339220_0,55.0,38.11,55.46,53.3,-16.89
1514339193_1514339208_0,60.0,39.15,52.59,51.8,-20.85
1514339193_4739807730_0,60.0,39.11,51.94,51.6,-20.89
1514339208_529438101_0,60.0,38.96,48.82,52.05,-21.04
1514339208_1514339193_0,60.0,39.15,52.59,51.8,-20.85
1514339208_1514339373_0,60.0,40.36,56.25,51.8,-19.64
1514339220_1514339172_0,55.0,38.11,55.46,53.3,-16.89
1514339250_1514339261_0,65.0,36.48,52.69,50.65,-28.52
1514339250_1514339267_0,65.0,36.91,52.62,51.6,-28.09
1514339252_3945108281_0,60.0,37.11,53.18,51.65,-22.89
1514339261_1514339338_0,65.0,36.39,52.49,51.05,-28.61
1514339261_4273759615_0,65.0,34.84,54.16,51.23,-30.16
1514339267_1514339252_0,65.0,36.83,52.78,51.5,-28.17
1514339267_529438121_0,65.0,36.83,51.43,50.55,-28.17
1514339276_4271406662_0,60.0,40.64,57.55,52.0,-19.36
1514339276_1514339373_0,60.0,40.59,57.7,52.0,-19.41
1514339338_1514339261_0,65.0,36.39,52.49,51.05,-28.61
1514339338_529438121_0,65.0,36.71,50.79,50.9,-28.29
1514339338_1514339267_0,65.0,36.75,51.43,50.55,-28.25
1514339373_1514339522_0,65.0,40.53,57.56,52.2,-24.47
1514339373_1514339208_0,60.0,40.36,56.25,51.8,-19.64
1514339513_1514339172_0,60.0,39.76,52.96,51.55,-20.24
1514339522_1514339554_0,65.0,40.61,57.28,52.2,-24.39
1514339522_529438082_0,60.0,40.56,57.42,52.3,-19.44
1514339554_4271406662_0,65.0,40.71,57.84,52.1,-24.29
1514339554_1514339373_0,65.0,40.6,55.11,52.3,-24.4
1514339572_529438121_0,65.0,36.81,50.71,50.6,-28.19
1514339572_529438104_0,65.0,38.23,53.52,52.5,-26.77
1514339572_1514339252_0,65.0,36.66,51.82,50.7,-28.34
1514339591_529438082_0,65.0,40.65,57.55,52.3,-24.35
1514339591_1514339554_0,65.0,40.7,54.8,52.4,-24.3
1514339607_1514339591_0,65.0,40.68,54.31,52.4,-24.32
1514339607_1514339513_0,60.0,40.66,57.28,52.1,-19.34
1514339674_1514339704_0,60.0,39.43,53.81,52.48,-20.57
1514339674_1514339715_0,60.0,39.44,54.82,53.0,-20.56
1514339704_1514339718_0,60.0,40.57,52.07,55.0,-19.43
1514339704_1514339674_0,60.0,39.43,53.81,52.48,-20.57
1514339704_529438091_0,60.0,40.72,58.94,53.05,-19.28
1514339715_529438089_0,65.0,40.44,55.1,52.8,-24.56
1514339715_529438091_0,65.0,40.99,58.55,53.8,-24.01
1514339718_1514339704_0,60.0,40.57,52.07,55.0,-19.43
1514339718_13277125239_0,55.0,40.54,53.43,55.2,-14.46
1514339718_13277125237_0,55.0,41.13,58.05,55.25,-13.87
1514632357_1514632362_0,60.0,39.8,71.59,67.35,-20.2
1514632357_355730951_0,55.0,39.89,72.6,67.4,-15.11
1514632362_1514632370_0,60.0,33.54,68.44,67.1,-26.46
1514632362_1514632357_0,60.0,39.8,71.59,67.35,-20.2
1514632362_529437735_0,55.0,39.56,69.97,67.55,-15.44
1514632370_1514632357_0,60.0,33.59,67.24,67.15,-26.41
1514632370_1514632449_0,60.0,34.12,69.21,66.6,-25.88
1514632430_1514632370_0,60.0,33.85,66.86,66.9,-26.15
1514632430_529437735_0,60.0,33.53,67.56,67.3,-26.47
1514632449_529437736_0,60.0,35.53,68.04,62.05,-24.47
1514632572_1514632430_0,60.0,35.39,66.4,64.9,-24.61
1514632655_529437737_0,65.0,35.7,53.27,52.7,-29.3
1514632655_529437738_0,60.0,35.68,54.99,52.75,-24.32
1514632689_1514632915_0,65.0,35.16,56.06,52.95,-29.84
1514632689_1514632655_0,65.0,35.5,53.6,52.75,-29.5
1514632885_1514632655_0,60.0,35.65,52.57,52.8,-24.35
1514632885_1514632915_0,60.0,35.31,52.84,52.8,-24.69
1514632915_1514632689_0,65.0,35.16,56.06,52.95,-29.84
1514632915_1514632572_0,65.0,35.32,56.0,52.8,-29.68
1514632915_2152470087_0,65.0,34.19,56.49,53.18,-30.81
1514632932_1514633328_0,60.0,35.18,52.04,52.8,-24.82
1514632932_1514633133_0,60.0,35.53,51.76,52.8,-24.47
1514632974_529437746_0,60.0,35.67,51.93,52.65,-24.33
1514632974_529437739_0,60.0,35.53,52.49,52.65,-24.47
1514633028_1514632885_0,60.0,35.76,49.21,52.8,-24.24
1514633081_529437739_0,60.0,35.56,52.32,52.8,-24.44
1514633133_1514633081_0,60.0,35.63,52.49,52.8,-24.37
1514633133_529437746_0,60.0,35.71,51.75,52.8,-24.29
1514633273_1514632932_0,60.0,35.6,51.52,52.55,-24.4
1514633328_529437765_0,60.0,34.95,52.9,52.9,-25.05
1514633347_529437747_0,65.0,35.48,51.75,52.8,-29.52
1514633347_1514633378_0,65.0,35.23,52.88,52.8,-29.77
1514633378_4271419835_0,65.0,35.43,49.9,52.8,-29.57
1514633378_529437777_0,65.0,34.4,51.49,52.75,-30.6
1514633378_1514633028_0,65.0,35.54,48.74,52.65,-29.46
1514633387_529437758_0,60.0,34.76,52.57,52.65,-25.24
1514633387_1514633427_0,65.0,34.81,53.13,52.6,-30.19
1514633427_1514633273_0,60.0,34.84,52.11,52.6,-25.16
1514633427_529437758_0,60.0,34.77,52.57,52.6,-25.23
1514633427_1514633535_0,60.0,34.49,53.08,52.6,-25.51
1514633517_1514633427_0,60.0,34.55,52.53,52.95,-25.45
1514633517_1514633273_0,60.0,34.54,52.57,52.6,-25.46
1514633524_1514633427_0,60.0,34.67,52.11,52.6,-25.33
1514633524_1514633535_0,60.0,34.31,52.11,52.6,-25.69
1514633535_1514633635_0,60.0,33.87,51.2,53.1,-26.13
1514633570_1514633517_0,60.0,34.07,52.07,53.3,-25.93
1514633635_1514634144_0,60.0,33.58,55.6,53.25,-26.42
1514633635_13520037507_0,60.0,33.88,54.86,53.2,-26.12
1514633711_4271419836_0,60.0,34.71,53.69,52.9,-25.29
1514633774_529437895_0,60.0,34.19,54.59,53.4,-25.81
1514633858_529437891_0,60.0,34.15,54.57,53.4,-25.85
1514634124_1514633711_0,60.0,33.99,57.88,53.4,-26.01
1514634124_529437892_0,60.0,34.02,52.74,53.4,-25.98
1514634144_1514634504_0,60.0,33.17,53.1,53.2,-26.83
1514634314_13176978143_0,60.0,33.74,50.63,53.0,-26.26
1514634422_4271419821_0,60.0,33.88,55.63,53.45,-26.12
1514634422_529437780_0,65.0,33.98,53.67,53.25,-31.02
1514634448_13176978145_0,60.0,34.13,52.88,53.1,-25.87
1514634448_13176978144_0,65.0,34.04,50.37,52.95,-30.96
1514634504_1514634639_0,65.0,31.19,53.55,54.95,-33.81
1514634504_529437910_0,65.0,31.09,53.1,55.2,-33.91
1514634543_529437899_0,60.0,33.39,53.36,53.0,-26.61
1514634629_1514634667_0,65.0,31.11,53.05,55.25,-33.89
1514634629_529437910_0,65.0,31.04,54.5,55.25,-33.96
1514634629_1514634639_0,65.0,31.16,53.59,55.2,-33.84
1514634639_1514634667_0,65.0,31.17,53.04,55.5,-33.83
1514634639_1514634543_0,65.0,31.23,54.07,55.05,-33.77
1514634667_529437908_0,65.0,31.05,52.81,54.95,-33.95
1514634667_1514634629_0,65.0,31.11,53.05,55.25,-33.89
1514634790_529437813_0,60.0,35.54,54.67,52.75,-24.46
1514634790_529437815_0,60.0,35.75,52.73,52.75,-24.25
1514634879_1514338653_0,60.0,36.16,50.28,53.05,-23.84
1514634988_1514635016_0,60.0,36.39,51.94,51.78,-23.61
1514634988_1514635036_0,60.0,35.97,52.44,52.23,-24.03
1514634997_529437888_0,60.0,33.59,53.29,53.15,-26.41
1514635002_529437775_0,60.0,36.28,51.7,51.58,-23.72
1514635014_4309856126_0,65.0,32.09,56.55,55.08,-32.91
1514635014_529437917_0,65.0,31.83,56.34,55.2,-33.17
1514635016_1514635019_0,60.0,36.47,52.65,51.73,-23.53
1514635016_1514635002_0,60.0,36.44,52.64,51.88,-23.56
1514635018_1514635002_0,60.0,36.42,51.09,51.68,-23.58
1514635018_1514635019_0,60.0,36.45,53.44,51.78,-23.55
1514635019_1514338976_0,60.0,36.45,53.76,51.83,-23.55
1514635019_1514635020_0,60.0,36.46,53.1,51.78,-23.54
1514635020_1514635016_0,60.0,36.46,53.1,51.78,-23.54
1514635020_1514635036_0,60.0,36.28,52.85,51.78,-23.72
1514635036_1514635050_0,60.0,35.86,52.97,52.18,-24.14
1514635038_529437832_0,60.0,34.71,50.32,52.85,-25.29
1514635039_1514338976_0,60.0,36.2,52.84,51.58,-23.8
1514635039_1514635020_0,60.0,36.16,52.42,51.73,-23.84
1514635040_1514635048_0,65.0,31.83,53.68,55.45,-33.17
1514635040_4271419827_0,65.0,31.65,53.13,55.45,-33.35
1514635042_1514635083_0,60.0,35.93,52.8,52.7,-24.07
1514635048_1514635040_0,65.0,31.83,53.68,55.45,-33.17
1514635048_1514634997_0,65.0,31.97,55.32,55.0,-33.03
1514635048_529437833_0,65.0,33.32,55.35,55.0,-31.68
1514635050_529437799_0,60.0,35.3,57.95,52.75,-24.7
1514635050_529437798_0,60.0,35.92,55.4,52.08,-24.08
1514635050_1514635054_0,60.0,35.84,54.36,52.03,-24.16
1514635054_529437797_0,60.0,35.5,54.45,52.5,-24.5
1514635054_529437796_0,60.0,35.94,56.78,52.03,-24.06
1514635054_1514635055_0,60.0,35.95,54.34,52.08,-24.05
1514635055_529437795_0,60.0,35.59,53.79,52.7,-24.41
1514635055_529437794_0,60.0,36.17,53.27,52.1,-23.83
1514635055_1514635097_0,60.0,36.1,54.13,52.25,-23.9
1514635076_529437822_0,60.0,34.91,50.47,52.7,-25.09
1514635083_1514635289_0,60.0,36.13,50.53,51.78,-23.87
1514635083_1514635216_0,60.0,36.2,53.5,51.8,-23.8
1514635097_1514635171_0,65.0,36.23,52.93,51.65,-28.77
1514635097_1514635203_0,65.0,36.37,52.37,51.65,-28.63
1514635116_529437794_0,60.0,36.21,53.86,52.05,-23.79
1514635171_529437793_0,60.0,36.33,49.57,51.7,-23.67
1514635200_1514635076_0,60.0,34.0,55.99,54.1,-26.0
1514635203_1514635237_0,65.0,36.76,53.32,51.65,-28.24
1514635203_1514635116_0,65.0,36.47,52.65,51.6,-28.53
1514635214_1514339064_0,60.0,33.8,55.33,55.25,-26.2
1514635214_529437844_0,65.0,34.21,50.46,55.25,-30.79
1514635216_1514635171_0,65.0,36.48,51.65,51.55,-28.52
1514635216_1514635203_0,65.0,36.75,53.32,51.65,-28.25
1514635237_1514635216_0,65.0,36.78,51.27,51.7,-28.22
1514635237_1514635289_0,65.0,36.7,53.34,51.7,-28.3
1514635282_529437847_0,65.0,34.14,54.35,55.35,-30.86
1514635282_1514635200_0,65.0,33.99,55.63,54.75,-31.01
1514635289_1514339100_0,60.0,37.59,55.24,51.7,-22.41
1515216113_1515216247_0,50.0,47.92,55.29,55.45,-2.08
1515216113_264273570_0,55.0,48.16,58.98,56.75,-6.84
1515216247_1776101154_0,50.0,47.37,54.45,53.85,-2.63
1515216247_1515216113_0,50.0,47.92,55.29,55.45,-2.08
1515216247_1781505349_0,50.0,48.0,54.2,51.25,-2.0
1515520765_1515520765_0,55.0,41.05,54.59,51.75,-13.95
1515520765_1515520765_1,55.0,41.06,54.59,51.75,-13.94
1515520765_264269536_0,50.0,42.59,56.59,52.7,-7.41
1518085498_2497684435_0,50.0,51.21,48.76,55.4,1.21
1519348648_1519349024_0,55.0,36.46,55.95,56.05,-18.54
1519349024_529437516_0,55.0,41.09,61.8,56.85,-13.91
1519349024_529437512_0,60.0,41.69,58.89,57.25,-18.31
1519349024_1519348648_0,55.0,36.46,55.95,56.05,-18.54
1519349460_1509943651_0,50.0,33.97,46.9,48.29,-16.03
1519349460_905391871_0,50.0,39.59,63.69,56.85,-10.41
1519350481_3838214666_0,65.0,42.5,58.08,56.6,-22.5
1519388133_1519478245_0,70.0,49.35,69.12,65.65,-20.65
1519388133_1506412799_0,70.0,48.63,66.18,66.25,-21.37
1519388133_1519388141_0,55.0,44.91,56.54,58.7,-10.09
1519388141_1519388133_0,55.0,44.91,56.54,58.7,-10.09
1519388178_1519478245_0,70.0,50.28,67.82,65.2,-19.72
1519388178_355747963_0,70.0,50.97,65.66,64.75,-19.03
1519388178_1519388211_0,55.0,46.76,54.82,58.1,-8.24
1519388211_1519388178_0,55.0,46.76,54.82,58.1,-8.24
1519388227_355747963_0,55.0,47.69,56.39,58.65,-7.31
1519388228_355747963_0,70.0,51.05,66.93,64.45,-18.95
1519388228_355748148_0,70.0,51.2,65.47,64.25,-18.8
1519388228_1519388237_0,55.0,47.95,56.41,58.8,-7.05
1519388237_1519388228_0,55.0,47.95,56.41,58.8,-7.05
1519477908_355743233_0,55.0,38.76,60.55,58.45,-16.24
1519477953_1519477972_0,60.0,41.53,63.01,58.1,-18.47
1519477953_355743233_0,70.0,44.0,68.79,65.1,-26.0
1519477953_1519477993_0,70.0,45.19,66.95,65.65,-24.81
1519477972_1519477953_0,60.0,41.53,63.01,58.1,-18.47
1519477993_1519477953_0,70.0,45.19,66.95,65.65,-24.81
1519477993_529119929_0,70.0,45.81,66.01,65.5,-24.19
1519477999_1519478067_0,60.0,42.09,56.87,53.1,-17.91
1519478027_529119929_0,70.0,46.0,65.95,65.9,-24.0
1519478027_529119928_0,70.0,46.18,65.66,65.9,-23.82
1519478041_1519477999_0,65.0,42.41,56.98,54.35,-22.59
1519478041_1519478027_0,70.0,42.88,57.9,59.85,-27.12
1519478067_529119941_0,55.0,41.37,47.52,46.25,-13.63
1519478067_1519478041_0,60.0,41.99,55.75,52.15,-18.01
1519478164_1519478245_0,55.0,43.49,60.87,57.3,-11.51
1519478245_1519388133_0,70.0,49.35,69.12,65.65,-20.65
1519478245_1519388178_0,70.0,50.28,67.82,65.2,-19.72
1519478245_1519478164_0,55.0,43.49,60.87,57.3,-11.51
1521223991_534595546_0,65.0,40.7,53.16,54.0,-24.3
1521224009_534595547_0,55.0,38.47,52.72,54.75,-16.53
1521224009_620921227_0,55.0,38.2,54.74,55.05,-16.8
1521224217_620921232_0,55.0,35.83,50.93,49.55,-19.17
1521224241_1521224217_0,55.0,38.87,48.38,50.25,-16.13
1521224241_529119886_0,65.0,40.07,52.35,54.65,-24.93
1521224452_1521224610_0,55.0,34.02,49.22,47.78,-20.98
1521224589_1521224634_0,55.0,34.44,51.0,47.98,-20.56
1521224589_1521224452_0,55.0,33.86,48.91,46.98,-21.14
1521224610_1521224634_0,55.0,34.6,50.75,47.77,-20.4
1521224610_1521224681_0,55.0,35.2,49.38,48.18,-19.8
1521224634_1521224736_0,55.0,34.5,51.87,48.1,-20.5
1521224634_1521224589_0,55.0,34.44,51.0,47.98,-20.56
1521224634_1521224610_0,55.0,34.6,50.75,47.77,-20.4
1521224681_534595551_0,55.0,36.71,48.1,48.5,-18.29
1521224736_1521224754_0,55.0,34.38,52.02,48.15,-20.62
1521224736_1521224868_0,55.0,34.91,51.29,47.72,-20.09
1521224754_1521224589_0,55.0,33.92,52.31,47.35,-21.08
1521224769_1521224789_0,55.0,36.33,49.38,48.3,-18.67
1521224769_1521224736_0,55.0,35.51,48.51,48.2,-19.49
1521224789_1521224868_0,55.0,35.72,50.18,47.98,-19.28
1521224847_534595555_0,65.0,39.33,53.29,54.4,-25.67
1521224847_1521224789_0,55.0,37.48,50.1,52.4,-17.52
1521224868_1521224754_0,55.0,34.57,52.24,47.5,-20.43
1521224935_616796216_0,65.0,38.56,53.25,53.6,-26.44
1521224935_1521224985_0,65.0,38.97,54.58,53.8,-26.03
1521224985_1521225021_0,65.0,40.61,54.42,52.9,-24.39
1521225004_1521225085_0,65.0,41.6,54.9,53.05,-23.4
1521225004_616796218_0,65.0,41.29,54.73,53.35,-23.71
1521225021_1521225004_0,65.0,41.02,56.27,52.85,-23.98
1521225021_1521225137_0,65.0,41.97,52.81,53.05,-23.03
1521225085_529119898_0,65.0,42.15,56.82,52.95,-22.85
1521225085_616796218_0,65.0,41.37,57.49,52.8,-23.63
1521225137_1521225175_0,65.0,43.65,50.58,54.3,-21.35
1521225175_529119892_0,65.0,44.23,51.41,54.7,-20.77
1521225175_956264057_0,65.0,43.52,49.41,54.2,-21.48
1523084522_1523084654_0,60.0,49.61,52.72,54.35,-10.39
1523084522_956387449_0,60.0,49.78,53.8,54.25,-10.22
1523084654_956387495_0,60.0,49.46,52.5,53.95,-10.54
1523084654_1875840699_0,60.0,50.04,53.0,55.8,-9.96
1523084896_956387441_0,60.0,49.91,52.29,54.55,-10.09
1523085273_1523084896_0,60.0,50.33,53.46,54.6,-9.67
1523085273_956387390_0,60.0,50.52,52.86,54.1,-9.48
1523085558_956387409_0,60.0,50.94,49.55,54.5,-9.06
1523085558_956427203_0,60.0,50.81,52.43,54.55,-9.19
1523085816_956426909_0,60.0,50.9,49.52,54.6,-9.1
1523085816_1560709322_0,60.0,50.85,51.89,54.35,-9.15
1523085880_956463839_0,60.0,44.77,51.32,54.2,-15.23
1523085909_9035699939_0,60.0,44.6,52.02,54.3,-15.4
1523085909_1523085880_0,60.0,44.73,51.61,54.2,-15.27
1523086094_956487709_0,60.0,49.99,54.24,54.7,-10.01
1523086094_1560709515_0,60.0,49.72,54.53,54.45,-10.28
1523086144_956487664_0,60.0,50.7,53.99,56.25,-9.3
1523087382_956463855_0,60.0,40.54,47.59,54.55,-19.46
1523087572_956463887_0,55.0,40.37,50.52,54.25,-14.63
1523087572_956463881_0,55.0,40.39,47.77,54.6,-14.61
1523087756_1523087796_0,50.0,40.46,46.78,54.6,-9.54
1523087756_956463896_0,55.0,40.4,46.84,54.55,-14.6
1523087796_1523087756_0,50.0,40.46,46.78,54.6,-9.54
1523087796_956463921_0,55.0,40.51,49.77,54.6,-14.49
1523088092_1523088195_0,60.0,50.28,57.46,58.35,-9.72
1523088108_1523088092_0,60.0,50.62,53.47,58.15,-9.38
1523088195_1563525294_0,60.0,48.42,56.62,57.55,-11.58
1523088195_1523088343_0,60.0,50.17,57.83,58.1,-9.83
1523088343_1523088108_0,60.0,50.21,51.46,58.45,-9.79
1523088773_1523088787_0,65.0,47.13,55.89,56.65,-17.87
1523088773_1523088893_0,65.0,47.21,56.54,54.2,-17.79
1523088787_1526523938_0,65.0,47.01,55.04,56.35,-17.99
1523088787_1523088773_0,65.0,47.13,55.89,56.65,-17.87
1523088787_1526523735_0,65.0,44.55,55.91,55.05,-20.45
1523088893_1563525768_0,60.0,46.89,52.36,55.05,-13.11
1523088893_1523088773_0,65.0,47.21,56.54,54.2,-17.79
1523088893_1523089133_0,65.0,46.91,52.36,54.2,-18.09
1523088981_956262918_0,65.0,47.22,54.51,53.85,-17.78
1523088981_1523089093_0,65.0,46.99,52.29,54.25,-18.01
1523088981_1526523938_0,65.0,47.01,55.04,56.35,-17.99
1523089093_1523089133_0,65.0,46.83,52.36,54.45,-18.17
1523089093_1523088981_0,65.0,46.99,52.29,54.25,-18.01
1523089133_1523088893_0,65.0,46.91,52.36,54.2,-18.09
1523089133_1523089093_0,65.0,46.83,52.36,54.45,-18.17
1523089133_1560712176_0,60.0,44.24,54.98,53.5,-15.76
1523284312_310240845_0,70.0,43.51,58.26,56.7,-26.49
1523284312_812173705_0,65.0,43.45,58.63,59.75,-21.55
1523284329_306583541_0,70.0,47.16,56.45,58.42,-22.84
1523284329_306583543_0,70.0,42.23,57.17,56.33,-27.77
1523284329_12119009698_0,70.0,47.18,54.0,58.95,-22.82
1523314711_1523314791_0,60.0,40.26,51.9,54.5,-19.74
1523314711_1523314740_0,60.0,40.22,50.22,54.55,-19.78
1523314740_534595514_0,55.0,39.67,49.5,54.4,-15.33
1523314740_1523314791_0,60.0,40.3,50.08,54.45,-19.7
1523314791_956463900_0,60.0,40.39,49.77,54.6,-19.61
1523467453_1561547607_0,60.0,60.11,54.08,57.45,0.11
1523467453_264494238_0,60.0,60.28,53.97,57.7,0.28
1524409114_5492173245_0,60.0,57.45,54.32,59.4,-2.55
1524409114_264494209_0,60.0,58.19,61.73,58.65,-1.81
1524484396_1524484403_0,60.0,50.31,59.33,53.03,-9.69
1524484396_1563527780_0,60.0,50.14,66.57,62.6,-9.86
1524484396_1563527800_0,60.0,49.84,56.23,55.15,-10.16
1524484403_1524484396_0,60.0,50.31,59.33,53.03,-9.69
1524484545_1563527800_0,60.0,48.64,54.75,52.4,-11.36
1524484545_1524484545_0,60.0,48.46,52.69,51.6,-11.54
1526523556_1563525675_0,60.0,45.77,55.24,55.15,-14.23
1526523556_1526524308_0,60.0,45.01,52.44,53.65,-14.99
1526523735_534595520_0,65.0,39.97,55.11,47.1,-25.03
1526523735_1526523938_0,65.0,44.52,55.28,54.9,-20.48
1526523938_1523088981_0,65.0,47.01,55.04,56.35,-17.99
1526523938_1523088787_0,65.0,47.01,55.04,56.35,-17.99
1526523997_1526524308_0,55.0,42.11,45.1,46.15,-12.89
1526524015_1526524428_0,60.0,42.03,45.84,46.15,-17.97
1526524226_1526524478_0,60.0,41.91,47.33,46.15,-18.09
1526524308_1526523997_0,55.0,42.11,45.1,46.15,-12.89
1526524308_1526524428_0,60.0,42.47,47.64,47.45,-17.53
1526524308_1526523556_0,60.0,45.01,52.44,53.65,-14.99
1526524351_1526524478_0,55.0,42.2,45.89,46.3,-12.8
1526524428_1526524308_0,60.0,42.47,47.64,47.45,-17.53
1526524428_1526524015_0,60.0,42.03,45.84,46.15,-17.97
1526524428_1526524478_0,60.0,42.6,47.87,47.45,-17.4
1526524478_1526524226_0,60.0,41.91,47.33,46.15,-18.09
1526524478_1526524428_0,60.0,42.6,47.87,47.45,-17.4
1526524478_1526524351_0,55.0,42.2,45.89,46.3,-12.8
1526524969_1560712556_0,60.0,49.76,53.98,55.1,-10.24
1526525043_1425047372_0,65.0,49.06,56.68,56.13,-15.94
1526525043_1526525028_0,60.0,47.31,62.25,56.08,-12.69
1526525053_1526525043_0,60.0,46.41,60.22,54.15,-13.59
1526525128_529119873_0,65.0,45.66,56.71,54.6,-19.34
1526525144_529119919_0,70.0,45.79,59.77,54.2,-24.21
1526525144_3729587173_0,70.0,45.09,59.77,54.1,-24.91
1526525215_529119905_0,65.0,48.64,51.41,52.1,-16.36
1526525215_529119911_0,60.0,47.79,52.1,53.1,-12.21
1537272300_2091486962_0,50.0,57.9,57.59,57.0,7.9
1537272302_1537272300_0,50.0,55.38,58.62,55.45,5.38
1537272302_6700083071_0,50.0,55.39,58.42,55.25,5.39
1537272308_1537272302_0,50.0,54.93,58.25,54.55,4.93
1537272308_1547924711_0,50.0,54.26,53.15,51.15,4.26
1537272324_5299350698_0,45.0,52.24,45.02,48.61,7.24
1537272347_5299350703_0,55.0,53.86,49.37,51.75,-1.14
1537272347_5299350703_1,45.0,51.45,47.51,51.1,6.45
1537272347_1547924660_0,60.0,54.23,54.69,54.85,-5.77
1537272350_1537272324_0,45.0,52.15,53.97,53.98,7.15
1537272350_5299359669_0,50.0,55.61,58.07,55.82,5.61
1537272423_6086540165_0,50.0,52.15,51.44,51.4,2.15
1537272423_1547924861_0,50.0,52.18,50.26,51.4,2.18
1537860536_2068744950_0,60.0,54.78,58.44,57.85,-5.22
1537860538_1537860540_0,60.0,53.43,54.39,54.65,-6.57
1537860538_1537860547_0,55.0,53.25,51.44,53.3,-1.75
1537860539_2669281786_0,60.0,56.96,61.3,56.8,-3.04
1537860539_4637787280_0,55.0,54.9,57.14,56.9,-0.1
1537860540_1537860536_0,60.0,54.15,54.44,54.18,-5.85
1537860545_1618940765_0,60.0,55.87,60.33,56.2,-4.13
1537860545_2065686684_0,60.0,55.8,61.12,56.65,-4.2
1537860547_5899088284_0,50.0,53.16,51.72,51.13,3.16
1537860547_5899088284_1,45.0,51.02,50.4,50.5,6.02
1537860550_5896466729_0,50.0,54.93,55.35,56.25,4.93
1537860550_2609514960_0,50.0,53.72,55.93,54.9,3.72
1537860551_6017829329_0,60.0,55.73,57.92,56.32,-4.27
1537860551_1547924620_0,50.0,51.64,51.75,54.45,1.64
1537860551_1537860554_0,55.0,54.99,57.51,56.1,-0.01
1537860553_1547924620_0,55.0,53.37,53.9,56.2,-1.63
1537860553_1537860554_0,55.0,55.31,57.56,55.8,0.31
1537860554_1537860551_0,55.0,54.99,57.51,56.1,-0.01
1537860554_1537272350_0,50.0,55.21,56.73,55.75,5.21
1537860554_1994272940_0,55.0,55.29,57.8,56.1,0.29
1538515025_5370032554_0,50.0,53.65,52.51,54.55,3.65
1538515050_1547924835_0,55.0,57.93,57.87,59.32,2.93
1538515050_1979433909_0,60.0,58.91,60.88,62.55,-1.09
1547924577_1537860536_0,60.0,54.0,55.73,55.1,-6.0
1547924577_5899091889_0,60.0,53.93,54.82,56.45,-6.07
1547924602_1547924577_0,60.0,54.74,59.41,58.35,-5.26
1547924602_6017829329_0,60.0,55.84,59.09,56.65,-4.16
1547924602_2068744953_0,60.0,56.54,59.56,58.15,-3.46
1547924620_5899088279_0,55.0,53.12,47.53,51.23,-1.88
1547924620_5899088279_1,50.0,50.93,47.41,49.85,0.93
1547924625_1547924655_0,45.0,54.71,58.07,58.0,9.71
1547924625_4567061596_0,50.0,57.95,58.75,62.5,7.95
1547924655_1537272308_0,50.0,54.88,57.05,55.8,4.88
1547924655_1537272300_0,50.0,58.54,60.13,58.5,8.54
1547924660_5299359673_0,60.0,55.88,57.79,55.95,-4.12
1547924660_1537272347_0,60.0,54.23,54.69,54.85,-5.77
1547924660_4637787280_0,55.0,54.82,57.58,55.9,-0.18
1547924699_5896466711_0,55.0,55.51,59.31,55.95,0.51
1547924699_5896466707_0,55.0,53.7,54.88,53.9,-1.3
1547924709_1547924821_0,50.0,58.35,59.31,58.4,8.35
1547924709_1547924699_0,50.0,56.94,59.05,58.0,6.94
1547924711_1537272308_0,50.0,54.26,53.15,51.15,4.26
1547924711_9724397841_0,50.0,51.76,50.77,50.25,1.76
1547924720_5896466703_0,50.0,53.16,51.25,50.15,3.16
1547924720_5896466720_0,50.0,53.15,51.82,50.1,3.15
1547924720_5896466720_1,45.0,51.07,49.19,49.25,6.07
1547924725_1547924709_0,50.0,57.96,58.92,60.15,7.96
1547924725_5016357851_0,50.0,59.18,60.14,59.25,9.18
1547924727_5896466709_0,55.0,55.17,59.82,56.2,0.17
1547924727_5299350703_0,55.0,53.67,55.6,54.45,-1.33
1547924766_5896903697_0,50.0,54.02,55.96,56.05,4.02
1547924766_1547924725_0,50.0,55.76,57.4,58.3,5.76
1547924784_5896466703_0,50.0,53.92,58.25,54.45,3.92
1547924784_1547924821_0,50.0,55.89,60.0,60.1,5.89
1547924818_6269369122_0,50.0,53.71,54.25,54.71,3.71
1547924818_5896903700_0,50.0,53.66,53.71,55.82,3.66
1547924821_1547924835_0,50.0,58.01,60.47,62.25,8.01
1547924823_6269369112_0,50.0,53.67,53.94,52.38,3.67
1547924835_1538515050_0,55.0,57.93,57.87,59.32,2.93
1547924835_1547924865_0,50.0,54.74,59.91,57.55,4.74
1547924835_1547924725_0,50.0,58.3,60.63,58.8,8.3
1547924861_6086540175_0,50.0,52.63,51.31,51.0,2.63
1547924861_1537272423_0,50.0,52.18,50.26,51.4,2.18
1547924865_6269369117_0,50.0,53.49,55.85,52.5,3.49
1547924865_5896903700_0,50.0,53.47,53.9,55.18,3.47
1547924893_6086540169_0,50.0,52.9,54.7,51.7,2.9
1547924899_6445597086_0,50.0,51.79,48.38,50.55,1.79
1547924943_6445597088_0,50.0,52.14,53.85,51.95,2.14
1547924948_6086540165_0,50.0,52.15,50.69,51.35,2.15
1547924948_1547924968_0,50.0,51.93,49.72,51.5,1.93
1547924968_1547924988_0,50.0,51.42,50.19,50.8,1.42
1547924988_6445597108_0,50.0,51.07,48.81,50.45,1.07
1547924988_1547924943_0,50.0,51.28,53.33,51.1,1.28
1560708469_960930747_0,60.0,46.21,57.12,55.15,-13.79
1560708469_1560708477_0,60.0,46.14,56.28,55.15,-13.86
1560708470_960930758_0,60.0,46.22,54.53,55.05,-13.78
1560708472_1560708470_0,65.0,46.25,54.11,55.05,-18.75
1560708472_1560708476_0,60.0,46.3,56.52,55.15,-13.7
1560708476_960930771_0,60.0,46.52,55.19,54.55,-13.48
1560708477_1560708503_0,60.0,46.24,55.85,55.15,-13.76
1560708492_1560708476_0,60.0,46.27,56.93,55.1,-13.73
1560708492_1560708472_0,60.0,46.24,56.75,55.15,-13.76
1560708503_1560708780_0,55.0,47.67,54.86,54.15,-7.33
1560708503_1560708492_0,60.0,46.25,56.73,55.1,-13.75
1560708514_9038203858_0,60.0,48.46,48.12,54.15,-11.54
1560708517_956427134_0,60.0,48.7,52.42,54.35,-11.3
1560708547_1560708517_0,60.0,48.62,53.92,54.2,-11.38
1560708547_1560708514_0,60.0,48.57,51.1,54.35,-11.43
1560708549_1560708556_0,60.0,48.56,49.77,54.35,-11.44
1560708556_1560708547_0,60.0,48.55,50.75,54.35,-11.45
1560708556_1560708563_0,55.0,48.56,50.56,54.25,-6.44
1560708561_3059642568_0,60.0,48.7,51.73,54.45,-11.3
1560708561_1560708549_0,60.0,48.59,50.87,54.4,-11.41
1560708563_2051214249_0,60.0,47.86,52.38,54.25,-12.14
1560708563_1560708556_0,55.0,48.56,50.56,54.25,-6.44
1560708563_1560708567_0,60.0,48.3,50.19,54.1,-11.7
1560708567_1560708568_0,60.0,48.17,49.25,54.2,-11.83
1560708567_1560708563_0,60.0,48.3,50.19,54.1,-11.7
1560708567_1560708575_0,60.0,48.11,48.76,54.35,-11.89
1560708568_1560708567_0,60.0,48.17,49.25,54.2,-11.83
1560708568_1560708569_0,60.0,48.16,49.25,54.2,-11.84
1560708568_1560708575_0,60.0,48.11,50.07,54.15,-11.89
1560708569_1560708568_0,60.0,48.16,49.25,54.2,-11.84
1560708569_1560708573_0,60.0,48.16,48.47,54.2,-11.84
1560708573_1560708569_0,60.0,48.16,48.47,54.2,-11.84
1560708573_1560708790_0,60.0,48.57,55.8,53.9,-11.43
1560708575_1560708579_0,60.0,48.08,53.34,54.35,-11.92
1560708577_1560708573_0,60.0,48.09,52.25,54.3,-11.91
1560708577_1560708569_0,60.0,48.08,50.64,54.1,-11.92
1560708579_1560708577_0,60.0,48.06,53.34,54.35,-11.94
1560708579_1560709478_0,55.0,49.46,52.78,54.35,-5.54
1560708582_1560708738_0,60.0,50.62,52.86,54.3,-9.38
1560708582_956387377_0,60.0,50.78,52.61,54.35,-9.22
1560708738_1560708582_0,60.0,50.62,52.86,54.3,-9.38
1560708738_1560709326_0,60.0,50.41,52.34,56.1,-9.59
1560708738_956387377_0,60.0,50.66,52.17,54.45,-9.34
1560708780_960930761_0,60.0,48.14,54.59,54.15,-11.86
1560708780_1560708503_0,55.0,47.67,54.86,54.15,-7.33
1560708780_1560708822_0,60.0,48.11,54.26,54.1,-11.89
1560708790_1560708573_0,60.0,48.57,55.8,53.9,-11.43
1560708790_1560708822_0,60.0,48.11,55.15,54.05,-11.89
1560708790_1560708844_0,60.0,48.1,55.6,53.95,-11.9
1560708822_1560708790_0,60.0,48.11,55.15,54.05,-11.89
1560708844_1560708865_0,60.0,48.12,55.37,54.0,-11.88
1560708844_1560708892_0,60.0,48.09,53.84,53.95,-11.91
1560708865_1560708892_0,60.0,48.15,54.59,54.0,-11.85
1560708865_960930761_0,60.0,48.15,54.72,54.0,-11.85
1560708892_960930772_0,60.0,49.28,55.94,54.6,-10.72
1560708892_1560708865_0,60.0,48.15,54.59,54.0,-11.85
1560708998_1560709035_0,60.0,50.25,53.94,54.45,-9.75
1560708998_1560709089_0,60.0,50.13,52.55,54.35,-9.87
1560709035_956387387_0,60.0,50.55,53.52,53.85,-9.45
1560709089_1560709178_0,55.0,49.74,53.99,55.05,-5.26
1560709089_1560708998_0,60.0,50.13,52.55,54.35,-9.87
1560709089_1560709035_0,60.0,50.19,52.19,54.45,-9.81
1560709178_1560709238_0,60.0,49.03,54.38,54.8,-10.97
1560709178_1560709089_0,55.0,49.74,53.99,55.05,-5.26
1560709238_1560709178_0,60.0,49.03,54.38,54.8,-10.97
1560709238_1560709333_0,55.0,49.94,52.42,55.6,-5.06
1560709238_1560709321_0,60.0,48.9,52.61,54.5,-11.1
1560709290_956427276_0,60.0,50.8,46.23,54.7,-9.2
1560709290_956427160_0,60.0,50.65,50.56,54.5,-9.35
1560709321_1560709515_0,55.0,49.17,55.79,54.55,-5.83
1560709321_1560709178_0,60.0,48.97,54.51,54.65,-11.03
1560709322_1560709327_0,60.0,50.62,46.84,54.7,-9.38
1560709326_1560709339_0,60.0,50.43,52.56,56.2,-9.57
1560709326_1560708738_0,60.0,50.41,52.34,56.1,-9.59
1560709327_1560709337_0,60.0,50.57,46.37,54.6,-9.43
1560709327_1560709453_0,60.0,50.41,51.4,54.3,-9.59
1560709329_1560709290_0,60.0,50.8,46.73,54.7,-9.2
1560709329_1560709337_0,65.0,50.56,48.34,54.55,-14.44
1560709331_1560709329_0,60.0,50.56,46.37,54.6,-9.44
1560709332_1560709339_0,60.0,50.37,53.93,56.0,-9.63
1560709332_1560709326_0,60.0,50.38,53.45,56.0,-9.62
1560709333_1560709332_0,60.0,50.26,53.43,55.6,-9.74
1560709333_1560709238_0,55.0,49.94,52.42,55.6,-5.06
1560709337_1560709346_0,65.0,50.57,47.22,54.7,-14.43
1560709337_1560709453_0,65.0,50.46,50.05,54.4,-14.54
1560709338_1560709333_0,60.0,50.23,53.56,55.6,-9.77
1560709339_1560709326_0,60.0,50.43,52.56,56.2,-9.57
1560709339_1560709375_0,60.0,50.44,52.56,56.2,-9.56
1560709346_1560709403_0,60.0,50.53,47.38,54.55,-9.47
1560709346_1560709331_0,65.0,50.56,47.6,54.55,-14.44
1560709375_1560709339_0,60.0,50.44,52.56,56.2,-9.56
1560709375_1560709459_0,60.0,50.41,52.77,56.1,-9.59
1560709375_1560709338_0,60.0,50.35,54.11,56.0,-9.65
1560709403_1560709805_0,60.0,50.72,54.97,54.2,-9.28
1560709446_1560709346_0,65.0,50.44,48.74,54.25,-14.56
1560709446_1560709403_0,60.0,50.4,51.49,54.3,-9.6
1560709453_1560709474_0,60.0,50.33,54.39,54.05,-9.67
1560709459_1560709375_0,60.0,50.41,52.77,56.1,-9.59
1560709459_1560709867_0,55.0,50.64,52.56,55.95,-4.36
1560709459_1560709338_0,60.0,50.3,54.76,55.95,-9.7
1560709474_1560710311_0,55.0,50.34,51.9,54.55,-4.66
1560709474_1560709446_0,60.0,50.33,53.73,53.95,-9.67
1560709478_1560708579_0,55.0,49.46,52.78,54.35,-5.54
1560709478_1560709528_0,60.0,50.24,52.46,54.4,-9.76
1560709515_1560709321_0,55.0,49.17,55.79,54.55,-5.83
1560709515_956487709_0,60.0,49.71,53.15,54.3,-10.29
1560709528_1560709331_0,60.0,50.68,49.33,54.75,-9.32
1560709628_1560709528_0,60.0,50.36,53.53,54.65,-9.64
1560709628_1560709478_0,60.0,50.21,55.15,54.4,-9.79
1560709740_1523085816_0,60.0,50.52,51.81,54.55,-9.48
1560709805_1560709855_0,60.0,50.1,55.21,54.35,-9.9
1560709805_1560709948_0,60.0,49.99,53.75,54.35,-10.01
1560709819_1560709628_0,60.0,50.45,52.25,54.7,-9.55
1560709819_1560709855_0,65.0,50.1,53.4,54.6,-14.9
1560709827_1560709819_0,60.0,50.1,55.21,54.45,-9.9
1560709855_1560709863_0,65.0,50.11,52.39,54.6,-14.89
1560709855_1560709948_0,65.0,50.02,56.03,54.35,-14.98
1560709863_1560709908_0,60.0,50.12,55.21,54.6,-9.88
1560709863_1560709827_0,65.0,50.09,55.87,54.45,-14.91
1560709867_1560709459_0,55.0,50.64,52.56,55.95,-4.36
1560709867_1560710022_0,60.0,51.13,55.32,56.35,-8.87
1560709904_1560710220_0,55.0,49.85,55.07,54.8,-5.15
1560709904_1560709740_0,60.0,49.85,55.18,54.95,-10.15
1560709908_1560710108_0,60.0,50.35,57.66,54.6,-9.65
1560709948_1560710011_0,60.0,49.91,55.34,54.35,-10.09
1560709949_1560709863_0,65.0,49.98,54.35,54.35,-15.02
1560709949_1560709908_0,60.0,49.99,54.07,54.35,-10.01
1560710004_1560710022_0,60.0,51.33,55.2,56.7,-8.67
1560710004_1560709867_0,60.0,51.01,53.43,55.75,-8.99
1560710011_1560710211_0,55.0,50.11,53.38,53.9,-4.89
1560710011_1560709949_0,60.0,49.87,54.87,54.3,-10.13
1560710022_956427011_0,60.0,51.65,56.17,56.8,-8.35
1560710049_4585568069_0,60.0,50.06,55.19,54.65,-9.94
1560710095_1560710049_0,60.0,50.05,54.55,54.45,-9.95
1560710095_960930772_0,60.0,49.98,52.98,54.35,-10.02
1560710108_1560710158_0,60.0,50.07,55.19,54.5,-9.93
1560710158_1560710168_0,60.0,50.04,55.85,54.55,-9.96
1560710158_1560710211_0,60.0,50.01,54.55,54.5,-9.99
1560710168_1560710095_0,60.0,50.02,55.94,54.45,-9.98
1560710199_1560710451_0,60.0,50.95,51.99,55.85,-9.05
1560710199_1523086144_0,60.0,50.88,53.48,55.75,-9.12
1560710211_1560710011_0,55.0,50.11,53.38,53.9,-4.89
1560710211_1560710168_0,60.0,49.99,53.99,54.5,-10.01
1560710220_1560709904_0,55.0,49.85,55.07,54.8,-5.15
1560710220_1560710329_0,60.0,49.84,53.22,54.65,-10.16
1560710311_1560710329_0,60.0,49.91,53.34,54.6,-10.09
1560710311_1560709474_0,55.0,50.34,51.9,54.55,-4.66
1560710311_1560710220_0,60.0,49.85,54.77,54.65,-10.15
1560710329_1560710311_0,60.0,49.91,53.34,54.6,-10.09
1560710329_1560710510_0,60.0,50.49,53.72,54.7,-9.51
1560710329_1560710416_0,60.0,49.96,54.69,54.85,-10.04
1560710416_1560710311_0,60.0,49.72,54.08,54.55,-10.28
1560710416_1560710663_0,60.0,50.77,55.19,54.4,-9.23
1560710451_1560710599_0,60.0,50.67,52.34,55.05,-9.33
1560710451_1560710199_0,60.0,50.95,51.99,55.85,-9.05
1560710510_1560710329_0,60.0,50.49,53.72,54.7,-9.51
1560710510_1560710559_0,60.0,50.56,52.67,54.9,-9.44
1560710559_1560710599_0,60.0,50.6,53.33,55.0,-9.4
1560710559_1560710451_0,60.0,50.66,53.4,55.05,-9.34
1560710584_1560710510_0,60.0,50.5,53.31,54.65,-9.5
1560710599_1560710635_0,60.0,50.65,52.08,55.05,-9.35
1560710599_1560710451_0,60.0,50.67,52.34,55.05,-9.33
1560710635_1560710663_0,60.0,50.65,53.98,55.05,-9.35
1560710635_1560710599_0,60.0,50.65,52.08,55.05,-9.35
1560710635_1560710584_0,60.0,50.57,53.24,55.0,-9.43
1560710663_1560710635_0,60.0,50.65,53.98,55.05,-9.35
1560710663_1560710416_0,60.0,50.77,55.19,54.4,-9.23
1560710663_1560710584_0,60.0,50.51,53.53,54.75,-9.49
1560711332_534595536_0,65.0,35.83,51.04,44.49,-29.17
1560711332_1560711547_0,65.0,35.56,53.23,41.35,-29.44
1560711332_1560711547_1,60.0,34.83,53.93,41.74,-25.17
1560711547_1560711332_0,65.0,35.56,53.23,41.35,-29.44
1560711547_534595520_0,65.0,35.58,51.2,42.55,-29.42
1560712176_1523089133_0,60.0,44.24,54.98,53.5,-15.76
1560712533_1560712556_0,55.0,52.01,53.98,55.5,-2.99
1560712556_1560712533_0,55.0,52.01,53.98,55.5,-2.99
1560712556_1526524934_0,60.0,49.72,53.98,55.1,-10.28
1560712841_1075378250_0,70.0,56.2,63.69,62.05,-13.8
1561547098_1561547259_0,55.0,45.28,56.96,56.88,-9.72
1561547232_1561547259_0,70.0,51.79,58.77,59.0,-18.21
1561547232_11225113692_0,55.0,45.93,61.27,56.42,-9.07
1561547232_11225113691_0,70.0,52.15,59.61,59.85,-17.85
1561547259_1561547232_0,70.0,51.79,58.77,59.0,-18.21
1561547259_1561547098_0,55.0,45.28,56.96,56.88,-9.72
1561547259_529120102_0,70.0,51.57,57.89,58.9,-18.43
1561547353_1561547365_0,50.0,52.21,56.68,53.35,2.21
1561547360_310266148_0,50.0,49.34,53.8,52.45,-0.66
1561547365_1561547353_0,50.0,52.21,56.68,53.35,2.21
1561547365_264494230_0,60.0,58.72,52.44,58.12,-1.28
1561547365_5492173245_0,60.0,58.24,53.04,58.7,-1.76
1561547462_1561547474_0,50.0,50.92,56.29,53.5,0.92
1561547474_1561547462_0,50.0,50.92,56.29,53.5,0.92
1561547474_530185974_0,55.0,51.33,58.24,58.12,-3.67
1561547485_1561547521_0,50.0,50.92,55.37,52.05,0.92
1561547487_310266148_0,65.0,51.07,57.91,55.75,-13.93
1561547487_530185974_0,65.0,51.14,57.53,56.15,-13.86
1561547487_1561547572_0,60.0,50.97,55.68,53.65,-9.03
1561547505_530185986_0,65.0,49.6,54.55,52.1,-15.4
1561547505_1561547618_0,60.0,49.56,54.43,51.05,-10.44
1561547505_1776101207_0,65.0,49.48,52.91,51.95,-15.52
1561547521_530185977_0,60.0,51.67,55.36,53.5,-8.33
1561547521_530185974_0,65.0,51.2,57.47,54.8,-13.8
1561547521_1561547485_0,50.0,50.92,55.37,52.05,0.92
1561547533_530185985_0,55.0,49.96,57.73,52.0,-5.04
1561547538_530185986_0,55.0,49.58,54.85,52.8,-5.42
1561547539_1561547521_0,60.0,50.85,57.33,53.25,-9.15
1561547539_1561547545_0,55.0,51.74,55.7,53.55,-3.26
1561547545_530185979_0,55.0,51.8,55.73,53.15,-3.2
1561547545_1561547565_0,55.0,52.84,57.58,53.6,-2.16
1561547565_530185975_0,55.0,53.04,57.56,54.7,-1.96
1561547565_530185976_0,50.0,53.56,56.53,54.05,3.56
1561547572_1561547579_0,60.0,51.54,53.83,50.9,-8.46
1561547572_1561547487_0,60.0,50.97,55.68,53.65,-9.03
1561547572_1776101564_0,55.0,51.4,54.13,51.45,-3.6
1561547579_1561547743_0,50.0,52.07,53.02,51.35,2.07
1561547579_1561547829_0,60.0,52.35,52.89,53.9,-7.65
1561547579_1561547572_0,60.0,51.54,53.83,50.9,-8.46
1561547607_1561547611_0,60.0,60.15,54.08,57.45,0.15
1561547607_1523467453_0,60.0,60.11,54.08,57.45,0.11
1561547607_1561547674_0,50.0,54.49,57.9,52.85,4.49
1561547611_1561547607_0,60.0,60.15,54.08,57.45,0.15
1561547611_1561547683_0,60.0,60.3,55.7,57.7,0.3
1561547611_3012447910_0,55.0,54.11,54.72,52.7,-0.89
1561547618_1561547632_0,50.0,50.37,55.87,52.95,0.37
1561547618_1561547505_0,60.0,49.56,54.43,51.05,-10.44
1561547632_1561547618_0,50.0,50.37,55.87,52.95,0.37
1561547674_1561547607_0,50.0,54.49,57.9,52.85,4.49
1561547683_264494251_0,60.0,60.38,55.44,57.65,0.38
1561547683_1561547611_0,60.0,60.3,55.7,57.7,0.3
1561547683_1561547750_0,55.0,54.19,55.52,54.45,-0.81
1561547697_1561547715_0,60.0,51.76,52.39,51.0,-8.24
1561547715_1561547697_0,60.0,51.76,52.39,51.0,-8.24
1561547715_1561547781_0,55.0,51.79,51.23,51.0,-3.21
1561547715_1561547743_0,60.0,52.36,50.62,50.8,-7.64
1561547727_1561547750_0,55.0,54.01,56.66,52.05,-0.99
1561547743_1561547579_0,50.0,52.07,53.02,51.35,2.07
1561547743_1561547715_0,60.0,52.36,50.62,50.8,-7.64
1561547743_264494251_0,60.0,54.15,54.62,53.35,-5.85
1561547750_1561547776_0,55.0,54.05,55.41,52.45,-0.95
1561547750_1561547727_0,55.0,54.01,56.66,52.05,-0.99
1561547750_1561547683_0,55.0,54.19,55.52,54.45,-0.81
1561547750_1561547805_0,50.0,54.76,58.19,54.1,4.76
1561547776_1561547750_0,55.0,54.05,55.41,52.45,-0.95
1561547781_1561547715_0,55.0,51.79,51.23,51.0,-3.21
1561547805_1561547750_0,50.0,54.76,58.19,54.1,4.76
1561547824_355869687_0,50.0,52.2,51.95,53.05,2.2
1561547829_1561547830_0,60.0,58.53,58.05,57.1,-1.47
1561547829_264494256_0,55.0,58.95,60.98,57.1,3.95
1561547829_1561547579_0,60.0,52.35,52.89,53.9,-7.65
1561547830_355869686_0,55.0,58.48,57.3,57.1,3.48
1561547830_1561547829_0,60.0,58.53,58.05,57.1,-1.47
1561547830_1561547854_0,50.0,52.69,49.34,52.4,2.69
1561547836_355869687_0,50.0,58.13,52.46,57.4,8.13
1561547836_355869686_0,55.0,58.29,56.92,57.1,3.29
1561547836_1561547844_0,50.0,52.37,52.17,52.95,2.37
1561547844_1561547836_0,50.0,52.37,52.17,52.95,2.37
1561547854_1561547830_0,50.0,52.69,49.34,52.4,2.69
1562521076_1075378247_0,70.0,55.93,65.79,65.7,-14.07
1562521076_1606545620_0,60.0,55.32,65.69,65.05,-4.68
1562521084_243066374_0,75.0,64.23,63.82,65.8,-10.77
1563525294_1563525733_0,60.0,47.12,52.38,54.45,-12.88
1563525294_1563525640_0,60.0,45.34,56.66,55.3,-14.66
1563525508_1563525640_0,60.0,44.35,51.24,52.65,-15.65
1563525640_1563525508_0,60.0,44.35,51.24,52.65,-15.65
1563525640_1563525733_0,60.0,45.0,56.66,55.45,-15.0
1563525657_1523088343_0,60.0,48.16,55.75,57.7,-11.84
1563525663_1563525657_0,60.0,45.92,55.76,55.7,-14.08
1563525675_1563525663_0,65.0,45.88,55.76,55.9,-19.12
1563525675_1563525663_1,60.0,45.9,55.76,55.9,-14.1
1563525729_1563525675_0,65.0,45.76,55.76,55.8,-19.24
1563525729_1526523556_0,65.0,45.69,56.16,55.65,-19.31
1563525733_1523088773_0,60.0,46.8,52.23,54.7,-13.2
1563525768_1563525657_0,60.0,47.29,51.83,54.8,-12.71
1563525768_1563525729_0,60.0,45.64,56.16,55.55,-14.36
1563527596_1563527631_0,60.0,54.24,52.88,53.75,-5.76
1563527631_1563527596_0,60.0,54.24,52.88,53.75,-5.76
1563527712_1563527717_0,70.0,51.79,55.65,52.35,-18.21
1563527712_1563527761_0,65.0,53.82,54.99,53.5,-11.18
1563527712_1563527724_0,65.0,53.19,57.17,52.45,-11.81
1563527717_1563527712_0,70.0,51.79,55.65,52.35,-18.21
1563527717_1563527719_0,70.0,49.85,52.39,52.35,-20.15
1563527719_1563527717_0,70.0,49.85,52.39,52.35,-20.15
1563527724_1563527729_0,70.0,50.05,55.41,52.68,-19.95
1563527724_1563527726_0,70.0,52.86,56.99,52.3,-17.14
1563527724_1563527712_0,65.0,53.19,57.17,52.45,-11.81
1563527726_1563527730_0,70.0,52.25,56.41,52.3,-17.75
1563527726_1563527724_0,70.0,52.86,56.99,52.3,-17.14
1563527729_1563527731_0,70.0,46.69,47.5,48.85,-23.31
1563527729_1563527717_0,75.0,49.1,55.7,52.73,-25.9
1563527730_1563527739_0,70.0,51.99,55.48,52.35,-18.01
1563527730_1563527726_0,70.0,52.25,56.41,52.3,-17.75
1563527730_1563527740_0,70.0,50.53,56.89,52.65,-19.47
1563527732_1563527726_0,70.0,49.71,55.71,52.53,-20.29
1563527736_1563527732_0,70.0,46.22,47.28,49.0,-23.78
1563527739_1563527741_0,70.0,51.67,55.82,52.45,-18.33
1563527739_1563527730_0,70.0,51.99,55.48,52.35,-18.01
1563527739_1563527758_0,70.0,53.42,60.44,52.5,-16.58
1563527740_1563527730_0,70.0,50.53,56.89,52.65,-19.47
1563527740_1563527743_0,70.0,50.04,55.72,52.73,-19.96
1563527741_1563527743_0,70.0,50.82,55.38,52.45,-19.18
1563527741_1563527740_0,70.0,50.19,56.01,52.73,-19.81
1563527743_1563527758_0,70.0,52.61,60.91,52.55,-17.39
1563527758_1563527761_0,70.0,54.03,60.96,52.75,-15.97
1563527758_1563527732_0,70.0,50.66,60.82,53.13,-19.34
1563527758_1563527739_0,70.0,53.41,60.43,52.5,-16.59
1563527761_1563527758_0,70.0,54.03,60.96,52.75,-15.97
1563527761_1563527766_0,70.0,53.03,61.75,52.8,-16.97
1563527761_1563527712_0,65.0,53.82,55.65,53.5,-11.18
1563527765_1563527767_0,70.0,54.25,62.56,54.43,-15.75
1563527765_1563527785_0,65.0,54.84,63.88,63.55,-10.16
1563527765_1563527785_1,70.0,55.25,62.19,63.5,-14.75
1563527766_1563527761_0,70.0,53.03,61.75,52.8,-16.97
1563527767_1563527765_0,70.0,54.25,62.56,54.43,-15.75
1563527770_1563527780_0,60.0,46.12,50.61,45.99,-13.88
1563527780_13015838416_0,75.0,49.18,59.96,51.9,-25.82
1563527780_1524484396_0,60.0,50.14,66.57,62.6,-9.86
1563527780_1563527770_0,60.0,46.12,50.61,45.99,-13.88
1563527785_1563527786_0,70.0,54.16,63.22,67.2,-15.84
1563527785_1563527765_0,65.0,54.83,63.88,63.55,-10.17
1563527785_1563527765_1,70.0,55.25,62.19,63.5,-14.75
1563527786_1563527785_0,70.0,54.16,63.22,67.2,-15.84
1563527796_1563527800_0,60.0,47.29,49.78,49.55,-12.71
1563527800_1524484545_0,60.0,48.64,54.75,52.4,-11.36
1563527800_1563527796_0,60.0,47.29,49.78,49.55,-12.71
1563527800_1524484396_0,60.0,49.83,56.23,55.15,-10.17
1563527836_1563527851_0,65.0,54.61,61.88,66.0,-10.39
1563527836_256133369_0,75.0,62.77,68.44,68.7,-12.23
1563527838_1563527851_0,60.0,53.76,60.31,55.05,-6.24
1563527851_1563527855_0,65.0,53.59,55.25,52.95,-11.41
1563527851_1563527836_0,65.0,54.61,61.88,66.0,-10.39
1563527851_1563527838_0,60.0,53.76,60.31,55.05,-6.24
1563527855_1563527851_0,65.0,53.59,55.25,52.95,-11.41
1563527855_1563528029_0,65.0,53.04,59.01,51.5,-11.96
1563527855_1563527913_0,60.0,54.04,58.26,54.15,-5.96
1563527855_4165565239_0,65.0,53.56,55.59,53.8,-11.44
1563527913_1563527855_0,60.0,54.04,58.26,54.15,-5.96
1563528029_1563527855_0,65.0,53.04,59.01,51.5,-11.96
1563528178_1075378244_0,65.0,55.88,64.09,65.9,-9.12
1563528178_1563527913_0,60.0,55.21,60.05,56.85,-4.79
1563528217_1563528229_0,60.0,56.08,62.91,65.25,-3.92
1563528225_1563528262_0,75.0,62.78,66.44,68.05,-12.22
1563528225_1563528229_0,70.0,56.17,67.36,67.75,-13.83
1563528229_1563528234_0,70.0,56.21,64.99,66.1,-13.79
1563528230_1563528217_0,55.0,55.88,59.44,52.85,0.88
1563528230_1563528243_0,60.0,55.77,59.02,59.4,-4.23
1563528234_1563528217_0,65.0,56.03,61.78,64.1,-8.97
1563528234_1563528243_0,70.0,56.28,62.06,66.0,-13.72
1563528243_1563528230_0,60.0,56.1,61.42,62.6,-3.9
1563528243_1563528262_0,70.0,56.3,60.29,57.3,-13.7
1563528262_249081370_0,75.0,63.06,64.1,69.4,-11.94
1596873027_6606441630_0,75.0,67.75,67.94,67.4,-7.25
1599289940_1454332860_0,65.0,56.16,55.2,57.3,-8.84
1599289940_1454332888_0,70.0,57.85,58.57,59.35,-12.15
1601123149_263795322_0,70.0,60.87,60.64,61.8,-9.13
1601123149_263795314_0,70.0,60.38,60.16,62.9,-9.62
1606545620_1562521076_0,60.0,55.32,65.69,65.05,-4.68
1607095273_1270508805_0,60.0,56.77,55.26,55.85,-3.23
1607095273_6731818517_0,60.0,57.27,55.38,56.35,-2.73
1607095276_6731818517_0,60.0,56.16,51.3,51.85,-3.84
1607095276_1607095288_0,60.0,57.14,55.69,55.75,-2.86
1607095288_1270508805_0,55.0,56.89,51.8,53.95,1.89
1609386318_263701657_0,65.0,61.19,61.32,58.75,-3.81
1609386318_263701660_0,65.0,59.56,57.61,55.35,-5.44
1612596798_7673218709_0,65.0,57.45,59.78,58.7,-7.55
1612596798_8312283475_0,65.0,56.92,58.15,57.15,-8.08
1612596798_248951012_0,65.0,57.52,59.35,58.7,-7.48
1612596804_248951015_0,70.0,60.34,61.68,61.25,-9.66
1616939583_264545446_0,65.0,55.23,54.37,56.38,-9.77
1616939586_260300604_0,70.0,57.48,58.39,56.97,-12.52
1616939586_265566034_0,65.0,56.29,56.04,56.82,-8.71
1616939595_1616939597_0,70.0,60.61,62.96,61.6,-9.39
1616939595_937768172_0,75.0,64.35,63.19,63.5,-10.65
1616939597_1616939617_0,70.0,59.9,59.97,57.65,-10.1
1616939617_250167890_0,65.0,60.17,62.82,57.55,-4.83
1616939625_263711001_0,70.0,59.5,61.66,61.25,-10.5
1616939625_250175533_0,65.0,59.03,62.34,59.45,-5.97
1616939635_1616939645_0,70.0,59.9,56.75,57.25,-10.1
1616939635_250166391_0,65.0,60.55,61.73,61.35,-4.45
1616939645_1616939646_0,70.0,59.96,59.52,58.65,-10.04
1616939645_249319586_0,70.0,60.51,61.78,58.75,-9.49
1616939646_614829474_0,75.0,60.82,63.08,62.2,-14.18
1616950119_1616950120_0,70.0,61.59,59.88,59.92,-8.41
1616950119_1619563505_0,70.0,62.35,63.05,60.45,-7.65
1616950120_1616950119_0,70.0,61.59,59.88,59.92,-8.41
1616950120_297326181_0,65.0,57.9,60.19,58.05,-7.1
1616950120_6515317269_0,70.0,61.19,60.37,59.42,-8.81
1618842941_422901585_0,70.0,61.47,62.93,64.75,-8.53
1618842941_323094553_0,70.0,56.04,53.55,57.28,-13.96
1618842974_421745938_0,60.0,56.63,58.95,57.45,-3.37
1618850388_1384762199_0,60.0,54.48,54.16,54.9,-5.52
1618850388_323096880_0,60.0,54.43,55.82,55.05,-5.57
1618850420_11277312674_0,60.0,54.37,55.08,54.6,-5.63
1618850420_420686512_0,65.0,55.3,54.11,55.0,-9.7
1618940743_928221890_0,60.0,50.75,53.99,54.95,-9.25
1618940743_1720906644_0,60.0,48.98,52.38,53.85,-11.02
1618940743_1424313789_0,60.0,49.37,53.81,54.0,-10.63
1618940747_428787822_0,70.0,53.43,59.14,59.95,-16.57
1618940747_422898634_0,70.0,56.17,56.96,59.0,-13.83
1618940750_422896577_0,70.0,53.91,63.48,60.3,-16.09
1618940750_923085389_0,70.0,56.9,60.07,59.95,-13.1
1618940758_1618940768_0,65.0,52.96,54.04,55.2,-12.04
1618940758_851411530_0,70.0,57.92,60.57,58.8,-12.08
1618940765_1537860545_0,60.0,55.87,60.33,56.2,-4.13
1618940765_422871436_0,60.0,57.7,59.78,58.55,-2.3
1618940768_449832547_0,60.0,53.33,54.03,55.05,-6.67
1618940768_1945838429_0,65.0,52.82,52.66,54.38,-12.18
1618940776_2671571356_0,65.0,53.24,54.41,54.45,-11.76
1618940776_1618940787_0,65.0,53.47,56.01,55.2,-11.53
1618940781_4450362764_0,65.0,54.32,57.43,54.03,-10.68
1618940781_1498426665_0,60.0,55.26,57.1,53.22,-4.74
1618940781_1498430156_0,65.0,55.82,61.38,61.25,-9.18
1618940787_4450358639_0,65.0,53.32,55.22,54.75,-11.68
1618940787_449841139_0,65.0,53.24,53.71,54.45,-11.76
1618940806_2671854952_0,50.0,51.45,52.81,53.88,1.45
1618940806_2383692433_0,60.0,52.46,54.34,53.75,-7.54
1618940807_4450358640_0,65.0,53.53,55.2,56.72,-11.47
1618940807_1618940827_0,65.0,54.66,60.56,56.21,-10.34
1618940827_1618940853_0,65.0,54.66,56.22,55.18,-10.34
1618940827_3841871407_0,65.0,54.81,58.85,55.45,-10.19
1618940853_2383692457_0,65.0,54.25,56.54,56.6,-10.75
1618940853_2383692442_0,65.0,53.97,58.32,56.08,-11.03
1618940859_1618940872_0,65.0,60.23,64.97,61.35,-4.77
1618940872_1618940966_0,65.0,61.0,62.91,65.1,-4.0
1618940872_1618940899_0,65.0,60.36,61.4,61.75,-4.64
1618940899_1618940910_0,65.0,60.2,62.56,61.35,-4.8
1618940910_1618941080_0,65.0,58.52,62.34,58.4,-6.48
1618940910_1618940859_0,65.0,60.06,65.81,61.25,-4.94
1618940956_923356364_0,70.0,64.87,59.84,65.45,-5.13
1618940961_1618941032_0,65.0,54.69,54.72,54.8,-10.31
1618940961_1618940986_0,65.0,55.08,56.32,54.82,-9.92
1618940966_249245931_0,70.0,65.03,60.97,65.7,-4.97
1618940986_1618850388_0,65.0,54.75,55.89,54.45,-10.25
1618941010_1618941034_0,65.0,58.03,59.05,56.8,-6.97
1618941032_1618941038_0,65.0,55.55,53.73,55.8,-9.45
1618941034_1618940859_0,65.0,58.26,62.55,57.35,-6.74
1618941034_1618941080_0,65.0,58.16,59.05,56.55,-6.84
1618941038_1618941147_0,65.0,54.84,55.14,55.35,-10.16
1618941038_1618941068_0,65.0,53.96,51.21,55.25,-11.04
1618941068_421748224_0,65.0,55.53,53.73,55.75,-9.47
1618941068_421748221_0,65.0,53.75,51.16,54.8,-11.25
1618941069_1618941010_0,65.0,57.79,60.29,56.7,-7.21
1618941080_323092847_0,65.0,58.09,59.31,57.1,-6.91
1618941147_1618941226_0,60.0,55.27,56.13,54.92,-4.73
1618941175_1618941069_0,60.0,57.69,59.43,56.8,-2.31
1618941175_614635774_0,65.0,58.43,58.9,56.7,-6.57
1618941176_1618941010_0,60.0,55.7,57.98,54.9,-4.3
1618941176_1618941175_0,65.0,58.29,57.3,56.55,-6.71
1618941177_1618941176_0,65.0,57.58,57.58,56.2,-7.42
1618941192_1618941068_0,65.0,54.94,54.26,55.35,-10.06
1618941192_1618941147_0,65.0,55.45,53.33,55.22,-9.55
1618941208_1618941192_0,65.0,55.32,56.17,55.02,-9.68
1618941226_6555855530_0,65.0,55.09,53.28,55.6,-9.91
1618941226_1618941208_0,65.0,55.37,56.39,55.22,-9.63
1618941235_1618941177_0,65.0,57.69,58.24,56.45,-7.31
1618941235_1618941277_0,65.0,58.49,59.46,57.05,-6.51
1618941243_1618941277_0,65.0,59.4,56.79,58.1,-5.6
1618941243_1618941177_0,65.0,58.38,57.53,56.65,-6.62
1618941245_1618941243_0,70.0,59.31,55.44,58.05,-10.69
1618941260_323092980_0,70.0,59.1,56.6,57.2,-10.9
1618941260_1618941304_0,65.0,60.11,60.26,58.3,-4.89
1618941264_428933736_0,70.0,57.56,62.15,57.65,-12.44
1618941264_1618941260_0,70.0,59.89,60.2,58.35,-10.11
1618941270_1618941264_0,70.0,58.08,56.28,57.8,-11.92
1618941277_323092977_0,70.0,59.21,58.56,58.45,-10.79
1618941285_1618941304_0,65.0,59.7,56.68,58.85,-5.3
1618941285_323092980_0,65.0,59.59,57.02,57.6,-5.41
1618941303_6555855530_0,65.0,54.22,52.38,55.0,-10.78
1618941303_1618941208_0,65.0,55.2,56.25,55.95,-9.8
1618941304_323094781_0,70.0,61.22,59.29,59.0,-8.78
1618941319_1618941270_0,65.0,58.3,56.75,57.65,-6.7
1618941319_1618941374_0,65.0,58.74,60.23,57.6,-6.26
1618941342_1618941303_0,65.0,55.95,56.27,56.8,-9.05
1618941342_323096231_0,65.0,54.34,52.53,55.85,-10.66
1618941350_1618941374_0,65.0,58.66,58.66,57.92,-6.34
1618941350_1618941270_0,65.0,57.8,59.34,58.05,-7.2
1618941354_1618941350_0,65.0,58.53,59.64,57.12,-6.47
1618941374_1618941376_0,65.0,59.27,60.3,58.12,-5.73
1618941376_1618941400_0,65.0,59.31,61.08,57.3,-5.69
1618941376_1618941354_0,65.0,58.76,59.39,57.02,-6.24
1618941382_1618941400_0,65.0,59.45,53.68,56.05,-5.55
1618941382_1618941354_0,65.0,58.69,58.06,57.15,-6.31
1618941393_1618941382_0,65.0,58.85,54.68,56.22,-6.15
1618941400_1618941403_0,65.0,59.63,54.99,56.82,-5.37
1618941403_1618941445_0,65.0,58.07,58.01,56.75,-6.93
1618941403_1618941393_0,65.0,59.19,53.05,56.18,-5.81
1618941422_1618941430_0,65.0,56.98,53.07,54.98,-8.02
1618941430_1618941393_0,65.0,57.87,54.06,56.3,-7.13
1618941430_1618941445_0,65.0,56.92,54.93,55.02,-8.08
1618941432_1618941342_0,65.0,55.86,56.21,56.25,-9.14
1618941432_1618941422_0,65.0,56.82,56.37,54.32,-8.18
1618941445_420684690_0,65.0,57.18,56.68,55.72,-7.82
1618969688_260551155_0,70.0,56.24,59.36,57.9,-13.76
1618969688_1618969690_0,65.0,56.46,55.96,57.2,-8.54
1618969690_265040868_0,65.0,56.44,57.98,56.95,-8.56
1618969690_1618969695_0,65.0,55.99,58.08,56.7,-9.01
1618969693_445851221_0,70.0,61.05,61.3,59.4,-8.95
1618969693_1619563376_0,70.0,60.54,63.84,60.87,-9.46
1618969695_265040848_0,65.0,56.14,57.36,58.05,-8.86
1618969695_1618969715_0,65.0,55.97,53.9,53.7,-9.03
1618969702_445851221_0,70.0,60.28,63.54,58.9,-9.72
1618969702_297326023_0,70.0,60.19,61.94,58.75,-9.81
1618969702_1618969716_0,65.0,55.69,58.22,56.3,-9.31
1618969714_265040851_0,65.0,55.63,54.18,55.4,-9.37
1618969714_1618969719_0,65.0,55.48,52.53,55.1,-9.52
1618969715_265040851_0,65.0,55.67,56.93,55.85,-9.33
1618969715_1618969719_0,65.0,55.86,50.88,53.95,-9.14
1618969716_495163100_0,70.0,55.7,58.23,57.85,-14.3
1618969716_628128370_0,70.0,55.64,56.87,57.2,-14.36
1618969717_1618969714_0,65.0,55.11,55.63,54.25,-9.89
1618969719_1618969744_0,65.0,55.56,50.73,53.4,-9.44
1618969719_1618969722_0,60.0,56.07,52.73,54.05,-3.93
1618969722_292572689_0,65.0,56.21,54.53,55.05,-8.79
1618969744_265040838_0,65.0,55.82,52.55,54.9,-9.18
1618969744_1618969717_0,65.0,55.43,51.8,53.15,-9.57
1618969773_297326175_0,65.0,59.34,60.78,60.6,-5.66
1618969802_1616950119_0,70.0,62.98,60.51,59.57,-7.02
1618969802_2500504643_0,70.0,59.34,62.43,59.45,-10.66
1618969814_2040977837_0,75.0,59.55,60.11,58.5,-15.45
1618969814_614631996_0,75.0,59.71,59.03,58.0,-15.29
1618969814_614631986_0,75.0,60.15,60.13,55.45,-14.85
1619562938_265566081_0,75.0,62.77,58.27,59.9,-12.23
1619562939_265566074_0,55.0,57.05,60.04,56.78,2.05
1619562939_1619562938_0,70.0,57.5,62.98,57.78,-12.5
1619562940_416523585_0,65.0,57.58,62.3,59.78,-7.42
1619562940_1619562939_0,65.0,57.46,62.27,59.18,-7.54
1619562950_264537308_0,65.0,59.5,63.06,61.0,-5.5
1619562950_1315000596_0,65.0,57.16,58.3,59.75,-7.84
1619562965_2018982147_0,70.0,59.49,63.51,59.55,-10.51
1619562965_1619562966_0,70.0,59.5,61.96,59.25,-10.5
1619562966_1619562965_0,70.0,59.5,61.96,59.25,-10.5
1619562966_3398866828_0,70.0,58.54,58.16,58.75,-11.46
1619562971_1619562976_0,65.0,60.82,62.7,57.0,-4.18
1619562976_250167886_0,70.0,62.89,66.07,61.2,-7.11
1619562980_250164474_0,75.0,63.91,62.72,61.1,-11.09
1619562980_1616939617_0,65.0,60.06,60.19,58.9,-4.94
1619562982_252406078_0,80.0,66.07,63.51,64.9,-13.93
1619562985_249319623_0,80.0,66.97,66.08,65.6,-13.03
1619563002_263711004_0,60.0,59.77,61.08,58.7,-0.23
1619563002_250177700_0,70.0,59.56,57.31,58.85,-10.44
1619563007_1616939625_0,70.0,59.14,61.19,60.0,-10.86
1619563007_1616939625_1,65.0,59.05,58.65,56.59,-5.95
1619563016_249316343_0,75.0,65.74,60.72,62.25,-9.26
1619563021_1616939635_0,65.0,60.02,59.05,58.3,-4.98
1619563021_1619562985_0,65.0,59.51,61.69,61.1,-5.49
1619563032_249316323_0,70.0,59.22,59.64,58.5,-10.78
1619563032_1619563021_0,65.0,59.58,58.96,58.1,-5.42
1619563046_2026401474_0,70.0,58.83,65.95,64.15,-11.17
1619563046_1265209355_0,60.0,64.66,64.13,65.21,4.66
1619563054_249316342_0,65.0,59.53,61.21,59.4,-5.47
1619563054_1619563016_0,65.0,59.84,62.26,62.25,-5.16
1619563069_1619563054_0,65.0,59.19,62.62,59.05,-5.81
1619563069_1619563083_0,70.0,59.37,64.0,62.37,-10.63
1619563073_249319586_0,65.0,59.46,60.25,58.8,-5.54
1619563073_1616939646_0,75.0,59.83,61.72,58.55,-15.17
1619563083_30438733_0,75.0,65.31,68.6,65.85,-9.69
1619563088_1619563090_0,75.0,60.17,62.32,59.7,-14.83
1619563088_249701141_0,75.0,60.16,61.78,59.5,-14.84
1619563090_249316285_0,70.0,59.6,60.46,61.6,-10.4
1619563092_1619563088_0,75.0,60.29,62.5,59.95,-14.71
1619563092_1619563069_0,65.0,59.34,61.81,59.85,-5.66
1619563157_296394969_0,65.0,59.41,62.96,59.65,-5.59
1619563157_1619563178_0,70.0,61.33,63.96,60.15,-8.67
1619563177_1381399732_0,75.0,65.72,62.64,65.45,-9.28
1619563178_1930735044_0,70.0,61.86,63.09,63.4,-8.14
1619563178_296395832_0,70.0,59.69,63.78,61.3,-10.31
1619563197_1619563204_0,75.0,62.23,65.72,65.0,-12.77
1619563197_5630511588_0,70.0,64.76,64.32,64.9,-5.24
1619563204_1619563212_0,70.0,64.76,65.3,65.05,-5.24
1619563207_297339889_0,65.0,56.57,56.61,54.88,-8.43
1619563207_297339958_0,65.0,56.86,58.31,57.65,-8.14
1619563212_3659440320_0,75.0,65.98,64.82,65.45,-9.02
1619563212_1619563410_0,70.0,61.2,59.43,60.85,-8.8
1619563217_297339980_0,65.0,57.53,58.85,58.7,-7.47
1619563247_4836621977_0,70.0,57.19,50.97,48.9,-12.81
1619563361_1619563217_0,65.0,57.64,55.48,57.45,-7.36
1619563376_1618969693_0,70.0,60.54,63.84,60.87,-9.46
1619563376_894921907_0,70.0,62.34,63.01,60.97,-7.66
1619563398_1619563361_0,65.0,57.7,56.83,57.25,-7.3
1619563398_297339887_0,70.0,57.94,56.88,58.1,-12.06
1619563407_265025344_0,70.0,57.51,49.9,50.55,-12.49
1619563407_296374847_0,70.0,57.33,48.37,50.6,-12.67
1619563410_1619563413_0,70.0,61.28,59.84,61.15,-8.72
1619563413_1619563419_0,70.0,61.11,61.76,61.05,-8.89
1619563413_265025353_0,65.0,58.98,59.37,60.4,-6.02
1619563418_1619563419_0,70.0,59.19,57.97,60.9,-10.81
1619563419_296376081_0,70.0,61.17,59.89,60.8,-8.83
1619563456_297326111_0,65.0,56.41,54.98,55.88,-8.59
1619563456_297326067_0,65.0,57.04,55.5,56.88,-7.96
1619563459_4583448270_0,70.0,61.78,58.68,58.9,-8.22
1619563460_2512650119_0,55.0,54.23,56.19,53.26,-0.77
1619563460_1619563456_0,65.0,56.0,54.76,56.22,-9.0
1619563470_249092437_0,60.0,58.73,54.42,53.05,-1.27
1619563473_387126270_0,55.0,55.41,66.21,63.9,0.41
1619563474_248924098_0,70.0,61.45,57.85,59.35,-8.55
1619563475_248924096_0,70.0,63.16,58.85,61.22,-6.84
1619563475_2594333341_0,70.0,60.98,58.69,59.42,-9.02
1619563476_297340095_0,70.0,59.73,66.85,63.4,-10.27
1619563476_1619563501_0,65.0,57.87,55.93,56.7,-7.13
1619563477_2594333345_0,70.0,64.2,60.48,61.26,-5.8
1619563477_274101243_0,75.0,65.25,61.41,60.95,-9.75
1619563480_1619563475_0,75.0,63.01,61.13,61.75,-11.99
1619563480_3145787533_0,75.0,64.59,65.79,61.08,-10.41
1619563490_1976395253_0,50.0,62.89,61.03,60.71,12.89
1619563490_267198147_0,75.0,64.71,61.64,60.6,-10.29
1619563501_4592730566_0,65.0,58.03,58.47,58.7,-6.97
1619563501_1619563503_0,65.0,57.72,57.64,56.1,-7.28
1619563503_1618969773_0,65.0,57.67,59.79,59.0,-7.33
1619563503_1619563505_0,65.0,57.95,55.7,57.0,-7.05
1619563505_919407409_0,70.0,62.62,62.43,63.5,-7.38
1619563508_297326187_0,75.0,64.15,67.04,64.35,-10.85
1619563508_4592730565_0,70.0,58.68,61.84,57.32,-11.32
1697582387_265560376_0,70.0,57.05,56.13,58.1,-12.95
1697582387_1697582424_0,70.0,57.05,56.71,54.5,-12.95
1697582424_265560372_0,65.0,57.03,55.3,54.65,-7.97
1697582427_6504781145_0,60.0,57.82,53.93,55.45,-2.18
1697582427_265560565_0,65.0,58.22,58.38,57.35,-6.78
1719184169_1332310824_0,70.0,58.95,59.55,57.98,-11.05
1719184169_4853353022_0,75.0,60.54,64.74,59.26,-14.46
1720906644_422898635_0,65.0,50.73,54.64,54.8,-14.27
1720906645_927147760_0,65.0,51.13,55.07,55.4,-13.87
1720906646_927147764_0,60.0,51.07,54.81,55.9,-8.93
1720906646_1720906645_0,60.0,49.15,54.55,53.6,-10.85
1720906646_1720906649_0,60.0,49.93,53.68,55.1,-10.07
1720906649_422902805_0,60.0,51.7,56.0,55.0,-8.3
1737813732_13370025787_0,55.0,47.95,48.26,55.05,-7.05
1743699461_287952172_0,70.0,62.77,62.99,63.3,-7.23
1748198008_2496750402_0,50.0,70.52,52.41,54.8,20.52
1748198008_2308903349_0,50.0,67.84,52.08,53.25,17.84
1768666007_5808132622_0,50.0,58.77,70.16,68.5,8.77
1768666014_1207414620_0,45.0,34.46,51.05,41.76,-10.54
1768666114_2496521499_0,50.0,42.63,52.74,52.28,-7.37
1771314729_1772587508_0,55.0,54.5,56.23,54.55,-0.5
1771314729_446903108_0,60.0,59.24,51.18,55.3,-0.76
1772586990_471792453_0,60.0,54.21,52.42,52.9,-5.79
1772586990_1772587033_0,45.0,53.08,49.21,49.45,8.08
1772586990_1774543072_0,50.0,52.74,51.76,48.05,2.74
1772587029_267201736_0,55.0,56.64,51.97,55.62,1.64
1772587033_1772586990_0,45.0,53.08,49.21,49.45,8.08
1772587386_529438055_0,60.0,53.34,49.65,54.55,-6.66
1772587508_1771314729_0,55.0,54.5,56.23,54.55,-0.5
1772587554_529438068_0,65.0,55.22,57.58,56.75,-9.78
1772587554_471792465_0,60.0,53.84,57.39,55.8,-6.16
1772587554_529438077_0,65.0,54.11,57.94,56.9,-10.89
1772587782_907007159_0,50.0,62.55,67.34,68.55,12.55
1772588052_1772588056_0,60.0,49.73,52.1,56.9,-10.27
1772588056_1772588058_0,60.0,49.5,49.67,54.5,-10.5
1772588058_523783970_0,65.0,49.39,49.67,54.5,-15.61
1772588058_1772588065_0,65.0,49.18,48.91,54.4,-15.82
1772588065_1772588071_0,60.0,48.81,53.18,54.85,-11.19
1772588066_1772588052_0,60.0,50.23,53.82,57.8,-9.77
1772588071_1772588175_0,55.0,41.93,49.29,48.45,-13.07
1772588071_1772588079_0,60.0,48.64,54.0,54.85,-11.36
1772588073_1772588074_0,60.0,49.32,51.09,55.9,-10.68
1772588073_1772588066_0,60.0,49.31,48.95,55.6,-10.69
1772588074_1772588090_0,55.0,49.36,51.89,57.7,-5.64
1772588074_1772588066_0,60.0,49.54,52.65,57.55,-10.46
1772588078_1772588073_0,60.0,48.98,49.66,55.75,-11.02
1772588079_1772588078_0,60.0,48.49,51.25,55.35,-11.51
1772588090_1772588074_0,55.0,49.36,51.89,57.7,-5.64
1772588090_5967690511_0,60.0,49.52,55.62,57.6,-10.48
1772588097_534013985_0,60.0,51.11,48.28,58.12,-8.89
1772588110_1772588090_0,60.0,49.99,54.85,57.85,-10.01
1772588110_5967690511_0,60.0,49.97,59.13,56.9,-10.03
1772588132_4397290084_0,55.0,49.5,52.9,55.7,-5.5
1772588133_444592544_0,55.0,46.88,57.11,54.75,-8.12
1772588175_1772588071_0,55.0,41.93,49.29,48.45,-13.07
1772588193_444592924_0,60.0,46.44,50.84,52.2,-13.56
1772588193_444592544_0,60.0,44.73,50.03,49.75,-15.27
1772588195_1772588193_0,60.0,44.79,50.27,49.75,-15.21
1772588199_1772588204_0,65.0,44.5,49.02,49.25,-20.5
1772588199_1772588195_0,65.0,44.51,49.95,49.45,-20.49
1772588204_1772588195_0,65.0,44.74,50.03,49.75,-20.26
1772588204_1772588208_0,65.0,44.22,49.53,49.75,-20.78
1772588208_1772588204_0,65.0,44.22,49.53,49.75,-20.78
1772588208_1772588218_0,65.0,43.52,47.37,48.45,-21.48
1772588208_2473409426_0,50.0,43.07,47.77,47.8,-6.93
1772588215_907008682_0,55.0,46.8,53.37,50.15,-8.2
1772588218_1772588227_0,65.0,44.47,48.34,49.45,-20.53
1772588218_1772588208_0,65.0,43.52,47.37,48.45,-21.48
1772588227_1772588218_0,60.0,44.57,47.77,49.45,-15.43
1772588227_1772588230_0,60.0,45.87,48.26,49.7,-14.13
1772588230_1772588227_0,60.0,45.87,48.26,49.7,-14.13
1772588230_3874531097_0,55.0,47.1,43.94,50.3,-7.9
1772588234_13484798057_0,55.0,47.47,50.9,54.2,-7.53
1772588235_4161268512_0,55.0,47.56,48.11,54.2,-7.44
1772588235_13484798057_0,55.0,47.8,47.48,54.25,-7.2
1772588235_3874531097_0,60.0,47.6,48.11,54.15,-12.4
1773429836_1773429860_0,65.0,41.19,49.29,47.76,-23.81
1773429836_1773429849_0,65.0,41.67,49.62,48.0,-23.33
1773429836_523785927_0,65.0,44.95,47.23,48.95,-20.05
1773429849_1773429868_0,65.0,42.92,50.86,48.86,-22.08
1773429849_1773429836_0,65.0,41.67,49.62,48.0,-23.33
1773429849_1773429860_0,65.0,41.7,49.62,47.86,-23.3
1773429860_1773429959_0,65.0,41.17,50.76,47.25,-23.83
1773429860_1773429836_0,65.0,41.19,49.29,47.76,-23.81
1773429860_1773429849_0,65.0,41.7,49.62,47.86,-23.3
1773429868_444597973_0,65.0,43.42,52.26,49.32,-21.58
1773429868_1773429849_0,65.0,42.92,50.86,48.86,-22.08
1773429868_444590500_0,65.0,43.64,55.32,48.23,-21.36
1773429959_1773429860_0,65.0,41.17,50.76,47.25,-23.83
1773429959_444590500_0,65.0,42.29,53.6,47.2,-22.71
1773430151_1773430158_0,60.0,42.48,49.04,47.98,-17.52
1773430158_1773430194_0,60.0,44.76,49.6,48.35,-15.24
1773430170_1773430186_0,55.0,47.04,48.03,49.75,-7.96
1773430170_586178067_0,50.0,46.99,50.63,49.95,-3.01
1773430186_1773430194_0,60.0,47.19,48.32,49.45,-12.81
1773430193_1773430170_0,55.0,46.95,49.12,49.8,-8.05
1773430193_1773430186_0,60.0,47.0,47.42,49.35,-13.0
1773430194_1773430198_0,60.0,47.55,47.94,49.45,-12.45
1773430198_1773430241_0,60.0,46.05,50.31,48.55,-13.95
1773430198_1773430209_0,60.0,47.5,47.52,49.35,-12.5
1773430199_1773430193_0,55.0,46.93,48.99,49.8,-8.07
1773430205_1773430231_0,55.0,47.12,50.24,50.05,-7.88
1773430205_1773430199_0,60.0,47.15,49.92,49.7,-12.85
1773430209_1773430205_0,60.0,47.37,51.16,49.8,-12.63
1773430231_1773430199_0,55.0,47.02,50.09,49.8,-7.98
1773430231_586178081_0,50.0,46.54,50.65,50.6,-3.46
1773430241_1773430245_0,60.0,45.86,51.54,48.7,-14.14
1773430241_1773430209_0,60.0,46.05,50.44,49.0,-13.95
1773430245_1773430274_0,60.0,45.82,51.44,48.65,-14.18
1773430245_1773430241_0,60.0,45.86,51.54,48.7,-14.14
1773430245_1773430292_0,55.0,44.28,56.9,48.2,-10.72
1773430249_1773430252_0,60.0,43.39,54.06,48.23,-16.61
1773430249_1773430151_0,55.0,41.79,53.87,47.65,-13.21
1773430252_1773430249_0,60.0,43.39,54.06,48.23,-16.61
1773430252_1773430274_0,60.0,44.76,53.77,48.73,-15.24
1773430252_1773430158_0,55.0,43.92,49.3,47.8,-11.08
1773430274_1773430287_0,60.0,45.48,54.61,48.98,-14.52
1773430274_1773430245_0,60.0,45.82,51.44,48.65,-14.18
1773430274_1773430252_0,60.0,44.76,53.77,48.73,-15.24
1773430287_1773430309_0,55.0,45.55,55.11,48.86,-9.45
1773430287_1773430274_0,60.0,45.48,54.61,48.98,-14.52
1773430287_1773430292_0,60.0,44.16,59.1,48.33,-15.84
1773430289_1773430249_0,60.0,42.92,53.04,46.9,-17.08
1773430289_1773430252_0,55.0,44.02,54.3,48.53,-10.98
1773430292_1773430287_0,60.0,44.16,59.1,48.33,-15.84
1773430292_1773430314_0,60.0,44.69,58.45,47.69,-15.31
1773430294_3874529721_0,45.0,49.35,46.07,54.05,4.35
1773430309_1773430287_0,55.0,45.55,55.11,48.86,-9.45
1773430309_1773430310_0,60.0,45.16,53.78,48.9,-14.84
1773430310_1773430289_0,60.0,44.1,53.37,47.85,-15.9
1773430314_1773430310_0,60.0,45.07,51.81,50.29,-14.93
1773430314_1773430309_0,60.0,45.26,52.36,51.45,-14.74
1773430319_586178091_0,45.0,60.24,64.38,68.9,15.24
1774543072_1772586990_0,50.0,52.74,51.76,48.05,2.74
1774543108_626876469_0,60.0,54.86,55.63,57.4,-5.14
1774543119_529438055_0,65.0,53.15,55.26,56.95,-11.85
1774543132_529438063_0,65.0,54.03,53.82,55.55,-10.97
1774543134_1774543132_0,60.0,52.47,51.52,54.3,-7.53
1774543134_529438056_0,60.0,52.56,47.27,53.65,-7.44
1774543139_529438073_0,65.0,54.15,53.01,56.65,-10.85
1774543273_1774543275_0,60.0,45.2,51.45,47.1,-14.8
1774543275_1774543273_0,60.0,45.2,51.45,47.1,-14.8
1774543275_1774543300_0,50.0,39.04,50.84,43.37,-10.96
1774543275_2383701008_0,60.0,44.36,52.29,48.0,-15.64
1774543300_1774543275_0,50.0,39.04,50.84,43.37,-10.96
1774543364_534013991_0,60.0,46.19,53.67,53.8,-13.81
1774543364_523783970_0,60.0,48.11,50.3,54.7,-11.89
1774543365_2386901856_0,50.0,44.54,46.58,49.1,-5.46
1774543365_523784003_0,60.0,44.04,47.97,49.35,-15.96
1774543387_2007029726_0,50.0,39.24,49.89,48.08,-10.76
1774543387_534014002_0,55.0,39.01,51.35,48.18,-15.99
1774543393_534014003_0,60.0,41.27,48.9,48.7,-18.73
1774543395_534014001_0,55.0,41.17,48.39,48.35,-13.83
1774543396_9050458991_0,55.0,38.45,49.61,46.48,-16.55
1774543396_9050458990_0,55.0,37.91,49.59,45.05,-17.09
1774543396_534014017_0,60.0,40.29,53.05,46.68,-19.71
1774543398_534014004_0,55.0,39.3,47.78,47.98,-15.7
1774543399_534014010_0,55.0,41.06,49.72,48.5,-13.94
1774543400_534014009_0,55.0,41.39,47.14,48.55,-13.61
1774941690_1505832761_0,55.0,52.34,52.03,53.1,-2.66
1774941695_1505832759_0,50.0,52.11,54.71,53.8,2.11
1774942027_310244299_0,50.0,51.58,54.07,53.1,1.58
1774942381_1774942885_0,50.0,48.88,51.1,54.1,-1.12
1774942885_1774943066_0,50.0,49.46,47.82,51.9,-0.54
1774942885_1808855236_0,50.0,49.38,48.29,52.55,-0.62
1774942885_1774942381_0,50.0,48.88,51.1,54.1,-1.12
1774943066_1774942885_0,50.0,49.46,47.82,51.9,-0.54
1774943066_1774943564_0,50.0,49.59,47.74,52.1,-0.41
1774943066_534014059_0,50.0,50.17,51.22,53.8,0.17
1774943137_5856998713_0,50.0,39.61,50.46,48.0,-10.39
1774943267_5840037756_0,55.0,39.64,51.69,48.06,-15.36
1774943267_5857358632_0,55.0,39.58,52.55,47.96,-15.42
1774943267_534013988_0,55.0,39.89,49.73,48.06,-15.11
1774943564_1774943854_0,50.0,48.2,49.95,51.85,-1.8
1774943564_1774943710_0,50.0,49.58,50.63,53.1,-0.42
1774943564_1774943066_0,50.0,49.59,47.74,52.1,-0.41
1774943710_534014062_0,50.0,55.57,55.88,57.8,5.57
1774943710_534014059_0,50.0,55.94,54.85,58.0,5.94
1774943710_1774943564_0,50.0,49.58,50.63,53.1,-0.42
1774943854_1774943564_0,50.0,48.2,49.95,51.85,-1.8
1774943884_534014062_0,50.0,47.83,47.9,53.35,-2.17
1774944008_3428376774_0,50.0,56.57,52.16,54.65,6.57
1774944008_1774944264_0,50.0,52.02,54.81,57.45,2.02
1774944035_1776104848_0,50.0,41.3,50.0,52.8,-8.7
1774944035_1774944241_0,50.0,41.44,53.38,54.1,-8.56
1774944217_1776104952_0,50.0,36.54,54.81,54.1,-13.46
1774944217_1774944227_0,50.0,36.51,53.89,53.5,-13.49
1774944217_5692458813_0,50.0,37.41,51.95,54.45,-12.59
1774944227_1774944239_0,50.0,37.86,52.05,51.35,-12.14
1774944227_1774944217_0,50.0,36.51,53.89,53.5,-13.49
1774944227_5413262821_0,50.0,37.74,51.08,53.65,-12.26
1774944239_1774944227_0,50.0,37.86,52.05,51.35,-12.14
1774944239_1774944241_0,50.0,39.28,55.34,55.02,-10.72
1774944239_1776105369_0,50.0,37.02,54.61,54.3,-12.98
1774944241_1774944239_0,50.0,39.28,55.34,55.02,-10.72
1774944241_1774944254_0,50.0,40.41,52.76,54.85,-9.59
1774944241_1774944035_0,50.0,41.46,53.38,54.1,-8.54
1774944254_1774944241_0,50.0,40.38,53.07,54.75,-9.62
1774944254_1774944264_0,50.0,44.04,46.68,54.7,-5.96
1774944254_1774944267_0,50.0,40.28,49.98,52.2,-9.72
1774944264_1774944254_0,50.0,44.04,46.68,54.7,-5.96
1774944264_534014071_0,50.0,49.6,54.88,57.3,-0.4
1774944264_1774944008_0,50.0,52.02,54.81,57.45,2.02
1774944267_1774944268_0,50.0,39.96,49.54,51.75,-10.04
1774944267_1776105328_0,50.0,38.82,49.82,51.9,-11.18
1774944267_1774944254_0,50.0,40.28,49.98,52.2,-9.72
1774944267_9208168366_0,50.0,38.98,49.57,52.55,-11.02
1774944268_1774944267_0,50.0,39.96,49.54,51.75,-10.04
1774944268_11003276869_0,50.0,40.3,46.83,51.5,-9.7
1774945541_1774945544_0,45.0,18.22,46.43,50.2,-26.78
1774945543_1774945552_0,55.0,19.95,51.81,49.7,-35.05
1774945543_1774945553_0,65.0,18.65,52.75,51.35,-46.35
1774945544_534014086_0,55.0,20.76,47.08,53.65,-34.24
1774945544_1774945553_0,55.0,20.22,52.57,53.3,-34.78
1774945544_1774945541_0,45.0,18.22,46.43,50.2,-26.78
1774945544_1774945546_0,55.0,18.69,45.74,51.75,-36.31
1774945546_1774945544_0,55.0,18.73,44.96,51.8,-36.27
1774945546_2430216314_0,50.0,19.33,47.94,50.42,-30.67
1774945546_1774945554_0,55.0,18.85,45.45,51.65,-36.15
1774945550_355869716_0,55.0,26.5,51.74,54.65,-28.5
1774945550_1774945555_0,55.0,26.2,53.68,56.75,-28.8
1774945552_1774945550_0,55.0,19.11,45.66,50.25,-35.89
1774945553_1774945544_0,55.0,20.22,52.57,53.3,-34.78
1774945553_1774945557_0,55.0,19.91,52.23,52.95,-35.09
1774945553_1774945554_0,60.0,18.39,49.42,50.2,-41.61
1774945554_2314538193_0,60.0,18.64,46.97,50.3,-41.36
1774945554_1774945553_0,60.0,18.39,48.76,50.2,-41.61
1774945555_1774945570_0,55.0,25.65,54.16,56.9,-29.35
1774945555_1774945556_0,55.0,19.56,50.05,55.0,-35.44
1774945555_1774945550_0,55.0,26.2,53.68,56.75,-28.8
1774945556_1774945552_0,55.0,19.54,50.36,51.5,-35.46
1774945556_1826657856_0,45.0,19.43,50.78,54.15,-25.57
1774945557_1774945552_0,55.0,18.39,53.12,51.65,-36.61
1774945557_1774945553_0,55.0,19.91,52.23,52.95,-35.09
1774945557_1774945586_0,55.0,19.79,52.77,54.9,-35.21
1774945570_1774945555_0,55.0,25.65,54.16,56.9,-29.35
1774945570_534014080_0,55.0,25.31,57.93,56.85,-29.69
1774945586_1774945632_0,50.0,17.83,52.69,52.3,-32.17
1774945586_534014085_0,50.0,19.44,53.54,54.15,-30.56
1774945586_1774945557_0,55.0,19.79,52.77,54.9,-35.21
1774945600_1774945554_0,55.0,18.52,48.66,50.85,-36.48
1774945600_1774945612_0,50.0,17.98,48.75,49.85,-32.02
1774945612_1774945600_0,50.0,17.98,48.75,49.85,-32.02
1774945632_1774945600_0,55.0,18.71,50.39,50.35,-36.29
1774945632_1774945671_0,50.0,18.18,48.93,51.85,-31.82
1774945671_1774945632_0,50.0,18.18,48.93,51.85,-31.82
1774945738_1774945756_0,50.0,18.08,52.77,52.75,-31.92
1774945738_534014080_0,50.0,19.0,43.99,53.75,-31.0
1774945743_534014083_0,50.0,19.25,53.06,52.1,-30.75
1774945756_1774945738_0,50.0,18.08,52.77,52.75,-31.92
1776101154_1776101172_0,50.0,47.24,53.12,52.55,-2.76
1776101154_1515216247_0,50.0,47.37,54.45,53.85,-2.63
1776101154_1776101163_0,50.0,46.87,55.28,53.05,-3.13
1776101163_1776101171_0,50.0,46.4,56.11,52.75,-3.6
1776101163_1776101154_0,50.0,46.87,55.28,53.05,-3.13
1776101163_1776101165_0,50.0,46.24,57.22,52.2,-3.76
1776101165_1776101163_0,50.0,46.24,57.22,52.2,-3.76
1776101171_1776101173_0,50.0,46.38,53.54,52.73,-3.62
1776101171_1776101163_0,50.0,46.4,56.11,52.75,-3.6
1776101171_1776101179_0,50.0,46.43,52.35,52.13,-3.57
1776101172_1776101176_0,50.0,47.62,56.89,51.6,-2.38
1776101172_1776101207_0,50.0,47.52,55.26,51.6,-2.48
1776101172_1776101154_0,50.0,47.24,53.12,52.55,-2.76
1776101173_1776101171_0,50.0,46.38,53.54,52.73,-3.62
1776101173_1776101197_0,50.0,46.36,52.46,52.73,-3.64
1776101173_1776101180_0,50.0,46.24,52.02,52.73,-3.76
1776101176_1776101172_0,50.0,47.62,56.89,51.6,-2.38
1776101179_1776101171_0,50.0,46.43,52.35,52.13,-3.57
1776101180_1776101173_0,50.0,46.24,52.02,52.73,-3.76
1776101191_264494230_0,50.0,52.56,57.44,53.2,2.56
1776101197_1776101339_0,50.0,46.69,50.96,52.55,-3.31
1776101197_1776101337_0,50.0,46.52,51.08,52.45,-3.48
1776101197_1776101173_0,50.0,46.36,52.46,52.73,-3.64
1776101207_1776101209_0,65.0,47.89,51.68,51.3,-17.11
1776101207_1776101172_0,50.0,47.52,55.26,51.6,-2.48
1776101207_1561547505_0,65.0,49.48,52.91,51.95,-15.52
1776101209_1776101207_0,65.0,47.89,51.68,51.3,-17.11
1776101209_1776101719_0,50.0,48.03,52.3,51.25,-1.97
1776101209_1776101339_0,50.0,47.88,52.41,51.8,-2.12
1776101337_1776101197_0,50.0,46.52,51.08,52.45,-3.48
1776101337_1776101631_0,50.0,46.54,54.07,52.0,-3.46
1776101337_1776101339_0,50.0,46.94,54.55,52.4,-3.06
1776101339_1776101197_0,50.0,46.69,50.96,52.55,-3.31
1776101339_1776101337_0,50.0,46.94,54.55,52.4,-3.06
1776101339_1776101209_0,50.0,47.88,52.41,51.8,-2.12
1776101564_1561547572_0,55.0,51.4,54.13,51.45,-3.6
1776101631_1776101337_0,50.0,46.54,54.07,52.0,-3.46
1776101719_1776101209_0,50.0,48.03,52.3,51.25,-1.97
1776103816_1776103849_0,50.0,50.68,51.73,53.9,0.68
1776103816_534014059_0,55.0,56.46,54.85,58.0,1.46
1776103816_1505832761_0,55.0,58.17,55.06,57.8,3.17
1776103849_1776103816_0,50.0,50.68,51.73,53.9,0.68
1776104778_1776104832_0,50.0,39.9,43.93,46.05,-10.1
1776104832_1776104852_0,50.0,40.19,48.95,52.2,-9.81
1776104832_1776104839_0,50.0,40.56,47.01,52.15,-9.44
1776104832_1776104778_0,50.0,39.89,44.16,46.05,-10.11
1776104839_1776104858_0,50.0,40.5,49.57,52.55,-9.5
1776104839_1776104832_0,50.0,40.56,47.01,52.15,-9.44
1776104839_1776104848_0,50.0,40.88,46.63,52.95,-9.12
1776104848_1776104862_0,50.0,40.72,48.36,52.4,-9.28
1776104848_1776104839_0,50.0,40.88,46.63,52.95,-9.12
1776104848_1774944035_0,50.0,41.3,50.0,52.8,-8.7
1776104852_1776104832_0,50.0,40.19,48.95,52.2,-9.81
1776104858_1776104839_0,50.0,40.5,49.57,52.55,-9.5
1776104862_1776104848_0,50.0,40.72,48.36,52.4,-9.28
1776104873_1776104883_0,50.0,36.77,48.07,52.55,-13.23
1776104875_1776104952_0,50.0,37.25,52.1,54.45,-12.75
1776104883_1776104873_0,50.0,36.77,48.07,52.55,-13.23
1776104883_1776104888_0,50.0,36.88,48.71,52.7,-13.12
1776104883_5413262825_0,50.0,36.7,51.47,54.25,-13.3
1776104888_1776104883_0,50.0,36.88,48.71,52.7,-13.12
1776104912_5413262824_0,50.0,36.52,53.82,53.75,-13.48
1776104952_1774944217_0,50.0,36.54,54.81,54.1,-13.46
1776104952_1776104875_0,50.0,37.25,52.1,54.45,-12.75
1776104952_5413262826_0,50.0,36.42,53.0,54.6,-13.58
1776105185_5413262826_0,50.0,35.59,55.13,54.4,-14.41
1776105316_1776105348_0,50.0,32.9,53.36,54.6,-17.1
1776105318_1776105364_0,50.0,33.24,53.59,54.85,-16.76
1776105323_1776105366_0,50.0,33.78,52.39,54.25,-16.22
1776105324_1776105328_0,50.0,37.84,50.43,52.25,-12.16
1776105328_1776105324_0,50.0,37.84,50.43,52.25,-12.16
1776105328_1776105360_0,50.0,38.02,49.05,51.9,-11.98
1776105328_1774944267_0,50.0,38.82,49.82,51.9,-11.18
1776105348_1776105374_0,50.0,32.29,51.8,54.05,-17.71
1776105348_1776105316_0,50.0,32.9,53.36,54.6,-17.1
1776105348_1776105364_0,50.0,33.01,52.73,54.3,-16.99
1776105360_1776105328_0,50.0,38.02,49.05,51.9,-11.98
1776105364_1776105375_0,50.0,32.93,50.32,53.9,-17.07
1776105364_1776105318_0,50.0,33.24,53.59,54.85,-16.76
1776105364_1776105348_0,50.0,33.01,52.73,54.3,-16.99
1776105364_1776105366_0,50.0,33.48,53.12,53.55,-16.52
1776105366_1776105379_0,50.0,33.26,50.38,54.3,-16.74
1776105366_1776105323_0,50.0,33.78,52.39,54.25,-16.22
1776105366_1776105364_0,50.0,33.48,53.12,53.55,-16.52
1776105366_1776105369_0,50.0,34.06,50.86,53.4,-15.94
1776105369_1776105381_0,50.0,33.85,51.99,53.45,-16.15
1776105369_1776105366_0,50.0,34.06,50.86,53.4,-15.94
1776105369_1774944239_0,50.0,37.02,54.61,54.3,-12.98
1776105374_1776105348_0,50.0,32.29,51.8,54.05,-17.71
1776105375_1776105364_0,50.0,32.93,50.32,53.9,-17.07
1776105379_1776105366_0,50.0,33.26,50.38,54.3,-16.74
1776105381_1776105369_0,50.0,33.85,51.99,53.45,-16.15
1776105723_1822982016_0,50.0,37.51,48.25,54.3,-12.49
1776105723_9054393281_0,50.0,46.1,52.72,57.3,-3.9
1780549226_1780549230_0,50.0,58.44,48.26,55.15,8.44
1780549230_1780549231_0,50.0,58.78,48.08,55.05,8.78
1780549230_1794602550_0,50.0,56.07,49.72,55.65,6.07
1780549230_1780549226_0,50.0,58.44,48.26,55.15,8.44
1780549231_2496768385_0,50.0,57.85,48.26,55.05,7.85
1780549231_1780549230_0,50.0,58.78,48.08,55.05,8.78
1780549231_1794602554_0,50.0,55.37,50.11,55.5,5.37
1780549314_2496768423_0,50.0,56.06,50.94,54.85,6.06
1781505349_1515216247_0,50.0,48.0,54.2,51.25,-2.0
1788563731_2354640412_0,70.0,57.11,55.84,55.7,-12.89
1788563731_2043309839_0,75.0,59.48,60.61,61.35,-15.52
1790293299_625897163_0,70.0,60.21,62.41,57.95,-9.79
1790293299_931844142_0,70.0,63.75,62.73,60.5,-6.25
1792069518_297511674_0,65.0,55.94,50.4,52.8,-9.06
1792237303_1830723175_0,70.0,66.45,65.3,63.58,-3.55
1792237306_1792237326_0,70.0,58.01,66.31,64.95,-11.99
1792237306_3718602542_0,65.0,57.95,68.34,65.6,-7.05
1792237317_1792237303_0,70.0,64.99,72.48,67.95,-5.01
1792237317_1792237306_0,70.0,58.16,69.81,66.0,-11.84
1792237326_1792237303_0,70.0,58.44,69.26,66.5,-11.56
1794602543_976482478_0,50.0,62.02,48.51,55.55,12.02
1794602550_1780549230_0,50.0,56.07,49.72,55.65,6.07
1794602554_1780549231_0,50.0,55.37,50.11,55.5,5.37
1799420704_249179507_0,75.0,65.89,64.09,65.45,-9.11
1799420721_3731144657_0,75.0,66.48,65.87,65.65,-8.52
1801589338_1801589339_0,70.0,58.98,58.33,57.85,-11.02
1801589338_264537411_0,70.0,60.76,64.06,59.22,-9.24
1801589338_264537393_0,70.0,62.54,59.4,60.68,-7.46
1801589339_4487330153_0,65.0,58.06,55.0,56.3,-6.94
1801605565_484789420_0,70.0,62.93,66.52,64.85,-7.07
1801605565_1805265401_0,75.0,68.47,63.81,65.15,-6.53
1804903937_355743243_0,70.0,41.47,65.29,65.55,-28.53
1805265401_1267225849_0,75.0,66.48,66.1,65.55,-8.52
1805265401_30389431_0,75.0,68.87,64.42,64.75,-6.13
1808855236_1774942885_0,50.0,49.38,48.29,52.55,-0.62
1822982016_2314538159_0,50.0,28.6,55.61,56.75,-21.4
1822982016_1776105723_0,50.0,37.51,48.25,54.3,-12.49
1826636960_1826636962_0,55.0,18.55,53.91,52.95,-36.45
1826636960_1826657859_0,65.0,18.4,51.26,53.35,-46.6
1826636962_1826636960_0,55.0,18.55,53.91,52.95,-36.45
1826636962_1774945586_0,50.0,17.96,54.7,52.65,-32.04
1826657856_1826657859_0,60.0,18.58,51.76,54.2,-41.42
1826657856_1826636962_0,55.0,18.88,51.19,52.65,-36.12
1826657859_1826657856_0,60.0,18.58,51.76,54.2,-41.42
1826657859_2429513507_0,60.0,18.84,51.7,52.65,-41.16
1830723175_1307609344_0,75.0,66.51,66.23,64.45,-8.49
1830723175_263340819_0,75.0,61.81,64.06,63.35,-13.19
1830723186_297511703_0,70.0,56.86,53.63,52.1,-13.14
1830723186_2018982038_0,70.0,56.93,55.87,56.3,-13.07
1830723186_297513078_0,70.0,56.88,58.33,57.75,-13.12
1830723189_297511674_0,65.0,56.37,48.64,53.4,-8.63
1830723189_297513075_0,70.0,57.9,58.49,56.4,-12.1
1843359493_929285381_0,65.0,46.85,46.57,49.55,-18.15
1843359501_933831000_0,55.0,49.93,46.38,48.0,-5.07
1843359501_1843359515_0,55.0,49.62,45.72,47.6,-5.38
1843359501_1843359584_0,50.0,48.9,45.72,47.6,-1.1
1843359507_933831125_0,50.0,47.57,39.67,41.75,-2.43
1843359515_564309287_0,55.0,49.26,45.96,47.2,-5.74
1843359515_564309285_0,55.0,50.38,44.88,48.1,-4.62
1843359515_1843359501_0,55.0,49.62,45.72,47.6,-5.38
1843359521_933830892_0,65.0,54.65,56.57,56.5,-10.35
1843359521_2429449111_0,60.0,54.14,56.36,56.35,-5.86
1843359521_1843359569_0,55.0,49.83,50.18,50.5,-5.17
1843359553_564309287_0,50.0,49.63,42.41,47.9,-0.37
1843359569_933831134_0,55.0,46.9,41.0,41.25,-8.1
1843359569_1843359633_0,55.0,46.38,38.48,40.35,-8.62
1843359569_1843359521_0,55.0,49.83,50.18,50.5,-5.17
1843359584_933831131_0,50.0,48.5,46.15,47.6,-1.5
1843359584_1843359501_0,50.0,48.9,45.72,47.6,-1.1
1843359584_933830896_0,50.0,48.55,47.17,47.15,-1.45
1843359592_8816925676_0,50.0,49.69,48.05,53.4,-0.31
1843359592_263854004_0,55.0,52.07,55.18,55.65,-2.93
1843359592_1843359695_0,50.0,48.7,48.63,52.95,-1.3
1843359633_933831134_0,50.0,46.47,38.62,40.47,-3.53
1843359633_1843359771_0,50.0,46.62,38.54,40.07,-3.38
1843359633_1843359569_0,55.0,46.38,38.48,40.35,-8.62
1843359662_263854004_0,60.0,52.28,55.63,56.65,-7.72
1843359662_263854014_0,60.0,50.57,54.73,53.9,-9.43
1843359662_1843359754_0,50.0,48.42,50.43,51.65,-1.58
1843359695_1843359736_0,55.0,46.68,40.45,41.45,-8.32
1843359695_1843359592_0,50.0,48.7,48.63,52.95,-1.3
1843359695_1843359747_0,45.0,46.59,39.88,41.68,1.59
1843359699_1843359733_0,50.0,43.68,43.35,41.75,-6.32
1843359699_263854014_0,55.0,47.42,45.45,43.45,-7.58
1843359699_1843359738_0,50.0,42.5,41.87,41.95,-7.5
1843359730_1843359736_0,55.0,47.27,45.83,47.65,-7.73
1843359730_1843359771_0,45.0,47.5,46.28,47.1,2.5
1843359730_8816925676_0,50.0,47.76,41.41,44.5,-2.24
1843359733_1843359699_0,50.0,43.68,43.35,41.75,-6.32
1843359734_1843359738_0,45.0,41.11,36.34,39.55,-3.89
1843359736_1843359747_0,50.0,47.11,43.52,46.3,-2.89
1843359736_1843359730_0,55.0,47.27,45.83,47.65,-7.73
1843359736_1843359695_0,55.0,46.68,40.45,41.45,-8.32
1843359738_1843359699_0,50.0,42.5,41.87,41.95,-7.5
1843359738_1843359734_0,45.0,41.11,36.34,39.55,-3.89
1843359747_1843359754_0,50.0,46.81,42.87,45.15,-3.19
1843359747_1843359736_0,50.0,47.11,43.52,46.3,-2.89
1843359747_1843359771_0,45.0,47.29,43.9,46.05,2.29
1843359747_1843359695_0,45.0,46.59,39.88,41.68,1.59
1843359754_1843359747_0,50.0,46.81,42.87,45.15,-3.19
1843359754_1843359830_0,50.0,46.13,41.9,44.78,-3.87
1843359754_1843359662_0,50.0,48.42,50.43,51.65,-1.58
1843359771_1843359747_0,45.0,47.29,43.9,46.05,2.29
1843359771_1843359730_0,45.0,47.5,46.28,47.1,2.5
1843359771_1843359633_0,50.0,46.62,38.54,40.07,-3.38
1843359809_1843359830_0,50.0,45.98,38.86,40.44,-4.02
1843359809_632634975_0,50.0,45.43,37.05,40.49,-4.57
1843359809_263854031_0,55.0,45.36,40.68,41.08,-9.64
1843359830_1843359809_0,50.0,45.98,38.86,40.44,-4.02
1843359830_1843359754_0,50.0,46.13,41.9,44.78,-3.87
1843359830_1843359841_0,50.0,45.31,36.75,40.04,-4.69
1843359841_1843359830_0,50.0,45.31,36.75,40.04,-4.69
1843359896_632635052_0,55.0,46.27,43.95,47.44,-8.73
1843359896_632635052_1,55.0,46.12,44.51,46.99,-8.88
1843359896_632634915_0,55.0,45.27,36.72,40.3,-9.73
1843584006_2593879693_0,75.0,62.01,64.67,63.1,-12.99
1843584006_2935408160_0,70.0,59.55,68.74,62.3,-10.45
1843584027_2018982126_0,65.0,60.66,67.02,61.3,-4.34
1843584027_2935408163_0,70.0,59.94,67.34,61.5,-10.06
1843584035_1843584006_0,70.0,61.04,67.24,63.25,-8.96
1843584035_2935408160_0,70.0,59.36,68.71,62.45,-10.64
1846104168_1846104282_0,65.0,47.13,52.38,50.7,-17.87
1846104168_1846104282_1,60.0,44.96,51.19,50.6,-15.04
1846104168_1846104353_0,60.0,45.06,52.01,49.25,-14.94
1846104230_626876878_0,65.0,47.51,50.38,50.2,-17.49
1846104230_1846104233_0,60.0,44.78,48.06,48.88,-15.22
1846104233_2394954723_0,65.0,46.57,49.29,50.55,-18.43
1846104282_1846104230_0,65.0,46.94,50.42,50.25,-18.06
1846104282_1846104230_1,60.0,44.82,47.66,49.2,-15.18
1846104353_929285379_0,65.0,46.55,45.5,50.1,-18.45
1846155363_929285398_0,65.0,46.61,49.09,49.8,-18.39
1858879538_158676837_0,60.0,59.76,61.68,63.35,-0.24
1859995647_263326050_0,75.0,64.05,61.69,64.7,-10.95
1860004054_264545400_0,65.0,58.79,59.81,59.05,-6.21
1860004054_1860004072_0,60.0,55.42,56.53,58.2,-4.58
1860004067_264545040_0,65.0,56.21,53.27,56.02,-8.79
1860004067_1860004071_0,60.0,54.56,54.44,54.09,-5.44
1860004071_626123293_0,55.0,54.64,50.79,53.87,-0.36
1860004072_1860004071_0,60.0,55.04,54.93,57.1,-4.96
1875839737_1875839799_0,60.0,46.04,54.94,52.45,-13.96
1875839799_4422889786_0,60.0,47.1,53.64,52.9,-12.9
1875839799_1875839737_0,60.0,46.04,54.94,52.45,-13.96
1875839799_1875839906_0,60.0,46.37,48.93,51.1,-13.63
1875839906_1875839799_0,60.0,46.37,48.93,51.1,-13.63
1875839906_1875840014_0,55.0,45.43,49.82,47.5,-9.57
1875839906_1875840236_0,55.0,47.44,54.17,53.3,-7.56
1875839992_1875840014_0,55.0,44.64,46.79,47.2,-10.36
1875840014_1875840030_0,55.0,44.64,47.67,47.16,-10.36
1875840014_1875839906_0,55.0,45.43,49.82,47.5,-9.57
1875840017_1875839992_0,60.0,44.57,48.44,47.06,-15.43
1875840017_1875839992_1,60.0,44.32,49.14,47.06,-15.68
1875840022_1875840028_0,60.0,48.81,51.73,54.3,-11.19
1875840022_4422889785_0,60.0,48.71,53.98,53.1,-11.29
1875840023_1875840022_0,60.0,48.82,51.09,54.25,-11.18
1875840027_4422890289_0,60.0,48.27,46.44,52.55,-11.73
1875840027_4424023681_0,60.0,48.66,52.92,53.6,-11.34
1875840027_1875840023_0,60.0,48.82,53.42,53.95,-11.18
1875840028_4519681400_0,60.0,48.94,53.58,54.95,-11.06
1875840030_1875840048_0,60.0,44.69,48.09,47.26,-15.31
1875840030_956387462_0,60.0,47.87,53.16,52.7,-12.13
1875840036_1875840027_0,60.0,48.82,51.14,53.85,-11.18
1875840036_1875840023_0,60.0,48.84,51.61,53.95,-11.16
1875840048_1875840017_0,55.0,44.61,49.0,47.2,-10.39
1875840055_1875840036_0,55.0,48.86,52.42,53.9,-6.14
1875840101_1875840121_0,60.0,48.81,51.63,54.25,-11.19
1875840117_1121909843_0,60.0,51.21,50.87,56.7,-8.79
1875840117_4519681400_0,60.0,50.59,49.1,54.05,-9.41
1875840117_1875840055_0,60.0,48.96,53.58,54.95,-11.04
1875840121_4582710116_0,60.0,48.8,52.56,53.95,-11.2
1875840121_1875844595_0,60.0,48.92,53.52,54.8,-11.08
1875840236_1875840055_0,60.0,48.68,53.64,53.2,-11.32
1875840236_1875839906_0,55.0,47.44,54.17,53.3,-7.56
1875840686_1121909843_0,60.0,51.04,52.88,55.75,-8.96
1875840686_1875840236_0,60.0,49.37,53.28,54.45,-10.63
1875840699_956387378_0,60.0,51.01,52.06,56.1,-8.99
1875840699_1875840048_0,60.0,47.84,53.73,52.5,-12.16
1875844565_1875840117_0,60.0,48.96,52.43,54.95,-11.04
1875844568_4586091415_0,60.0,48.74,51.86,54.3,-11.26
1875844568_1875844569_0,60.0,48.74,52.69,54.1,-11.26
1875844569_2051214240_0,60.0,48.76,54.22,54.15,-11.24
1875844575_2051214240_0,60.0,48.78,53.93,53.95,-11.22
1875844575_1875844612_0,60.0,48.57,53.69,55.1,-11.43
1875844575_2051214254_0,60.0,48.9,53.21,54.85,-11.1
1875844595_1875844598_0,60.0,48.9,55.43,54.35,-11.1
1875844596_1875844595_0,60.0,49.17,54.66,54.3,-10.83
1875844596_1875844568_0,60.0,48.82,53.34,54.75,-11.18
1875844598_1875844613_0,60.0,48.85,55.55,54.15,-11.15
1875844598_1875844608_0,60.0,48.85,54.82,54.1,-11.15
1875844604_1875844596_0,60.0,49.2,50.52,54.8,-10.8
1875844604_2051214252_0,60.0,49.29,50.15,54.8,-10.71
1875844608_1875844668_0,60.0,48.25,54.68,54.45,-11.75
1875844608_1875844613_0,60.0,48.85,55.82,54.2,-11.15
1875844612_2051214254_0,60.0,49.44,53.95,57.3,-10.56
1875844612_2051214252_0,60.0,49.07,53.94,56.15,-10.93
1875844612_1875844575_0,60.0,48.56,53.69,55.1,-11.44
1875844612_1875844652_0,60.0,47.82,51.66,54.4,-12.18
1875844613_1875844614_0,60.0,48.88,53.56,54.35,-11.12
1875844614_1875844662_0,60.0,48.78,53.5,54.1,-11.22
1875844614_1875844615_0,60.0,49.01,51.25,54.1,-10.99
1875844615_1875844604_0,60.0,49.12,50.83,54.8,-10.88
1875844620_2051214254_0,60.0,50.05,55.02,57.05,-9.95
1875844620_1875844648_0,60.0,50.29,55.32,56.7,-9.71
1875844648_956387357_0,60.0,50.66,54.71,56.8,-9.34
1875844649_1875844615_0,60.0,48.25,48.78,53.5,-11.75
1875844649_2051214272_0,60.0,47.6,52.27,54.15,-12.4
1875844652_6200733587_0,60.0,46.99,53.57,52.5,-13.01
1875844652_2051214272_0,60.0,47.21,54.09,53.05,-12.79
1875844652_1875844612_0,60.0,47.83,51.63,54.25,-12.17
1875844662_956487749_0,60.0,48.64,52.86,54.65,-11.36
1875844668_2051214602_0,60.0,46.93,53.61,54.28,-13.07
1875844668_1875844608_0,60.0,48.25,54.68,54.45,-11.75
1925664848_1773430290_0,55.0,61.01,63.78,67.1,6.01
1927155968_41145883_0,75.0,64.14,63.06,64.3,-10.86
1930715817_1930715824_0,60.0,56.45,58.41,51.25,-3.55
1930715824_626876967_0,70.0,54.78,57.51,55.7,-15.22
1930715824_1930715828_0,65.0,56.14,59.67,50.65,-8.86
1930715828_4063306619_0,60.0,56.25,61.9,55.74,-3.75
1930715834_907006267_0,70.0,56.74,62.29,55.8,-13.26
1930715834_1930715847_0,70.0,56.69,58.9,50.9,-13.31
1930715842_1930715817_0,60.0,56.88,59.77,50.95,-3.12
1930715845_1930715834_0,65.0,56.83,62.33,55.8,-8.17
1930715847_1930715842_0,60.0,57.14,59.52,50.9,-2.86
1930735040_1930735061_0,70.0,57.78,57.58,56.89,-12.22
1930735044_1930735058_0,70.0,59.73,60.13,58.9,-10.27
1930735044_1619563197_0,75.0,62.46,62.44,63.4,-12.54
1930735052_1930735040_0,70.0,58.77,62.95,60.65,-11.23
1930735052_30438760_0,75.0,62.44,60.95,63.9,-12.56
1930735058_296396558_0,65.0,61.43,63.44,60.65,-3.57
1930735058_1930735040_0,70.0,59.31,62.18,61.9,-10.69
1930735061_296394965_0,70.0,58.25,59.11,59.22,-11.75
1930735061_8429068653_0,70.0,58.26,61.11,59.9,-11.74
1945838429_1618940776_0,65.0,53.17,54.46,53.65,-11.83
1950794914_3594540761_0,70.0,62.49,61.47,65.9,-7.51
1950794914_1950857577_0,65.0,57.14,61.87,61.15,-7.86
1950857547_8985204538_0,60.0,54.19,51.02,52.35,-5.81
1950857553_1950857634_0,60.0,52.21,50.31,49.85,-7.79
1950857577_1950857631_0,65.0,55.51,48.49,53.8,-9.49
1950857577_1950794914_0,65.0,57.14,61.87,61.15,-7.86
1950857577_3143469869_0,65.0,55.43,53.43,54.2,-9.57
1950857579_1950857612_0,65.0,55.86,57.37,57.98,-9.14
1950857579_4993305198_0,65.0,56.48,61.55,58.15,-8.52
1950857583_1950857590_0,60.0,54.51,56.52,56.05,-5.49
1950857583_1950857655_0,65.0,56.23,61.55,61.35,-8.77
1950857585_1950857626_0,70.0,62.15,61.11,58.2,-7.85
1950857590_1950857651_0,60.0,54.23,53.63,52.8,-5.77
1950857590_8985204538_0,65.0,54.73,52.12,56.0,-10.27
1950857591_1950857547_0,60.0,53.83,50.47,51.35,-6.17
1950857591_1950857661_0,60.0,54.31,49.89,51.95,-5.69
1950857592_1454332845_0,60.0,54.84,46.63,51.48,-5.16
1950857593_1950857579_0,65.0,56.82,60.74,60.7,-8.18
1950857594_1950857591_0,60.0,55.26,57.87,56.6,-4.74
1950857594_1950857618_0,70.0,57.18,58.34,58.9,-12.82
1950857597_1950857583_0,65.0,54.54,57.46,55.48,-10.46
1950857612_1950857623_0,60.0,55.8,59.05,55.7,-4.2
1950857612_1950857621_0,60.0,55.14,55.04,54.5,-4.86
1950857618_1454332885_0,70.0,57.54,57.01,59.1,-12.46
1950857621_3143469869_0,60.0,55.24,55.87,54.25,-4.76
1950857621_1454332933_0,60.0,54.93,52.93,54.55,-5.07
1950857623_1950857593_0,65.0,56.7,59.32,58.27,-8.3
1950857623_1950857585_0,65.0,56.3,58.95,54.25,-8.7
1950857626_1950857593_0,65.0,57.76,61.13,58.6,-7.24
1950857626_213598718_0,70.0,62.73,65.31,65.75,-7.27
1950857627_1950857638_0,65.0,53.42,55.34,50.55,-11.58
1950857628_1454332949_0,60.0,54.82,50.37,53.52,-5.18
1950857628_1950857592_0,60.0,54.28,51.37,53.08,-5.72
1950857630_1454332928_0,70.0,58.66,61.85,59.45,-11.34
1950857631_1950857663_0,60.0,55.37,48.08,51.45,-4.63
1950857634_1950857547_0,60.0,53.14,51.72,50.85,-6.86
1950857634_1950857661_0,60.0,52.91,49.18,51.0,-7.09
1950857638_1950857675_0,60.0,53.01,56.38,51.95,-6.99
1950857638_1950857597_0,65.0,53.91,57.55,53.85,-11.09
1950857651_1950857675_0,60.0,52.93,56.44,51.8,-7.07
1950857651_1950857597_0,65.0,53.58,53.47,52.6,-11.42
1950857653_1950857590_0,60.0,55.46,58.24,58.05,-4.54
1950857653_1950857655_0,65.0,57.43,62.17,63.2,-7.57
1950857655_1950857583_0,65.0,56.23,61.55,61.35,-8.77
1950857655_213598723_0,70.0,58.59,66.05,64.4,-11.41
1950857661_1950857553_0,60.0,52.94,47.19,49.9,-7.06
1950857663_1454332949_0,60.0,55.12,46.98,52.85,-4.88
1950857663_1950857592_0,60.0,55.29,48.36,51.58,-4.71
1950857669_1950857626_0,65.0,57.59,61.49,56.6,-7.41
1950857669_4184007589_0,65.0,56.87,61.14,56.8,-8.13
1950857669_213598596_0,70.0,62.29,67.3,66.25,-7.71
1950857675_1950857627_0,60.0,52.37,52.76,50.6,-7.63
1956435152_288583065_0,65.0,55.6,52.67,53.75,-9.4
1959575807_213598838_0,65.0,56.95,64.26,59.15,-8.05
1972814886_257886204_0,75.0,63.96,63.84,63.25,-11.04
1972814886_5378015078_0,70.0,63.43,62.59,63.22,-6.57
1972831283_265563576_0,70.0,58.1,61.03,59.9,-11.9
1972831283_265563565_0,75.0,58.5,60.04,60.75,-16.5
1973834326_960187412_0,65.0,61.42,59.45,59.85,-3.58
1973834332_264545465_0,65.0,54.91,52.3,56.05,-10.09
1973834332_249350124_0,65.0,53.19,48.89,48.9,-11.81
1973834332_264545463_0,65.0,54.92,54.45,56.3,-10.08
1974317617_263791204_0,75.0,62.49,64.63,63.15,-12.51
1974331610_1974331662_0,55.0,55.81,48.82,52.45,0.81
1974331610_587661876_0,50.0,56.88,51.64,52.5,6.88
1974331646_1974331678_0,55.0,56.4,55.98,54.55,1.4
1974331646_1974331685_0,50.0,55.73,53.96,54.55,5.73
1974331662_1974331610_0,55.0,55.81,48.82,52.45,0.81
1974331678_1974331646_0,55.0,56.4,55.98,54.55,1.4
1974331678_5374848926_0,45.0,55.87,55.23,54.05,10.87
1974331685_1974331646_0,50.0,55.7,53.53,54.5,5.7
1975108707_366869183_0,70.0,62.52,60.43,59.8,-7.48
1975108707_3811022351_0,70.0,57.0,58.07,57.7,-13.0
1976395246_274101233_0,70.0,62.53,61.0,59.75,-7.47
1976395246_3846575459_0,70.0,59.58,60.82,60.15,-10.42
1976395253_772973986_0,70.0,60.44,56.62,57.92,-9.56
1976395253_772973987_0,70.0,63.36,59.46,59.95,-6.64
1976395262_1976395253_0,70.0,60.17,59.05,59.95,-9.83
1976553969_921128235_0,70.0,63.09,65.39,65.1,-6.91
1976554037_921128147_0,65.0,57.54,51.67,57.42,-7.46
1976554037_921128147_1,70.0,62.36,66.36,64.4,-7.64
1976554040_921128152_0,70.0,63.1,62.8,65.95,-6.9
1979430012_6446605845_0,65.0,58.83,59.96,58.8,-6.17
1979430012_422871124_0,60.0,57.25,60.46,58.15,-2.75
1979430114_2379004902_0,50.0,51.52,51.16,53.8,1.52
1979430114_2381550949_0,50.0,51.87,54.85,53.8,1.87
1979433903_2091486964_0,60.0,57.32,58.6,61.0,-2.68
1979433906_1979433933_0,60.0,58.31,60.63,60.95,-1.69
1979433909_1979433921_0,60.0,58.78,60.04,61.2,-1.22
1979433912_1979433916_0,60.0,57.29,58.35,61.15,-2.71
1979433916_1538515050_0,60.0,58.04,59.74,61.6,-1.96
1979433916_1979433909_0,60.0,58.13,60.77,61.65,-1.87
1979433921_323096903_0,65.0,55.29,62.01,59.65,-9.71
1979433921_1979433906_0,60.0,58.51,59.33,60.8,-1.49
1979433933_2091486985_0,60.0,56.43,62.21,62.45,-3.57
1979433933_1979433903_0,60.0,57.55,60.32,61.25,-2.45
1980123431_933480100_0,65.0,50.2,51.92,48.45,-14.8
1980123431_933480100_1,65.0,50.4,53.42,49.05,-14.6
1981714907_2035655473_0,70.0,57.16,54.77,54.9,-12.84
1986787783_265563573_0,65.0,57.21,62.14,63.35,-7.79
1986787785_1986787783_0,65.0,57.72,61.35,58.95,-7.28
1986787785_1986787818_0,70.0,57.69,62.16,59.45,-12.31
1986787818_265563594_0,65.0,56.89,58.98,58.1,-8.11
1986787818_1311858405_0,70.0,57.72,60.94,59.6,-12.28
1994272940_5370032554_0,55.0,53.72,53.21,54.8,-1.28
1994272940_2065686711_0,50.0,55.39,57.8,56.15,5.39
2006081566_2006081607_0,60.0,57.36,56.36,56.4,-2.64
2006081566_263795344_0,70.0,59.4,61.73,59.0,-10.6
2006081568_265563521_0,65.0,58.33,58.69,58.3,-6.67
2006081589_2006081568_0,70.0,58.9,59.49,60.15,-11.1
2006081589_265563528_0,70.0,59.02,60.54,60.3,-10.98
2006081607_263795333_0,65.0,57.55,58.14,59.05,-7.45
2007029724_2007029726_0,60.0,39.5,47.95,48.03,-20.5
2007029724_534014008_0,55.0,39.73,48.1,48.08,-15.27
2007029726_2007029724_0,60.0,39.5,47.95,48.03,-20.5
2007029726_1774543387_0,50.0,39.24,49.89,48.08,-10.76
2007029726_523784003_0,60.0,40.94,48.76,48.55,-19.06
2015310583_2615469149_0,55.0,56.5,54.41,54.43,1.5
2015310583_263791162_0,60.0,56.08,58.47,58.15,-3.92
2015426330_30438410_0,75.0,65.46,67.94,64.53,-9.54
2015426389_296961227_0,75.0,60.62,63.78,64.7,-14.38
2015426389_4485262761_0,70.0,58.14,62.74,63.1,-11.86
2015426389_296961233_0,70.0,61.21,66.06,64.25,-8.79
2018982035_2018982064_0,70.0,57.99,57.86,59.2,-12.01
2018982035_263340815_0,70.0,58.9,70.45,66.35,-11.1
2018982038_1830723186_0,70.0,56.93,55.87,56.3,-13.07
2018982038_2018982040_0,70.0,56.57,56.73,58.2,-13.43
2018982040_2018982035_0,70.0,58.06,57.33,59.7,-11.94
2018982062_2018982038_0,70.0,56.78,58.32,58.0,-13.22
2018982062_2018982040_0,75.0,58.09,57.73,58.0,-16.91
2018982064_1510712399_0,70.0,57.98,58.49,59.15,-12.02
2018982064_2018982077_0,70.0,57.98,58.31,58.25,-12.02
2018982065_2018982062_0,70.0,58.33,58.18,58.95,-11.67
2018982077_2018982065_0,70.0,58.4,58.35,58.95,-11.6
2018982121_3846407792_0,65.0,59.98,62.57,59.15,-5.02
2018982121_3846407788_0,65.0,57.84,60.56,56.8,-7.16
2018982122_2018982123_0,65.0,59.8,62.6,58.95,-5.2
2018982122_425986624_0,65.0,59.92,61.28,59.5,-5.08
2018982123_2018982121_0,65.0,59.89,61.21,59.25,-5.11
2018982125_2018982140_0,70.0,59.6,61.81,58.5,-10.4
2018982125_2018982126_0,70.0,60.2,62.85,58.6,-9.8
2018982126_2018982140_0,70.0,60.17,62.99,59.0,-9.83
2018982126_1843584027_0,65.0,60.66,67.02,61.3,-4.34
2018982140_2018982144_0,70.0,60.07,64.23,59.0,-9.93
2018982144_1619562965_0,65.0,59.96,62.87,59.05,-5.04
2018982144_2018982147_0,70.0,59.57,61.71,59.45,-10.43
2018982145_2018982122_0,70.0,59.39,61.58,59.25,-10.61
2018982145_2018982123_0,70.0,59.35,62.83,59.15,-10.65
2018982147_2018982145_0,70.0,59.51,62.53,59.55,-10.49
2021583156_449832628_0,60.0,54.27,54.49,53.9,-5.73
2026401378_2026401379_0,60.0,53.06,50.93,53.25,-6.94
2026401379_2026401378_0,60.0,53.06,50.93,53.25,-6.94
2026401387_6451361456_0,60.0,52.68,47.36,46.65,-7.32
2026401387_2026401391_0,60.0,53.18,48.66,47.2,-6.82
2026401388_641359028_0,65.0,53.6,46.89,46.4,-11.4
2026401388_927780730_0,60.0,52.97,45.17,47.9,-7.03
2026401391_425991571_0,60.0,53.65,47.59,49.5,-6.35
2026401391_2026401387_0,60.0,53.18,48.66,47.2,-6.82
2026401391_5899064967_0,60.0,53.74,49.33,49.5,-6.26
2026401392_425987452_0,60.0,54.38,49.82,49.85,-5.62
2026401392_2026401394_0,65.0,54.33,53.56,50.35,-10.67
2026401392_2609492777_0,65.0,53.56,49.86,48.65,-11.44
2026401394_4636137608_0,65.0,54.73,52.11,51.5,-10.27
2026401394_2026401392_0,65.0,54.33,53.56,50.35,-10.67
2026401397_5899064967_0,60.0,53.81,47.03,49.75,-6.19
2026401397_2026401398_0,60.0,53.91,47.32,49.5,-6.09
2026401398_2026401397_0,60.0,53.91,47.32,49.5,-6.09
2026401398_2026401402_0,60.0,54.45,50.82,50.65,-5.55
2026401399_2026401398_0,60.0,53.89,48.62,49.95,-6.11
2026401399_425987817_0,60.0,53.82,48.03,49.55,-6.18
2026401402_2026401398_0,60.0,54.45,50.82,50.65,-5.55
2026401402_2026401414_0,60.0,54.81,55.32,54.2,-5.19
2026401407_2026401421_0,65.0,57.79,59.05,59.15,-7.21
2026401414_2026401423_0,60.0,54.59,54.93,57.7,-5.41
2026401414_2026401402_0,60.0,54.81,55.32,54.2,-5.19
2026401417_2026401414_0,60.0,54.63,54.98,57.4,-5.37
2026401417_2026401423_0,60.0,56.19,54.67,58.05,-3.81
2026401421_927780739_0,65.0,59.08,61.9,59.45,-5.92
2026401421_2026401429_0,65.0,57.86,61.05,58.7,-7.14
2026401422_2609492798_0,65.0,56.84,63.74,58.85,-8.16
2026401422_4634518744_0,65.0,56.9,61.42,59.35,-8.1
2026401423_2026401427_0,60.0,56.11,53.37,58.3,-3.89
2026401425_2026401422_0,65.0,57.05,60.57,59.7,-7.95
2026401427_2026401434_0,60.0,56.13,57.96,56.55,-3.87
2026401427_2026401436_0,60.0,56.13,58.9,56.55,-3.87
2026401429_2026401431_0,65.0,57.69,60.23,59.45,-7.31
2026401431_926970848_0,65.0,55.56,58.58,58.2,-9.44
2026401431_2026401425_0,65.0,57.26,59.57,59.1,-7.74
2026401434_2026401436_0,60.0,56.18,59.58,56.5,-3.82
2026401434_2026401439_0,60.0,56.22,56.44,56.5,-3.78
2026401436_2026401417_0,60.0,56.29,57.38,55.9,-3.71
2026401439_427778442_0,65.0,56.45,54.65,56.35,-8.55
2026401439_2026401434_0,60.0,56.22,56.44,56.5,-3.78
2026401439_427777645_0,65.0,54.74,52.53,55.1,-10.26
2026401441_2935408168_0,65.0,57.36,65.05,59.0,-7.64
2026401441_3398866828_0,60.0,56.58,58.12,58.25,-3.42
2026401459_2026401466_0,65.0,55.82,57.02,54.35,-9.18
2026401459_6453104498_0,60.0,56.4,57.31,58.12,-3.6
2026401466_2026401471_0,65.0,55.67,55.44,54.35,-9.33
2026401471_2026401474_0,65.0,56.16,60.09,58.6,-8.84
2026401471_2935408198_0,65.0,55.31,55.68,54.05,-9.69
2026401474_12911318612_0,70.0,58.8,62.03,60.45,-11.2
2026401507_2584234878_0,70.0,55.69,55.46,55.66,-14.31
2026401507_8540681774_0,70.0,55.77,54.89,51.95,-14.23
2027136523_611752086_0,55.0,54.13,47.23,53.1,-0.87
2027136523_611752086_1,55.0,53.72,48.91,53.3,-1.28
2027136530_421377548_0,60.0,54.51,52.81,53.52,-5.49
2027136530_611752087_0,60.0,54.37,52.28,51.88,-5.63
2027174156_13069414011_0,55.0,55.35,51.8,53.4,0.35
2027174156_1475331061_0,65.0,56.82,53.32,56.55,-8.18
2027174156_436622963_0,65.0,56.41,55.91,56.75,-8.59
2029619909_1014835724_0,65.0,57.03,55.71,56.15,-7.97
2035149505_2035149586_0,65.0,53.83,49.52,50.0,-11.17
2035149505_471513463_0,65.0,51.77,53.07,52.15,-13.23
2035149586_315059131_0,65.0,54.05,54.38,57.25,-10.95
2035655463_2383668264_0,70.0,55.64,52.15,54.4,-14.36
2035655463_1981714907_0,65.0,55.83,53.05,53.9,-9.17
2035655465_471333685_0,65.0,54.99,54.3,54.75,-10.01
2035655465_2035655475_0,65.0,55.4,53.97,53.5,-9.6
2035655471_626874538_0,55.0,53.94,48.4,50.0,-1.06
2035655471_471333685_0,55.0,54.03,53.87,51.85,-0.97
2035655471_626874540_0,60.0,53.33,52.62,51.55,-6.67
2035655473_4281824461_0,70.0,58.25,53.97,55.7,-11.75
2035655473_471333712_0,70.0,60.57,59.71,58.85,-9.43
2035655475_1981714907_0,65.0,55.8,55.2,54.35,-9.2
2035655475_7553394865_0,55.0,56.45,57.82,53.95,1.45
2037211059_263791247_0,65.0,56.3,54.2,54.55,-8.7
2037211059_4414925723_0,65.0,56.56,53.47,58.76,-8.44
2040977831_471792906_0,75.0,60.31,57.98,56.3,-14.69
2040977831_1490307242_0,75.0,63.77,60.61,59.5,-11.23
2040977831_264535902_0,75.0,62.87,61.55,59.45,-12.13
2040977833_2040977836_0,75.0,56.88,55.97,57.6,-18.12
2040977833_4393762415_0,80.0,56.56,58.05,55.0,-23.44
2040977836_2040977837_0,75.0,60.64,61.05,59.85,-14.36
2040977836_1490307242_0,75.0,62.6,63.15,59.7,-12.4
2040977837_2040977836_0,75.0,60.64,61.05,59.85,-14.36
2040977837_1618969814_0,75.0,59.55,60.11,58.5,-15.45
2040977837_2040977833_0,75.0,56.03,55.24,53.5,-18.97
2043309839_4372474648_0,75.0,66.08,58.7,61.0,-8.92
2043309839_984073241_0,55.0,61.63,61.98,62.1,6.63
2043309839_965006466_0,75.0,65.82,58.43,61.35,-9.18
2050602367_471793251_0,60.0,55.81,52.64,50.95,-4.19
2050602367_2050602367_0,60.0,55.63,55.33,50.95,-4.37
2050602367_2050602367_1,60.0,55.63,55.33,50.95,-4.37
2051213475_2051213476_0,60.0,40.26,52.9,52.25,-19.74
2051213475_2189575035_0,60.0,40.12,52.25,52.05,-19.88
2051213475_956427239_0,60.0,43.73,50.11,53.8,-16.27
2051213476_2051213475_0,60.0,40.26,52.9,52.25,-19.74
2051213476_956427193_0,60.0,41.91,53.15,54.35,-18.09
2051213486_2051213526_0,55.0,43.89,50.58,54.3,-11.11
2051213486_3779314313_0,60.0,44.1,51.97,54.45,-15.9
2051213494_956427239_0,60.0,45.08,51.79,54.5,-14.92
2051213497_956427280_0,60.0,45.14,52.64,54.5,-14.86
2051213498_2051213504_0,60.0,45.77,52.2,54.85,-14.23
2051213498_2051213494_0,60.0,45.19,49.24,54.45,-14.81
2051213501_2051213609_0,55.0,45.69,51.13,54.55,-9.31
2051213501_2051213497_0,60.0,45.23,51.31,54.6,-14.77
2051213504_2051213498_0,60.0,45.77,52.2,54.85,-14.23
2051213504_2051213509_0,60.0,44.64,52.02,54.75,-15.36
2051213506_2051213504_0,60.0,44.54,51.05,54.45,-15.46
2051213509_956427230_0,60.0,44.56,53.55,54.25,-15.44
2051213509_2051213516_0,60.0,44.55,52.48,54.25,-15.45
2051213516_4585568067_0,60.0,45.23,51.8,54.3,-14.77
2051213519_956426952_0,60.0,44.33,51.71,54.45,-15.67
2051213519_2189575120_0,60.0,44.21,53.97,54.65,-15.79
2051213522_2051213958_0,60.0,44.5,53.73,54.75,-15.5
2051213522_2051213519_0,60.0,44.1,52.14,54.55,-15.9
2051213526_2051213594_0,60.0,43.58,50.89,54.25,-16.42
2051213526_2051213486_0,55.0,43.89,50.58,54.3,-11.11
2051213594_2051213624_0,60.0,43.58,50.56,54.25,-16.42
2051213594_2051213526_0,60.0,43.58,50.89,54.25,-16.42
2051213609_2051213501_0,55.0,45.69,51.13,54.55,-9.31
2051213609_2051213759_0,60.0,45.35,50.0,54.4,-14.65
2051213624_2051213726_0,60.0,43.59,49.26,54.2,-16.41
2051213624_2051213594_0,60.0,43.58,50.56,54.25,-16.42
2051213624_2051213666_0,60.0,43.52,49.79,54.25,-16.48
2051213641_2051213594_0,60.0,43.53,49.79,54.25,-16.47
2051213641_2051213526_0,60.0,43.48,49.79,54.25,-16.52
2051213666_2051213696_0,60.0,43.44,51.43,54.15,-16.56
2051213696_2051213782_0,60.0,43.91,53.33,54.55,-16.09
2051213696_2051213641_0,60.0,43.44,50.77,54.15,-16.56
2051213726_2051213624_0,60.0,43.59,49.26,54.2,-16.41
2051213726_2051213666_0,60.0,43.52,51.08,54.25,-16.48
2051213726_2051214046_0,60.0,44.3,48.9,54.05,-15.7
2051213759_956426813_0,60.0,44.95,51.6,54.45,-15.05
2051213782_2051213696_0,60.0,43.91,53.33,54.55,-16.09
2051213782_956427204_0,60.0,44.45,51.6,54.4,-15.55
2051213943_2051213987_0,55.0,46.65,51.17,54.5,-8.35
2051213943_956427260_0,60.0,45.88,54.73,54.45,-14.12
2051213946_2051214042_0,60.0,45.92,51.26,54.65,-14.08
2051213946_956426999_0,60.0,45.72,53.7,54.45,-14.28
2051213958_2051213522_0,60.0,44.5,53.73,54.75,-15.5
2051213958_2051213978_0,60.0,42.14,51.19,54.05,-17.86
2051213972_2051213978_0,60.0,42.05,52.56,54.15,-17.95
2051213972_2051213958_0,60.0,42.19,50.77,54.3,-17.81
2051213978_956427149_0,60.0,42.02,51.09,54.1,-17.98
2051213979_956427193_0,60.0,42.08,52.84,54.1,-17.92
2051213981_2051213979_0,60.0,42.07,53.12,54.05,-17.93
2051213981_2051213984_0,60.0,42.14,52.67,54.1,-17.86
2051213984_2051214131_0,60.0,42.62,51.29,54.05,-17.38
2051213984_2051213979_0,60.0,42.16,51.81,54.2,-17.84
2051213987_2051213943_0,55.0,46.65,51.17,54.5,-8.35
2051213987_2051213991_0,60.0,45.33,51.67,54.65,-14.67
2051213991_956426913_0,60.0,45.29,54.14,54.35,-14.71
2051213991_2051214033_0,60.0,45.28,52.15,54.6,-14.72
2051213996_2051214089_0,60.0,42.71,50.09,54.2,-17.29
2051213996_956427019_0,60.0,42.18,50.94,54.4,-17.82
2051214027_4585568063_0,60.0,45.05,50.67,54.5,-14.95
2051214033_2051214125_0,55.0,45.63,49.14,54.55,-9.37
2051214034_956427174_0,60.0,45.05,52.15,54.4,-14.95
2051214034_2051214027_0,60.0,44.97,52.37,54.45,-15.03
2051214038_2051214103_0,60.0,45.03,50.62,54.4,-14.97
2051214038_2051214034_0,60.0,44.92,51.8,54.55,-15.08
2051214042_2051213946_0,60.0,45.92,51.26,54.65,-14.08
2051214042_956387351_0,60.0,45.6,52.47,54.2,-14.4
2051214046_956387406_0,60.0,44.9,51.92,54.35,-15.1
2051214046_2051213726_0,60.0,44.3,48.9,54.05,-15.7
2051214082_956387499_0,60.0,46.13,50.39,54.1,-13.87
2051214082_2051214085_0,60.0,46.23,50.06,54.3,-13.77
2051214085_956430475_0,55.0,47.03,52.37,54.55,-7.97
2051214085_956387499_0,60.0,46.21,51.93,54.4,-13.79
2051214089_2051213996_0,60.0,42.71,50.09,54.2,-17.29
2051214089_2051214105_0,60.0,42.63,48.07,54.2,-17.37
2051214103_2051214038_0,60.0,45.03,50.62,54.4,-14.97
2051214103_2051214111_0,60.0,42.73,51.77,53.95,-17.27
2051214105_2051214108_0,60.0,42.6,48.87,54.2,-17.4
2051214108_2051214111_0,60.0,42.63,51.08,54.25,-17.37
2051214108_2051214103_0,60.0,42.74,49.48,54.1,-17.26
2051214111_956426772_0,60.0,42.62,48.38,54.15,-17.38
2051214121_956427272_0,60.0,42.48,51.6,54.05,-17.52
2051214125_956426814_0,60.0,45.54,52.6,54.45,-14.46
2051214125_2051214141_0,60.0,45.46,50.07,54.45,-14.54
2051214128_2051214138_0,60.0,42.46,51.02,54.35,-17.54
2051214128_2051214121_0,60.0,42.5,49.93,54.0,-17.5
2051214131_2051214145_0,60.0,42.45,51.35,53.95,-17.55
2051214131_2051213984_0,60.0,42.62,51.29,54.05,-17.38
2051214131_2051214140_0,60.0,42.4,51.27,53.95,-17.6
2051214138_2051214128_0,60.0,42.46,51.02,54.35,-17.54
2051214138_2051214144_0,60.0,42.37,50.81,53.95,-17.63
2051214140_2051214138_0,60.0,42.36,50.81,53.95,-17.64
2051214141_956430475_0,60.0,45.53,49.3,54.3,-14.47
2051214144_956442282_0,60.0,42.42,51.27,53.95,-17.58
2051214144_2051214152_0,60.0,42.4,50.71,54.1,-17.6
2051214145_2051214131_0,60.0,42.45,51.35,53.95,-17.55
2051214145_956442282_0,60.0,42.45,51.79,53.95,-17.55
2051214145_2051214140_0,60.0,42.41,51.27,53.95,-17.59
2051214146_2051214150_0,60.0,45.59,54.01,54.35,-14.41
2051214146_2051214157_0,60.0,45.64,54.18,54.6,-14.36
2051214147_2051214166_0,60.0,43.58,48.62,54.05,-16.42
2051214147_956427217_0,60.0,42.78,48.26,54.2,-17.22
2051214148_4561581881_0,60.0,45.55,51.0,54.4,-14.45
2051214150_956427246_0,60.0,45.64,50.8,54.3,-14.36
2051214152_956442282_0,60.0,42.46,51.39,53.95,-17.54
2051214152_956442274_0,60.0,43.56,52.17,54.15,-16.44
2051214157_956430472_0,55.0,46.07,51.9,54.5,-8.93
2051214159_956426880_0,60.0,45.4,54.06,54.35,-14.6
2051214159_2051214148_0,60.0,45.35,51.77,54.35,-14.65
2051214161_2051214163_0,60.0,45.42,51.58,54.4,-14.58
2051214163_2051214170_0,55.0,45.54,48.28,54.2,-9.46
2051214163_2051214159_0,60.0,45.31,52.38,54.45,-14.69
2051214165_956426935_0,60.0,45.56,52.84,54.45,-14.44
2051214165_2051214161_0,60.0,45.5,51.23,54.4,-14.5
2051214166_2051214147_0,60.0,43.58,48.62,54.05,-16.42
2051214166_2051214171_0,60.0,43.49,47.25,54.4,-16.51
2051214170_2051214163_0,55.0,45.54,48.28,54.2,-9.46
2051214170_2051214178_0,60.0,43.49,50.35,53.7,-16.51
2051214171_956427168_0,60.0,43.38,45.65,53.55,-16.62
2051214178_956427233_0,60.0,43.38,48.9,53.65,-16.62
2051214179_956427198_0,60.0,43.38,47.74,54.4,-16.62
2051214181_2051214179_0,60.0,43.44,47.74,54.4,-16.56
2051214181_956442274_0,60.0,43.54,51.77,54.3,-16.46
2051214184_2051214181_0,60.0,43.48,48.47,54.4,-16.52
2051214190_2051214224_0,60.0,49.86,48.47,53.1,-10.14
2051214190_956360613_0,55.0,48.11,48.13,53.3,-6.89
2051214215_2051214258_0,55.0,43.74,49.66,45.05,-11.26
2051214217_2051214184_0,60.0,43.59,47.84,54.5,-16.41
2051214217_960930752_0,60.0,44.52,52.87,53.8,-15.48
2051214224_4583449830_0,60.0,50.45,50.77,53.1,-9.55
2051214224_2051214190_0,60.0,49.86,48.47,53.1,-10.14
2051214240_1875844575_0,60.0,48.78,53.93,53.95,-11.22
2051214240_1875844620_0,60.0,49.13,54.34,54.45,-10.87
2051214243_9038203853_0,60.0,47.73,51.94,54.05,-12.27
2051214243_2051214267_0,55.0,48.18,50.26,54.2,-6.82
2051214249_1560708563_0,60.0,47.86,52.38,54.25,-12.14
2051214249_1560708469_0,60.0,47.14,56.64,54.9,-12.86
2051214252_1875844612_0,60.0,49.07,53.94,56.15,-10.93
2051214252_1875844604_0,60.0,49.29,50.15,54.8,-10.71
2051214254_1875844620_0,60.0,50.05,55.02,57.05,-9.95
2051214254_1875844612_0,60.0,49.44,53.95,57.3,-10.56
2051214254_2051214273_0,60.0,48.34,52.08,53.8,-11.66
2051214258_2051214617_0,55.0,42.75,52.83,51.8,-12.25
2051214258_2051214215_0,55.0,43.74,49.66,45.05,-11.26
2051214258_2051214602_0,60.0,45.54,54.37,54.5,-14.46
2051214267_2051214847_0,55.0,49.51,52.91,54.15,-5.49
2051214267_9038203865_0,60.0,48.71,50.23,54.3,-11.29
2051214267_3779319499_0,60.0,48.34,48.59,54.25,-11.66
2051214267_2051214243_0,55.0,48.18,50.26,54.2,-6.82
2051214272_1875844652_0,60.0,47.21,54.09,53.05,-12.79
2051214272_1875844649_0,60.0,47.6,52.27,54.15,-12.4
2051214272_2051214252_0,60.0,48.15,52.28,54.3,-11.85
2051214273_6200733590_0,60.0,47.18,54.35,52.8,-12.82
2051214273_6200733587_0,60.0,47.27,52.92,52.8,-12.73
2051214278_2051214280_0,60.0,50.68,55.76,56.6,-9.32
2051214278_1121909765_0,60.0,50.9,52.88,55.85,-9.1
2051214279_9038203869_0,60.0,48.73,55.54,54.25,-11.27
2051214279_956426789_0,60.0,48.73,52.01,54.35,-11.27
2051214280_2051214858_0,55.0,47.57,57.51,54.3,-7.43
2051214280_3779322340_0,60.0,50.61,56.4,56.55,-9.39
2051214544_956487753_0,60.0,48.56,53.41,54.55,-11.44
2051214544_2051214858_0,55.0,46.62,55.72,54.45,-8.38
2051214602_956487713_0,60.0,46.79,53.55,54.13,-13.21
2051214602_2051214258_0,60.0,45.54,54.37,54.5,-14.46
2051214617_2051214970_0,60.0,41.73,56.2,53.7,-18.27
2051214617_2051214258_0,55.0,42.75,52.83,51.8,-12.25
2051214617_2051214853_0,55.0,42.84,55.51,53.6,-12.16
2051214662_956487697_0,60.0,47.01,54.3,54.1,-12.99
2051214662_2051214858_0,55.0,46.44,58.0,54.55,-8.56
2051214724_1523085273_0,60.0,50.67,55.32,54.35,-9.33
2051214724_3779319508_0,55.0,49.25,53.55,54.05,-5.75
2051214847_2051214724_0,60.0,50.46,52.63,53.85,-9.54
2051214847_2051214267_0,55.0,49.51,52.91,54.15,-5.49
2051214853_2051214863_0,60.0,44.19,54.68,54.55,-15.81
2051214853_2051214970_0,60.0,43.54,54.83,55.6,-16.46
2051214853_2051214617_0,55.0,42.84,55.51,53.6,-12.16
2051214858_2051214544_0,55.0,46.62,55.72,54.45,-8.38
2051214858_2051214662_0,55.0,46.44,58.0,54.55,-8.56
2051214863_2051214853_0,60.0,44.19,54.68,54.55,-15.81
2051214863_956463903_0,60.0,44.56,51.89,54.4,-15.44
2051214970_956463872_0,60.0,42.68,55.19,55.08,-17.32
2051214970_2051214617_0,60.0,41.73,56.2,53.7,-18.27
2051214970_2051214853_0,60.0,43.54,54.83,55.6,-16.46
2051214974_956463848_0,60.0,43.2,53.38,54.93,-16.8
2051214974_9035699939_0,60.0,44.63,52.87,54.98,-15.37
2051624668_4582681609_0,60.0,51.74,38.54,53.0,-8.26
2051624674_4582681606_0,55.0,51.79,38.56,53.0,-3.21
2051933116_58850772_0,70.0,60.55,58.59,58.8,-9.45
2051933116_243466461_0,65.0,57.08,59.88,59.77,-7.92
2051933144_267201230_0,65.0,61.83,58.82,61.15,-3.17
2052937337_926997706_0,60.0,56.43,59.6,55.65,-3.57
2052937346_4901650456_0,60.0,57.43,59.55,57.6,-2.57
2052937354_4713059054_0,65.0,55.84,53.47,52.12,-9.16
2052937354_441389856_0,65.0,55.37,54.29,52.35,-9.63
2055364712_1491287674_0,70.0,58.46,56.87,55.55,-11.54
2055364712_2055364713_0,70.0,58.55,56.41,53.7,-11.45
2055364713_2055364712_0,70.0,58.55,56.41,53.7,-11.45
2065686673_2065686675_0,60.0,55.93,58.57,56.5,-4.07
2065686675_449833165_0,55.0,53.57,53.43,55.3,-1.43
2065686675_2609531166_0,60.0,55.76,57.62,56.85,-4.24
2065686684_2065686685_0,60.0,55.99,60.22,57.15,-4.01
2065686685_2072249248_0,55.0,55.99,59.99,58.15,0.99
2065686685_4494345850_0,60.0,56.14,58.72,56.0,-3.86
2065686711_1537860553_0,60.0,53.64,53.23,55.6,-6.36
2065686711_5896466733_0,50.0,55.56,56.67,55.8,5.56
2068744941_2065686673_0,60.0,54.71,57.93,56.7,-5.29
2068744941_2068744950_0,60.0,56.45,59.84,56.95,-3.55
2068744942_6269391429_0,50.0,54.64,57.47,56.0,4.64
2068744942_2068744941_0,60.0,56.43,58.14,56.75,-3.57
2068744950_2068744953_0,60.0,56.28,58.9,56.85,-3.72
2068744953_1537860539_0,60.0,57.05,58.89,57.7,-2.95
2068744953_1547924602_0,60.0,56.54,59.56,58.15,-3.46
2072249248_2072249249_0,45.0,53.12,58.36,58.55,8.12
2072249248_1537860550_0,50.0,55.64,58.06,58.95,5.64
2072249249_1618940765_0,50.0,56.57,60.3,56.3,6.57
2072249249_2072249248_0,45.0,53.12,58.36,58.55,8.12
2079850011_471339981_0,75.0,58.67,53.24,53.9,-16.33
2079850011_932312617_0,70.0,58.68,53.04,54.1,-11.32
2079850011_471340366_0,75.0,58.7,52.99,53.8,-16.3
2091486961_1547924625_0,50.0,58.05,61.15,62.25,8.05
2091486962_825340709_0,50.0,58.13,57.41,58.75,8.13
2091486964_13526960046_0,60.0,53.96,54.03,57.65,-6.04
2091486964_1979433912_0,60.0,57.21,57.51,61.05,-2.79
2091486976_1979433903_0,60.0,55.96,60.96,61.85,-4.04
2091486978_424287090_0,60.0,51.38,54.55,57.35,-8.62
2091486978_2091486976_0,65.0,54.57,58.89,62.15,-10.43
2091486985_420697264_0,60.0,56.57,63.51,62.2,-3.43
2091486987_2091486985_0,65.0,55.97,61.97,61.85,-9.03
2091486987_2091486978_0,65.0,55.67,61.87,61.9,-9.33
2095990581_2095990646_0,50.0,58.1,48.23,55.13,8.1
2095990581_3399853092_0,50.0,55.37,52.08,53.8,5.37
2095990581_2095990616_0,50.0,58.39,49.52,55.25,8.39
2095990616_2095990622_0,50.0,59.7,49.29,55.13,9.7
2095990616_2095990646_0,50.0,60.71,50.51,54.68,10.71
2095990616_2095990581_0,50.0,58.39,49.52,55.25,8.39
2095990622_2095990616_0,50.0,59.7,49.29,55.13,9.7
2095990646_2095990581_0,50.0,58.1,48.23,55.13,8.1
2095990646_2095990674_0,50.0,60.63,49.54,54.93,10.63
2095990646_2095990616_0,50.0,60.71,50.51,54.68,10.71
2095990674_3399853092_0,50.0,57.81,50.1,55.03,7.81
2095990674_3399853087_0,55.0,60.09,49.54,55.13,5.09
2095990674_2095990646_0,50.0,60.63,49.54,54.93,10.63
2095990699_3399853087_0,50.0,59.38,50.51,55.03,9.38
2095990823_621469688_0,50.0,51.16,44.01,42.01,1.16
2095990848_621469688_0,60.0,55.18,50.67,46.72,-4.82
2095990848_621469418_0,60.0,54.48,50.61,47.5,-5.52
2095990848_2538388719_0,50.0,51.51,41.28,46.17,1.51
2152470032_2152470045_0,60.0,32.64,60.67,54.6,-27.36
2152470045_2152470032_0,60.0,32.64,60.67,54.6,-27.36
2152470045_2152470059_0,60.0,32.24,56.4,52.7,-27.76
2152470045_2152470087_0,60.0,33.26,57.21,55.25,-26.74
2152470059_2152470045_0,60.0,32.24,56.4,52.7,-27.76
2152470087_2152470045_0,60.0,33.26,57.21,55.25,-26.74
2152470087_1514338068_0,65.0,34.43,54.89,52.68,-30.57
2152470087_1514632915_0,65.0,34.19,56.49,53.18,-30.81
2155382110_59749784_0,65.0,56.63,54.38,54.82,-8.37
2155382110_2155382123_0,60.0,55.55,57.26,57.55,-4.45
2155382123_59749785_0,75.0,63.36,64.03,64.4,-11.64
2189575039_2051213476_0,60.0,39.99,52.25,52.05,-20.01
2189575103_2189575110_0,55.0,44.35,51.99,54.3,-10.65
2189575110_2051213506_0,60.0,44.38,52.93,54.45,-15.62
2189575110_956427096_0,60.0,44.44,51.89,54.1,-15.56
2189575120_2189575108_0,60.0,44.23,53.43,54.65,-15.77
2195585708_534595555_0,60.0,39.76,47.75,53.65,-20.24
2195585708_616796288_0,55.0,39.73,50.01,52.45,-15.27
2195585708_620923121_0,55.0,39.18,51.21,53.35,-15.82
2229051219_416517345_0,70.0,61.9,60.95,60.25,-8.1
2229051251_2229051219_0,65.0,57.76,64.57,59.4,-7.24
2229051251_265566105_0,70.0,63.33,62.73,61.55,-6.67
2229381105_2229381106_0,55.0,48.66,48.87,49.9,-6.34
2229381105_626875822_0,60.0,49.82,54.81,50.3,-10.18
2229381105_471785057_0,60.0,51.59,49.65,51.0,-8.41
2229381106_471785027_0,50.0,49.13,46.47,49.12,-0.87
2229381106_471785026_0,50.0,48.85,48.0,49.08,-1.15
2229381106_2229381105_0,55.0,48.66,48.87,49.9,-6.34
2288316201_534014017_0,60.0,41.97,54.71,46.73,-18.03
2288316201_534014015_0,50.0,42.16,55.28,46.78,-7.84
2288316201_534014015_1,65.0,42.04,55.28,46.78,-22.96
2288321410_7388401931_0,65.0,62.55,58.95,61.55,-2.45
2288321410_12125253590_0,65.0,60.15,62.64,60.6,-4.85
2288321411_13360470420_0,65.0,64.23,63.03,64.55,-0.77
2288321411_7388401930_0,65.0,63.44,62.5,61.15,-1.56
2308903349_2308903368_0,50.0,65.22,53.03,52.95,15.22
2308903349_1748198008_0,50.0,67.84,52.08,53.25,17.84
2308903368_2308903374_0,50.0,64.24,54.68,53.25,14.24
2308903368_2308903376_0,50.0,65.96,52.16,52.25,15.96
2308903368_2308903349_0,50.0,65.22,53.03,52.95,15.22
2308903374_2308903377_0,50.0,62.27,50.12,52.85,12.27
2308903374_2308903380_0,50.0,62.67,52.28,53.3,12.67
2308903374_2308903368_0,50.0,64.24,54.68,53.25,14.24
2308903376_9248572921_0,50.0,66.79,56.6,52.7,16.79
2308903376_5335845445_0,50.0,65.05,55.71,53.25,15.05
2308903376_2308903368_0,50.0,65.96,52.16,52.25,15.96
2308903377_2308903378_0,50.0,61.06,46.31,46.18,11.06
2308903377_2308903374_0,50.0,62.27,50.12,52.85,12.27
2308903377_2308903385_0,50.0,61.34,48.09,48.01,11.34
2308903378_2308903384_0,50.0,59.98,49.41,46.2,9.98
2308903378_2308903377_0,50.0,61.06,46.31,46.18,11.06
2308903378_2308903390_0,50.0,60.22,50.36,47.16,10.22
2308903380_2308903374_0,50.0,62.67,52.28,53.3,12.67
2308903380_2308903392_0,50.0,60.82,47.0,46.15,10.82
2308903380_2308903385_0,50.0,62.43,53.39,52.9,12.43
2308903380_5335845445_0,50.0,64.11,54.28,53.15,14.11
2308903384_2308903389_0,50.0,58.97,47.9,45.45,8.97
2308903384_2308903378_0,50.0,59.98,49.41,46.2,9.98
2308903384_2308903400_0,50.0,59.12,48.85,46.84,9.12
2308903385_2308903377_0,50.0,61.34,48.09,48.01,11.34
2308903385_2308903401_0,50.0,59.6,46.94,45.35,9.6
2308903385_2308903390_0,50.0,61.1,48.42,47.46,11.1
2308903385_2308903380_0,50.0,62.43,53.39,52.9,12.43
2308903389_2308903384_0,50.0,58.97,47.9,45.45,8.97
2308903389_2308903402_0,50.0,58.11,48.91,46.24,8.11
2308903389_2308903419_0,50.0,56.8,48.29,45.75,6.8
2308903390_2308903378_0,50.0,60.22,50.36,47.16,10.22
2308903390_2308903404_0,50.0,58.53,48.57,45.45,8.53
2308903390_2308903400_0,50.0,59.88,49.69,47.41,9.88
2308903390_2308903385_0,50.0,61.1,48.42,47.46,11.1
2308903392_2308903380_0,50.0,60.82,47.0,46.15,10.82
2308903399_2308903407_0,50.0,56.61,46.56,45.3,6.61
2308903400_2308903384_0,50.0,59.12,48.85,46.84,9.12
2308903400_2308903409_0,50.0,57.82,47.65,45.23,7.82
2308903400_2308903402_0,50.0,58.78,48.1,46.59,8.78
2308903400_2308903390_0,50.0,59.88,49.69,47.41,9.88
2308903401_2308903385_0,50.0,59.6,46.94,45.35,9.6
2308903402_2308903389_0,50.0,58.11,48.91,46.24,8.11
2308903402_2308903416_0,50.0,57.21,46.11,44.63,7.21
2308903402_2308903407_0,50.0,57.78,48.52,46.74,7.78
2308903402_2308903400_0,50.0,58.78,48.1,46.59,8.78
2308903404_2308903390_0,50.0,58.53,48.57,45.45,8.53
2308903405_2308903410_0,50.0,56.0,47.13,45.3,6.0
2308903407_2308903399_0,50.0,56.61,46.56,45.3,6.61
2308903407_2308903417_0,50.0,56.67,51.45,45.49,6.67
2308903407_2308903410_0,50.0,56.91,49.73,46.94,6.91
2308903407_2308903402_0,50.0,57.78,48.52,46.74,7.78
2308903409_2308903400_0,50.0,57.82,47.65,45.23,7.82
2308903410_2308903421_0,50.0,56.26,47.39,43.18,6.26
2308903410_2308903407_0,50.0,56.91,49.73,46.94,6.91
2308903410_2308903405_0,50.0,56.0,47.13,45.3,6.0
2308903416_2308903402_0,50.0,57.21,46.11,44.63,7.21
2308903417_2308903421_0,50.0,55.63,47.7,40.73,5.63
2308903417_2308903407_0,50.0,56.67,51.45,45.49,6.67
2308903417_2308903418_0,50.0,55.58,48.75,41.23,5.58
2308903418_2308903417_0,50.0,55.58,48.75,41.23,5.58
2308903419_2308903389_0,50.0,56.8,48.29,45.75,6.8
2308903421_2308903417_0,50.0,55.63,47.7,40.73,5.63
2308903421_2308903410_0,50.0,56.26,47.39,43.18,6.26
2308903421_2308903423_0,50.0,55.27,50.45,41.2,5.27
2308903423_2308903421_0,50.0,55.27,50.45,41.2,5.27
2308903428_2381776561_0,60.0,60.64,47.68,48.49,0.64
2314087300_3352226702_0,55.0,25.46,61.07,54.9,-29.54
2314087300_534014080_0,55.0,24.4,53.68,55.6,-30.6
2314538159_534014079_0,50.0,27.92,55.69,56.4,-22.08
2314538159_1822982016_0,50.0,28.6,55.61,56.75,-21.4
2314538193_1774945554_0,60.0,18.64,46.66,50.3,-41.36
2314538230_534014080_0,65.0,19.53,49.83,54.55,-45.47
2314538230_2435856887_0,55.0,19.2,52.57,52.07,-35.8
2314538230_534014083_0,60.0,19.31,54.32,53.45,-40.69
2349442509_30389494_0,75.0,64.15,62.41,64.05,-10.85
2349442511_59751394_0,75.0,64.65,62.54,64.8,-10.35
2349451766_2349451773_0,65.0,59.24,54.07,54.1,-5.76
2349451773_931001893_0,70.0,59.17,58.18,55.3,-10.83
2349451773_2349451766_0,65.0,59.24,54.07,54.1,-5.76
2351502741_529120082_0,65.0,45.18,57.19,55.72,-19.82
2351502741_5838307536_0,60.0,43.12,56.66,54.75,-16.88
2351502743_2351502741_0,65.0,44.96,58.89,54.82,-20.04
2351502743_7689416409_0,55.0,43.16,53.34,53.02,-11.84
2351502745_2351502746_0,60.0,44.58,53.25,55.35,-15.42
2351502745_8027679295_0,55.0,42.53,57.17,53.9,-12.47
2351502746_3770215594_0,55.0,42.57,52.14,53.25,-12.43
2351502746_529120091_0,60.0,45.26,52.21,54.55,-14.74
2351502748_2351502749_0,45.0,48.43,40.89,41.22,3.43
2351502749_621469440_0,55.0,49.4,40.78,41.67,-5.6
2351502749_621469160_0,45.0,49.57,42.28,41.96,4.57
2351502749_2351502748_0,45.0,48.43,40.89,41.22,3.43
2351502759_2351502760_0,50.0,53.14,43.06,42.26,3.14
2351502759_621469280_0,45.0,52.82,39.93,41.96,7.82
2351502760_2351502759_0,50.0,53.14,43.06,42.26,3.14
2351502760_587664188_0,60.0,54.9,45.4,45.05,-5.1
2351502760_4424632940_0,60.0,55.42,44.11,45.1,-4.58
2353635998_429561020_0,60.0,50.43,49.52,50.46,-9.57
2353669987_2383629708_0,50.0,62.92,49.95,54.4,12.92
2353669987_2383629702_0,50.0,62.15,53.82,53.15,12.15
2353669987_2383629703_0,55.0,63.75,48.96,54.05,8.75
2353881024_3715293060_0,55.0,55.1,52.4,50.8,0.1
2353881024_587661888_0,60.0,57.23,64.42,58.9,-2.77
2353881024_587661927_0,60.0,56.49,53.23,52.45,-3.51
2354211517_9841034897_0,65.0,56.15,54.02,56.45,-8.85
2354621059_2382792288_0,45.0,62.45,45.31,53.05,17.45
2354621059_2429482619_0,60.0,62.36,44.4,53.05,2.36
2354621061_2354621062_0,60.0,62.09,46.87,53.05,2.09
2354621061_12759249071_0,60.0,62.03,46.87,53.05,2.03
2354621062_2354621064_0,60.0,62.54,47.92,53.05,2.54
2354621063_534290831_0,60.0,63.72,44.92,53.05,3.72
2354621063_2354621059_0,60.0,62.88,44.68,53.05,2.88
2354621064_534290858_0,60.0,62.83,51.3,53.4,2.83
2354621064_534290834_0,60.0,63.53,46.44,52.55,3.53
2354640412_2354640417_0,60.0,56.85,54.76,54.8,-3.15
2354640412_263815262_0,70.0,56.79,57.87,54.45,-13.21
2354640417_2354640412_0,60.0,56.85,54.76,54.8,-3.15
2354654539_2354654540_0,65.0,56.64,64.75,60.55,-8.36
2354654539_2354654539_0,70.0,57.01,58.69,56.75,-12.99
2354654540_2354654539_0,65.0,56.52,65.42,59.85,-8.48
2354654540_4485262761_0,65.0,57.57,63.24,61.05,-7.43
2357378479_3600764054_0,70.0,53.5,56.19,57.95,-16.5
2357378479_3600764054_1,75.0,56.6,56.52,58.3,-18.4
2377947873_2377947877_0,65.0,55.34,55.43,55.65,-9.66
2377947877_2377947873_0,65.0,55.34,55.43,55.65,-9.66
2377947877_2377947879_0,65.0,55.39,54.84,56.15,-9.61
2377947877_421372122_0,65.0,55.56,55.21,55.1,-9.44
2377947879_2377947877_0,65.0,55.39,54.84,56.15,-9.61
2379004902_2379004903_0,50.0,51.6,51.85,53.5,1.6
2379004902_1979430114_0,50.0,51.52,51.16,53.8,1.52
2379004902_6213123854_0,50.0,49.96,48.81,51.85,-0.04
2379004903_9911561037_0,45.0,51.68,54.83,54.35,6.68
2379004903_2379004902_0,50.0,51.6,51.85,53.5,1.6
2379004903_420703474_0,50.0,49.55,48.34,51.55,-0.45
2381550949_1979430114_0,50.0,51.98,54.61,53.9,1.98
2381550949_13426896572_0,45.0,50.85,50.84,51.65,5.85
2381765771_263854014_0,60.0,50.97,52.7,52.9,-9.03
2381765771_2381765775_0,55.0,48.73,50.37,51.95,-6.27
2381765775_2381765771_0,55.0,48.73,50.37,51.95,-6.27
2381776561_2381776562_0,55.0,60.95,47.31,50.16,5.95
2381776561_2308903428_0,60.0,60.64,47.68,48.49,0.64
2381776562_2381776566_0,60.0,61.1,44.76,52.1,1.1
2381776562_2381776561_0,55.0,60.95,47.31,50.16,5.95
2381776562_2381776563_0,60.0,61.44,50.57,53.3,1.44
2381776563_2383573422_0,60.0,61.66,51.97,53.3,1.66
2381776563_2381776562_0,60.0,61.44,50.57,53.3,1.44
2381776564_2381776561_0,60.0,60.78,46.68,51.35,0.78
2381776565_2381776567_0,55.0,60.68,50.38,53.05,5.68
2381776566_2381776564_0,50.0,60.82,47.68,53.05,10.82
2381776567_2381776565_0,55.0,60.68,50.38,53.05,5.68
2381776567_2381776569_0,60.0,61.26,51.13,53.45,1.26
2381776568_2381776566_0,60.0,61.02,50.31,53.45,1.02
2381776568_2381776563_0,60.0,61.77,50.27,53.45,1.77
2381776569_2381776567_0,60.0,61.26,51.13,53.45,1.26
2381776569_4815026190_0,60.0,61.18,50.14,53.35,1.18
2381776571_2381776568_0,60.0,61.64,51.8,53.5,1.64
2381776571_4815026190_0,60.0,61.54,50.07,53.35,1.54
2382745214_812173727_0,60.0,40.07,54.96,52.0,-19.93
2382745214_812173738_0,60.0,40.61,58.33,54.95,-19.39
2382745214_2382745218_0,50.0,40.23,56.5,51.25,-9.77
2382745218_2382745214_0,50.0,40.23,56.5,51.25,-9.77
2382745218_812173754_0,55.0,41.91,58.26,52.1,-13.09
2382757731_421374934_0,60.0,55.07,52.61,53.92,-4.93
2382757731_623903362_0,60.0,54.99,53.52,53.0,-5.01
2382792288_534290822_0,60.0,62.43,46.24,53.05,2.43
2382792289_2429482616_0,60.0,61.32,44.5,49.91,1.32
2382811871_369648379_0,65.0,54.35,50.57,49.6,-10.65
2382811876_2382811880_0,55.0,53.83,49.81,51.05,-1.17
2382811880_442118214_0,55.0,54.17,54.47,53.66,-0.83
2382811880_2382811876_0,55.0,53.83,49.81,51.05,-1.17
2383568494_263698427_0,70.0,57.54,56.85,57.15,-12.46
2383568494_2667355396_0,65.0,56.63,52.64,56.15,-8.37
2383568494_30438377_0,70.0,57.09,59.85,58.35,-12.91
2383573419_2383573420_0,55.0,60.68,47.87,47.26,5.68
2383573420_2383573422_0,55.0,61.34,45.39,46.91,6.34
2383573420_2383573419_0,55.0,60.68,47.87,47.26,5.68
2383573420_2383573423_0,60.0,61.6,44.32,48.41,1.6
2383573422_2383573420_0,55.0,61.34,45.39,46.91,6.34
2383573422_2381776563_0,60.0,61.66,51.97,53.3,1.66
2383573422_534290816_0,60.0,61.74,51.81,53.3,1.74
2383573423_534290816_0,60.0,61.93,50.16,53.4,1.93
2383573423_534290818_0,60.0,62.27,48.86,53.45,2.27
2383573423_2383573420_0,60.0,61.6,44.32,48.41,1.6
2383590762_264528880_0,70.0,57.65,59.71,57.7,-12.35
2383590762_2383590765_0,65.0,55.8,58.06,55.75,-9.2
2383590764_2383590765_0,55.0,56.92,56.5,58.3,1.92
2383590765_2383590766_0,55.0,55.88,55.19,54.42,0.88
2383590765_2383590762_0,65.0,55.79,58.51,55.45,-9.21
2383590765_2383590764_0,55.0,56.92,56.5,58.3,1.92
2383590766_2383590765_0,55.0,55.88,55.19,54.42,0.88
2383629692_2497059574_0,50.0,61.02,48.66,52.1,11.02
2383629693_2383629699_0,50.0,62.62,50.75,54.25,12.62
2383629699_2383629703_0,60.0,64.37,48.86,53.8,4.37
2383629699_440058886_0,55.0,64.6,55.21,55.93,9.6
2383629699_2383629693_0,50.0,62.62,50.75,54.25,12.62
2383629701_2383629707_0,50.0,62.74,52.92,54.0,12.74
2383629702_2353669987_0,50.0,62.15,53.82,53.15,12.15
2383629703_976481027_0,60.0,64.12,48.97,54.35,4.12
2383629703_2383629699_0,60.0,64.37,48.86,53.8,4.37
2383629703_2497059574_0,55.0,63.64,48.87,54.05,8.64
2383629703_2353669987_0,55.0,63.75,48.96,54.05,8.75
2383629704_440058901_0,50.0,62.98,52.79,54.28,12.98
2383629705_2383629708_0,50.0,61.69,52.96,52.9,11.69
2383629707_7968359041_0,60.0,63.77,49.65,54.35,3.77
2383629707_976481027_0,60.0,63.89,49.6,54.4,3.89
2383629707_2383629701_0,50.0,62.74,52.92,54.0,12.74
2383629708_2383629705_0,50.0,61.69,52.96,52.9,11.69
2383629708_2353669987_0,50.0,62.92,49.95,54.4,12.92
2383629708_2383629712_0,50.0,61.86,52.64,53.5,11.86
2383629710_7968359041_0,50.0,63.22,48.24,53.85,13.22
2383629710_976481027_0,45.0,63.17,48.9,53.95,18.17
2383629712_2383629708_0,50.0,61.86,52.64,53.5,11.86
2383653834_2383653836_0,60.0,59.35,59.38,56.7,-0.65
2383653834_4636193775_0,50.0,59.13,59.63,56.35,9.13
2383653834_4636193778_0,55.0,59.09,59.54,56.35,4.09
2383653836_2383653834_0,60.0,59.35,59.38,56.7,-0.65
2383653836_5794188264_0,70.0,60.39,59.49,57.75,-9.61
2383665450_1147285063_0,70.0,50.0,60.75,57.45,-20.0
2383665450_1147285044_0,70.0,49.74,61.05,54.88,-20.26
2383665465_919682881_0,70.0,56.83,59.45,59.62,-13.17
2383665465_2383665450_0,60.0,49.51,58.63,56.95,-10.49
2383665465_1147285052_0,70.0,57.17,57.9,59.57,-12.83
2383668259_471791901_0,70.0,57.75,58.43,58.3,-12.25
2383668264_2035655465_0,65.0,55.53,54.06,54.1,-9.47
2383668264_2383668259_0,65.0,56.0,53.41,54.0,-9.0
2383692433_449841139_0,60.0,52.69,53.8,53.82,-7.31
2383692434_6624819431_0,65.0,53.72,54.96,52.95,-11.28
2383692435_2671854951_0,50.0,52.12,49.85,52.6,2.12
2383692435_2383692433_0,55.0,51.54,50.34,52.1,-3.46
2383692437_2671854951_0,45.0,52.45,49.44,52.65,7.45
2383692437_5931135372_0,50.0,52.57,50.75,53.38,2.57
2383692441_5931135371_0,45.0,51.69,50.68,52.8,6.69
2383692441_2671854947_0,45.0,52.56,47.81,52.6,7.56
2383692442_1618940807_0,65.0,53.61,53.68,54.05,-11.39
2383692442_1618940806_0,60.0,53.09,55.13,53.55,-6.91
2383692446_2383692437_0,50.0,52.1,50.92,53.0,2.1
2383692446_2668855685_0,50.0,51.83,48.99,50.78,1.83
2383692448_5931135372_0,50.0,52.37,51.65,53.55,2.37
2383692448_6624819428_0,65.0,54.6,56.45,55.6,-10.4
2383692451_2383692457_0,55.0,51.65,53.12,50.0,-3.35
2383692451_5931135371_0,50.0,51.99,50.86,52.22,1.99
2383692454_2671854947_0,50.0,51.87,49.33,50.21,1.87
2383692454_2383692451_0,50.0,51.83,48.42,52.39,1.83
2383692456_2668855685_0,65.0,54.07,52.88,52.23,-10.93
2383692456_2383692454_0,50.0,51.45,51.45,50.55,1.45
2383692457_2383692456_0,65.0,53.92,53.89,53.03,-11.08
2383701008_2383701009_0,50.0,40.63,51.69,46.3,-9.37
2383701008_4417928549_0,60.0,45.75,52.72,48.35,-14.25
2383701008_1774543275_0,60.0,44.36,52.29,48.0,-15.64
2383701009_2383701008_0,50.0,40.63,51.69,46.3,-9.37
2383731476_4876652148_0,70.0,56.62,65.71,63.05,-13.38
2383731476_387126591_0,70.0,56.72,63.59,62.2,-13.28
2383731476_3731098017_0,70.0,57.19,68.14,65.8,-12.81
2383731480_387126590_0,70.0,57.2,60.16,59.85,-12.8
2383731480_2383731476_0,70.0,56.75,59.27,60.92,-13.25
2383731480_2967666197_0,65.0,57.47,58.93,59.2,-7.53
2386854599_2386854603_0,70.0,56.31,57.25,57.95,-13.69
2386854599_297507681_0,70.0,57.89,57.8,59.75,-12.11
2386854603_297507672_0,70.0,56.05,54.53,55.15,-13.95
2386854603_1326393671_0,65.0,56.79,57.65,57.05,-8.21
2386901856_534014005_0,55.0,41.06,47.59,48.15,-13.94
2386901856_523784046_0,55.0,44.41,48.68,49.65,-10.59
2386901856_1774543365_0,50.0,44.54,46.58,49.1,-5.46
2386901856_2386901858_0,65.0,44.33,46.76,49.15,-20.67
2386901858_1774543398_0,60.0,40.98,47.0,48.02,-19.02
2386901858_2386901856_0,65.0,44.33,46.76,49.15,-20.67
2386901858_534014003_0,65.0,44.06,45.28,49.15,-20.94
2394953480_471514071_0,65.0,47.58,46.57,49.9,-17.42
2394953480_929285381_0,60.0,47.88,48.17,50.65,-12.12
2394954723_471513646_0,65.0,46.5,51.95,50.7,-18.5
2394954723_2394954724_0,65.0,46.67,50.38,49.9,-18.33
2394954724_471513566_0,65.0,46.66,51.96,50.8,-18.34
2394954724_2394954723_0,65.0,46.67,50.38,49.9,-18.33
2402343660_442118241_0,55.0,54.16,53.27,53.5,-0.84
2412335157_3508595333_0,50.0,52.97,56.83,62.7,2.97
2423110134_297498265_0,65.0,57.01,54.11,55.4,-7.99
2423110135_5856195587_0,65.0,57.32,51.74,54.85,-7.68
2423110135_265560701_0,70.0,57.06,50.99,54.5,-12.94
2424320148_11994794456_0,65.0,44.69,51.94,54.99,-20.31
2424320148_529120082_0,65.0,45.1,56.65,57.07,-19.9
2424320148_5838307536_0,60.0,42.93,51.35,53.82,-17.07
2424320149_11994794456_0,65.0,44.72,52.19,55.52,-20.28
2424320149_8027679295_0,60.0,42.6,55.52,53.5,-17.4
2424320149_529120090_0,65.0,44.5,56.14,55.7,-20.5
2424320150_2424320151_0,65.0,44.72,50.98,53.6,-20.28
2424320150_7689416409_0,50.0,42.98,55.3,52.75,-7.02
2424320151_529120091_0,65.0,44.98,49.99,54.3,-20.02
2424320151_3770215594_0,45.0,42.77,53.02,53.05,-2.23
2425946800_2425946801_0,60.0,56.75,57.3,55.3,-3.25
2425946801_297333616_0,65.0,56.54,60.24,58.95,-8.46
2425946801_2425946800_0,60.0,56.75,57.3,55.3,-3.25
2429449111_1843359521_0,60.0,54.14,56.36,56.35,-5.86
2429449111_263854004_0,60.0,54.65,57.07,56.85,-5.35
2429449111_8816925676_0,50.0,50.45,51.87,54.75,0.45
2429482616_2613855808_0,60.0,61.7,47.08,52.85,1.7
2429482619_12759249071_0,60.0,62.07,47.38,53.05,2.07
2429482619_2429482616_0,60.0,61.87,47.92,53.0,1.87
2429502779_4273766352_0,60.0,46.73,54.64,51.63,-13.27
2429502779_2429502780_0,60.0,47.6,56.14,51.75,-12.4
2429502779_1207414656_0,60.0,47.54,58.09,53.43,-12.46
2429502780_2429502779_0,60.0,47.6,56.14,51.75,-12.4
2429502780_3103515129_0,55.0,48.28,56.03,52.25,-6.72
2429510780_621468974_0,65.0,48.32,39.06,41.58,-16.68
2429510780_2429510781_0,60.0,47.43,37.23,39.18,-12.57
2429510780_587664328_0,60.0,48.46,39.1,41.53,-11.54
2429510781_2429510780_0,60.0,47.43,37.23,39.18,-12.57
2429510782_587664328_0,55.0,47.69,39.26,40.88,-7.31
2429513507_1774945556_0,50.0,19.07,50.33,53.0,-30.93
2429513507_1774945570_0,55.0,18.91,49.57,52.7,-36.09
2430216314_1774945546_0,50.0,19.29,49.95,50.22,-30.71
2434268179_12003513372_0,65.0,54.74,54.29,54.58,-10.26
2435856887_2314538230_0,55.0,19.2,52.57,52.07,-35.8
2459974841_440058901_0,60.0,63.45,51.2,54.05,3.45
2459974841_8381403673_0,55.0,62.79,51.05,54.45,7.79
2459974932_2459974941_0,60.0,66.18,42.2,52.75,6.18
2459974932_1207410097_0,60.0,66.77,43.39,52.65,6.77
2459974941_2459974932_0,60.0,66.18,42.2,52.75,6.18
2459974941_2470033442_0,60.0,65.62,47.72,52.15,5.62
2470033420_2470033434_0,50.0,69.33,49.32,57.3,19.33
2470033420_2470033431_0,50.0,67.4,49.42,56.8,17.4
2470033420_2470033431_1,50.0,67.1,49.42,56.8,17.1
2470033431_2470033420_0,50.0,67.4,49.42,56.8,17.4
2470033431_2470033420_1,50.0,67.1,49.42,56.8,17.1
2470033431_2470033434_0,50.0,66.23,52.09,57.4,16.23
2470033434_2470033420_0,50.0,69.33,49.32,57.3,19.33
2470033434_2470033438_0,55.0,68.75,55.6,55.75,13.75
2470033434_2470033431_0,50.0,66.23,52.09,57.4,16.23
2470033438_2470033434_0,55.0,68.75,55.6,55.75,13.75
2470033442_2459974941_0,60.0,65.62,47.72,52.15,5.62
2470033442_2470033450_0,60.0,66.15,48.4,52.0,6.15
2470033450_1207410113_0,55.0,65.57,53.52,53.4,10.57
2470033450_2470033442_0,60.0,66.15,48.4,52.0,6.15
2470033452_2470033458_0,55.0,70.04,55.7,55.8,15.04
2470033457_2470033458_0,50.0,70.17,51.54,57.35,20.17
2470033458_2470033452_0,55.0,70.04,55.7,55.8,15.04
2470033458_2470033457_0,50.0,70.17,51.54,57.35,20.17
2470033458_2470033463_0,50.0,70.18,48.52,57.3,20.18
2470033463_2470033458_0,50.0,70.18,48.52,57.3,20.18
2473409426_1772588208_0,50.0,43.07,47.77,47.8,-6.93
2475257924_11901251844_0,55.0,41.7,53.55,52.5,-13.3
2475257924_11901251826_0,60.0,41.18,52.4,52.45,-18.82
2475769617_2475769628_0,60.0,37.33,49.23,45.48,-22.67
2475769621_11378173579_0,60.0,39.75,48.01,46.76,-20.25
2475769624_11378100068_0,60.0,40.35,47.56,47.0,-19.65
2475769624_11378100064_0,55.0,40.49,47.93,47.0,-14.51
2475769628_2475769617_0,60.0,37.33,49.23,45.48,-22.67
2475769628_2475769629_0,60.0,40.35,48.47,46.26,-19.65
2475769629_11378173583_0,60.0,40.47,47.95,46.5,-19.53
2475769639_2475769624_0,60.0,40.7,47.27,47.0,-19.3
2475769643_11901251826_0,60.0,40.84,48.57,49.52,-19.16
2475769643_2475769639_0,60.0,40.85,47.98,47.06,-19.15
2475769653_3199751514_0,60.0,46.47,52.42,52.05,-13.53
2475769653_9472250384_0,60.0,46.55,55.7,52.7,-13.45
2475769657_2475769665_0,65.0,48.4,52.39,50.55,-16.6
2475769665_2475769670_0,65.0,48.5,52.39,50.5,-16.5
2475769666_482746843_0,65.0,48.47,51.7,50.45,-16.53
2475769670_440051083_0,65.0,50.6,54.61,53.75,-14.4
2475769670_2475769677_0,65.0,48.66,53.33,50.85,-16.34
2475769673_560556834_0,65.0,48.84,51.58,50.05,-16.16
2475769673_2475769666_0,65.0,48.6,52.71,50.35,-16.4
2475769677_2475769673_0,65.0,48.66,52.39,50.35,-16.34
2475769714_13615514513_0,60.0,44.24,47.58,46.79,-15.76
2475769714_13615514512_0,60.0,44.27,47.33,46.26,-15.73
2486116278_1139943615_0,50.0,74.84,50.52,56.37,24.84
2496511377_2496511455_0,50.0,43.11,49.38,52.45,-6.89
2496511377_2496511377_0,50.0,43.36,49.63,52.14,-6.64
2496511377_2496511377_1,50.0,43.36,49.63,52.14,-6.64
2496511402_2496511486_0,50.0,43.96,52.11,54.15,-6.04
2496511455_2496511377_0,50.0,43.11,49.38,52.45,-6.89
2496511455_2496511591_0,50.0,43.82,53.57,54.25,-6.18
2496511455_2496511486_0,60.0,44.29,53.19,54.25,-15.71
2496511486_2496511591_0,60.0,45.37,51.31,53.48,-14.63
2496511486_2496511402_0,50.0,43.96,52.11,54.15,-6.04
2496511486_2496511455_0,60.0,44.29,53.19,54.25,-15.71
2496511572_2496511685_0,50.0,40.7,49.07,53.0,-9.3
2496511591_2496511486_0,60.0,45.37,51.31,53.48,-14.63
2496511591_2496511455_0,50.0,43.82,53.57,54.25,-6.18
2496511591_2585190608_0,60.0,45.98,51.35,53.98,-14.02
2496511622_2496511651_0,60.0,47.02,58.94,56.1,-12.98
2496511651_2496511651_0,60.0,46.58,50.17,54.95,-13.42
2496511651_2496511651_1,60.0,46.58,50.17,54.95,-13.42
2496511651_2496511622_0,60.0,47.02,58.94,56.1,-12.98
2496511685_2585190608_0,60.0,46.6,49.61,53.88,-13.4
2496511685_2496511572_0,50.0,40.7,49.07,53.0,-9.3
2496511726_2496511685_0,55.0,44.87,55.76,54.88,-10.13
2496521499_1768666114_0,50.0,42.63,52.74,52.28,-7.37
2496714488_2559339198_0,50.0,56.53,54.78,55.1,6.53
2496714488_1207414516_0,50.0,56.66,55.11,53.5,6.66
2496714488_2496714492_0,50.0,54.79,54.78,55.05,4.79
2496714492_2496714488_0,50.0,54.79,54.78,55.05,4.79
2496750397_2496750402_0,50.0,70.24,49.02,54.6,20.24
2496750397_1499310063_0,50.0,68.53,62.16,58.95,18.53
2496750402_1748198008_0,50.0,70.52,52.41,54.8,20.52
2496750402_2496750397_0,50.0,70.24,49.02,54.6,20.24
2496768385_1780549231_0,50.0,57.85,48.26,55.05,7.85
2496768405_2496768428_0,50.0,51.79,49.39,55.2,1.79
2496768405_1207410082_0,60.0,52.64,49.37,55.15,-7.36
2496768405_1497981333_0,55.0,56.83,49.08,54.75,1.83
2496768422_2496768428_0,50.0,51.24,49.81,54.65,1.24
2496768423_1780549314_0,50.0,56.06,50.94,54.85,6.06
2496768428_2496768432_0,50.0,51.69,51.69,55.05,1.69
2496768428_2496768405_0,50.0,51.79,49.39,55.2,1.79
2496768428_2496768422_0,50.0,51.24,49.81,54.65,1.24
2496768432_2496768435_0,50.0,50.76,51.11,54.95,0.76
2496768432_2496768428_0,50.0,51.69,51.69,55.05,1.69
2496768432_2496768433_0,50.0,51.04,51.59,54.9,1.04
2496768433_2496768432_0,50.0,51.04,51.59,54.9,1.04
2496768435_2496768432_0,50.0,50.76,51.11,54.95,0.76
2497059574_2383629692_0,50.0,61.02,48.66,52.1,11.02
2497059574_2383629703_0,55.0,63.64,48.87,54.05,8.64
2497072665_534290834_0,60.0,64.1,50.18,54.0,4.1
2497378575_1246618470_0,60.0,49.58,47.82,52.45,-10.42
2497378575_1246618649_0,60.0,48.35,50.95,51.2,-11.65
2497378624_611760600_0,45.0,49.8,54.1,54.95,4.8
2497462440_611760543_0,65.0,56.54,58.39,58.3,-8.46
2497462440_527174837_0,70.0,56.63,58.79,58.05,-13.37
2497462616_1207414628_0,50.0,49.83,56.44,54.0,-0.17
2497684426_2497684435_0,50.0,48.3,49.7,55.9,-1.7
2497684432_2497684440_0,50.0,48.75,50.25,55.8,-1.25
2497684435_2497684426_0,50.0,48.3,49.7,55.9,-1.7
2497684435_2497684440_0,50.0,52.21,48.08,55.05,2.21
2497684435_1518085498_0,50.0,51.21,48.76,55.4,1.21
2497684440_2497684432_0,50.0,48.75,50.25,55.8,-1.25
2497684440_2497684435_0,50.0,52.21,48.08,55.05,2.21
2497684440_2497684446_0,50.0,52.25,48.76,55.3,2.25
2497684446_2497684440_0,50.0,52.25,48.76,55.3,2.25
2500504643_2539427106_0,70.0,58.9,58.11,60.05,-11.1
2503769108_1489191206_0,70.0,52.17,56.12,56.79,-17.83
2504505313_2504505316_0,70.0,59.37,57.06,57.18,-10.63
2504505313_1310125523_0,70.0,59.43,69.4,67.6,-10.57
2504505316_420528889_0,70.0,58.69,57.76,57.6,-11.31
2504505316_2504505313_0,70.0,59.37,57.06,57.18,-10.63
2507825498_2539433672_0,65.0,57.14,58.45,58.5,-7.86
2507825498_2507825499_0,65.0,56.86,55.15,55.62,-8.14
2507825499_1619563456_0,65.0,56.26,53.48,56.68,-8.74
2508187675_2508187691_0,70.0,57.01,55.53,56.25,-12.99
2508187675_2508187681_0,70.0,63.61,58.22,60.18,-6.39
2508187681_297333640_0,70.0,62.84,58.79,61.12,-7.16
2508187683_2508187691_0,70.0,56.86,55.55,56.15,-13.14
2508187683_2508187681_0,70.0,56.83,56.73,56.5,-13.17
2508187691_2508187683_0,60.0,56.55,56.03,56.15,-3.45
2512646594_1068492408_0,65.0,56.87,56.82,55.9,-8.13
2512646594_2512646596_0,60.0,56.18,55.54,54.8,-3.82
2512646596_2512646594_0,60.0,56.18,55.54,54.8,-3.82
2512650119_1619563460_0,55.0,54.23,56.19,53.26,-0.77
2533625125_471791927_0,75.0,62.45,59.37,58.9,-12.55
2538388689_2538388719_0,50.0,49.26,42.65,41.69,-0.74
2538388696_2538388689_0,55.0,49.62,41.7,42.24,-5.38
2538388719_2538388722_0,50.0,49.47,40.56,41.23,-0.53
2538388719_2095990848_0,50.0,51.51,41.28,46.17,1.51
2538388719_2538388689_0,50.0,49.26,42.65,41.69,-0.74
2538388722_2538388719_0,50.0,49.47,40.56,41.23,-0.53
2538390758_2538390764_0,50.0,49.17,42.96,41.51,-0.83
2538390764_621469177_0,65.0,50.14,44.07,44.47,-14.86
2538390764_2538390758_0,50.0,49.17,42.96,41.51,-0.83
2539427106_297326121_0,65.0,56.95,57.11,58.4,-8.05
2539427106_2539433672_0,65.0,58.71,58.15,60.0,-6.29
2539433672_2539433675_0,70.0,58.65,58.25,59.4,-11.35
2539433675_4030062613_0,70.0,59.38,60.14,59.8,-10.62
2539433675_2539433677_0,70.0,58.68,58.62,59.3,-11.32
2539433677_297326169_0,70.0,59.24,60.48,59.75,-10.76
2554593015_297340095_0,75.0,61.22,65.4,64.85,-13.78
2554593015_2868039061_0,75.0,65.23,66.39,65.4,-9.77
2554593016_625896619_0,65.0,60.63,61.89,58.72,-4.37
2554593016_625896549_0,65.0,60.2,61.92,57.45,-4.8
2559339198_2496714488_0,50.0,56.53,54.78,55.1,6.53
2559352042_440058886_0,60.0,65.09,53.96,55.25,5.09
2559352042_440058880_0,60.0,66.02,60.0,55.85,6.02
2561053427_933480040_0,70.0,56.75,56.74,57.65,-13.25
2561053434_5362161584_0,70.0,56.97,62.07,58.57,-13.03
2569655239_3835893276_0,50.0,43.36,50.32,55.05,-6.64
2569655239_2569655244_0,45.0,41.66,52.05,55.23,-3.34
2569655244_3835893278_0,50.0,40.1,53.98,55.05,-9.9
2569655244_2569655239_0,45.0,41.66,52.05,55.23,-3.34
2584234340_4182104370_0,65.0,54.7,49.1,51.6,-10.3
2584234878_8540681778_0,70.0,55.72,52.63,52.0,-14.28
2584234878_2584234340_0,70.0,55.61,55.49,55.81,-14.39
2584374412_252756460_0,65.0,57.73,56.1,56.82,-7.27
2585190608_2496511685_0,60.0,46.6,49.61,53.88,-13.4
2585190608_2585190610_0,55.0,44.77,56.08,54.78,-10.23
2585190608_2496511591_0,60.0,45.98,51.35,53.98,-14.02
2585197367_2585197369_0,45.0,56.91,52.83,52.4,11.91
2585197369_2585197367_0,45.0,56.91,52.83,52.4,11.91
2593879693_263336765_0,70.0,62.16,61.37,62.75,-7.84
2593879693_1307751436_0,70.0,63.2,64.51,63.85,-6.8
2593879693_1843584006_0,75.0,62.01,64.67,63.1,-12.99
2594285269_4182090296_0,55.0,63.53,63.81,65.05,8.53
2594320108_470619042_0,75.0,62.53,57.98,59.24,-12.47
2594320108_2594320117_0,65.0,58.02,58.35,58.05,-6.98
2594320117_9549383406_0,75.0,62.35,63.61,63.15,-12.65
2594333340_2594333341_0,65.0,59.02,57.17,55.9,-5.98
2594333340_248924096_0,65.0,59.72,59.04,58.4,-5.28
2594333341_2594333342_0,70.0,60.64,59.49,59.75,-9.36
2594333341_5165214122_0,65.0,58.83,53.85,56.85,-6.17
2594333342_2594333345_0,75.0,61.21,60.79,60.45,-13.79
2594333342_274101243_0,70.0,65.29,58.79,61.75,-4.71
2594333345_302889889_0,70.0,63.57,63.17,63.25,-6.43
2594371700_30389401_0,75.0,63.25,61.36,57.7,-11.75
2594371707_2349442511_0,75.0,64.43,63.88,63.7,-10.57
2603490351_2603490356_0,60.0,54.92,46.9,50.05,-5.08
2603490356_369648379_0,65.0,54.68,48.24,49.75,-10.32
2603490356_2603490351_0,60.0,54.92,46.9,50.05,-5.08
2603492031_369648422_0,55.0,54.4,49.45,50.65,-0.6
2605946384_7673218709_0,65.0,56.38,55.36,56.45,-8.62
2605946384_2605946384_0,65.0,56.2,52.69,54.7,-8.8
2606288367_2606288677_0,70.0,56.96,61.91,58.3,-13.04
2606288367_1246618538_0,70.0,57.24,63.79,58.85,-12.76
2606288367_2609484180_0,60.0,54.34,58.21,57.2,-5.66
2606288492_2610370155_0,60.0,53.61,46.25,49.3,-6.39
2606288546_2606288637_0,60.0,54.03,47.83,48.9,-5.97
2606288637_2606288677_0,60.0,54.7,57.63,57.35,-5.3
2606288637_2609484180_0,60.0,52.46,49.04,48.45,-7.54
2606288677_452112301_0,70.0,57.01,64.11,58.75,-12.99
2606288677_2606288367_0,70.0,56.96,61.91,58.3,-13.04
2609484177_2606288546_0,60.0,54.27,48.91,49.3,-5.73
2609484177_427784835_0,60.0,54.34,48.49,50.75,-5.66
2609484180_2610370155_0,60.0,53.95,48.97,49.55,-6.05
2609492777_2026401392_0,65.0,53.56,49.86,48.65,-11.44
2609492798_2609492837_0,65.0,57.11,59.69,59.4,-7.89
2609492832_2609492834_0,60.0,55.29,58.73,54.8,-4.71
2609492834_2026401407_0,65.0,55.55,58.65,57.7,-9.45
2609492834_2609492832_0,60.0,55.29,58.73,54.8,-4.71
2609492837_2609492834_0,65.0,55.43,58.47,57.55,-9.57
2609492837_2026401407_0,65.0,57.34,59.55,59.3,-7.66
2609514960_2072249249_0,50.0,56.0,57.11,54.4,6.0
2609514960_1537860550_0,50.0,53.72,55.93,54.9,3.72
2609531166_1537860545_0,60.0,55.82,59.29,57.3,-4.18
2609531166_2065686684_0,60.0,55.69,58.8,59.0,-4.31
2610370155_2606288546_0,55.0,52.58,48.27,48.6,-2.42
2610370155_2606288492_0,60.0,53.61,46.25,49.3,-6.39
2612025482_420837247_0,65.0,55.98,55.37,52.28,-9.02
2613855148_2613855150_0,55.0,63.89,45.77,52.25,8.89
2613855148_534290831_0,60.0,63.98,47.91,52.9,3.98
2613855150_534290855_0,60.0,63.51,48.93,52.7,3.51
2613855806_534290822_0,60.0,62.64,45.55,51.0,2.64
2613855806_2613855808_0,60.0,61.93,46.64,48.85,1.93
2613855808_2382792288_0,60.0,62.23,45.32,53.0,2.23
2615335252_10204972610_0,70.0,59.36,58.65,61.55,-10.64
2615335252_296376073_0,70.0,61.17,60.78,61.65,-8.83
2615469149_2015310583_0,55.0,56.51,54.66,54.63,1.51
2615492702_3722113758_0,60.0,55.44,53.09,56.05,-4.56
2615492702_263781843_0,75.0,57.68,58.64,58.1,-17.32
2617154344_2609514960_0,50.0,55.59,58.57,55.4,5.59
2618691867_263710871_0,65.0,59.0,63.17,59.5,-6.0
2618691867_243465469_0,70.0,58.95,62.02,58.9,-11.05
2632515539_1111816030_0,55.0,56.33,63.76,64.4,1.33
2632515539_3887557684_0,50.0,56.49,64.31,64.3,6.49
2632515804_1111816150_0,55.0,56.73,64.13,64.4,1.73
2632515804_587661905_0,50.0,56.9,64.53,64.3,6.9
2632520770_1111816110_0,50.0,58.36,65.88,64.3,8.36
2632520770_1129726672_0,50.0,58.69,68.11,64.3,8.69
2634978740_263326054_0,70.0,59.4,61.01,59.4,-10.6
2634978740_3193942129_0,70.0,58.18,59.45,59.55,-11.82
2667142701_2667142702_0,70.0,55.15,53.86,56.05,-14.85
2667142701_13375692151_0,70.0,55.47,53.93,56.05,-14.53
2667142701_8623192980_0,65.0,55.29,51.64,55.8,-9.71
2667142702_2667142701_0,70.0,55.15,53.86,56.05,-14.85
2667308282_296404711_0,65.0,54.6,49.93,52.22,-10.4
2667355396_2383568494_0,65.0,56.63,52.64,56.15,-8.37
2667360440_13672081047_0,65.0,58.97,57.73,57.85,-6.03
2667360440_248951002_0,65.0,58.12,58.21,58.5,-6.88
2667360441_13672081046_0,65.0,58.04,57.11,56.27,-6.96
2667360441_248932627_0,65.0,58.51,64.59,60.3,-6.49
2667364491_469993760_0,65.0,56.63,54.3,57.25,-8.37
2667364491_2667395111_0,60.0,55.55,60.33,58.65,-4.45
2667395111_274103528_0,70.0,59.72,61.17,61.05,-10.28
2668855685_2383692448_0,65.0,54.49,54.46,54.95,-10.51
2669196538_1328388829_0,60.0,50.72,47.64,48.25,-9.28
2669196538_2669196538_0,55.0,50.92,47.45,49.3,-4.08
2669196538_2669196538_1,55.0,50.92,47.45,49.3,-4.08
2669267605_1384903695_0,50.0,49.56,45.62,50.31,-0.44
2669267605_641358906_0,65.0,52.92,52.43,54.8,-12.08
2669276632_420684730_0,65.0,54.88,57.0,55.55,-10.12
2669276632_6332140526_0,65.0,54.74,57.96,56.1,-10.26
2669281786_2068744942_0,60.0,56.3,58.23,56.35,-3.7
2671566081_2671568140_0,45.0,50.19,54.35,52.2,5.19
2671566081_1945838429_0,45.0,51.17,53.76,53.56,6.17
2671566085_2671566081_0,50.0,50.86,53.92,54.45,0.86
2671566085_2671571350_0,65.0,53.08,54.36,54.85,-11.92
2671566092_2671566095_0,50.0,50.66,55.55,53.66,0.66
2671566092_666992546_0,60.0,52.61,56.43,55.15,-7.39
2671566095_2671568140_0,45.0,50.18,54.17,51.4,5.18
2671566095_2671568180_0,50.0,50.94,56.81,53.98,0.94
2671566098_2671566095_0,50.0,51.03,56.21,54.1,1.03
2671566098_2671574875_0,65.0,53.49,56.5,55.57,-11.51
2671568140_449842511_0,60.0,53.28,56.28,53.85,-6.72
2671568140_666992546_0,60.0,52.76,57.05,53.7,-7.24
2671568180_2671566092_0,65.0,52.78,61.17,56.52,-12.22
2671571350_449842511_0,65.0,53.01,56.8,54.45,-11.99
2671571352_2671571350_0,55.0,51.26,55.65,53.76,-3.74
2671571352_4450358606_0,65.0,52.63,55.62,56.0,-12.37
2671571354_1618940787_0,65.0,52.91,57.43,55.95,-12.09
2671571356_2671566085_0,65.0,53.1,54.41,55.25,-11.9
2671571356_2671571354_0,55.0,51.7,54.12,54.85,-3.3
2671574873_2671574875_0,60.0,51.53,55.91,53.6,-8.47
2671574873_4450362763_0,65.0,53.27,56.05,56.18,-11.73
2671574875_449842875_0,65.0,53.13,57.66,55.97,-11.87
2671574877_2671566098_0,65.0,53.31,54.5,55.35,-11.69
2671574877_2671574879_0,55.0,51.82,54.99,54.35,-3.18
2671574879_422881395_0,65.0,54.17,56.52,57.7,-10.83
2671854947_2383692446_0,50.0,52.67,49.44,52.38,2.67
2671854951_2671854952_0,50.0,51.68,51.87,53.08,1.68
2671854951_2383692435_0,50.0,52.12,49.85,52.6,2.12
2671854952_2383692441_0,45.0,52.59,48.99,52.12,7.59
2679398517_436615375_0,65.0,58.87,59.33,59.4,-6.13
2679398519_436612607_0,65.0,58.91,57.85,58.9,-6.09
2679399661_369648452_0,65.0,54.98,49.4,50.95,-10.02
2700649121_762058828_0,65.0,54.21,49.26,49.95,-10.79
2700649121_762058881_0,65.0,54.4,51.81,50.88,-10.6
2700649121_4616613420_0,60.0,54.4,49.71,48.15,-5.6
2813590086_248808685_0,55.0,54.4,51.19,49.88,-0.6
2868039058_471339973_0,70.0,59.09,57.53,56.13,-10.91
2868039058_2868039060_0,70.0,60.31,56.74,56.82,-9.69
2868039059_2868039058_0,65.0,60.38,60.87,57.44,-4.62
2868039059_297326188_0,75.0,65.12,60.01,59.42,-9.88
2868039060_2868039058_0,70.0,60.31,56.74,56.82,-9.69
2868039060_297340096_0,70.0,60.55,59.06,58.27,-9.45
2868039060_2868039061_0,65.0,59.69,57.95,57.5,-5.31
2868039061_2868039059_0,75.0,64.51,61.26,59.85,-10.49
2934091316_2934091321_0,65.0,50.41,49.79,52.05,-14.59
2934091316_2934091329_0,65.0,50.39,52.89,52.1,-14.61
2934091321_2934091361_0,65.0,50.88,52.17,54.45,-14.12
2934091329_12372438887_0,60.0,49.79,54.04,54.8,-10.21
2934091329_2934091321_0,65.0,50.2,50.84,52.3,-14.8
2934091347_11375426541_0,65.0,50.26,51.29,52.4,-14.74
2934091358_12372438887_0,60.0,49.02,52.94,52.7,-10.98
2934091358_12372438876_0,60.0,48.92,52.94,52.8,-11.08
2934091358_12372438871_0,60.0,48.83,52.22,52.75,-11.17
2934091361_2934091416_0,65.0,51.42,50.44,52.95,-13.58
2934091361_482747681_0,65.0,51.18,50.51,53.35,-13.82
2934091388_2934091395_0,70.0,51.79,50.72,53.0,-18.21
2934091388_2934091416_0,70.0,51.84,50.18,53.55,-18.16
2934091395_482742765_0,65.0,51.84,51.61,53.05,-13.16
2934091407_768758547_0,70.0,48.62,49.84,52.2,-21.38
2934091416_2934091513_0,70.0,53.6,54.04,53.95,-16.4
2934091431_567214332_0,65.0,50.66,51.34,51.35,-14.34
2934091458_2934091481_0,70.0,51.14,51.31,53.7,-18.86
2934091462_12372438848_0,60.0,51.06,52.01,52.2,-8.94
2934091462_12372438856_0,60.0,51.33,52.01,52.6,-8.67
2934091462_12372438851_0,60.0,51.12,52.19,52.2,-8.88
2934091465_7171520388_0,65.0,49.01,55.49,53.65,-15.99
2934091465_2934091480_0,65.0,48.96,55.52,53.6,-16.04
2934091475_561374837_0,60.0,49.31,55.72,53.0,-10.69
2934091477_482738780_0,65.0,53.68,55.89,54.15,-11.32
2934091477_12180084775_0,65.0,53.62,56.44,53.5,-11.38
2934091480_7335201274_0,60.0,49.16,55.23,53.75,-10.84
2934091481_2934152769_0,65.0,51.09,47.41,51.9,-13.91
2934091481_440051094_0,65.0,53.31,54.77,54.65,-11.69
2934091486_3491361982_0,65.0,48.73,55.0,52.6,-16.27
2934091486_7399136406_0,65.0,50.27,55.5,52.5,-14.73
2934091488_12786990600_0,65.0,50.94,48.14,52.35,-14.06
2934091488_2934091431_0,65.0,51.35,51.37,53.95,-13.65
2934091491_7171520388_0,65.0,49.17,55.37,53.75,-15.83
2934091491_2934091503_0,65.0,49.1,55.23,53.55,-15.9
2934091492_2934091458_0,65.0,50.15,48.4,53.1,-14.85
2934091492_567214281_0,70.0,50.36,51.63,52.9,-19.64
2934091503_561386392_0,60.0,49.61,54.82,53.2,-10.39
2934091506_769140892_0,60.0,48.69,56.44,53.95,-11.31
2934091506_2934091475_0,60.0,48.81,55.8,53.5,-11.19
2934091512_2934091526_0,65.0,54.92,56.57,53.4,-10.08
2934091512_12372438856_0,60.0,53.02,56.7,54.2,-6.98
2934091513_2934091526_0,65.0,55.07,53.9,53.38,-9.93
2934091513_2934091512_0,65.0,54.65,56.69,53.3,-10.35
2934091523_2934091475_0,65.0,49.03,55.75,53.75,-15.97
2934091523_2934091506_0,60.0,48.78,55.76,53.4,-11.22
2934091523_7171520388_0,65.0,49.09,55.21,53.85,-15.91
2934091526_488528094_0,65.0,55.38,57.05,53.98,-9.62
2934091669_2934152782_0,65.0,54.87,52.89,51.5,-10.13
2934091678_440051104_0,65.0,56.3,52.51,53.6,-8.7
2934091678_2934091669_0,65.0,56.12,53.19,51.7,-8.88
2934091688_2934091689_0,65.0,55.67,47.19,53.95,-9.33
2934091688_2934091688_0,60.0,55.47,54.44,54.75,-4.53
2934091689_2934091690_0,65.0,55.74,47.75,52.4,-9.26
2934091689_2934091697_0,65.0,56.01,49.68,51.95,-8.99
2934091690_2934091689_0,60.0,55.65,51.15,53.8,-4.35
2934091697_2934091678_0,65.0,56.33,49.85,51.85,-8.67
2934091699_588951378_0,65.0,54.29,51.54,52.0,-10.71
2934091699_2934091712_0,65.0,53.54,50.23,52.7,-11.46
2934091700_2934091697_0,70.0,57.11,52.13,52.3,-12.89
2934091700_2934091690_0,65.0,56.85,52.15,52.21,-8.15
2934091712_4209769048_0,60.0,54.52,49.78,52.4,-5.48
2934091712_588951378_0,65.0,54.44,52.3,52.05,-10.56
2934091724_7335201274_0,60.0,48.42,53.79,53.0,-11.58
2934091724_561386359_0,60.0,51.11,55.46,52.65,-8.89
2934091814_588952317_0,60.0,54.17,54.71,52.55,-5.83
2934091814_4209769048_0,60.0,54.25,55.36,52.35,-5.75
2934129620_2934091395_0,70.0,51.89,50.09,53.45,-18.11
2934129620_2934129673_0,65.0,52.39,47.49,51.95,-12.61
2934129633_3491362602_0,70.0,48.23,54.28,53.1,-21.77
2934129640_2934129620_0,70.0,52.23,49.52,53.75,-17.77
2934129640_2934129673_0,60.0,52.66,46.98,52.05,-7.34
2934129667_2934129684_0,65.0,50.57,51.3,51.85,-14.43
2934129667_560570356_0,65.0,51.15,51.56,52.1,-13.85
2934129673_2934129640_0,60.0,52.66,46.98,52.05,-7.34
2934129673_440051112_0,65.0,54.45,53.96,55.0,-10.55
2934129673_2934129620_0,65.0,52.39,47.49,51.95,-12.61
2934129684_768762754_0,65.0,49.1,52.61,52.9,-15.9
2934129801_560570324_0,65.0,51.66,52.32,51.85,-13.34
2934152769_2934152774_0,65.0,50.9,47.15,51.95,-14.1
2934152769_2934091481_0,65.0,51.09,47.41,51.9,-13.91
2934152769_2934152770_0,65.0,47.99,44.24,45.25,-17.01
2934152769_2934152780_0,65.0,50.97,44.44,48.4,-14.03
2934152770_2934152774_0,65.0,48.29,45.36,45.14,-16.71
2934152770_2934152781_0,65.0,48.75,44.72,45.0,-16.25
2934152770_2934152769_0,65.0,47.99,44.24,45.25,-17.01
2934152774_2934152780_0,65.0,50.83,43.63,48.09,-14.17
2934152774_2934152770_0,65.0,48.29,45.36,45.14,-16.71
2934152774_2934152781_0,65.0,51.53,48.47,51.95,-13.47
2934152774_2934152769_0,65.0,50.9,47.15,51.95,-14.1
2934152780_2934152774_0,65.0,50.83,43.63,48.09,-14.17
2934152780_2934152769_0,65.0,50.97,44.44,48.4,-14.03
2934152780_2934152781_0,65.0,51.43,47.84,52.2,-13.57
2934152781_2934152782_0,65.0,52.47,52.36,53.75,-12.53
2934152781_2934152774_0,65.0,51.53,48.47,51.95,-13.47
2934152781_2934152780_0,65.0,51.43,47.84,52.2,-13.57
2934152781_2934152770_0,65.0,48.75,44.72,45.0,-16.25
2934152782_2934152781_0,65.0,52.47,52.36,53.75,-12.53
2934152782_2934129801_0,65.0,52.68,53.26,50.9,-12.32
2934163063_2934163077_0,55.0,54.73,48.98,53.05,-0.27
2934163063_2934163069_0,60.0,48.52,47.65,52.65,-11.48
2934163069_2934163076_0,60.0,49.19,49.23,52.25,-10.81
2934163076_2934163077_0,60.0,50.15,47.64,52.35,-9.85
2934163076_12786990600_0,60.0,50.79,49.71,52.5,-9.21
2934163077_1139943613_0,60.0,57.39,57.62,55.15,-2.61
2935408160_1326393369_0,70.0,59.27,67.07,61.75,-10.73
2935408163_1843584035_0,70.0,60.71,66.49,62.65,-9.29
2935408166_2935408163_0,70.0,59.26,65.13,60.15,-10.74
2935408166_1843584027_0,70.0,58.84,64.72,60.0,-11.16
2935408168_2935408166_0,70.0,59.11,63.44,60.15,-10.89
2935408171_2935408168_0,65.0,58.86,65.36,61.0,-6.14
2935408171_2026401441_0,65.0,56.9,63.73,59.95,-8.1
2935408193_2935408195_0,65.0,55.79,59.76,58.98,-9.21
2935408193_8848945342_0,65.0,55.93,59.63,59.34,-9.07
2935408195_2026401459_0,65.0,55.95,59.6,58.68,-9.05
2935408195_2026401466_0,65.0,55.68,55.01,54.15,-9.32
2935408198_2935408193_0,65.0,55.92,60.41,59.58,-9.08
2964238074_6346130516_0,70.0,63.87,64.68,62.88,-6.13
2964238074_41145914_0,70.0,62.18,66.72,63.5,-7.82
2967666197_387126587_0,70.0,57.97,62.36,59.9,-12.03
2967666197_2383731480_0,65.0,57.47,58.93,59.2,-7.53
2967666197_13418777942_0,65.0,56.68,57.66,57.35,-8.32
2967941398_1128031341_0,80.0,64.1,63.9,64.35,-15.9
2967941402_263301837_0,80.0,66.22,62.33,65.2,-13.78
2967961972_264100213_0,75.0,60.96,61.39,58.15,-14.04
2968096481_264528885_0,70.0,56.21,60.11,57.0,-13.79
2968096481_43390547_0,75.0,60.06,65.43,62.2,-14.94
2973004339_1246745166_0,75.0,58.25,66.0,63.3,-16.75
2973004339_6423134704_0,65.0,57.51,67.8,62.2,-7.49
2973704741_471512364_0,75.0,56.77,61.41,59.22,-18.23
2973934772_11476802289_0,70.0,60.24,62.44,60.6,-9.76
2973934772_2973934773_0,70.0,61.38,61.31,60.75,-8.62
2973934773_296897106_0,70.0,64.11,61.16,62.5,-5.89
2976111766_534290829_0,55.0,64.5,52.56,53.75,9.5
2985726150_2985726151_0,65.0,56.76,65.17,64.76,-8.24
2985726151_258371201_0,60.0,56.66,64.41,64.76,-3.34
2985726151_258371206_0,65.0,53.29,61.19,55.45,-11.71
2985726151_13316348288_0,60.0,55.93,65.17,65.55,-4.07
2985755663_2985755667_0,60.0,60.29,65.06,63.09,0.29
2985755667_297339967_0,65.0,57.1,60.04,58.0,-7.9
2985755667_263268789_0,60.0,60.86,61.33,61.46,0.86
2985784586_264045704_0,70.0,55.73,68.02,65.85,-14.27
2985784586_248951091_0,75.0,62.75,63.98,64.55,-12.25
2990545438_7472041804_0,65.0,57.61,66.54,62.2,-7.39
2990545438_158680082_0,70.0,64.75,68.43,64.95,-5.25
2990545439_30389461_0,70.0,58.28,68.96,61.55,-11.72
2990545439_2990545438_0,70.0,65.45,68.46,64.75,-4.55
2990545450_7472041811_0,65.0,57.15,61.47,60.95,-7.85
2990545450_2990545439_0,70.0,65.4,64.85,64.55,-4.6
2998261354_266330678_0,65.0,57.26,66.68,59.9,-7.74
2998261354_266330686_0,70.0,57.9,63.3,58.75,-12.1
3012447910_1561547611_0,55.0,54.11,54.72,52.7,-0.89
3049220536_264098982_0,65.0,58.92,60.55,57.18,-6.08
3049220536_5794188264_0,65.0,60.36,62.97,59.95,-4.64
3049220536_264098913_0,70.0,60.62,63.62,62.25,-9.38
3056557938_248093921_0,55.0,53.83,53.37,51.3,-1.17
3056557938_3056557944_0,65.0,55.69,57.45,55.8,-9.31
3056557944_248093945_0,70.0,59.17,58.12,59.5,-10.83
3057860401_3057860404_0,70.0,56.52,60.08,57.97,-13.48
3057860404_265560588_0,70.0,57.29,58.92,59.35,-12.71
3057860404_3057860401_0,70.0,56.53,60.04,57.97,-13.47
3059637519_1386854348_0,65.0,46.22,54.45,56.6,-18.78
3059642555_956426933_0,60.0,46.91,51.02,54.45,-13.09
3059642558_960930762_0,60.0,46.74,49.09,54.25,-13.26
3059642559_3059642558_0,60.0,46.87,51.21,54.35,-13.13
3059642559_3059642555_0,60.0,47.0,50.74,54.3,-13.0
3059642563_956427098_0,60.0,47.55,50.89,54.45,-12.45
3059642563_9038203861_0,60.0,47.43,52.48,54.55,-12.57
3059642564_956427098_0,60.0,47.38,52.67,54.35,-12.62
3059642564_9038203850_0,55.0,47.34,52.81,54.45,-7.66
3059642568_1560708549_0,60.0,48.61,53.54,54.4,-11.39
3059642568_1560708517_0,60.0,48.71,50.54,54.35,-11.29
3073671834_3073671836_0,60.0,55.13,57.63,55.12,-4.87
3073671836_264537418_0,65.0,60.11,60.02,59.45,-4.89
3073671836_3073671834_0,60.0,55.13,57.63,55.12,-4.87
3078312701_265563564_0,65.0,55.14,58.12,57.77,-9.86
3090285565_248951007_0,65.0,58.35,59.38,59.7,-6.65
3094916259_936038100_0,65.0,58.3,56.11,55.4,-6.7
3094936156_4737209824_0,65.0,57.27,63.54,59.8,-7.73
3094936156_3094936157_0,65.0,57.44,56.48,55.7,-7.56
3094936157_265560616_0,70.0,57.55,59.87,57.2,-12.45
3103515129_2429502780_0,55.0,48.28,56.03,52.25,-6.72
3103515129_3103515229_0,55.0,45.97,52.85,52.4,-9.03
3103515129_4947802351_0,60.0,47.99,64.92,58.8,-12.01
3103515229_3103515129_0,55.0,45.97,52.85,52.4,-9.03
3103515229_3103515530_0,50.0,42.44,49.59,52.95,-7.56
3103515229_3103515529_0,50.0,41.35,45.16,49.0,-8.65
3103515529_3103515229_0,50.0,41.35,45.16,49.0,-8.65
3103515530_3103515229_0,50.0,42.44,49.59,52.95,-7.56
3142321607_3142321608_0,65.0,50.32,55.37,53.1,-14.68
3142321607_1139943570_0,65.0,50.62,53.82,53.3,-14.38
3142321608_3142321607_0,65.0,50.32,55.37,53.1,-14.68
3142321608_2934163069_0,65.0,48.62,49.78,52.45,-16.38
3143469869_1950857623_0,60.0,55.65,54.53,54.0,-4.35
3143469869_1950857577_0,65.0,55.43,53.43,54.2,-9.57
3143469869_1950857621_0,60.0,55.24,55.87,54.25,-4.76
3145787533_1619563490_0,70.0,64.41,62.27,60.35,-5.59
3193942120_263326054_0,70.0,57.93,60.53,58.75,-12.07
3193942120_3193942129_0,70.0,58.31,59.08,58.5,-11.69
3193942129_287940730_0,70.0,58.43,60.62,57.8,-11.57
3193942129_264103278_0,65.0,57.7,58.24,56.75,-7.3
3199751497_9472250384_0,65.0,46.1,53.82,53.45,-18.9
3199751497_2475769653_0,60.0,45.96,50.61,53.4,-14.04
3199751500_8939816414_0,60.0,45.53,51.35,52.4,-14.47
3199751503_3199751500_0,65.0,46.61,54.12,52.65,-18.39
3199751503_2475769653_0,60.0,46.61,54.2,52.7,-13.39
3199751514_2475769653_0,60.0,46.47,52.42,52.05,-13.53
3199751514_13615514513_0,60.0,45.09,46.32,50.7,-14.91
3199751514_3199751500_0,60.0,46.57,55.78,52.45,-13.43
3199771585_11390284674_0,65.0,48.36,52.98,54.0,-16.64
3199771585_3199771590_0,65.0,48.65,49.23,52.15,-16.35
3199771585_11390206566_0,65.0,48.28,52.9,54.0,-16.72
3199771586_3199771598_0,65.0,48.58,52.58,52.15,-16.42
3199771586_3199771600_0,65.0,48.15,52.79,51.75,-16.85
3199771586_3199771600_1,65.0,48.27,53.4,51.8,-16.73
3199771590_3199771585_0,65.0,48.65,49.23,52.15,-16.35
3199771590_11506222210_0,65.0,48.51,51.23,52.05,-16.49
3199771598_11375426533_0,65.0,49.16,52.56,51.85,-15.84
3199771598_3199771586_0,65.0,48.58,52.58,52.15,-16.42
3199771598_3199771601_0,60.0,49.89,52.68,51.9,-10.11
3199771599_560553887_0,65.0,49.89,58.07,54.8,-15.11
3199771599_3199771603_0,60.0,51.62,58.61,54.1,-8.38
3199771599_13032082619_0,50.0,48.85,56.0,54.05,-1.15
3199771600_3199771601_0,65.0,50.17,54.36,52.0,-14.83
3199771600_3199771586_0,65.0,48.15,52.79,51.75,-16.85
3199771600_3199771586_1,65.0,48.27,53.4,51.8,-16.73
3199771601_560540423_0,65.0,51.35,59.4,53.6,-13.65
3199771601_3199771600_0,65.0,50.17,54.36,52.0,-14.83
3199771601_3199771598_0,60.0,49.89,52.68,51.9,-10.11
3199771602_3199771603_0,60.0,51.88,58.0,53.3,-8.12
3199771602_560553894_0,65.0,51.95,58.87,53.35,-13.05
3199771603_3199771599_0,60.0,51.62,58.61,54.1,-8.38
3199771603_3199771602_0,60.0,51.88,58.0,53.3,-8.12
3199771603_3199771607_0,65.0,52.77,57.94,54.15,-12.23
3199771607_3199771608_0,65.0,53.5,58.42,54.7,-11.5
3199771607_482738787_0,60.0,53.67,56.52,53.85,-6.33
3199771607_3199771603_0,65.0,52.77,57.94,54.15,-12.23
3199771608_3199771607_0,65.0,53.5,58.42,54.7,-11.5
3205898462_534290846_0,60.0,62.63,51.67,54.55,2.63
3205898462_3205929561_0,45.0,61.93,49.16,54.8,16.93
3205929561_3205898462_0,45.0,61.93,49.16,54.8,16.93
3206421653_769140898_0,70.0,60.48,62.17,59.45,-9.52
3206421653_12078769254_0,60.0,56.77,58.17,55.8,-3.23
3220213881_482742781_0,65.0,50.95,50.8,52.55,-14.05
3220213882_11506222210_0,65.0,49.12,51.04,51.9,-15.88
3220213882_3220213881_0,65.0,49.73,55.75,52.15,-15.27
3263714563_933299397_0,75.0,62.85,65.17,64.2,-12.15
3325089275_30389407_0,75.0,68.27,65.7,65.55,-6.73
3325089275_259474515_0,75.0,61.95,65.29,64.9,-13.05
3325093687_259474524_0,80.0,59.55,62.63,60.35,-20.45
3325093687_263689610_0,80.0,66.54,62.72,61.25,-13.46
3352226702_2314087300_0,55.0,25.46,61.07,54.9,-29.54
3363413588_442594975_0,50.0,59.02,70.67,68.6,9.02
3374103208_3374103209_0,55.0,42.8,57.1,53.65,-12.2
3374103209_3374103215_0,55.0,42.79,54.98,53.35,-12.21
3374103209_3374103208_0,55.0,42.8,57.1,53.65,-12.2
3374103212_3374103215_0,55.0,42.87,55.31,53.85,-12.13
3374103212_3374103209_0,55.0,42.84,54.56,53.6,-12.16
3374103215_3374103224_0,55.0,42.87,56.72,56.14,-12.13
3374103218_1152874517_0,50.0,43.08,53.13,52.85,-6.92
3374103218_3374103212_0,55.0,43.16,54.31,52.63,-11.84
3374103224_3374103218_0,55.0,43.12,58.94,55.39,-11.88
3374103224_3374103225_0,60.0,43.25,55.21,56.89,-16.75
3374103225_310243598_0,65.0,48.07,54.21,58.78,-16.93
3374103225_3374103224_0,60.0,43.25,55.21,56.89,-16.75
3377950886_30438549_0,75.0,64.81,61.67,62.85,-10.19
3398799954_3398802451_0,55.0,57.62,58.43,58.8,2.62
3398799954_12496618665_0,60.0,55.96,58.61,58.45,-4.04
3398799955_12496618665_0,70.0,58.07,63.15,60.0,-11.93
3398799955_1326393197_0,70.0,58.38,63.55,63.0,-11.62
3398799955_3398800284_0,60.0,55.94,63.81,58.3,-4.06
3398800283_3398800284_0,55.0,58.04,65.67,62.25,3.04
3398800283_4287806521_0,60.0,64.08,67.64,64.06,4.08
3398800284_3398799954_0,55.0,57.41,61.29,58.95,2.41
3398802450_3398802451_0,60.0,56.1,59.62,58.4,-3.9
3398802450_421412427_0,60.0,54.39,59.88,58.05,-5.61
3398802451_3398830101_0,55.0,56.09,58.93,58.8,1.09
3398802451_926997691_0,60.0,57.21,58.92,58.75,-2.79
3398814046_3398800283_0,55.0,63.83,65.76,64.05,8.83
3398830101_427785047_0,55.0,55.43,54.92,56.32,0.43
3398830101_3398814046_0,55.0,56.01,64.83,64.16,1.01
3398845893_3398845895_0,65.0,57.17,54.83,54.65,-7.83
3398845895_6453104498_0,65.0,57.12,56.05,54.65,-7.88
3398845895_441390254_0,65.0,57.09,56.04,54.6,-7.91
3398866828_1619562966_0,70.0,58.54,58.16,58.55,-11.46
3398866828_611752173_0,70.0,58.21,59.88,60.4,-11.79
3398866828_425970574_0,60.0,56.56,57.5,58.0,-3.44
3398866828_2026401441_0,60.0,56.58,58.12,58.25,-3.42
3399853087_2095990699_0,50.0,59.38,50.51,55.03,9.38
3399853087_2095990674_0,55.0,60.09,49.54,55.13,5.09
3399853087_3399853092_0,50.0,57.34,49.82,55.13,7.34
3399853092_2095990674_0,50.0,57.81,50.1,55.03,7.81
3399853092_2095990581_0,50.0,55.37,52.08,53.8,5.37
3399853092_3399853087_0,50.0,57.34,49.82,55.13,7.34
3411226817_3411226818_0,45.0,58.46,61.07,55.0,13.46
3411226818_3411226817_0,45.0,58.46,61.07,55.0,13.46
3411226818_1392635501_0,50.0,58.74,57.18,54.55,8.74
3428376518_534014062_0,50.0,54.36,54.51,57.65,4.36
3428376518_3730572070_0,55.0,56.47,52.32,54.25,1.47
3428376774_1454751154_0,55.0,56.94,52.79,55.0,1.94
3428376774_1774944008_0,50.0,56.57,52.16,54.65,6.57
3461464687_3461464689_0,65.0,57.54,54.79,58.25,-7.46
3461464687_3461464690_0,70.0,58.68,65.85,62.55,-11.32
3461464688_3461464689_0,65.0,56.31,53.96,58.1,-8.69
3461464689_3461464687_0,65.0,57.54,54.79,58.25,-7.46
3461464689_3461464688_0,65.0,56.31,53.96,58.1,-8.69
3461464690_960119515_0,75.0,65.98,66.94,65.65,-9.02
3461464896_3461464690_0,75.0,66.41,68.46,65.75,-8.59
3461464896_3461464689_0,70.0,58.82,63.38,63.85,-11.18
3491361977_7399136420_0,70.0,49.02,57.32,53.01,-20.98
3491361977_3491361978_0,65.0,48.79,58.48,53.4,-16.21
3491361978_3491362607_0,65.0,47.94,58.42,53.3,-17.06
3491361978_3491361977_0,65.0,48.79,58.48,53.4,-16.21
3491361978_3491361980_0,55.0,47.62,56.27,52.5,-7.38
3491361980_3491361988_0,65.0,46.8,53.79,53.3,-18.2
3491361980_3491362625_0,45.0,46.62,53.55,53.35,1.62
3491361980_3491361978_0,55.0,47.63,56.27,52.5,-7.37
3491361982_7399136429_0,65.0,47.53,53.65,53.4,-17.47
3491361982_2934091486_0,65.0,48.73,55.0,52.6,-16.27
3491361982_3491361988_0,65.0,47.11,53.31,53.4,-17.89
3491361988_3491361980_0,65.0,46.8,53.79,53.3,-18.2
3491361988_3491362604_0,60.0,46.59,55.34,53.2,-13.41
3491361988_3491361982_0,65.0,47.11,53.31,53.4,-17.89
3491361988_3491362632_0,65.0,46.52,51.88,52.5,-18.48
3491362602_3491361977_0,70.0,48.62,57.03,53.1,-21.38
3491362602_3491362607_0,65.0,48.01,56.52,54.3,-16.99
3491362604_3491362632_0,60.0,46.32,51.89,52.4,-13.68
3491362604_3491362630_0,60.0,46.65,54.4,54.9,-13.35
3491362604_3491361988_0,60.0,46.59,55.34,53.2,-13.41
3491362607_3491361978_0,65.0,47.94,58.42,53.3,-17.06
3491362607_3491362602_0,65.0,48.01,56.52,54.3,-16.99
3491362607_3491362625_0,55.0,47.27,53.68,53.45,-7.73
3491362625_3491362630_0,65.0,46.95,56.08,54.7,-18.05
3491362625_3491362628_0,65.0,47.22,54.74,53.4,-17.78
3491362625_3491361980_0,45.0,46.62,53.55,53.35,1.62
3491362625_3491362607_0,55.0,47.29,53.39,53.45,-7.71
3491362628_7399136468_0,65.0,47.55,55.19,53.85,-17.45
3491362628_3491362631_0,65.0,47.26,56.34,54.7,-17.74
3491362628_3491362625_0,65.0,47.22,54.74,53.4,-17.78
3491362630_3491362633_0,60.0,47.45,57.09,53.9,-12.55
3491362630_3491362625_0,65.0,46.95,56.08,54.7,-18.05
3491362630_3491362631_0,65.0,47.25,55.94,55.1,-17.75
3491362630_3491362604_0,60.0,46.65,54.4,54.9,-13.35
3491362631_3491362628_0,65.0,47.26,56.34,54.7,-17.74
3491362631_3491362634_0,65.0,47.89,57.51,53.95,-17.11
3491362631_3491362630_0,65.0,47.25,55.94,55.1,-17.75
3491362632_3491362633_0,60.0,47.0,52.67,52.4,-13.0
3491362632_3491362604_0,60.0,46.32,51.89,52.4,-13.68
3491362632_3491361988_0,65.0,46.52,51.88,52.5,-18.48
3491362633_3491362632_0,60.0,47.0,52.67,52.4,-13.0
3491362633_3491362634_0,65.0,48.27,56.21,53.4,-16.73
3491362633_3491362630_0,60.0,47.45,57.09,53.9,-12.55
3491362634_3491362631_0,65.0,47.89,57.51,53.95,-17.11
3491362634_566573167_0,65.0,49.62,55.44,54.0,-15.38
3491362634_3491362633_0,65.0,48.27,56.21,53.4,-16.73
3508595333_3508595336_0,50.0,53.44,63.04,63.9,3.44
3508595333_2412335157_0,50.0,52.97,56.83,62.7,2.97
3508595333_3508595338_0,50.0,54.03,65.36,63.65,4.03
3508595334_3508595335_0,50.0,49.7,55.22,54.6,-0.3
3508595334_3508595336_0,55.0,51.51,57.96,56.1,-3.49
3508595335_3508595334_0,50.0,49.7,55.22,54.6,-0.3
3508595336_3508595334_0,55.0,51.51,57.96,56.1,-3.49
3508595336_3508595333_0,50.0,53.44,63.04,63.9,3.44
3508595336_3508595338_0,50.0,53.21,62.07,62.9,3.21
3508595338_3508595333_0,50.0,54.03,65.36,63.65,4.03
3508595338_3508595336_0,50.0,53.21,62.07,62.9,3.21
3508595338_3508595340_0,55.0,49.61,60.99,62.05,-5.39
3508595340_3508595338_0,55.0,49.62,60.99,62.05,-5.38
3580491992_223449118_0,75.0,62.25,66.98,64.25,-12.75
3580491992_510134396_0,75.0,66.94,68.62,65.3,-8.06
3580491992_30438726_0,75.0,61.93,67.52,64.2,-13.07
3587702038_1312022332_0,70.0,56.59,55.42,56.3,-13.41
3587702038_1312022535_0,70.0,56.46,56.32,57.75,-13.54
3594540761_1950857585_0,70.0,62.07,61.88,65.55,-7.93
3594540761_213598596_0,70.0,62.38,62.25,65.6,-7.62
3600764054_1930715847_0,70.0,55.79,56.77,56.95,-14.21
3637551782_249786718_0,75.0,59.31,57.1,58.57,-15.69
3637551789_249786713_0,75.0,59.55,59.39,58.4,-15.45
3637551789_3637551782_0,75.0,56.29,57.14,56.9,-18.71
3649365175_1514338013_0,55.0,34.59,55.23,54.03,-20.41
3649365175_13481865974_0,50.0,32.23,52.83,53.0,-17.77
3659440320_348796202_0,75.0,62.65,65.36,65.53,-12.35
3659440320_354585458_0,70.0,64.59,61.83,63.1,-5.41
3681386895_1156449928_0,70.0,49.69,64.56,58.95,-20.31
3681386895_355738501_0,70.0,55.97,65.05,65.0,-14.03
3681386895_919915442_0,70.0,56.02,64.85,65.15,-13.98
3709172482_528894519_0,65.0,56.86,56.82,57.95,-8.14
3710880334_481361372_0,50.0,50.43,56.41,47.25,0.43
3710880334_473468654_0,50.0,49.39,58.45,46.65,-0.61
3714142864_264076637_0,70.0,57.41,56.16,53.1,-12.59
3715293060_2353881024_0,55.0,55.1,52.4,50.8,0.1
3718602542_1792237326_0,65.0,57.89,70.78,64.8,-7.11
3718602542_3718602546_0,65.0,57.65,66.94,64.8,-7.35
3718602546_3718602592_0,55.0,55.85,65.14,62.1,0.85
3718602546_3718602542_0,65.0,57.65,66.94,64.8,-7.35
3718602546_3718602603_0,55.0,56.57,64.71,61.8,1.57
3718602592_3718602546_0,55.0,55.85,65.14,62.1,0.85
3718602603_3718602546_0,55.0,56.51,63.67,61.7,1.51
3718627973_1846155363_0,65.0,46.61,47.71,49.85,-18.39
3718627973_471513356_0,65.0,46.8,50.36,50.95,-18.2
3718664994_4782886425_0,75.0,61.35,59.02,60.5,-13.65
3718665013_1619563459_0,70.0,61.3,55.74,58.6,-8.7
3722113729_3722113734_0,75.0,57.44,52.82,55.7,-17.56
3722113729_3722113744_0,75.0,57.58,55.57,56.3,-17.42
3722113734_3722113740_0,75.0,57.79,56.24,59.6,-17.21
3722113737_3722113729_0,75.0,57.84,54.31,56.7,-17.16
3722113740_611794743_0,75.0,57.51,57.29,59.15,-17.49
3722113740_3722113737_0,75.0,57.43,52.84,56.15,-17.57
3722113744_263781879_0,65.0,58.33,59.5,60.0,-6.67
3722113758_3722113767_0,55.0,55.88,54.11,55.35,0.88
3722113767_611794745_0,60.0,56.54,53.99,56.75,-3.46
3722113767_263785255_0,65.0,56.03,55.79,57.75,-8.97
3723483906_249757446_0,65.0,59.73,59.22,59.0,-5.27
3723483906_3723483906_0,60.0,59.12,58.73,53.15,-0.88
3723931117_1268294701_0,70.0,62.53,61.26,60.25,-7.47
3723931117_1268294948_0,70.0,60.76,59.71,58.4,-9.24
3723965153_263691794_0,80.0,69.31,67.0,65.5,-10.69
3723965153_263691793_0,80.0,64.07,64.91,65.1,-15.93
3725362792_30389401_0,70.0,63.41,61.15,57.6,-6.59
3725362792_942069538_0,75.0,63.78,61.75,62.0,-11.22
3725404767_1122581711_0,75.0,62.95,58.21,60.01,-12.05
3725404775_249350229_0,70.0,56.39,52.81,51.3,-13.61
3730538338_264117347_0,70.0,57.85,56.83,59.45,-12.15
3730553743_264117305_0,70.0,61.44,54.12,59.1,-8.56
3730553743_355739666_0,75.0,63.68,57.07,59.15,-11.32
3730553746_13067664928_0,75.0,57.21,68.5,61.45,-17.79
3730553746_265032982_0,75.0,61.96,69.66,64.35,-13.04
3730562003_297339887_0,70.0,65.13,59.52,60.65,-4.87
3730572070_1454751154_0,55.0,56.0,52.95,55.1,1.0
3730572070_3428376518_0,55.0,56.47,52.32,54.25,1.47
3730600285_1444709493_0,50.0,56.14,64.74,60.78,6.14
3730657427_3730600285_0,55.0,55.96,66.58,64.75,0.96
3730683156_264272415_0,70.0,57.13,58.29,59.0,-12.87
3730683156_264272410_0,70.0,56.66,58.89,59.05,-13.34
3731086413_473192852_0,70.0,59.45,65.44,62.9,-10.55
3731086413_267102574_0,70.0,58.97,64.32,63.65,-11.03
3731098017_265033015_0,75.0,63.66,67.75,67.9,-11.34
3731144656_1799420704_0,75.0,66.02,65.36,65.45,-8.98
3731144656_3731144657_0,75.0,61.65,64.43,65.0,-13.35
3731144657_30438447_0,75.0,66.93,61.83,65.45,-8.07
3731144657_263710878_0,70.0,60.79,64.24,64.85,-9.21
3731778658_527174837_0,70.0,58.22,59.2,58.05,-11.78
3731778677_1475331037_0,70.0,58.44,67.94,66.5,-11.56
3731778677_495956896_0,70.0,58.76,66.09,66.4,-11.24
3731778695_1326393721_0,65.0,58.01,59.0,58.0,-6.99
3731778705_436622961_0,65.0,57.88,56.98,56.6,-7.12
3731778705_1326393754_0,65.0,57.66,53.03,55.2,-7.34
3731778715_3731778705_0,65.0,57.82,59.8,56.95,-7.18
3731778716_436622581_0,70.0,60.1,59.32,59.2,-9.9
3731778716_3731778715_0,70.0,57.96,58.4,57.6,-12.04
3731778716_283248367_0,60.0,59.8,59.84,58.35,-0.2
3735084662_471513571_0,65.0,46.98,51.6,51.65,-18.02
3735084662_1846104233_0,60.0,46.65,45.97,49.0,-13.35
3735134154_265560312_0,75.0,62.19,66.32,63.67,-12.81
3735134154_956689420_0,75.0,57.48,58.3,58.15,-17.52
3735982709_264535877_0,75.0,58.68,59.53,59.65,-16.32
3736001303_252820986_0,70.0,60.65,61.53,60.78,-9.35
3736200598_3736200599_0,75.0,62.51,62.2,57.7,-12.49
3736200599_631147349_0,75.0,62.58,64.22,58.35,-12.42
3736272724_1509944341_0,65.0,42.8,57.76,53.75,-22.2
3739130288_611752086_0,55.0,54.16,51.91,52.12,-0.84
3739130288_3739130295_0,60.0,54.34,54.44,53.38,-5.66
3739130293_2027136530_0,60.0,54.24,53.77,52.72,-5.76
3739130295_6602955691_0,60.0,54.31,54.29,53.32,-5.69
3739130295_3739130293_0,60.0,54.19,52.98,51.45,-5.81
3744129418_265043734_0,75.0,63.1,63.88,62.4,-11.9
3744131378_3744131379_0,70.0,62.21,63.77,60.05,-7.79
3744131378_264100183_0,75.0,57.34,66.18,57.2,-17.66
3744131379_249082578_0,70.0,62.77,62.28,62.55,-7.23
3744131383_3744131379_0,70.0,57.6,62.79,56.05,-12.4
3744131383_3744131378_0,70.0,57.41,61.75,56.15,-12.59
3744164553_3744164563_0,75.0,56.9,59.25,57.9,-18.1
3744164553_3744164570_0,75.0,57.29,59.58,59.9,-17.71
3744164558_3744164570_0,75.0,61.91,58.11,60.95,-13.09
3744164558_3744164563_0,75.0,55.91,58.07,57.6,-19.09
3744164563_1618969690_0,70.0,56.01,59.28,57.25,-13.99
3744164570_260550732_0,75.0,63.53,64.8,64.02,-11.47
3745450870_6346130516_0,65.0,58.1,60.32,59.7,-6.9
3745747448_30389508_0,75.0,66.27,65.21,61.5,-8.73
3745747448_248956762_0,60.0,68.76,65.7,63.75,8.76
3746415022_4414925723_0,65.0,58.52,60.3,60.3,-6.48
3746415022_1974317617_0,75.0,61.39,63.75,61.5,-13.61
3746415022_158676837_0,75.0,63.86,65.88,64.6,-11.14
3751601513_287566621_0,75.0,65.22,66.7,62.55,-9.78
3751601513_919731543_0,80.0,59.81,66.91,62.35,-20.19
3768118825_13481849691_0,55.0,38.75,60.0,56.4,-16.25
3770215594_2351502746_0,55.0,42.57,52.14,53.25,-12.43
3770215594_7689416409_0,45.0,43.17,50.18,52.5,-1.83
3770215594_8027679295_0,50.0,42.8,52.49,53.9,-7.2
3770215594_2424320151_0,45.0,42.77,53.02,53.05,-2.23
3771895438_3771895440_0,60.0,57.31,54.52,53.4,-2.69
3771895438_421759887_0,60.0,58.37,65.85,61.1,-1.63
3771895440_3771895438_0,60.0,57.31,54.52,53.4,-2.69
3771895440_421762541_0,60.0,57.33,54.12,53.1,-2.67
3771895440_263340840_0,60.0,57.74,64.88,68.5,-2.26
3771943426_3771943427_0,65.0,54.2,54.83,53.78,-10.8
3771943426_471366913_0,65.0,54.0,52.21,53.62,-11.0
3771943427_471366913_0,65.0,56.12,58.82,56.32,-8.88
3771943427_3771943426_0,65.0,54.2,54.83,53.78,-10.8
3771943427_10290154076_0,65.0,55.46,57.7,56.88,-9.54
3779297999_444589793_0,60.0,50.43,59.69,57.65,-9.57
3779297999_1772588132_0,60.0,50.13,55.15,55.25,-9.87
3779314313_956427057_0,60.0,44.6,52.2,54.5,-15.4
3779319499_2051214267_0,60.0,48.34,48.59,54.25,-11.66
3779319499_956427247_0,60.0,48.01,47.22,53.65,-11.99
3779319502_956426790_0,55.0,48.76,53.25,53.5,-6.24
3779319502_956426940_0,60.0,47.9,51.61,54.7,-12.1
3779319505_956427030_0,55.0,47.95,50.68,53.85,-7.05
3779319505_956426883_0,60.0,47.96,47.26,53.85,-12.04
3779319508_2051214724_0,55.0,49.25,53.55,54.05,-5.75
3779319508_956426912_0,60.0,47.91,49.81,54.7,-12.09
3779322340_7947629629_0,60.0,51.75,57.25,56.45,-8.25
3779322340_1121909765_0,60.0,52.28,58.06,56.7,-7.72
3779322340_956387373_0,60.0,50.69,57.88,56.4,-9.31
3779328826_438642260_0,70.0,60.48,62.53,61.8,-9.52
3780934792_4379627990_0,50.0,43.85,49.62,42.26,-6.15
3810981241_59749785_0,75.0,59.29,62.99,60.85,-15.71
3811022351_2425946801_0,65.0,56.51,58.92,56.92,-8.49
3818025796_268887002_0,65.0,58.71,54.64,57.35,-6.29
3818025796_13375692151_0,65.0,55.44,55.44,56.0,-9.56
3818025801_268887004_0,60.0,59.1,61.83,59.3,-0.9
3818025802_1326393698_0,60.0,57.76,61.03,59.6,-2.24
3818025802_283248099_0,60.0,59.35,59.79,59.25,-0.65
3818025808_268886955_0,65.0,58.84,59.03,59.05,-6.16
3818025808_268887002_0,65.0,58.93,55.6,57.95,-6.07
3832449838_7823805613_0,65.0,48.9,56.97,56.25,-16.1
3832449838_3832475097_0,65.0,49.14,57.87,57.95,-15.86
3832475097_3779297999_0,60.0,50.52,58.9,57.75,-9.48
3833995751_440058838_0,55.0,70.25,49.83,58.2,15.25
3835893274_3835893276_0,50.0,42.96,50.12,55.73,-7.04
3835893275_3835893276_0,50.0,40.08,52.74,54.55,-9.92
3835893276_3835893275_0,50.0,40.08,52.74,54.55,-9.92
3835893276_3835893274_0,50.0,42.96,50.12,55.73,-7.04
3835893276_2569655239_0,50.0,43.36,50.32,55.05,-6.64
3835893278_2569655244_0,50.0,40.1,53.98,55.05,-9.9
3838214666_1519350481_0,65.0,42.5,58.08,56.6,-22.5
3838214666_306427399_0,70.0,47.78,57.61,58.08,-22.22
3838219484_306427408_0,65.0,50.38,61.92,55.35,-14.62
3838885308_529437847_0,65.0,34.1,54.03,55.25,-30.9
3838885325_529437863_0,60.0,32.86,57.1,55.03,-27.14
3840917848_250171968_0,80.0,68.31,66.19,65.25,-11.69
3840917848_620859606_0,80.0,65.0,67.7,65.25,-15.0
3841871407_428933732_0,70.0,55.91,58.59,55.82,-14.09
3844358018_249350307_0,70.0,60.33,58.7,60.95,-9.67
3845948768_1248494919_0,60.0,56.46,53.36,52.55,-3.54
3846407788_3846407792_0,65.0,57.93,60.27,56.85,-7.07
3846407788_427787372_0,65.0,57.41,58.38,57.55,-7.59
3846407792_2018982125_0,65.0,60.1,61.32,59.45,-4.9
3846575457_3846575459_0,70.0,58.88,53.95,56.85,-11.12
3846575457_1976395262_0,70.0,58.9,54.87,56.95,-11.1
3846575459_1976395262_0,70.0,59.12,60.42,59.5,-10.88
3846575459_274101233_0,70.0,58.72,57.9,57.02,-11.28
3847861549_252756480_0,75.0,64.62,61.0,62.85,-10.38
3847861549_30389426_0,70.0,65.53,62.52,61.0,-4.47
3848885749_2584374412_0,70.0,57.55,55.64,55.9,-12.45
3848885749_248808644_0,70.0,57.43,56.48,57.32,-12.57
3866700311_3866700268_0,45.0,61.78,61.22,68.9,16.78
3874348303_387126515_0,65.0,55.97,57.88,57.04,-9.03
3874380537_469199900_0,80.0,61.66,61.0,63.12,-18.34
3874380537_30575340_0,75.0,62.45,59.99,63.7,-12.55
3874529721_13484798049_0,45.0,48.07,48.34,54.35,3.07
3874531097_1772588235_0,60.0,47.6,48.11,54.15,-12.4
3874531097_1772588230_0,55.0,47.1,43.94,50.3,-7.9
3880702609_3880702610_0,60.0,54.37,51.95,52.3,-5.63
3880702610_3880702609_0,60.0,54.37,51.95,52.3,-5.63
3880702610_297493276_0,60.0,54.31,52.75,52.32,-5.69
3880702610_3880702615_0,55.0,53.92,51.18,53.2,-1.08
3880702615_3880702610_0,55.0,53.94,51.18,53.0,-1.06
3880702615_3880702615_0,55.0,53.59,50.51,52.45,-1.41
3887557683_3887557684_0,50.0,56.68,63.95,64.3,6.68
3887557683_1111816044_0,50.0,56.71,64.18,64.3,6.71
3887557684_3887557683_0,50.0,56.68,63.95,64.3,6.68
3887557684_1111816030_0,50.0,56.48,63.76,64.4,6.48
3887557685_587661902_0,50.0,56.13,62.62,64.4,6.13
3887557685_3887557686_0,50.0,56.03,62.33,64.4,6.03
3887557686_1111816042_0,50.0,56.16,63.62,64.3,6.16
3890758958_931001883_0,60.0,57.84,60.96,53.3,-2.16
3900203227_263781652_0,65.0,59.28,55.76,55.25,-5.72
3905543348_3905543350_0,65.0,39.42,55.07,52.4,-25.58
3905543348_529438087_0,60.0,39.42,55.01,52.4,-20.58
3905543350_529438087_0,60.0,39.56,55.07,52.4,-20.44
3905543350_529438088_0,60.0,39.65,54.76,52.5,-20.35
3905551521_529437892_0,60.0,34.13,54.4,53.4,-25.87
3905551521_1514633858_0,60.0,34.08,55.15,53.4,-25.92
3905551531_529437898_0,60.0,33.93,55.09,53.15,-26.07
3905551531_13520037497_0,60.0,33.89,55.83,53.1,-26.11
3905668277_56431800_0,65.0,57.56,63.85,63.64,-7.44
3905668277_704769200_0,65.0,57.32,58.34,57.85,-7.68
3905668277_7672353410_0,60.0,56.28,54.06,53.1,-3.72
3908476969_30438581_0,75.0,64.99,66.21,66.05,-10.01
3914772151_287588363_0,70.0,59.69,60.99,64.8,-10.31
3924064862_7541874588_0,45.0,74.36,68.98,66.1,29.36
3924064865_1499310063_0,50.0,70.02,66.87,66.05,20.02
3924064865_1499310047_0,50.0,74.62,67.46,65.5,24.62
3927590098_256133351_0,70.0,56.79,61.49,61.85,-13.21
3927590098_1563528225_0,75.0,63.12,64.98,64.3,-11.88
3945108281_3945108314_0,60.0,37.7,55.97,51.75,-22.3
3945108281_529437558_0,60.0,37.72,55.94,51.5,-22.28
3945108314_4739807730_0,60.0,38.28,54.28,51.55,-21.72
3948081589_248093928_0,65.0,52.86,49.7,48.95,-12.14
3948081589_692965976_0,65.0,53.02,54.47,50.2,-11.98
3949231230_4452524328_0,70.0,58.7,59.61,57.1,-11.3
3949231230_1332251906_0,70.0,58.73,59.11,57.03,-11.27
3949235082_59751391_0,70.0,60.11,63.67,62.8,-9.89
3949235082_1332252332_0,70.0,59.55,60.06,61.35,-10.45
3957076698_297340104_0,75.0,67.92,67.07,63.9,-7.08
3957076698_260548855_0,75.0,67.72,67.12,64.15,-7.28
3958744749_287952213_0,75.0,63.63,65.3,63.4,-11.37
3958744749_676631219_0,75.0,62.71,66.67,63.2,-12.29
3997898334_3997898335_0,65.0,56.31,54.68,56.98,-8.69
3997898334_3997898338_0,65.0,56.31,54.28,56.82,-8.69
3997898335_427778442_0,65.0,56.37,54.19,57.0,-8.63
3997898335_3997898338_0,65.0,56.32,56.43,56.82,-8.68
3997898338_427778946_0,65.0,56.21,54.39,56.98,-8.79
3997898338_3997898335_0,65.0,56.32,56.43,56.82,-8.68
4006567268_529120015_0,65.0,50.61,56.78,57.65,-14.39
4006567268_919682882_0,70.0,50.89,58.44,58.17,-19.11
4006577028_1506467698_0,60.0,49.05,56.7,55.05,-10.95
4006577028_4006577030_0,60.0,48.57,56.44,53.85,-11.43
4006577028_4006577029_0,65.0,48.73,58.27,54.1,-16.27
4006577029_4006577028_0,65.0,48.73,58.27,54.1,-16.27
4006577030_4006577028_0,60.0,48.57,56.44,53.85,-11.43
4006577030_4006577032_0,55.0,47.18,46.58,49.2,-7.82
4006577030_4006577031_0,55.0,47.49,50.33,49.2,-7.51
4006577031_4006577030_0,55.0,47.49,50.33,49.2,-7.51
4006577032_4006577030_0,55.0,47.18,46.58,49.2,-7.82
4006577033_1506467698_0,65.0,49.33,58.38,59.3,-15.67
4006577033_355748148_0,70.0,51.98,68.13,65.35,-18.02
4006577033_1444709463_0,70.0,52.71,66.03,65.45,-17.29
4020495675_30438389_0,75.0,69.05,67.16,65.25,-5.95
4020601295_296374845_0,65.0,57.22,53.95,50.45,-7.78
4020601295_265025350_0,65.0,57.71,55.78,51.2,-7.29
4020632317_10204972610_0,70.0,59.27,57.73,61.3,-10.73
4020632317_296376085_0,70.0,61.08,59.89,61.25,-8.92
4027898268_445852766_0,65.0,55.57,51.06,53.6,-9.43
4027898268_445852768_0,65.0,55.43,54.66,54.0,-9.57
4030062613_297326223_0,70.0,58.36,59.95,59.35,-11.64
4030062613_7561858229_0,70.0,59.86,61.06,60.0,-10.14
4030076963_8294616939_0,65.0,61.42,61.19,60.05,-3.58
4030102001_933907013_0,75.0,64.47,59.08,61.3,-10.53
4030102001_297340104_0,75.0,66.88,63.77,62.85,-8.12
4033504302_420531222_0,60.0,58.81,62.98,62.4,-1.19
4033504302_603939216_0,60.0,52.26,65.88,61.7,-7.74
4063306619_1930715845_0,60.0,56.45,61.56,56.08,-3.55
4108110894_524680249_0,75.0,60.41,57.12,55.0,-14.59
4108110894_471341535_0,70.0,60.77,60.7,60.5,-9.23
4108110896_524680249_0,75.0,64.16,57.7,60.52,-10.84
4108110896_930272937_0,75.0,64.84,57.85,60.42,-10.16
4108110896_4108110897_0,75.0,60.6,55.94,56.25,-14.4
4108110897_4108110894_0,70.0,60.49,55.14,56.15,-9.51
4147206592_263821465_0,65.0,57.85,56.43,57.2,-7.15
4147206599_249077706_0,75.0,65.01,61.46,60.2,-9.99
4147206599_268479952_0,75.0,65.17,61.76,60.3,-9.83
4147880902_2554593015_0,75.0,66.3,65.65,65.5,-8.7
4147880902_625896610_0,70.0,61.03,62.52,63.7,-8.97
4161268503_1772588235_0,55.0,47.75,48.49,54.3,-7.25
4161268512_586178081_0,50.0,47.04,49.12,52.25,-2.96
4165565239_1563527855_0,65.0,53.56,55.59,53.8,-11.44
4167247570_265027073_0,60.0,57.34,56.5,56.5,-2.66
4171954126_707559065_0,75.0,67.61,63.76,64.95,-7.39
4171954126_4171954132_0,75.0,64.18,63.96,65.2,-10.82
4171954132_264075294_0,70.0,62.47,65.07,64.05,-7.53
4171954132_707559065_0,75.0,68.21,62.83,65.0,-6.79
4174049908_6270440641_0,65.0,43.99,57.86,57.6,-21.01
4174049908_815080444_0,70.0,47.92,56.84,59.95,-22.08
4176141502_1122581637_0,75.0,65.15,65.36,65.25,-9.85
4182090296_2584234340_0,65.0,56.23,61.75,63.52,-8.77
4182090296_441389760_0,65.0,64.43,63.47,64.43,-0.57
4182104370_441389856_0,65.0,55.08,54.33,50.1,-9.92
4182104370_2052937354_0,65.0,55.14,54.54,50.65,-9.86
4184007581_4184007588_0,60.0,57.5,61.64,58.95,-2.5
4184007588_213598846_0,75.0,63.62,62.38,66.2,-11.38
4184007588_4184007581_0,60.0,57.5,61.64,58.95,-2.5
4184007589_1950857669_0,65.0,56.87,61.14,56.8,-8.13
4186449172_1122581651_0,75.0,66.35,67.11,64.85,-8.65
4192534957_939246879_0,65.0,57.62,58.85,58.6,-7.38
4192534957_264528883_0,70.0,58.3,60.47,59.3,-11.7
4200283939_440051048_0,60.0,55.18,59.28,54.55,-4.82
4203333375_4203333795_0,65.0,56.18,55.89,55.95,-8.82
4203333793_523791210_0,65.0,57.67,57.86,56.35,-7.33
4203333793_4286310952_0,70.0,55.76,57.33,55.55,-14.24
4203333795_530185955_0,65.0,56.77,55.41,55.15,-8.23
4203333795_4203333800_0,65.0,56.32,58.08,55.75,-8.68
4203333800_1014819652_0,65.0,56.63,58.4,56.5,-8.37
4209757219_769140892_0,70.0,47.84,57.79,54.5,-22.16
4209757219_768762743_0,70.0,48.04,53.73,53.2,-21.96
4209757237_561386359_0,60.0,50.83,54.48,52.95,-9.17
4209757237_2934091724_0,60.0,50.94,56.7,52.5,-9.06
4209769048_2934091712_0,60.0,54.52,49.78,52.4,-5.48
4209769048_588952317_0,60.0,54.2,53.72,51.95,-5.8
4209891212_515707010_0,60.0,53.03,50.37,49.8,-6.97
4215459699_440051149_0,50.0,66.39,59.74,54.7,16.39
4221762836_428504510_0,65.0,55.46,52.69,53.25,-9.54
4221762836_428504436_0,70.0,56.1,56.06,54.15,-13.9
4221762842_428504436_0,70.0,59.51,55.7,57.9,-10.49
4221762842_4221762836_0,70.0,55.95,53.85,54.15,-14.05
4224603795_263373093_0,75.0,63.89,69.21,67.6,-11.11
4224603795_263373127_0,75.0,63.82,70.67,68.25,-11.18
4226030865_1788563731_0,70.0,58.7,57.78,56.7,-11.3
4226030865_1858879538_0,65.0,58.32,57.77,57.45,-6.68
4233719900_2935408198_0,65.0,56.96,62.2,59.25,-8.04
4243309003_1324969288_0,65.0,57.13,48.84,52.0,-7.87
4243309003_266186641_0,60.0,58.46,56.31,56.55,-1.54
4252261787_32039356_0,75.0,63.13,61.84,62.75,-11.87
4252261787_260551158_0,70.0,61.47,61.85,63.15,-8.53
4271406662_1514339591_0,65.0,40.74,58.27,52.2,-24.26
4271406662_1514339513_0,60.0,40.68,58.12,52.0,-19.32
4271419821_4271419823_0,65.0,33.96,54.77,53.35,-31.04
4271419821_529437776_0,60.0,33.85,55.74,53.45,-26.15
4271419823_529437777_0,65.0,33.97,54.36,53.25,-31.03
4271419823_4271419824_0,65.0,34.04,54.36,53.2,-30.96
4271419824_4271419823_0,65.0,34.04,54.36,53.2,-30.96
4271419824_529437780_0,65.0,34.08,54.0,53.2,-30.92
4271419824_4271419821_0,65.0,34.03,54.97,53.35,-30.97
4271419827_1514635040_0,65.0,31.65,53.13,55.45,-33.35
4271419827_529437917_0,65.0,31.61,55.15,55.45,-33.39
4271419827_4309856126_0,65.0,31.87,55.04,55.1,-33.13
4271419830_1514632974_0,60.0,35.67,52.53,52.7,-24.33
4271419830_4941631528_0,60.0,35.82,53.57,52.7,-24.18
4271419835_1514633378_0,65.0,35.43,49.9,52.8,-29.57
4271419835_529437747_0,65.0,35.66,51.75,52.85,-29.34
4271419836_1514633347_0,60.0,34.88,51.3,52.85,-25.12
4271419836_4941631527_0,60.0,35.08,52.21,52.8,-24.92
4273759615_4273759621_0,65.0,32.47,60.61,55.8,-32.53
4273759615_4273759622_0,65.0,32.37,58.57,55.9,-32.63
4273759615_1514339261_0,65.0,34.84,54.16,51.23,-30.16
4273759621_4273759615_0,65.0,32.47,60.61,55.8,-32.53
4273759621_529437848_0,65.0,33.27,55.34,54.33,-31.73
4273759622_4273759623_0,60.0,31.97,58.85,54.3,-28.03
4273759622_4273759623_1,50.0,32.21,57.6,53.1,-17.79
4273759623_4273759621_0,60.0,32.16,57.34,54.0,-27.84
4273766352_4273766353_0,55.0,45.3,52.48,51.13,-9.7
4273766352_4273766353_1,55.0,44.93,52.04,51.33,-10.07
4273766353_2429502780_0,60.0,46.11,52.74,52.3,-13.89
4279193233_1607095273_0,65.0,57.8,55.63,56.75,-7.2
4279193233_1270508753_0,70.0,60.77,59.04,59.6,-9.23
4281824461_614631975_0,70.0,60.35,58.55,58.25,-9.65
4281826080_471792588_0,70.0,61.48,55.12,59.05,-8.52
4281826080_4281826082_0,70.0,60.81,58.4,58.45,-9.19
4281826080_471792511_0,70.0,61.74,59.2,60.0,-8.26
4281826082_965814462_0,70.0,62.21,61.78,60.0,-7.79
4282170672_4282216874_0,65.0,46.94,52.01,53.85,-18.06
4282170672_4282170674_0,65.0,48.16,55.95,54.25,-16.84
4282170674_4282385735_0,65.0,48.31,56.1,54.4,-16.69
4282216874_1773429868_0,65.0,43.39,53.71,48.96,-21.61
4282216874_4282216876_0,65.0,44.26,51.65,48.77,-20.74
4282216876_4282170674_0,65.0,47.12,53.63,54.05,-17.88
4282216876_444597699_0,60.0,43.72,54.9,48.82,-16.28
4282216876_4282216874_0,65.0,44.31,51.6,48.72,-20.69
4282385735_3832449838_0,65.0,49.11,55.76,55.7,-15.89
4282385735_444596420_0,65.0,49.01,55.65,54.35,-15.99
4282385741_4282170672_0,65.0,48.57,53.49,53.9,-16.43
4286310948_446903111_0,65.0,58.43,54.13,56.4,-6.57
4286310948_4203333375_0,65.0,56.58,56.99,56.25,-8.42
4286310952_446903108_0,70.0,58.2,51.53,55.9,-11.8
4287806521_1326393197_0,60.0,57.68,67.35,64.95,-2.32
4287806521_1326393697_0,60.0,64.3,65.15,66.55,4.3
4289502653_4819041557_0,80.0,64.74,66.4,65.15,-15.26
4289502653_919637969_0,80.0,64.67,64.6,65.05,-15.33
4289502667_9905854853_0,70.0,61.86,61.14,62.9,-8.14
4293082973_287627723_0,65.0,59.71,56.12,55.6,-5.29
4294749418_1395083822_0,75.0,59.72,64.25,62.9,-15.28
4294749418_4541001276_0,75.0,64.41,65.45,66.15,-10.59
4294847589_264537439_0,65.0,54.19,51.21,53.72,-10.81
4303288326_1618941422_0,65.0,55.43,54.21,54.6,-9.57
4303288326_1618941342_0,65.0,54.29,52.44,55.05,-10.71
4309856126_1514635040_0,65.0,31.88,55.6,55.2,-33.12
4309856126_1514634997_0,65.0,32.16,56.62,55.68,-32.84
4323840842_611760549_0,50.0,56.03,48.95,49.05,6.03
4358728331_249078295_0,75.0,67.51,66.47,66.55,-7.49
4361457003_5341285320_0,65.0,54.79,63.27,59.45,-10.21
4361457003_691479766_0,70.0,56.51,63.12,59.8,-13.49
4372474648_2043309839_0,75.0,66.08,58.7,61.0,-8.92
4372474648_248920797_0,75.0,64.22,57.47,60.5,-10.78
4372474648_1165667882_0,70.0,58.22,52.47,57.75,-11.78
4375530617_12967185398_0,65.0,49.33,57.99,56.95,-15.67
4379627990_3780934792_0,50.0,43.85,49.62,42.26,-6.15
4393762415_2040977833_0,80.0,56.56,58.05,55.0,-23.44
4396699735_919671042_0,75.0,57.33,56.64,57.05,-17.67
4396699735_614631958_0,70.0,60.08,56.4,56.95,-9.92
4397290084_1772588133_0,65.0,50.09,49.12,55.62,-14.91
4397290084_1772588132_0,55.0,49.5,52.9,55.7,-5.5
4397488970_32039350_0,70.0,60.75,60.75,63.0,-9.25
4398109455_2594371707_0,75.0,63.73,63.8,58.9,-11.27
4414925723_268479882_0,55.0,56.68,54.16,58.38,1.68
4414925723_3746415022_0,65.0,58.52,60.3,60.3,-6.48
4415532165_263324325_0,70.0,59.89,65.9,60.6,-10.11
4417541952_4417541955_0,45.0,54.22,52.82,54.05,9.22
4417541955_471792465_0,60.0,55.71,54.86,55.5,-4.29
4417541955_471792455_0,60.0,56.5,58.59,55.8,-3.5
4417541955_4417541952_0,45.0,54.22,52.82,54.05,9.22
4417928549_4417928550_0,50.0,43.26,52.62,47.05,-6.74
4417928549_523784046_0,60.0,45.82,51.45,49.75,-14.18
4417928549_2383701008_0,60.0,45.75,52.72,48.35,-14.25
4417928550_4417928549_0,50.0,43.26,52.62,47.05,-6.74
4417928551_534014017_0,50.0,41.78,55.63,46.68,-8.22
4419975759_442118953_0,60.0,56.93,60.11,56.35,-3.07
4419975759_4419975760_0,55.0,55.06,55.75,55.25,0.06
4419975760_4419975759_0,55.0,55.07,55.75,55.25,0.07
4422889770_4422889784_2,50.0,46.64,47.92,50.05,-3.36
4422889779_4422889783_0,45.0,46.81,54.73,52.8,1.81
4422889783_4422889779_0,45.0,46.81,54.73,52.8,1.81
4422889783_4422889786_0,50.0,47.29,51.31,52.9,-2.71
4422889784_4422889785_0,55.0,48.65,53.06,53.35,-6.35
4422889784_4422889770_1,50.0,46.64,47.92,50.05,-3.36
4422889785_4422889784_0,55.0,48.65,53.06,53.35,-6.35
4422889785_2051214221_0,60.0,48.35,53.92,52.95,-11.65
4422889786_4422890289_0,60.0,47.46,50.11,52.9,-12.54
4422889786_1875839799_0,60.0,47.1,53.64,52.9,-12.9
4422889786_4422889783_0,50.0,47.29,51.31,52.9,-2.71
4422889788_4422890289_0,55.0,47.47,50.34,52.9,-7.53
4422890289_1875840027_0,60.0,48.27,46.44,52.55,-11.73
4422890289_4422889786_0,60.0,47.46,50.11,52.9,-12.54
4422890289_4422889788_0,55.0,47.47,50.34,52.9,-7.53
4424023681_1875840027_0,60.0,48.66,52.92,53.6,-11.34
4424592322_4424592323_0,50.0,58.86,51.58,55.3,8.86
4424592323_4424632939_0,50.0,61.25,53.33,54.7,11.25
4424592323_4424592322_0,50.0,58.86,51.58,55.3,8.86
4424632938_4424632939_0,45.0,61.47,52.46,55.45,16.47
4424632939_4424632938_0,45.0,61.47,52.46,55.45,16.47
4424632939_4424592323_0,50.0,61.25,53.33,54.7,11.25
4424632940_621469280_0,50.0,53.77,43.52,42.81,3.77
4424632940_2351502760_0,60.0,55.42,44.11,45.1,-4.58
4424632940_587664183_0,60.0,56.39,54.5,50.65,-3.61
4429786515_534014015_0,50.0,40.67,53.54,45.4,-9.33
4432850619_267114310_0,75.0,63.29,68.09,69.05,-11.71
4438329612_951656350_0,60.0,48.21,41.77,44.55,-11.79
4450358606_2671571354_0,65.0,52.72,55.16,55.9,-12.28
4450358606_4450358623_0,50.0,51.0,52.01,53.46,1.0
4450358607_422553808_0,60.0,53.27,53.7,51.85,-6.73
4450358607_422881395_0,60.0,54.39,56.17,54.1,-5.61
4450358607_4450362777_0,45.0,51.64,54.34,50.9,6.64
4450358623_4450358639_0,45.0,51.41,51.77,53.66,6.41
4450358623_4450358607_0,45.0,51.15,52.6,51.9,6.15
4450358639_1618940807_0,65.0,54.07,56.6,55.36,-10.93
4450358640_4450358623_0,50.0,51.29,52.5,51.43,1.29
4450358640_422553808_0,65.0,53.07,52.83,52.1,-11.93
4450362763_2671574879_0,65.0,53.19,56.11,53.1,-11.81
4450362764_422881393_0,60.0,54.38,56.34,54.42,-5.62
4450362764_4450362777_0,50.0,52.17,54.05,52.59,2.17
4450362777_4450364290_0,50.0,51.87,53.2,50.45,1.87
4450362777_4450362763_0,50.0,51.85,53.13,51.85,1.85
4450364290_1618940781_0,65.0,54.0,56.21,51.88,-11.0
4450802290_529438073_0,55.0,52.51,49.47,55.8,-2.49
4452519920_422869082_0,65.0,58.0,67.58,63.75,-7.0
4452519920_263336804_0,75.0,62.95,69.54,66.2,-12.05
4452524328_7678184610_0,65.0,58.63,58.75,57.63,-6.37
4455294869_762058846_0,55.0,52.66,45.46,47.82,-2.34
4455294869_762058872_0,55.0,51.27,42.7,46.85,-3.73
4460776547_919893357_0,65.0,47.55,58.36,57.65,-17.45
4461779811_30575431_0,70.0,60.91,62.61,64.55,-9.09
4476904828_420726306_0,60.0,54.76,58.84,56.65,-5.24
4477498636_632940163_0,65.0,58.43,60.55,59.65,-6.57
4477498636_625896661_0,55.0,55.12,58.53,58.3,0.12
4485262761_2354654540_0,65.0,57.57,63.5,61.05,-7.43
4485262761_296961233_0,70.0,58.17,65.09,63.5,-11.83
4485264792_611752087_0,55.0,54.7,53.2,52.95,-0.3
4485264792_2382757731_0,60.0,55.02,55.04,53.9,-4.98
4485264795_5912557482_0,55.0,54.33,52.74,51.05,-0.67
4485264795_6602841180_0,60.0,54.21,52.61,51.1,-5.79
4487293593_812173811_0,60.0,46.05,56.87,57.58,-13.95
4487330153_1288034471_0,65.0,57.47,56.88,54.65,-7.53
4487330153_264537271_0,65.0,57.11,54.55,55.4,-7.89
4487727988_422905551_0,65.0,51.6,57.9,56.85,-13.4
4487729789_428791410_0,65.0,52.02,58.54,60.18,-12.98
4487729789_4487727988_0,70.0,52.13,62.4,62.06,-17.87
4492786357_444585726_0,75.0,60.1,62.08,57.45,-14.9
4494345850_1537860538_0,60.0,54.75,61.22,56.5,-5.25
4494345850_2065686673_0,60.0,56.01,57.23,57.4,-3.99
4496520979_30389460_0,75.0,66.67,65.72,64.2,-8.33
4496520979_4496520980_0,65.0,57.32,63.49,60.6,-7.68
4496520980_263345734_0,70.0,59.11,56.43,61.6,-10.89
4504708538_762058834_0,55.0,54.08,50.51,52.55,-0.92
4504829655_355869686_0,50.0,52.45,51.95,53.05,2.45
4504829674_355869687_0,55.0,58.06,55.41,57.4,3.06
4504829674_4504829684_0,50.0,58.76,55.07,57.2,8.76
4504829676_4504829678_0,45.0,53.01,47.97,53.4,8.01
4504829676_4504829674_0,50.0,53.06,49.64,54.3,3.06
4504829677_9525118774_0,45.0,52.72,51.28,52.7,7.72
4504829678_4504829680_0,45.0,52.98,50.0,52.8,7.98
4504829678_4504829676_0,45.0,53.01,47.97,53.4,8.01
4504829680_4504829678_0,45.0,52.98,50.0,52.8,7.98
4504829684_9525118774_0,50.0,58.54,58.14,57.1,8.54
4504829684_4504829676_0,50.0,53.03,48.11,52.95,3.03
4504829684_4504829674_0,50.0,58.76,55.07,57.2,8.76
4519681400_9006704376_0,60.0,50.57,47.18,54.15,-9.43
4519681400_1875840117_0,60.0,50.59,49.1,54.05,-9.41
4519681400_1875840101_0,60.0,48.94,53.63,54.95,-11.06
4520930148_481375129_0,55.0,57.47,64.53,56.45,2.47
4520930148_481390914_0,50.0,59.02,68.47,56.9,9.02
4526545261_471792814_0,65.0,61.97,60.22,58.4,-3.03
4526545261_1490307242_0,70.0,61.71,58.31,58.95,-8.29
4526585100_265563598_0,65.0,57.11,59.34,58.15,-7.89
4526585100_931895490_0,65.0,55.33,56.63,56.95,-9.67
4541001276_1395083820_0,75.0,64.25,64.92,66.0,-10.75
4541001276_1395083822_0,75.0,59.5,62.4,63.35,-15.5
4541004956_30438759_0,75.0,66.21,66.9,66.3,-8.79
4544937949_387126482_0,70.0,59.43,66.18,61.3,-10.57
4544937949_387126477_0,70.0,58.82,59.65,58.85,-11.18
4549875071_442117886_0,65.0,57.59,62.48,61.0,-7.41
4551425472_626874383_0,60.0,57.95,57.23,54.75,-2.05
4551425472_4551425475_0,65.0,57.69,55.8,56.65,-7.31
4551425472_471791917_0,65.0,57.29,55.86,55.5,-7.71
4551425472_445852914_0,65.0,58.73,62.18,59.3,-6.27
4551425475_445852766_0,65.0,56.34,54.92,58.19,-8.66
4551425475_4551425472_0,65.0,57.69,55.8,56.65,-7.31
4551425475_445852913_0,65.0,56.59,51.49,53.9,-8.41
4551446979_1489191166_0,75.0,64.5,60.13,60.25,-10.5
4551446979_1489191179_0,75.0,64.42,61.32,60.75,-10.58
4551446979_13418778039_0,65.0,55.53,61.69,59.05,-9.47
4560198760_2035149505_0,65.0,54.48,52.28,51.1,-10.52
4560198760_1270509109_0,65.0,55.93,53.8,53.4,-9.07
4561581881_956427110_0,60.0,45.12,51.22,54.6,-14.88
4561581881_2051214038_0,60.0,45.1,50.77,54.5,-14.9
4562070164_306430952_0,50.0,56.12,65.48,60.85,6.12
4567061596_4694347985_0,55.0,57.86,57.68,62.2,2.86
4570843660_265566021_0,60.0,55.2,54.21,56.5,-4.8
4570843660_4618872349_0,55.0,55.12,54.58,55.75,0.12
4581306545_4581306546_0,75.0,67.77,63.91,65.35,-7.23
4581306545_263268789_0,60.0,66.29,66.17,63.9,6.29
4581306546_8904532836_0,75.0,70.31,67.39,65.05,-4.69
4582681606_4582681613_0,60.0,51.66,39.25,53.0,-8.34
4582681606_956360588_0,60.0,51.75,37.7,53.12,-8.25
4582681609_4582681611_0,60.0,51.86,38.54,53.0,-8.14
4582681611_4620860540_0,60.0,51.96,39.19,53.0,-8.04
4582681613_956360613_0,60.0,51.48,41.64,53.0,-8.52
4582681613_956360588_0,60.0,51.64,39.25,53.0,-8.36
4582681615_956360631_0,55.0,52.13,39.91,53.0,-2.87
4582681615_2051624674_0,55.0,52.07,38.41,53.12,-2.93
4582710116_4586091415_0,60.0,48.81,52.15,54.25,-11.19
4582710116_1875844565_0,60.0,48.86,52.81,54.55,-11.14
4582710121_9006704376_0,60.0,50.66,49.01,54.15,-9.34
4582710121_4583449830_0,60.0,50.41,51.88,52.3,-9.59
4583436349_4361457003_0,65.0,56.65,63.23,61.25,-8.35
4583436349_691479766_0,70.0,61.54,65.83,64.2,-8.46
4583438601_2486116278_0,50.0,73.59,59.83,67.45,23.59
4583439542_631147159_0,75.0,62.51,60.43,59.15,-12.49
4583439622_41145902_0,75.0,64.66,65.67,64.4,-10.34
4583439622_41145894_0,75.0,67.68,65.17,64.25,-7.32
4583441285_1772588199_0,60.0,44.29,49.22,49.25,-15.71
4583444783_421420303_0,70.0,64.48,60.92,62.1,-5.52
4583444785_421421819_0,70.0,61.84,60.2,60.28,-8.16
4583446057_6356524733_0,70.0,55.76,65.41,64.15,-14.24
4583448270_248924102_0,75.0,62.24,59.82,59.4,-12.76
4583449830_2051214224_0,60.0,50.45,50.77,53.1,-9.55
4583449830_4582710121_0,60.0,50.41,51.88,52.3,-9.59
4583456667_727417615_0,70.0,59.7,61.73,59.4,-10.3
4583456669_727417625_0,70.0,59.7,62.95,60.5,-10.3
4585568063_956426952_0,60.0,44.43,51.06,54.5,-15.57
4585568063_2051213522_0,60.0,44.41,52.02,54.75,-15.59
4585568065_2051213987_0,60.0,45.31,52.84,54.3,-14.69
4585568067_4585568068_0,60.0,45.24,52.5,54.25,-14.76
4585568067_4585568065_0,60.0,45.19,53.5,54.35,-14.81
4585568068_956427161_0,60.0,45.23,50.09,54.25,-14.77
4585568069_1560710108_0,60.0,50.07,55.08,54.6,-9.93
4585568069_1560709827_0,60.0,50.41,57.66,54.55,-9.59
4585571466_529438093_0,60.0,39.61,52.24,52.5,-20.39
4586091415_1875844565_0,60.0,48.86,52.81,54.55,-11.14
4586091415_1875844569_0,60.0,48.8,51.86,54.3,-11.2
4592730565_4592730566_0,65.0,58.0,56.9,58.15,-7.0
4592730565_1619563503_0,65.0,58.04,59.26,57.53,-6.96
4592730566_297326187_0,70.0,59.07,61.03,58.35,-10.93
4603369924_243066396_0,65.0,56.39,51.5,56.41,-8.61
4606932109_529438107_0,60.0,39.07,54.78,52.3,-20.93
4606932109_529438104_0,60.0,38.73,53.02,52.3,-21.27
4609862808_445852768_0,65.0,55.15,53.74,53.0,-9.85
4609862808_4609862811_0,65.0,55.38,55.28,54.32,-9.62
4609862811_471791904_0,70.0,55.95,55.53,55.05,-14.05
4612875306_265560296_0,75.0,60.4,62.42,61.05,-14.6
4612875306_3735134154_0,75.0,60.49,61.05,59.95,-14.51
4616613420_2700649121_0,60.0,54.4,49.71,48.15,-5.6
4618872349_4570843660_0,55.0,55.12,54.58,55.75,0.12
4620860540_956360631_0,60.0,51.99,37.7,53.1,-8.01
4620860540_4582681615_0,55.0,52.12,38.41,53.12,-2.88
4629227451_4754799867_0,65.0,59.63,58.34,59.5,-5.37
4629227451_213598364_0,70.0,59.65,63.55,60.1,-10.35
4634518743_425989132_0,65.0,56.96,59.01,57.8,-8.04
4634518743_4636137608_0,60.0,55.34,61.45,56.5,-4.66
4634518743_4634518744_0,65.0,57.04,60.89,59.65,-7.96
4634518744_2609492798_0,65.0,57.06,61.86,59.25,-7.94
4634518744_4634518743_0,65.0,57.04,60.89,59.65,-7.96
4636137608_2026401394_0,65.0,54.73,52.11,51.5,-10.27
4636137608_425989243_0,60.0,54.93,47.71,49.75,-5.07
4636137608_4634518743_0,60.0,55.34,61.45,56.5,-4.66
4636137639_927035654_0,55.0,51.6,46.66,50.06,-3.4
4636137647_425992962_0,55.0,54.03,53.87,52.2,-0.97
4636193775_2383653834_0,50.0,59.13,59.63,56.35,9.13
4636193775_5583212162_0,50.0,59.34,59.86,56.75,9.34
4636193775_4636193778_0,50.0,59.32,55.52,56.25,9.32
4636193778_2383653834_0,55.0,59.09,59.54,56.35,4.09
4636193778_5583212161_0,50.0,59.13,56.36,55.2,9.13
4636193778_4636193775_0,50.0,59.33,55.52,56.3,9.33
4637787280_4637787283_0,55.0,54.36,52.4,54.5,-0.64
4637787280_1547924660_0,55.0,54.82,57.58,55.9,-0.18
4637787283_4637787280_0,55.0,54.36,52.4,54.5,-0.64
4637787283_6269391432_0,50.0,54.36,49.44,54.46,4.36
4637787283_2669281786_0,55.0,54.73,57.82,56.7,-0.27
4663069112_263695639_0,80.0,61.55,63.49,63.49,-18.45
4663168562_265566034_0,60.0,55.21,52.54,55.2,-4.79
4671060097_263699272_0,75.0,66.76,66.45,65.05,-8.24
4674525313_263701677_0,70.0,59.92,61.21,59.75,-10.08
4674525313_263695700_0,70.0,60.67,62.21,59.0,-9.33
4674536487_4674525313_0,65.0,59.06,59.35,58.45,-5.94
4674536487_4675611391_0,65.0,58.37,58.85,58.05,-6.63
4674536797_1609386318_0,65.0,59.88,61.69,61.75,-5.12
4674536797_1062619959_0,75.0,62.81,63.53,64.1,-12.19
4675611391_263695698_0,65.0,58.25,56.67,57.1,-6.75
4685110320_263701675_0,75.0,60.9,59.37,59.7,-14.1
4685110320_263701684_0,70.0,59.18,58.06,60.65,-10.82
4685110320_263701681_0,65.0,60.45,61.1,59.2,-4.55
4693771910_419776139_0,70.0,62.62,60.7,62.4,-7.38
4693771910_935576593_0,75.0,59.45,60.96,59.95,-15.55
4694347985_1547924709_0,50.0,58.73,58.71,58.4,8.73
4694347985_5016357851_0,50.0,54.85,55.09,58.15,4.85
4696050080_11209112065_0,70.0,53.22,56.84,53.12,-16.78
4696050080_471333798_0,75.0,54.49,57.31,53.9,-20.51
4705250207_12238077215_0,60.0,35.36,52.82,52.8,-24.64
4705250209_12238077208_0,60.0,35.54,52.82,52.85,-24.46
4705250211_529437815_0,60.0,35.75,51.22,52.8,-24.25
4705250211_4705250209_0,60.0,35.63,53.64,52.75,-24.37
4705319734_156334164_0,75.0,66.39,64.43,64.35,-8.61
4705350638_1489191163_0,65.0,53.02,56.29,57.05,-11.98
4705350638_1489191091_0,60.0,52.35,51.98,54.65,-7.65
4713059054_2052937354_0,65.0,55.84,53.47,52.12,-9.16
4713059054_964926659_0,65.0,55.7,56.43,55.25,-9.3
4713059054_7411458180_0,60.0,56.48,57.85,55.25,-3.52
4714233513_427779185_0,60.0,51.47,48.67,48.1,-8.53
4730497269_1618940750_0,65.0,53.76,62.68,60.35,-11.24
4730497269_923085389_0,65.0,53.64,60.74,59.4,-11.36
4730591553_3094916259_0,70.0,57.68,54.94,56.7,-12.32
4730591553_939268362_0,70.0,62.74,66.16,63.9,-7.26
4737209824_265560614_0,75.0,59.32,65.39,60.85,-15.68
4739807730_1514339193_0,60.0,39.11,51.94,51.6,-20.89
4739807730_1514339136_0,60.0,38.44,53.22,51.25,-21.56
4740623760_919849177_0,60.0,49.4,51.96,55.9,-10.6
4754799867_4941736692_0,60.0,60.94,59.83,59.9,0.94
4763204217_428791502_0,65.0,54.35,58.63,57.1,-10.65
4781786283_1122581614_0,80.0,66.17,66.71,65.6,-13.83
4781786289_628109291_0,80.0,68.34,67.28,65.45,-11.66
4782886425_4782886552_0,75.0,60.98,61.86,61.12,-14.02
4782886425_30389454_0,75.0,62.92,64.03,64.25,-12.08
4782886552_3718664994_0,75.0,61.18,57.37,59.95,-13.82
4782886552_156249819_0,75.0,62.69,59.61,62.52,-12.31
4787240229_387126489_0,75.0,60.04,60.8,60.7,-14.96
4787240229_387126484_0,75.0,59.98,62.1,60.45,-15.02
4787240230_264538141_0,70.0,57.56,57.47,60.47,-12.44
4787240230_4787240229_0,65.0,56.06,59.11,58.0,-8.94
4813587813_420720281_0,60.0,50.44,50.34,47.45,-9.56
4813587813_4813587814_0,60.0,50.39,45.63,46.75,-9.61
4813587814_420703079_0,60.0,50.74,54.16,52.05,-9.26
4813587816_4813587813_0,60.0,50.33,47.54,47.25,-9.67
4813587816_4813587814_0,60.0,50.3,46.27,47.35,-9.7
4815026187_4815026190_0,50.0,60.38,46.59,48.49,10.38
4815026190_2381776569_0,60.0,61.18,50.14,53.35,1.18
4815026190_2381776571_0,60.0,61.54,50.07,53.35,1.54
4815026190_4815026187_0,50.0,60.38,46.59,48.49,10.38
4818671148_30438555_0,75.0,63.09,64.0,62.85,-11.91
4818671148_1354684754_0,70.0,61.09,63.7,61.85,-8.91
4819041555_263691808_0,65.0,59.35,66.35,60.85,-5.65
4819041557_3723965153_0,80.0,69.52,66.23,65.6,-10.48
4823697191_267197512_0,70.0,63.96,59.48,55.05,-6.04
4823697191_691479758_0,75.0,62.39,65.54,63.45,-12.61
4825449495_626876431_0,65.0,53.92,53.94,56.4,-11.08
4828964097_529120096_0,65.0,46.39,54.72,56.02,-18.61
4833587881_4833587889_0,50.0,40.52,50.34,54.65,-9.48
4833587889_956463874_0,50.0,40.56,49.86,54.25,-9.44
4836621977_4020601295_0,65.0,57.32,52.78,50.6,-7.68
4836621977_1619563247_0,70.0,57.19,50.97,48.9,-12.81
4838803747_420824686_0,70.0,56.66,63.12,62.55,-13.34
4838803748_1328388249_0,65.0,54.59,57.75,55.6,-10.41
4847094654_4847094655_0,65.0,52.53,48.81,55.25,-12.47
4847094654_1774543139_0,65.0,54.14,51.72,56.2,-10.86
4847094655_529438056_0,60.0,52.65,49.49,54.65,-7.35
4853353022_59751392_0,75.0,66.28,65.27,62.9,-8.72
4865256995_934030430_0,75.0,61.67,62.86,61.7,-13.33
4865256995_265560305_0,75.0,61.42,60.75,59.55,-13.58
4876652148_2383731476_0,70.0,56.62,65.71,63.05,-13.38
4897603954_265566078_0,70.0,59.82,66.11,60.8,-10.18
4897603954_2229051251_0,70.0,63.6,65.25,61.0,-6.4
4901650450_4901650456_0,60.0,58.31,64.51,62.6,-1.69
4901650450_441389561_0,60.0,57.68,66.3,63.1,-2.32
4901650456_4901650450_0,60.0,58.31,64.51,62.6,-1.69
4901650456_2052937346_0,60.0,57.43,59.55,57.6,-2.57
4901650456_611752142_0,60.0,57.11,61.24,57.4,-2.89
4902045743_3723965153_0,75.0,63.87,66.78,65.55,-11.13
4902045743_263691794_0,75.0,63.8,68.16,65.0,-11.2
4902847918_919682882_0,60.0,54.19,59.55,63.75,-5.81
4902847918_7553862895_0,70.0,52.68,59.9,62.35,-17.32
4902847918_4902849022_0,70.0,52.53,61.28,62.05,-17.47
4902847920_4902849022_0,75.0,57.32,66.23,65.75,-17.68
4902847920_4902847918_0,70.0,54.93,62.29,64.3,-15.07
4902849022_7553862895_0,75.0,57.52,66.57,66.0,-17.48
4902849022_264117330_0,75.0,52.49,61.61,62.2,-22.51
4941631527_1514633328_0,60.0,35.19,51.75,52.8,-24.81
4941631527_1514633133_0,60.0,35.55,52.49,52.8,-24.45
4941631528_1514633028_0,65.0,35.71,51.75,52.65,-29.29
4941631528_4271419835_0,65.0,35.64,51.75,52.8,-29.36
4941736692_213598545_0,70.0,62.17,61.9,60.6,-7.83
4947802351_3103515129_0,60.0,47.99,64.92,58.8,-12.01
4955745916_387126620_0,65.0,56.2,58.35,57.9,-8.8
4955745916_264538152_0,70.0,56.27,60.77,57.8,-13.73
4993305198_1599289940_0,70.0,57.85,62.7,59.25,-12.15
5008090455_1340619264_0,75.0,62.99,63.44,60.5,-12.01
5016357851_5016357853_0,55.0,58.29,57.01,58.92,3.29
5016357853_4567061596_0,50.0,54.8,55.06,58.45,4.8
5016357853_1547924655_0,50.0,58.4,56.28,59.08,8.4
5026581964_265563544_0,60.0,56.22,56.33,56.15,-3.78
5026581964_213741684_0,65.0,56.38,58.48,56.9,-8.62
5032239717_534595545_0,65.0,41.13,52.53,54.55,-23.87
5032239717_529119887_0,65.0,41.18,53.52,55.4,-23.82
5032306515_956262922_0,55.0,36.78,45.24,42.29,-18.22
5032306515_5032306520_0,60.0,35.79,48.83,42.77,-24.21
5032306520_5032306515_0,60.0,35.79,48.83,42.77,-24.21
5037651216_287561247_0,55.0,63.67,65.98,63.02,8.67
5041496420_288595525_0,75.0,61.63,66.76,63.3,-13.37
5041496420_5041498222_0,70.0,57.87,65.31,63.3,-12.13
5041498222_264528913_0,65.0,56.74,62.25,59.55,-8.26
5041498222_264528903_0,45.0,56.82,59.53,57.12,11.82
5062002173_919682879_0,75.0,57.1,62.84,65.4,-17.9
5062002173_5062002175_0,70.0,57.8,66.4,66.2,-12.2
5062002175_1129767831_0,75.0,56.73,59.85,58.95,-18.27
5062002175_6610976728_0,70.0,57.78,62.48,65.8,-12.22
5109959745_41145781_0,75.0,62.48,64.67,64.7,-12.52
5129353711_263695626_0,65.0,56.0,54.6,58.2,-9.0
5129353711_263695674_0,70.0,55.49,56.11,58.25,-14.51
5165214122_410188423_0,65.0,58.9,57.38,59.4,-6.1
5165214122_248924059_0,65.0,57.92,55.93,54.65,-7.08
5168684776_449832926_0,65.0,54.4,54.85,55.25,-10.6
5201012344_249350254_0,65.0,56.48,58.03,57.18,-8.52
5201012344_420528889_0,70.0,58.02,56.89,57.55,-11.98
5201012344_249350260_0,65.0,56.96,56.68,56.21,-8.04
5219776931_30438508_0,65.0,57.67,54.19,53.85,-7.33
5219776931_4226030865_0,65.0,58.28,59.84,55.25,-6.72
5246209877_5246209878_0,55.0,46.46,55.62,58.08,-8.54
5246209877_11225113692_0,55.0,45.58,53.75,55.28,-9.42
5246209877_11225113691_0,60.0,46.46,63.32,57.78,-13.54
5246209878_5246209877_0,55.0,46.46,55.62,58.08,-8.54
5246209878_5246209879_0,55.0,46.64,56.52,58.6,-8.36
5246209878_5246209880_0,65.0,46.87,60.42,58.22,-18.13
5246209879_5246209878_0,55.0,46.64,56.52,58.6,-8.36
5246209880_812173811_0,70.0,53.79,64.47,65.55,-16.21
5246209880_919911330_0,70.0,53.1,62.64,64.55,-16.9
5246209880_5246209878_0,65.0,46.87,60.42,58.22,-18.13
5256324914_297339977_0,65.0,58.84,60.97,57.15,-6.16
5256324915_5256325321_0,65.0,56.18,50.75,53.1,-8.82
5256324916_297339893_0,65.0,59.13,60.83,57.05,-5.87
5256324916_297339944_0,65.0,59.95,60.18,57.85,-5.05
5256324917_10784556181_0,65.0,59.84,59.7,59.3,-5.16
5256325321_5256324914_0,60.0,57.18,61.41,57.3,-2.82
5256325321_5315466298_0,65.0,56.56,59.18,58.3,-8.44
5259804412_263701653_0,65.0,59.38,59.3,57.95,-5.62
5259804412_263701610_0,65.0,59.55,59.5,58.55,-5.45
5259804412_296385772_0,65.0,59.31,58.09,58.2,-5.69
5267782822_5267782834_0,55.0,50.64,52.07,52.75,-4.36
5267782822_13087486917_0,55.0,50.55,50.85,53.8,-4.45
5267782834_5267792122_0,55.0,50.47,50.96,53.45,-4.53
5267782834_11580397453_0,60.0,50.75,53.85,54.2,-9.25
5267792122_5267782834_0,55.0,50.47,50.96,53.45,-4.53
5267826483_919911337_0,65.0,43.77,54.36,56.0,-21.23
5267826483_6270440636_0,60.0,43.89,56.06,55.85,-16.11
5269865947_1384762199_0,60.0,52.0,52.89,54.25,-8.0
5270039765_825340781_0,45.0,59.83,62.45,63.4,14.83
5272477533_2634978740_0,70.0,60.14,62.92,60.1,-9.86
5272477533_934030451_0,75.0,61.51,62.74,60.05,-13.49
5272477533_934030466_0,75.0,61.77,61.05,60.0,-13.23
5272774172_265560279_0,75.0,61.65,63.63,62.95,-13.35
5272774172_941376313_0,75.0,62.15,61.5,62.72,-12.85
5286784306_934030443_0,65.0,58.0,60.46,60.9,-7.0
5286784306_4415532165_0,65.0,58.07,66.46,59.85,-6.93
5299309915_30438543_0,65.0,65.84,68.59,66.3,0.84
5299350694_5299350695_0,50.0,52.77,58.4,55.02,2.77
5299350695_5299350694_0,50.0,52.77,58.4,55.02,2.77
5299350695_1547924602_0,55.0,56.35,58.22,57.2,1.35
5299350698_5299350695_0,45.0,52.44,52.66,54.02,7.44
5299350703_1537272347_0,55.0,53.86,49.37,51.75,-1.14
5299350703_1547924727_0,55.0,53.67,55.6,54.45,-1.33
5299359669_5299359671_0,50.0,55.89,58.92,56.18,5.89
5299359671_1547924727_0,50.0,55.28,59.97,55.75,5.28
5299359673_5299359676_0,50.0,52.88,57.53,54.58,2.88
5299359673_5299359676_1,55.0,56.23,56.94,56.18,1.23
5299359676_5299350695_0,55.0,56.1,58.09,56.52,1.1
5313712920_1326394161_0,60.0,55.77,53.76,56.5,-4.23
5313712920_5313712920_0,60.0,54.88,50.62,51.78,-5.12
5315466298_2985755663_0,60.0,60.17,65.06,62.25,0.17
5315544442_5315544444_0,65.0,60.62,60.49,58.52,-4.38
5315544444_2554593015_0,70.0,61.0,62.37,63.4,-9.0
5315544444_625896610_0,70.0,60.19,55.88,55.42,-9.81
5315549628_5315549629_0,70.0,56.55,51.25,53.8,-13.45
5315549628_265560706_0,70.0,56.64,52.55,53.55,-13.36
5315549629_265560706_0,70.0,56.69,52.17,53.55,-13.31
5315549629_265027045_0,70.0,57.41,54.62,55.8,-12.59
5335845445_2308903380_0,50.0,64.11,54.28,53.15,14.11
5335845445_9248572921_0,50.0,65.06,54.83,53.2,15.06
5335845445_2308903376_0,50.0,65.05,55.71,53.25,15.05
5341285320_267195694_0,65.0,54.07,57.88,51.6,-10.93
5341285320_267195867_0,65.0,53.77,58.38,51.75,-11.23
5341285320_4361457003_0,65.0,54.79,63.27,59.45,-10.21
5341285320_267196196_0,70.0,53.51,56.09,51.2,-16.49
5343674063_303680573_0,70.0,59.91,59.2,63.15,-10.09
5343674063_611075058_0,70.0,62.19,61.29,63.8,-7.81
5359959126_288567455_0,55.0,52.1,53.6,52.9,-2.9
5361910978_626876206_0,70.0,57.72,60.25,57.79,-12.28
5361910978_5361910979_0,55.0,55.27,58.23,57.6,0.27
5361910979_626876206_0,55.0,54.49,55.59,54.55,-0.51
5361910979_626876183_0,55.0,55.08,54.46,54.5,0.08
5361910979_5361910978_0,55.0,55.27,58.23,57.6,0.27
5362161584_471784714_0,65.0,51.71,58.88,60.0,-13.29
5362161584_471784772_0,70.0,56.55,61.3,57.07,-13.45
5370032554_1994272940_0,55.0,53.72,53.21,54.8,-1.28
5370032554_1538515025_0,50.0,53.65,52.51,54.55,3.65
5370032554_1537860554_0,55.0,53.62,53.79,54.65,-1.38
5372364825_481385966_0,50.0,57.19,62.72,55.5,7.19
5372409670_4838803748_0,50.0,52.8,54.46,53.7,2.8
5373960823_5420167954_0,65.0,58.84,56.77,50.95,-6.16
5373960825_1146352851_0,70.0,58.56,52.04,51.85,-11.44
5374848926_1974331678_0,45.0,55.93,55.23,54.15,10.93
5378015078_257886204_0,70.0,63.9,64.92,64.55,-6.1
5378015078_264541618_0,70.0,63.12,61.69,62.0,-6.88
5378015078_762058853_0,70.0,63.61,62.73,61.15,-6.39
5378015078_59754256_0,75.0,63.46,58.7,61.75,-11.54
5380869424_287952157_0,65.0,56.21,58.94,57.85,-8.79
5380869424_625897216_0,60.0,55.31,58.81,59.0,-4.69
5386943250_2671566081_0,45.0,50.24,53.94,53.7,5.24
5386943250_1618940768_0,60.0,52.59,53.53,54.78,-7.41
5392899893_442118300_0,60.0,54.31,52.84,53.8,-5.69
5392899904_442118214_0,55.0,53.88,52.32,52.85,-1.12
5406069771_529120108_0,65.0,43.35,55.05,57.92,-21.65
5413262821_1774944227_0,50.0,37.74,51.08,53.65,-12.26
5413262822_5413262824_0,50.0,37.59,47.79,52.7,-12.41
5413262824_1776104912_0,50.0,36.52,53.82,53.75,-13.48
5413262824_5413262825_0,50.0,36.29,51.25,54.3,-13.71
5413262824_5413262822_0,50.0,37.59,47.79,52.7,-12.41
5413262825_1776104883_0,50.0,36.7,51.47,54.25,-13.3
5413262825_5413262826_0,50.0,35.96,51.25,55.15,-14.04
5413262825_5413262824_0,50.0,36.29,51.25,54.3,-13.71
5413262826_1776105185_0,50.0,35.61,54.71,54.2,-14.39
5413262826_1776104952_0,50.0,36.42,53.0,54.6,-13.58
5413262826_5413262825_0,50.0,35.96,51.25,55.15,-14.04
5420167954_5373960823_0,65.0,58.84,56.77,50.95,-6.16
5424484577_421373491_0,65.0,54.16,51.45,53.8,-10.84
5435518600_5424484577_0,60.0,54.54,51.09,52.55,-5.46
5435518600_6602955691_0,55.0,54.46,53.14,53.46,-0.54
5435518602_5424484577_0,60.0,54.52,50.2,52.6,-5.48
5435518602_5435518600_0,60.0,54.66,52.61,53.32,-5.34
5453990533_297339985_0,70.0,56.5,57.12,55.25,-13.5
5453990533_297339980_0,70.0,56.84,56.03,54.7,-13.16
5492173245_1561547365_0,60.0,58.24,53.04,58.7,-1.76
5492173245_1524409114_0,60.0,57.45,54.32,59.4,-2.55
5492173245_7380614152_0,50.0,51.16,54.12,54.4,1.16
5499087491_1246280832_0,60.0,55.71,64.05,62.45,-4.29
5499087491_421373491_0,50.0,55.09,55.3,62.9,5.09
5550020029_265560379_0,70.0,57.05,56.21,57.1,-12.95
5566205017_297339967_0,60.0,56.58,53.9,51.1,-3.42
5583212161_4636193778_0,50.0,59.13,56.36,55.2,9.13
5583212162_4636193775_0,50.0,59.34,59.86,56.75,9.34
5613309301_265560594_0,65.0,58.55,56.59,57.85,-6.45
5613309302_265560590_0,65.0,57.36,57.43,56.15,-7.64
5630511588_296483971_0,70.0,59.49,59.1,59.3,-10.51
5630511588_1619563177_0,70.0,64.96,63.23,64.35,-5.04
5657370695_296397491_0,75.0,59.01,52.1,53.7,-15.99
5657370695_296397481_0,70.0,59.16,52.06,53.05,-10.84
5657370711_296397486_0,70.0,60.72,57.87,57.65,-9.28
5657370711_296397488_0,75.0,59.86,54.97,56.15,-15.14
5692458813_1774944217_0,50.0,37.41,51.95,54.45,-12.59
5745763122_8303477665_0,65.0,57.85,60.49,59.95,-7.15
5745763122_274103554_0,70.0,58.12,60.07,60.16,-11.88
5774532017_9926981463_0,75.0,65.46,59.29,59.82,-9.54
5774532017_930287854_0,75.0,66.69,62.92,65.1,-8.31
5774532022_616518620_0,65.0,57.16,58.69,57.7,-7.84
5774532022_11580083898_0,70.0,57.87,60.01,59.15,-12.13
5779747350_6358447609_0,70.0,60.53,55.64,55.1,-9.47
5779747351_444585085_0,75.0,64.18,58.08,59.68,-10.82
5779747351_444585733_0,75.0,64.88,61.25,59.6,-10.12
5779747351_6358447609_0,75.0,60.61,54.27,55.45,-14.39
5779747352_6358447609_0,70.0,61.35,63.1,58.4,-8.65
5779747352_444585733_0,75.0,63.32,57.68,59.85,-11.68
5794188264_385141262_0,70.0,60.64,58.87,59.15,-9.36
5794188264_3049220536_0,65.0,60.36,62.97,59.95,-4.64
5801949434_5801949436_0,50.0,48.89,57.33,55.05,-1.11
5801949436_5801949441_0,45.0,52.05,58.43,54.9,7.05
5801949436_5801949438_0,45.0,49.27,57.61,55.05,4.27
5801949441_5801949448_0,50.0,51.32,57.01,54.95,1.32
5801949441_5801949436_0,45.0,52.05,58.43,54.9,7.05
5801949442_5801949448_0,50.0,49.68,54.37,56.28,-0.32
5801949446_5801949447_0,50.0,52.72,54.91,56.55,2.72
5801949447_5801949449_0,45.0,53.12,53.89,56.55,8.12
5801949447_5801949446_0,50.0,52.72,54.91,56.55,2.72
5801949448_5801949442_0,50.0,49.68,54.37,56.28,-0.32
5801949450_5801949441_0,45.0,51.34,57.71,55.25,6.34
5808132620_270435076_0,55.0,58.67,68.28,68.65,3.67
5808132622_5808132620_0,55.0,58.6,70.07,68.7,3.6
5808132629_270435104_0,50.0,60.11,63.19,67.3,10.11
5808138293_5808138298_0,45.0,49.76,53.06,51.4,4.76
5808138298_11519499063_0,60.0,51.05,52.37,51.35,-8.95
5808138298_473833155_0,60.0,51.52,52.57,54.12,-8.48
5808138298_5808138293_0,45.0,49.76,53.06,51.4,4.76
5810644646_956427095_0,60.0,47.41,51.84,53.75,-12.59
5810644646_956426790_0,60.0,47.85,54.22,54.1,-12.15
5810644646_5810644649_0,60.0,47.58,55.02,53.9,-12.42
5810644647_956426985_0,55.0,47.31,52.39,54.0,-7.69
5810644647_956426867_0,60.0,47.4,51.84,54.1,-12.6
5810644648_956426867_0,60.0,47.55,49.95,53.3,-12.45
5810644648_5810644647_0,55.0,47.5,51.59,53.7,-7.5
5810644649_956427030_0,60.0,48.35,54.6,53.9,-11.65
5810751573_5810751582_0,65.0,42.79,58.57,57.1,-22.21
5810751573_815080444_0,70.0,42.83,57.28,57.0,-27.17
5810751582_12986399474_0,65.0,42.8,59.04,56.08,-22.2
5816259374_335613905_0,75.0,55.78,64.8,63.5,-19.22
5833396406_1499310054_0,45.0,73.32,69.76,67.1,28.32
5838250123_529120078_0,65.0,46.98,57.58,59.27,-18.02
5838307536_8027679295_0,50.0,42.72,48.47,52.9,-7.28
5838307536_7689416409_0,50.0,42.86,48.5,52.5,-7.14
5838307536_2351502741_0,60.0,43.12,56.66,54.75,-16.88
5838307536_2424320148_0,60.0,42.93,51.35,53.82,-17.07
5840037756_1774943267_0,55.0,39.64,51.69,48.06,-15.36
5840037756_5840037757_0,50.0,39.92,49.4,47.62,-10.08
5840037756_5856998713_0,50.0,39.57,51.34,48.0,-10.43
5840037757_5856998714_0,55.0,40.0,48.57,48.16,-15.0
5840037757_5840037756_0,50.0,39.92,49.4,47.62,-10.08
5840037757_534013988_0,55.0,40.06,49.95,48.06,-14.94
5848576739_1312329074_0,75.0,55.49,63.68,62.65,-19.51
5848576739_5816259374_0,75.0,52.11,54.43,58.1,-22.89
5856195481_2423110134_0,60.0,56.95,56.55,57.5,-3.05
5856195594_297498267_0,60.0,57.42,56.39,55.2,-2.58
5856195595_297498269_0,65.0,57.71,55.64,54.9,-7.29
5856998713_1774943137_0,50.0,39.61,50.46,48.0,-10.39
5856998713_5856998714_0,45.0,38.39,47.91,47.82,-6.61
5856998713_5840037756_0,50.0,39.57,51.34,48.0,-10.43
5856998714_534013987_0,50.0,40.05,50.16,48.16,-9.95
5856998714_5840037757_0,55.0,40.0,48.57,48.16,-15.0
5856998714_5856998713_0,45.0,38.39,47.91,47.82,-6.61
5857358632_1774943267_0,55.0,39.58,52.55,47.96,-15.42
5857358644_534014014_0,60.0,42.0,56.27,46.55,-18.0
5882347245_534013988_0,45.0,39.98,50.63,48.13,-5.02
5891619088_30389470_0,75.0,62.22,61.31,61.4,-12.78
5891619088_1268313956_0,75.0,65.41,61.92,62.57,-9.59
5896466703_1547924720_0,50.0,53.16,51.25,50.15,3.16
5896466703_1547924784_0,50.0,53.92,58.25,54.45,3.92
5896466703_5896466707_0,45.0,51.66,51.73,54.95,6.66
5896466707_5896466720_0,50.0,53.16,50.55,50.2,3.16
5896466707_1547924699_0,55.0,53.7,54.88,53.9,-1.3
5896466709_5896466714_0,45.0,52.33,53.27,53.78,7.33
5896466709_12238594491_0,50.0,52.28,53.48,53.28,2.28
5896466709_5896466716_0,50.0,55.59,57.88,55.98,5.59
5896466710_1547924660_0,60.0,56.08,58.37,56.15,-3.92
5896466711_5896466710_0,55.0,56.14,56.51,55.62,1.14
5896466711_5896466713_0,45.0,52.39,51.41,54.02,7.39
5896466713_5896466710_0,50.0,52.61,54.44,54.22,2.61
5896466713_5896466714_0,45.0,52.0,46.14,48.26,7.0
5896466714_5896466716_0,45.0,52.32,51.99,53.88,7.32
5896466714_5896466713_0,45.0,52.0,46.14,48.26,7.0
5896466716_12238594489_0,50.0,55.58,57.5,55.82,5.58
5896466720_5896466707_0,50.0,53.16,50.55,50.2,3.16
5896466720_1547924720_0,50.0,53.15,51.82,50.1,3.15
5896466729_5896466735_0,45.0,52.24,54.42,54.72,7.24
5896466729_5896466731_0,45.0,51.75,52.78,55.28,6.75
5896466729_5896466731_1,50.0,55.45,53.99,56.18,5.45
5896466731_1537860553_0,55.0,55.06,56.01,56.15,0.06
5896466733_2617154344_0,50.0,56.52,57.31,56.05,6.52
5896466733_5896466734_0,50.0,52.91,53.31,54.98,2.91
5896466734_5896466735_0,50.0,52.99,53.32,54.48,2.99
5896466735_5896466734_0,50.0,52.99,53.32,54.48,2.99
5896466735_2617154344_0,50.0,52.82,52.17,55.02,2.82
5896903697_1547924766_0,50.0,54.02,55.96,56.05,4.02
5896903697_6269369122_0,50.0,53.71,55.0,54.28,3.71
5896903700_1547924818_0,50.0,53.66,53.71,55.82,3.66
5896903700_1547924865_0,50.0,53.47,53.9,55.18,3.47
5896903700_5896903697_0,45.0,51.9,53.92,54.21,6.9
5899064967_2026401397_0,60.0,53.81,47.03,49.75,-6.19
5899064967_2026401391_0,60.0,53.74,49.33,49.5,-6.26
5899064967_5899064969_0,60.0,53.77,48.74,50.25,-6.23
5899088279_6017829329_0,50.0,51.66,51.75,54.55,1.66
5899088279_1547924577_0,60.0,53.26,52.07,54.85,-6.74
5899088284_1537860550_0,50.0,53.49,56.73,55.8,3.49
5899088284_1537860547_0,45.0,51.02,50.4,50.5,6.02
5899091889_1537860540_0,50.0,51.56,53.72,54.65,1.56
5899091889_1537860540_1,60.0,53.57,54.83,55.65,-6.43
5910312289_296404705_0,65.0,55.1,56.48,54.8,-9.9
5910312289_5910312290_0,70.0,54.93,54.01,55.25,-15.07
5910312290_263373091_0,75.0,54.99,58.67,54.35,-20.01
5912557482_6602841180_0,55.0,54.33,51.99,51.05,-0.67
5916635347_296912422_0,75.0,64.82,65.29,65.7,-10.18
5931135371_2383692451_0,50.0,51.99,50.86,52.22,1.99
5931135371_2383692442_0,55.0,51.28,52.21,53.55,-3.72
5931135372_2383692437_0,50.0,52.57,50.75,53.38,2.57
5931135372_2383692434_0,55.0,51.75,53.8,53.55,-3.25
5954403023_692965976_0,65.0,53.46,55.07,56.95,-11.54
5954403023_1267575530_0,75.0,54.38,59.1,57.0,-20.62
5967690494_1499310030_0,45.0,74.32,67.61,66.0,29.32
5967690511_7861679510_0,65.0,49.9,54.23,58.05,-15.1
5998830592_5998830592_0,60.0,56.22,54.63,52.7,-3.78
5998830592_387126532_0,60.0,56.69,55.64,52.35,-3.31
6017829329_1537860551_0,60.0,55.73,57.92,56.32,-4.27
6017829329_1547924602_0,60.0,55.84,59.09,56.65,-4.16
6086540165_1537272423_0,50.0,52.15,51.44,51.4,2.15
6086540165_1547924948_0,50.0,52.15,50.69,51.35,2.15
6086540168_1547924948_0,50.0,52.29,53.5,51.8,2.29
6086540169_6086540168_0,50.0,52.39,55.52,51.75,2.39
6086540172_1547924823_0,50.0,53.11,51.82,51.25,3.11
6086540175_6086540172_0,50.0,52.93,50.95,50.9,2.93
6086674261_335613924_0,65.0,51.04,46.17,46.4,-13.96
6086674261_335613919_0,65.0,51.47,56.26,52.75,-13.53
6184949385_683834219_0,75.0,58.38,61.02,62.7,-16.62
6184949385_6184949388_0,75.0,55.09,57.6,57.85,-19.91
6184949388_267197531_0,75.0,60.14,58.47,61.06,-14.86
6200733587_1875844652_0,60.0,46.99,53.57,52.5,-13.01
6200733587_6200733590_0,60.0,47.08,50.94,52.85,-12.92
6200733590_2051214272_0,60.0,47.27,51.24,52.22,-12.73
6201382102_534014014_0,60.0,43.92,45.58,48.4,-16.08
6201382102_534014011_0,60.0,43.56,47.77,48.45,-16.44
6202899754_534013991_0,50.0,40.99,49.09,48.45,-9.01
6202899754_534014007_0,50.0,38.59,49.85,48.06,-11.41
6213123854_2379004902_0,50.0,49.96,48.81,51.85,-0.04
6221328231_442118052_0,55.0,54.65,56.58,58.2,-0.35
6249745383_296483934_0,75.0,67.12,65.25,63.8,-7.88
6267738495_420684464_0,60.0,55.43,50.55,51.25,-4.57
6267738495_6267738495_0,60.0,54.11,52.25,48.55,-5.89
6269369112_6269369115_0,50.0,53.77,55.53,52.02,3.77
6269369115_1547924766_0,50.0,54.25,57.37,55.78,4.25
6269369117_6269369119_0,50.0,53.15,56.87,53.1,3.15
6269369119_1547924893_0,50.0,53.26,58.3,52.65,3.26
6269369122_5896903697_0,50.0,53.71,55.0,54.28,3.71
6269369122_1547924818_0,50.0,53.71,54.25,54.71,3.71
6269391429_6269391432_0,50.0,54.21,52.18,54.0,4.21
6269391429_6269391432_1,45.0,52.37,52.67,53.3,7.37
6269391429_2068744942_0,50.0,54.64,57.47,56.0,4.64
6269391432_4637787283_0,50.0,54.36,49.44,54.46,4.36
6269391432_6269391429_0,50.0,54.21,52.18,54.0,4.21
6270440595_529120018_0,60.0,48.06,54.63,55.58,-11.94
6270440636_919911337_0,65.0,43.8,54.92,56.45,-21.2
6270440641_529120140_0,70.0,44.99,55.89,57.15,-25.01
6270440641_12797932721_0,65.0,46.14,56.07,56.25,-18.86
6297625031_248956765_0,75.0,64.72,63.83,63.45,-10.28
6297625031_249786730_0,75.0,64.62,58.09,62.95,-10.38
6310490476_611760546_0,70.0,58.59,60.68,58.45,-11.41
6310490476_436623592_0,70.0,58.79,61.63,58.65,-11.21
6310490476_611760549_0,65.0,56.65,56.51,57.55,-8.35
6332140524_6332140526_0,65.0,54.55,62.42,57.45,-10.45
6332140524_420699754_0,65.0,54.61,61.94,59.5,-10.39
6332140526_6332140524_0,65.0,54.55,62.42,57.45,-10.45
6332140526_420684730_0,65.0,54.82,58.78,56.0,-10.18
6338235587_267825176_0,65.0,55.05,51.9,49.6,-9.95
6338235587_267825164_0,65.0,54.97,50.65,50.15,-10.03
6346130516_263795336_0,70.0,62.73,63.17,63.35,-7.27
6351815640_5372409670_0,55.0,52.69,51.54,51.65,-2.31
6351815640_6351815644_0,55.0,52.69,57.67,55.35,-2.31
6351815642_5372409670_0,55.0,52.83,51.43,52.4,-2.17
6351815642_6351815640_0,55.0,52.92,52.8,52.2,-2.08
6351815644_6351815640_0,55.0,52.69,57.67,55.25,-2.31
6351815644_4838803747_0,65.0,52.75,57.46,58.05,-12.25
6351815645_6351815644_0,65.0,52.53,55.72,58.5,-12.47
6351815645_4838803747_0,70.0,56.11,63.8,62.4,-13.89
6356524733_1328388855_0,70.0,55.72,65.39,64.15,-14.28
6356524733_420822640_0,70.0,55.32,66.41,64.0,-14.68
6358447603_524680249_0,75.0,64.02,59.1,60.62,-10.98
6358447603_6594204042_0,75.0,64.46,63.5,60.3,-10.54
6358447609_5779747350_0,70.0,60.53,55.64,55.1,-9.47
6358447609_5779747351_0,75.0,60.61,54.27,55.45,-14.39
6361013448_1111796518_0,75.0,62.39,70.23,69.45,-12.61
6374352368_481368799_0,45.0,54.0,64.96,55.65,9.0
6374466526_1123743274_0,75.0,62.13,65.97,64.95,-12.87
6374466526_297340111_0,70.0,58.68,60.81,58.8,-11.32
6374569326_387126532_0,60.0,57.21,56.28,53.2,-2.79
6374569331_387126532_0,65.0,56.89,58.49,55.8,-8.11
6374569331_387126530_0,65.0,57.24,61.48,58.75,-7.76
6374569332_387126530_0,65.0,60.42,65.78,62.9,-4.58
6374569332_6374569331_0,65.0,57.27,61.42,58.95,-7.73
6382006384_263689601_0,75.0,61.95,62.25,61.25,-13.05
6382006384_263689624_0,75.0,62.44,61.78,60.9,-12.56
6388085332_263795333_0,65.0,58.73,57.97,59.15,-6.27
6388253338_6761865171_0,50.0,56.0,63.72,63.9,6.0
6388253338_268886955_0,55.0,57.73,59.9,62.1,2.73
6388253338_8623192981_0,50.0,53.21,54.64,58.3,3.21
6421780455_436617881_0,65.0,57.12,59.73,54.45,-7.88
6423134704_1246280706_0,65.0,56.28,52.5,52.9,-8.72
6423134704_2973004339_0,65.0,57.51,67.8,62.2,-7.49
6429274822_428950719_0,70.0,57.07,57.85,59.0,-12.93
6436864566_266328896_0,85.0,63.44,64.43,64.85,-21.56
6436864566_937843926_0,85.0,69.23,66.63,65.15,-15.77
6440922581_296483955_0,75.0,65.36,66.76,66.1,-9.64
6440922581_263701657_0,75.0,66.66,63.69,65.95,-8.34
6445597086_1547924861_0,50.0,52.4,48.19,51.1,2.4
6445597088_1547924899_0,50.0,51.82,52.96,51.35,1.82
6445597103_6445597106_0,50.0,51.29,51.65,51.45,1.29
6445597104_6445597103_0,50.0,51.16,51.68,51.6,1.16
6445597106_1547924899_0,50.0,51.62,51.23,50.9,1.62
6445597108_6445597104_0,50.0,50.9,49.29,51.4,0.9
6446605842_422871436_0,65.0,58.95,59.48,58.95,-6.05
6446605842_6446605845_0,65.0,59.0,60.53,58.65,-6.0
6446605845_6446605842_0,65.0,59.0,60.53,58.65,-6.0
6446605845_1979430012_0,65.0,58.83,59.96,58.8,-6.17
6451361456_2026401387_0,60.0,52.68,47.36,46.65,-7.32
6453104498_2026401459_0,60.0,56.41,57.31,58.12,-3.59
6453104498_441390254_0,65.0,57.28,56.18,57.38,-7.72
6453104501_57302218_0,65.0,57.01,55.49,54.5,-7.99
6453104501_704769200_0,65.0,57.21,57.41,57.98,-7.79
6469490509_263340819_0,75.0,61.85,65.63,63.6,-13.15
6469490509_6469490510_0,70.0,61.7,65.94,63.38,-8.3
6469490510_297511677_0,70.0,61.7,62.49,61.88,-8.3
6469490510_6469490509_0,70.0,61.68,65.94,63.32,-8.32
6482509181_473819691_0,55.0,50.75,50.03,51.3,-4.25
6504781145_1697582427_0,60.0,57.82,53.93,55.45,-2.18
6514945880_529120151_0,65.0,46.02,51.8,55.05,-18.98
6514945880_919904691_0,70.0,47.14,53.67,55.9,-22.86
6515317256_1616950120_0,70.0,62.14,64.56,60.85,-7.86
6515317256_6515317258_0,65.0,58.35,60.62,58.15,-6.65
6515317258_6515317256_0,65.0,58.35,60.62,58.15,-6.65
6515317268_626874294_0,65.0,56.79,56.11,55.95,-8.21
6515317269_939964968_0,70.0,60.57,55.4,56.65,-9.43
6515317269_6515317268_0,70.0,57.37,55.23,55.65,-12.63
6515407254_355738502_0,70.0,54.97,58.14,60.12,-15.03
6515407254_355738501_0,70.0,55.04,60.46,60.02,-14.96
6516304474_616518656_0,75.0,56.83,59.57,57.7,-18.17
6516334685_6516334688_0,75.0,63.93,62.76,61.65,-11.07
6516334685_6516334693_0,75.0,60.68,63.92,61.4,-14.32
6516334687_256621266_0,75.0,63.27,67.77,63.2,-11.73
6516334687_6516334685_0,75.0,61.01,63.8,61.25,-13.99
6516334688_387126608_0,75.0,63.92,62.73,61.3,-11.08
6516334693_6516334694_0,75.0,60.53,64.83,61.55,-14.47
6516334694_387126484_0,75.0,60.47,64.25,61.4,-14.53
6516334694_6516334688_0,75.0,60.48,63.94,61.45,-14.52
6519047121_932312650_0,70.0,60.8,64.1,57.6,-9.2
6519091322_4460776547_0,70.0,47.64,56.24,57.15,-22.36
6519091322_6514945880_0,70.0,47.03,55.71,57.25,-22.97
6519099069_1489191091_0,65.0,52.12,54.94,56.45,-12.88
6519099069_1489191167_0,65.0,52.8,55.09,58.0,-12.2
6519099069_6519099070_0,60.0,51.9,54.12,56.85,-8.1
6519099070_6519099069_0,60.0,51.9,54.12,56.85,-8.1
6519116884_529120086_0,65.0,46.7,54.6,56.74,-18.3
6519116884_6519133385_0,65.0,46.61,53.25,55.79,-18.39
6519133385_529120092_0,65.0,46.09,56.0,56.09,-18.91
6521175200_1146352851_0,65.0,58.47,55.83,52.4,-6.53
6536867811_10120616888_0,65.0,57.57,60.06,58.8,-7.43
6536867813_6429274822_0,70.0,57.07,58.12,58.85,-12.93
6555855530_4303288326_0,65.0,55.86,53.34,55.8,-9.14
6567906180_6567906182_0,60.0,57.15,53.22,54.1,-2.85
6567906180_6567931491_0,60.0,57.12,52.83,54.15,-2.88
6567906182_6567906184_0,60.0,57.22,53.24,54.25,-2.78
6567906182_1490641531_0,60.0,57.16,53.74,54.15,-2.84
6567906184_1490641532_0,60.0,57.35,53.89,54.05,-2.65
6567931491_265044023_0,60.0,56.82,54.41,53.5,-3.18
6594204042_471341535_0,75.0,61.18,67.65,62.38,-13.82
6594204042_264535905_0,75.0,64.04,64.22,62.45,-10.96
6602841180_3739130288_0,60.0,54.18,52.6,51.62,-5.82
6602955691_3739130293_0,60.0,54.33,54.29,53.18,-5.67
6602955691_5435518600_0,55.0,54.46,53.14,53.46,-0.54
6606441630_297523318_0,75.0,67.07,69.66,68.2,-7.93
6606441630_6606441633_0,75.0,58.93,64.17,66.8,-16.07
6606441633_297523318_0,75.0,58.87,68.95,67.05,-16.13
6606441633_297523322_0,60.0,57.09,67.3,65.05,-2.91
6610976728_919849178_0,70.0,57.67,62.46,65.7,-12.33
6624819428_1618842974_0,65.0,54.92,58.62,57.7,-10.08
6624819431_422871122_0,65.0,54.11,57.58,57.05,-10.89
6624819431_6624819428_0,60.0,52.14,53.26,55.1,-7.86
6700083071_1537272302_0,50.0,55.39,58.42,55.25,5.39
6731818517_1607095276_0,60.0,56.16,51.3,51.85,-3.84
6738099512_469990123_0,70.0,58.85,60.36,60.98,-11.15
6738099512_6738099513_0,75.0,60.7,65.14,63.35,-14.3
6738099513_1246618446_0,75.0,60.71,64.84,62.05,-14.29
6761865167_1246745142_0,50.0,55.18,66.41,64.65,5.18
6761865168_13375692142_0,50.0,55.19,68.43,65.05,5.19
6761865168_6761865167_0,50.0,55.02,67.92,64.35,5.02
6761865171_6388253338_0,50.0,56.0,63.72,63.9,6.0
6761865171_1246745113_0,50.0,55.32,67.48,64.65,5.32
7147527194_1246280670_0,60.0,54.25,50.43,51.85,-5.75
7151081803_265027074_0,65.0,57.49,56.22,57.8,-7.51
7171520388_2934091503_0,65.0,49.12,55.77,53.75,-15.88
7171520388_2934091475_0,65.0,49.14,55.87,53.7,-15.86
7171520388_2934091480_0,65.0,49.14,55.77,53.75,-15.86
7196176690_7196176691_0,60.0,56.8,66.71,67.1,-3.2
7196176690_416517341_0,60.0,55.73,53.84,55.7,-4.27
7196176691_7196176690_0,60.0,56.8,66.71,67.1,-3.2
7196176691_249077650_0,75.0,62.83,68.19,67.0,-12.17
7324852760_248924039_0,60.0,58.04,54.33,55.85,-1.96
7335201274_2934091724_0,60.0,48.37,52.82,53.0,-11.63
7335201274_2934091491_0,60.0,49.18,55.23,53.6,-10.82
7354744460_287627911_0,45.0,56.24,50.34,54.0,11.24
7380614152_5492173245_0,50.0,51.16,54.12,54.4,1.16
7388401921_249245951_0,75.0,65.14,60.53,64.5,-9.86
7388401921_8660684687_0,75.0,65.01,64.64,63.7,-9.99
7388401930_1307751436_0,65.0,63.32,64.15,61.55,-1.68
7388401930_2288321411_0,65.0,63.44,62.5,61.15,-1.56
7388401930_7388401931_0,65.0,62.79,62.86,61.7,-2.21
7388401931_2288321410_0,65.0,62.55,58.95,61.55,-2.45
7388401931_7388401930_0,65.0,62.79,62.86,61.7,-2.21
7388401932_7388401931_0,65.0,62.18,60.39,61.2,-2.82
7388401932_2288321410_0,65.0,62.17,60.19,61.95,-2.83
7399136406_7399136446_0,65.0,50.76,49.76,51.05,-14.24
7399136418_7399136406_0,65.0,50.43,52.75,52.4,-14.57
7399136418_2934091486_0,65.0,50.16,52.55,52.6,-14.84
7399136420_2934091407_0,70.0,48.93,56.14,52.81,-21.07
7399136420_7399136429_0,65.0,48.84,57.41,53.35,-16.16
7399136429_3491361982_0,65.0,47.53,53.65,53.4,-17.47
7399136429_2934091407_0,65.0,48.06,55.61,54.4,-16.94
7399136446_7399136451_0,65.0,50.89,51.44,51.3,-14.11
7399136446_566573167_0,65.0,50.63,51.88,51.5,-14.37
7399136451_2934129667_0,70.0,50.95,51.03,51.75,-19.05
7399136458_2934129633_0,70.0,48.21,54.27,53.1,-21.79
7399136458_7399136468_0,65.0,48.03,57.38,54.05,-16.97
7399136468_3491362628_0,65.0,47.55,55.19,53.85,-17.45
7399136468_2934129633_0,65.0,48.04,57.08,54.05,-16.96
7411458179_919676523_0,55.0,62.88,66.67,68.45,7.88
7411458180_4713059054_0,60.0,56.48,57.85,55.25,-3.52
7411458180_7411458179_0,60.0,56.48,68.57,66.8,-3.52
7472041798_7472041804_0,70.0,58.18,62.98,60.3,-11.82
7472041804_30389472_0,70.0,57.72,59.78,59.75,-12.28
7472041811_9803545524_0,70.0,57.67,62.71,59.2,-12.33
7492394040_263695648_0,65.0,55.27,55.22,55.6,-9.73
7492394040_7492394041_0,60.0,53.49,54.86,53.92,-6.51
7492394041_7492394040_0,60.0,53.51,54.86,53.97,-6.49
7541874588_3924064865_0,50.0,74.63,68.29,66.1,24.63
7553394865_614631983_0,75.0,60.11,56.57,58.3,-14.89
7553840681_1493124108_0,75.0,50.1,55.9,55.9,-24.9
7553840681_4006567268_0,65.0,50.61,56.78,57.5,-14.39
7553862885_7553840681_0,65.0,50.54,56.77,57.75,-14.46
7553862885_5267782822_0,60.0,50.71,57.24,57.3,-9.29
7553862895_5062002173_0,75.0,57.2,65.97,66.0,-17.8
7561858229_297326218_0,70.0,60.07,61.59,60.35,-9.93
7590166606_530185953_0,65.0,52.44,53.44,52.4,-12.56
7590166607_530185950_0,65.0,51.87,50.89,52.75,-13.13
7603237628_420703368_0,60.0,52.42,57.28,55.4,-7.58
7603237628_7603237634_0,50.0,52.85,55.75,53.15,2.85
7603237634_9911561037_0,45.0,52.89,56.94,53.1,7.89
7603241701_1328388431_0,55.0,50.62,46.14,48.0,-4.38
7672353410_3905668277_0,60.0,56.28,54.06,53.1,-3.72
7673218709_983090742_0,65.0,57.71,60.32,58.85,-7.29
7673218709_1612596798_0,65.0,57.44,59.76,58.7,-7.56
7673218732_287564765_0,65.0,56.39,62.95,61.25,-8.61
7678184610_30575373_0,65.0,58.88,60.75,59.15,-6.12
7678184610_1332252332_0,65.0,58.71,60.34,58.63,-6.29
7689416409_3770215594_0,45.0,43.17,50.18,52.5,-1.83
7689416409_2351502743_0,55.0,43.16,53.34,53.02,-11.84
7689416409_5838307536_0,50.0,42.86,48.5,52.5,-7.14
7689416409_2424320150_0,50.0,42.98,55.3,52.75,-7.02
7823805611_4282385741_0,65.0,48.61,52.81,54.55,-16.39
7823805613_523785239_0,65.0,48.61,57.19,56.05,-16.39
7823805613_7823805611_0,65.0,48.64,57.05,55.85,-16.36
7861679510_3832475097_0,65.0,50.33,59.5,57.1,-14.67
7861679510_523785239_0,65.0,48.58,55.25,56.8,-16.42
7873272757_387126713_0,75.0,68.49,64.43,61.8,-6.51
7873272757_264113902_0,75.0,64.62,65.07,65.8,-10.38
7873272761_625896614_0,75.0,69.91,68.14,64.9,-5.09
7873272761_260548851_0,75.0,65.74,66.69,65.5,-9.26
7939816392_1455377778_0,55.0,50.96,52.39,55.18,-4.04
7939816392_428791784_0,60.0,52.49,56.17,57.35,-7.51
7947629629_3779322340_0,60.0,51.75,57.25,56.45,-8.25
7947629629_956427236_0,60.0,50.96,58.05,56.1,-9.04
7968359041_2383629707_0,60.0,63.77,49.65,54.35,3.77
7968359041_440058901_0,60.0,63.77,49.2,54.35,3.77
7968359041_2383629710_0,50.0,63.22,48.24,53.85,13.22
8027679295_2351502745_0,55.0,42.53,57.17,53.9,-12.47
8027679295_5838307536_0,50.0,42.72,48.47,52.9,-7.28
8027679295_2424320149_0,60.0,42.6,55.52,53.5,-17.4
8027679295_3770215594_0,50.0,42.8,52.49,53.9,-7.2
8246104543_263695637_0,60.0,54.91,55.5,51.7,-5.09
8270783324_263689614_0,65.0,57.77,59.05,57.45,-7.23
8281831846_8281831852_0,55.0,57.75,58.41,58.08,2.75
8281831852_919729652_0,70.0,58.43,62.57,59.05,-11.57
8281831852_8281831846_0,55.0,57.76,58.96,58.12,2.76
8294616939_1975108707_0,70.0,61.67,60.95,60.3,-8.33
8303477665_248951003_0,70.0,60.59,61.83,60.65,-9.41
8312283475_983090743_0,65.0,57.38,58.66,56.5,-7.62
8312283475_1612596804_0,65.0,57.43,60.26,59.55,-7.57
8319105494_274103556_0,70.0,57.91,62.73,58.8,-12.09
8319105494_469993760_0,70.0,57.84,63.09,58.85,-12.16
8319105494_469990123_0,65.0,56.97,58.32,58.7,-8.03
8380240745_8380240753_0,65.0,57.27,56.86,56.15,-7.73
8380240745_1014835727_0,65.0,57.09,58.63,57.3,-7.91
8380240750_8380240751_0,65.0,57.54,55.63,55.45,-7.46
8380240751_1014835710_0,65.0,57.39,57.65,55.5,-7.61
8380240751_8380240745_0,65.0,57.57,58.71,55.85,-7.43
8380240756_530185921_0,65.0,57.74,56.55,54.05,-7.26
8380240756_8380240764_0,65.0,57.42,57.55,54.2,-7.58
8380240764_8380240756_0,65.0,57.42,57.55,54.2,-7.58
8380240764_530185922_0,65.0,57.5,57.15,54.15,-7.5
8380240765_530185922_0,70.0,57.07,57.34,53.7,-12.93
8380240765_530185934_0,65.0,56.88,57.3,54.0,-8.12
8380240765_530185907_0,60.0,55.41,57.16,54.13,-4.59
8381403656_8381403659_0,55.0,60.98,49.24,54.2,5.98
8381403657_8381403656_0,55.0,61.03,49.15,54.05,6.03
8381403659_8381403669_0,60.0,60.94,51.1,54.35,0.94
8381403659_8381403663_0,55.0,60.79,48.59,54.2,5.79
8381403663_8381403666_0,55.0,61.07,50.05,54.5,6.07
8381403666_8381403673_0,55.0,61.5,50.58,54.7,6.5
8381403666_8381403668_0,55.0,61.5,49.22,54.55,6.5
8381403668_8381403657_0,55.0,61.3,50.96,54.25,6.3
8381403669_440058933_0,55.0,61.1,50.91,54.65,6.1
8381403669_8381403663_0,55.0,60.87,48.17,54.5,5.87
8381403673_2459974841_0,55.0,62.79,51.05,54.45,7.79
8381403673_8381403668_0,60.0,61.58,51.28,54.65,1.58
8429068653_1930735052_0,75.0,62.74,61.1,64.25,-12.26
8429068653_1930735061_0,70.0,58.26,61.11,59.9,-11.74
8540681774_611752145_0,60.0,56.59,50.78,52.1,-3.41
8540681774_2026401507_0,70.0,55.77,54.89,51.95,-14.23
8540681774_8540681778_0,70.0,55.87,50.9,52.2,-14.13
8540681778_441389760_0,70.0,56.88,60.53,61.85,-13.12
8622059598_8622059599_0,55.0,55.59,52.86,56.42,0.59
8622059598_8622059600_0,55.0,55.31,52.94,54.9,0.31
8622059599_8622059600_0,55.0,55.32,52.85,53.95,0.32
8622059599_428504502_0,55.0,55.87,52.17,56.82,0.87
8622059600_428504488_0,55.0,54.91,53.07,54.5,-0.09
8623192980_2667142701_0,65.0,55.29,51.64,55.8,-9.71
8623192981_6388253338_0,50.0,53.21,54.64,58.3,3.21
8660194108_297521616_0,60.0,56.69,56.92,55.93,-3.31
8660194110_8660194108_0,60.0,56.26,55.23,55.56,-3.74
8660684687_420837247_0,70.0,63.18,65.04,64.4,-6.82
8691121832_387126548_0,60.0,56.95,55.12,53.05,-3.05
8718853661_11378100064_0,45.0,40.42,47.53,46.96,-4.58
8816925676_1843359730_0,50.0,47.76,41.41,44.5,-2.24
8816925676_1843359592_0,50.0,49.69,48.05,53.4,-0.31
8816925676_2429449111_0,50.0,50.45,51.87,54.75,0.45
8848945341_425981637_0,70.0,57.99,60.74,59.6,-12.01
8848945341_12911318607_0,70.0,58.11,62.22,60.1,-11.89
8848945342_611752172_0,65.0,55.83,55.91,58.61,-9.17
8897307193_223471772_0,75.0,61.7,62.6,61.7,-13.3
8897307193_934030430_0,75.0,61.8,62.38,61.65,-13.2
8897307193_287946849_0,70.0,57.55,60.93,58.16,-12.45
8900593513_4224603795_0,75.0,66.49,70.08,68.25,-8.51
8900735178_1562521084_0,75.0,64.92,65.34,65.3,-10.08
8904532836_960133495_0,75.0,65.86,66.01,64.3,-9.14
8904532836_41145879_0,75.0,68.96,64.3,65.2,-6.04
8939816370_8939816414_0,60.0,46.13,54.88,51.65,-13.87
8939816370_560552662_0,60.0,45.56,51.37,52.15,-14.44
8939816414_560550581_0,60.0,47.26,56.8,55.45,-12.74
8985204538_1950857630_0,65.0,56.04,56.69,57.7,-8.96
8985204538_1950857618_0,65.0,55.69,57.9,57.95,-9.31
9006704376_4519681400_0,60.0,50.57,47.18,54.15,-9.43
9006704376_4582710121_0,60.0,50.66,49.01,54.15,-9.34
9035699939_1523085880_0,60.0,44.61,51.04,54.3,-15.39
9035699939_2051214974_0,60.0,44.63,52.87,54.98,-15.37
9038190690_956427289_0,60.0,46.18,49.15,54.3,-13.82
9038190690_9038190691_0,60.0,46.05,50.87,54.1,-13.95
9038190691_956430469_0,60.0,46.06,51.43,54.15,-13.94
9038190693_9038203817_0,60.0,46.91,47.76,54.15,-13.09
9038190698_9038190699_0,60.0,46.17,50.87,54.1,-13.83
9038190698_9038190693_0,60.0,46.19,50.77,54.15,-13.81
9038190699_956426962_0,60.0,46.26,48.89,54.3,-13.74
9038190701_960930766_0,60.0,45.98,49.04,54.15,-14.02
9038190701_960930752_0,60.0,46.73,53.8,54.2,-13.27
9038190701_9038190705_0,60.0,46.02,48.92,54.15,-13.98
9038190705_2051214165_0,55.0,46.23,48.34,54.5,-8.77
9038190709_956427066_0,60.0,46.21,49.92,54.25,-13.79
9038190709_9038190714_0,60.0,46.12,49.89,54.15,-13.88
9038190714_960930766_0,60.0,46.02,49.46,54.15,-13.98
9038203817_956427288_0,60.0,47.05,49.33,54.25,-12.95
9038203817_9038203819_0,60.0,46.92,50.68,54.2,-13.08
9038203819_956430471_0,60.0,46.94,50.68,54.15,-13.06
9038203826_9038203852_0,55.0,47.52,54.39,54.35,-7.48
9038203828_3059642559_0,60.0,47.01,49.96,54.35,-12.99
9038203828_3059642558_0,60.0,46.86,51.34,54.25,-13.14
9038203831_3059642555_0,60.0,46.8,51.42,54.15,-13.2
9038203831_9038203834_0,55.0,46.72,51.42,54.15,-8.28
9038203834_960930763_0,55.0,46.88,51.94,54.3,-8.12
9038203850_9038203828_0,55.0,47.37,51.66,54.4,-7.63
9038203852_956427254_0,60.0,47.65,52.44,54.4,-12.35
9038203852_956427192_0,60.0,47.56,52.47,54.25,-12.44
9038203853_956427213_0,60.0,47.69,50.4,54.35,-12.31
9038203853_9038203857_0,55.0,47.62,53.32,54.35,-7.38
9038203857_9038203862_0,60.0,48.53,49.8,54.25,-11.47
9038203858_3059642563_0,60.0,47.57,51.25,54.25,-12.43
9038203858_9038203861_0,60.0,47.41,52.76,54.35,-12.59
9038203861_2051214249_0,60.0,47.22,52.5,54.2,-12.78
9038203862_956427018_0,60.0,48.72,51.53,54.35,-11.28
9038203862_9038203866_0,55.0,48.63,51.48,54.35,-6.37
9038203865_9038203869_0,60.0,48.66,51.16,54.4,-11.34
9038203865_2051214267_0,60.0,48.71,50.23,54.3,-11.29
9038203866_9038203865_0,55.0,48.69,51.7,54.0,-6.31
9038203869_2051214279_0,60.0,48.73,55.54,54.25,-11.27
9038203869_9038203865_0,60.0,48.66,51.16,54.4,-11.34
9038203869_956426939_0,55.0,48.68,52.62,54.4,-6.32
9050458990_1774543396_0,55.0,37.91,49.59,45.05,-17.09
9050458991_1774543396_0,55.0,38.45,49.61,46.48,-16.55
9054393281_534014071_0,50.0,48.95,53.65,57.3,-1.05
9054393281_1776105723_0,50.0,46.1,52.72,57.3,-3.9
9196967105_296961297_0,65.0,57.62,60.69,58.85,-7.38
9196967105_10120616881_0,65.0,57.37,58.53,58.55,-7.63
9196967105_6536867813_0,65.0,57.19,58.53,58.45,-7.81
9208168366_1774944267_0,50.0,38.98,49.57,52.55,-11.02
9248572921_2308903376_0,50.0,66.79,56.6,52.7,16.79
9248572921_5335845445_0,50.0,65.06,54.83,53.2,15.06
9248572921_9319464145_0,50.0,66.43,53.92,54.1,16.43
9319464145_1154879932_0,50.0,68.55,54.81,55.05,18.55
9319464145_9248572921_0,50.0,66.43,53.92,54.1,16.43
9472250384_3199751503_0,60.0,46.59,55.04,52.65,-13.41
9472250384_560552663_0,60.0,46.12,55.94,53.8,-13.88
9525118774_4504829684_0,50.0,58.54,58.14,57.1,8.54
9525118774_1505832761_0,50.0,58.56,54.45,56.95,8.56
9525118774_4504829677_0,45.0,52.72,51.28,52.7,7.72
9548099829_921128137_0,75.0,65.05,62.92,66.35,-9.95
9548099829_921188564_0,75.0,65.58,63.09,65.8,-9.42
9549383406_1033276581_0,75.0,62.51,65.64,64.35,-12.49
9658835092_9658835097_0,45.0,49.03,41.99,47.15,4.03
9658835092_420703474_0,45.0,48.75,41.61,46.8,3.75
9658835097_9658835092_0,45.0,49.04,41.99,47.1,4.04
9658835097_1328388691_0,55.0,49.01,43.51,47.5,-5.99
9658835103_9658870920_0,55.0,50.88,47.82,49.6,-4.12
9658835116_2669267605_0,65.0,51.06,50.81,50.1,-13.94
9658835116_9693524939_0,65.0,51.14,50.53,50.35,-13.86
9658870920_9693524938_0,60.0,50.99,48.05,48.95,-9.01
9658870920_13153841765_0,60.0,50.7,47.9,49.3,-9.3
9658870922_420723902_0,60.0,50.6,46.82,49.52,-9.4
9658870922_9658835103_0,60.0,50.94,50.61,50.02,-9.06
9693524938_9658835116_0,65.0,50.98,50.61,48.65,-14.02
9693524939_9658870922_0,60.0,50.94,49.83,50.08,-9.06
9724397841_1547924711_0,50.0,51.76,50.77,50.25,1.76
9724523130_13418777942_0,65.0,56.67,55.35,55.65,-8.33
9724523131_9724523135_0,65.0,56.58,54.02,56.05,-8.42
9724523131_9724523132_0,65.0,56.66,55.2,55.75,-8.34
9724523131_13418777942_0,65.0,56.72,55.48,55.65,-8.28
9724523131_473191394_0,65.0,58.73,64.86,62.2,-6.27
9724523132_9724523131_0,65.0,56.66,55.2,55.75,-8.34
9724523135_9724523131_0,65.0,56.58,54.02,56.05,-8.42
9758084623_297493271_0,65.0,54.07,50.81,53.0,-10.93
9758084624_1314648987_0,65.0,54.15,51.55,52.79,-10.85
9758084625_9758084624_0,65.0,54.37,52.82,52.99,-10.63
9758084625_762058834_0,60.0,54.47,55.4,53.8,-5.53
9770112934_288570865_0,65.0,54.56,51.86,54.1,-10.44
9770112934_264537369_0,70.0,54.91,55.9,54.65,-15.09
9803545524_7472041798_0,70.0,57.23,57.78,58.3,-12.77
9803545524_30389477_0,65.0,57.69,59.25,58.1,-7.31
9833004122_9834017719_0,55.0,59.42,60.69,62.1,4.42
9833004122_252400941_0,65.0,60.21,58.78,59.9,-4.79
9834017718_9839667363_0,65.0,62.33,63.35,62.6,-2.67
9834017718_9834017719_0,60.0,60.68,64.73,62.9,0.68
9834017719_9833004122_0,55.0,59.42,60.69,62.1,4.42
9834017719_9834017718_0,60.0,60.68,64.73,62.9,0.68
9834154358_249079890_0,75.0,63.14,64.8,65.6,-11.86
9839667363_297493314_0,75.0,64.41,65.29,64.7,-10.59
9839667363_9839667368_0,75.0,62.33,62.4,62.75,-12.67
9839667368_243066418_0,75.0,63.85,70.08,64.85,-11.15
9841034897_252400941_0,70.0,57.64,59.81,60.3,-12.36
9841034897_252400938_0,65.0,57.06,58.8,57.05,-7.94
9879636615_263340835_0,70.0,63.41,65.18,66.55,-6.59
9879644754_263336804_0,75.0,63.22,64.05,66.2,-11.78
9879644754_4452519920_0,75.0,64.28,64.98,65.85,-10.72
9881513805_530185953_0,55.0,52.54,57.3,53.13,-2.46
9881553099_626877200_0,70.0,58.13,63.02,63.1,-11.87
9891272564_263698478_0,80.0,67.37,69.98,65.75,-12.63
9900530145_4603369924_0,65.0,56.12,59.28,54.95,-8.88
9905854853_263361398_0,70.0,60.9,65.21,61.35,-9.1
9911561037_2379004903_0,45.0,51.68,54.83,54.35,6.68
9911561037_7603237628_0,50.0,52.87,55.29,54.2,2.87
9914745542_530185966_0,55.0,52.48,54.93,56.78,-2.52
9917615030_297339889_0,65.0,56.47,53.99,54.6,-8.53
9917615030_9917615031_0,60.0,54.82,54.64,53.88,-5.18
9917615031_9917615030_0,60.0,54.82,54.64,53.88,-5.18
9919213631_297513063_0,65.0,54.43,47.91,51.08,-10.57
9919213631_9919213632_0,55.0,54.62,48.41,51.18,-0.38
9919213632_9919213631_0,55.0,54.62,48.41,51.18,-0.38
9926981462_9926981463_0,70.0,54.75,58.32,58.8,-15.25
9926981462_13418778037_0,65.0,55.18,54.06,56.68,-9.82
9926981463_1489191166_0,75.0,64.35,61.35,60.5,-10.65
9926981463_5774532017_0,75.0,65.46,59.29,59.82,-9.54
9926981463_9926981462_0,70.0,54.75,58.32,58.8,-15.25
9929862849_287627730_0,65.0,61.01,56.42,58.3,-3.99
9939156292_933525793_0,55.0,42.54,41.86,44.13,-12.46
10051059382_264075477_0,70.0,58.83,58.66,57.05,-11.17
10092142697_2475769629_0,60.0,40.4,49.64,46.4,-19.6
10092142697_2475769628_0,60.0,39.56,48.65,46.24,-20.44
10120616881_442118953_0,55.0,56.77,59.29,57.55,1.77
10120616881_9196967105_0,65.0,57.37,58.53,58.55,-7.63
10120616881_296961297_0,65.0,57.41,59.09,58.45,-7.59
10120616888_9196967105_0,65.0,57.58,60.74,58.85,-7.42
10120616888_6536867813_0,65.0,57.16,58.15,58.25,-7.84
10204972610_248924039_0,70.0,59.12,58.94,60.0,-10.88
10204975132_296399883_0,70.0,61.98,60.08,60.75,-8.02
10289476417_529437801_0,60.0,37.61,53.77,51.6,-22.39
10290154075_249350254_0,65.0,54.6,58.87,55.96,-10.4
10290154075_10290154076_0,65.0,54.54,61.47,55.71,-10.46
10290154076_3771943427_0,65.0,55.46,57.7,56.88,-9.54
10290154076_249350254_0,65.0,56.25,61.01,58.02,-8.75
10312076202_838551654_0,75.0,67.0,66.15,65.3,-8.0
10709195481_264075478_0,70.0,57.78,58.08,57.35,-12.22
10709195482_264076227_0,70.0,57.83,56.08,52.95,-12.17
10709195482_10709195481_0,70.0,58.07,57.76,56.65,-11.93
10709195483_10709195481_0,75.0,57.93,56.63,57.1,-17.07
10709195483_264076227_0,70.0,58.06,57.03,52.75,-11.94
10733055116_287627911_0,65.0,56.73,59.13,59.15,-8.27
10733055116_41145902_0,70.0,62.95,63.83,60.5,-7.05
10749649882_534595520_0,55.0,35.7,54.26,41.55,-19.3
10784556181_5256324917_0,65.0,59.84,59.7,59.3,-5.16
10784556181_297340109_0,65.0,59.26,59.17,60.05,-5.74
10784556181_297340111_0,65.0,57.69,63.89,58.7,-7.31
10852770485_259441576_0,60.0,46.81,52.94,55.53,-13.19
11003276869_1774944268_0,50.0,40.3,46.83,51.5,-9.7
11003276869_534014071_0,50.0,43.17,54.34,54.9,-6.83
11168307969_265560699_0,65.0,57.51,53.0,54.9,-7.49
11168307969_11168307970_0,60.0,57.55,54.09,55.55,-2.45
11168307970_265560631_0,65.0,58.49,54.78,56.1,-6.51
11209112053_11209112064_0,55.0,51.24,45.87,48.45,-3.76
11209112054_11209112057_0,50.0,50.97,46.56,49.58,0.97
11209112057_11209112060_0,60.0,51.67,49.14,52.05,-8.33
11209112057_11209112064_0,55.0,51.17,46.51,49.55,-3.83
11209112057_11209112054_0,50.0,50.97,46.56,49.58,0.97
11209112058_11209112060_0,60.0,51.95,50.84,53.54,-8.05
11209112060_11209112061_0,70.0,51.59,51.48,54.35,-18.41
11209112060_11209112057_0,60.0,51.67,49.14,52.05,-8.33
11209112060_11209112058_0,60.0,51.95,50.64,53.54,-8.05
11209112061_11209112060_0,70.0,51.59,51.48,54.35,-18.41
11209112062_11209112064_0,50.0,51.29,47.12,51.05,1.29
11209112064_11209112053_0,55.0,51.24,45.87,48.45,-3.76
11209112064_11209112057_0,55.0,51.17,46.51,49.55,-3.83
11209112064_11209112062_0,50.0,51.28,47.34,51.05,1.28
11209112064_11209112065_0,60.0,50.87,48.65,51.35,-9.13
11209112065_4696050080_0,70.0,53.22,56.84,53.12,-16.78
11209112065_616518528_0,65.0,52.83,48.53,50.7,-12.17
11209112065_11209112064_0,60.0,50.87,48.65,51.35,-9.13
11225113691_919911330_0,70.0,52.55,58.94,60.2,-17.45
11225113691_1561547232_0,70.0,52.15,59.61,59.85,-17.85
11225113691_5246209877_0,60.0,46.46,63.32,57.78,-13.54
11225113692_5246209877_0,55.0,45.58,53.75,55.28,-9.42
11225113692_12983074261_0,55.0,45.45,53.27,55.72,-9.55
11225113692_1561547232_0,55.0,45.93,61.27,56.42,-9.07
11277312673_11277312674_0,60.0,51.31,51.46,52.98,-8.69
11277312674_1384762199_0,60.0,54.64,53.98,54.85,-5.36
11277312674_1618850420_0,60.0,54.36,55.08,54.6,-5.64
11277312674_11277312673_0,60.0,51.31,51.46,52.98,-8.69
11375426533_3199771598_0,65.0,49.16,52.56,51.85,-15.84
11375426533_560540470_0,65.0,49.23,57.56,52.2,-15.77
11375426541_560540470_0,70.0,49.27,57.38,51.75,-20.73
11375426541_11375426533_0,65.0,49.27,57.38,51.8,-15.73
11378100064_8718853661_0,45.0,40.42,47.53,46.96,-4.58
11378100064_11378100068_0,55.0,40.33,47.46,46.44,-14.67
11378100068_2475769621_0,60.0,40.04,48.58,46.8,-19.96
11378173579_10092142697_0,60.0,39.58,48.49,46.24,-20.42
11378173583_2475769643_0,55.0,40.79,48.3,47.0,-14.21
11378173583_2475769639_0,60.0,40.73,48.49,46.44,-19.27
11390206566_11506222202_0,65.0,48.41,48.47,52.09,-16.59
11390206566_11390284674_0,65.0,48.3,53.53,54.05,-16.7
11390284674_11390284675_0,65.0,49.34,50.04,53.05,-15.66
11390284674_3199771585_0,65.0,48.36,52.98,54.0,-16.64
11390284675_11390284674_0,65.0,49.34,50.04,53.05,-15.66
11390284675_560539611_0,65.0,50.55,51.13,52.15,-14.45
11390284688_560539611_0,65.0,50.72,53.62,52.0,-14.28
11390284688_11390284675_0,65.0,50.54,52.18,52.0,-14.46
11472515482_11472515483_0,60.0,55.4,53.26,55.62,-4.6
11472515482_11472515508_0,65.0,55.26,55.76,59.3,-9.74
11472515483_11472515491_0,60.0,55.04,53.27,55.6,-4.96
11472515484_11472515510_0,60.0,55.04,53.92,56.2,-4.96
11472515484_11472515509_0,60.0,52.71,55.59,61.1,-7.29
11472515491_11472515492_0,60.0,55.01,56.44,54.85,-4.99
11472515492_11472515484_0,60.0,54.84,52.82,54.25,-5.16
11472515492_387126511_0,65.0,54.72,57.24,54.6,-10.28
11472515501_11687747778_0,65.0,55.8,54.77,56.42,-9.2
11472515508_11472515483_0,60.0,54.72,53.1,58.42,-5.28
11472515508_13064993518_0,65.0,52.53,57.42,58.45,-12.47
11472515509_11472515484_0,60.0,52.71,55.59,61.1,-7.29
11472515510_4955745916_0,65.0,56.04,57.82,57.05,-8.96
11472515510_11472515511_0,65.0,56.03,66.76,65.75,-8.97
11472515511_249082380_0,70.0,62.35,63.21,66.55,-7.65
11472515511_11472515510_0,65.0,56.03,66.76,65.75,-8.97
11472515515_355740408_0,65.0,55.9,54.11,56.48,-9.1
11472515515_11472515516_0,65.0,55.78,57.14,58.25,-9.22
11472515516_387126544_0,60.0,55.8,56.46,53.45,-4.2
11472515517_11472515515_0,65.0,55.65,55.03,55.82,-9.35
11472515517_11472515516_0,60.0,55.34,54.43,52.75,-4.66
11476179177_3722113809_0,65.0,53.74,56.06,54.95,-11.26
11476179179_263791247_0,65.0,57.65,56.71,58.1,-7.35
11476179179_263791242_0,70.0,58.46,63.14,60.55,-11.54
11476802289_2973934772_0,70.0,60.22,62.44,60.4,-9.78
11506222202_11390206566_0,65.0,48.41,48.47,52.09,-16.59
11506222202_3199771590_0,65.0,48.37,51.17,51.85,-16.63
11506222210_3199771590_0,65.0,48.51,51.23,52.05,-16.49
11506222210_3220213882_0,65.0,49.12,51.04,51.9,-15.88
11506222210_11506222202_0,65.0,48.42,51.17,51.85,-16.58
11519499044_11519499046_0,50.0,48.5,46.29,49.7,-1.5
11519499046_11519614393_0,60.0,50.13,50.21,51.55,-9.87
11519499046_11519614403_0,60.0,50.23,50.63,51.35,-9.77
11519499046_11519499044_0,50.0,48.5,46.29,49.7,-1.5
11519499047_11519499052_0,50.0,48.31,45.39,49.75,-1.69
11519499052_11519614405_0,55.0,50.04,48.94,50.4,-4.96
11519499052_11519614403_0,60.0,50.11,48.86,50.85,-9.89
11519499052_11519499047_0,50.0,48.31,45.39,49.75,-1.69
11519499053_11519499056_0,50.0,48.32,45.36,49.75,-1.68
11519499056_11519614407_0,60.0,50.05,46.74,50.35,-9.95
11519499056_11519614405_0,60.0,50.16,48.29,50.5,-9.84
11519499056_11519499053_0,50.0,48.32,45.36,49.75,-1.68
11519499057_473833152_0,50.0,48.38,47.4,49.65,-1.62
11519499059_11519499060_0,55.0,48.76,48.21,49.6,-6.24
11519499060_1326393254_0,60.0,50.36,47.44,50.6,-9.64
11519499060_11519499059_0,55.0,48.76,48.21,49.6,-6.24
11519499060_11519614416_0,60.0,50.66,50.23,50.5,-9.34
11519499061_11519499063_0,55.0,49.26,49.94,50.2,-5.74
11519499063_11519614416_0,60.0,50.9,50.11,50.85,-9.1
11519499063_5808138298_0,60.0,51.05,52.37,51.35,-8.95
11519499063_11519499061_0,55.0,49.26,49.94,50.2,-5.74
11519499064_473833131_0,50.0,50.35,49.15,50.22,0.35
11519499066_11519614371_0,50.0,50.0,48.72,49.98,0.0
11519614371_473833131_0,60.0,52.27,52.33,53.65,-7.73
11519614371_473833136_0,60.0,51.99,48.76,52.65,-8.01
11519614371_11519499066_0,50.0,50.0,48.72,49.98,0.0
11519614372_11519614376_0,50.0,49.76,45.99,49.02,-0.24
11519614373_11519614376_0,50.0,49.71,48.47,49.28,-0.29
11519614376_11519614372_0,50.0,49.76,45.99,49.02,-0.24
11519614376_11519614373_0,50.0,49.71,48.47,49.28,-0.29
11519614376_473833138_0,55.0,49.78,47.33,50.18,-5.22
11519614378_11519614382_0,50.0,49.4,46.86,50.28,-0.6
11519614382_473833142_0,60.0,51.36,47.86,51.75,-8.64
11519614382_473833138_0,60.0,51.66,47.72,52.0,-8.34
11519614382_11519614378_0,50.0,49.4,46.86,50.28,-0.6
11519614383_11519614387_0,45.0,45.12,43.96,51.1,0.12
11519614384_11519614387_0,45.0,43.25,40.31,47.32,-1.75
11519614387_11519614383_0,45.0,45.12,43.96,51.1,0.12
11519614387_11519614384_0,45.0,43.25,40.31,47.32,-1.75
11519614388_1326393733_0,60.0,50.93,48.2,51.6,-9.07
11519614388_473833142_0,60.0,51.17,47.01,51.65,-8.83
11519614393_11519499046_0,60.0,50.13,50.21,51.55,-9.87
11519614393_12713337151_0,60.0,50.22,48.63,51.55,-9.78
11519614394_11519614402_0,45.0,48.47,46.95,49.58,3.47
11519614396_11519614401_0,45.0,48.31,43.51,48.88,3.31
11519614397_11519614400_0,45.0,48.21,44.37,48.38,3.21
11519614400_11519614397_0,45.0,48.21,44.37,48.38,3.21
11519614400_11519614401_0,45.0,48.22,44.7,48.88,3.22
11519614401_11519614396_0,45.0,48.31,43.51,48.88,3.31
11519614401_11519614400_0,45.0,48.22,44.7,48.88,3.22
11519614401_11519614402_0,50.0,48.33,47.91,49.48,-1.67
11519614402_11519614401_0,50.0,48.33,47.91,49.48,-1.67
11519614402_11519614403_0,55.0,48.4,49.14,50.1,-6.6
11519614402_11519614394_0,45.0,48.47,46.95,49.58,3.47
11519614403_11519614402_0,55.0,48.4,49.14,50.1,-6.6
11519614403_11519499046_0,60.0,50.23,50.63,51.35,-9.77
11519614403_11519499052_0,60.0,50.11,48.86,50.85,-9.89
11519614404_11519614405_0,50.0,48.49,47.03,50.05,-1.51
11519614405_11519499052_0,55.0,50.04,48.94,50.4,-4.96
11519614405_11519614404_0,50.0,48.49,47.03,50.05,-1.51
11519614405_11519499056_0,60.0,50.16,48.29,50.5,-9.84
11519614406_11519614407_0,50.0,48.49,45.39,50.0,-1.51
11519614407_11519499056_0,60.0,50.05,46.74,50.35,-9.95
11519614407_473833152_0,60.0,50.12,45.93,50.5,-9.88
11519614407_11519614406_0,50.0,48.49,45.39,50.0,-1.51
11519614408_1326393254_0,45.0,48.76,45.47,49.95,3.76
11519614411_11519614416_0,45.0,49.32,50.61,50.35,4.32
11519614416_11519499063_0,60.0,50.9,50.11,50.85,-9.1
11519614416_11519499060_0,60.0,50.66,50.23,50.5,-9.34
11519614416_11519614411_0,45.0,49.32,50.61,50.35,4.32
11519614417_11519614426_0,45.0,50.32,55.08,53.75,5.32
11519614426_473833155_0,60.0,51.75,52.57,54.62,-8.25
11519614426_11519614430_0,60.0,52.03,53.31,55.97,-7.97
11519614426_11519614417_0,45.0,50.32,55.08,53.75,5.32
11519614427_11519614430_0,45.0,50.74,57.61,63.15,5.74
11519614430_473833673_0,60.0,52.22,52.59,59.2,-7.78
11519614430_11519614426_0,60.0,52.03,53.31,55.97,-7.97
11519614430_11519614427_0,45.0,50.74,57.61,63.15,5.74
11560852226_387126498_0,75.0,58.72,63.36,60.25,-16.28
11560852226_387126620_0,70.0,58.51,60.08,60.05,-11.49
11560852231_387126498_0,75.0,58.66,63.43,60.05,-16.34
11560852231_11560852226_0,75.0,58.68,61.21,60.75,-16.32
11563944127_13418777942_0,70.0,58.55,63.81,60.35,-11.45
11563944127_473191394_0,75.0,64.2,64.97,65.0,-10.8
11565611942_473835953_0,50.0,51.85,51.59,53.85,1.85
11565611942_11565611948_0,45.0,50.14,54.88,54.15,5.14
11565611948_11565611942_0,45.0,50.14,54.88,54.15,5.14
11580083898_13418778010_0,70.0,57.8,58.8,63.55,-12.2
11580083899_13100892854_0,70.0,57.86,58.13,60.75,-12.14
11580083899_11580083900_0,70.0,57.26,56.28,59.2,-12.74
11580083900_13418778017_0,70.0,57.96,61.94,59.45,-12.04
11580397452_11580397453_0,55.0,51.26,52.32,54.9,-3.74
11580397453_529120057_0,55.0,51.17,53.43,54.45,-3.83
11580397455_11580397452_0,55.0,51.36,53.42,54.45,-3.64
11687747778_11472515482_0,60.0,55.66,54.29,56.32,-4.34
11765968436_12460748834_0,65.0,55.91,56.04,56.15,-9.09
11765968436_932346666_0,70.0,56.13,57.17,57.9,-13.87
11878617855_11878617857_0,45.0,49.93,44.38,47.4,4.93
11878617855_11878617862_0,45.0,49.18,44.9,47.55,4.18
11878617857_11878617855_0,45.0,49.93,44.38,47.4,4.93
11878617862_11878617855_0,45.0,49.18,44.9,47.55,4.18
11901251826_2475769643_0,60.0,40.84,48.57,49.52,-19.16
11901251826_2475257924_0,60.0,41.18,52.4,52.45,-18.82
11901251844_2475257924_0,55.0,41.7,53.55,52.5,-13.3
11901251844_259441540_0,60.0,44.51,59.01,54.45,-15.49
11992230984_9926981462_0,65.0,55.2,53.64,56.33,-9.8
11992230984_5774532017_0,65.0,56.2,60.54,57.35,-8.8
11994794456_2424320149_0,65.0,44.72,52.19,55.52,-20.28
11994794456_2424320148_0,65.0,44.69,51.94,54.99,-20.31
11994794456_529120105_0,55.0,44.94,55.44,54.97,-10.06
12003513372_264537439_0,65.0,54.47,52.87,54.58,-10.53
12003513372_2434268179_0,65.0,54.74,54.29,54.58,-10.26
12007022681_523772098_0,70.0,60.13,55.98,56.82,-9.87
12007022681_12007022684_0,70.0,59.97,54.82,54.05,-10.03
12007022684_931049730_0,70.0,59.45,55.43,53.5,-10.55
12007582771_10709195482_0,70.0,57.27,54.65,51.75,-12.73
12078382071_369648382_0,65.0,55.57,50.69,52.9,-9.43
12078382071_6429274822_0,60.0,55.69,57.56,59.15,-4.31
12078769254_3206421653_0,60.0,56.77,58.17,55.8,-3.23
12085037839_263695684_0,70.0,53.74,52.62,50.05,-16.26
12087087103_248951005_0,75.0,60.18,57.94,57.3,-14.82
12119009677_12119009678_0,60.0,50.54,54.95,57.2,-9.46
12119009677_1493124108_0,60.0,50.1,54.95,55.35,-9.9
12119009677_1147285063_0,55.0,50.48,60.87,59.1,-4.52
12119009678_12119009677_0,60.0,50.54,54.95,57.2,-9.46
12119009678_264117305_0,70.0,51.09,59.29,57.9,-18.91
12119009697_310240847_0,65.0,49.25,64.82,64.0,-15.75
12119009697_1523284312_0,70.0,44.45,64.6,61.35,-25.55
12119009697_310240845_0,70.0,48.98,62.93,63.7,-21.02
12119009698_1523284329_0,70.0,47.18,54.0,58.95,-22.82
12119009698_310240845_0,70.0,47.81,60.19,63.6,-22.19
12119009698_12986399474_0,70.0,42.81,55.96,56.65,-27.19
12125253565_12383365297_0,55.0,58.66,60.05,59.3,3.66
12125253565_12125253581_0,60.0,59.04,60.73,58.9,-0.96
12125253572_12125253590_0,65.0,59.24,60.91,58.5,-5.76
12125253572_12125253591_0,65.0,58.59,59.17,58.05,-6.41
12125253579_12383397711_0,65.0,59.13,59.69,58.15,-5.87
12125253581_12125253592_0,65.0,58.62,58.4,59.3,-6.38
12125253581_12125253579_0,65.0,58.96,60.51,58.15,-6.04
12125253590_12125253591_0,65.0,58.67,58.35,59.15,-6.33
12125253590_2288321410_0,65.0,60.15,62.64,60.6,-4.85
12125253591_12125253565_0,60.0,58.59,59.96,56.95,-1.41
12125253592_12125253579_0,65.0,58.71,60.72,58.25,-6.29
12125253592_297513084_0,65.0,58.59,60.26,59.0,-6.41
12180084760_482738774_0,70.0,53.42,56.14,53.75,-16.58
12180084760_12180084775_0,65.0,53.49,57.12,53.8,-11.51
12180084775_482739967_0,65.0,58.99,50.92,53.35,-6.01
12237919099_529437803_0,60.0,35.91,52.68,52.6,-24.09
12237919099_529437811_0,60.0,35.64,53.64,52.75,-24.36
12238077208_529437817_0,60.0,35.54,52.82,52.85,-24.46
12238077208_4705250207_0,60.0,35.36,53.56,52.85,-24.64
12238077212_12237919099_0,60.0,35.68,53.66,52.65,-24.32
12238077215_529437821_0,60.0,35.6,51.74,52.6,-24.4
12238077215_12238077212_0,60.0,35.53,53.56,52.75,-24.47
12238594489_12238594490_0,50.0,52.29,53.19,53.28,2.29
12238594489_1547924784_0,50.0,55.52,59.02,56.85,5.52
12238594490_12238594489_0,50.0,52.29,53.19,53.28,2.29
12238594491_5896466709_0,50.0,52.28,53.48,53.28,2.28
12372438841_12372438867_0,60.0,50.25,51.77,52.32,-9.75
12372438841_12372438843_0,60.0,50.95,50.86,52.25,-9.05
12372438843_12372438848_0,60.0,50.92,52.19,52.35,-9.08
12372438843_2934091462_0,60.0,51.06,51.86,52.2,-8.94
12372438848_12372438876_0,60.0,50.36,52.16,52.45,-9.64
12372438848_2934091462_0,60.0,51.06,52.01,52.2,-8.94
12372438851_12372438841_0,60.0,51.04,50.77,52.1,-8.96
12372438856_2934091462_0,60.0,51.33,52.01,52.6,-8.67
12372438856_2934091512_0,60.0,53.02,56.7,54.2,-6.98
12372438856_12372438851_0,60.0,51.29,52.66,52.3,-8.71
12372438867_12372438841_0,60.0,50.25,51.77,52.32,-9.75
12372438867_12372438879_0,60.0,48.81,50.43,52.55,-11.19
12372438871_12372438867_0,60.0,48.74,50.76,52.55,-11.26
12372438876_2934091358_0,60.0,48.92,52.94,52.8,-11.08
12372438876_12372438848_0,60.0,50.36,52.16,52.45,-9.64
12372438876_12372438871_0,60.0,48.8,52.26,52.75,-11.2
12372438879_12372438887_0,60.0,48.96,53.02,52.55,-11.04
12372438879_2934091358_0,60.0,48.89,53.13,52.6,-11.11
12372438887_2934091358_0,60.0,49.02,52.94,52.7,-10.98
12372438887_2934091329_0,60.0,49.79,54.04,54.8,-10.21
12383365294_12383365297_0,55.0,59.32,60.61,60.3,4.32
12383365294_263336601_0,55.0,59.67,64.44,64.5,4.67
12383365295_12383365294_0,55.0,55.74,53.87,57.38,0.74
12383365297_12383365294_0,55.0,59.32,60.61,60.3,4.32
12383365297_12125253565_0,55.0,58.66,60.05,59.3,3.66
12383365297_12383365296_0,55.0,55.69,51.38,57.28,0.69
12383397711_1307751546_0,65.0,56.31,56.82,55.45,-8.69
12383397711_12125253572_0,65.0,59.16,59.69,58.2,-5.84
12396810494_2015426330_0,80.0,65.85,60.26,59.8,-14.15
12396810494_263710883_0,80.0,66.34,61.82,61.55,-13.66
12445684247_1130113541_0,80.0,67.69,66.78,66.1,-12.31
12445684247_263710883_0,80.0,66.7,61.23,62.35,-13.3
12460748834_11687747778_0,65.0,55.94,54.94,56.68,-9.06
12488296144_1448135703_0,65.0,55.15,57.12,58.4,-9.85
12488296144_265563617_0,70.0,57.69,59.76,58.6,-12.31
12492866509_263336765_0,75.0,64.67,67.51,65.45,-10.33
12496618665_421412418_0,70.0,58.09,63.39,59.95,-11.91
12496618665_3398799955_0,70.0,58.07,63.15,60.0,-11.93
12644190966_428504487_0,60.0,55.74,57.23,58.35,-4.26
12644190966_3818025808_0,70.0,59.13,57.3,59.5,-10.87
12644190971_3818025801_0,65.0,58.88,56.76,59.05,-6.12
12644190971_13375692151_0,70.0,55.61,54.86,56.6,-14.39
12699472924_530185954_0,45.0,53.39,54.47,53.35,8.39
12713337147_1326393733_0,55.0,49.08,46.49,50.22,-5.92
12713337148_473833142_0,55.0,49.42,46.75,50.38,-5.58
12713337149_473833136_0,55.0,49.96,47.48,50.32,-5.04
12713337150_12713337151_0,55.0,48.58,46.97,50.0,-6.42
12713337151_12713337150_0,55.0,48.58,46.97,50.0,-6.42
12713337151_1326393733_0,60.0,50.76,48.09,51.65,-9.24
12713337151_11519614393_0,60.0,50.22,48.63,51.55,-9.78
12714807987_420723054_0,60.0,49.33,51.77,53.9,-10.67
12729346768_410439783_0,75.0,60.81,62.21,63.95,-14.19
12729346769_12729346768_0,75.0,61.17,62.59,64.55,-13.83
12759249071_2354621062_0,60.0,62.19,46.89,53.05,2.19
12759249071_2429482619_0,60.0,62.07,47.38,53.05,2.07
12759249072_2354621062_0,60.0,62.21,47.05,53.05,2.21
12759249072_12759249071_0,60.0,62.14,46.33,53.05,2.14
12786990600_2934091488_0,65.0,50.94,48.14,52.35,-14.06
12786990600_3142321608_0,65.0,50.26,48.39,52.1,-14.74
12797932721_919904691_0,70.0,46.95,55.32,56.5,-23.05
12797932721_4460776547_0,65.0,47.42,54.75,57.2,-17.58
12911318607_8848945341_0,70.0,58.11,62.22,60.1,-11.89
12911318607_421412408_0,70.0,59.19,61.89,59.85,-10.81
12911318607_4233719900_0,70.0,57.35,60.97,58.65,-12.65
12911318612_421412408_0,70.0,59.37,61.71,59.5,-10.63
12911318612_4233719900_0,70.0,58.15,62.85,59.6,-11.85
12967185398_529120106_0,65.0,43.87,61.63,55.85,-21.13
12967185398_310243595_0,65.0,49.29,59.23,56.75,-15.71
12983074261_11225113692_0,55.0,45.45,53.27,55.72,-9.55
12983169674_310243313_0,60.0,47.32,57.82,58.1,-12.68
12983169674_306583559_0,65.0,47.3,58.73,57.9,-17.7
12983169674_306583558_0,60.0,42.32,57.67,56.65,-17.68
12986399474_919907254_0,70.0,43.48,57.54,57.65,-26.52
12986399497_529120131_0,65.0,43.49,56.45,57.05,-21.51
12986399497_1156353851_0,60.0,42.79,57.1,55.85,-17.21
12986491187_529120081_0,65.0,45.97,58.6,57.85,-19.03
12986491187_5838250123_0,65.0,46.09,55.84,57.9,-18.91
12988282266_529120148_0,60.0,48.43,53.22,56.25,-11.57
12988282268_529120143_0,65.0,48.08,56.35,56.02,-16.92
12988282268_12988282266_0,65.0,48.12,52.57,56.45,-16.88
13013197645_1514339086_0,60.0,38.22,51.35,51.6,-21.78
13013197645_1514339084_0,60.0,38.15,54.75,51.4,-21.85
13013197664_3945108314_0,60.0,38.05,54.44,51.55,-21.95
13013197664_529437554_0,60.0,38.24,54.22,51.55,-21.76
13013197670_529437574_0,60.0,38.08,54.43,51.45,-21.92
13013197670_10289476417_0,60.0,37.95,51.3,51.5,-22.05
13013197684_529437558_0,60.0,38.08,54.61,51.5,-21.92
13013197684_1514339152_0,60.0,37.81,55.94,51.5,-22.19
13015838416_1563527780_0,75.0,49.18,59.96,51.9,-25.82
13015838417_1563527836_0,75.0,61.51,64.09,67.9,-13.49
13032082619_3199771599_0,50.0,48.85,56.0,54.05,-1.15
13034917980_249350179_0,70.0,60.8,61.36,59.45,-9.2
13034917980_3844358018_0,70.0,60.34,59.76,59.25,-9.66
13063861062_919458073_0,60.0,63.25,72.91,67.45,3.25
13064993518_11472515508_0,65.0,52.53,57.42,58.45,-12.47
13067664928_265032982_0,75.0,66.26,67.33,64.95,-8.74
13067664928_3731086413_0,70.0,57.74,65.99,65.9,-12.26
13067664930_13067664928_0,75.0,67.15,64.88,64.55,-7.85
13067664930_13418777994_0,70.0,59.37,63.48,62.85,-10.63
13067664931_2383731480_0,70.0,59.11,67.34,63.7,-10.89
13067664931_387126587_0,75.0,64.65,65.01,65.7,-10.35
13069104658_473192654_0,75.0,57.62,61.54,59.25,-17.38
13069104658_13069104661_0,75.0,67.91,67.05,65.05,-7.09
13069104661_473191397_0,70.0,58.66,63.23,59.95,-11.34
13069104661_13067664930_0,75.0,67.72,68.33,64.85,-7.28
13069414011_2027174156_0,55.0,55.35,51.8,53.4,0.35
13071339508_616518645_0,65.0,58.57,55.53,57.27,-6.43
13071339508_616518613_0,70.0,58.21,54.83,57.77,-11.79
13071339508_616518626_0,65.0,57.39,53.64,53.1,-7.61
13076704784_534290821_0,50.0,66.28,52.04,52.05,16.28
13076704784_534290809_0,55.0,66.5,54.55,52.3,11.5
13087486917_5267782822_0,55.0,50.55,50.85,53.8,-4.45
13094775794_156263660_0,60.0,56.83,59.32,57.7,-3.17
13100892854_11580083899_0,70.0,57.86,58.13,60.75,-12.14
13152062536_13152062536_0,45.0,26.73,37.98,38.01,-18.27
13152062536_13152062536_1,45.0,26.73,37.98,38.01,-18.27
13153841765_1328388431_0,60.0,50.81,47.43,49.1,-9.19
13153841765_7603241701_0,50.0,50.59,46.59,47.95,0.59
13171815261_296961251_0,70.0,59.54,59.58,62.2,-10.46
13171815261_13171815262_0,70.0,57.26,55.77,58.3,-12.74
13171815262_296961251_0,70.0,57.06,55.89,58.45,-12.94
13171815262_436616235_0,70.0,56.26,55.57,56.98,-13.74
13176978136_529437884_0,60.0,34.97,54.87,52.85,-25.03
13176978136_529437810_0,60.0,35.19,53.64,52.85,-24.81
13176978141_1514635014_0,60.0,33.58,51.81,53.0,-26.42
13176978141_529437888_0,65.0,34.08,51.32,52.95,-30.92
13176978143_13176978141_0,65.0,34.02,51.25,53.15,-30.98
13176978144_13176978155_0,60.0,34.12,52.07,53.05,-25.88
13176978145_1514634448_0,60.0,34.13,52.88,53.1,-25.87
13176978145_1514634422_0,60.0,33.8,54.44,53.45,-26.2
13176978152_1514634448_0,65.0,34.13,52.34,53.0,-30.87
13176978152_13176978144_0,65.0,34.17,52.2,53.05,-30.83
13176978155_1514634124_0,60.0,34.01,50.37,53.3,-25.99
13176978155_13176978143_0,60.0,34.06,52.36,53.15,-25.94
13277125237_529438091_0,65.0,41.72,60.97,55.3,-23.28
13277125237_1509944341_0,65.0,42.42,58.97,54.2,-22.58
13277125237_1514339718_0,55.0,41.13,58.05,55.25,-13.87
13277125239_1514339718_0,55.0,40.54,53.43,55.2,-14.46
13277960923_263708638_0,80.0,66.4,64.61,64.4,-13.6
13277960923_1324964075_0,75.0,62.46,65.56,63.65,-12.54
13285026883_287940760_0,70.0,54.5,58.75,57.48,-15.5
13316348265_1387590541_0,55.0,62.19,63.16,64.32,7.19
13316348288_1246745107_0,60.0,54.8,58.33,61.9,-5.2
13316348288_1246745128_0,60.0,55.18,64.47,64.8,-4.82
13360470420_12492866509_0,70.0,63.99,62.81,63.55,-6.01
13360470420_263336781_0,70.0,64.96,61.29,64.75,-5.04
13370025787_1207410082_0,55.0,49.39,53.8,56.4,-5.61
13370025787_1737813732_0,55.0,47.95,48.26,55.05,-7.05
13370025787_1207410005_0,45.0,48.98,55.03,56.1,3.98
13375692142_268886956_0,50.0,54.69,67.63,65.1,4.69
13375692142_6761865167_0,50.0,55.23,70.09,64.75,5.23
13375692151_2667142701_0,70.0,55.47,53.93,56.05,-14.53
13375692151_12644190971_0,70.0,55.61,54.86,56.6,-14.39
13387542869_626874293_0,65.0,56.51,55.15,56.5,-8.49
13418777942_9724523130_0,65.0,56.67,55.35,55.65,-8.33
13418777942_9724523131_0,65.0,56.72,55.48,55.65,-8.28
13418777942_2967666197_0,65.0,56.68,57.66,57.35,-8.32
13418777994_13067664930_0,70.0,59.37,63.48,62.85,-10.63
13418778010_13418778011_0,75.0,58.38,60.76,62.2,-16.62
13418778010_13069104658_0,75.0,66.33,65.48,65.35,-8.67
13418778011_13418778017_0,75.0,63.29,62.2,65.4,-11.71
13418778011_11580083899_0,70.0,57.82,59.34,61.55,-12.18
13418778016_13418778010_0,75.0,66.75,62.6,65.2,-8.25
13418778016_5774532022_0,75.0,58.42,62.2,62.1,-16.58
13418778017_13418778016_0,75.0,58.49,64.37,61.1,-16.51
13418778017_930287854_0,75.0,63.32,63.67,65.75,-11.68
13418778037_13418778038_0,65.0,55.45,56.1,57.5,-9.55
13418778037_13418778039_0,65.0,55.39,55.81,57.65,-9.61
13418778038_616518641_0,65.0,55.96,59.47,58.8,-9.04
13418778038_13418778039_0,65.0,55.78,58.04,58.85,-9.22
13418778039_13418778038_0,65.0,55.78,58.04,58.85,-9.22
13418778039_4551446979_0,65.0,55.53,61.69,59.05,-9.47
13426896572_2381550949_0,45.0,50.85,50.84,51.65,5.85
13481849691_13481849692_0,55.0,38.75,60.13,56.5,-16.25
13481849692_13481856227_0,55.0,38.98,59.69,56.8,-16.02
13481849692_1514337714_0,55.0,38.65,60.2,56.2,-16.35
13481856227_1514337931_0,60.0,39.38,62.4,58.1,-20.62
13481865974_3649365175_0,50.0,32.23,52.83,53.0,-17.77
13481865978_13481865980_0,50.0,30.49,42.29,43.9,-19.51
13481865978_13481865980_1,45.0,30.42,42.82,43.7,-14.58
13481865980_13481865978_0,50.0,30.49,42.29,43.9,-19.51
13481865980_13481865978_1,45.0,30.42,42.82,43.7,-14.58
13481865980_1514338150_0,50.0,32.91,51.92,50.0,-17.09
13484798049_4161268503_0,50.0,47.82,48.54,54.2,-2.18
13484798057_586178086_0,55.0,47.61,47.72,54.1,-7.39
13484798057_1772588235_0,55.0,47.8,47.48,54.25,-7.2
13520037497_3905551521_0,60.0,34.04,54.82,53.4,-25.96
13520037507_13520037508_0,60.0,34.0,54.86,53.1,-26.0
13520037507_1514634144_0,60.0,33.75,55.28,53.1,-26.25
13520037508_3905551531_0,60.0,33.92,54.86,53.15,-26.08
13526960046_1979433912_0,60.0,53.87,54.25,58.35,-6.13
13526960046_13526960047_0,55.0,53.73,54.83,55.8,-1.27
13526960047_13526960046_0,55.0,53.73,54.83,55.8,-1.27
13551337071_264098913_0,80.0,64.95,59.38,62.35,-15.05
13615514512_13615514513_0,60.0,44.24,47.0,46.79,-15.76
13615514512_2475769714_0,60.0,44.36,47.33,46.26,-15.64
13615514513_13615514512_0,60.0,44.24,47.0,46.79,-15.76
13615514513_2475769714_0,60.0,44.24,47.58,46.79,-15.76
13615514513_3199751514_0,60.0,45.09,46.32,50.7,-14.91
13625192404_449838237_0,65.0,53.22,59.25,56.1,-11.78
13625192404_666992546_0,65.0,53.01,58.23,56.25,-11.99
13625192404_2671566092_0,50.0,50.96,60.41,54.85,0.96
13625192404_5386943250_0,50.0,50.7,56.75,55.15,0.7
13672081046_2667360441_0,65.0,58.04,57.11,56.27,-6.96
13672081047_2667360440_0,65.0,58.97,57.73,57.85,-6.03
13923230719_263791242_0,70.0,62.9,62.37,63.45,-7.1
13923230719_263791159_0,70.0,62.72,63.58,63.1,-7.28
