road_id,noise_day,noise_evening,noise_night,road_length,road_category,dist_to_main,signals_50,transport_100,pois_noisy_100,pois_sensitive_100
13845167536_847716886_0,55,55,50,401.4836294947668,5,258.68112567382616,1,10,3,1
21638869_30343583_0,55,50,50,90.28954369756111,5,429.1904596137956,1,3,30,1
21638869_242318729_0,55,55,50,15.055893713334878,4,512.3337888569722,1,3,21,1
21638869_30343672_0,60,60,55,15.404960256267946,4,516.4230772961573,1,3,22,1
3055187877_431100338_0,60,60,55,46.14216010914838,5,214.0418518374012,1,2,1,2
3109574424_3109574426_0,55,50,45,75.75731645583858,6,38.70225154458078,1,3,16,1
21638867_30343414_0,65,60,55,91.03774505311254,5,382.08563702052817,1,5,23,2
21638878_242317164_0,40,40,0,14.63680137575669,5,420.7076441490855,1,3,22,1
21638877_30343573_0,50,50,45,59.18819196844728,5,341.17907339581234,1,2,29,2
21638877_1636238506_0,50,50,45,14.928692153163578,5,396.8195591219455,1,2,22,2
21638891_190971702_0,65,65,60,19.17237226058289,4,143.3254923301949,5,4,16,1
3109574422_2560087403_0,60,55,50,74.61069767383364,5,57.77887587115571,2,5,3,1
26057050_168319807_0,70,65,60,57.52720389383005,2,0.0,7,17,9,1
26057050_178518958_0,70,65,60,116.04263954334672,2,0.0,9,14,12,1
21639537_4471971376_0,55,50,50,51.82254353154021,3,0.0,3,2,1,1
13508611893_1947682000_0,60,55,50,233.20019319459,5,98.64277687329113,1,2,9,1
13859746847_13859746858_0,55,55,50,13.12781594826775,5,223.80514795084767,1,2,2,1
13845167536_253790691_0,60,55,50,20.05960443784206,5,418.2297616402984,1,5,1,1
21638891_533663031_0,70,70,65,163.49809195418092,4,0.0,19,8,29,1
13798851565_8465472214_0,50,50,45,280.1067366069329,5,173.07801363329403,1,7,1,1
21638921_2984928319_0,65,65,60,164.9514344076624,3,0.0,21,7,1,1
21638920_21638918_0,70,65,60,60.69940204567045,3,0.0,12,6,1,1
26057342_26057341_0,70,65,60,153.0494553241129,3,0.0,8,15,26,1
26057342_26057345_0,70,65,60,109.04971731672408,5,0.0,4,9,13,1
26057341_30242757_0,65,65,60,47.2587168538915,3,0.0,7,13,19,1
26057341_26057131_0,65,65,60,125.29099065606977,3,0.0,14,15,34,1
26057304_3218700096_0,70,65,60,150.71579083132033,3,0.0,8,13,39,2
26057131_1362899977_0,70,65,60,196.01135214054617,3,0.0,14,23,23,1
26057125_11466476297_0,65,65,60,144.05561621625267,5,0.0,13,18,29,1
26057125_26057304_0,65,65,60,209.55789025618992,3,0.0,7,20,49,1
26198844_2510589068_0,65,60,55,135.21822486289173,2,0.0,9,7,12,1
26198833_30246781_0,70,70,65,148.32264857602,5,133.2953935678512,9,7,13,1
26198831_30685338_0,65,65,60,267.30543327536856,2,0.0,15,11,21,3
26057389_3314271774_0,70,70,65,134.58462876366326,2,0.0,11,9,25,1
26057388_30238009_0,70,70,65,150.4892568046777,4,0.0,8,5,18,1
3109205926_3109205928_0,60,60,55,54.14665125722738,5,58.97922082572374,1,4,24,1
26057346_26057345_0,70,65,60,41.4868314783793,3,0.0,4,2,9,1
26057345_533662625_0,60,60,55,137.07413704820925,3,0.0,4,3,18,1
30227050_30227052_0,60,55,55,85.23481777869222,6,281.7685433850121,1,4,22,7
30227048_192071165_0,55,50,55,54.67851376485798,6,377.4709250964772,1,4,32,2
30227048_30227049_0,50,50,55,73.07655740847656,6,361.1754334534439,1,4,25,3
30227035_30227468_0,60,55,50,101.56211700075934,4,512.0603145482968,1,2,12,2
30227035_30227037_0,65,60,60,194.5442348765361,5,467.359216579682,1,2,27,3
30227034_30227032_0,55,50,50,120.4764334067713,6,256.61001111350083,1,3,19,5
30227027_30227025_0,50,50,55,123.7801228217746,5,307.7483918071913,1,2,24,2
30227025_30227032_0,50,50,55,62.205898928582144,4,323.231466335658,1,2,19,4
26198844_30243042_0,70,65,60,148.9566183781438,3,0.0,7,4,13,1
30227132_30227153_0,60,55,50,83.16983428486132,6,221.8294824534132,1,2,24,2
30227132_30227133_0,55,55,60,85.2919294867385,6,304.6737158780716,1,2,26,2
30227131_30227139_0,50,50,45,28.69072951282184,6,276.595164101492,1,2,8,1
30227131_30227132_0,50,50,45,68.91258197353841,6,276.595164101492,1,2,16,1
30227068_3743057429_0,55,55,50,75.77693477209027,4,234.0064169193075,1,5,18,8
30227068_30227050_0,60,60,55,68.50686735443196,5,270.63768152181774,1,2,21,7
30227050_30227049_0,60,55,55,61.407575873467984,6,327.68152159600805,1,3,25,6
30227139_30227131_0,50,50,45,28.69072951282184,6,276.595164101492,1,2,8,1
3096906055_30227450_0,55,55,50,141.42525597058088,6,62.503451315665686,1,5,24,1
30227135_30227136_0,55,55,50,52.8936540335443,5,213.1288432469467,1,3,14,1
30227134_30227135_0,60,60,55,38.68079355405858,6,196.135824593078,1,2,14,1
30227133_2264151290_0,55,55,60,54.40623286276884,6,313.8501427194006,1,2,29,3
13391145408_190986445_0,70,65,60,76.88711233897799,3,0.0,5,5,15,1
13324378812_402875797_0,55,50,45,1488.7953102312106,2,0.0,7,21,7,3
13752754617_11365497701_0,65,60,55,92.80150647420749,6,323.9542915177824,7,4,5,1
13734642240_4538123416_0,60,60,55,167.0311146619658,3,0.0,20,5,42,3
30227132_30227154_0,60,55,50,65.96456271857193,6,304.8362685058059,1,2,19,2
3085906940_1575396667_0,55,55,50,149.73883325707672,6,305.61893319450866,1,4,6,1
30227157_30227134_0,55,50,45,72.20574485279323,6,158.6881566185793,1,2,18,1
30227157_30227156_0,55,50,45,44.63901095235003,6,115.54789522829356,2,2,14,1
30227156_30227151_0,55,50,45,40.601302627282585,6,108.53378867163838,2,3,25,1
30227156_30227157_0,55,50,45,44.63901095235003,6,115.54789522829356,2,2,14,1
30227154_30227132_0,60,60,55,65.96456271857193,6,304.8362685058059,1,2,19,2
30227153_30227158_0,55,55,45,49.8048696591224,6,203.5639887077104,1,2,15,2
30227153_30227132_0,60,55,50,83.16983428486132,6,221.8294824534132,1,2,24,2
3129196082_448786027_0,65,60,55,18.935822550815477,4,56.42584784376983,2,5,8,2
30227193_30227195_0,55,55,50,89.48335131578895,6,100.8044442601966,1,2,39,1
30227192_112409083_0,65,60,60,54.54695681953238,5,74.30647129968877,1,5,30,1
30227192_112409079_0,65,65,60,104.31910107648764,6,74.66489934509698,1,6,31,1
3129196077_3129196076_0,55,55,50,66.31761077276344,6,36.281850898859744,2,4,6,2
30227159_30227135_0,60,60,55,88.20856844404572,6,234.26039187303303,1,2,14,1
30227159_30227158_0,60,60,55,42.37674492962312,6,203.5639887077104,1,2,7,1
30227158_30227134_0,60,60,55,73.30857998911026,6,195.5362658198605,1,2,14,1
30227233_1400544022_0,65,65,60,46.1565718109476,5,320.94758650947904,1,2,18,1
30227232_30227160_0,60,60,55,6.497014932971863,5,278.44324961086454,1,2,11,1
3129196076_3129196082_0,60,60,55,104.35305062413998,5,44.26607431330328,2,6,10,3
30227198_30884331_0,55,50,45,97.36423588003814,5,435.8768490964804,1,2,24,4
30227196_30227153_0,60,55,50,87.63181686597673,6,219.3244616575748,1,2,25,3
30227195_30227157_0,60,60,60,126.29554122061656,6,152.3769405740715,1,2,39,1
30227487_431107481_0,60,60,60,205.3240537087852,6,351.57610564431843,1,4,65,1
30227468_30884331_0,65,60,55,152.91344846090777,5,464.1061739629748,1,2,20,3
30227450_2327729212_0,65,65,60,63.35711818725549,6,0.0,8,5,16,1
30227391_30227390_0,60,60,55,61.94461758407215,5,347.08506808485674,1,3,27,1
30227391_30227402_0,60,60,55,99.18156168472876,5,275.68293376073046,1,2,32,1
30227390_112398908_0,60,60,55,321.8621566628867,5,145.79868557182547,1,4,38,3
30227233_30227154_0,65,60,55,37.38667000000888,5,320.94758650947904,1,2,17,2
30236715_30236773_0,55,55,50,55.93981013970701,5,183.46725865649864,1,2,18,1
30227495_240936353_0,65,65,60,21.609613561419486,3,0.0,3,4,18,1
30236751_30236750_0,50,50,40,59.882360420105606,5,333.3307171740227,1,2,8,1
30236750_10967809658_0,55,55,50,138.23044012334452,5,333.3307171740227,1,2,6,1
30236750_30236749_0,55,55,50,58.98202303548895,5,316.41065038397414,1,2,13,1
30236749_30236779_0,55,55,50,93.80775108145252,5,226.04860886856804,1,2,14,2
30236748_1514106958_0,60,55,50,68.30308367346032,5,301.42841322777167,1,2,15,1
30236720_30236761_0,60,60,55,67.10387813388736,5,195.7500148873483,1,2,7,1
30236716_30236715_0,55,55,50,41.87139198022055,5,183.46725865649864,1,2,16,2
30236773_30236748_0,60,60,55,100.80848478180792,5,204.0029495092136,1,2,21,2
30236761_1514106960_0,60,55,50,68.50042553089992,5,260.14890611609894,1,4,8,1
30236760_30236715_0,55,55,50,101.77880905889484,5,133.39581818044334,1,2,15,1
30236752_30248272_0,55,50,45,102.83081784449853,6,360.1167330266968,4,2,8,1
30236752_30236753_0,50,50,45,39.43866169457612,5,360.1167330266968,1,2,8,1
30236751_30248264_0,55,55,50,78.59777060199644,5,272.115122954648,1,2,15,1
30237481_30237482_0,60,55,50,121.9384771969498,5,95.8677763181592,1,4,13,1
30237479_998567760_0,60,55,50,75.77792175137915,6,90.26149860211208,1,2,5,2
30237104_3618456746_0,65,65,60,81.8155303824937,5,200.9204618234148,3,2,2,1
30237081_7021902544_0,65,65,60,73.9154401209267,5,350.47343174623484,3,2,1,1
3129196076_3129196077_0,50,50,45,66.31761077276344,6,36.281850898859744,2,4,6,2
30236780_30236749_0,55,55,50,68.44190818169633,5,316.41065038397414,1,2,9,1
30236779_30248252_0,60,60,60,60.45532897328229,5,226.04860886856804,1,2,16,1
30236773_30236779_0,60,55,50,58.06164976749109,5,204.0029495092136,1,2,20,1
30237531_2087204994_0,60,60,55,74.53327703621693,5,76.36373940022204,5,3,15,1
30237521_30237520_0,60,60,55,66.37489760583078,6,142.62996754749193,1,3,4,1
30237484_557230481_0,65,60,55,79.11856116321584,5,124.27712510309458,3,2,4,1
30237483_30237484_0,60,55,50,130.32202671744807,5,0.0,2,4,10,1
30237482_30294184_0,70,65,60,98.53033533050898,5,0.0,3,2,11,1
30237482_30237483_0,70,65,60,121.56803401211906,5,0.0,2,4,11,1
30237481_998567840_0,55,55,50,72.82600051846505,5,96.69089366749144,1,4,8,1
30237586_30246820_0,65,60,55,137.18646277333397,5,133.1146028991662,6,2,6,2
30237586_30246859_0,60,60,55,133.37851394550995,5,0.0,6,2,8,5
30237542_998615820_0,60,60,55,64.5576287581446,3,0.0,1,2,8,2
3120231148_30960653_0,60,60,55,175.86229310808122,5,101.99697666447489,1,7,1,1
30237540_269383243_0,65,65,60,64.73224171991704,6,0.0,4,2,11,1
30237540_30237539_0,60,55,50,35.76501671238046,6,64.72469969739302,1,2,7,1
30237539_998615813_0,50,50,45,62.5024928869916,6,65.52173992329557,1,2,10,1
30237532_30237533_0,60,60,55,149.92095513811913,5,0.0,1,2,10,1
30237532_30237531_0,70,65,60,76.7029365193155,5,0.0,1,3,12,1
30237612_30237613_0,65,60,55,137.5257551997334,3,0.0,8,4,21,1
3120231147_412452735_0,60,60,55,258.8815321108564,6,69.58849200269242,4,14,3,1
30237607_30246777_0,65,65,60,137.33660293862349,3,0.0,13,4,9,4
30237607_30237586_0,70,70,65,134.6998618636885,5,0.0,7,3,5,3
30237588_30248549_0,65,60,55,136.1133598501067,5,131.03558975875012,3,3,4,1
30237587_30246777_0,70,70,65,132.1721295617939,5,0.0,14,2,8,3
30237587_30237586_0,65,65,60,133.88263152484515,5,132.06288366978603,8,2,5,3
30237627_2917908492_0,65,60,55,70.72676015089242,5,0.0,6,2,7,2
30237617_30247432_0,65,60,60,131.52726673411595,3,0.0,6,5,8,1
30237615_30237616_0,60,55,60,135.11210787859153,3,0.0,2,3,10,1
30237615_30237635_0,70,70,65,139.11814813315902,3,0.0,6,4,13,2
30237613_30237614_0,70,65,60,132.17444094939182,3,0.0,7,3,19,1
30237613_30237633_0,65,60,60,136.88586434393525,4,0.0,5,3,24,1
30237612_30247089_0,65,60,55,130.1978814443067,4,0.0,6,6,18,2
30237634_30237614_0,70,70,65,138.27459525326,3,0.0,5,4,24,1
30237633_30237632_0,65,65,65,135.40430898575207,5,134.28182405353397,3,3,23,1
30237632_30237612_0,65,60,60,136.42941092527172,4,0.0,6,5,20,1
30237632_30685341_0,65,65,60,136.57905199155147,5,0.0,8,4,21,1
30237630_30237629_0,70,70,65,35.776567216372904,5,0.0,4,2,13,3
30237629_30237628_0,65,65,60,131.51009946627454,5,31.240864927468422,2,6,14,3
30237629_30237610_0,70,65,60,133.86668511054762,5,0.0,4,3,17,4
30237640_30237639_0,65,65,60,136.35085172524364,3,0.0,4,7,27,1
30237640_30237698_0,70,70,65,133.2496526659253,5,0.0,4,8,26,1
30237638_30237696_0,65,65,60,133.4467061373502,5,0.0,4,4,26,1
3120231147_412466900_0,55,55,50,38.4288245378185,5,40.855585092827525,1,7,1,1
30237637_30247431_0,70,70,65,300.99859117826315,4,0.0,15,6,24,2
3109574426_3109574424_0,55,50,45,75.75731645583858,6,38.70225154458078,1,3,16,1
3170270487_1297790802_0,55,55,50,109.8473202487554,5,229.92919216917667,1,5,2,1
30237634_30237633_0,70,65,60,134.29286778470473,5,0.0,3,3,22,1
30237677_30237678_0,65,65,55,65.15887872760086,4,316.1258467438057,5,3,3,1
30237675_432509869_0,70,65,60,54.567952343079575,4,405.7711475767071,5,4,4,1
30237675_432467115_0,65,65,60,58.7679084195115,4,378.3847637456273,11,3,4,1
30237643_30237701_0,70,70,65,133.69186236205593,2,0.0,4,4,23,1
30237642_30237641_0,70,70,65,135.6944964906023,3,0.0,4,6,42,1
30237642_30243322_0,70,70,65,135.3123147084114,4,0.0,3,6,39,1
30237641_30237640_0,65,65,60,131.66220090919333,3,0.0,4,10,33,1
30237641_30237699_0,70,70,65,133.366454832893,3,0.0,4,7,36,1
30237685_409505319_0,55,55,50,90.14942533519093,5,189.66228041213404,2,5,2,1
30237682_3055187871_0,60,60,55,73.30276863432138,4,108.4767217064396,2,3,3,1
30237682_30294781_0,55,50,45,178.6678861513296,5,71.93830762803587,2,2,7,1
30237680_30294779_0,70,70,65,136.3483432138274,5,95.40549895394652,2,3,5,1
30237679_30617552_0,60,60,55,67.29188691755047,5,158.0991985784431,2,2,5,1
30237679_30237680_0,60,60,55,77.34440771284414,4,95.40549895394652,4,4,4,1
13508611893_7038308651_0,65,65,60,2.576100790828032,5,98.41804150746108,1,2,5,1
13456238293_11992098841_0,60,60,55,3.575740076215738,6,133.33938228884296,1,4,25,1
13453304520_429459477_0,65,65,60,10.209227481956134,4,156.05181331748065,1,4,4,1
13406594113_8529268154_0,70,65,60,75.64258251694147,4,0.0,8,9,1,1
13391145408_533662733_0,65,65,60,125.28563832739091,3,0.0,3,7,15,1
30237678_30237679_0,70,70,65,148.82677758900414,4,172.73340506962165,4,2,7,1
30237677_432467110_0,65,60,55,63.67354748287128,5,339.6375187863331,3,2,4,1
30237692_30237693_0,70,70,65,65.48877921632346,4,271.8978453503074,4,3,6,4
30237691_30237692_0,70,70,65,67.43405875797778,4,321.46606827478735,4,4,4,5
30237691_30313358_0,55,50,50,119.68681477191905,5,321.46606827478735,4,4,6,3
3154064258_698899859_0,45,40,0,66.5264930462641,6,367.3329039597908,1,2,1,1
30237690_30313179_0,70,65,60,98.23998347292311,5,236.56728540498503,3,6,2,2
30237689_30237690_0,65,65,60,66.31736923239224,4,170.6330945168335,4,4,1,2
30237689_290025527_0,55,55,45,67.99818416236384,5,165.89283746230325,2,2,1,1
30237686_412398661_0,70,65,60,125.3507812301137,4,0.0,5,8,4,1
30237686_409505320_0,55,55,50,87.71396717436322,5,123.36930186159346,2,2,2,1
30237699_30238005_0,70,70,65,138.24266810642385,3,0.0,4,6,22,1
30237699_30237700_0,70,70,65,135.40374741447803,3,0.0,4,6,25,1
30237698_30237699_0,70,70,65,135.8840627893819,3,0.0,4,11,22,1
30237698_30237873_0,70,70,60,128.03179402222815,5,0.0,5,8,19,1
30237697_30237698_0,65,70,60,136.07627794175036,3,0.0,4,8,22,2
30237694_442540300_0,70,65,65,165.39751811042316,4,13.07990988678706,7,8,25,1
30237694_3434285993_0,70,65,65,63.38377928364906,4,161.1410360778125,3,5,22,1
30237693_30237694_0,60,60,55,123.48454672672796,4,161.1410360778125,4,6,18,3
3144669232_10042808607_0,65,65,60,234.8659012958431,3,0.0,12,3,1,1
3141525071_1311619365_0,70,70,65,112.83096809401874,3,0.0,15,4,14,1
3141525071_9782230123_0,70,70,65,41.59984901733378,4,0.0,10,2,8,3
30237768_30248583_0,65,65,60,74.64800488818204,4,86.30732408539977,3,6,17,1
30237768_30248584_0,70,65,60,28.72835218727722,4,113.20184328265448,2,3,15,1
30237705_30237706_0,70,65,60,60.76227314378628,3,0.0,4,4,29,1
30237703_26057389_0,65,65,65,150.5575863576076,3,0.0,8,5,31,1
30237703_2501701155_0,70,65,60,66.3623593415583,5,0.0,5,2,21,1
30237701_13228605049_0,75,70,65,115.09993930562376,3,0.0,4,4,23,1
30237700_30237642_0,70,65,65,133.28361233100517,4,0.0,4,5,31,1
30238006_30237700_0,70,65,60,134.99760031426902,4,0.0,3,4,23,1
30238006_30238005_0,70,70,65,136.55085518852553,4,0.0,3,4,18,1
3141525071_442540257_0,65,65,60,34.418201047266535,3,0.0,9,2,8,1
30238005_30237873_0,65,65,60,134.31445115295037,4,0.0,5,5,12,1
30237873_30238023_0,70,65,60,140.667135130706,5,128.01629239521486,5,6,18,1
30237873_30237867_0,65,65,60,137.8947125703696,4,111.29337204889389,5,7,13,2
30237867_30237697_0,70,70,60,111.31113125157498,4,0.0,4,5,13,2
30237867_30237772_0,65,65,60,136.28622296217048,4,111.29337204889389,4,5,15,2
30237770_364811897_0,70,70,65,28.79920697230177,4,14.222961811433471,5,2,11,1
30238020_30243362_0,65,60,55,136.13825074034327,5,0.0,4,4,8,1
30238018_30238017_0,60,60,55,134.6875008062475,5,0.0,4,2,9,1
30238018_530687873_0,60,60,55,134.66885025199832,5,0.0,6,2,4,1
30238016_30238015_0,65,65,55,130.6565436410681,5,104.34092749458571,1,3,4,3
30238016_1479334732_0,65,65,55,86.27780086371496,5,134.44559277365,5,3,2,1
3134765936_249426450_0,65,60,55,129.19111955992264,3,0.0,9,7,10,1
30238011_365549375_0,70,65,65,129.47026807686342,5,17.495555223491696,6,5,14,1
30238011_30243883_0,70,65,60,134.00034590671254,4,131.77424828756028,2,4,20,1
30238009_10181609602_0,65,60,60,116.17145287751342,4,134.1855083764251,5,2,24,1
30238031_30238030_0,70,65,60,135.1299042961704,5,0.0,7,3,22,2
30238030_30243373_0,70,65,60,134.60048554173466,3,0.0,5,4,21,1
30238029_442540250_0,65,65,60,133.97607149187863,6,0.0,5,6,8,1
30238029_301572459_0,65,65,60,166.40150354843587,5,132.36082395960233,4,3,21,1
30238027_30238026_0,70,70,65,87.45322310306821,5,0.0,2,6,16,1
30238027_30243368_0,65,65,60,131.29741604295126,6,0.0,1,3,14,1
30238026_30243367_0,65,65,60,132.77093630831183,3,0.0,4,9,16,2
30238025_30237640_0,60,55,55,135.36046570065173,5,0.0,3,7,30,1
30238025_30243366_0,65,65,60,132.2408384039319,5,0.0,3,3,33,2
30238023_7580972991_0,65,65,60,70.43286475419163,5,62.2279703867758,3,2,17,1
30238021_30238020_0,60,60,55,133.90377308913978,5,135.01287664592795,4,2,4,3
30238379_30238383_0,55,55,50,373.2450293964346,5,80.47719149279341,1,5,35,4
30238199_30246671_0,65,65,60,256.1449441180017,6,0.0,5,5,50,1
30238199_30238198_0,65,60,55,134.90299283452086,5,131.80446690327375,6,7,24,1
30238198_30246669_0,65,65,60,133.21314046366402,4,117.89965850500776,6,7,31,1
30238198_30238197_0,65,65,55,133.45847596059215,5,115.0505223764459,7,9,17,1
30238197_905811222_0,65,65,55,134.0968146845807,5,20.297207594698072,16,10,20,1
30238032_30243261_0,70,70,65,136.2286032471068,5,0.0,7,4,24,1
3134509198_1311935438_0,65,60,55,9.576233120352969,5,387.8036979773652,3,2,3,1
30238385_4538123437_0,70,65,65,14.204139370228171,4,0.0,7,11,19,1
30238383_192040052_0,65,60,60,22.785047264962746,5,89.0660188156664,1,4,12,1
30238383_30238379_0,50,50,40,373.2450293964346,5,80.47719149279341,1,5,35,4
30238379_2560076882_0,60,55,50,165.91204607848132,6,80.47719149279341,1,2,27,1
30242762_30242812_0,65,65,60,136.10552081019924,5,145.52877535260492,4,3,10,3
30242760_30243212_0,65,65,60,131.75091526631945,4,47.91685901810291,5,4,12,1
30242759_30242758_0,60,60,55,138.43200849762377,5,89.39065633577206,4,7,13,1
30242758_26057342_0,65,65,60,94.45257667219596,5,0.0,3,8,15,1
3129196088_3129196084_0,0,0,0,117.211269135769,6,31.84217021144687,5,6,9,1
30242757_26057131_0,65,65,60,132.15132332098094,5,0.0,10,15,31,1
30242809_536418264_0,65,65,60,134.37131108733158,5,145.86072848483434,8,3,7,1
30242768_219018792_0,65,60,55,134.9038082208831,5,280.87426798921695,3,3,6,1
30242766_30242968_0,65,65,60,133.39018437955076,4,282.09616148167726,11,3,9,4
30242764_30242810_0,65,65,60,137.4137464454077,5,149.6895363638958,3,2,14,2
30242764_30242763_0,65,60,55,136.27814598907344,5,285.5980991302286,3,2,15,2
30242816_30242815_0,65,65,60,133.13773756865413,5,148.11079393513222,4,4,12,1
30242815_559787234_0,65,65,60,131.3909415924638,5,18.826239588812065,5,7,15,1
30242815_30242814_0,60,60,55,133.1059142715053,5,147.4109891615596,4,3,10,1
30242814_126800081_0,65,65,60,127.65692943233172,5,95.536542993525,5,4,10,4
30242812_30242811_0,65,65,60,131.91921926567366,5,145.52877535260492,4,3,4,1
30242811_30242810_0,65,60,55,137.21345735731586,5,149.3016219570045,4,2,7,1
13203541702_1856468570_0,70,65,60,383.8069886021754,5,0.0,6,6,21,1
30242811_30242763_0,65,65,60,136.10160694307316,5,149.5007568123279,4,2,5,1
3129196084_3129196088_0,0,0,0,117.211269135769,6,31.84217021144687,5,6,9,1
30242810_30242809_0,65,65,60,132.2543510228037,5,144.9846278590768,4,2,9,1
30242871_33098964_0,70,70,65,132.93637960412835,5,0.0,6,5,14,5
30242871_30242872_0,65,65,60,132.98358321070617,5,132.92831799697765,12,5,18,4
30242864_30243053_0,65,65,60,134.62521018187954,4,134.74413835622707,8,16,18,2
30242864_33098957_0,75,70,65,134.88100254202837,4,0.0,10,21,19,2
30242818_26057131_0,65,65,60,139.4549712987594,3,0.0,10,11,29,1
30242818_30242817_0,65,65,60,133.74528123489213,5,0.0,4,6,22,1
30242818_12309556901_0,70,65,60,15.684826601270055,5,0.0,2,3,13,1
30242817_30242816_0,60,60,55,135.52661601846916,5,131.29121093426474,4,5,17,1
30242816_30242758_0,65,65,60,133.84230899479138,5,89.39065633577206,3,7,18,1
30242951_2480495525_0,70,65,60,171.22991489340907,5,0.0,9,8,15,1
30242950_30242951_0,65,65,60,42.496504054042894,4,145.19825438797395,4,4,10,1
30242877_4436976528_0,70,65,60,75.55957644029147,2,0.0,8,6,6,1
30242874_3193317991_0,70,65,60,134.82670554166953,5,0.0,13,4,7,1
30242874_30242965_0,70,65,60,138.24309517695133,4,132.0375749128252,8,2,11,1
30242872_30243061_0,65,65,60,137.43992956107937,5,133.12814627812853,7,2,13,1
30242956_30556413_0,65,60,55,159.42671528791402,5,88.62277976283889,4,2,10,1
30242955_126655918_0,60,60,55,59.883025970660825,6,182.81455303353883,1,2,7,1
30242955_30242956_0,65,65,60,79.29853709590078,4,103.51709734211242,2,2,10,1
30242952_412442324_0,65,60,55,84.77117732569695,4,241.4550341874624,2,2,8,2
30242952_1697946622_0,50,50,40,56.63148903202045,5,210.0401351073409,1,2,5,2
30242951_30242952_0,65,65,60,102.79856582871194,4,169.94515993063385,4,5,10,2
30242963_3193312157_0,70,65,60,132.75738296933451,4,0.0,11,2,16,1
30242962_1307271989_0,65,65,60,54.17297013423255,3,0.0,3,2,20,1
30242960_30253569_0,65,65,60,152.45853536585224,3,0.0,4,2,30,1
30242959_30254193_0,65,65,60,135.38634049639123,5,130.31306281938333,5,2,14,1
30242958_30242959_0,70,65,60,130.3909343919802,4,0.0,7,2,14,1
30242957_30555005_0,65,65,60,135.9104106610121,3,0.0,4,2,12,2
30242973_797498302_0,55,55,50,253.1111304881048,6,134.31987601935325,18,4,12,1
30242972_600821408_0,60,60,55,123.306950619497,4,136.45471866572692,5,4,11,1
30242971_243047500_0,65,65,60,174.51222855024858,4,0.0,21,2,10,1
30242968_30242970_0,65,65,60,262.1109580904638,4,124.4651639224197,3,6,3,2
30242968_1191150266_0,60,60,55,40.004546665208,5,384.67914410661535,2,3,2,4
30242965_30243062_0,65,65,60,133.83450299402546,5,132.22672693408938,6,2,11,1
3184350843_7862216634_0,60,60,55,28.63958890478593,5,253.51200835348388,1,3,13,1
30243048_30243047_0,65,65,60,133.86753855076284,5,112.77143352498956,5,4,30,3
30243048_8173071606_0,65,65,65,149.88797306776314,4,133.0775778797887,8,9,20,4
30243042_11363307237_0,70,65,60,116.3845474867485,3,0.0,4,3,15,1
30242977_4171977906_0,65,60,55,16.340305260645987,3,0.0,7,3,1,1
30242976_2239890983_0,65,60,55,839.2308407844534,4,77.40196116004553,10,11,8,1
30242976_71709940_0,65,65,55,10.87774135995572,4,152.9262915421492,3,7,1,1
30242973_1621899827_0,65,65,60,149.73221655190667,4,266.0138785695234,5,3,11,1
30243065_30254089_0,70,65,60,128.3086498321608,5,0.0,5,5,1,1
30243062_30254198_0,70,65,60,137.65614986214547,5,134.28105176230932,12,2,6,1
30243061_30243129_0,65,65,55,133.57599097291325,5,144.91806308553706,2,4,6,2
30243058_11012409286_0,65,65,55,113.96424520188108,5,149.3319141718519,4,2,17,2
30243056_559787236_0,65,65,60,129.68410979663244,5,19.689586948344832,7,5,12,1
30243056_7515360155_0,65,65,60,132.8646634088641,5,0.0,4,3,22,1
30243054_442540235_0,65,65,60,164.42564711507492,5,0.0,5,12,19,1
30243053_442540254_0,65,60,55,16.384145524325138,5,135.56439769933922,3,11,9,1
30243120_6762254081_0,70,70,65,35.48699463382603,5,0.0,6,2,9,2
30243118_30243117_0,60,60,55,134.41009037365032,5,0.0,5,2,26,1
30243118_126797988_0,70,65,60,116.95747205304654,3,0.0,10,4,15,2
30243117_30243116_0,45,40,0,132.64931395592288,5,0.0,5,2,19,1
30243116_30243115_0,70,70,65,132.62094386134578,5,0.0,3,2,7,1
30243115_30243114_0,70,65,60,134.34076224146654,5,0.0,3,2,9,1
30243115_1487126963_0,65,65,60,66.71001584921717,5,51.941125680721846,2,2,5,1
13197779092_240978204_0,60,60,60,176.94272226927274,6,354.94202001699847,4,2,58,1
13197779092_11298541576_0,55,55,55,104.09390470202872,6,251.48994379962585,1,2,57,1
13307330505_30247405_0,70,70,65,99.94941953533466,3,0.0,9,9,9,1
13307330505_30247401_0,65,65,60,26.455364233576457,3,0.0,3,2,3,1
13266185092_2013654034_0,70,65,60,81.55139626897729,5,193.7111172769689,7,2,2,1
13266185092_667898752_0,65,65,60,4.560737590568869,5,191.4396826532386,5,2,1,1
13254400116_378208896_0,60,55,50,164.91394624295845,4,280.9975577635585,6,3,1,1
13254400116_2235259451_0,55,55,50,14.144629627209172,4,272.1434294021461,3,2,1,1
13228605049_11053219723_0,70,70,65,148.12279040946058,6,0.0,4,4,36,1
13228605049_13228605046_0,70,70,65,36.59318708810048,3,0.0,2,2,17,1
30243114_30555002_0,70,65,60,132.27660744169037,5,0.0,4,3,10,1
30243112_260723600_0,65,65,60,62.23150588045402,5,141.83805314527928,4,4,9,1
3184350843_219011804_0,60,60,55,40.8148493859324,5,251.4431071304011,1,4,15,1
30243128_30243127_0,60,60,55,126.07285761193928,5,0.0,5,4,8,1
30243127_30253375_0,60,55,50,132.41052196919648,3,0.0,8,2,4,2
30243126_30243125_0,65,65,60,125.06756091346216,3,0.0,5,9,4,1
30243126_330028856_0,65,65,60,86.47723101779717,5,0.0,4,3,1,1
30243125_126798008_0,60,60,55,95.84065632123183,3,0.0,12,8,6,1
30243125_219026483_0,55,55,50,118.77934601342416,5,0.0,3,7,3,1
30243159_30253568_0,70,65,60,135.50954999950352,3,0.0,4,3,17,2
3184350832_243336865_0,65,60,55,12.169048030885422,5,282.1491817563922,5,4,5,1
3184350832_243336646_0,60,60,55,6.007683237594985,4,282.1491817563922,5,4,5,1
30243157_30243158_0,70,65,60,134.99838704298193,5,71.39148875452382,4,2,9,1
30243156_30555003_0,70,70,65,65.63602560765233,3,0.0,3,2,8,1
30243156_30243157_0,70,70,65,132.83260165142096,5,0.0,4,3,12,1
30243129_773324530_0,65,65,60,128.60476118005724,5,101.14427839880511,4,5,9,2
30243129_2264591839_0,55,55,50,82.2860372563324,5,144.91806308553706,3,4,12,3
30243166_219026483_0,55,55,50,135.2628976962426,5,118.70852323599796,3,6,12,1
30243166_30243124_0,65,60,55,131.59289162097997,5,134.51515903048957,5,4,15,2
30243163_33098964_0,65,65,60,132.717653232445,2,0.0,3,3,14,1
30243163_30242872_0,65,65,60,133.13530091051751,5,0.0,9,2,14,1
30243161_30243118_0,70,65,60,131.43140341972395,3,0.0,4,3,15,1
30243161_1716102039_0,65,65,60,62.813528448943,5,0.0,3,2,8,1
30243160_30243161_0,65,60,55,133.56157231612116,5,0.0,4,2,20,2
3182649504_540312582_0,50,50,45,362.8314040627529,2,0.0,9,7,11,2
30243208_10182303354_0,70,70,65,116.16442559487407,3,0.0,9,4,22,1
30243206_1124790711_0,65,65,60,131.93020966818844,5,132.6712252104102,11,9,20,1
30243203_30554511_0,65,60,55,57.541215562330265,5,111.96396909154907,2,3,14,3
30243203_415935111_0,70,65,60,50.30865483142211,4,111.96396909154907,2,2,11,3
30243202_30553975_0,60,55,50,53.60778107543618,4,195.3630956900939,1,2,19,1
30243250_431484966_0,70,70,65,135.3322791070179,2,0.0,7,7,20,2
30243245_30243244_0,70,70,65,134.31210695723144,5,0.0,5,4,22,1
30243245_30243205_0,65,65,60,133.7297433426846,3,0.0,5,4,20,1
30243244_30333328_0,65,65,60,134.86974849449732,3,0.0,3,4,26,1
30243213_30243251_0,65,65,60,135.6858011923731,3,0.0,5,6,21,1
30243212_30243213_0,60,60,55,49.47068961289706,4,0.0,4,3,13,1
30243212_30243251_0,65,60,55,133.97331662845127,5,0.0,6,6,16,1
30243211_30242814_0,65,65,60,130.63338901341973,4,19.597052822453872,5,8,18,1
30243210_11012442310_0,65,65,60,114.45597656145708,2,0.0,5,3,18,1
30243263_10893712430_0,75,70,65,118.16000658434837,5,0.0,4,2,19,2
30243262_10182303357_0,65,60,55,116.8981415196369,4,130.9437776529597,10,4,23,1
30243261_30243262_0,70,70,65,136.18994661676626,5,0.0,10,3,23,1
30243261_30243375_0,70,70,65,134.18942972657635,3,0.0,4,4,22,3
30243260_30243245_0,65,65,60,135.41844279969402,3,0.0,5,6,15,1
30243251_30242759_0,65,65,60,138.128927317994,5,0.0,5,4,12,1
30243251_26057342_0,65,65,60,143.1715140953948,3,0.0,4,9,18,1
30243319_30243363_0,60,60,55,133.54786137767633,5,0.0,3,2,9,1
30243319_30685340_0,70,65,60,135.99744005504502,4,0.0,3,4,13,1
30243313_30246862_0,70,65,60,134.5035010519998,4,0.0,3,3,7,1
30243264_30243250_0,65,65,60,134.73678930208015,2,0.0,8,8,13,1
30243263_33098963_0,65,65,60,133.52372897788348,2,0.0,4,2,15,1
30243331_30243332_0,70,70,65,130.68721428656792,3,0.0,4,3,23,1
30243330_1286855176_0,60,60,55,77.19960551713567,3,0.0,5,5,20,1
30243329_126797989_0,65,65,60,9.810835052212902,3,0.0,1,4,9,1
30243323_30247434_0,70,70,65,131.93390023150826,3,0.0,3,4,39,2
30243322_30243323_0,70,70,65,131.5385191553837,4,0.0,2,3,37,2
30243321_30247091_0,70,70,65,97.03123854391184,4,0.0,6,5,12,1
30243321_30238006_0,70,70,65,134.84345004579578,4,93.95699961860544,3,4,16,1
30243338_3361983595_0,65,60,55,214.38864070960287,3,0.0,3,8,36,3
30243337_1860575763_0,65,65,60,65.12882447548937,5,0.0,3,2,16,1
30243337_30243338_0,65,65,60,93.27651294390267,3,0.0,4,2,20,1
30243335_30243336_0,70,70,65,132.33103074515566,3,0.0,4,6,14,1
30243335_30243395_0,65,65,60,133.9389849726622,5,0.0,4,4,13,1
30243334_1350812728_0,70,70,65,133.4824184317854,5,0.0,4,3,8,2
30243334_30555687_0,65,65,60,104.33771271479092,3,0.0,4,2,10,1
3182649498_2671247018_0,60,55,50,43.30081369274955,6,11.982133216258353,3,3,5,1
30243332_30243333_0,65,65,60,126.34763887821558,3,0.0,4,5,17,3
30243332_1303457341_0,70,70,65,52.91991821075018,3,0.0,2,4,10,1
30243349_597933805_0,65,65,60,205.1670884550628,5,0.0,4,2,1,1
30243348_559424463_0,65,60,55,123.4615795761661,5,132.04008210625005,7,3,1,2
30243348_30243349_0,65,60,55,132.43477875592197,5,0.0,5,3,1,2
30243344_616512950_0,65,60,55,192.84303161711512,4,0.0,8,3,14,1
30243342_2293731592_0,65,65,60,154.6164205107118,2,0.0,5,11,4,2
30243355_30243356_0,50,50,45,133.0999076848268,5,515.8537062686646,4,2,3,1
30243355_30297368_0,50,45,40,269.1343645024509,5,402.52053901931606,2,2,3,1
30243353_3005325724_0,60,55,50,7.243764895213554,5,335.22408853154,1,2,2,1
3182649498_2670313178_0,50,50,45,99.58245694210846,5,11.982133216258353,3,4,7,1
3196072505_568847339_0,60,55,50,91.62434177952498,5,170.20721311771675,1,2,1,1
30243349_30243350_0,65,60,55,138.71723054654166,5,0.0,6,2,5,1
30243362_1479334726_0,70,65,60,95.589091611527,5,0.0,7,6,9,1
30243361_530687873_0,65,65,55,132.93165309333352,3,0.0,6,2,3,1
30243361_4840145821_0,65,60,55,134.359550109087,5,0.0,4,3,6,1
30243358_3369034782_0,55,55,50,82.49695796870097,5,243.72976690850237,2,2,1,1
30243357_559410527_0,65,65,60,119.9194494249274,4,383.3548114905237,7,7,2,1
30243357_1768889590_0,65,60,55,137.5774782444543,4,373.2142236171604,8,4,3,1
30243356_559410528_0,60,55,50,121.0848131984313,5,515.8537062686646,6,4,1,1
30243371_1311770053_0,65,65,60,133.81752081262894,4,0.0,6,5,10,1
30243368_30243367_0,60,60,55,88.92699919664815,3,0.0,2,3,7,1
30243367_30243323_0,70,70,65,135.3514241166657,3,0.0,3,5,17,2
30243366_30237641_0,60,60,60,134.62666427345545,3,0.0,4,5,40,2
30243366_30243322_0,70,70,65,136.98074838594792,5,0.0,3,3,41,2
30243365_1589583429_0,65,65,60,132.46448208926688,3,0.0,5,5,14,4
30243365_30243321_0,70,65,60,135.1327733629759,4,0.0,4,5,14,1
13134439125_431107481_0,65,65,60,8.481746527513913,6,497.0285475188615,1,4,30,1
13134439124_13134439125_0,65,65,60,93.24958959405024,6,412.9000632583167,2,2,45,1
13119458932_2650778329_0,65,60,55,16.59064307575283,4,28.913186951953044,5,3,1,1
13203541702_13203520600_0,65,60,55,119.2826525410464,6,39.64199339750777,1,4,3,1
13199461400_13199678806_0,60,60,60,15.508167409761654,6,389.2934754620248,5,2,29,1
30243363_30243362_0,70,65,60,136.1835226210767,3,0.0,4,4,9,1
30243391_30243332_0,60,60,55,133.29082302568636,3,0.0,4,5,23,1
30243391_1860476035_0,60,60,55,223.8565760269377,3,0.0,5,8,35,1
30243389_30254194_0,60,60,55,132.90988291463762,5,0.0,8,3,23,2
30243375_30238031_0,60,60,55,137.41652969128498,3,0.0,6,3,20,4
30243375_30243373_0,70,65,60,133.73009667916745,3,0.0,4,4,18,2
30243373_3047640930_0,70,65,60,74.3884155986977,3,0.0,2,3,13,1
30243373_30254227_0,70,70,65,132.93838084042227,3,0.0,8,5,25,1
30243371_442540250_0,65,60,55,18.75888692196681,3,0.0,5,4,4,1
30243397_2749938625_0,70,70,65,127.0094829520152,5,0.0,4,2,11,2
30243396_30243395_0,70,70,65,132.9605019638424,3,0.0,4,2,18,1
30243396_30243336_0,70,70,65,134.43750266781922,5,0.0,4,7,14,1
30243395_30243394_0,60,60,55,65.13073491148755,3,0.0,6,2,17,1
30243395_915702743_0,70,70,65,79.46591537136807,5,0.0,2,2,15,1
30243394_30254029_0,70,70,65,65.52246545967847,3,0.0,5,2,15,1
30243392_30254056_0,70,70,65,135.06804727708905,3,0.0,6,3,29,2
30243449_10926004932_0,70,65,60,128.6770193200483,4,134.49876621437943,6,4,5,1
30243447_616512950_0,65,65,60,135.05419938344482,3,0.0,8,2,7,1
30243447_1623558813_0,65,65,60,133.82877254678755,4,0.0,4,3,3,1
30243401_30243398_0,70,70,65,309.15538259134354,3,0.0,6,3,15,5
30243398_2760236007_0,50,50,45,70.77212119429528,5,0.0,3,2,11,1
30243397_30243396_0,65,65,60,139.17003132471532,3,0.0,4,3,12,1
30243880_30243890_0,70,65,60,135.56120665423012,5,146.4420880329264,3,4,8,1
30243880_30243879_0,65,65,60,134.74125267722292,4,146.4420880329264,2,4,6,1
30243879_30243878_0,65,60,55,133.85270582555387,4,132.13220305071783,4,4,7,2
30243878_30243888_0,70,65,60,137.0506915073363,5,131.02443873413512,6,4,11,1
3193312157_10253033785_0,70,70,65,64.76607676030287,2,0.0,9,2,2,1
30243877_30243876_0,70,65,60,134.49718209386225,4,0.0,3,6,13,1
30243876_30298841_0,65,65,60,113.27503347168722,5,30.499427098118773,12,6,14,1
30243888_30246824_0,60,55,50,133.09837611572286,5,131.3102304863708,5,3,25,1
30243887_30243888_0,65,65,60,132.59607965113992,4,0.0,7,6,15,1
30243887_30243877_0,65,65,60,134.77550227805966,3,0.0,6,6,14,1
30243883_2326000392_0,65,65,60,132.87997373763804,4,0.0,3,5,26,1
30243883_30247097_0,65,65,60,133.63427287906933,4,132.86513514485742,2,4,27,2
30243881_30243891_0,65,65,60,135.94294849565216,6,132.93348430429646,1,2,14,1
3193312157_3888894773_0,70,70,65,30.71524311650294,4,0.0,8,2,1,1
30243944_1400747755_0,60,60,65,53.36161052542888,5,306.9514481188517,1,2,46,1
30243942_30243943_0,55,50,50,9.633387774897974,5,309.9244310382846,1,2,39,1
3191418795_2087205012_0,60,60,55,44.56366508558775,6,19.588341884202165,3,4,1,1
30243889_30243879_0,70,65,60,135.55457689130077,5,198.0481031817111,3,5,5,1
30243959_208974064_0,55,55,50,65.4760032728522,5,286.7153948294481,1,2,38,1
30243958_30647222_0,50,50,40,79.60674538833194,5,274.1445971218968,1,2,41,1
30243953_30254245_0,50,45,40,109.39015138471362,5,138.04543963731555,1,2,63,1
30243953_30243961_0,60,60,60,56.56564888816818,5,245.80685253879236,1,2,36,1
30243952_30243953_0,60,60,65,29.29227715109895,5,245.1660327707157,1,2,33,1
30243946_4029816820_0,60,60,60,50.31495945330652,5,288.73128024860694,1,2,45,1
30243944_30243946_0,50,50,50,44.80398223053184,5,300.7420663751489,1,2,45,1
30246669_6833338776_0,60,60,55,253.6401097128305,6,114.30032107946256,6,3,45,3
30246669_1092685773_0,60,60,55,136.08390967322447,4,20.43806914717431,14,4,38,3
30246668_30238197_0,65,65,60,132.85376789226356,5,20.903544066426026,9,9,17,1
30244001_243346441_0,60,60,60,88.65886655901528,4,343.3936364179108,3,4,12,1
30244000_13199461400_0,60,60,60,13.02283931276246,6,404.0513579683765,5,2,25,1
30243961_30243959_0,55,50,45,73.47262065217217,5,252.04127328548185,1,2,35,2
30243961_30254251_0,50,45,0,37.42003329330723,5,225.39606578927837,1,2,29,1
30243959_30243958_0,55,50,45,54.263020062321246,6,274.1445971218968,1,2,38,1
30246768_30237610_0,65,65,60,136.82434783664235,3,0.0,6,5,15,3
30246752_559764755_0,65,65,60,136.5004387360127,5,0.0,10,8,13,2
30246752_30243881_0,65,65,55,127.49706550579764,6,18.24538543715471,4,3,8,1
30246712_30246711_0,65,65,60,93.96843709945888,5,0.0,1,7,13,2
30246711_30248550_0,65,65,60,131.8051945614607,5,0.0,2,10,16,3
30246702_30246674_0,60,60,55,134.57242170436623,3,0.0,2,5,30,1
30246674_11351487218_0,70,65,60,95.0104171303357,3,0.0,2,4,31,1
30246674_6833338776_0,70,65,60,131.6696356184206,5,0.0,3,4,21,3
30246781_10182331330_0,65,65,60,117.2361356365408,5,149.17151192424666,7,2,9,1
30246778_30237587_0,60,60,55,136.8693753966493,5,132.17119561069708,7,2,6,4
3191418787_2458217791_0,65,65,60,13.352186470849652,2,0.0,9,2,2,1
30246777_30237627_0,60,60,55,133.35691695906186,5,0.0,13,3,9,4
30246773_30238198_0,65,65,60,134.3765724998395,4,210.8056967580685,5,7,15,1
30246773_252825017_0,65,60,55,134.48022835082247,6,206.38457741223567,5,3,11,1
30246771_26198831_0,65,65,60,149.56589897178438,5,0.0,4,4,10,1
30246771_30246781_0,65,65,60,134.2826187286202,5,149.56258420989397,4,4,9,1
30246970_30247005_0,65,60,55,94.9398289628892,5,71.43679875434209,3,3,13,1
4212111673_13197779092_0,55,55,55,9.345271344789303,6,355.3128863653497,1,2,32,1
30246864_4834209607_0,65,60,55,134.49835478744387,5,0.0,8,6,10,1
30246860_30246859_0,65,60,55,133.59415746344737,3,0.0,4,4,9,4
30246860_30246820_0,60,60,55,133.13275901382713,5,0.0,4,5,6,3
30246859_1382873591_0,70,65,60,120.51618746542285,5,0.0,5,2,10,5
30246859_2510614164_0,60,60,55,115.32562736168538,3,0.0,6,4,12,4
30246824_905811222_0,60,55,50,130.31870615306903,5,20.297207594698072,14,6,35,1
30246820_30246778_0,65,65,60,132.96490795247493,5,133.13192278310723,5,2,9,1
4230940846_4230940844_0,45,40,0,30.845507337294976,5,320.85469786387023,1,2,1,1
30247061_178508655_0,55,55,50,101.45113063187992,6,212.24760914274592,1,2,1,1
30247035_178508655_0,60,55,50,94.28829610215558,5,311.74660561931495,1,3,4,1
30247035_178509066_0,55,55,50,9.88887453903484,5,316.57673951508497,1,3,4,1
30247027_30247007_0,60,60,55,85.9293039707126,5,224.95833474997525,1,2,5,1
30247027_30247035_0,60,60,55,122.9942111075572,5,225.40572216216856,1,3,5,1
30247026_8221931732_0,50,50,45,56.67353684616143,6,140.35592157459425,1,2,4,1
30247007_2407328772_0,55,55,50,64.26858426239467,5,219.39276126167803,1,3,11,1
4230940844_4230940846_0,45,40,0,30.845507337294976,5,320.85469786387023,1,2,1,1
30247382_1002675944_0,75,70,65,85.98105401948021,2,0.0,7,5,4,1
30247167_30247433_0,65,65,60,131.9764271632384,4,0.0,3,7,28,2
30247166_30237638_0,55,55,55,134.1653315434535,5,0.0,3,3,22,1
30247097_1374636407_0,65,65,60,136.24497446311153,4,144.26055064124176,3,3,31,1
30247097_30227228_0,65,65,60,121.98297739794312,5,131.75645455527624,4,6,24,1
4222882539_359104407_0,65,60,65,174.3831532961425,4,13.365384826382464,7,4,19,1
13179936507_11215517493_0,75,70,65,93.0380162966907,6,0.0,2,3,2,1
4222882539_5094317308_0,0,0,40,96.8252097701274,5,13.523811483712096,2,2,19,1
13134439132_1400723087_0,60,60,55,109.0376755081312,6,133.28087287341242,1,4,37,1
30247091_30685337_0,65,65,60,140.8210844847408,2,0.0,7,3,18,1
30247089_1357512253_0,65,65,60,135.0231991428334,4,130.19371225724967,2,10,18,3
4214539546_366223023_0,40,40,0,69.76998048184052,5,368.7712604554709,1,4,1,1
30247088_30237770_0,65,65,60,133.94766482726993,5,40.75613178594492,4,4,19,2
30247405_13307330505_0,70,70,65,99.94941953533466,3,0.0,9,9,9,1
30247405_30247406_0,70,65,60,16.263091266196486,3,0.0,8,9,6,1
30247401_431100308_0,70,70,65,109.99223272273883,3,0.0,5,4,5,1
30247395_30247390_0,70,70,65,139.79219427269092,3,0.0,3,7,2,1
30247395_431100308_0,65,60,55,43.9252313246259,3,0.0,3,3,1,1
30247395_30558251_0,70,70,65,56.85526156273454,5,0.0,3,3,1,1
30247390_30247386_0,70,65,60,84.84957976641198,3,0.0,1,6,2,1
30247390_30247395_0,70,70,65,139.79219427269092,3,0.0,3,7,2,1
30247390_30558221_0,70,65,60,57.89783755301045,5,0.0,1,5,4,1
30247386_30247390_0,70,70,65,84.84957976641198,3,0.0,1,6,2,1
30247382_30247386_0,75,70,65,126.10739720172982,3,0.0,4,9,5,1
30247426_30556617_0,70,70,65,120.35265898668264,5,0.0,2,5,28,7
30247426_30247429_0,65,60,55,138.51308941233003,3,0.0,2,4,17,6
30247416_30248590_0,70,70,65,176.18356180990304,3,0.0,5,4,25,3
30247413_30313349_0,70,70,65,38.27331580680056,5,0.0,2,2,19,7
30247413_30247416_0,65,60,60,78.79710579674311,3,0.0,4,2,21,7
30247411_30247413_0,65,65,60,130.1487269210592,3,0.0,4,2,20,11
30247411_6042820380_0,60,55,50,86.93652093350505,5,0.0,2,2,7,9
30247409_30247411_0,65,65,60,90.63908689480093,3,0.0,6,6,12,10
30247409_412398706_0,65,65,60,67.0750041298512,5,0.0,7,6,12,5
30247406_1614010934_0,70,65,60,30.5516731392868,3,0.0,9,9,6,1
30248270_30236752_0,55,55,50,72.48183486726353,5,295.13003458779616,1,3,13,1
30248252_30248264_0,55,55,50,57.63627885331898,5,253.37317396096904,1,2,21,1
30248252_30236750_0,60,55,50,85.89995807106787,5,253.37317396096904,1,2,13,1
30247434_11370726443_0,70,65,60,73.32102657643506,2,0.0,4,2,33,1
30247434_3314294600_0,75,70,65,116.53211180487952,3,0.0,4,3,37,2
30247433_30238026_0,70,70,65,133.04573723873153,3,0.0,4,11,29,2
30247433_301572949_0,70,70,65,167.12443354537123,4,0.0,6,11,31,2
30247432_30247433_0,70,70,65,135.65354475587773,3,0.0,4,8,25,2
30247432_30247166_0,70,70,65,133.29421503335223,5,0.0,3,3,14,1
30247431_30237617_0,70,65,65,32.25489989808939,3,0.0,6,4,4,1
4214539546_366223121_0,45,45,0,441.99066170240417,5,339.5443068587606,1,7,1,1
30248296_30248300_0,55,55,50,128.72677930439738,5,183.60192986791637,1,3,14,1
30248295_30248318_0,60,60,60,52.59670505017692,5,220.94761462500037,1,2,14,2
30248281_30298893_0,65,60,55,81.47708428619485,5,37.54738191901313,4,3,12,1
30248281_30236760_0,60,55,50,58.24591552572663,5,116.68388592003242,1,2,7,1
30248280_30298893_0,55,55,50,88.52741618128874,5,37.54738191901313,4,3,14,1
30248280_30248281_0,60,55,50,33.273190840854426,5,109.20474398766756,1,2,7,1
30248275_30248318_0,60,55,50,76.76174092868854,5,190.71584849899065,1,2,18,2
30248272_30236752_0,55,50,45,102.83081784449853,6,360.1167330266968,4,2,8,1
30248318_30248310_0,65,60,60,73.43669772596387,5,163.45229278119405,1,2,20,2
30248313_30252077_0,60,55,50,88.59325532820603,5,146.9350479197107,1,3,7,1
30248310_30238385_0,65,60,60,207.51060002112544,5,0.0,9,15,36,1
30248297_30248296_0,60,55,50,80.8300799998841,5,304.07938486638324,10,2,2,1
30248297_4834501706_0,65,65,60,13.144093802480176,5,342.5204519804312,10,2,1,1
30248296_30248295_0,55,55,50,93.9480580990619,5,263.7653608050948,1,2,13,2
30248535_30243312_0,65,65,60,133.5328117695483,5,0.0,1,2,5,1
3191418779_1002675910_0,60,60,55,141.16288657255217,2,0.0,8,4,1,1
30248342_30647925_0,45,45,40,187.12430752287491,5,38.8887352412881,2,4,12,1
13109559644_13109559626_0,60,60,55,9.682273456978333,5,224.1898604267019,1,2,1,1
13085109594_30555503_0,60,60,55,15.621046668361434,5,113.61859495846562,1,2,3,1
13117186629_417978406_0,55,55,50,68.28070493659712,5,230.29102741790925,1,2,1,1
13117186608_13117186604_0,55,55,50,3.675243054842656,5,267.97679099703,1,2,1,1
13117186604_13117186629_0,55,55,50,11.032728280536242,5,261.2639550137559,1,2,1,1
13117186604_1365367835_0,50,50,45,14.498589927299522,6,269.1286805781188,1,2,1,1
30248584_30313132_0,70,65,60,126.57693617517344,4,122.73499430226543,2,4,22,1
30248584_30248585_0,70,65,60,40.392377620008254,4,122.73499430226543,2,4,16,1
30248582_30248580_0,65,65,60,52.87368867067759,4,34.23775604610354,7,6,10,1
3191418776_269382682_0,70,70,65,28.517898177217504,3,0.0,5,9,6,1
30248580_30248582_0,65,65,60,52.87368867067758,4,34.23775604610354,7,6,10,1
30248550_30247088_0,65,65,60,137.38329072488543,5,0.0,3,7,22,2
30248549_30238020_0,65,65,60,129.82935421787963,5,136.11753694468328,3,3,7,1
30248595_30554783_0,60,60,55,71.43988533492153,6,85.64056348338859,1,5,18,1
30248593_30248594_0,65,60,55,14.870370199433417,4,35.100650954402695,3,4,16,1
30248593_30556621_0,65,65,60,113.51799244769072,6,34.192436788063425,4,4,22,4
30248592_30248593_0,65,65,60,39.66525141771784,4,0.0,4,4,14,1
3208632836_364670660_0,60,60,55,117.20334281042314,3,0.0,3,7,1,1
30248591_30558181_0,60,55,50,8.817028874015815,4,40.42871548112301,3,4,8,1
30248590_30247426_0,70,70,65,100.31334745030344,3,0.0,5,5,20,4
3207831035_301573106_0,65,65,65,119.73004801546853,5,137.4985230982195,8,2,29,1
30248586_30313129_0,65,60,60,117.90433689626018,4,208.66333799313253,5,6,15,3
30248586_364722133_0,60,60,55,155.28042994614884,4,126.52732259600036,5,5,22,3
30251179_578369832_0,60,60,55,60.31553402749486,3,0.0,4,3,8,1
30251179_60591465_0,60,60,55,162.40052019468547,5,0.0,3,2,11,1
30251178_30251179_0,65,65,55,76.437596854164,3,0.0,6,3,11,1
3207273319_442540272_0,70,70,65,39.45725557536685,4,0.0,9,3,6,1
30251177_30251176_0,60,55,50,53.42625071292269,3,0.0,9,4,13,1
3200354845_1100295130_0,65,60,55,22.904407078815588,2,0.0,2,5,9,1
30251176_30251177_0,70,65,60,53.42625071292268,3,0.0,9,4,13,1
30251175_30294469_0,65,65,60,107.91312349769647,5,0.0,5,5,12,1
30251173_30251175_0,65,65,60,106.4810567413426,3,0.0,9,5,13,1
30251189_30251190_0,65,65,60,103.80922819778226,3,0.0,6,5,10,1
30251189_30251188_0,60,60,55,56.14556638790741,3,0.0,3,5,8,1
30251188_30251189_0,60,60,55,56.14556638790741,3,0.0,3,5,8,1
30251188_30294503_0,60,60,55,157.98797233381143,5,0.0,1,5,11,1
30251184_540312576_0,70,65,60,61.20983913560583,3,0.0,7,4,4,1
30251184_12944711157_0,60,60,55,74.395336990115,3,0.0,2,4,3,1
3196847751_799374580_0,60,55,50,58.18756180277288,3,0.0,2,2,22,1
30251181_60591980_0,70,65,60,169.48073110181105,5,0.0,3,4,7,1
30251179_30251178_0,65,65,55,76.437596854164,3,0.0,6,3,11,1
30251207_364991626_0,70,65,60,20.654143964130306,3,0.0,5,6,8,1
30251207_30237606_0,70,70,65,22.61811158826925,3,0.0,5,6,8,1
30251200_557230545_0,70,70,65,134.40855360058487,3,0.0,5,4,7,1
30251200_2588057862_0,70,70,65,115.83188903644096,2,0.0,8,6,11,1
30251191_1904455769_0,70,65,60,111.5961692406833,3,0.0,3,7,13,1
30251191_30294321_0,55,55,50,108.84316696002222,5,0.0,1,2,4,1
30251190_30251189_0,65,65,60,103.80922819778226,3,0.0,6,5,10,1
30251190_30237479_0,65,65,60,90.2953779238912,5,0.0,3,2,8,1
30251623_30251622_0,50,50,50,209.9308343005199,5,234.8489166501426,1,2,1,1
30251622_30251592_0,50,45,45,113.7551062484831,5,147.2193261853873,1,2,1,1
30251622_30251623_1,55,55,55,417.5131253455744,5,234.8489166501426,1,2,1,1
30251622_30251623_0,50,50,50,209.9308343005199,5,234.8489166501426,1,2,1,1
30251593_30251635_0,45,40,40,90.29494284414768,5,58.15324109328526,1,2,1,1
30251593_30251592_0,45,40,40,211.00424386438445,5,147.2193261853873,1,2,1,1
30251592_30251622_0,50,45,45,113.7551062484831,5,147.2193261853873,1,2,1,1
30251592_30251593_0,45,40,40,211.00424386438445,5,147.2193261853873,1,2,1,1
30251207_10173687169_0,70,65,60,14.979387309060993,5,0.0,5,6,8,1
30252067_30252066_0,60,55,50,109.18590873921534,5,73.36251668274421,1,4,2,1
30252066_2984948749_0,65,65,60,77.12874771616735,5,0.0,6,2,4,1
30251877_574969097_0,60,55,50,155.74886054659822,5,61.60950052118221,1,3,3,1
30251877_3577569669_0,60,55,50,64.78308893507253,5,169.6696299471142,1,2,2,1
30251873_4111795685_0,55,50,45,38.67444534483956,5,315.32983125689765,1,2,1,1
30251870_574969058_0,55,50,45,34.71553232095968,5,138.84864280265927,1,2,1,1
30251635_30251593_0,45,40,40,90.29494284414768,5,58.15324109328526,1,2,1,1
30251623_30251593_0,50,50,50,115.69322836233682,5,148.4321184009623,1,2,1,1
30252169_30646179_0,55,50,55,126.30129322748166,5,91.27889060461324,1,2,51,1
30252169_30252170_0,60,60,60,37.32558266680121,6,87.25744335529511,1,2,35,1
30252167_30252169_0,60,60,55,38.52765580506803,6,91.27889060461324,1,2,39,1
30252163_30252167_0,50,50,50,116.8151206873896,6,94.352796812841,1,2,72,1
30252070_4834501720_0,55,55,50,82.0832437275738,5,72.3126093098449,10,3,1,1
30252070_4834501715_0,60,55,50,71.85853933913147,5,140.81007227140498,1,3,1,1
30252069_30252070_0,55,55,50,109.0628222931243,5,96.95439851523636,1,3,2,1
30252069_30252066_0,60,60,55,71.91814994013491,5,73.36251668274421,1,2,2,1
30252067_30252070_0,60,55,50,72.87249940075534,5,153.19169432460765,1,4,1,1
30253203_30689520_0,55,55,50,135.76601442780762,4,397.4924895234605,4,3,6,1
30253203_30253202_0,65,65,60,131.99678447588653,6,274.9100054973169,4,2,6,1
30253202_30312975_0,60,55,50,131.528351709147,5,273.39667240010425,4,2,10,1
30252209_3497472682_0,60,60,50,101.494271084183,6,434.8107714479375,1,8,46,1
30252173_30646806_0,60,55,50,41.92094725170818,5,75.43601590927118,1,2,12,2
30252172_1400693909_0,65,60,55,41.38908733722809,6,75.91906473790355,1,2,14,1
12955884765_1613654137_0,65,60,60,20.65632325148212,3,0.0,14,2,1,1
3196847751_3196847752_0,65,65,60,129.4082072318536,6,0.0,2,2,22,1
13114944429_13114926544_0,60,55,50,68.7212431207893,4,741.6572238226728,2,3,1,1
13114926544_561526841_0,60,60,50,80.0412245590943,4,750.0,2,5,1,1
13114926544_13114944429_0,60,55,50,68.7212431207893,4,741.6572238226728,2,3,1,1
30252170_30254288_0,55,55,50,143.4656821557464,5,87.25744335529511,1,2,48,1
30252170_30252171_0,60,60,60,42.65351406893662,6,84.96735671245546,1,2,23,1
30253210_1043925401_0,60,60,55,49.70984465258741,5,351.0759287725492,1,2,2,1
30253208_243338863_0,65,65,60,130.64083287174722,5,134.88320799169236,3,3,5,1
30253208_30312832_0,65,65,60,124.35395252820646,4,265.51461879407265,5,2,2,1
30253206_30253381_0,60,60,60,126.07268796485089,3,0.0,4,2,11,1
30253206_30253205_0,65,65,65,134.2543777728631,5,0.0,3,2,8,1
30253205_10119384982_0,55,55,55,40.57626297763724,5,132.9591145304565,2,2,2,1
3196795880_7234883287_0,55,55,50,7.489903465751738,5,488.93405116527305,1,2,1,1
30253204_30253203_0,60,55,55,134.7168632601504,6,264.7694489728358,4,2,3,1
30253204_506223339_0,65,60,55,128.71657644137878,5,264.7694489728358,4,2,2,1
30253315_30253333_0,65,65,60,433.77299736260665,3,0.0,5,2,1,1
30253297_30253310_0,65,65,60,288.2835358576428,3,0.0,1,2,6,1
30253296_30253297_0,65,65,60,28.85991174606955,3,0.0,2,3,3,1
30253212_30313063_0,60,60,55,121.36650249070226,4,163.22134217226133,8,4,1,1
30253212_30253211_0,65,60,55,18.822122797148214,5,218.94826523846172,4,3,1,1
30253211_253795218_0,60,60,55,135.38223922480967,4,208.75768098004232,9,4,7,1
30253377_797407449_0,65,65,60,104.21333589465809,4,0.0,20,12,3,1
30253377_30253380_0,70,70,65,407.4475175007138,3,0.0,8,7,10,1
30253376_3752208202_0,65,65,55,126.2080928249437,5,0.0,4,2,7,1
30253376_30242971_0,65,65,60,128.73334804969505,3,0.0,8,2,5,1
30253375_30253376_0,65,65,55,133.47269698504448,3,0.0,10,2,8,1
30253367_243341175_0,60,60,55,39.27769899247796,3,0.0,2,2,1,1
30253348_247637684_0,70,70,60,102.94830914992284,3,0.0,3,2,1,1
30253391_30253392_0,65,65,60,134.65313260938638,3,0.0,4,4,3,1
30253391_304495406_0,65,65,60,67.50460674262087,3,0.0,3,6,4,1
30253390_30253391_0,65,65,60,137.80799866904812,3,0.0,4,2,6,3
30253388_30253389_0,60,60,55,128.38301568156194,3,0.0,4,3,9,1
30253388_1940573413_0,55,55,50,54.30104985185419,3,0.0,3,7,15,1
30253381_365565045_0,65,65,60,9.32275215807368,5,0.0,2,2,5,1
30253380_30689524_0,55,55,60,76.98507429699315,5,0.0,3,5,10,2
30253380_30253206_0,65,65,60,133.24341829200665,3,0.0,4,2,13,1
30253398_312895216_0,60,60,55,265.89206995972125,5,0.0,3,3,3,1
30253397_30253398_0,55,55,50,133.89234375037591,5,0.0,4,2,1,1
30253397_299362163_0,60,60,55,133.77395683989596,5,132.90859388212587,4,2,1,1
30253395_4552362841_0,45,45,40,134.63727265013998,5,400.92478361283713,2,4,1,1
30253394_541644026_0,60,60,55,138.4523020430046,5,377.50231029151473,3,4,2,2
30253392_262251807_0,65,60,55,107.15261607240608,3,0.0,4,2,1,1
30253392_243338876_0,65,60,55,129.41979702570276,5,0.0,4,2,3,1
30253432_30332756_0,60,60,55,44.43362649099872,3,0.0,3,2,1,2
30253432_30253435_0,60,55,50,144.4993227426406,5,0.0,2,2,1,2
30253402_30253398_0,55,55,50,133.67332313027018,3,0.0,2,2,1,1
30253401_30253397_0,55,55,45,134.11366042830923,5,133.37523319046483,4,2,1,1
30253400_543552977_0,55,55,50,134.23541858299626,5,267.03075579728693,3,2,1,1
30253399_30253394_0,60,55,50,138.26984782933386,5,479.0022968258768,1,6,1,1
30253398_2578612978_0,55,55,50,134.8221052991742,3,0.0,4,3,1,1
30253444_30253440_0,55,55,50,143.70359517360984,5,0.0,2,2,1,2
30253444_30555408_0,55,55,50,51.67160553379948,5,134.27556539701126,1,2,1,1
30253440_30253432_0,70,65,60,39.68887905310437,3,0.0,2,2,1,2
30253439_30253449_0,55,50,45,39.89664211441792,6,101.17504879055863,1,2,1,2
30253438_30332760_0,55,55,50,40.03942348982545,5,193.20065598523888,1,2,1,1
30253436_30253446_0,55,50,45,40.70972313009857,5,202.9357456532404,1,2,1,1
3213093362_30248586_0,70,65,65,151.88140769138195,4,72.34102312727468,3,8,18,1
30253435_30253444_0,55,55,50,42.888178328873245,5,134.3518310793934,1,2,1,1
30253456_30253457_0,65,60,55,88.9688242250296,6,114.20077856809417,1,2,7,1
30253450_30253449_0,60,60,55,75.57187580653608,5,97.25256718137952,1,2,1,2
30253450_30253451_0,55,55,50,56.18646943357703,5,96.15724553901116,1,2,3,1
30253449_30253448_0,55,55,50,126.56365404155224,5,101.17504879055863,1,2,3,2
30253448_30253446_0,55,50,45,110.69178891504768,5,169.071663744906,1,2,2,1
30253448_30253438_0,55,50,45,38.43216499397296,5,169.071663744906,1,2,2,1
30253572_30253573_0,65,65,60,128.55127207248984,3,0.0,4,2,12,1
3213093362_9042478734_0,70,65,65,71.39948473289017,6,39.95260708616527,2,5,11,1
30253569_30333312_0,65,65,60,134.9157790768029,5,0.0,4,2,24,1
30253568_30242960_0,65,65,60,134.60369710504153,3,0.0,4,2,20,1
30253568_1303465744_0,60,55,50,65.76384354857694,5,0.0,3,2,11,1
30253494_94668946_0,70,70,65,55.489930197517886,3,0.0,7,3,10,1
30253456_2293703215_0,60,55,50,55.48056851479048,6,182.2794597101164,1,2,6,1
30253456_2293703110_0,45,45,40,58.29741224479228,6,166.4023525098157,1,2,7,1
30253589_30243398_0,70,70,65,122.08203900877614,5,0.0,2,2,6,2
30253584_30253730_0,60,60,55,94.55781840123193,5,47.92954315794604,4,2,14,2
30253584_30253589_0,60,60,55,135.08365494414755,5,81.42221592564704,1,2,16,2
30253584_6874436707_0,60,60,55,14.186689532879512,5,81.42221592564704,1,2,9,1
30253579_30253728_0,70,65,60,96.26621587276648,5,58.6505791769124,4,2,14,1
30253579_769906814_0,65,65,60,62.78873295580281,5,0.0,4,2,12,1
3209362421_3209362420_0,45,45,40,45.38014988236019,6,348.63743311301954,1,2,1,1
30253573_30253991_0,65,65,60,136.3829758350979,5,0.0,3,2,12,1
30253572_30555975_0,65,65,60,133.8609007484601,5,0.0,3,2,17,1
30253733_30253982_0,70,70,65,137.27696902876698,2,0.0,5,4,15,1
30253730_30253584_0,60,60,55,94.55781840123193,5,47.92954315794604,4,2,14,2
30253728_1860575766_0,70,65,60,65.1708033928828,5,69.95075896006807,3,2,13,1
30253728_1303440728_0,70,65,60,67.06561423600212,5,89.97227697211892,3,2,15,1
30253727_30558456_0,70,65,60,126.82137683542564,3,0.0,4,3,6,1
30253727_1860575767_0,70,65,60,62.54054678346665,5,0.0,3,4,6,1
30253589_30253457_0,60,60,55,154.9772479953842,5,114.20077856809417,1,2,8,2
30253934_30332804_0,50,50,45,184.1336645662328,6,67.4662772156515,1,4,37,2
30253934_1106505995_0,50,45,40,117.3116474619103,6,67.4662772156515,1,2,20,1
30253863_559803319_0,65,60,55,162.6660104262626,5,0.0,6,3,9,2
30253862_1303457305_0,60,60,55,73.06752690296081,2,0.0,4,5,7,1
12945625939_950190540_0,65,65,60,234.9201866872089,2,0.0,4,6,1,1
13005233334_2540121387_0,55,50,45,85.56717950194256,5,67.90960435999224,1,2,1,1
12961323927_598222962_0,65,65,60,238.48680554413204,4,23.867821897991966,10,4,3,1
12961323926_600466270_0,55,50,45,124.8736355941915,4,0.0,12,3,1,1
12961323920_598222073_0,55,55,50,232.67974285173335,5,148.2466662885459,7,3,1,1
30253862_879356706_0,70,70,65,66.99344081514778,3,0.0,3,4,7,1
30253734_1303457186_0,70,65,60,62.22350773582623,2,0.0,3,5,8,1
30253734_30253733_0,70,70,65,135.13203043958572,5,0.0,4,5,15,1
30253991_1421429965_0,65,65,60,65.47194917387353,5,65.95032916360277,2,4,17,1
30253991_30333310_0,70,65,60,129.03301845315718,5,128.78252307090344,3,2,17,1
30253989_30555007_0,65,65,60,130.33663750181353,3,0.0,5,6,36,1
3209362420_3209362421_0,45,40,0,45.38014988236019,6,348.63743311301954,1,2,1,1
30253982_2292981087_0,70,70,65,134.0466194656349,2,0.0,5,2,7,1
30253982_30253865_0,70,70,65,134.5359980832908,5,0.0,5,2,8,1
30253978_308733542_0,65,60,55,65.45909992757329,5,0.0,3,6,14,1
30253977_308733525_0,65,65,60,68.20503982955192,5,0.0,2,5,12,1
30254022_1860569743_0,60,55,50,128.70263311373992,5,129.93027076730527,4,3,13,1
30254014_412442591_0,65,60,55,68.86449406915554,5,68.21215697513531,4,2,9,1
30254013_30253983_0,65,60,55,134.9263141886269,2,0.0,11,4,4,1
30254011_8089462903_0,60,60,55,91.95390026145064,5,47.03190349888867,1,2,2,1
30254010_387130502_0,60,60,55,125.36251248499816,5,139.74077578657295,3,2,2,1
3208632836_1483794627_0,65,60,55,108.81182305299768,3,0.0,8,9,1,1
3208632836_1233754573_0,65,60,55,55.318699404304255,5,0.0,3,6,1,1
30254050_30254022_0,60,60,55,129.93213803542076,5,0.0,4,3,11,1
30254049_30254048_0,65,65,60,69.44281830697975,3,0.0,4,2,4,1
30254049_30254080_0,70,65,60,128.68492287436737,5,0.0,4,2,5,1
30254048_30254014_0,65,65,60,128.01022720280704,5,0.0,4,3,7,1
30254029_30243334_0,70,70,65,132.8701414052786,5,0.0,4,3,11,2
30254026_30333310_0,70,65,60,131.22200572805522,5,0.0,5,2,24,1
30254023_30254051_0,65,60,55,130.33655414634893,5,0.0,4,2,12,1
30254022_30254023_0,65,60,55,68.80986563397622,5,129.93027076730527,4,2,10,1
30254054_30254026_0,65,60,55,130.59727385214492,3,0.0,5,3,28,1
30254054_30254053_0,70,65,60,135.75576983661222,3,0.0,5,2,27,1
30254053_30254052_0,70,65,60,68.78744902255639,3,0.0,4,3,22,1
30254053_30254083_0,65,65,60,129.6152958028792,3,0.0,5,4,28,1
30254052_30254051_0,65,65,60,86.06415053848505,3,0.0,4,2,19,1
30254052_2690159866_0,65,60,55,130.89126509944398,5,0.0,5,4,27,2
30254051_30254050_0,65,65,60,70.43477196561189,3,0.0,4,3,7,1
30254051_30556337_0,60,60,50,66.40683769339537,5,0.0,2,3,12,1
30254081_30254050_0,55,55,45,126.86883145225522,5,0.0,2,3,9,1
30254081_30254082_0,65,65,60,165.13459823873904,3,0.0,2,2,15,1
30254080_30556411_0,65,65,60,130.51624164024142,5,0.0,2,2,5,1
30254079_30295259_0,60,60,55,23.478548798618974,3,0.0,3,2,2,1
30254078_30254079_0,65,60,55,41.4673402064607,3,0.0,2,4,2,2
30254057_30254087_0,70,70,60,126.45177841924888,2,0.0,4,3,14,2
30254057_30243333_0,65,65,60,133.54192716877387,3,0.0,4,3,14,3
30254056_30555974_0,60,60,55,129.0923205418161,5,0.0,6,2,35,2
30254056_1845692293_0,60,60,55,70.55410377662085,3,0.0,5,2,23,2
30254085_30333312_0,70,65,60,126.53079728218871,5,0.0,4,2,22,1
30254085_667410900_0,70,65,60,135.93558819292895,3,0.0,4,2,29,1
30254084_30254085_0,65,65,60,126.9405953085308,3,0.0,4,3,27,1
30254084_30254054_0,65,65,60,131.20878506617413,3,0.0,4,4,23,1
30254083_30254084_0,70,65,60,137.4518036014566,3,0.0,4,4,29,1
30254082_30558449_0,70,65,60,59.390152830185606,5,0.0,3,3,20,1
30254082_30254083_0,70,65,60,76.40875555245263,3,0.0,4,4,20,1
30254197_30243163_0,70,70,65,135.52468196676247,2,0.0,7,3,15,1
30254194_30253568_0,70,70,65,135.50283185472566,5,0.0,7,3,22,2
30254194_30243160_0,65,60,55,133.53401757499503,5,132.90296568572128,7,4,23,3
30254193_30243158_0,65,60,55,135.07911675402477,5,131.00526559554575,4,2,10,1
30254193_30254192_0,70,65,60,134.3702718664741,5,0.0,4,2,11,1
30254192_30555005_0,70,65,60,133.9738442130262,5,0.0,4,3,10,3
30254089_536418253_0,65,60,55,143.6058740686439,5,0.0,7,10,12,1
3275080767_1016384550_0,55,55,50,11.38407430332747,5,269.4616557544981,1,2,1,1
30254087_879356690_0,70,65,60,96.268664313078,3,0.0,5,4,10,1
30254227_30254224_0,70,70,65,134.45657481255688,3,0.0,8,6,27,1
30254227_7515360148_0,70,65,60,135.00432177584852,4,0.0,12,5,26,1
30254225_2781080535_0,70,65,60,86.67750166907702,2,0.0,7,8,13,2
30254224_442540237_0,70,70,65,159.2407736611239,2,0.0,7,18,25,1
30254222_30253494_0,70,65,60,26.48196695180134,3,0.0,8,3,12,1
30254220_442540258_0,70,70,65,65.71727705457245,3,0.0,10,4,22,1
30254198_30254197_0,75,70,65,134.30093365434118,5,0.0,13,2,11,1
30254198_30242874_0,70,65,60,133.93654404644147,5,133.5872245033226,14,2,6,1
30254244_30254242_0,55,55,40,60.00974935830628,5,132.00530955709155,1,2,66,1
30254242_30252163_0,60,55,60,31.74500815113293,5,100.3750009792084,1,2,53,1
30254230_533663031_0,70,70,65,148.0603130892677,3,0.0,13,6,28,1
30254228_11178765233_0,70,70,65,466.5251999679567,3,0.0,31,17,63,3
30254248_30254251_0,60,60,55,44.71203035501158,5,225.39606578927837,1,2,25,2
30254247_4690881901_0,60,55,50,42.487279812681976,5,198.1545469340164,1,2,27,2
30254247_30254246_0,60,55,50,52.2829948105187,5,168.94725218833895,1,2,24,1
30254246_30646198_0,45,45,0,40.62092708224998,5,162.71575421757726,1,2,24,1
30254245_30254244_0,55,55,45,55.07641976975471,5,134.1220813489071,1,2,54,1
3275080331_418737419_0,55,55,50,165.08980622256317,5,181.1007043107417,1,2,2,2
30254286_194580864_0,50,45,40,69.89212352445567,5,66.33025067774803,1,2,15,2
30254257_10308985977_0,50,50,0,29.165062069450546,5,215.23482076773877,1,2,20,3
30254255_30254257_0,50,50,0,50.12888577515193,5,219.3738543496029,1,2,27,3
30254253_30252171_0,60,60,60,127.634176374536,5,84.96735671245546,1,2,29,1
30254253_30254255_0,50,50,40,48.30645836760176,5,211.57490813188093,1,2,28,1
30254380_30254379_0,55,55,50,53.18461069972626,6,332.3433069198333,1,2,21,2
30254379_415937924_0,65,65,60,170.40236263396284,5,259.0346285694299,2,2,35,5
30254379_30333334_0,60,55,50,60.92343861465604,6,273.21981558306885,1,2,23,2
30254379_30333333_0,60,60,55,72.40514628788566,6,333.2920665917856,1,2,24,2
30254370_30254390_0,50,50,55,150.1720790995469,6,212.2795893687696,1,2,52,1
30254369_30333391_0,55,50,45,131.38473989473036,6,216.7799769864911,1,3,31,1
30254369_30254370_0,55,55,50,45.122239784601504,6,212.2763957596908,1,2,27,1
30254369_30333443_0,55,55,50,79.19592475578717,6,216.7799769864911,1,2,30,1
30254350_7515360156_0,70,70,65,12.889272064881524,3,0.0,5,7,10,1
30254467_30254466_0,50,50,45,117.43605730936396,6,373.5525921500855,1,2,13,1
30254466_60969509_0,65,65,55,19.673201839813537,6,369.7618613112887,1,2,5,1
30254437_30556744_0,70,70,65,72.48471023798882,5,495.8904073425368,1,3,44,2
30254393_1368967605_0,60,60,55,46.33914406425043,5,109.58043556426868,2,3,35,1
30254393_30254220_0,55,55,50,114.28554647352952,6,0.0,4,6,35,1
30254390_30554608_0,60,55,55,105.38129698893142,6,361.1842567066155,1,3,40,1
12945165121_4538123405_0,70,65,60,26.96172075887528,3,0.0,9,3,20,1
12944711157_30294432_0,70,65,60,131.66685201087745,5,0.0,1,3,2,1
12953490449_4436378458_0,60,60,55,28.192532644463057,4,4.434158003058816,5,3,1,1
12953261545_481122118_0,65,65,60,24.40064667054541,5,0.0,4,4,1,1
12953261545_482505205_0,65,65,60,55.802679094891126,3,0.0,4,4,1,1
12952468149_598217461_0,55,55,50,282.38116000070886,5,9.803509911851648,9,3,1,1
12952468148_1622039331_0,65,65,55,36.71954299748868,4,0.0,11,7,1,1
12952468147_6916767944_0,55,55,50,11.293157818503362,3,0.0,12,6,1,1
30254381_30554503_0,60,60,55,61.22222188899619,5,269.3928851501224,1,2,23,2
3275080331_418737418_0,60,60,55,8.049152310560798,5,181.1825212582909,1,2,1,2
30254514_30254515_0,65,65,60,103.51813331184164,5,148.83901499523807,1,3,9,1
30254512_30254511_0,65,60,55,77.03641565227021,6,351.3703225701032,1,2,7,1
3251137562_387127656_0,55,50,45,80.38523370872868,5,426.7795580364981,1,2,1,1
3230125668_30686338_0,55,55,50,57.20711858533563,5,244.6939376530215,4,3,2,3
3218700096_194589435_0,70,65,60,94.07293245815146,3,0.0,6,11,32,2
30254511_30617385_0,55,55,50,66.54042144480886,5,351.3703225701032,1,2,6,3
30254511_30254509_0,60,60,50,99.25079351007462,6,252.2065186082562,1,2,8,4
30254509_30254515_0,60,60,50,67.13170504136447,6,251.6306151445586,1,2,12,3
30254509_82043811_0,65,65,60,102.0716683013348,6,150.35408257594122,1,3,8,3
30254467_30556740_0,65,65,60,100.08807985785022,6,418.2641370844565,1,2,24,2
30254568_2472128383_0,55,55,50,59.26538111703336,6,277.8914344282548,1,6,1,1
30254518_126679132_0,50,50,45,51.09385482566773,6,425.1396169855855,1,2,9,1
30254517_30254511_0,55,50,45,70.53938005726143,5,343.91657517825394,1,2,10,1
30254515_126679135_0,55,50,45,51.70649709635727,6,252.3571468816301,1,2,8,1
30254515_30254517_0,55,50,45,91.56258779647466,5,252.3571468816301,1,2,12,1
30254596_30254594_0,65,65,55,88.20418001907846,5,547.7469574993647,1,4,1,1
30254593_412451335_0,50,50,45,81.02820392256889,5,620.4081977153104,1,3,1,1
30254593_30254592_0,65,65,55,56.30093039465631,5,586.0748859916639,1,4,1,1
30254584_390878338_0,65,60,55,74.93469494380071,4,139.01902617970148,1,4,1,1
30254584_30254573_0,70,70,60,353.6058867899968,5,101.56797851395756,1,6,1,1
30254573_30254584_0,70,70,60,353.6058867899968,5,101.56797851395756,1,6,1,1
30254608_957075899_0,55,55,45,37.1090597226032,6,154.76188675985267,1,2,1,1
30254606_30254604_0,55,55,50,59.04212663407307,6,65.76029554609522,1,6,9,1
30254605_387127544_0,60,60,55,51.87074582073445,5,43.42665340830662,1,7,9,1
30254604_30254605_0,55,55,50,84.859270785069,5,43.42665340830662,1,7,6,1
30254603_12644016474_0,70,65,60,80.10925715340481,6,8.318782423218956,1,5,4,1
3218700096_1282870801_0,70,70,65,80.14449505066733,3,0.0,9,13,25,3
30254601_387127596_0,65,65,60,100.50361431482558,5,95.55786424875876,1,2,10,1
30254600_30254599_0,60,60,55,83.86520640785781,5,283.4038281681175,1,8,4,1
30254632_770847877_0,65,60,55,181.97910668605783,5,579.8533082451752,1,5,1,1
30254631_790024601_0,50,45,40,185.0456694922761,5,440.06764531451387,1,3,4,1
30254630_770847836_0,55,55,50,128.5272441321728,5,469.22779725991865,1,2,3,1
30254629_30254627_0,60,55,50,80.87232239744448,5,326.8168915423861,1,2,3,1
30254627_30617807_0,60,55,50,142.09706993453625,5,239.32093252186817,1,4,4,1
30254610_30254613_0,60,60,55,38.201399476287015,5,177.3966643099356,1,2,1,1
30254672_1303430131_0,50,50,45,100.83141268240804,6,64.48119882844853,1,3,2,1
30254671_30254672_0,55,55,50,78.58704980625629,5,64.48119882844853,1,3,2,1
30254671_6952516640_0,60,60,55,5.58611562974755,5,70.81115072755159,1,2,1,1
30254638_30617701_0,60,60,55,46.89358621240233,6,363.4871638220528,1,2,4,2
30254638_30254635_0,60,60,55,50.67727126281885,6,339.027255336417,1,2,3,2
30254635_30617712_0,55,55,50,83.99185575262197,5,312.4379043865093,1,2,1,1
30254633_30254632_0,60,60,55,93.54911332144044,5,493.32438333490205,1,2,1,1
30254633_30254635_0,50,50,45,173.46590359946396,6,339.027255336417,1,2,1,2
30254785_30254784_0,55,55,45,134.64831557121434,5,106.26847586720856,5,5,1,1
30254784_690424476_0,50,50,40,227.1358056927532,5,106.26847586720856,2,3,1,1
30254784_30254783_0,55,55,50,138.0493136050627,5,106.26847586720856,5,4,1,1
30254783_4346122994_0,55,55,50,213.57871692515693,5,106.31392741495726,4,5,1,1
30264201_6316502269_0,50,50,40,46.762524765142935,5,264.1095052697748,1,2,1,1
30254803_689430493_0,55,55,45,135.69080630727402,5,335.5044393811832,2,3,1,1
30254803_30254785_0,55,50,45,227.8244212759512,5,108.57355847206784,3,5,1,1
30264251_7038308651_0,65,65,60,105.09060047650615,5,98.41804150746108,1,2,8,1
30264242_168330638_0,65,65,60,132.243898661952,5,233.33038805613887,2,6,2,1
30264242_30264234_0,65,60,55,95.33493270068324,5,233.2313265001474,1,2,3,1
30264232_30298941_0,65,65,60,95.48043024667228,5,136.9666343265605,1,2,4,1
30264232_30264234_0,65,60,55,96.5667038346362,5,143.0278534252831,1,2,3,1
30264201_533665304_0,55,55,45,52.62626251135036,5,248.07938156261025,1,2,1,1
30264311_2691045787_0,50,50,45,51.70067210862444,6,441.3516146424444,1,2,11,1
30264311_1001237057_0,50,50,45,55.44203464737023,6,490.56123846397,1,2,9,1
30264306_1012354007_0,50,50,45,74.74089647375108,6,429.0014040896168,1,2,1,1
30264304_30264311_0,50,50,40,90.49896901186486,6,487.9607518192145,1,2,10,1
30264259_9533512214_0,55,55,50,379.78401171267865,5,170.09792641628033,17,4,1,2
30264259_30264258_0,60,60,55,78.97174843476058,5,100.29606260294337,1,2,5,1
30264258_30264251_0,60,60,55,116.76988107830174,5,99.38939286192706,1,2,10,1
30264417_30294197_0,60,60,60,64.26156184464222,4,619.7025624067854,6,9,22,1
3299255724_2013654029_0,70,65,60,335.57337859137493,4,0.0,15,4,12,1
30264415_30294318_0,60,55,60,112.33339434594954,6,501.60725650470016,1,2,30,1
30264319_30264320_0,55,55,50,94.55252760209528,6,242.33788591382128,2,2,2,2
30264316_3230125668_0,45,45,40,122.49351726298562,6,248.57677742081964,2,2,3,3
12919353924_1695282575_0,65,65,60,47.5132948262807,2,0.0,2,4,3,1
12914037676_323191074_0,65,60,55,68.82757218714603,2,0.0,5,6,1,1
12914037676_12914037675_0,70,70,65,10.172108060079252,5,0.0,3,4,1,1
12945625939_2283215312_0,65,65,60,5.635692198410728,4,0.0,7,4,1,1
12945382589_243339102_0,65,65,60,21.28468569422728,3,0.0,6,5,2,1
12945292492_269380178_0,65,65,60,34.01939932724038,3,0.0,2,3,2,1
3299255723_5359800317_0,65,65,60,215.65990099660704,5,69.40294161340282,6,2,7,1
30264315_30264316_0,55,55,50,62.216395819735226,6,359.3268155286841,1,2,1,1
30264315_30264319_0,55,55,50,132.09116097773725,6,329.63614457953696,1,3,1,1
3299255723_952967354_0,70,65,60,174.96988927489778,4,11.82422747184093,6,4,11,1
30264549_573420824_0,55,55,50,65.8623459883465,5,52.00359646157717,1,2,15,1
30264420_30264419_0,60,60,55,119.59545239344834,5,391.4358594283076,1,2,1,1
30264420_30264306_0,60,55,50,103.87442125204926,5,391.4358594283076,1,2,1,1
30264419_5389145153_0,55,55,50,20.70400348933089,5,493.8212901210084,1,2,1,1
30264418_30625911_0,65,60,60,94.75511150809928,6,566.224177855516,1,6,9,1
30264418_30264417_0,65,60,60,70.15964272451022,5,566.224177855516,3,6,17,1
30264558_8144185801_0,60,60,55,85.47610273983587,5,88.56986781468683,1,2,4,1
30264557_303618685_0,65,60,55,98.21898603541852,5,132.90272776959003,1,2,6,1
30264556_569768103_0,60,55,50,65.31570376575658,5,154.15632246575538,1,4,7,1
30264556_2497223449_0,60,60,50,110.88334743222734,6,46.67978452765875,1,4,7,1
30264555_3618504789_0,60,60,55,113.3709132115419,6,80.15736366534476,1,3,7,1
30264553_60591106_0,60,55,50,123.83285115500126,5,211.5624769593268,1,2,13,1
30264649_30314651_0,55,50,45,94.72579045020213,5,267.9017985534607,1,2,4,1
30264649_30264647_0,55,55,50,110.56198686081773,5,332.22692379828646,3,2,2,1
30264599_30294443_0,70,70,65,51.02565158753937,6,245.6653305407553,3,3,15,1
30264597_30264599_0,55,55,45,104.1660769930082,6,142.0389618642335,3,4,16,1
30264593_573420810_0,60,60,55,142.75234765650728,4,4.560013006353619,1,4,6,1
30294180_511123419_0,50,50,45,81.60153080821404,5,153.19823821149058,1,4,8,1
30294180_30237521_0,50,50,45,57.68705527901548,5,157.44360321311862,1,3,6,1
30294178_30294489_0,60,60,55,93.47337682520406,6,88.0719646721482,1,2,11,1
30294178_541061806_0,60,60,55,148.23182926714043,5,175.61584688874552,1,2,9,1
30294177_998567794_0,55,55,50,81.74875820133971,5,143.23136006825055,1,2,12,1
30294176_30294501_0,60,60,55,121.7935061988786,5,0.0,4,7,13,1
30264650_30294458_0,60,55,50,46.19872351360085,5,307.6274745192382,1,2,7,1
30294191_30294499_0,60,55,50,66.22765078317967,6,173.60690513143592,1,2,3,1
30294191_30294322_0,50,50,45,150.7473387163755,5,173.60690513143592,1,2,1,1
30294190_30294339_0,60,55,50,81.69740796252752,5,193.2941889514049,1,2,11,1
30294185_2588057862_0,60,60,50,170.92698854717474,5,0.0,5,5,11,2
3289914607_561521656_0,60,60,55,54.11926884898503,4,385.7147508202156,8,3,3,1
30294184_30251200_0,70,65,60,144.34674177061137,3,0.0,6,3,10,1
30294183_998567840_0,60,55,50,117.78504634885422,5,110.92619426225674,1,2,10,1
3285490029_2742735015_0,0,0,0,134.21611274432968,6,450.014544539416,1,3,1,1
30294314_178522246_0,60,60,55,12.82006591935631,4,569.6968353545445,1,5,13,1
30294200_30294197_0,50,50,50,88.59725699600118,6,597.0972487827707,3,8,28,1
30294197_2691107011_0,60,60,55,24.26734451538132,4,596.626674052752,3,9,17,1
30294197_30264417_0,60,60,60,64.26156184464222,4,619.7025624067854,6,9,22,1
30294195_340195871_0,65,65,60,53.60811479804013,5,0.0,4,6,7,1
30294194_535563201_0,60,60,55,73.5654831856078,6,169.4988591989288,1,2,14,2
30294194_30558551_0,65,60,55,66.82373731590334,5,104.01001495154152,1,4,14,3
30294324_532408969_0,60,55,50,68.45060877616024,5,437.7242420031321,1,2,20,1
30294324_30294325_0,55,55,50,139.36648352130058,5,437.7242420031321,3,2,33,1
3285490029_2742735113_0,0,0,0,52.41181266292571,6,450.014544539416,1,3,1,1
30294321_30294191_0,55,55,50,64.78622575043946,5,108.8214597224778,1,2,3,1
30294318_544298434_0,65,60,55,53.41972768417652,6,563.4078074409229,2,2,29,1
30294318_30294200_0,55,55,50,88.92350841204578,6,569.0273984217503,1,6,38,1
30294316_30625895_0,70,70,65,89.13003677225396,4,471.1122641847174,4,4,9,1
30294332_532408967_0,55,55,50,50.92423734690773,5,325.8135893444599,1,2,10,1
30294331_30294329_0,50,45,40,124.77709690585776,5,157.40695647036276,1,2,11,1
3285483283_359234717_0,60,60,55,89.41089883035303,5,47.19699433931448,1,4,1,1
30294329_530671038_0,55,50,45,61.11325374635933,5,157.40695647036276,1,2,5,1
30294328_8465744797_0,55,55,50,83.79992987511707,5,16.04621487890038,1,3,5,1
30294326_2691107011_0,60,60,55,77.52936504174878,4,522.9172435025888,6,10,21,5
30294325_565479524_0,65,60,55,72.37421616150446,4,458.99313328736,7,8,26,2
3306168424_8150119791_0,50,45,40,63.637342560275,6,49.60331305144768,1,3,1,1
30294339_30294338_0,60,55,50,41.800705287505615,6,272.09030936174975,1,2,7,1
30294338_30558559_0,60,55,50,79.67577667072916,6,272.09030936174975,1,2,12,1
30294337_30558558_0,60,55,50,78.27357264788864,5,153.32330716649966,1,2,4,1
30294334_533954387_0,65,65,55,41.72445107711269,5,360.28664125223645,1,2,8,1
30294333_30558562_0,55,55,50,42.48710582425283,6,355.8682348650227,1,2,14,1
30294437_535657125_0,70,70,65,36.660362906698445,4,135.10501760792482,4,3,9,1
30294436_535657129_0,50,45,40,58.60927655149104,5,118.4905433598359,1,3,6,1
30294433_30294337_0,60,55,50,55.129589198940096,5,151.29101756274417,1,2,4,1
30294433_30558555_0,60,60,55,142.88310643941043,5,11.353156934242527,1,3,7,1
30294432_30558546_0,65,60,55,83.49105422865705,5,125.94986393071856,1,2,3,1
30294341_30294340_0,50,50,45,65.10365767101786,5,277.59577222450065,1,2,6,1
30294341_30294499_0,65,60,55,97.06142261140502,5,181.855306936782,1,2,7,1
30294340_30294339_0,60,60,55,41.03069995354792,5,274.95953592074034,1,2,6,1
30294448_30294446_0,60,60,55,141.07778658102666,6,6.827575865151119,1,3,11,1
30294446_553098845_0,60,55,50,70.44956771834013,4,6.827575865151119,1,4,5,1
30294445_30294444_0,55,55,50,41.10241350288207,6,238.05274485378743,1,2,7,2
30294444_30264599_0,55,55,50,68.34279766964897,6,241.82183295148693,3,3,17,2
30294443_30294437_0,65,60,55,79.80850373038803,4,170.9247827480488,7,4,15,1
3306168412_3306168411_0,50,50,45,61.10693987860498,5,322.03614744484065,1,3,1,1
30294439_30294448_0,55,50,45,28.44179832965294,6,147.46778805834904,1,2,8,1
30294469_30294467_0,55,55,50,117.08307975171394,6,105.16948803820247,1,2,11,1
30294467_30251173_0,55,55,50,117.83910575057187,6,0.0,6,2,12,1
30294467_30294466_0,60,60,55,127.98934988060763,6,116.76243669362955,12,3,8,1
30294458_30264553_0,60,55,50,100.07470276386908,5,211.5624769593268,1,2,7,1
12884134295_1840721019_0,70,70,65,34.98209658793967,3,0.0,9,7,10,1
12944711157_30251184_0,60,60,55,74.395336990115,3,0.0,2,4,3,1
12923224011_426673039_0,65,65,60,24.779628449268937,3,0.0,5,6,1,1
12919487176_1500032696_0,70,65,60,23.60839896373805,2,0.0,6,8,4,1
12919487176_2189785059_0,70,65,60,12.37854617711588,5,0.0,6,8,4,1
12919487149_6119645895_0,65,65,60,188.85581390504396,5,0.0,3,7,15,1
12919487149_998607815_0,60,60,55,150.46477927025242,2,0.0,6,6,13,1
30294451_30558573_0,60,60,55,44.74361120720482,4,55.71606971407876,7,7,8,1
30294484_30294483_0,65,65,60,123.33140713264058,5,161.1507757475281,4,2,21,1
30294483_166211429_0,65,60,55,129.6703943725252,5,158.07584815469988,4,5,21,1
30294483_2510678721_0,65,60,55,71.31644707175964,5,123.89366534673918,4,2,19,1
30294477_30294478_0,55,50,45,78.72992323288317,6,10.31923692507771,3,3,12,1
30294474_30294483_0,65,65,60,56.85317444805089,6,195.19904985905828,4,2,15,1
30294473_630583121_0,70,65,60,104.93939571765158,3,0.0,8,7,7,1
30294473_416523700_0,60,60,55,162.82486485905417,3,0.0,6,6,8,1
30294492_30294321_0,65,65,60,67.13068738382894,5,108.8214597224778,1,2,5,1
30294487_5264614128_0,65,65,60,114.42162289572931,3,0.0,6,3,10,1
30294487_59850112_0,70,65,60,103.42075047313432,3,0.0,6,8,14,1
30294487_30294486_0,65,65,60,96.26116922507352,5,0.0,3,2,11,1
30294486_30294477_0,50,50,45,108.028513424398,6,82.94259501223877,1,3,19,1
30294486_30294484_0,55,55,50,77.08286572603568,5,89.01042157109524,1,2,14,1
30294484_30294474_0,55,55,45,181.48939170242636,6,157.1921245844087,1,2,23,1
30294510_30294511_0,55,55,50,45.42745257533663,6,412.0334526073793,1,2,1,1
30294503_540312592_0,55,55,50,41.22795851784981,5,157.90588007939718,1,2,6,1
30294503_30294176_0,55,55,50,82.25266726709572,5,121.78874383362916,1,2,10,1
30294501_59850112_0,60,55,50,90.60058205778373,3,0.0,7,7,12,2
30294499_30294190_0,65,65,60,104.8283026931479,6,181.855306936782,1,2,8,1
30294498_2692588225_0,65,65,60,54.54115134484148,4,401.4771183946089,9,11,16,5
3306168411_668513978_0,55,55,50,110.73712212568908,5,322.03614744484065,1,2,1,2
30294498_364992715_0,65,65,60,56.29413258662326,5,453.34559276180704,9,10,16,5
30294519_30294518_0,60,55,50,55.50567076805614,6,302.088750877989,1,3,1,1
30294517_30294529_0,55,55,50,91.5607325452446,6,66.42736167819012,1,6,3,1
30294516_30294517_0,55,55,50,77.0163281914677,6,82.19243663790239,1,4,9,1
30294515_30313440_0,45,45,0,64.40086084845876,6,212.39779339325352,1,3,8,1
30294515_30294516_0,45,45,0,60.38518435563873,6,157.52568198687254,1,2,10,1
30294515_30294514_0,50,50,45,102.35529373213096,6,216.7509897480524,1,3,8,1
30294512_30294514_0,60,60,55,78.4886329266638,6,316.95471385119794,1,3,1,1
30294526_330418569_0,60,60,55,260.4733919066008,4,342.93396325188377,2,11,2,1
30294524_533616023_0,55,55,50,64.60585632226837,5,296.77497201769563,1,7,2,1
30294523_30294520_0,50,50,45,91.7589069238662,6,252.97061804189948,1,6,7,1
30294522_30294523_0,60,55,50,41.37301320428159,6,278.7748515489436,1,7,6,1
30294521_417813656_0,55,55,50,38.13997225538737,5,366.0246110577834,1,6,1,1
4183724165_269745625_0,60,60,55,493.5536480816014,4,455.1028331000693,1,6,1,1
12811233501_30295422_0,55,55,50,46.37652676738618,5,37.44724934653834,1,2,1,1
12696223063_415950289_0,70,65,60,55.07921971717754,3,0.0,6,9,10,1
12896018417_540312574_0,60,60,55,740.312415568769,2,0.0,36,8,19,1
12884439772_11282472015_0,70,65,60,10.511284061657648,4,0.0,19,8,5,1
12884439772_11282472012_0,70,65,60,7.420248798222581,5,0.0,18,8,5,1
30294520_30294519_0,60,55,50,49.1647878239258,6,252.97061804189948,1,2,2,1
30294520_30294531_0,0,0,0,95.34285629942494,6,251.15113279491277,1,3,5,1
30294519_30313444_0,55,55,50,91.72313943652776,6,302.088750877989,1,6,3,1
30294530_30294523_0,70,70,65,72.83240375610104,6,278.7748515489436,1,7,9,2
30294529_417808247_0,60,55,50,55.9884802836614,6,59.55278491505008,3,6,2,1
30294527_1233760230_0,50,45,40,52.70206988106685,6,185.10605080428215,1,2,7,2
30294550_30294548_0,55,50,45,112.59345079058436,5,72.48071600972432,1,3,1,1
30294550_2466611002_0,60,60,55,77.19855780149804,5,37.24211163981682,1,3,1,1
30294548_30294550_0,50,50,45,112.59345079058436,5,72.48071600972432,1,3,1,1
30294532_30294558_0,60,55,50,86.71510641281195,6,65.21552006829029,1,4,3,1
30294532_2540149361_0,60,55,50,20.231661629484147,6,90.69394201577462,1,4,3,1
30294569_533615996_0,70,65,60,91.22275630414958,4,225.5461383713588,3,5,16,3
30294568_1716858620_0,50,50,40,23.88763726103944,6,241.18097102069183,3,4,14,2
30294565_30294532_0,60,55,50,65.55862059621688,6,101.07274866755807,1,3,8,1
30294558_8119767440_0,55,50,45,115.59631990942636,5,65.21552006829029,1,3,1,1
30294552_1771982095_0,70,65,60,77.06356397354031,4,0.0,8,5,1,1
30294552_359547244_0,70,65,60,12.336203391245746,5,0.7900202193944458,3,4,1,1
4183724165_1744038716_0,60,55,50,12.584152704510617,4,743.4528686233475,1,4,1,1
30294661_8529268154_0,60,60,55,142.94276042708316,5,15.11329882047571,8,5,1,1
30294655_3055101089_0,65,65,55,100.36714612164444,5,125.99633582697555,1,2,1,1
30294654_30294655_0,65,65,55,120.6083360986658,5,6.315187306656423,3,3,2,1
30294654_392359251_0,70,65,60,186.1961713996637,4,6.023816574914751,3,5,1,1
30294569_1716858625_0,60,60,55,64.4786826659168,4,182.26712700584932,4,3,15,4
30294569_30294568_0,65,60,55,40.0307822726221,6,225.5461383713588,3,3,15,3
30294670_364680673_0,55,55,50,44.91721945459911,5,228.81917310747767,1,2,1,1
30294670_556364095_0,60,55,50,112.77531334950864,5,174.27438752883194,1,3,1,1
30294669_30294670_0,60,60,55,141.44061391194717,5,87.94831511325977,1,3,1,1
30294669_30294698_0,50,50,45,109.30600318498874,5,79.0009876732215,1,3,2,1
30294668_1233754562_0,55,55,50,74.66332135064502,5,330.24470515997206,1,3,1,1
30294667_567478392_0,60,60,55,69.8270024642643,5,270.54521364125674,1,3,1,1
30294666_30294703_0,55,55,50,71.11105959265439,5,239.32013456578855,1,2,1,1
30294703_1233754573_0,60,55,50,231.71996489195783,5,54.99302214515227,1,8,1,2
30294696_980160394_0,55,50,45,217.19067136425596,4,0.0,8,4,2,1
30294684_30294683_0,50,50,45,41.88530984118324,5,242.76170129383155,1,3,1,1
4212111678_4212111672_0,50,55,55,100.90325959958878,6,252.9049812781362,1,2,53,1
30294674_31285555_0,65,60,55,58.867199909612495,4,249.4611196160054,8,3,1,1
30294673_30294683_0,50,45,40,49.85646986997404,5,257.4278936069325,1,2,1,1
30294673_30294674_0,50,50,45,109.60642379543296,5,249.4611196160054,7,4,1,1
30294711_412460056_0,55,55,50,96.42796959136584,5,262.77098514595554,1,2,1,1
30294710_30294711_0,60,60,55,88.95792253544586,5,287.0360269071317,1,5,1,1
30294710_513342399_0,60,55,50,69.02674796897443,5,261.1694667363367,1,5,1,1
30294709_1369500099_0,65,65,60,84.88111103222388,5,202.3538635386493,1,4,4,1
30294708_1369500099_0,65,65,60,116.36678219325464,4,202.3538635386493,1,4,6,1
30294707_8253104587_0,70,65,60,92.7076325006729,4,172.22148698938116,1,4,7,1
30294777_30237679_0,50,50,45,61.90594616458552,5,172.73340506962165,2,2,6,1
30294776_30617599_0,60,60,55,56.95493005939644,6,212.61406695456904,1,2,3,1
30294776_30294777_0,50,50,45,139.7535229708732,5,188.79148793273583,1,2,7,1
30294772_30294856_0,60,60,55,122.4628016453598,5,0.0,4,2,3,1
30294769_30294772_0,60,60,55,287.83329612054547,5,121.42786949427236,1,2,1,1
30294769_30294765_0,60,60,55,74.27198678407836,5,215.78331757223808,1,4,1,1
30294765_30294709_0,60,60,50,64.37167047089565,5,240.5427377196281,1,5,2,1
30294757_30294710_0,65,60,55,61.15657747871932,5,225.9429589625185,1,6,3,1
30294783_30617551_0,50,50,45,77.21676393752043,5,149.31938164020409,1,2,6,1
30294783_30294784_0,55,55,50,105.879916441156,5,224.30326701936855,3,2,15,1
30294781_30558208_0,55,50,45,234.27477503254693,5,71.93830762803587,1,4,5,1
30294781_3055187874_0,55,50,45,62.70333802349376,6,13.414910217015988,3,2,5,1
30294779_30617540_0,60,55,50,40.94903222806371,5,106.28325475167394,1,2,3,1
30294778_30294779_0,55,55,50,72.9742634473916,6,124.3196935528675,1,2,3,1
30294858_412460056_0,50,50,45,169.38022799472992,6,209.32149504749896,1,2,1,1
30294856_364670496_0,70,70,65,277.1810837198632,3,0.0,4,9,6,1
30294854_974384683_0,55,55,50,86.05835018549978,5,54.086869693577874,1,2,1,1
30294854_2681819413_0,55,55,50,165.7595225660551,5,72.22840928143057,1,7,3,1
30294853_288024526_0,65,60,55,43.91175951787362,6,229.91767562645748,1,2,1,1
30294784_1233754614_0,55,55,50,47.81582861272081,4,244.4112186821221,4,3,12,1
30294784_1233754635_0,55,55,50,79.98248927728511,5,244.4112186821221,3,2,12,1
30295052_412414651_0,50,50,45,45.8791320976388,5,329.52340658055573,1,3,1,1
30295052_395272168_0,55,55,50,220.5178439001965,5,251.2542898510961,1,4,1,1
30295037_30295033_0,55,55,50,212.27442929918297,5,187.67892277343483,1,3,1,1
30295033_30295037_0,45,45,40,212.274429299183,5,187.67892277343483,1,3,1,1
30294982_412453115_0,60,60,55,378.2183632660538,5,131.7665867521089,3,11,8,1
30295100_30295099_0,60,60,50,97.88058832768398,5,169.35748390251229,1,2,5,2
30295098_30295097_0,65,65,60,62.65343798548566,5,199.9221878405807,2,3,6,1
30295097_30960868_0,65,65,60,75.99278416921594,5,204.3472414476041,2,3,4,1
30295097_30295096_0,65,60,55,88.64752900910176,5,172.16153837102374,2,4,10,1
30295096_30295094_0,55,55,50,87.34508577899736,5,149.02724470976,1,7,17,1
30295096_30960867_0,65,60,55,72.93249812166269,6,172.16153837102374,1,3,10,1
30295094_359097332_0,65,60,55,75.95606882214973,4,75.26276568791076,3,11,18,1
30295054_30554840_0,65,65,60,58.64832899905743,5,239.48577053864187,1,6,1,1
30295131_402883140_0,65,60,55,123.74572945319784,4,5.050682386380688,4,3,5,2
30295107_30295133_0,55,55,50,38.551447194586366,5,184.7038663585712,1,2,3,1
30295107_30295108_0,40,40,0,132.56338261995742,6,140.03584522343178,1,2,3,1
30295106_260723606_0,65,65,60,96.19159350141358,4,76.62422909806871,3,2,5,2
30295106_30295107_0,60,60,55,109.52958137761225,6,172.51784301194672,1,2,4,1
30295105_30553748_0,55,55,50,80.98212405268445,5,156.82571526902083,1,3,6,1
30295105_30617356_0,65,65,60,99.81318959944878,6,67.87778872594257,1,4,7,2
30295101_30295100_0,60,60,55,41.32306610066899,5,161.5973709623697,1,2,6,2
30295136_412449528_0,60,60,50,148.4578178754855,5,294.2560054882628,1,3,13,1
30295136_30295137_0,60,55,50,98.89282403950163,5,408.8541869964239,1,3,9,1
30295135_31285672_0,60,60,55,107.99391298034404,5,362.610068885437,2,2,11,1
30295135_30295136_0,60,60,55,63.75322987311032,5,373.6135018960898,1,2,6,1
30295134_30617390_0,65,60,55,139.16791921272986,6,213.7971405090508,1,2,7,1
30295134_30295135_0,60,55,50,84.06916410716808,5,293.47293816229313,1,2,4,1
30295133_30295134_0,55,55,50,70.22826909115473,5,223.24516785094465,1,2,3,1
30295133_30617409_0,60,60,50,108.8752275767369,6,211.06984051125116,1,2,5,1
30295132_393144498_0,65,60,55,128.33511338092035,5,62.60224382702633,4,2,3,2
30295211_1363702653_0,60,60,55,83.07370576246794,6,301.1919639283412,1,3,10,1
30295165_30242956_0,65,65,60,64.81926973811713,5,103.51709734211242,2,2,10,1
30295165_126655918_0,60,60,55,78.91511068871927,5,108.97949180601444,1,2,8,1
4212111675_4212111673_0,60,60,55,58.24296124949041,6,358.6638557662753,1,2,36,1
30295139_126656745_0,65,60,55,69.98364042140452,5,306.8799520421083,1,4,8,1
30295137_31285675_0,60,55,50,110.5758172136748,5,444.563314945446,2,3,8,1
30295137_30295138_0,60,60,55,95.81262695802508,5,353.05209910655174,1,4,10,1
30295259_30254080_0,70,65,60,65.24884605855189,3,0.0,4,2,2,1
30295247_30242955_0,65,65,60,75.83746789389077,4,182.81455303353883,1,2,6,1
30295245_126656743_0,55,55,50,75.19181626345753,5,207.6653162406485,1,2,5,3
30295245_126657995_0,60,60,55,101.4863767603244,6,274.8491957484072,1,2,6,1
4212111673_4212111675_0,55,60,60,58.24296124949042,6,358.6638557662753,1,2,36,1
30295216_3824437289_0,60,55,50,36.45261378816747,6,192.30948854508884,1,2,5,1
30295215_30295216_0,50,50,45,74.85646734785828,6,192.30948854508884,1,2,7,1
30295215_30295163_0,55,50,45,52.54952568101609,6,262.082976034091,1,2,5,1
30295287_2869959989_0,55,55,50,34.9641557457239,5,65.49063959840893,1,3,1,1
30295287_30295288_0,60,60,55,40.88690651719367,5,100.44443483959628,1,3,1,1
3302278209_847727784_0,55,50,45,94.14855314241038,5,53.60069459706847,1,3,5,1
30295274_30295312_0,60,55,50,136.05399687175247,5,94.48762046174964,1,5,4,1
30295274_2869959984_0,60,55,50,42.97998910849852,5,87.00380424050599,1,5,3,1
30295264_30295271_0,60,60,55,136.16673308152974,5,35.65486144599205,6,10,10,1
30295259_1695059619_0,60,55,50,42.99629834821452,5,0.0,3,2,3,1
30295334_30295333_0,55,50,45,73.3939404742987,5,282.5418875734689,1,2,1,1
30295312_847727783_0,55,55,50,63.25682435626059,5,109.63320547469222,1,2,3,1
30295310_30295304_0,70,65,60,88.90159325303725,3,0.0,7,4,8,1
30295304_125930808_0,70,65,60,44.58909592510247,3,0.0,2,2,8,1
30295304_3302278209_0,65,65,60,55.4793058401471,5,0.0,2,3,6,1
12643465396_482511502_0,60,55,50,4.772078255318493,4,0.0,6,4,1,1
12884134295_1362900013_0,70,65,60,23.688289558824277,3,0.0,9,6,10,1
12880645535_1374636541_0,65,60,55,17.843218088224212,4,116.87373239386868,4,2,15,1
12880645535_30227156_0,65,60,55,60.14577456131988,6,115.54789522829356,4,2,17,1
30295302_2331122650_0,65,65,60,53.87396122421209,5,11.648504559388057,4,5,4,1
30295298_30555012_0,65,60,55,62.2824167225817,3,0.0,2,2,2,1
30295293_5264363339_0,65,65,60,53.24058948632101,3,0.0,2,6,4,1
30295339_1046599586_0,60,55,50,93.8910870161943,5,24.602844062655493,4,5,8,1
30295338_30295337_0,65,65,60,97.17490320264405,5,0.0,4,4,3,1
30295338_30689140_0,60,60,55,100.33693287557196,2,0.0,7,5,4,3
30295338_387130494_0,60,60,55,59.81647223206099,2,0.0,9,5,4,1
3314271774_71643529_0,70,70,65,267.4937540883202,2,0.0,15,15,32,4
30295337_30295343_0,55,55,50,90.57250688173151,5,90.06994939007451,1,3,1,1
30295336_30295335_0,60,55,50,56.41302638064726,5,140.45740531680698,2,2,1,1
30295336_30689244_0,55,55,50,92.77902461765784,5,109.76634171944252,1,4,2,1
30295335_30295334_0,70,65,60,94.7186666290902,5,194.28161030648505,2,2,1,1
30295335_387127704_0,65,65,55,92.52011292631283,4,194.28161030648505,5,3,2,1
30295350_30689104_0,60,55,50,16.049045924795607,5,340.16835712877656,1,5,1,1
30295349_387127704_0,70,70,65,92.08268132486624,5,227.9107103495397,3,4,1,1
30295349_30295334_0,60,60,55,92.48580548620409,5,282.5418875734689,1,2,1,1
30295348_30295347_0,60,60,55,94.10566933585343,5,119.27199986265472,1,4,2,1
30295347_387127707_0,60,60,55,73.48826482949357,5,119.27199986265472,1,2,3,1
30295347_848241511_0,70,70,65,112.8550716349663,5,45.55019581218375,5,6,3,1
30295343_387130494_0,60,55,50,121.55422534437454,5,0.0,7,3,3,1
30295341_30689140_0,60,60,55,61.84351426666316,5,0.0,3,5,4,3
30295386_30689117_0,60,60,55,118.55584830971428,5,136.55685611939666,1,2,2,2
30295385_31286313_0,60,60,55,155.91092108886383,5,216.46418263975497,1,2,4,2
30295384_256484473_0,70,65,60,51.41902604285421,4,299.9012224968893,5,2,3,1
3306168428_3306168426_0,65,65,55,75.78093980342403,5,459.4051236488359,1,2,1,1
30295384_30295383_0,55,55,50,138.78358583965465,5,308.4633013920939,3,2,1,1
30295383_30689058_0,55,50,45,326.31780540092865,5,399.93963479223805,1,7,1,1
30295381_30295380_0,55,55,50,116.43783875086648,5,95.99133387907756,1,3,1,2
30295380_31286313_0,60,60,55,58.91694123474794,5,173.1911723999365,1,3,4,2
30295350_30295349_0,60,60,55,75.71660305790036,5,313.97081849777965,1,6,1,1
30295399_30295400_0,60,60,55,126.70705664994676,5,310.28696379729087,1,2,1,1
30295396_30295386_0,55,55,50,69.49285799302001,5,166.3474663031307,1,2,2,2
30295395_30295387_0,60,60,55,89.1462414526372,5,87.11986192857871,1,2,3,3
30295394_30295395_0,60,60,55,130.68957966936483,5,6.310716088277896,4,3,2,2
30295392_1312053341_0,55,55,50,57.05684256865137,5,56.52937147916332,1,4,8,1
30295392_1046599586_0,55,50,45,76.31264130237385,5,24.602844062655493,3,4,10,1
30295387_30295386_0,55,55,50,63.95990079239422,5,135.29319237247742,1,2,3,2
30295386_30295385_0,60,55,50,54.05492532020913,5,198.8294170983145,1,2,1,1
30295408_1043834249_0,65,65,55,105.902502395076,5,99.76432446825908,1,5,9,1
30295408_30295414_0,55,55,50,74.41543109670705,5,135.12874577515367,1,2,2,1
30295407_1043834110_0,70,65,60,106.9675902559288,5,46.40130160535152,3,4,9,2
3306168428_1119386518_0,65,65,55,122.14479660582673,5,454.4781271658933,1,2,1,1
3306168427_3306168428_0,60,60,50,135.98513938817885,5,334.71428089587505,1,2,1,1
30295406_30295407_0,65,60,55,60.54730911747915,5,0.0,3,3,7,2
30295403_30295408_0,60,60,55,77.0065455999651,5,104.2580805150166,1,2,6,1
30295400_30689100_0,55,55,50,76.71670590063064,5,300.3477322892077,1,3,1,1
30295399_387130533_0,60,55,50,99.7333557468128,5,394.0537201465148,1,2,1,1
30295475_395305579_0,60,55,50,69.06752540368636,3,0.0,5,4,1,3
30295424_30295422_0,55,55,50,165.93767952671536,5,82.84131374249895,1,4,1,1
30295422_421265629_0,60,60,55,73.40315836474937,5,83.20452644728927,1,2,1,3
3306168426_3306168425_0,65,65,55,165.00277295112085,5,307.89749379561067,1,2,1,1
30295416_618404476_0,55,50,45,77.05817266878914,6,48.9465850777794,1,2,11,1
30295411_448786031_0,60,60,55,50.32718587769551,5,37.4531082957494,3,3,1,1
30295410_30295411_0,55,55,50,84.34609319106238,5,37.4531082957494,3,3,1,1
30295490_434423048_0,60,60,55,26.88885588861905,5,280.5190099696741,4,3,1,1
30295487_769906819_0,60,55,50,83.07336163145638,5,115.12708277978152,1,3,1,1
30295487_319429058_0,60,55,50,178.75465991715907,5,0.0,2,3,1,1
3306168426_598219928_0,65,60,55,103.47482234324616,5,371.38319064537615,1,2,1,1
30295480_769906811_0,65,65,60,90.88329018957664,6,49.27846340602619,1,3,1,1
30295480_30295477_0,55,55,50,107.36848274149582,6,19.61377373454532,1,2,2,1
30295477_633330969_0,55,50,45,30.86911201988538,6,19.61377373454532,1,2,1,1
30295477_30295480_0,55,55,50,107.36848274149582,6,19.61377373454532,1,2,2,1
30295509_1117832745_0,55,55,50,110.70029935365818,6,0.0,1,3,7,2
30295509_30295508_0,55,55,50,89.62504363915154,6,81.88257071207381,1,2,5,4
30295508_434471890_0,60,55,50,153.89659883935084,6,37.31915474275758,1,2,9,3
30295508_598224641_0,50,45,0,48.02772797778528,6,81.88257071207381,1,2,2,3
30295496_30295493_0,60,55,50,72.33854287283782,5,110.27037499868074,1,2,3,1
12351352586_30227229_0,65,65,60,35.07252592652429,5,135.73742343957093,3,4,14,1
12696223063_331355854_0,70,65,60,45.55898988313373,3,0.0,5,8,7,1
30295493_30295517_0,55,55,50,87.25190422579755,6,168.25708531266682,1,2,3,1
30295493_1156424404_0,55,55,50,34.25827415472859,5,182.5111751010064,1,2,3,1
30295530_30295529_0,55,55,45,101.12110042085531,6,284.70469684168256,1,2,1,1
30295529_598224643_0,55,50,45,49.2051949684393,6,296.7136999142798,1,2,1,1
30295525_30295544_0,60,55,50,93.27835753827,6,115.36314165193755,1,2,1,1
30295525_769906807_0,55,55,50,55.564092801512125,6,85.78957243224136,1,2,2,1
30295517_30295515_0,50,50,45,128.61007381779692,6,144.7089609689414,1,2,5,2
30295517_2810558865_0,55,55,50,37.7827829317805,6,131.8922147009322,1,2,2,1
30295515_30295514_0,65,60,55,52.24403027774971,6,135.33980620760633,1,2,4,2
30295514_30295510_0,65,60,55,11.953303123781737,6,123.5933853445356,1,2,4,1
30295628_434431827_0,55,55,50,35.34694222937163,6,322.22219826704884,1,2,2,1
30295627_598225223_0,50,50,45,71.67411983637832,5,228.1391738432673,1,2,1,1
30295622_5929181003_0,50,50,45,25.994566407116466,6,37.5345981894137,1,2,1,1
30295544_598224749_0,55,55,50,71.42844570857011,5,104.29298338883886,1,2,1,1
30295544_598224522_0,60,60,55,83.08554449528862,5,115.36314165193755,1,2,1,1
30295531_30295530_0,55,55,50,54.01351325871988,6,278.94081330929794,1,2,1,2
30295530_30618070_0,55,50,45,56.92015884161406,6,228.19892182417868,1,2,1,1
30295810_2687171803_0,55,55,50,26.059027695547503,5,97.04093015797056,1,2,1,2
30295808_598225121_0,60,60,55,78.24714911509123,6,324.9949603832956,1,3,5,1
30295807_30295808_0,60,60,55,67.86275321457337,6,324.9949603832956,1,2,3,1
3343734111_534684808_0,40,40,0,381.28728237302994,5,562.4782692705262,1,5,1,1
30295716_30295719_0,60,55,50,93.24808476861928,6,283.4132479484766,1,2,1,1
30295713_30295714_0,50,50,45,46.38722269670132,6,279.9760938578635,1,2,1,1
30295628_2019690679_0,50,50,45,77.22662481182911,6,322.22219826704884,1,2,3,1
30295824_30295816_0,50,50,45,65.97417225009556,5,128.75007384763376,1,2,1,1
30295820_598224884_0,60,55,50,43.891054333567176,5,183.0278308049816,1,2,1,1
30295817_30295815_0,55,50,45,109.96501716068772,5,21.39346689761032,2,2,1,1
30295817_598225085_0,60,60,55,40.432456659902265,5,21.251438455276347,2,2,1,1
30295816_1303363168_0,55,50,45,46.80011284339948,5,82.59502596748429,1,3,1,1
30295815_30295820_0,55,55,50,58.91707717323189,5,131.20248263737892,1,2,1,1
30295815_30295816_0,50,50,45,39.39098714319764,6,128.75007384763376,1,2,1,1
12256248810_30243401_0,70,70,65,38.48841649838283,3,0.0,2,3,4,1
12238344500_30313139_0,60,55,55,17.085128768553318,4,81.2759384527889,3,2,1,1
12228118299_629327919_0,55,55,50,62.63478912028824,5,212.89028939200736,2,2,1,1
12643382751_482511502_0,60,55,50,9.281847845452912,3,0.0,6,4,1,1
12643326925_7663721759_0,70,70,65,186.8938203844908,2,0.0,14,4,1,1
12516839218_30248549_0,65,65,60,118.89970541062144,5,151.6561394030001,2,3,7,2
12445455705_3827708474_0,50,50,45,155.98301444274057,5,637.0232130583264,1,5,1,1
30295811_4470467238_0,65,60,55,57.29008615448932,5,15.32776171777339,1,2,1,1
30295810_2432714390_0,55,55,50,91.20737025890628,5,101.92449264073645,1,2,1,2
30295855_9590970235_0,50,50,45,39.59383588079392,6,185.90693061352007,1,2,1,1
30295855_30295856_0,45,45,40,80.37431176989041,6,185.90693061352007,2,2,1,1
30295854_30296368_0,50,50,45,72.83612015812677,5,91.19022996122128,1,2,1,1
30295854_30295855_0,50,50,45,88.0784220981517,6,120.3972681409188,1,2,1,1
30295841_30295712_0,60,55,50,56.114409206252304,6,278.58444202381224,1,2,3,1
30295841_598223938_0,60,60,55,17.509403817974167,5,334.1899766160772,1,2,3,1
30295838_1299430527_0,60,55,50,4.349221672179449,6,190.3194258922857,1,2,1,1
30295834_1299629083_0,65,65,60,64.58254715922352,5,23.385682942229856,1,3,1,1
30295825_30295824_0,50,50,45,27.12392073307429,5,193.97751608435215,1,2,1,1
30295825_30295627_0,50,50,45,43.80332886376159,5,220.80158709364585,1,2,1,1
30295892_293302297_0,60,60,55,128.402336176293,5,79.67686971868339,1,5,1,1
30295890_482505199_0,55,55,50,80.07288534213919,6,88.76697782027422,1,2,1,1
30295890_1316679286_0,50,50,45,49.312894681276205,5,113.24335144171955,1,2,1,1
30295881_30296347_0,55,50,45,76.79722591646427,5,217.84688039931189,1,2,2,1
30295881_30295878_0,55,50,45,154.24938958006035,5,217.84688039931189,1,3,7,1
30295870_30296367_0,55,55,50,68.50976353437215,5,277.006675180537,1,4,2,1
30295856_1316077961_0,55,55,50,193.47011347407215,5,246.15119338204937,2,2,1,1
30295856_30296141_0,55,50,45,48.99615106146162,5,213.0496878236368,2,2,1,1
30296036_30296034_0,65,60,55,162.7699136250723,5,81.99280627883583,1,2,1,1
3343734111_534683861_0,0,0,0,137.66234751567532,5,456.4531520865072,1,3,1,1
30296017_30296131_0,60,60,55,60.88681952327485,6,95.75951726518582,1,2,2,1
30296017_30296018_0,55,55,50,54.4263159819076,5,69.37392206689728,1,3,2,1
30296016_462635529_0,55,55,50,143.98424171071014,5,170.25827993761786,1,2,1,1
30296016_30296017_0,55,50,45,54.76457837717589,5,119.65327190848122,1,2,2,1
30296015_462635529_0,55,50,45,153.48879381947518,5,192.68046117956388,1,2,1,1
30296013_30296142_0,60,55,50,30.483960909183068,5,255.43013054754545,3,2,1,1
30296131_30296145_0,55,50,45,55.70815683224963,5,95.75951726518582,1,2,1,1
30296130_30296017_0,55,55,50,135.0286854692692,6,119.65327190848122,1,2,2,1
30296055_30296130_0,60,60,55,145.84351502361673,6,101.3445291352109,1,2,1,1
30296040_30296039_0,55,55,50,57.836986626093406,5,70.69624938720675,1,4,1,1
30296039_462635537_0,55,55,50,63.04058513739773,5,8.293673923146606,4,5,1,1
30296038_30296131_0,60,55,50,55.38344139510974,5,45.47533013218483,1,3,2,1
30296038_30296018_0,65,65,60,58.52736700156333,5,45.47533013218483,1,4,2,1
30296145_30296016_0,60,55,50,64.15359083161471,5,146.08266484439318,1,2,1,1
30296144_30296143_0,55,55,50,48.98326455763412,5,212.01215947218,1,2,1,1
30296144_30296015_0,60,55,50,51.03842757034992,5,212.01215947218,1,2,1,1
30296143_30296152_0,60,55,50,203.5840913619582,5,223.9086823092358,5,2,1,2
30296142_30298833_0,55,50,50,206.63898250765897,5,276.6953733966117,5,2,2,2
30296142_30295856_0,60,55,50,43.08705356345118,5,246.15119338204937,3,2,1,1
3314294600_3207831035_0,70,70,65,191.84845193776852,6,0.0,5,3,36,1
30296141_30295866_0,50,50,45,48.82837958088849,5,175.80761628472592,1,2,1,1
30296294_30296293_0,60,60,55,72.75699552545424,5,114.57659279041056,1,2,4,1
30296293_30296290_0,60,60,50,171.0934782572121,5,11.380669651378856,1,5,2,1
30296293_30296307_0,55,55,50,57.68201258929011,5,70.53907280959707,1,2,3,1
30296151_30296014_0,55,55,50,150.7170902017889,6,174.13669059443336,1,2,1,1
30296151_8172065144_0,50,45,40,59.874487543101466,5,141.37000694525202,1,2,1,1
30296147_482505222_0,60,55,50,303.5239992364383,3,0.0,11,6,4,1
30296145_30296144_0,55,55,50,67.07225605706903,5,146.08266484439318,1,2,1,1
30296340_30296342_0,55,55,50,122.17532876029549,6,267.81661033764664,1,2,5,1
30296310_330413164_0,60,55,50,165.51149143064995,4,83.63934447268755,5,7,3,1
30296307_425648709_0,50,50,45,80.27552827460849,5,70.53907280959707,1,2,4,1
30296306_425657914_0,60,60,55,78.00483612976139,5,34.637244874845734,1,2,3,1
30296558_30296559_0,55,55,50,50.96203302324174,6,144.32532453977666,1,3,1,1
3314271774_30237645_0,70,70,65,148.6533439563481,3,0.0,9,7,31,1
30296368_823753846_0,50,45,40,76.4043684073323,5,15.12279271665874,1,2,1,1
30296367_1316077963_0,55,50,45,253.71285066159805,5,318.4026559722468,1,6,3,1
30296342_30295878_0,55,55,45,51.18127180825135,5,313.13936037520216,1,2,5,1
30296599_1852044988_0,50,50,45,97.9487133278802,5,234.82706436627245,1,9,1,1
30296599_462641371_0,50,50,45,84.40794919946781,6,161.6914156272637,1,5,1,1
30296580_30296564_0,65,60,55,38.90887691154592,4,16.23305954338121,1,3,2,1
30296580_30296565_0,60,60,55,129.64952717053598,6,16.23305954338121,1,3,2,1
30296564_338936194_0,60,60,55,52.31846802145128,4,15.649042341135331,4,4,2,1
11949794106_8125229465_0,60,60,55,11.55233082761022,6,74.04521788542277,1,2,1,1
11927931591_448786037_0,65,65,60,100.2504344316997,6,25.304164585396126,2,4,10,1
11927931591_618404476_0,65,65,55,23.896092191864646,5,26.019962965189816,1,2,7,1
12351352583_2327729212_0,55,55,50,20.720440077772228,3,0.0,8,5,11,1
12351352583_2327729219_0,65,65,60,110.52676601306553,3,0.0,11,8,16,1
3369034791_1622039316_0,55,50,45,125.87136165432578,6,92.41838926005232,1,2,1,1
12256308653_30253730_0,65,65,60,101.37795944625124,5,38.62580070496962,4,3,16,1
30296559_366062064_0,60,60,55,47.78327810742624,5,144.32532453977666,1,4,1,1
30296559_30296564_0,60,60,55,138.9384618448442,6,16.976541815019274,1,3,2,1
30296789_2954961669_0,65,65,60,450.10924064644433,5,7.624523695450785,6,14,1,1
30296620_462635549_0,70,65,60,94.50670003761677,5,8.260103570219332,6,5,1,1
30296616_1853174727_0,60,60,55,121.06624300971885,5,157.9946940461929,3,9,1,1
3369034784_1622039335_0,55,55,45,36.02024040629445,5,22.17886860931809,3,2,1,1
30296601_815063096_0,70,70,65,61.19115035644534,5,8.661475525400222,1,2,1,1
30296600_30296601_0,70,65,60,159.05886455078996,5,60.03130038824428,1,2,1,2
30296600_30296599_0,50,50,45,136.90735848034913,5,167.035310291278,1,6,1,1
30296600_4995013503_0,55,50,45,48.46035881862529,5,167.035310291278,1,4,1,1
3369034782_559410532_0,55,50,45,37.3032791978615,5,245.2707111444041,3,3,1,1
30297199_30298829_0,55,55,50,246.9429847169622,5,525.9166211982276,1,3,1,1
30297037_1363606986_0,70,70,65,172.81255476074227,5,14.31997382393188,1,3,1,1
30297035_30297009_0,55,55,50,128.87205407767271,4,304.68953472461544,1,2,1,1
30297011_30297037_0,70,70,65,136.36087580168737,5,12.747127115467524,1,2,1,1
30297009_598222957_0,65,60,55,137.50668922632414,4,250.03502362817844,3,2,1,1
30296789_4327379292_0,60,60,55,110.58663125929752,5,0.0,11,8,1,1
30296789_425768614_0,65,65,60,187.01321676738368,5,11.189281682697942,9,7,1,1
30297213_4365004601_0,50,50,45,101.79299594873405,6,750.0,1,2,4,1
30297213_8269583404_0,50,50,45,34.30141249865626,5,750.0,1,2,3,1
30297206_30689170_0,55,55,45,58.75173165270452,6,587.212246771719,1,4,1,1
30297204_30297206_0,55,55,50,131.187453020559,6,613.8603415819636,2,3,1,1
30297203_30297206_0,60,55,50,87.89199324584213,6,613.8603415819636,1,3,1,1
30297203_30297204_0,50,50,45,54.029703281048,6,700.0413283348247,1,2,1,1
30297201_30298829_0,55,55,45,50.52387313421802,5,615.6447331833311,1,3,1,1
30297201_429743604_0,55,50,45,75.87533569673916,6,662.5982239041161,1,2,1,1
3361983595_3361983993_0,70,70,65,46.01445949645601,6,0.0,1,8,17,4
30297293_668541555_0,60,60,55,236.0065293043057,4,114.12908532918772,8,6,1,1
30297272_30297273_0,55,55,50,198.1781576999802,4,359.8454441892276,2,3,1,1
30297252_10135472427_0,65,60,55,137.7597682178763,4,685.0310213653946,9,3,1,1
3361983595_1147391517_0,65,65,60,87.17736392901806,3,0.0,3,11,12,2
30297252_30297219_0,65,60,55,160.20266904359434,5,685.0310213653946,2,3,1,1
30297219_30297252_0,65,60,55,160.2026690435943,5,685.0310213653946,2,3,1,1
30297215_1381912176_0,60,60,55,48.5421551413744,5,664.7424526675373,1,2,1,1
30297363_541643994_0,60,55,50,132.89229177232912,4,375.8252809319133,3,2,8,1
30297363_559410529_0,55,55,50,124.11453859353657,4,379.0262063377763,8,8,5,1
30297363_30297365_0,60,55,50,135.27996756937705,5,379.0659458884789,3,2,5,1
30297360_1622039330_0,60,60,55,56.95833931792031,5,113.72388813421306,1,2,2,1
30297360_541644019_0,50,50,45,133.1600961011554,5,113.76392635549432,1,2,3,1
30297359_6227506599_0,60,55,50,134.96654442100805,3,0.0,7,3,2,1
30297359_1622039317_0,55,55,50,46.396042631638736,5,0.0,2,2,2,1
30297333_559052400_0,60,60,55,46.429236037602976,4,38.77031511742537,6,7,1,1
30297327_1736660281_0,50,45,40,269.94519404747905,5,46.29644707374944,8,5,1,1
30297376_543553128_0,60,60,55,134.09041446792645,5,132.94656805201586,3,5,4,1
30297372_1307277321_0,60,60,55,30.96636584101345,5,418.1858069459631,2,2,3,1
30297371_30297372_0,60,60,55,95.64486728956848,5,418.1858069459631,6,4,4,1
30297369_30243355_0,60,55,50,134.48302758881454,5,404.8886386267951,2,2,3,1
30297366_597441690_0,60,55,50,133.26074036441565,5,533.7031060163878,2,2,4,1
30297365_30297366_0,60,55,50,134.78113185679678,5,514.3321869545949,2,2,2,1
30297381_30312841_0,55,55,50,132.77306437327073,3,0.0,4,3,3,1
30297381_30297382_0,65,65,60,136.54102423223682,5,0.0,5,2,3,1
30297380_30297381_0,55,55,50,132.90166813227668,5,0.0,4,2,3,1
30297379_1812187366_0,55,55,50,134.0957386354487,5,265.68003654885183,4,2,1,1
30297379_597218416_0,50,50,45,57.34937314070142,5,208.49238268284583,3,2,1,1
30297377_262250647_0,65,65,60,151.09987564920365,4,0.0,5,6,6,1
11877585718_1856466862_0,65,65,60,176.6016729869831,5,0.0,7,7,2,1
12208571890_12920935176_0,55,50,45,10.57291757797275,6,243.06008648110983,1,2,1,1
11992098842_3497460957_0,55,55,40,202.46717117773613,6,118.45315570832366,1,4,31,1
11992098841_1400530691_0,60,60,55,76.25890644542889,6,134.50958780004424,1,3,30,1
11992098841_11992098842_0,60,60,55,2.8006236977228087,6,131.76953179861076,1,4,25,1
30297376_6766631070_0,55,55,50,113.16809168176596,6,133.85332650788462,1,5,6,1
30297797_242284801_0,60,60,55,145.1297441544333,4,176.65124133841175,6,6,27,1
30297527_30297525_0,45,45,0,133.77294370341616,5,252.87835100825816,2,2,20,2
30297525_2473394000_0,65,60,55,19.188849837252803,4,253.68551835617,2,2,5,1
30297485_1306211583_0,55,50,45,49.97627861433038,5,82.62441179173678,1,2,6,1
3358594835_1622039347_0,65,65,60,40.25696217684302,4,114.73720172936568,3,2,1,1
3343734111_1374370789_0,40,40,0,59.87498272390008,5,503.1472418493025,1,3,1,1
30297454_441667581_0,45,45,0,97.5577966058124,6,183.36320266702316,2,2,9,1
30297383_1940908213_0,55,55,50,88.06486520442219,5,37.67368549664332,4,2,8,2
30297383_30312839_0,65,65,60,132.22892808007575,5,125.02411593515384,4,2,7,1
30297921_209079759_0,55,55,50,69.42596604840254,5,64.80083271826058,1,3,34,1
30297921_30297970_0,55,55,50,76.29194021321385,5,103.7482962538885,1,2,46,1
30297917_30646198_0,45,40,0,29.260537138589047,5,140.7660412514941,1,2,21,1
30297911_209093243_0,45,40,0,30.35053335029463,5,104.55125770981178,1,3,27,1
30297911_209095788_0,45,40,0,32.62705643116877,5,77.28947943056512,1,5,24,1
30297911_209064954_0,45,45,0,9.345448404365383,5,101.23003762831264,1,2,24,1
30298832_30298833_0,55,55,50,45.788350205803525,5,282.64711849881485,2,2,2,2
3386536280_30246702_0,70,65,60,133.4621152338897,5,0.0,11,7,40,1
30298829_30297199_0,55,55,50,246.94298471696217,5,525.9166211982276,1,3,1,1
30297970_30254242_0,55,55,50,47.80550454390038,5,132.00530955709155,1,2,53,1
30298891_30298888_0,60,55,50,115.89476286125098,5,221.34460832419165,1,3,6,1
30298888_30247061_0,55,55,50,72.63011878958,5,212.24760914274592,1,2,3,1
30298886_2264456440_0,65,60,55,81.93961285700642,4,222.9308376891834,15,3,9,1
3385754231_1071339487_0,50,50,45,142.76976327520856,5,3.338391944680293,5,8,1,1
30298838_30246864_0,70,65,60,132.82911699662938,5,0.0,12,6,10,1
30298833_30296142_0,55,50,50,206.6389825076589,5,276.6953733966117,5,2,2,2
30307932_178520716_0,70,70,65,72.77819054084561,5,356.67839259790884,1,6,13,2
3376229198_1297445118_0,65,60,55,80.50011686883455,4,0.0,6,5,1,1
30298941_3049188208_0,65,65,60,128.13088612845627,5,9.159825680698528,2,3,8,1
30298941_30264232_0,65,65,60,95.48043024667228,5,136.9666343265605,1,2,4,1
30298929_2264456433_0,55,55,50,100.55810761233847,5,358.9349850100098,1,4,1,1
30298893_4834501645_0,65,65,60,43.12852045080459,5,0.0,9,3,15,1
30307946_2670313224_0,55,55,45,49.96755632927336,5,196.51556910060364,1,2,2,1
30307945_5163670090_0,70,65,60,57.88900385039708,5,13.827398236380535,20,9,3,2
30307945_2888259002_0,70,65,60,115.6335712264366,5,12.190384206322316,20,8,7,2
30307943_30686337_0,65,60,55,36.77663711132164,5,274.2027167328849,6,4,6,3
30307939_2888571939_0,70,65,60,151.76296931493135,5,13.974795224104126,7,6,10,1
30307939_1088518835_0,55,55,50,18.76160049422166,5,128.8945928515831,1,3,4,1
30307937_30307939_0,65,60,55,79.40027394111688,5,128.8945928515831,1,3,5,1
30307937_2888571940_0,65,65,60,159.4813924352215,5,13.471912604511084,7,2,9,1
30307936_30307937_0,60,60,55,56.39138947160539,5,172.8707776846873,4,2,2,1
3372612793_6042820380_0,60,60,55,65.68831909624286,5,86.69844435922748,1,2,4,6
30307934_1982155709_0,60,55,50,87.07462558837723,5,235.4729963835973,3,2,7,1
30307972_30307948_0,60,55,50,120.19888241748936,5,229.36299424846172,4,5,6,2
30307969_30686200_0,60,60,55,129.6497708367943,5,307.86241410354137,1,2,3,2
30307969_2670313223_0,65,60,55,170.12754765549863,5,188.80290117119375,1,2,4,1
30307968_30307969_0,55,55,50,52.144946993997685,5,301.4401461211335,1,2,3,1
30307968_1969416850_0,50,45,40,73.35698212260827,5,301.4401461211335,1,2,10,1
30307948_4541533775_0,65,65,60,124.12818320408492,5,105.44027328927524,4,5,7,1
30312388_1404124266_0,60,60,55,491.709858651407,4,325.534660593898,1,6,17,3
30308051_1012343432_0,60,55,50,57.77510476612501,5,62.51266653055364,1,2,3,1
30307974_30307973_0,60,60,50,130.24458993728007,6,262.9455515127031,3,4,7,3
3372612694_3372612594_0,70,65,60,134.5841658010683,6,152.41253122108424,2,2,11,1
30307973_30686171_0,60,60,50,42.37097109215716,6,376.5214230188183,1,2,4,1
30312482_1621899834_0,55,55,50,134.27012821086518,5,391.8488000676174,4,2,1,1
30312482_30312484_0,60,55,50,151.624724659605,5,390.9995456881216,5,2,1,1
30312391_876375351_0,65,65,55,173.96216934976573,4,0.0,2,7,2,1
30312388_30312391_0,60,55,50,270.6523650222417,4,173.9599832753743,1,6,4,2
30312388_876277542_0,60,55,50,269.3866655124545,5,65.58919760414868,2,3,4,2
30312830_381897080_0,65,65,60,130.07090945229584,4,264.72548808411887,5,2,3,1
30312828_1622002042_0,65,65,60,149.11842435618723,4,265.09542783226345,7,6,10,1
30312489_1621904452_0,60,55,55,134.78910489992515,4,256.5066762102805,5,3,5,1
30312487_2238485645_0,60,60,55,135.7896164826725,5,282.84541683608137,2,2,4,1
30312486_2262659438_0,60,60,55,61.287344024281566,4,286.4958871986438,11,2,7,1
30312484_253795218_0,55,50,45,183.073885830404,5,208.75768098004232,8,3,7,1
30312484_30253210_0,60,60,55,132.5388113819597,5,381.8599439173168,3,2,1,1
30312838_5711742102_0,65,65,60,132.7940633743969,3,0.0,7,3,16,3
30312837_2292708327_0,65,65,60,65.5037610327455,4,205.09855116353145,3,4,13,1
30312836_30312837_0,65,65,60,132.7829013351192,4,270.1002181076004,4,5,10,1
30312835_365566117_0,60,55,50,67.94631429964795,4,268.1701200192158,5,3,4,2
30312835_1621899836_0,70,65,60,132.85822916253966,5,268.17084081485206,12,2,7,2
3372612594_30313355_0,55,50,45,63.1079085903669,5,152.41253122108424,1,2,8,1
30312832_506151644_0,65,60,55,134.41321510749486,4,266.369171205029,6,2,2,1
30312831_1710758987_0,70,65,60,69.2949389670594,4,266.92902607601906,3,2,3,1
30312919_2578612975_0,55,55,50,132.55688032652034,4,0.0,6,4,2,1
3369034791_4338253064_0,55,50,45,156.13673629080134,6,133.6810914467042,1,2,1,1
30312841_30312843_0,60,60,55,132.82376083968734,4,0.0,4,3,2,1
30312840_30312841_0,65,65,60,137.00484468372244,4,0.0,4,5,3,1
30312840_30297382_0,65,65,60,132.43535987193528,5,136.20616190806734,5,4,2,1
30312839_1940899121_0,60,55,50,70.76365353810058,5,127.5971960259728,3,2,7,1
30312954_30312955_0,65,65,60,143.44834289659414,5,0.0,5,6,1,1
30312954_30312935_0,65,65,60,135.124687601865,4,0.0,7,5,1,1
3417299048_3439160184_0,50,50,45,73.80253088378427,6,191.36045711480097,1,3,18,1
30312937_243342791_0,55,55,50,26.877737851615677,5,122.53128183402627,5,2,2,1
30312935_2578612975_0,55,55,50,35.620529156996504,3,0.0,4,4,1,1
11725123337_30558465_0,60,60,55,138.49241765761386,6,18.007974321053926,3,3,2,3
11887554793_11887554791_0,60,60,55,48.22588649004786,5,400.700651011506,4,4,1,1
11887554791_30253399_0,60,60,55,128.74832569904237,5,414.6926787539814,3,4,1,1
3417299048_11178765233_0,60,55,50,192.2899056344072,5,0.0,2,6,27,2
11881540551_668541555_0,65,60,55,266.2309424752579,4,349.6616666409862,8,5,1,1
30312934_30312922_0,60,55,50,144.0625251511597,5,0.0,5,2,1,1
30313010_243338863_0,60,60,55,125.01785849366075,5,131.84179410024765,4,2,5,1
30313010_30312832_0,65,65,60,137.43037011996307,5,131.84179410024765,6,2,3,1
30312978_30253205_0,60,60,60,127.81085536348333,5,133.92456438206457,4,2,1,1
30312976_30253203_0,60,60,55,130.17674886756893,4,399.38502283840654,4,2,4,1
30312975_30689533_0,70,65,60,133.2007424960183,5,273.4807968523797,4,3,10,1
30312962_1940880049_0,55,55,50,75.52331649630517,5,55.04102381461702,3,2,10,1
30312960_30312951_0,50,50,40,133.04648191389654,6,91.80705452067788,4,2,5,3
30312960_262251752_0,65,65,60,144.2741917391395,5,109.23019358086832,5,5,3,1
30312960_597222090_0,55,55,50,130.8161502558754,6,0.0,4,2,6,1
30313123_30313144_0,55,55,60,56.56234284029264,5,185.45089125576496,2,2,9,1
30313122_30313162_0,55,50,55,51.684977420885936,5,263.3673814046957,1,2,10,1
30313122_30313123_0,65,60,60,64.97545678406854,5,208.50430731465704,1,2,11,1
30313113_4470657985_0,70,70,65,29.16445454781154,3,0.0,10,3,9,2
30313063_30689550_0,60,60,55,131.51019537634016,4,110.86857975904456,9,7,3,1
30313063_30313064_0,55,50,45,205.77509586470111,5,0.0,6,5,1,1
30313062_1043925396_0,60,60,55,51.3560377822082,4,176.74674859765412,5,4,1,1
30313135_30313134_0,55,50,55,53.27252286235398,5,158.13319056015527,1,2,11,1
30313132_30313182_0,65,60,60,66.67749408177366,4,237.45668204179333,1,3,10,1
30313132_30237693_0,60,60,60,101.65198389272982,5,237.45668204179333,2,2,11,3
30313130_30313129_0,70,65,60,71.38626902323007,5,285.64251813651526,2,2,6,3
30313130_3434285993_0,60,60,55,120.61390678453472,5,183.46684460074425,1,5,17,2
30313129_409506383_0,55,55,55,147.91403333724813,5,138.65195182560564,2,2,10,2
30313143_30313122_0,55,55,60,55.02291236690593,5,244.44479978554048,1,2,9,1
30313143_30313144_0,65,65,60,62.39708377634104,4,185.45089125576496,2,2,7,1
30313142_30313143_0,60,60,60,56.87094881674655,4,244.44479978554048,5,2,6,1
30313141_30313142_0,60,60,55,70.27854168376822,4,251.473290298884,5,2,2,1
30313140_30313141_0,60,60,55,92.03825763605369,4,166.35343795225677,3,2,2,1
30313139_8175209748_0,70,65,60,23.38032472286764,5,81.2759384527889,3,2,1,1
30313139_30313158_0,65,65,60,86.99817311281184,5,46.118936694200826,5,4,3,1
30313139_12238344500_0,60,55,55,17.085128768553318,4,81.2759384527889,3,2,1,1
30313136_30313135_0,55,55,60,54.85287072337211,5,126.22286044436116,1,3,12,1
30313163_30313123_0,55,50,55,52.14608670343743,5,208.50430731465704,1,2,10,1
30313162_30313163_0,60,60,60,66.66279356078664,5,238.33486496911456,1,2,9,1
30313162_30313181_0,60,60,60,104.41703977245042,5,288.8951666382528,1,3,9,1
30313161_30313142_0,55,50,55,109.27635962549338,5,277.93206428408274,4,3,5,1
30313159_30313140_0,60,60,55,94.16130052077392,5,129.23898273390355,2,2,2,1
30313158_30313139_0,65,65,60,86.99817311281184,5,46.118936694200826,5,4,3,1
3407038839_3407038841_0,55,55,50,133.57956610949972,6,74.5601927052052,1,3,3,1
30313144_30313252_0,65,65,60,113.700207729431,5,145.9508259214224,5,5,7,1
30313179_30313178_0,65,65,60,68.63885740667357,4,183.64575535757095,1,4,3,1
30313178_30313177_0,65,65,60,91.916835512711,4,94.89959058441282,1,5,5,1
30313178_30237689_0,70,65,60,95.05834140090586,5,170.6330945168335,2,3,3,1
30313177_412398663_0,70,65,60,97.2003313133097,4,0.0,4,8,5,1
30313177_30313159_0,60,55,55,106.16206779212035,5,94.89959058441282,1,3,4,1
30313171_3055187869_0,65,60,55,84.32572554862706,4,183.06341699340692,1,3,6,1
30313171_30558243_0,60,60,55,100.76434110893916,5,232.2902175272508,1,4,6,1
30313163_30313134_0,60,55,55,67.72124817837408,5,195.64749492635843,1,2,13,1
30313244_30313246_0,65,65,60,44.19543404232863,5,294.7134978020192,2,2,5,2
30313241_30313244_0,65,60,60,142.1677565174697,5,155.96814096548644,2,2,12,3
30313241_409506383_0,65,60,60,70.09969662231835,5,138.65195182560564,1,2,8,1
30313240_30313241_0,65,60,60,51.91650884912718,5,104.40606277149968,1,2,9,3
30313240_30313353_0,60,60,60,65.5716934402318,5,104.40606277149968,1,2,9,3
30313182_30313163_0,65,60,60,105.18214145369592,5,238.33486496911456,1,3,12,1
11513563617_408908799_0,60,55,50,77.9761910804136,5,0.0,4,2,9,2
11843575698_11843575697_0,50,50,45,92.54882979726275,5,97.03144454745488,1,4,4,1
3407038839_543552912_0,65,60,55,74.59493062567647,4,0.0,3,4,4,1
11843575691_600466293_0,55,55,50,3.9960522170771897,4,88.98456721953994,1,3,4,1
30313181_30313179_0,60,60,60,74.77990388858673,4,250.9868725875444,1,5,6,1
30313181_30237691_0,70,65,60,100.56590940693424,5,321.46606827478735,2,5,4,2
3472804093_416116731_0,65,60,55,196.29976053544937,4,0.0,8,9,4,2
30313348_678297076_0,65,65,60,59.5537874883976,5,0.0,5,4,17,2
30313254_5241929669_0,65,65,60,146.29963944492462,5,0.0,5,12,5,1
30313254_30313256_0,65,65,60,134.62277522748485,5,62.46072038681909,4,6,4,1
30313246_30313358_0,65,60,60,67.3601935922331,6,326.4517996902929,3,2,7,3
30313246_30237692_0,70,70,65,113.20695575290068,5,330.2577582550273,3,4,9,5
30313244_30313357_0,65,60,60,66.7661550252575,4,292.58831851340466,4,2,10,2
30313367_30313364_0,65,60,55,87.7005052063235,5,179.5443659960996,1,7,11,1
30313364_30313368_0,65,60,55,146.9341718715788,5,179.5443659960996,1,6,12,2
30313364_30313363_0,70,65,60,76.33328954620622,5,112.59813034215782,2,5,8,1
30313363_651878676_0,70,65,60,47.71568323258223,4,112.59813034215782,3,5,4,1
30313358_3402623393_0,65,60,55,100.4849300871791,6,226.56995478845,3,2,6,2
30313358_30313357_0,70,65,60,41.93161350925125,5,292.58831851340466,2,2,10,2
30313357_3372612694_0,70,65,60,60.73184917715117,4,266.8962934728013,4,2,11,1
30313355_30313353_0,65,60,60,52.86230239853251,5,104.4119879087583,1,2,10,2
30313353_3372612793_0,60,55,50,63.99727302977893,5,94.3754052065202,1,2,9,4
30313399_1298783033_0,60,55,50,154.76134696003086,6,225.83685177056853,1,3,9,1
30313399_4590999308_0,55,55,50,59.64303186465904,6,189.32499506303128,1,4,3,1
30313399_6222663440_0,55,50,45,41.09174931133603,6,219.1732549686349,1,3,3,1
30313377_30294517_0,55,55,50,78.43084777110843,6,82.19243663790239,1,4,4,1
30313376_1584415327_0,55,55,50,78.11343953647638,5,46.0723267546132,1,6,1,1
30313376_30313377_0,55,55,50,45.314998843904505,6,59.28407314171543,1,4,3,1
30313375_692807356_0,55,55,50,200.30332286315567,5,186.51975992022352,1,2,3,1
30313368_60969501_0,65,65,60,71.00049744553,5,210.6694953273288,5,4,7,2
30313439_30313438_0,55,55,50,16.573855136617905,5,304.9099086527594,1,3,1,1
30313438_30313436_0,60,55,50,81.87403019085255,5,320.9826231781262,3,4,1,1
30313436_30313434_0,65,65,60,38.84742932169885,5,401.2824500622398,3,2,1,1
30313434_359234349_0,65,65,60,229.6817142700838,4,436.7522567281782,6,4,1,1
30313538_359237984_0,55,50,45,65.69650847725545,5,428.7557545203195,1,4,1,1
30313538_30314491_0,55,50,45,60.43925998679563,5,486.00930112915927,1,4,1,1
30313537_359236005_0,55,50,45,84.60690518767798,5,346.513308096645,1,2,1,1
30313537_364720256_0,55,50,45,84.88791901424437,6,413.8806740325904,1,2,1,1
30313440_30294527_0,50,50,55,44.46873696937323,6,209.89478559942955,1,3,8,1
30313439_30294519_0,60,60,55,94.21692338564412,6,300.5479353376056,1,3,1,1
30314630_30314631_0,45,45,40,128.15396880069983,6,0.0,2,4,7,2
30314622_1258203865_0,60,60,55,135.86950622828232,5,48.33944342109182,3,6,9,3
30314492_1374328784_0,50,50,45,83.00358421466052,5,375.8900935887261,1,4,2,1
30314491_30313538_0,55,50,45,60.43925998679563,5,486.00930112915927,1,4,1,1
30314491_30314492_0,60,55,50,89.0617799530655,5,446.9593736520214,1,5,1,1
30314490_30313537_0,65,60,55,56.34709078344879,5,429.1391650149984,1,2,1,1
30314490_30314491_0,50,50,45,166.44289972427194,5,484.8115446741267,1,3,1,1
3439181959_2529520245_0,65,60,55,35.365802886315905,6,271.16291558507,1,2,32,1
3439160184_437132969_0,50,45,0,83.34032519008437,6,261.51418449171007,1,2,14,3
30314636_60591112_0,60,60,55,44.0147631910109,4,215.6654861253264,2,4,13,1
30314635_59749809_0,60,60,55,70.0561416740728,5,87.0644441030234,1,4,19,1
30314632_30251176_0,60,55,50,147.0285135175822,6,0.0,6,5,15,1
30314632_60591485_0,55,55,50,7.853661711234157,5,125.85784856605724,1,2,5,1
30314631_30251177_0,70,65,60,150.50352364495618,5,0.0,6,4,17,1
30314631_60591465_0,55,55,50,117.02149423807052,5,120.41964467509042,1,2,8,1
30314630_416523700_0,65,65,60,178.0987436752818,3,0.0,5,4,4,2
30315480_30315481_0,50,50,45,205.23362770245845,5,603.9552948011192,1,4,1,1
30314651_30314648_0,55,55,50,149.70919300424876,5,267.8186933333489,1,2,10,1
30314651_700938101_0,55,50,45,77.58865459904467,5,191.6560553160584,1,2,5,1
30314648_30264650_0,55,55,50,80.642190058975,5,273.2149090310965,1,2,7,1
30314648_60591106_0,60,60,55,96.8547773257848,5,246.4431266551821,1,3,11,1
30314640_30314638_0,60,55,50,71.32223667725619,5,60.01866394791787,3,4,6,2
30314638_30314642_0,60,55,50,125.85247613653212,5,69.2441016159245,1,4,6,3
30314637_30314638_0,65,60,55,70.27098764612604,5,0.0,1,4,5,2
30318187_3683481332_0,60,55,50,293.6994476353425,5,354.8268365241015,1,2,1,1
30318187_30318120_0,60,60,55,222.1816140623691,5,286.5489694283731,1,3,1,1
30318120_30318188_0,60,60,55,79.5900047726393,5,213.6619680447621,1,3,2,1
30318120_30318187_0,60,60,55,222.1816140623691,5,286.5489694283731,1,3,1,1
30318120_2845227568_0,60,60,55,286.9360923921546,5,284.9751658004643,1,2,1,1
30315481_30318187_0,60,55,50,106.93885017642322,5,499.9381754281845,1,2,1,1
30315481_30315480_0,55,55,50,205.23362770245848,5,603.9552948011192,1,4,1,1
30332593_30332598_0,60,55,50,217.4534132021367,6,40.40491869008086,3,11,5,1
30332577_3945318375_0,55,50,45,85.87599442682394,6,219.3091960032623,1,2,5,1
30332577_363885077_0,65,65,60,56.08572112479695,5,219.3091960032623,1,2,2,1
30318191_2845227568_0,60,60,55,212.93266194857253,4,284.9751658004643,13,4,1,1
30318191_30315480_0,60,60,55,108.23942129675036,4,497.89258948698864,12,3,1,1
30318187_30315481_0,60,55,50,106.93885017642322,5,499.9381754281845,1,2,1,1
30332643_2293731616_0,60,60,55,51.2517166162686,3,0.0,2,4,3,2
30332643_2760236003_0,60,55,50,106.76560196180364,6,0.0,2,4,3,2
30332641_11868644129_0,60,55,50,152.5515108956991,6,5.951832923103855,5,6,8,1
30332641_1303430372_0,60,55,50,17.368281353043212,6,76.67430002410656,1,3,2,1
30332606_2293731658_0,70,65,60,233.87958223356512,3,0.0,9,9,5,1
30332606_30332601_0,70,65,60,134.42362291073155,5,0.0,2,2,2,1
30332601_1876385320_0,60,55,50,68.66854322990217,5,134.41699806696957,1,2,1,1
11367386983_536838775_0,65,65,55,134.97770865092113,2,0.0,20,5,19,1
11365497701_13752754617_0,65,60,55,92.80150647420749,6,323.9542915177824,7,4,5,1
11559713266_1311935438_0,65,60,55,130.78312440673216,4,285.4400334399509,8,3,7,1
3439160184_243748972_0,55,50,45,174.54346082197014,6,263.1225138414364,1,2,33,2
11556041912_797407467_0,65,60,55,22.461492790596267,4,141.96241411754875,15,12,2,1
11541136046_4472630002_0,60,60,55,59.77628097932734,5,5.035205754627095,6,2,6,1
30332598_1873048563_0,60,55,50,125.4553502868018,5,79.96453133379305,1,4,2,1
30332593_402899818_0,60,55,50,18.654881306984997,4,139.40297682249766,3,2,3,1
30332653_13085109594_0,50,50,45,81.51817746235113,6,113.61859495846562,1,2,2,1
30332652_30332761_0,55,55,50,60.41661001226255,6,176.41958259776146,1,2,1,3
30332652_30332653_0,55,55,50,47.40296782101384,6,194.12871805032543,1,2,1,2
30332651_30332652_0,55,55,50,121.13988272598802,6,184.1389036973441,1,2,2,2
30332650_30332759_0,60,55,50,80.59171405621387,5,140.25923623729858,1,2,1,1
30332650_30332651_0,55,50,45,87.29049279361982,6,140.25923623729858,1,2,1,1
30332647_30332649_0,55,55,50,38.49564975173845,6,105.281233583958,1,2,1,2
30332760_30332651_0,60,55,50,72.58749932764452,5,184.1389036973441,1,2,1,1
30332758_30332757_0,55,55,50,41.62582818363943,5,134.2541243404609,1,2,1,1
30332757_30332756_0,70,65,60,143.0026850657595,5,0.0,3,3,1,2
30332656_12256248810_0,70,70,65,69.85877353259373,6,0.0,1,3,3,1
30332655_30556161_0,65,65,60,77.24991217746607,5,0.0,3,2,1,1
30332654_2293703215_0,60,55,50,32.00835953729055,5,179.89663710027267,1,2,1,1
30332653_30332654_0,50,50,45,46.08184893834196,6,179.89663710027267,1,2,1,1
30333310_799374580_0,60,60,50,128.79278529767984,5,0.0,4,2,21,1
30333309_30253574_0,70,65,60,136.86077042688453,5,0.0,4,3,10,1
30333309_30253991_0,65,65,60,133.66177203343716,5,131.32531710945125,3,4,14,1
30333308_30253579_0,60,60,55,31.588758846016532,5,48.477601440752125,3,2,8,1
30332979_2407371630_0,60,60,55,135.52072572942765,5,260.1621243084012,5,7,4,1
30332979_506223330_0,60,60,60,140.93337959522862,5,260.1621243084012,3,5,5,1
30332761_30332760_0,55,55,50,125.80926878010314,5,176.41958259776146,1,2,1,3
30333329_30243244_0,70,65,60,135.92114228049402,3,0.0,4,3,26,1
30333329_30243205_0,70,65,60,135.1741155748296,4,0.0,4,5,19,1
30333328_30243260_0,70,65,60,132.75570113727605,5,0.0,3,5,16,1
30333325_30333343_0,65,60,55,117.76163342620649,6,42.96085894476273,3,4,34,1
30333313_1303457386_0,60,60,55,133.1186636319798,6,0.0,1,2,9,1
30333312_30556414_0,65,65,60,129.95088880800924,5,0.0,4,2,13,1
30333339_30333341_0,65,60,55,139.5238599096642,6,99.63171225452868,3,4,36,2
30333339_1303465772_0,55,50,45,52.41262686587671,6,47.369652796956345,1,3,17,1
30333338_30333339_0,50,50,45,69.32756311803469,6,97.70772557643464,1,2,16,1
30333338_1303465773_0,55,50,45,47.16015991223156,6,50.571617469203886,1,2,17,1
30333337_30554044_0,65,60,55,36.89767339785654,5,98.36878478092552,1,2,11,1
30333336_30554039_0,55,55,50,53.88027152736976,6,143.0943237241679,1,3,20,1
4174384541_4174384549_0,45,45,40,114.49014184226586,5,177.71125966950817,1,2,1,1
30333334_30333335_0,65,60,55,59.93851097885586,6,214.3705844485233,1,2,18,2
30333334_30554037_0,55,50,45,52.324739347726286,5,271.9761247144027,1,2,21,2
30333333_126697585_0,60,60,55,85.19363125750941,6,403.9003804595514,1,2,24,2
30333330_30556748_0,60,60,60,98.42860824495963,6,477.5537525153995,1,4,50,3
30333370_30554607_0,70,65,60,112.10538885028738,4,354.36184374186485,2,4,34,3
30333369_60969467_0,60,55,55,32.717669025171695,6,330.03670545415616,1,4,16,3
30333343_30333325_0,65,60,55,117.76163342620646,6,42.96085894476273,3,4,34,1
30333343_30254393_0,55,55,50,47.06094918270848,5,114.15867941615248,1,3,23,1
30333343_30254369_0,60,55,50,98.0080743333426,6,123.35574413957715,1,2,29,1
30333341_30556754_0,65,65,60,107.1418047794521,5,0.0,6,4,38,2
30343259_30343461_0,55,50,45,99.9610302850331,5,104.89071804593144,3,4,26,1
30343257_1403028665_0,65,60,60,61.6565971145385,4,32.85950357441861,4,3,18,1
30333442_30554658_0,55,55,55,48.64958907979664,6,333.28284463118945,1,3,30,1
30333441_30333442_0,55,55,65,59.57012820391426,6,363.3730500891877,1,3,33,1
30333392_1375812340_0,65,65,60,35.96288429072858,4,246.70777199089488,5,2,9,1
30333391_30333443_0,55,50,50,55.02655044868377,6,293.7306173772153,1,2,27,1
30333370_30333369_0,60,55,55,63.15180301078285,6,354.36184374186485,1,4,22,3
30343269_30343265_0,60,60,50,59.88063602354463,5,130.52967966872015,1,2,19,3
30343265_30343264_0,60,60,55,15.526173585383049,5,126.51697338384216,1,2,20,2
30343264_30343285_0,65,60,55,100.22472215962664,5,126.51697338384216,1,2,36,2
30343264_30343263_0,65,60,55,14.980142132072924,5,122.66379178212824,1,2,21,2
30343263_30343262_0,55,50,45,14.800803836130733,5,118.99795735888964,1,2,20,1
30343262_30343283_0,65,60,55,99.78272701074329,5,118.99795735888964,1,2,32,1
30343262_30343261_0,65,60,55,16.06743991413892,5,115.02136799298492,1,2,19,1
30343261_1636238524_0,65,60,55,61.60884346979912,5,55.63791703102137,1,2,17,1
30343261_30343260_0,65,60,55,13.764778796609605,5,110.75055537912804,1,2,17,1
30343260_21638882_0,65,60,55,99.72004553089069,5,110.75055537912804,1,4,30,1
4174370011_1374800932_0,0,0,0,47.509722265390366,6,185.4720864361312,1,3,1,1
30343290_30343293_0,50,45,40,90.89609622452004,6,242.97529285627192,1,2,20,1
30343285_1636238522_0,50,50,45,14.9435222143224,6,223.4966420293225,1,2,22,1
4207637744_317998745_0,60,60,55,85.53814716876668,5,160.40851716196178,3,5,1,1
30343282_30343283_0,50,50,45,15.762259383990829,6,208.4521803514052,1,3,19,1
30343269_1636238526_0,60,60,55,60.70229212440011,5,89.43010774964984,1,2,10,3
30343415_21638867_0,50,50,45,109.54048693910968,5,469.1678496883196,1,5,28,1
30343414_30343548_0,50,50,50,15.315877660687502,5,382.08563702052817,1,2,24,2
30343414_30343413_0,55,55,45,58.91545366409666,5,326.28995963671866,1,3,29,2
4192143115_4192143113_0,55,55,50,135.1480226420492,6,331.9607147036572,2,2,1,1
30343411_30343467_0,65,65,60,62.83851944965083,3,0.0,4,3,11,1
4192143113_543552977_0,55,55,50,67.6050341760222,5,267.03075579728693,3,2,1,1
30343399_30343573_0,50,45,40,15.371473320089208,5,341.17907339581234,1,2,25,2
30343398_30343460_0,50,45,40,59.13064346858583,5,316.38988629083923,4,4,23,2
30343396_30343620_0,50,50,45,16.336856856289458,6,373.04647677223056,1,2,4,2
30343459_3643971040_0,55,55,50,41.3795841707882,4,454.0284866637459,6,3,8,1
30343459_1636238503_0,60,60,55,14.611202085767312,4,461.8818495187849,4,4,9,1
30343458_866954696_0,50,50,45,15.467985327257908,5,569.6932053086291,2,3,17,1
30343456_30343533_0,45,45,40,16.05146069888249,5,750.0,1,2,14,1
30343455_30343456_0,60,55,55,100.4896875520529,5,650.8669027213778,5,2,27,1
30343455_3643971036_0,60,55,55,41.60357523642473,6,644.3010208467068,5,2,24,2
30343417_30343642_0,55,50,45,114.02253017441238,5,659.9659720533202,1,2,29,1
30343416_30343415_0,55,55,45,83.05261952094634,5,575.5138310859644,1,3,28,1
30343416_866954660_0,55,55,50,15.736534389599129,6,653.7399746034038,1,2,25,1
30343485_30343654_0,55,55,50,14.849674447231044,4,503.49522093098193,1,3,19,1
30343485_242318729_0,60,60,55,15.032420394376976,4,508.4464158584934,1,3,19,1
30343484_30343670_0,50,50,45,15.495134478704047,5,610.1197738964172,1,2,17,1
30343473_30343646_0,50,50,0,14.903607521156571,6,667.1679432549138,1,2,24,1
30343461_21638882_0,50,50,45,15.445013546059169,6,198.56936988377788,2,3,19,1
30343461_1403050970_0,55,55,50,57.28672299501659,5,198.56936988377788,2,3,24,1
30343460_30343459_0,50,50,50,91.1044017915033,5,373.20548104853054,6,3,21,2
30343460_30343531_0,50,50,45,15.52410342370988,5,373.20548104853054,2,2,21,2
30343459_30343458_0,55,55,50,109.85311507932389,5,461.8818495187849,8,3,22,1
30343531_1636238503_0,65,60,55,91.06858824147989,5,377.5453445357936,1,4,23,2
30343531_30343414_0,50,50,50,14.648017682408618,5,377.5453445357936,1,2,22,2
30343530_30343531_0,50,50,50,58.84344957306713,5,321.5213065322834,1,4,26,2
30343528_1636238520_0,55,55,50,15.20993939298842,6,354.6507341020534,1,2,11,1
30343527_30884371_0,45,45,40,14.756448973047652,5,456.4591806796965,1,3,12,2
30343490_1403075656_0,55,50,45,15.634303159670948,4,528.3440706870877,1,4,20,1
11351487218_30238379_0,70,65,60,81.24683506602331,6,0.0,2,2,27,1
11466476297_26057125_0,65,65,60,144.05561621625267,5,0.0,13,18,29,1
11466476297_559765964_0,65,65,60,22.078114287832463,5,0.0,10,5,22,1
4189406778_499122835_0,65,65,60,72.14345754109928,2,0.0,5,10,2,1
11370726443_555187275_0,70,65,60,89.30532559890747,5,0.0,4,3,39,1
11370726443_555187278_0,75,70,65,88.785263678797,5,0.0,4,3,35,1
30343489_2558969940_0,55,55,50,15.57175515995332,5,445.3925919400965,1,2,15,1
30343489_30343490_0,55,55,50,89.94450357345839,5,445.3925919400965,1,3,22,1
30343488_1595240068_0,55,55,50,61.3576221124986,5,111.55074420930546,1,2,5,2
30343487_876277535_0,70,70,65,93.59083952023786,3,0.0,1,2,2,1
30343571_1403082237_0,65,60,55,14.628993982258162,4,473.5846325192706,1,4,14,1
30343571_30343644_0,60,60,55,14.726297175162616,4,478.1446884996972,1,3,16,1
30343570_30343569_0,55,50,45,83.99400167859866,5,582.4959131837218,1,2,32,1
30343569_30884358_0,45,45,40,63.29677361895844,5,663.6101130259474,1,2,29,1
30343569_30343642_0,55,50,45,14.555482912414602,6,659.9659720533202,1,2,27,1
30343548_30343534_0,55,50,45,59.01207899621404,5,331.2143797935118,1,2,29,2
30343548_30343572_0,45,45,40,13.9757169781532,5,387.1050048608597,1,2,25,2
4189406778_30617909_0,65,65,60,96.76732731124764,3,0.0,8,9,3,1
30343594_1403075656_0,60,60,55,15.23883280111643,4,524.2247346862553,1,3,20,1
30343594_30343672_0,60,60,55,14.67267947543412,4,520.6032315013547,1,3,20,1
30343593_30343589_0,55,50,45,15.5024543566415,6,344.0416719734092,1,2,15,1
30343590_30343595_0,55,50,45,15.166496754868485,5,432.91818618036586,1,2,18,1
30343589_30343576_0,50,50,45,16.10952854763787,6,339.5442477205584,1,2,15,1
30343578_21638869_0,45,45,40,107.9736894862819,5,516.4230772961573,1,3,29,1
30343572_30343571_0,50,45,50,90.9870734069031,5,391.7429543429329,1,3,28,2
30343572_21638877_0,50,45,40,16.155513439695994,5,391.7429543429329,1,2,25,2
30343571_30343570_0,50,50,45,109.02015628227689,5,478.1446884996972,1,4,35,1
30343643_1403082237_0,50,50,45,109.38193779834448,5,473.5846325192706,1,5,30,1
30343643_30343570_0,50,50,45,15.159161228962498,5,578.90086631348,1,2,24,1
3439160184_243752698_0,55,55,45,77.2655149421227,6,262.2277435894889,1,2,27,2
30343642_30343416_0,55,55,45,14.84431415650675,6,656.8457345477269,1,2,26,1
30343621_30343623_0,45,40,40,15.223368287317568,5,464.62803626554,1,4,10,2
30343617_30343527_0,50,50,45,14.884504089045654,5,452.8530693097191,1,3,13,2
30343615_30343489_0,50,45,40,14.74423196875744,5,441.9267571264776,1,2,18,1
30343615_1403075656_0,55,55,50,90.00210564524063,5,441.9267571264776,1,3,26,1
30343597_30343593_0,50,45,40,14.516258779807655,6,348.1793571900948,1,2,14,1
30343595_30343615_0,50,45,40,15.153911803757683,5,437.0242164345649,1,2,19,1
30343594_30343595_0,60,55,55,90.45449751690174,5,437.0242164345649,1,2,26,1
30343650_30343473_0,45,45,0,15.190291984958138,6,671.2479347605655,1,2,19,1
3434285993_30248586_0,70,65,65,70.74267065866054,4,183.46684460074425,3,6,18,1
30343649_21638868_0,55,55,45,15.08997523262578,4,492.9048784639712,1,3,15,1
30343646_30343645_0,45,45,40,83.73427629735454,5,586.5863785011788,1,2,32,1
30343646_8986784890_0,50,50,0,30.54780476061013,5,667.1679432549138,1,2,24,1
30343645_30343644_0,65,60,55,109.08645321477516,5,482.8999910875733,1,3,35,1
30343644_21638877_0,50,50,45,91.14884164817316,5,396.8195591219455,1,3,28,2
30343644_30343571_0,60,60,55,14.726297175162616,4,478.1446884996972,1,3,16,1
30343666_30343484_0,50,45,40,14.54556448191931,5,605.5037274574925,1,2,20,1
30343666_30343654_0,50,45,40,108.45264028029132,5,503.49522093098193,1,3,33,1
3521917425_556335228_0,55,55,50,62.74011777678216,5,338.4481550602018,1,2,1,1
3521917423_3521929671_0,50,50,45,97.26027754623884,5,245.16407811846588,1,3,1,1
30343651_30343666_0,55,55,45,30.730923240672197,5,595.7282509024636,1,2,22,1
30343651_30343649_0,65,60,55,108.77123343964666,5,492.9048784639712,1,3,33,1
30343650_30343651_0,45,45,0,84.20396520122533,5,595.7282509024636,1,2,28,1
30553741_30553740_0,55,55,50,88.09453836120483,6,299.62112538058,1,2,24,1
30553741_30553973_0,60,60,55,81.66363753365061,6,299.62112538058,1,2,21,1
30553740_30553739_0,60,60,55,94.5712889690356,6,382.1614310098467,1,3,25,3
30553739_30553971_0,60,55,50,97.27079974043438,5,473.5007959213617,1,3,21,3
30553739_126785874_0,50,50,45,73.72037852772038,6,458.6523717176229,1,3,22,2
30343672_21638869_0,60,60,55,15.404960256267946,4,516.4230772961573,1,3,22,1
30343672_30343594_0,60,60,55,14.67267947543412,4,520.6032315013547,1,3,20,1
30343670_30343578_0,50,50,45,14.271649476898524,5,615.3517064682774,1,2,17,1
30553750_126679133_0,60,60,55,50.98187147296956,5,342.32840331407533,1,3,9,1
30553749_82748657_0,60,60,55,67.75242907935966,6,262.7132305754357,1,2,9,1
30553749_30617411_0,60,60,50,35.29117928382536,5,262.7132305754357,1,3,9,1
30553748_30553749_0,65,60,55,106.37239226534038,5,156.82571526902083,1,3,7,1
30553748_126679137_0,60,60,55,50.47348694585411,5,151.46972575618886,1,3,5,1
30553747_30617356_0,65,60,55,90.8742406484762,5,58.22764974577698,1,4,8,2
30553973_30553741_0,60,60,55,81.66363753365061,6,299.62112538058,1,2,21,1
30553973_30553974_0,60,55,50,68.21320532055074,6,279.987926957976,1,2,19,1
30553972_30553973_0,60,60,55,86.35805324470662,6,336.7582921445692,1,2,18,2
30553971_30553972_0,60,60,55,95.7717763354068,6,412.93027265583015,1,2,9,2
30553757_30553758_0,65,60,55,60.77402195475955,5,163.06256998880642,2,4,18,1
30553756_30553741_0,55,55,50,49.78228393392831,6,286.5712780313994,1,2,22,1
30554041_30333341_0,55,55,45,33.66198080194656,5,106.34975559386908,3,3,30,1
30554039_30554037_0,65,60,55,130.77090649695134,6,143.0943237241679,1,4,34,1
30554037_30554503_0,55,55,50,33.91860062344698,5,269.1908177114524,1,2,19,1
30553979_415935111_0,70,65,60,56.88823760268531,5,113.14089376860478,1,2,13,3
3497472682_1400723038_0,60,55,50,10.546082762304374,6,514.5584755147379,1,6,28,1
3497460957_11992098842_0,55,55,40,202.46717117773608,6,118.45315570832366,1,4,31,1
11283414720_3976600078_0,55,55,50,169.6129252576413,5,228.4405970030957,10,6,2,1
11283263092_1350170314_0,45,45,40,186.3812102448259,6,203.368091146064,1,2,1,1
11283057024_11283057021_0,55,55,50,79.06852640892966,5,229.0021602701952,1,2,1,1
11363307239_10177321808_0,70,65,60,149.2052030232521,6,0.0,3,3,8,1
11363307239_536838775_0,70,70,65,298.6005954957328,5,0.0,20,5,11,1
11363307237_10177321808_0,65,65,60,35.25219184023827,3,0.0,2,2,7,1
11363307237_10182331332_0,65,60,55,263.3127766909249,6,0.0,5,2,14,1
11351487218_30246671_0,60,60,55,38.59165861425196,3,0.0,2,3,24,1
30553974_30553975_0,60,60,50,63.44452991037074,6,232.9584341320153,1,2,24,1
30553974_30554976_0,60,55,50,66.95855960563237,6,279.987926957976,1,2,26,1
30554511_30553979_0,55,55,45,51.1249508606986,6,169.4944316960441,1,3,13,3
30554511_30553978_0,55,50,45,18.87818028304662,6,169.44616779113355,1,3,16,3
30554509_415935008_0,55,50,45,19.4006513131787,5,258.1690849286213,2,3,16,4
30554509_30554505_0,65,65,60,97.41467968491008,5,259.17165389308843,2,3,19,5
30554505_30333334_0,65,60,55,69.84604882422153,5,270.4000198073245,1,2,18,2
30554503_30554041_0,65,65,60,131.32052896762596,5,139.6679095767847,3,3,40,1
30554044_30554043_0,60,60,55,47.63206665178589,6,134.52698662065916,1,2,11,1
30554044_30556539_0,60,60,55,5.48390610792428,5,134.5849745871126,1,2,8,1
30554043_30333338_0,60,60,55,37.99046971369434,6,97.70772557643464,1,2,15,1
30554042_30333339_0,60,60,55,38.79392314074422,6,99.63171225452868,1,2,11,1
30554613_1368967605_0,70,70,65,110.01946268782967,6,0.0,5,4,41,1
30554609_30254390_0,60,60,60,47.53895286095282,6,357.52324608683955,1,2,37,1
30554608_30554607_0,60,55,55,58.05081954927242,6,415.7392009514152,2,3,32,2
30554608_126697585_0,60,60,55,58.49307334446711,6,410.6600184916505,1,3,32,2
30554607_30556749_0,70,65,65,45.330980808166245,4,465.8616922485964,2,2,34,1
30554604_30554808_0,55,50,50,48.38388768644053,5,411.798958707236,1,2,34,4
30554603_30254436_0,60,60,55,70.75288560819712,6,450.6153261400352,1,3,26,3
30554542_1445340182_0,50,50,45,8.334251971640759,6,207.2316795096818,1,2,12,1
3472804093_256680583_0,65,60,55,53.55916213547487,3,0.0,7,6,2,2
30554784_30556794_0,55,50,45,77.13201934589513,6,86.929041105037,1,3,16,1
30554784_30248595_0,65,65,60,57.190746648751485,6,84.71379769451866,1,3,19,1
30554783_30554782_0,55,50,45,64.52453804244664,6,83.50271095303289,1,9,15,1
30554782_678297060_0,60,60,55,91.9417804092917,6,0.0,3,7,16,1
30554781_30554782_0,65,65,60,86.82046404115817,6,69.13414948053267,1,6,13,1
30554781_2087205009_0,70,65,60,69.49303509013316,5,0.0,3,6,17,1
30554658_30556625_0,50,50,55,92.80646093137725,6,240.8810977848164,3,3,29,1
30554813_30554812_0,60,60,60,50.48291980991513,6,533.617218592065,1,2,56,2
30554813_30554853_0,55,55,55,42.58427058345226,6,508.0834848234436,1,2,52,1
30554812_30554811_0,55,55,55,52.46170329547887,6,499.53355716435726,1,2,51,2
30554812_30554813_0,60,60,60,50.48291980991513,6,533.617218592065,1,2,56,2
30554811_30556746_0,60,60,60,30.312807443705623,5,499.53355716435726,1,2,44,3
30554808_82767734_0,65,60,55,62.57933083655972,5,349.3290650671254,1,2,27,5
30554807_30554603_0,50,50,45,46.64153044314131,5,404.2984035705367,1,3,24,3
30554807_30554808_0,60,60,55,78.7919129697387,6,404.2984035705367,1,2,33,5
30554804_30248595_0,55,55,50,55.4082972062122,4,85.64056348338859,1,3,18,1
30554803_30554804_0,60,60,55,74.51169259597003,6,140.62951779061683,1,3,24,1
30554803_415941159_0,65,65,60,96.15013947240776,6,160.31332240575605,1,4,19,1
30554849_30554850_0,55,55,45,56.53999794811248,6,482.8232321686017,1,2,38,1
30554848_30617381_0,55,55,50,50.73118161988084,5,405.92730297475407,1,2,16,1
30554848_30554849_0,65,60,55,78.92732112559503,6,405.92730297475407,1,2,23,2
30554846_30960850_0,50,50,55,95.310296089294,6,266.889371997896,1,2,6,3
30554845_30295099_0,65,65,60,118.83701491684307,6,70.71596685677748,1,2,6,1
30554845_3007755767_0,50,45,40,93.63963032592902,6,70.62757744573345,1,3,6,1
30554844_30554845_0,50,45,40,6.016634626712919,6,64.7473918114112,1,2,5,1
30554843_126763485_0,65,65,60,97.14422562003968,2,0.0,5,4,9,1
30554840_30295038_0,60,60,55,51.914395973113045,5,187.57196396380036,1,4,1,1
30554813_30554859_0,55,55,55,149.56077305646295,6,432.4913301399429,1,2,62,3
30554948_30333367_0,55,50,45,7.210850321652066,5,333.9517025759574,1,2,13,1
30554948_30254468_0,50,50,45,206.9376768964131,6,333.7823520176777,1,2,24,3
30554859_30554853_0,55,55,55,94.55379021403792,6,432.4913301399429,1,2,48,3
30554853_30556746_0,60,60,60,102.75850369905642,6,504.1818812255802,1,2,66,4
30554852_30554851_0,55,60,60,99.78645768255764,6,560.8617210855481,1,2,60,1
30554851_30554955_0,60,60,60,50.21685333961248,5,550.7490940309268,1,3,46,1
30554851_30554850_0,55,55,55,44.66753871152629,6,537.6653119822115,1,2,39,1
30554850_567448762_0,50,50,50,117.9495082666343,6,510.1926431689146,1,2,41,1
30554971_30554851_0,60,55,50,170.7136529516619,5,529.4535869674252,1,2,44,2
30554969_30554968_0,55,55,50,27.41611518969816,6,436.9930291059747,1,2,9,1
30554956_30554852_0,55,60,60,50.77183172514136,5,547.4300633347357,1,2,57,1
30554956_30554812_0,65,60,60,46.98918985765197,6,547.4300633347357,1,3,60,1
30554956_30554955_0,60,60,60,101.80046177044748,5,547.0745429772597,1,2,68,2
30554955_30556742_0,55,55,55,50.49768640209816,5,500.630083589318,1,2,39,1
30554976_30555745_0,65,60,55,41.55802640666534,6,327.5116493902444,1,2,26,3
30554974_30555744_0,65,60,55,38.98943999061645,6,374.8951707907216,1,2,25,3
3577569668_3577569669_0,60,60,55,57.18968877461498,5,143.95331368040766,1,2,2,1
30554972_30554971_0,60,55,50,96.36671127731996,5,445.7514653968751,1,2,18,2
30554971_30554969_0,55,50,45,81.77095069684924,5,463.6578471192905,1,2,18,2
30555012_308729529_0,60,60,55,19.55270434409955,3,0.0,2,2,5,1
3577569667_3577569670_0,50,45,40,35.39084538526458,5,170.65357497429028,1,3,1,1
30555007_30254053_0,65,65,60,130.8695956990775,3,0.0,5,4,32,1
30555007_30254026_0,65,65,60,134.32012702838398,5,0.0,5,5,28,1
30555006_30242957_0,65,65,60,151.54246079507146,3,0.0,4,3,17,2
30555006_30556413_0,65,65,60,88.6417183327949,5,0.0,4,2,9,1
30555005_126545684_0,70,65,60,115.83300447378116,5,0.0,5,2,8,3
30555003_1303457357_0,60,60,55,135.50799469700138,6,0.0,3,2,12,1
30555502_30332650_0,60,60,55,56.04091715100422,5,90.21657662055335,1,2,1,1
3577569664_4111795672_0,50,45,40,23.904459003950727,5,170.10212690922452,1,2,1,1
30555407_769906824_0,60,60,55,34.324984808113896,5,133.45305709774243,3,2,1,1
30555405_3129196084_0,60,60,55,31.056639798888487,5,31.84217021144687,5,4,6,1
3577569654_3577569664_0,50,45,40,16.30833733783711,5,170.22458962615397,1,2,1,1
30555404_125930808_0,65,60,55,94.87847877428034,3,0.0,4,3,11,1
30555019_420892540_0,60,60,55,92.31703283308826,4,42.44278209177339,7,2,2,1
30555016_3129196082_0,65,65,60,111.61517665216245,4,70.74727321459251,3,7,8,3
30555012_30295286_0,60,55,50,100.77617453043894,5,0.0,2,2,4,1
30555745_30333330_0,50,50,45,137.73270564817972,6,360.13448576965646,1,3,43,2
30555745_30555746_0,60,55,50,64.70821588252761,6,325.9355506494201,1,2,30,2
3521929671_2456928107_0,50,45,40,139.94774036560148,6,121.54346412026553,1,3,1,1
30555744_30554859_0,60,55,55,41.670933558175285,6,401.7465538528183,1,2,32,3
30555744_415947301_0,60,60,55,22.557861766508505,6,401.7465538528183,1,2,23,3
30555687_30243394_0,60,60,55,139.23126803929338,6,0.0,6,2,19,1
30555687_30243335_0,65,65,60,27.457554840724917,3,0.0,2,2,8,1
30555976_2749938625_0,65,60,55,138.8146842485861,5,127.0065687345258,6,2,12,2
30555976_915702746_0,60,55,50,54.20737769050797,5,77.42008296035567,5,2,9,1
30555975_30254029_0,60,60,55,135.32077772747408,5,0.0,3,2,18,2
30555974_30243391_0,60,60,55,133.75726956568712,3,0.0,4,6,33,2
30555972_30254194_0,65,65,60,133.34594931539277,5,132.8905332389068,10,6,28,2
30555746_1368967598_0,55,55,50,135.96615833703447,4,325.9355506494201,1,2,37,2
30556099_126803334_0,65,65,60,112.96752269984562,5,0.0,5,5,15,1
30556093_30332653_0,55,55,50,54.53547684916386,6,175.1995470124359,1,2,1,2
3521929671_568847328_0,55,50,45,81.45390383521196,5,221.03111981170449,1,2,1,1
30555981_13085109594_0,60,60,55,50.40667985722796,5,113.56547542118638,1,2,2,1
30555981_30332654_0,65,60,55,66.61008409042094,5,113.67724346796092,1,2,1,1
30555979_30332652_0,60,60,55,80.4744327470315,6,129.32139405599236,1,2,3,2
30555979_30555980_0,60,55,50,119.9079830356302,5,129.32139405599236,1,2,3,1
30556411_30556410_0,65,60,55,86.13427547070783,5,123.02900114806762,1,2,3,1
3601251000_3601249498_0,0,0,0,35.026466088065085,6,52.1258441599512,1,5,27,1
30556410_1695056491_0,55,55,50,47.33661366024178,5,123.02900114806762,1,2,2,1
30556408_2881600611_0,65,65,60,21.471733206167364,5,0.0,4,5,7,1
30556337_30558449_0,60,60,50,83.01528661595896,6,56.87610453457689,1,3,22,1
30556269_1297710569_0,65,60,55,54.35759194046119,4,21.36094898098692,2,10,2,2
30556269_1303457269_0,55,55,45,72.7732296196605,5,21.36094898098692,2,14,3,2
30556161_2293731594_0,65,65,60,35.26319438231448,2,0.0,4,2,1,1
3601250399_3601249498_0,65,65,60,52.12786090051992,6,0.0,1,6,22,1
3601249498_3601250399_0,65,65,60,52.12786090051992,6,0.0,1,6,22,1
30556152_4485281937_0,55,50,45,68.94062869642836,5,155.17851165234094,1,2,3,1
30556539_126699974_0,60,60,55,63.42878974894688,5,140.0586485280832,1,3,15,2
30556539_30556542_0,65,60,55,165.71834605002323,5,114.03994540525278,1,4,18,2
30556416_1303457329_0,60,55,50,82.00553191684429,5,0.0,3,3,12,1
30556416_3193312157_0,70,65,60,151.0080700360001,2,0.0,10,3,2,1
30556414_30555006_0,65,65,60,135.24856572210777,5,0.0,4,3,14,1
30556414_30254084_0,65,65,60,126.4952300182442,3,0.0,4,3,18,1
3601249498_3601251000_0,0,0,0,35.026466088065085,6,52.1258441599512,1,5,27,1
30556411_412442324_0,65,60,55,155.42557501847867,5,127.271116785274,1,2,6,1
30556625_30554804_0,65,65,60,204.8243402887757,6,140.54169301533366,3,2,27,1
30556625_82026109_0,55,55,50,60.47834261594748,4,237.70118071331547,4,3,10,1
30556620_30556621_0,60,60,55,43.03786022639139,6,0.0,2,2,16,4
30556620_30248592_0,70,65,60,113.5096646985656,3,0.0,5,4,18,4
30556617_364722133_0,70,70,65,93.88674995678694,5,119.61045053614424,2,4,23,4
11268972992_11268972991_0,60,60,60,29.930061224758404,5,238.36564971182645,1,2,11,2
11268972991_11268972992_0,60,60,60,29.930061224758404,5,238.36564971182645,1,2,11,2
11306272016_30307945_0,70,65,60,126.14912910710744,5,8.490677735459006,12,8,5,2
11305973952_412454890_0,60,60,55,88.55368783361267,5,5.4914190197075,4,7,1,1
11298541576_4212111678_0,60,60,60,14.898361699799802,6,251.48994379962585,1,2,43,1
11289475293_126797988_0,70,65,60,15.439919524361224,4,0.0,8,4,7,2
11289437704_11289475293_0,70,70,65,30.305024005381203,4,15.432832095591516,10,4,7,2
30556542_30556099_0,65,65,60,25.125449511958223,4,112.90106911110068,1,3,10,1
30556739_30556740_0,65,65,60,79.81041934929416,5,428.96598406050936,2,2,19,2
30556738_30254466_0,65,60,55,100.42199581515538,6,373.5525921500855,2,2,7,3
30556737_60969513_0,55,50,45,111.4955403671682,6,309.26347642465464,1,2,3,2
30556736_30556737_0,60,60,55,43.72453244586824,5,308.0946892792609,1,2,3,2
30556736_60962859_0,55,50,45,63.269572694156494,6,293.84960221160657,1,2,2,2
30556734_5929181006_0,65,60,55,30.722670743456163,6,65.410560894799,1,3,8,1
30556734_30295097_0,60,60,55,140.28201700061996,5,65.410560894799,2,3,9,1
30556631_30554609_0,65,65,60,58.65769967246946,6,353.4712295989213,1,2,33,3
30556748_30333369_0,55,60,65,153.5311787516322,6,362.16726517773816,1,5,39,4
30556748_30556749_0,60,60,60,64.94906316489745,5,465.8616922485964,2,3,40,2
3592013495_30297797_0,60,60,60,173.6841005722173,4,253.78846339836133,8,6,20,1
30556746_30554604_0,65,65,65,44.02857055138527,5,460.1665269197922,1,3,40,3
30556744_30554811_0,60,60,55,52.469955502657854,5,496.09716975171904,1,3,41,2
3577569670_574969094_0,60,55,50,80.84798525990729,5,190.1726524890405,1,3,1,1
30556741_64934032_0,55,55,50,109.07101397274056,6,496.0800674025933,1,3,38,1
30556741_30556742_0,60,60,60,44.31384698321395,5,500.630083589318,1,2,21,1
30556740_30556741_0,60,60,55,54.17887825207275,5,505.2792918400253,1,3,24,1
30558181_30556619_0,65,60,55,107.50503605493346,5,34.25928170277374,5,5,12,5
30556803_30556801_0,65,60,55,161.27779280160516,6,13.267109138369026,4,4,15,1
30556801_1457931649_0,65,60,55,70.63570403066811,5,159.2458486747686,3,3,14,1
30556794_30556801_0,60,60,55,185.00770119759608,6,135.20643751315097,1,3,27,1
30556749_126697585_0,60,60,55,55.95478588081797,5,410.6600184916505,2,2,33,2
30558219_30558292_0,70,65,60,92.39720107584414,5,0.0,3,4,8,1
30558218_7679659712_0,60,55,50,79.02911772071225,6,72.98705637542312,1,2,3,1
30558214_30558218_0,65,60,55,46.8720828780926,6,41.40972238781297,1,2,3,1
30558208_30558212_0,55,50,45,108.82246317281576,5,49.71314128800914,1,6,1,1
30558208_30558207_0,50,40,0,33.99790631500483,5,139.84970353896816,1,2,1,1
30558207_30558208_0,50,50,45,33.99790631500483,5,139.84970353896816,1,2,1,1
30558244_30313171_0,70,65,60,76.07624917020806,5,266.4711970767615,3,3,5,2
30558243_688393836_0,60,55,50,88.19285219443537,5,164.9804171966484,1,2,2,1
30558243_30558241_0,60,60,55,110.6609095771262,5,160.0129952163903,1,2,2,1
30558241_688393879_0,55,50,45,79.49399667492703,5,106.07765168569536,1,2,1,1
30558241_30558240_0,60,60,55,113.15054495285771,5,76.38348016213575,1,3,1,1
30558240_3191418779_0,55,55,45,100.63333429584203,5,0.0,3,3,1,1
30558221_30558252_0,70,70,65,127.91683007888167,6,14.693235396072543,3,7,4,1
30558221_7679659712_0,55,55,50,43.88879903577753,5,57.55670620634165,1,5,4,1
4151671157_392351136_0,65,65,60,26.36561622492644,4,504.1276516031588,2,3,1,1
30558258_30558257_0,60,60,55,90.30365794329695,6,80.89920599211099,1,3,11,2
30558256_408908796_0,60,55,50,87.85742839295224,5,141.78556527764954,1,2,14,2
4145040958_4111220659_0,45,40,0,871.5965319315812,5,437.9023192488468,1,4,1,1
30558255_412370062_0,55,55,50,106.72908642022422,6,93.3567262206454,1,2,9,1
30558255_30558254_0,60,60,55,43.51979390584881,5,89.21277571260583,1,2,7,1
30558254_30558253_0,55,55,50,26.479396130910576,5,63.00881328334401,1,2,3,1
30558252_30558221_0,70,70,65,127.91683007888167,6,14.693235396072543,3,7,4,1
30558251_30558246_0,60,60,55,152.42912382140955,5,55.14295064166021,1,3,1,1
30558251_30558212_0,60,55,50,65.50800059831832,5,49.71314128800914,1,7,1,1
30558246_3055187877_0,60,55,50,45.6009258529153,5,176.95323036388393,1,2,1,2
30558390_30558391_0,70,65,60,98.2932906273361,6,218.2089625281137,5,4,9,2
30558390_412371013_0,50,50,45,51.82515190272445,6,216.50633000376223,1,2,6,1
30558293_30558258_0,55,55,50,109.81741775721602,6,80.89920599211099,1,3,11,1
30558293_5916226402_0,50,45,40,81.19340209926408,6,118.481570111774,1,2,4,1
30558292_412370999_0,70,65,60,109.33166793261488,2,0.0,6,3,8,1
30558292_30558258_0,55,55,45,102.38512535292196,6,0.0,3,3,11,2
30558261_412370995_0,70,65,60,77.12978369411641,5,13.524979318003265,4,3,9,3
30558258_30558261_0,55,55,50,87.02883181180876,5,51.04041584790417,1,3,12,1
30558414_30313161_0,60,60,55,68.81573627129164,5,213.49970204565287,1,2,4,1
4174394697_4174394695_0,50,50,45,66.11088581188737,6,198.13755248075356,1,3,1,1
30558394_290025527_0,55,55,50,91.07927489110374,5,74.82941567971959,1,3,1,1
30558393_30237689_0,65,60,55,90.1336512599111,4,81.07302328612526,4,7,4,1
30558393_30313177_0,70,70,65,94.30382152922004,5,81.07302328612526,3,7,5,1
30558391_412370994_0,70,70,65,65.46817320740952,4,241.3441135157825,6,4,8,2
30558391_60969501_0,65,65,60,33.01081599915956,4,210.6694953273288,5,4,7,2
30558445_412370060_0,45,45,40,128.00455986041777,6,90.12166331267726,1,2,7,1
30558445_30558446_0,60,55,50,79.34146107704439,6,90.12166331267726,1,2,9,1
30558444_409003210_0,55,55,50,130.94652212706757,6,50.86576643612232,1,3,5,1
30558439_30558476_0,55,50,45,111.17783936783567,5,90.76617754790723,1,2,9,1
30558439_30558435_0,60,55,50,112.71613720596166,5,121.42001630642528,1,2,6,1
30558433_269379907_0,65,65,60,84.23603286627863,2,0.0,4,4,9,1
30558433_30558429_0,65,65,60,151.35549359211484,5,0.0,2,11,11,1
30558452_30555001_0,70,70,65,135.81936012892575,4,0.0,7,8,11,1
30558451_7507211789_0,60,60,55,168.74918941435905,4,26.815187702678276,7,12,22,2
30558449_30556337_0,60,60,50,83.01528661595894,6,56.87610453457689,1,3,22,1
30558449_30254052_0,65,65,60,70.10435738200175,5,0.0,2,3,22,2
30558447_30558390_0,55,55,50,49.56070518879103,6,189.57995422334068,1,2,6,1
30558446_6238824734_0,60,60,50,89.56186845421058,6,169.08636058531883,1,2,9,1
30558446_409005531_0,70,65,60,112.08607301693417,5,132.74944844926532,1,2,10,1
30558458_308729529_0,65,65,60,120.9208302360474,5,0.0,3,2,8,1
30558456_30333308_0,60,60,55,136.18782787377197,5,0.0,5,2,5,1
30558456_1303440709_0,70,65,60,42.78458088180045,3,0.0,2,2,1,1
30558454_30333313_0,60,60,55,134.4703366009873,6,63.8386539428947,1,2,10,1
30558453_30243114_0,65,65,60,68.1314567690555,3,0.0,2,4,8,1
30558453_1487126963_0,60,60,50,132.92404025513963,6,0.0,2,4,8,1
30558452_30558453_0,60,60,50,50.38958372008253,3,0.0,4,4,7,1
30558476_30558475_0,65,65,60,93.2452300904776,5,0.0,2,2,7,1
30558475_724126687_0,70,65,60,73.0724551966265,3,0.0,4,3,8,1
30558465_30555019_0,65,65,60,105.69539303331932,6,114.87357816996752,3,2,1,1
30558464_30558465_0,60,55,50,142.89552349030063,6,0.0,3,2,2,3
30558461_30558462_0,60,60,55,58.28873252480679,4,128.88149973572897,3,3,5,1
30558459_5402582931_0,60,60,55,134.89930579874644,4,0.0,5,6,14,1
30558459_5402582937_0,60,60,55,91.45517218806869,3,0.0,4,8,12,1
30558547_30294190_0,60,60,55,63.07462757876343,5,130.29425429039642,1,2,9,1
30558547_30294492_0,60,60,55,103.84272850715578,5,116.59177692853608,1,2,9,1
30558546_30558547_0,60,60,55,81.01582479895418,5,130.29425429039642,1,2,7,1
4174394695_4174394697_0,45,40,0,66.11088581188737,6,198.13755248075356,1,3,1,1
30558512_557230343_0,60,60,50,131.54388382261376,4,131.53174663467212,3,2,3,1
30558511_724126624_0,55,50,45,51.72425166029958,6,0.0,2,2,5,1
30558557_829252510_0,55,55,50,37.73313535198977,5,0.0,1,3,4,1
30558557_30558558_0,60,55,50,143.7448550654108,6,13.756408687088763,1,3,6,1
30558557_30294335_0,50,50,45,74.53191903944908,4,11.768807954269096,1,3,6,1
30558556_30294433_0,50,50,45,78.98432389858826,5,151.29101756274417,1,2,6,1
30558555_30558545_0,55,55,50,66.9077599607318,4,11.353156934242527,1,4,6,1
30558551_1477718847_0,70,65,60,104.09702229719662,5,0.0,2,7,19,3
30558551_30294185_0,60,60,55,121.34712445537184,5,102.88169672255223,1,3,16,3
30558573_30294451_0,60,60,55,44.74361120720482,4,55.71606971407876,7,7,8,1
30558562_533954387_0,65,65,55,69.49466203734214,6,355.8682348650227,1,2,11,1
30558560_30294332_0,60,55,50,42.08745114371994,5,324.61183867987654,1,2,11,1
30558560_30558562_0,50,50,45,39.889617041528616,6,324.61183867987654,1,2,12,1
30558559_30558560_0,50,50,40,44.10169328060406,6,280.5888602836185,1,2,12,1
30558559_30294331_0,50,45,40,39.55269482301306,6,280.5888602836185,1,2,11,1
30558558_30558559_0,50,50,45,123.23278602264318,6,157.46103122707103,1,2,13,1
30617381_30556739_0,60,60,55,52.20969767116572,5,419.9064903677821,2,2,15,1
30617381_30556737_0,60,60,55,130.2401557104389,6,347.585487294936,1,2,15,2
30617357_82748657_0,60,60,50,31.9126078250063,6,270.3773012660934,1,3,5,1
30617357_30617420_0,65,60,55,87.311677788069,6,301.56488494931926,1,3,9,1
4174384549_359239830_0,50,50,45,156.60186560600448,5,164.76357986185687,1,2,1,1
30617337_3007591790_0,55,55,50,153.9803099650476,5,119.96222282279798,1,5,3,1
30617336_30617337_0,55,55,50,65.09256740503207,5,267.94401313970616,1,3,1,1
30558576_569768103_0,60,60,55,112.20435741456454,5,62.67587592029767,1,4,6,1
30558573_2294043882_0,60,60,55,79.4546401563225,6,98.4296443609108,3,5,7,1
30617411_30553750_0,60,60,55,47.88577210864759,5,297.8400862946516,1,3,11,1
30617409_30295106_0,65,60,55,38.729972717941706,4,172.51784301194672,1,2,5,1
30617409_1375697892_0,55,55,50,76.87861241977534,5,203.10204362959476,1,2,5,1
30617389_30617409_0,55,55,50,68.54387369750553,4,211.06984051125116,1,2,9,1
30617389_30295134_0,60,60,55,107.77453037379168,6,279.36575643553823,1,2,7,1
30617385_30617384_0,55,55,50,54.52013988098379,5,365.24187397066186,1,2,9,3
11256490149_126658000_0,65,65,55,24.454523573091308,5,314.8305593507282,1,3,9,1
11246122387_11246122385_0,70,65,60,6.422202754350229,5,141.96347257385565,4,2,1,1
11283057024_568847329_0,50,50,45,41.80142270403983,5,229.0021602701952,1,2,1,1
11283057021_11283057024_0,55,55,50,79.06852640892966,5,229.0021602701952,1,2,1,1
11282472015_11276298354_0,65,65,60,16.162532832540332,3,0.0,20,9,6,1
11282472009_8043162354_0,65,65,60,16.51800298562753,4,9.23007675720779,17,9,6,1
4174384541_1374800915_0,45,45,40,13.598066942882198,5,177.71125966950817,1,2,1,1
11269496449_1940905185_0,60,60,50,156.0138519582883,5,178.14675948139868,1,2,2,1
30617385_30960832_0,65,60,55,77.6616023079342,6,365.24187397066186,1,2,9,3
30617384_30554848_0,55,55,50,95.4255779384186,5,378.7280305562056,1,3,17,3
30617384_8177465454_0,65,60,55,2.830284168822354,6,378.7280305562056,1,2,8,2
30617551_30617542_0,55,55,50,76.70757203187749,5,73.90294414428512,1,2,4,1
30617551_432510087_0,65,60,55,105.10993130004948,5,149.31938164020409,4,3,6,1
30617541_30237680_0,65,60,55,69.14512383828507,5,79.9397821638351,2,3,4,1
30617540_432467121_0,60,55,50,56.18945495562853,5,106.28325475167394,1,2,4,1
30617419_30247416_0,65,65,60,48.05450006166007,5,0.0,2,5,18,2
30617419_30313349_0,65,65,60,85.48889579387668,5,38.27291197175012,4,4,20,6
30617583_30558240_0,60,60,55,78.17395326886154,5,23.543819338717935,1,4,1,1
30617583_688393879_0,60,60,55,112.54205109499186,5,23.543819338717935,1,4,1,1
3577569669_30251877_0,60,55,50,64.78308893507254,5,169.6696299471142,1,2,2,1
30617577_432467110_0,65,60,55,65.30027396087544,6,314.8263680219613,1,3,5,1
30617577_30237678_0,70,70,65,67.75694592695089,6,314.8263680219613,2,2,5,1
30617554_30294778_0,60,55,50,40.898227393037246,5,142.2160235298611,1,2,5,1
30617552_30617577_0,60,60,55,156.74526682333064,6,158.0991985784431,1,2,8,1
30617552_30617551_0,55,55,50,63.14000611366716,5,149.31938164020409,1,2,5,1
30617602_11239790234_0,70,65,60,67.70584741983865,4,140.7214459586271,4,5,2,1
30617599_30294853_0,65,60,55,29.465357707102548,6,212.61406695456904,1,2,1,1
30617598_30294783_0,60,60,55,89.44214523436197,5,224.30326701936855,1,2,8,1
3577569669_574969090_0,60,55,50,49.51840372974888,5,169.10575206646462,1,2,2,1
30617585_2625927687_0,50,50,45,63.674356964337306,5,24.222734717454568,1,8,1,1
30617585_2087205004_0,55,50,45,110.4537508691163,5,87.88951967128423,2,9,1,1
30617584_30617585_0,55,50,45,76.69347923592717,5,87.88951967128423,1,7,1,1
30617584_688393834_0,60,55,50,112.19668655224538,5,125.11121205807322,1,2,1,1
30617622_30617617_0,65,60,55,241.82921447760896,5,583.1566824391318,1,11,3,2
30617617_412450367_0,65,65,55,36.62414636898832,5,583.1566824391318,1,5,1,1
30617612_1357271791_0,60,55,50,13.236438980823356,5,530.5869296671094,1,3,1,1
30617611_30617612_0,60,55,50,34.92114333940487,5,517.7460465386113,1,3,1,1
30617611_412450367_0,60,60,55,121.08951313933014,5,517.7460465386113,1,7,1,1
30617607_30617617_0,60,55,50,312.3598207511714,5,352.6836880749745,1,11,1,1
30617607_30617608_0,65,60,55,88.18012521401789,5,352.6836880749745,1,6,1,1
30617606_8286877334_0,60,60,55,64.21677824431714,5,310.3252192404658,1,5,1,1
30617632_30617633_0,60,60,55,31.643843679921133,5,537.4079214987103,1,3,5,1
30617631_8293362944_0,55,55,50,52.67754026334397,5,564.8779857878314,1,3,5,1
30617626_8151705401_0,60,60,55,238.33637412616,5,666.5138807286094,1,8,1,4
30617622_30617626_0,60,60,55,132.7376675841761,5,666.5138807286094,1,8,3,2
30617701_30617700_0,60,60,55,185.868908911699,5,388.1196491309996,1,2,4,3
30617701_30617717_0,60,55,50,165.2305856709907,6,388.1196491309996,1,2,5,2
30617697_1306211534_0,65,60,55,65.10854636221585,5,165.4226681235787,1,3,1,1
30617633_30617636_0,65,60,55,108.66364504068056,5,486.3152453583174,1,5,3,1
30617632_412451123_0,65,65,60,90.48806437237924,5,498.5827718080975,3,5,6,1
30617737_2706990669_0,45,45,40,30.041844885531585,5,427.0744568460569,1,3,1,1
30617734_9350842938_0,50,50,45,29.8948514486662,5,401.3678341344806,1,2,1,1
30617734_30617733_0,55,55,50,61.65743496684937,5,390.15299774192937,1,3,1,1
30617733_30617734_0,55,55,50,61.65743496684937,5,390.15299774192937,1,3,1,1
30617717_2706190120_0,50,50,40,41.64525546855013,5,549.6591952933636,1,2,1,1
30617717_1046607401_0,60,55,50,24.35553675252836,5,548.9650199819872,1,2,1,1
30617712_2706190190_0,65,60,55,84.78154621990899,5,302.9722819368253,1,2,1,1
30617703_256607726_0,60,60,55,51.96812550769011,6,317.30228457755976,1,2,6,2
30617785_392351069_0,65,65,55,208.46102501776843,5,386.7962786869636,3,5,2,1
30617785_30617786_0,60,55,50,115.98957043761754,5,296.9118617696827,1,5,7,1
30617766_2815387255_0,50,50,45,22.540706230632384,5,525.9510130885992,1,2,1,1
30617766_9350529921_0,50,45,40,39.34036820986898,5,525.9510130885992,1,2,1,1
30617765_770847801_0,50,45,40,29.321979241920857,5,470.405119897274,1,3,1,1
30617762_30617761_0,50,50,45,37.228733706872944,5,376.1471967010589,1,3,1,1
30617762_30617734_0,50,50,45,63.71252407119875,5,401.3678341344806,1,3,1,1
3623788198_30618051_0,60,60,55,77.05517743172739,6,24.87346731996761,4,2,2,1
30617761_30617811_0,60,60,55,92.26362521272688,5,376.1471967010589,1,4,1,1
30617760_30617813_0,60,60,55,33.099579154392885,5,335.2204532637909,1,2,1,1
30617794_387127519_0,60,60,55,79.47150252320965,5,245.7845128393753,1,8,8,1
30617789_387127534_0,60,60,55,44.32891001571771,5,82.94550106020404,1,3,8,1
30617787_863733275_0,65,65,60,64.40538529077982,5,238.17765935014089,1,3,5,1
30617787_30617789_0,60,60,55,152.97927995253215,5,100.84140859029864,1,4,11,1
30617786_863733312_0,60,55,50,81.27292271636558,5,238.7248428979674,1,4,6,1
30617786_30617787_0,55,50,45,84.17054044363513,5,238.17765935014089,1,4,5,1
30617805_30617804_0,65,60,55,99.97016241429304,5,20.01022310230079,1,5,1,1
30617805_955341713_0,60,60,55,81.5503727828742,5,96.53582776527576,1,3,1,1
30617804_1255304807_0,70,70,65,69.06903012859168,4,20.01022310230079,1,3,1,1
30617801_30618051_0,55,50,45,67.07807670809406,5,76.74075266217466,1,2,2,1
30617801_30617800_0,60,60,55,119.46018615548454,5,0.0,4,6,2,1
30617800_2707390543_0,70,65,60,61.41777485640192,3,0.0,10,7,3,1
30617796_387127590_0,60,60,50,67.24971735244783,6,120.86197742529592,1,4,10,2
30617795_30617796_0,60,60,50,64.33226845948288,6,144.49576188006318,1,6,10,1
30617813_30617812_0,60,60,55,57.54708725963235,5,335.2204532637909,1,3,1,1
30617813_30617814_0,65,60,55,62.189874185339605,5,277.89179612407514,1,2,1,1
30617812_30617813_0,60,55,50,57.54708725963234,5,335.2204532637909,1,3,1,1
30617812_30617811_0,60,60,55,40.87306211354624,5,389.6006056689208,1,3,1,1
30617811_30617761_0,60,60,55,92.2636252127269,5,376.1471967010589,1,4,1,1
30617807_2606686560_0,55,55,50,134.2693559397413,5,130.29175198923383,1,3,3,1
30617807_790024603_0,55,55,50,81.2299094156626,5,239.32093252186817,1,3,5,1
30617807_2505284838_0,50,50,45,114.1533744445081,5,194.7724453367912,1,3,3,1
30617833_1635327538_0,65,60,55,62.74760438360257,3,0.0,5,7,2,1
30617833_30618056_0,65,65,60,134.07797839881744,5,0.0,2,5,1,1
30617814_960619341_0,55,50,45,74.49916084479959,5,212.6952393392309,1,2,1,1
30617814_790034791_0,60,55,50,87.08514903077078,5,277.89179612407514,1,3,1,1
11239790234_30617602_0,70,65,60,67.70584741983865,4,140.7214459586271,4,5,2,1
11239790234_1454439246_0,60,60,55,244.04819429456413,4,0.0,7,11,5,1
11268972991_30313355_0,50,50,50,83.53955292586109,5,156.39004929835048,1,2,13,1
11264541277_2713983941_0,60,60,55,90.29341755390774,4,0.0,11,4,3,2
11256490152_126656745_0,60,55,50,137.45214670321863,5,344.8624736547031,1,2,13,1
30617918_8710875305_0,65,60,55,37.80309360186589,6,101.4761561599674,1,2,3,1
30617909_960625589_0,65,65,60,63.8096691823433,3,0.0,4,5,3,1
30617909_4189406778_0,65,65,60,96.76732731124764,3,0.0,8,9,3,1
30617904_903833789_0,55,55,50,43.94687271389213,6,37.19105451872967,3,2,1,1
30617900_903833766_0,55,50,45,46.4080186913868,5,270.91937485317123,1,2,1,1
30617835_1635327538_0,65,65,60,55.06073863232063,3,0.0,6,8,1,1
30617835_481146996_0,65,65,60,124.2371342000537,5,0.0,4,8,1,1
30618053_2020393229_0,55,55,50,95.29917224690053,5,7.643880912864556,3,5,1,1
30618053_30618054_0,65,65,60,74.36174065615748,5,7.643880912864556,3,4,1,1
30618052_1312339726_0,55,50,45,133.66701653132583,5,130.2006125091961,1,2,1,1
3621509846_12896018417_0,70,65,60,9.167552054842632,2,0.0,12,3,5,1
30618051_481122563_0,60,60,55,97.45206199811798,5,0.0,4,2,2,1
30617934_30617933_0,70,65,60,102.12560531545756,6,0.0,1,2,2,1
30617934_416012211_0,65,65,60,80.35360421706804,5,98.95456123425926,1,2,1,1
30617933_30617932_0,60,60,55,84.63081260303537,6,0.0,1,2,9,1
30618063_30618062_0,50,50,45,52.511858707482304,5,95.13014324657236,1,2,2,1
30618062_1714171423_0,55,55,45,53.64456868292051,5,60.118935357064615,1,2,1,1
30618058_481147019_0,60,60,55,7.127762707991518,5,120.759785380143,1,2,1,1
30618057_1635327538_0,55,50,45,130.93947509693908,5,0.0,4,6,1,1
30618057_481146996_0,60,55,50,59.9465361553184,5,122.08195085435888,1,2,1,1
3621509846_693864927_0,65,65,60,115.36560436708297,4,0.0,12,5,9,1
30618055_30618056_0,55,55,50,66.50444226423726,5,117.07343053140184,1,2,1,1
30618054_30618055_0,60,60,55,63.17869172526595,5,66.6817540345744,1,2,1,1
30618077_1312339740_0,60,60,55,153.63699968832918,3,0.0,2,3,1,1
30618076_319429258_0,65,65,60,56.32742248538496,3,0.0,3,4,1,3
30618075_30618076_0,65,65,60,119.87097747631864,6,0.0,2,5,2,3
30618075_30618092_0,65,65,60,52.53372706498009,6,97.5160418572391,2,2,2,1
30618073_30295509_0,60,60,55,38.24077027798649,6,108.89151405508164,1,2,4,2
30618073_598224641_0,55,55,45,92.01372688032949,6,129.0420877853679,1,2,5,3
30618071_598224514_0,65,60,55,47.43041430947057,5,185.73581844309115,1,2,3,2
3618504789_30264592_0,60,55,50,38.75663712011509,6,43.38444977802239,1,2,4,1
30618070_30618071_0,60,60,55,42.61183976729309,6,185.73581844309115,1,2,3,1
30618070_598224642_0,55,50,45,106.23419188599556,5,228.19892182417868,1,2,1,2
30618100_30618097_0,60,60,55,129.8501144235412,6,0.0,1,2,1,1
30618095_30618096_0,60,55,50,105.96196671832652,5,38.00063375451983,2,6,1,1
30618095_395286289_0,60,55,50,38.07286249674831,5,0.0,4,5,1,1
30618094_319429060_0,55,55,45,22.04059172191612,4,0.0,3,4,1,1
30618094_30618095_0,60,60,55,76.27628259837434,5,21.74182724087925,5,5,1,1
30618092_319429258_0,60,60,55,133.2047973453271,4,0.0,5,3,2,3
30618092_1624143902_0,60,55,50,83.93554168815407,6,118.2323157768541,2,2,1,1
30618089_30618075_0,60,55,50,56.288014327094174,6,69.36547536491649,1,4,1,1
30618078_30618089_0,55,55,45,58.6456045269533,6,28.941893039047734,1,3,1,1
30625897_178519633_0,55,55,50,103.63746678902709,5,357.2743733317143,1,2,3,1
30625896_178520716_0,60,55,50,89.37283698445091,5,356.67839259790884,1,3,13,2
30625895_30294316_0,70,70,65,89.13003677225396,4,471.1122641847174,4,4,9,1
30625851_7037105577_0,55,50,45,52.20153730538724,5,152.709476449526,1,2,2,2
30618100_1313997602_0,60,60,55,188.85606365649417,5,111.03738229814076,3,5,1,1
30646806_30254286_0,50,45,40,64.67787655085199,5,116.78121832272411,1,2,13,2
30646198_4690881901_0,40,40,0,43.36925321301332,5,162.71575421757726,1,2,27,1
30646179_30254288_0,55,50,60,27.34668641048078,5,217.512410206354,1,2,32,1
30625911_806808405_0,60,55,50,93.36102004619391,5,530.7701456530501,1,3,5,1
30625899_1982155709_0,55,55,50,85.48247000045436,5,235.4729963835973,3,2,3,1
30625899_30625897_0,60,55,50,87.1747452286706,5,296.6964926527923,1,2,4,1
30647907_30238383_0,55,55,50,156.7575458908784,6,106.88838097084124,1,2,22,3
30647907_30647906_0,60,60,55,73.70996450223387,5,225.97172153436472,1,2,20,2
30647906_30647878_0,60,55,55,288.1831661915396,5,265.3385007261998,1,3,37,2
30647463_230161188_0,60,60,55,60.90162508737637,3,0.0,1,3,17,1
30647222_208974064_0,55,55,55,79.38863839082458,5,319.2305050646216,1,2,45,1
30646806_10308985977_0,60,55,50,104.94623894845918,5,116.78121832272411,1,2,22,3
30686179_5943146523_0,55,55,50,108.22638451588476,5,354.7266576446849,1,2,17,2
30686171_30686201_0,60,60,50,61.3689806688721,5,392.8531744389057,1,2,4,1
30685341_4470657986_0,65,65,60,112.75712769560818,3,0.0,15,5,16,1
30685340_1589583429_0,70,65,60,135.24347057300557,2,0.0,5,5,13,4
11178765233_240882893_0,65,65,60,208.2425197436655,3,0.0,6,8,34,1
11243529761_2264150798_0,65,60,55,173.87462732517605,4,0.0,12,10,5,1
11242746353_412464588_0,65,60,55,166.92380543342605,6,155.50452360167355,4,6,1,1
30685337_30685340_0,70,70,65,53.150614000283234,2,0.0,4,3,10,1
3618456751_952967310_0,65,60,55,150.20662426246557,5,11.541255142492082,7,2,2,1
30686210_178519633_0,55,55,50,51.62225442294306,5,428.1779293013354,1,2,1,1
30686209_178523527_0,45,45,40,78.46256473582207,6,486.4538830206509,1,3,9,1
30686201_30264315_0,60,60,55,86.9102575098167,6,414.7299528805675,1,2,3,1
30686192_30294498_0,70,65,60,169.83825265239832,5,425.7924015637889,7,11,22,5
30686192_30686179_0,55,55,50,123.7671917772466,5,354.7266576446849,1,2,18,3
30686342_30264420_0,60,55,50,163.1220924494,6,232.03963863397604,2,2,2,1
30686338_30264320_0,65,60,55,32.054407255944014,5,242.33788591382128,2,2,2,2
30686337_30307974_0,60,55,50,39.58920713063463,5,262.9455515127031,4,3,6,2
30686337_30686171_0,65,65,55,133.72423247404217,5,274.2027167328849,3,4,8,3
30686211_7037105630_0,55,55,50,147.96421947420535,5,231.18759311246183,3,2,3,1
30686210_30625896_0,50,45,40,120.4602814191633,5,415.6654245279372,1,3,5,1
30686355_9939580063_0,55,50,45,127.59793453078552,5,135.38077296712845,1,2,7,4
30686354_178520714_0,50,50,45,12.861213783080672,5,171.28305386848837,1,2,9,1
30686353_30914370_0,65,65,60,160.69011111832006,4,244.9106929621458,7,8,20,2
30686353_178547786_0,65,60,55,114.37040058166154,4,160.76197260487527,8,6,17,1
30688839_30688904_0,60,60,55,99.71502384461384,5,42.18866735585208,1,4,3,1
30688839_1863716081_0,60,60,55,197.7718253268024,5,42.18866735585208,1,7,3,1
30688837_1506154303_0,60,60,55,122.86819937261927,5,35.38339111523987,1,4,1,1
30688829_30688837_0,55,55,50,34.569399299394114,5,3.154314597659875,1,2,1,1
30688829_8412738277_0,50,50,45,141.6486097789914,5,1.858922527581685,1,4,1,1
30688824_30688837_0,60,60,55,56.00112282847878,5,35.38339111523987,1,4,1,1
30688824_8412738278_0,60,55,50,108.40052698236708,5,11.405570862720037,1,5,1,1
30688824_30688819_0,55,50,45,249.2815824764837,5,48.68552888515111,1,7,1,2
30688819_1506156403_0,55,50,45,44.101542920393584,5,278.5390863318148,1,3,1,1
30686357_3049188200_0,65,65,60,23.385804100878037,5,12.20499527583944,7,2,6,1
3618456746_30264647_0,55,55,50,66.4048474076908,5,281.6737066339912,3,2,2,1
30688904_30688888_0,60,60,55,124.2844596446406,5,102.81682341149916,2,5,2,1
30688888_30688883_0,55,55,50,117.75620043087106,4,102.81682341149916,4,5,3,1
30688888_30688906_0,60,60,55,74.18930010997676,5,92.03646608001576,3,4,3,1
30688880_30688879_0,65,65,60,25.364010727079425,4,112.92199253864857,3,7,8,1
30688880_30689037_0,65,65,60,49.47334703871822,4,128.93684027329746,3,7,9,1
30688879_412446078_0,65,60,55,122.47264237330334,4,8.939094183883334,10,8,13,1
30688879_4475342368_0,65,65,60,12.766619182240952,4,105.72152137542662,3,6,7,1
30689042_273101947_0,55,55,50,9.06033299530628,5,264.6202246037078,1,2,2,1
30689040_30688904_0,55,55,50,92.14701185951506,5,113.41981293149666,1,4,2,1
30689037_30688880_0,65,65,60,49.47334703871822,4,128.93684027329746,3,7,9,1
30689037_273101950_0,65,60,55,9.518801061086949,4,170.74352792447735,2,4,6,1
30689037_30689040_0,65,60,55,148.7195711058327,5,170.74352792447735,2,6,7,1
30688904_273101947_0,55,55,50,208.52435550211743,5,113.41981293149666,1,4,2,1
30689094_3823645381_0,55,55,50,74.65372221055215,5,196.7255240979639,3,3,3,1
30689058_387127774_0,55,55,50,78.104409328259,5,545.8752978681777,1,3,1,1
30689056_1563507928_0,45,45,40,208.02227850076991,5,364.6035939186222,1,2,3,1
30689042_847715523_0,55,55,50,91.76869689331517,5,220.3003514214248,1,4,2,1
30689101_30689242_0,50,50,45,100.19866079912944,5,237.64731663134592,1,2,1,1
30689100_8378820672_0,55,50,45,155.54731192486236,5,300.3477322892077,1,4,2,1
30689098_2689685268_0,65,65,60,120.35759699124614,4,265.46670272301463,6,3,3,1
30689096_30689095_0,60,55,50,107.06604953838516,6,191.3030900016447,1,2,1,1
3618456746_30237104_0,65,65,60,81.81553038249369,5,200.9204618234148,3,2,2,1
30689122_423434629_0,65,60,55,123.45709611618342,5,106.30384323705016,1,2,1,1
30689120_1312053341_0,55,55,50,84.08289332558023,5,22.57620337822846,5,3,5,1
30689120_30295339_0,60,60,55,52.36496349200333,5,22.57620337822846,7,3,6,1
30689119_387130495_0,65,65,60,93.1259800785781,2,0.0,10,2,2,1
30689119_387130494_0,65,65,60,24.81915988656073,2,0.0,7,3,2,1
30689118_30295394_0,65,65,60,65.99883631774647,5,6.310716088277896,4,2,1,1
30689117_30295380_0,60,60,55,47.11235618270846,5,136.55685611939666,1,2,1,2
30689117_30689118_0,60,55,50,120.99339194870883,5,59.571590409387554,1,3,2,2
30689104_30295331_0,55,55,50,204.8434591036856,5,344.20512048032435,1,5,1,1
30689173_30689175_0,50,50,45,177.18029678914212,5,628.6548278806442,1,6,1,1
30689170_429743604_0,55,55,45,104.49256823017431,6,587.212246771719,1,3,1,1
30689140_30295338_0,60,60,55,100.33693287557196,2,0.0,7,5,4,3
30689140_125935921_0,65,60,55,111.96740706823536,2,0.0,6,8,4,4
3618456746_30314651_0,55,50,45,77.9887433099734,5,267.9017985534607,1,2,4,1
3643971041_3643971045_0,60,60,55,183.5656590429906,4,185.0051897699726,8,5,27,2
30689122_319600517_0,65,60,55,72.62642813141295,5,106.30384323705016,1,2,1,1
30689522_30332979_0,60,60,60,261.8093709629072,6,130.4868065780522,2,4,10,1
30689276_429742264_0,60,55,50,76.0697768310082,5,458.9207794005333,1,3,1,1
30689276_995424000_0,60,60,55,151.0252838805189,5,511.4882529776028,2,3,1,1
30689253_8227535510_0,50,50,45,45.65565947944193,5,295.5258721211973,1,2,1,2
30689244_31286310_0,65,65,60,92.92723692115372,5,49.84430063836788,2,8,4,1
30689243_30295335_0,65,60,55,92.78665848314336,4,159.81365601222095,5,4,2,1
30689243_30689244_0,60,55,50,56.31074213787298,5,109.76634171944252,3,4,2,1
11053219723_30237643_0,75,70,65,116.19757515610972,3,0.0,4,4,37,1
11053219722_11061736176_0,60,60,60,150.43729528243296,6,28.7257174338282,2,3,48,1
11239790234_412452735_0,55,50,45,84.4886448457058,6,84.86494860008068,4,6,2,1
11178765233_3417299048_0,60,55,50,192.2899056344072,5,0.0,2,6,27,2
30689242_30295348_0,50,50,45,74.13452406344636,5,203.09964921456915,1,4,1,1
30689179_3860517847_0,70,65,60,17.608532311002094,5,0.0,3,3,7,1
30689175_30689276_0,60,60,50,100.65656078787148,5,531.3543614073012,1,4,1,1
30689532_312680292_0,65,60,55,153.35735271913606,4,95.7391968051232,8,12,4,1
30689532_1297445118_0,65,65,60,41.03504780775632,4,54.81014314090097,4,6,1,1
30689531_385664091_0,65,65,60,154.73165650755655,3,0.0,4,2,7,1
30689530_30253212_0,60,60,55,134.96003132299307,4,186.51554405802196,9,4,9,1
30689525_381897075_0,60,60,60,152.88626794832572,5,137.36324539091814,4,6,4,2
30689525_30312831_0,70,65,60,128.56036938906286,5,139.0499680850104,3,5,5,2
30689522_30253380_0,70,70,65,132.07467068941793,5,0.0,3,2,9,1
30689550_279148247_0,60,60,55,43.82687580532985,4,110.86857975904456,6,4,3,1
30689549_30313062_0,60,60,55,131.78068958762177,4,130.04333146488946,9,6,3,1
30689544_30689536_0,60,55,55,110.9569079197494,4,23.926259818555845,3,3,6,1
30689544_2291722043_0,55,50,50,138.7977682766594,5,23.926259818555845,3,4,10,1
30689536_30312978_0,65,55,55,133.67632811564042,5,134.73431925477203,3,2,1,1
30689536_506223345_0,60,55,50,131.7291604247111,4,134.75157930993146,3,2,1,1
30689533_4435194975_0,65,60,55,137.69590244196914,5,276.68356685106045,4,4,5,1
30884371_30343621_0,50,50,45,15.487109242112764,5,460.58718639921887,1,3,10,2
30884358_30343569_0,45,45,40,63.29677361895844,5,663.6101130259474,1,2,29,1
3643971041_30343460_0,60,60,55,42.25836218172566,5,364.5943721339326,2,2,18,2
30884331_2501123851_0,65,65,60,39.584182538908685,5,445.4475857140122,1,2,21,3
30884329_30884341_0,65,65,60,23.124458187084898,5,385.7291801315671,1,2,19,1
3643971040_3643971041_0,65,65,60,90.6766984081288,4,364.5943721339326,8,3,14,2
30884329_4397169306_0,65,65,60,103.48004031344117,4,378.4771416171397,1,4,27,2
30689552_30313064_0,70,65,60,127.71665064036732,3,0.0,5,2,1,1
30689552_347353583_0,60,55,50,96.6992444394805,3,0.0,6,6,1,1
30914312_30914370_0,65,65,60,52.88560962338903,5,329.8438880165017,4,7,13,2
30914312_4269412906_0,70,65,60,70.24164103664495,6,321.3610800275202,4,6,11,1
30914308_30914422_0,65,60,55,62.27682310074327,5,184.06306597380976,1,2,4,1
30914308_4269412954_0,60,60,55,46.53938103329288,6,244.7834240029358,1,2,3,1
3643971040_3643971039_0,60,55,55,111.29649182516256,5,454.0284866637459,8,3,13,1
30884408_240882893_0,55,50,50,105.17023231167116,6,0.0,3,4,41,1
30884377_21638878_0,55,55,50,30.03422015313639,5,412.89274885363386,1,3,20,2
30884377_21638868_0,50,50,50,90.8466378888345,6,412.89274885363386,1,3,22,2
30914408_1500032695_0,60,60,55,88.1321554001535,5,98.63483573595607,1,3,5,1
30914408_30914422_0,60,55,50,34.59144006299397,5,184.06306597380976,1,2,4,1
30914405_1121909724_0,65,60,55,85.26535101164893,5,0.0,5,7,10,1
30914405_1500032695_0,65,60,55,120.03562195827264,5,83.83766780415597,1,6,9,1
30914404_30914405_0,65,60,55,115.4610504177586,5,71.13513205922108,1,8,11,1
30914373_9286121170_0,65,65,60,91.15289427763412,5,115.10832489756956,1,2,7,1
30914370_30686353_0,65,60,55,160.69011111832003,4,244.9106929621458,7,8,20,2
30914511_3865124116_0,60,60,50,107.01555453460064,5,34.79714376434066,2,3,7,2
30914511_191823363_0,50,50,45,58.25472204166414,5,134.10733146717567,1,4,5,2
3643971040_30343459_0,55,55,50,41.379584170788206,4,454.0284866637459,6,3,8,1
30914460_8319500689_0,60,55,50,83.62445560966609,5,301.20212468959687,1,6,3,1
30914440_30625895_0,65,60,55,38.61422271220109,4,443.1563132132228,4,2,8,1
30914440_30307932_0,70,70,65,50.90312298620535,4,406.2454132445292,4,6,10,1
30914440_539184669_0,60,55,50,126.1269787801475,6,361.4504386608497,4,2,7,1
30914422_30914417_0,60,60,55,87.6960894421153,5,171.85850070931158,1,2,4,1
30960629_30960622_0,50,45,40,73.38314384501687,5,335.2070577179284,1,4,8,1
30960628_30960639_0,45,45,0,53.43294469979111,6,379.8206197156538,1,2,4,1
30960628_1198354157_0,45,45,0,40.6556284216161,6,368.5695077701125,1,3,6,1
30960628_412446735_0,45,45,0,73.2757675874581,6,306.56768554393506,1,2,4,2
30960627_690812143_0,65,60,55,39.91221636543904,2,0.0,5,6,4,1
30960627_9408480017_0,75,70,65,13.038063986511457,5,0.0,3,5,4,2
30960624_412449344_0,50,45,40,36.7761507657395,5,160.29947626220857,1,5,2,1
30960622_402894803_0,45,45,40,79.0313360664958,5,274.9351981443388,1,4,7,1
3643971039_3643971036_0,60,55,55,81.30058765536604,5,563.8840206845174,7,4,18,2
30960664_30960665_0,60,60,55,122.0095994025692,5,85.91377854877432,1,5,1,1
30960653_30254569_0,55,50,45,57.68666298641156,5,257.6454736190336,1,5,1,1
30960653_412464587_0,60,60,55,37.83952273778252,6,257.6454736190336,1,4,1,1
30960639_30960628_0,45,45,0,53.4329446997911,6,379.8206197156538,1,2,4,1
30960632_30617337_0,55,55,50,184.5033013588833,5,210.05059654516788,1,3,1,1
30960632_2458217808_0,45,45,40,65.81973465937405,5,222.3938424610353,1,3,1,1
30960786_390878435_0,60,60,55,279.41902464361647,5,122.06196047547218,1,7,3,1
30960764_30295037_0,55,55,50,34.828956970478465,5,187.67892277343483,1,2,1,1
30960669_30960813_0,55,55,50,336.87941721284403,2,0.0,17,10,15,3
30960667_359099425_0,60,60,55,160.07184126236405,5,73.93908875501151,2,4,4,2
30960666_30960764_0,65,60,55,101.91951978975538,5,85.97108957759303,1,3,1,1
30960665_30960666_0,55,55,50,37.99623892566569,5,85.97108957759303,1,4,1,1
30960664_1695239287_0,65,60,55,43.27126646971276,5,52.56513533967934,1,4,1,1
30960812_30960819_0,65,60,55,78.70567348219096,5,91.16126725887251,1,2,1,1
30960812_412549130_0,70,65,60,155.58020455577585,5,0.0,2,3,4,1
3643929105_30343456_0,55,55,50,54.44137784664367,5,739.9169732500035,6,3,17,4
30960808_412461954_0,60,60,55,87.29379021682061,5,210.07410166187785,1,2,1,1
30960851_30960828_0,55,55,50,54.547534291979545,6,279.1876585076231,1,2,8,3
30960850_30960851_0,60,60,60,20.13953780671707,6,266.889371997896,1,2,5,3
30960832_30554968_0,55,50,45,22.18118793933409,6,436.9930291059747,1,2,8,1
30960832_567448761_0,55,50,45,27.51556708040007,6,442.2202662488568,1,2,7,1
3635761667_1736660283_0,55,55,50,63.67095461270654,6,87.99072480269955,1,9,1,1
30960820_30960819_0,65,60,55,64.02054578388197,6,99.19435408887568,1,2,4,1
30960819_30960810_0,60,60,55,44.19903713939968,5,152.0314692083117,1,3,1,1
31285424_2087205021_0,65,65,60,51.88288735458215,5,546.244365982481,1,2,1,1
31285283_1116623921_0,70,70,65,97.63956891065556,5,0.0,4,8,1,1
31285283_31285282_0,70,65,60,111.75865260140202,5,85.16231256697512,1,6,1,1
31285282_1378060258_0,60,60,55,32.18034824547844,5,95.51893447906971,1,2,1,1
31285267_667387223_0,65,60,55,93.66184830108864,5,253.57313512147917,2,4,6,1
30960867_60969513_0,60,60,55,70.78553284088724,6,241.04061924321687,1,2,5,1
3683481331_9520553515_0,65,65,60,14.65541365920804,5,0.0,9,4,1,1
3672891957_30242950_0,65,65,60,107.10537002500271,4,81.27673648257574,3,4,10,1
31285435_1889882331_0,55,55,50,77.73451437915087,5,160.82467254420405,1,2,1,1
31285432_977657485_0,65,65,60,159.7924801710081,5,121.42704330089582,1,2,1,1
31285432_977657486_0,60,60,55,123.00785596795218,5,77.09635996645738,1,4,1,1
31285430_2087205014_0,55,55,50,37.50981375793326,4,258.1264877254719,2,3,1,1
31285430_535228378_0,65,65,60,171.85397741791405,5,258.1264877254719,1,3,1,1
31285428_31285427_0,60,55,50,64.54379755964011,4,351.2595080532262,2,2,2,1
11009796691_11009796676_0,65,60,55,8.169034694940907,4,366.46980646562497,10,2,1,1
11009796687_11009796684_0,60,55,50,9.647948882765428,4,358.2934897454586,15,2,1,1
11009796687_71710025_0,50,50,45,362.5208525534412,4,0.0,34,24,2,1
11178752184_430984237_0,55,55,50,31.70644248899375,6,23.236092385074382,9,5,18,1
11158624378_30556159_0,60,55,50,139.9181413235452,4,12.899537956019916,3,5,12,1
11061736176_10181609591_0,70,70,65,149.78939748528987,6,0.0,2,3,38,2
11053280241_301572279_0,75,70,65,150.94682471511376,5,0.0,9,4,26,1
11053280241_442540253_0,70,65,60,143.5723678318391,6,134.4838172463388,8,9,23,2
31285427_432510237_0,55,50,45,123.29304218909331,5,372.21603676252846,2,5,8,1
31285427_2087205017_0,60,60,50,64.225102005676,4,412.4697964722469,2,2,1,1
31285675_126502156_0,60,55,50,146.10122970972552,5,455.5032628151992,2,5,20,3
31285674_31285673_0,65,65,60,48.39470994593687,4,415.8109816254301,1,3,11,1
31285673_31285672_0,65,60,55,53.47525239844638,4,362.610068885437,2,2,10,1
31285673_30295136_0,60,55,50,107.77585142751732,5,408.8541869964239,1,2,11,2
31285673_126604074_0,55,55,50,149.2841351324957,5,383.8587442537152,1,4,16,1
3643971045_3643971041_0,60,60,55,183.56565904299063,4,185.0051897699726,8,5,27,2
31285558_30294854_0,60,55,50,110.72435933428535,5,139.04971490533796,1,2,1,1
31285555_30294674_0,65,60,55,58.8671999096125,4,249.4611196160054,8,3,1,1
31285555_31285558_0,70,70,65,162.36984119551076,5,195.48993251184717,3,2,1,1
31286313_387130493_0,55,55,50,66.71810983798468,5,216.46418263975497,3,6,4,1
31286311_30295336_0,55,55,50,93.49823611968226,5,140.45740531680698,1,3,2,1
31286311_30295343_0,60,55,50,54.01570893535728,5,121.22066909137772,1,3,1,1
31286310_31286309_0,70,70,65,55.01566194526124,5,0.0,6,8,4,1
31286310_387127705_0,70,65,60,57.35730030448126,5,49.84430063836788,3,8,4,1
31286309_125935921_0,70,70,65,84.6584484543711,2,0.0,8,8,3,4
31286185_6364664850_0,60,60,55,180.62430202815588,5,305.672052289934,1,3,1,1
31286185_30689056_0,60,60,55,71.62893386683997,5,364.6035939186222,1,3,2,1
31286334_31286333_0,55,55,50,80.78599215981498,5,99.65084324277154,1,4,5,6
31286333_2331122650_0,65,65,60,146.06707583710326,5,29.928823633390948,1,6,7,4
31286316_31286315_0,55,55,50,78.53704136592609,5,166.66322456840956,1,3,5,4
31286315_31286316_0,55,55,50,78.53704136592609,5,166.66322456840956,1,3,5,4
31286315_387127698_0,55,50,45,178.73341000782696,5,38.306085590566056,3,6,10,3
31286314_387127696_0,70,70,65,60.17085480711008,5,227.7476964667164,3,7,4,2
31286313_31286311_0,60,55,50,129.76003314711647,5,172.81628630185594,1,3,4,1
33098964_30243120_0,65,65,60,132.73173943266508,5,0.0,6,3,9,2
33098957_442540252_0,65,65,60,14.217058935573036,2,0.0,5,16,10,1
33098957_1311770048_0,70,70,65,131.89314356969626,4,0.0,6,20,13,1
33098957_30242864_0,70,70,65,134.88100254202837,4,0.0,10,21,19,2
31286344_1046599575_0,70,65,60,41.596105864142906,3,0.0,3,4,9,1
31286344_30295407_0,65,60,55,59.936489467833184,5,0.0,2,3,11,1
31286335_31286334_0,60,55,50,108.09155727637328,5,75.7909752914511,1,3,7,5
31286335_1046599580_0,60,55,50,25.948081433051307,5,75.7909752914511,1,3,7,1
50099103_5402582937_0,70,70,65,54.61357893007732,3,0.0,5,10,7,1
36756165_190955805_0,70,65,60,362.9256355201826,1,0.0,1,2,1,1
36756096_416088703_0,70,65,60,1762.8275222562693,1,0.0,1,10,1,1
35120255_961905066_0,60,60,55,66.16578982420492,5,401.7077827402898,2,3,4,1
35120255_35120259_0,50,50,45,134.89903090594274,5,322.4816375377604,2,4,5,1
35120255_687897083_0,55,55,50,8.257698604095788,5,423.0577489262947,2,3,4,1
35120251_960996562_0,50,50,45,91.86499538114076,5,514.844001635735,1,2,5,1
59850112_30294487_0,65,60,55,103.42075047313436,3,0.0,6,8,14,1
59850112_30294501_0,60,55,50,90.6005820577837,3,0.0,7,7,12,2
59850112_1528760851_0,65,65,60,54.10759936964827,5,0.0,3,7,11,1
59749810_303636030_0,65,65,60,92.69253987063573,4,136.02568717494208,3,4,23,1
59749810_59749809_0,65,65,60,62.33742622913253,5,87.0644441030234,2,5,18,1
59749809_30251175_0,70,65,60,89.11807909444016,5,0.0,3,5,16,1
59749808_30314630_0,65,65,60,80.66830674724856,3,0.0,5,4,2,2
50101968_30296295_0,55,55,50,103.1854229784864,5,191.3601549325041,1,2,3,1
50099103_30295310_0,65,65,60,55.71924329289676,3,0.0,6,6,7,1
50099103_30295293_0,70,65,60,35.945232313208194,3,0.0,5,6,4,1
3643971045_30343461_0,55,50,45,42.92298722920717,6,185.0051897699726,4,4,19,1
59850120_30558475_0,65,65,60,138.94173338491257,3,0.0,2,2,8,1
59850120_724126667_0,65,65,60,92.70067893275132,6,0.0,1,3,7,1
59850119_998592654_0,60,60,55,69.03346252951103,3,0.0,6,4,6,1
59850118_30237532_0,60,60,55,62.22911105912445,3,0.0,2,2,6,1
59850116_1378087232_0,55,55,50,78.30134632231304,6,0.0,2,2,17,1
60591980_416523700_0,60,60,55,129.62617277984623,5,0.0,4,2,5,1
60591485_60591483_0,50,50,45,49.45831704451904,6,76.81977093780809,1,3,5,2
60591485_30314631_0,55,55,50,46.21155412694662,5,125.833221576736,1,2,7,1
3643971045_21638874_0,60,60,55,15.154622924765214,4,170.60225656291198,4,4,17,1
60591464_30314642_0,65,60,55,43.45225378052042,5,82.74950306342141,1,2,4,1
60591112_30314636_0,60,60,55,44.0147631910109,4,215.6654861253264,2,4,13,1
3643971041_3643971040_0,65,65,60,90.6766984081288,4,364.5943721339326,8,3,14,2
10893766826_10893766824_0,70,65,60,33.79016188484729,4,116.79576125154988,2,2,13,1
11012442310_2819073400_0,65,65,60,40.58035468538044,2,0.0,2,3,10,1
11012442310_10182303358_0,65,65,60,147.8707160387696,6,0.0,4,3,22,1
3748616600_387130502_0,65,60,55,81.07132823386651,4,150.94962252391062,6,3,1,1
11012409286_10893766824_0,70,65,60,271.65220797393647,6,134.58351398010348,4,4,33,2
11012409286_11012409292_0,65,65,60,37.31402855107207,5,149.35868882306227,2,2,13,2
3748616600_256484485_0,65,60,55,185.40462974865125,4,142.12686480015878,7,6,2,1
60591112_30264549_0,50,50,45,137.48116683310346,5,114.0448692133228,1,4,20,1
60591106_60591112_0,70,70,60,47.46526127228311,5,244.0794162028829,1,3,14,1
60969461_60969460_0,65,65,60,79.59409811122269,6,305.3594601275577,1,2,16,2
60969460_60969459_0,55,55,55,88.31990256801267,5,227.80193010176524,2,3,20,2
60969459_60969458_0,65,65,60,82.73154569610637,4,215.88036401286303,3,5,20,1
60969458_60969474_0,55,55,50,96.9994187942998,4,215.473158780658,3,6,21,2
60969458_1368519137_0,50,50,45,38.11192788563525,5,215.88036401286303,1,4,16,1
60962859_30554846_0,60,60,50,53.235469979888606,6,283.0123106012319,1,2,2,1
3743057429_30227068_0,55,55,50,75.77693477209027,4,234.0064169193075,1,5,18,8
60969475_60969474_0,65,65,60,104.33553579574333,5,124.32931590526242,2,8,13,2
60969474_30313367_0,55,55,45,76.88196234592519,4,227.7276585342273,2,7,12,2
60969471_60969459_0,65,65,60,181.35060570053105,6,122.90648138295292,2,4,23,1
60969471_60969475_0,60,55,50,96.12405791033976,6,120.43216349896954,1,3,10,1
60969471_30554781_0,60,55,50,53.88725733310798,5,69.13414948053267,1,4,10,2
60969467_60969464_0,55,50,55,62.64176777609032,6,325.4028197171335,1,5,18,2
60969464_1050231255_0,55,55,55,5.348761691078231,4,325.4146246305955,1,3,12,2
3702993015_2606686529_0,55,50,45,181.3104122714572,6,46.94681666114905,1,3,5,1
60969463_30554804_0,65,65,60,95.84479604616162,4,140.62951779061683,2,5,18,1
3702993013_1126998875_0,60,60,55,148.0933273715062,5,47.27068542295031,2,2,5,1
60969509_60969513_0,65,65,55,62.61935332558369,6,309.26347642465464,1,2,6,1
60969503_60969502_0,55,55,50,100.46439690811395,4,287.7987605591576,1,4,12,1
60969502_60969514_0,65,65,60,69.6570051430663,4,283.54641263312465,2,2,7,2
60969502_30313368_0,55,50,45,120.33743326098023,5,262.6546139853243,1,4,12,3
60969497_431101858_0,60,55,50,73.92684931738196,5,31.396227900999733,5,4,7,1
60969497_30313363_0,65,60,55,20.68340896090143,4,101.24045293492622,2,4,4,1
71709881_253795578_0,60,60,55,12.076999296565544,4,160.33804435863655,6,3,8,1
71643550_112382699_0,65,65,60,21.19379421104329,3,0.0,2,7,20,1
64934032_30556740_0,55,55,50,51.83055175303368,6,496.0800674025933,1,2,23,1
60969514_30960866_0,60,60,55,69.72264550696597,4,216.43106608922804,1,2,10,1
60969513_30960867_0,60,60,55,70.78553284088724,6,241.04061924321687,1,2,5,1
60969513_60969514_0,65,65,60,89.04078357888366,6,283.54641263312465,1,2,4,1
60969509_60969502_0,65,65,60,91.47771157070127,6,351.5486801818858,1,2,6,1
81321297_60969509_0,60,60,55,126.6650839918219,6,356.2563134672066,1,3,14,2
81321297_81321296_0,55,50,45,66.9429784780133,6,356.2563134672066,1,3,16,3
81321296_30254467_0,60,60,55,23.46046083905369,6,412.4623400033346,1,2,11,2
71710267_1400747727_0,60,60,55,240.3872583863696,6,45.45696092228892,1,13,17,1
71710267_30252176_0,60,55,50,132.68495025691104,6,45.45696092228892,1,7,15,1
71710260_30252452_0,60,55,50,177.82802233764997,6,0.0,1,4,28,1
71710260_30254228_0,70,70,65,76.75774822923307,3,0.0,12,10,18,1
71710160_4645000181_0,0,0,0,186.9819065623917,5,277.0694170346168,1,2,1,1
71710025_1379023475_0,65,65,60,63.49575469338952,2,0.0,11,22,6,1
71709940_575781196_0,65,60,55,77.19156211983751,4,75.7442265163403,4,8,1,1
82747276_30295102_0,60,60,55,101.27323461498231,6,159.4927520024356,1,2,8,4
82632464_30647925_0,55,55,50,66.86562085535158,5,38.8887352412881,2,2,4,2
82040343_126679138_0,60,60,55,50.69263610479459,5,47.948891677975794,1,2,5,1
3687119664_415402209_0,60,55,50,80.63467307031976,4,166.94550298780152,4,2,5,1
82040267_82040343_0,60,55,50,142.3659448898621,5,47.20454629734397,1,4,4,1
82026109_60969463_0,70,65,65,55.40437857469858,4,235.44786100461252,2,4,12,1
91783971_412398657_0,70,70,65,137.88109746197236,3,0.0,5,3,8,1
82767734_60969460_0,60,60,55,33.304786700658376,5,316.095844195209,1,2,16,2
82767734_30333367_0,55,50,45,78.41200283242269,6,341.041175288828,1,2,19,3
82762458_30333441_0,60,55,60,45.66367095060741,6,332.2201981589527,1,3,26,1
3683481343_5275865097_0,65,60,55,257.8922602470003,5,63.95120400670654,11,6,2,1
112382699_26057116_0,60,60,55,207.9410522603587,3,0.0,4,19,35,1
104459413_2264150798_0,60,60,55,121.26421801231332,5,165.8369353382286,1,10,12,1
100409765_191823363_0,60,60,50,60.288173368858295,5,138.36903897744378,1,3,5,2
100409765_100409764_0,60,60,50,161.0339970880607,4,174.54589971232636,1,8,9,2
100409764_856906186_0,60,55,50,61.17985113266563,5,126.26125032337266,1,6,6,1
100409764_2264150798_0,65,65,60,7.46679370543396,5,172.94356883731965,1,6,5,1
94668946_30254348_0,70,70,65,88.24533213472712,4,0.0,10,3,13,3
94668946_3141525071_0,70,70,65,45.122913731493135,3,0.0,7,2,8,1
112409083_112399403_0,65,60,60,21.486254765374014,5,69.04885574185866,1,3,18,1
112409079_30227192_0,65,65,60,104.3191010764876,6,74.66489934509698,1,6,31,1
112399403_30237705_0,70,70,65,70.54925332439304,4,0.0,4,5,26,1
112399403_112426103_0,65,65,60,85.82291904314607,4,39.15966379707142,5,9,30,1
112398908_30227193_0,60,55,50,169.4383926208991,5,100.8044442601966,1,3,36,1
112398908_112409079_0,60,60,55,133.40228902363083,5,122.9160561938137,1,5,28,1
125932467_3302278211_0,70,70,60,90.93665007363302,5,0.0,2,4,8,1
125932462_6120152819_0,65,65,60,92.3068585409302,3,0.0,5,6,10,1
125930808_30555404_0,70,65,60,94.87847877428035,3,0.0,4,3,11,1
112426103_2495575748_0,65,65,60,38.63606078433847,4,11.471560260310856,4,12,18,1
112426103_112399403_0,65,65,60,85.82291904314607,4,39.15966379707142,5,9,30,1
126545684_30295217_0,65,65,60,17.186004641818563,5,113.77886612011028,3,2,4,1
126544770_6960234560_0,65,65,60,62.11264604473614,5,261.08397257913407,1,10,17,1
126502156_7438745243_0,60,60,55,94.7357855341992,5,373.1190988448023,1,3,21,2
126502156_30553739_0,60,60,55,51.58352204744243,5,466.7751475222208,1,3,17,2
125935921_30689140_0,65,60,55,111.96740706823536,2,0.0,6,8,4,4
10796996597_364719512_0,65,65,60,34.18086774844112,4,223.82116292248855,1,3,3,1
10796996597_692247917_0,70,65,60,98.83663446017708,4,133.16006907929946,2,4,3,1
3762069417_6376850715_0,60,60,55,19.468123377460948,5,429.26988073735225,1,5,1,1
11009796682_11009796679_0,65,65,60,9.816815444875756,4,366.0885384277052,9,2,1,1
10967809658_4834501699_0,60,55,50,187.93785767565117,4,404.6977989752238,4,2,1,1
10926004932_618404479_0,65,60,55,20.113496554907872,4,125.43942271513843,3,4,4,1
125935921_1043855098_0,70,70,65,94.8172253664344,3,0.0,6,6,4,4
3762069417_2480520707_0,55,55,50,336.862101746138,4,421.62688286681055,2,7,3,1
126656745_30295139_0,65,60,55,69.98364042140452,5,306.8799520421083,1,4,8,1
126656745_11256490152_0,60,55,50,137.4521467032186,5,344.8624736547031,1,2,13,1
126656743_126656742_0,65,65,60,77.95153744045994,6,130.21138960407774,4,2,7,3
126656743_690829809_0,55,55,50,76.23187704613228,6,207.6653162406485,1,6,5,3
126656742_126547387_0,60,60,55,15.836843725059046,5,128.56488626577558,4,2,7,3
126655918_30295163_0,60,55,50,74.63926526520086,5,187.73386677266944,1,2,8,1
126654237_690829809_0,65,65,60,81.46340279709987,5,138.7981866288411,2,6,9,2
126604074_30553752_0,55,55,50,45.13807680725431,5,383.8587442537152,1,3,10,2
126679132_126679133_0,60,55,55,83.88061652696881,6,342.32840331407533,1,3,12,1
126679132_30553752_0,60,60,55,50.88783663416146,6,426.0799054565405,1,3,10,2
126679132_126785874_0,55,55,50,32.61087769036714,6,426.0799054565405,1,3,14,1
126657995_1363702666_0,60,60,55,74.92607345401451,5,274.8491957484072,1,2,7,1
126657993_126657995_0,60,55,50,75.36263385144103,5,199.70214518832125,1,2,5,2
126657993_126656743_0,60,55,50,100.90429541854505,6,199.64835367205444,1,2,5,3
3761326803_6449314872_0,60,55,50,20.255177916939655,5,296.9051968067544,1,2,1,1
126683892_30295133_0,65,60,55,134.50730749044155,6,175.37125748035464,1,2,2,1
126683890_30617390_0,65,60,55,82.34263405146977,5,213.7971405090508,1,2,7,1
126679138_30553747_0,65,65,60,52.1782173076341,5,51.717249200491686,1,4,5,1
3754975067_557187269_0,65,65,60,35.499969109829564,3,0.0,7,5,10,2
126679137_30254514_0,55,50,45,52.27926406909248,5,148.836937277828,1,3,6,1
126679135_126679137_0,65,65,55,104.3923466892603,6,151.46972575618886,1,3,9,1
126679133_126679135_0,65,60,55,86.91958414246817,6,255.5882150023157,1,3,10,1
126679133_30254517_0,65,60,55,51.09510579729551,5,342.32840331407533,1,3,10,1
126734703_30553753_0,60,55,50,29.579747541961627,5,433.7180309614216,1,4,14,3
126734703_31285674_0,65,65,60,148.32020048505717,5,433.7180309614216,1,5,17,3
3754975067_2510614158_0,70,65,60,15.230057141910205,5,0.0,2,3,9,2
126699974_1445340186_0,60,60,55,78.98195739849203,5,202.6034568679182,1,3,16,1
126699973_30333333_0,55,55,50,164.81451361826572,6,277.58145944315834,1,3,27,3
126699973_126699971_0,50,50,45,56.05140115053563,5,277.58145944315834,1,2,22,1
126699971_30555746_0,65,65,60,24.54742709493669,4,304.297336538608,1,2,21,1
126690092_30554971_0,50,50,45,45.505639214944445,5,509.4735899762117,1,2,15,1
126690092_126690089_0,50,50,45,80.24017988585344,6,457.8729370123654,1,2,10,2
126763523_1378950933_0,65,65,60,754.4911876580188,2,0.0,17,12,6,1
126763513_3191418780_0,60,55,50,57.14683121385946,2,0.0,5,4,1,1
3754949353_30314640_0,60,55,50,95.09534259503135,4,60.01866394791787,15,5,7,2
126763470_412446078_0,70,65,60,44.49712803446256,4,0.0,9,4,6,1
126763470_30242948_0,65,65,60,64.2100721021049,5,4.003199697435711,10,3,7,1
126753810_1601776198_0,60,55,50,171.89942218047906,4,81.93442874277605,10,3,9,2
126781129_690411249_0,70,70,65,455.50312882663286,2,0.0,11,19,5,1
126781118_693864923_0,65,65,60,650.5482980532121,2,0.0,24,6,14,1
126781115_6985462292_0,65,65,60,107.80463132236288,3,0.0,21,2,2,1
126769416_681936376_0,70,65,60,105.67364160255634,2,0.0,11,7,5,1
126797324_126803324_0,65,65,60,11.06101563552679,2,0.0,3,4,13,1
126785874_30553753_0,60,60,55,50.95420378946135,6,458.6523717176229,1,3,16,3
126785874_126679132_0,55,55,50,32.61087769036714,6,426.0799054565405,1,3,14,1
126781137_1377806835_0,60,60,55,114.66785165303769,4,1.6084409628833003,8,4,3,1
126781137_1375265188_0,60,60,55,27.207890808588616,5,1.6084409628833003,2,3,4,1
10649558038_10649558039_0,65,65,60,20.82112304705271,5,13.79436819045028,2,2,4,1
10649558037_559061397_0,65,60,55,282.17865981028484,5,9.917202792004073,6,4,13,2
10893712430_2819073400_0,75,70,65,264.9159250369499,6,0.0,4,5,31,3
10858526500_10858526497_0,65,65,60,17.254255671483897,5,179.70363961638623,3,2,5,1
10858526500_544222987_0,70,65,60,36.95770503564064,4,149.31443554266147,5,2,4,1
10858526497_30297454_0,60,60,55,8.114689166954111,4,183.04380698212145,2,2,5,1
126800097_219018794_0,65,65,60,133.5664059692659,4,95.71841799531094,8,4,11,6
126800097_30242760_0,60,60,55,128.70372574492316,5,173.21619656842358,5,5,12,5
126800081_126800097_0,65,65,60,134.00351576017482,4,95.536542993525,6,4,13,6
126798008_30243125_0,60,60,55,95.84065632123183,3,0.0,12,8,6,1
126798008_126798005_0,65,60,55,29.10627411009473,3,0.0,13,7,8,1
126798002_213942769_0,65,65,60,133.972947515421,4,95.62036849848106,6,4,13,6
126797989_30243120_0,65,65,60,129.02285512515215,3,0.0,6,4,14,2
3752208202_312891599_0,65,65,60,133.0322901449321,5,124.52169321127472,3,2,4,1
126797988_3207273319_0,65,65,60,36.08454061011376,3,0.0,10,4,7,1
126797987_30243116_0,65,65,60,117.458786175077,3,0.0,5,3,10,1
126812839_126812841_0,65,60,55,54.73549787102179,2,0.0,6,6,11,1
126812839_2269130838_0,60,60,55,104.29292692470942,2,0.0,12,8,9,1
126803361_250793733_0,70,65,60,134.1488378667736,4,101.3750381478037,7,6,20,2
126803357_126797987_0,70,65,60,39.89739339424848,3,0.0,4,3,7,1
126803357_1126848552_0,60,60,55,245.16830879523292,4,0.0,14,5,24,2
126803336_126803334_0,70,65,60,136.01130280136908,3,0.0,7,9,10,1
126803334_126803331_0,65,65,60,123.45214454452174,3,0.0,7,7,9,1
126803331_10770844049_0,70,65,60,12.306642275668214,3,0.0,4,5,5,1
126803324_126803361_0,70,70,65,133.5193825705382,4,0.0,8,4,25,2
168330638_30264242_0,65,65,60,132.24389866195196,5,233.33038805613887,2,6,2,1
168330638_178503437_0,65,65,60,69.065682495405,4,365.5640026417032,10,6,1,1
168319807_71710025_0,60,60,50,41.07295627503196,2,0.0,9,17,1,1
166211432_2692588225_0,60,60,55,40.69052921162437,4,363.1205394710513,8,9,12,2
166211429_630602352_0,65,60,55,121.0317552402492,5,158.07584815469988,2,5,17,1
166211429_4174198170_0,65,65,60,93.00353161165856,5,71.41568043023719,1,5,12,1
166211429_30294483_0,65,60,55,129.6703943725252,5,158.07584815469988,4,5,21,1
126812850_2269130838_0,65,60,55,56.64603981150727,2,0.0,4,6,4,1
126812850_1311833055_0,70,65,60,64.80911322424969,2,0.0,8,8,4,1
126812847_126812850_0,70,65,60,20.83238241288806,2,0.0,4,5,4,1
126812844_126812847_0,60,60,55,66.15993726088891,2,0.0,4,5,7,1
168330709_410301873_0,60,60,55,114.40242909359922,5,750.0,1,5,1,1
168330709_168491368_0,60,60,55,134.1012666941728,4,750.0,5,8,1,1
168330709_168330707_0,60,60,55,92.92069129000257,4,750.0,1,6,1,1
168330678_1751118823_0,50,45,40,35.310430791514456,4,512.0718265538513,1,5,1,1
168330671_312682301_0,65,65,60,55.01514063588629,4,348.37295056714095,1,4,1,1
168330642_168330638_0,65,65,60,99.40316908826011,4,345.67603049373935,10,6,1,1
168330642_178616217_0,60,60,55,412.5353094147963,4,269.7014379091685,8,8,8,1
168330638_168330642_0,65,65,60,99.40316908826011,4,345.67603049373935,10,6,1,1
168491391_178615588_0,45,45,40,1120.5901125294693,5,453.6971625633276,1,4,4,1
168491391_168491368_0,60,55,50,375.8215820032328,4,664.3276659374663,4,9,1,1
168491368_168330709_0,60,60,55,134.1012666941728,4,750.0,5,8,1,1
168491368_427959730_0,60,60,55,428.7080959598538,4,662.137051040671,5,9,3,1
168491368_168491391_0,60,55,50,375.8215820032328,4,664.3276659374663,4,9,1,1
168497424_168497426_0,50,50,45,51.92753414271716,4,750.0,1,2,1,1
168491440_4834501706_0,55,50,45,183.9826021421906,4,354.85116036824104,10,2,1,1
168491424_2264456429_0,60,60,55,57.383760286950185,4,389.351425397548,1,2,3,2
10207081166_30243348_0,65,60,55,148.6324077370581,5,131.92950472111335,5,3,2,2
168523377_1751118891_0,60,60,55,850.8978870992777,4,578.1285510269096,1,9,2,1
3805966095_30243253_0,50,50,40,361.4976818608448,6,48.08171985207044,3,5,37,1
168521958_412437304_0,65,65,60,370.84333893855336,4,359.59117037033,4,3,1,2
168499059_955374515_0,60,60,55,264.11042191507926,3,0.0,32,10,8,1
168499059_412436535_0,60,60,55,239.03273054754004,4,0.0,32,13,4,2
168499035_168497426_0,60,55,50,116.2912015248515,4,750.0,1,3,1,1
168499035_1912584090_0,60,60,55,56.67605682921142,4,750.0,1,3,1,1
168497426_168499035_0,60,55,50,116.2912015248515,4,750.0,1,3,1,1
168497426_168497424_0,50,50,45,51.92753414271716,4,750.0,1,2,1,1
168529411_168529420_0,55,55,50,158.7256298502936,5,568.9832158021551,1,5,1,1
168526166_168529440_0,55,55,50,291.8371475031941,5,266.3071065590906,15,5,1,1
3805966095_430984237_0,60,55,50,57.20861654072576,6,48.08171985207044,4,4,23,1
168526135_1751329398_0,55,55,50,589.7443834069016,5,252.46117752790147,1,8,1,1
168526135_168526134_0,60,60,55,29.910709288395743,5,278.1531201637424,1,3,1,1
168526134_312682308_0,60,60,55,51.91786239390345,4,303.8372407447746,1,3,1,1
168523377_1751118823_0,60,60,55,36.96173450894906,4,545.7881538814995,1,5,1,1
168529451_168529440_0,55,50,45,274.6628833205746,5,254.13623483168945,10,8,1,2
168529451_8310685647_0,55,50,45,119.5907224762871,5,337.3923005902109,3,5,1,1
168529440_168526166_0,55,55,50,291.83714750319405,5,266.3071065590906,15,5,1,1
168529440_168529451_0,50,50,45,274.6628833205746,5,254.13623483168945,10,8,1,2
168529440_2267446342_0,55,55,50,73.96816920560136,5,266.3071065590906,8,3,1,1
168529420_1751329398_0,55,55,50,25.59455463823229,5,556.8594254728088,1,3,1,1
168529692_1912611186_0,65,60,55,158.50742343961412,5,709.7357708613515,1,4,1,1
3772706344_387127688_0,50,50,45,85.53315834327248,5,347.06795604609204,1,3,1,1
168529464_412435887_0,60,60,55,116.05063109530944,5,255.5621762209809,12,4,10,1
168529461_3976600124_0,50,50,45,53.108722297287215,5,372.92877414376966,1,3,1,1
178509066_30247035_0,55,55,50,9.88887453903484,5,316.57673951508497,1,3,4,1
3762069452_253790706_0,65,60,55,186.86604739235048,4,269.96448252722524,3,7,2,1
3762069452_253790691_0,55,55,50,446.4837850331362,4,258.7165680734235,1,9,3,1
178508430_4834501688_0,60,60,55,83.08814249816615,4,314.73728873638646,1,5,6,1
178503437_168330638_0,65,65,60,69.065682495405,4,365.5640026417032,10,6,1,1
168537019_190936244_0,65,65,60,99.95834152675955,3,0.0,3,2,1,1
168529692_168529698_0,65,60,55,29.984225471204404,5,715.172735520404,1,3,1,1
178514528_1684908534_0,60,60,50,97.73347599862826,5,135.55831510434993,1,2,2,1
178514528_1684889811_0,55,55,50,48.7064372578025,5,158.29349923933174,1,2,2,2
178514518_533665304_0,50,50,45,140.45567587955384,5,248.07938156261025,2,3,1,1
178514518_4111370382_0,60,55,50,285.86595306223137,5,275.5629473500425,4,6,6,1
10182331319_10182331320_0,65,65,60,32.85229130180538,4,116.71026403810478,2,2,2,1
10253033785_3888894773_0,70,70,65,72.00598402361562,5,0.0,8,2,2,1
10207081166_10042808608_0,70,65,60,150.68582329643647,4,0.0,10,2,1,1
178514516_178514518_0,60,55,50,49.61090150113325,5,321.23237683566026,8,5,1,1
178509066_30247007_0,60,60,55,93.1512321188064,5,224.95833474997525,1,3,9,1
178522003_1001237059_0,55,55,50,13.904930238832709,6,531.1996173853539,1,2,1,1
178520994_178520714_0,65,65,60,102.26402732084638,5,182.20510811248909,1,5,16,4
178520716_178525065_0,60,55,50,70.54467723665188,5,307.8374839092219,1,6,15,2
178520714_30686353_0,70,70,65,71.4751567634237,5,182.20510811248909,3,4,12,1
178519633_30686211_0,55,55,50,65.40636594061465,5,374.80368000867895,1,2,1,1
178518958_2691105735_0,65,60,55,18.3525993738061,5,0.0,5,8,4,1
178518958_4908316180_0,65,60,55,79.80046162418367,2,0.0,6,8,5,1
178542900_803435608_0,65,65,60,121.22353190397938,2,0.0,10,12,18,1
178542900_5225442151_0,65,65,60,18.72680736231646,5,0.0,7,7,12,1
178542532_6565856196_0,65,65,60,150.5891092218525,4,0.0,6,8,3,1
178542532_1012330342_0,55,55,50,142.11730507463034,4,0.0,8,5,5,2
178525064_30307936_0,60,60,55,82.7341571569815,5,179.63821883483868,4,2,3,1
3762069452_4804203390_0,45,45,40,246.5942677865908,5,92.6709372161924,1,4,1,1
178615588_168491391_0,50,50,45,1120.5901125294686,5,453.6971625633276,1,4,4,1
178547786_30686353_0,65,60,55,114.37040058166156,4,160.76197260487527,8,6,17,1
3817759786_904490178_0,40,40,0,98.36909733981732,5,750.0,1,3,1,1
178542900_539186002_0,60,60,55,57.01918682062737,6,0.0,7,9,17,1
190878380_30248343_0,60,60,60,39.333171983137504,6,140.38274040122752,1,2,6,2
178616217_1684889804_0,60,60,55,80.07467971138846,4,269.7014379091685,1,5,4,1
178616216_412426589_0,45,45,40,259.5164031294352,5,402.75491297289534,1,2,11,1
190971702_190971704_0,65,65,60,67.89563923501193,4,143.3254923301949,9,5,21,1
190955805_1401840772_0,70,65,60,2153.921229072408,1,0.0,50,32,44,3
190939352_559604881_0,70,65,60,1735.394170822408,1,0.0,1,3,1,1
190985739_190987745_0,70,65,60,58.29765174693708,4,0.0,5,5,8,1
190985739_30343411_0,70,65,60,86.26940934105767,3,0.0,8,5,10,1
190971704_242284801_0,65,65,60,12.540308565401675,4,164.93471277500066,4,4,14,1
190993191_30252172_0,65,60,60,80.88258194500888,6,0.0,5,2,9,1
190989415_4260777637_0,70,70,65,108.5754333996812,3,0.0,1,3,3,2
190987748_13391145408_0,65,65,60,109.83996331061697,3,0.0,4,8,16,1
190987748_533662733_0,65,65,60,43.61354665303091,4,0.0,4,7,10,1
190987745_243345266_0,65,65,60,93.87636536011829,4,14.701290172488113,5,7,4,1
190986445_13391145408_0,65,65,60,76.88711233897797,3,0.0,5,5,15,1
190986445_190985498_0,70,65,60,83.63709316588566,3,0.0,14,6,12,1
192040052_192039415_0,60,60,55,133.0734254869565,5,0.0,4,7,28,1
192040052_89148866_0,65,60,60,95.79837493721276,5,0.0,10,7,31,1
192039415_30246702_0,60,60,55,48.64547098002053,3,0.0,4,8,25,1
191823363_82632464_0,50,50,45,35.26801587213112,5,103.92889424097469,1,3,4,2
191031236_36756165_0,70,70,65,1777.9008632795442,1,0.0,1,3,1,1
191031231_191031236_0,70,70,65,285.444688884235,1,0.0,1,3,1,1
10182235280_3047640925_0,50,50,45,82.26432859740241,6,0.0,2,3,24,1
10182235280_10182235282_0,70,70,65,35.44894747087223,3,0.0,2,3,18,1
10182331332_30243042_0,65,65,60,118.75575023793544,5,0.0,5,2,14,1
10182331327_10177367826_0,70,70,65,267.326496327428,6,0.0,7,2,11,1
10182331324_1532752078_0,70,65,60,116.60330602924732,2,0.0,6,2,6,1
10182331320_750591201_0,65,65,60,119.75193396065885,4,132.39645603986023,5,3,4,1
191031226_191031231_0,70,65,60,644.1204923870954,1,0.0,1,3,1,1
191001636_190939352_0,70,65,60,620.0790779898193,1,0.0,1,2,1,1
190993191_1400693886_0,65,65,60,39.47830429801135,3,0.0,5,2,8,1
194589435_3868361514_0,60,60,55,87.56254618020674,5,0.0,1,7,28,1
194583692_190981834_0,65,65,60,141.82704526495934,3,0.0,9,7,13,1
192068604_30884353_0,60,60,60,283.8089746371378,6,391.3128382659869,1,4,40,3
192068604_5306386378_0,60,60,60,113.65727065242883,4,386.4768225134214,1,4,17,2
192046649_30647906_0,55,55,50,105.2034847606096,6,165.92648155790883,1,2,24,5
209062724_209064954_0,50,50,45,88.34851218791307,5,101.23003762831264,1,2,36,2
209062724_30254247_0,60,60,55,87.75211267691284,5,182.47707942094007,1,2,43,1
209059231_209062724_0,50,50,45,20.045402953652854,5,181.57426769723315,1,2,30,1
208696479_1297818714_0,60,55,50,823.7456459577128,1,0.0,1,3,1,1
209093243_30297911_0,45,40,0,30.350533350294626,5,104.55125770981178,1,3,27,1
209084274_190993191_0,65,60,55,361.5934906509575,3,0.0,22,8,44,1
209064954_209062724_0,45,40,0,88.34851218791306,5,101.23003762831264,1,2,36,2
209064954_30297911_0,45,45,0,9.345448404365383,5,101.23003762831264,1,2,24,1
211608571_26057341_0,65,65,60,52.49215807074098,3,0.0,6,14,22,1
211608571_26057347_0,70,65,60,32.2318222334985,3,0.0,4,11,16,1
209094329_209093243_0,50,45,40,62.0172049053578,5,92.89175501164846,1,4,26,1
209093243_209094329_0,50,45,40,62.01720490535781,5,92.89175501164846,1,4,26,1
209093243_30297917_0,50,45,0,69.92565489740603,5,119.86108276378356,1,2,27,1
219009557_219009535_0,65,65,60,26.581714786972057,5,179.2352110589846,3,2,6,2
219009535_219011804_0,50,50,45,93.50949919596864,5,198.55576451145225,3,4,14,1
219009535_240982102_0,60,55,50,37.812682824990056,5,165.10535131887346,3,2,11,2
216350784_71710260_0,60,55,50,141.44431722434524,3,0.0,5,10,14,1
219029423_211616876_0,65,65,60,14.144885678849535,3,0.0,10,6,9,1
219026483_30243125_0,55,55,50,118.77934601342416,5,0.0,3,7,3,1
219026483_312891599_0,55,55,50,129.5215330319317,5,118.70852323599796,1,4,3,1
219018794_211616876_0,65,65,60,95.72463017279092,4,0.0,13,7,11,3
219018794_30243212_0,65,60,55,128.6101451961866,5,47.91685901810291,8,5,13,3
219018793_126798002_0,65,65,60,133.1306756285992,4,96.61105139332405,8,4,11,6
219018792_243339566_0,60,60,55,98.1315056533624,5,291.52495742379307,8,4,3,1
240886321_240982770_0,55,55,50,47.05220639812875,6,277.9019720788756,1,2,23,1
240886321_240982102_0,60,55,50,183.2801960990498,6,165.10535131887346,2,3,31,3
3807075709_12643326925_0,60,60,55,571.8960723748579,2,0.0,4,4,1,1
230161188_1311833057_0,65,65,60,77.28885808444566,3,0.0,4,5,17,1
230158668_230161188_0,60,60,55,106.9197297263511,6,0.0,1,3,22,1
225859994_262250623_0,65,60,55,29.830957906220053,3,0.0,16,4,2,1
225859994_4485344001_0,60,60,55,390.7638800617304,4,0.0,27,8,19,1
219029434_126798008_0,65,60,55,28.41200095419836,3,0.0,11,7,7,1
240978795_4212111673_0,60,60,55,68.42790294336062,6,339.35515815222163,1,2,41,1
240978204_13199678806_0,60,60,60,6.069397033434798,6,383.24910773839065,4,2,28,1
240940059_30254231_0,55,55,50,32.60427472131916,5,107.68934129512188,3,3,25,1
240936350_240940059_0,50,50,50,139.6431164014674,6,36.74471042480389,4,6,47,1
242318729_30343485_0,60,60,55,15.032420394376976,4,508.4464158584934,1,3,19,1
242284801_21638891_0,65,65,60,69.19595528743332,4,158.30429559902726,9,5,23,1
240982770_240886321_0,60,55,50,47.05220639812876,6,277.9019720788756,1,2,23,1
240982770_2482703292_0,60,55,50,108.57626272403836,6,173.6066298632121,1,2,31,1
243338874_247637113_0,65,65,60,138.17695944514705,4,130.5742520997012,4,7,2,2
243338874_243338875_0,60,60,55,133.46284742229167,5,129.29630879836438,3,8,3,1
243336862_3184350843_0,55,55,50,112.32798211106856,5,278.9026287756563,1,2,20,1
243336646_30244001_0,60,55,55,96.35857675859036,4,288.0984409988991,8,5,6,1
10177414047_10182338471_0,65,65,60,267.56999164438963,6,118.15184517435408,4,2,17,2
10177414047_10177414048_0,65,65,60,33.94986127896432,5,118.15184517435408,1,2,1,1
10182310913_10177414037_0,70,70,65,226.0375753636077,6,0.0,7,2,17,1
10182303358_30243209_0,70,70,65,119.34140600998025,4,126.3797854905896,5,2,25,1
10182303357_10182303351_0,70,70,65,145.48553040716058,6,0.0,6,3,28,1
10182303357_10182303358_0,65,65,60,32.7415185784251,4,133.062216531152,2,2,15,1
10182303354_1126848499_0,70,70,65,99.29697130349813,6,0.0,10,9,18,1
10182303354_10182303351_0,65,65,60,32.19719748408576,3,0.0,4,4,20,1
242318729_30343670_0,65,60,55,108.12675494987482,5,512.3337888569722,1,3,29,1
243338881_243338866_0,60,55,50,135.98756519860495,5,131.34538831773187,4,8,6,1
243338881_30312835_0,65,65,60,136.82726777172286,5,131.34538831773187,6,8,6,2
243338878_1940583260_0,65,65,60,99.20253595498905,5,0.0,2,6,23,1
243338878_1940899124_0,65,65,60,49.14254495718107,3,0.0,2,6,16,1
243338877_1940890836_0,65,60,55,68.57590678395275,5,0.0,3,3,5,2
243338876_30312843_0,65,65,60,139.84847592687092,5,129.4197948416004,4,2,3,1
243339565_359979755_0,60,60,55,178.89140798650223,4,247.06506744790067,9,5,4,1
243339565_1125511774_0,60,60,55,21.354479304498867,5,247.06506744790067,6,2,2,1
243339109_9433723474_0,60,60,55,23.238862554430312,4,274.97359034478967,5,2,2,1
243339109_4454226363_0,60,60,55,17.5342877850505,5,285.12330102600566,4,2,2,1
243339102_600830525_0,70,65,60,103.2916527558155,3,0.0,9,7,3,1
243339101_30242972_0,65,60,55,115.93019869420412,4,20.85439345496388,6,3,7,1
243339101_243339102_0,70,65,60,29.955126323974216,4,0.0,6,5,3,1
243338885_536428072_0,60,60,55,130.8488416406745,4,134.17656881262752,7,4,7,1
243338885_30312830_0,60,60,55,132.63014342638246,4,134.17656881262752,7,3,5,1
243341157_243341158_1,65,60,55,30.93899757121901,3,0.0,4,6,1,1
243341157_243341158_0,65,60,60,416.8326992880194,5,0.0,4,10,4,1
243341156_243341157_0,65,60,55,114.1755456008042,3,0.0,9,7,1,1
243341156_30312391_0,60,60,55,307.4063632576908,4,0.0,5,9,8,1
243339566_2677447201_0,65,60,55,31.061543714030712,5,260.48816930194977,6,4,1,1
243342791_1940908212_0,60,55,50,30.052428463149003,5,123.38065634755824,5,2,1,1
243342775_1940910619_0,55,55,50,64.83199602093231,4,122.95669720614632,1,2,15,1
243341360_243341274_0,70,65,60,424.91530197841087,1,0.0,2,2,1,1
3822804392_3822804393_0,60,60,55,26.709290246299915,5,0.0,4,3,2,1
243341158_347353580_0,65,60,55,77.80308233158992,3,0.0,6,7,3,1
243341158_30253278_0,60,60,55,419.5752140959309,3,0.0,5,6,5,1
243345481_243345599_0,50,45,40,41.29392495461545,5,136.62098106692272,1,3,8,1
3822804388_3822804384_0,70,65,60,20.113257354158023,3,0.0,5,3,1,1
243345437_243345599_0,50,45,45,20.536839822307,5,163.99479191684404,1,3,8,1
243345266_242284800_0,65,60,55,19.62961932785895,4,88.38424951916001,2,7,4,1
243343112_30689551_0,60,60,55,46.11150800364391,3,0.0,5,6,1,1
243343111_30689549_0,65,65,60,45.52894011463631,4,129.34572240423063,6,3,3,1
243342791_2578612972_0,65,60,55,123.39552384456796,4,0.0,9,3,8,1
243587576_1482182667_0,50,50,45,548.4484958254898,1,0.0,12,8,1,1
243586498_330419120_0,70,65,60,435.3672741680546,1,0.0,2,4,1,1
243586483_308678075_0,70,65,60,136.27794334290718,1,0.0,1,4,1,1
243346441_71709908_0,60,60,55,213.6784296065152,4,319.71492818254114,5,5,16,1
10177321808_1532752078_0,70,70,65,115.4457757016958,3,0.0,4,2,8,1
10182235276_33098963_0,75,70,65,116.6022051962886,3,0.0,4,2,21,1
10182235275_10893712431_0,70,70,65,146.7158704216357,6,0.0,4,2,30,2
10182235275_10182235276_0,70,70,65,35.02381883558304,3,0.0,2,2,21,1
10181609603_252826185_0,70,70,65,117.77611410699276,4,0.0,5,3,18,1
10181609602_2501773162_0,65,60,60,72.50911392940338,6,68.33018838751579,2,3,17,1
10181609602_10181609603_0,65,65,60,33.96045466928585,4,117.76783829018196,2,2,14,1
243345600_243345653_0,60,60,55,35.575625106532144,4,221.13285906526684,1,4,15,1
247637113_4192143112_0,65,60,55,381.841206740366,4,24.322260195092007,8,6,1,1
3822804387_960619341_0,65,65,60,230.67410972179576,5,0.0,6,6,2,1
247637070_247636999_0,60,60,55,169.39835281570777,4,193.65382332903383,13,5,4,2
247637070_30297379_0,55,55,50,135.9500060495888,5,265.840953008321,7,2,1,1
247636999_243342778_0,65,60,55,50.79580927305231,4,142.86629612636,11,5,5,2
3822804387_3822804393_0,65,65,60,62.01771773390128,3,0.0,8,4,2,1
243752698_3439160184_0,55,55,45,77.26551494212272,6,262.2277435894889,1,2,27,2
243748972_240982770_0,50,50,45,36.94223886943028,6,277.9019720788756,1,2,22,1
249426450_1382873591_0,60,60,55,198.54135847415392,3,0.0,7,3,11,3
247638056_225859994_0,65,60,55,418.7607771722071,3,0.0,25,13,36,1
247637684_30312955_0,65,65,60,135.3373140500551,3,0.0,4,4,1,1
247637683_30312937_0,65,65,60,142.92363850842028,5,0.0,7,4,1,1
247637683_347712446_0,65,65,60,102.5579938392387,3,0.0,5,4,1,1
247637636_347340794_0,60,60,55,145.5637749863522,5,0.0,3,4,4,1
250794421_431481322_0,70,70,65,132.52030506370755,2,0.0,10,7,5,1
250794420_250794421_0,70,70,65,133.3941573250182,2,0.0,9,6,10,1
3822804384_3822804388_0,70,65,60,20.113257354158023,3,0.0,5,3,1,1
250794419_559794884_0,70,70,65,20.499829797374023,5,0.0,4,6,3,1
250794418_431481389_0,65,65,60,16.242577438755415,5,0.0,6,6,3,1
250794418_250794419_0,65,65,60,133.99316903454385,2,0.0,10,7,5,1
250793737_126797324_0,70,70,65,133.75002874698075,4,0.0,8,4,26,2
250793733_126812839_0,65,65,60,135.69742176584077,4,0.0,11,7,15,1
252825017_30243889_0,60,60,55,134.73450913428852,4,206.38457741223567,5,5,8,1
251543584_30237104_0,65,65,60,87.51861783842217,5,121.858931762227,9,2,5,1
251543584_1528727078_0,70,65,60,50.3956483007286,5,71.65388701266079,9,3,7,1
251543450_687897181_0,65,65,60,15.600050340457038,3,0.0,9,4,3,2
251543446_2077949595_0,60,60,55,9.546040508258494,4,219.22269834562283,12,2,1,1
251543436_401870894_0,60,60,55,253.55304591157577,5,430.2870231291705,5,4,2,1
252850941_1139082295_0,70,70,65,206.4150144960373,2,0.0,13,26,10,1
252850941_319630542_0,70,65,60,183.156125575986,2,0.0,10,25,11,1
252826185_1532752086_0,70,70,65,134.3342895847662,2,0.0,6,4,13,1
252826185_30247091_0,65,65,60,139.73791765620624,2,0.0,7,4,13,1
253790706_253790707_0,60,60,55,51.469455682254576,4,259.77030053347426,6,7,1,1
253790691_3762069452_0,55,50,45,446.48378503313614,4,258.7165680734235,1,9,3,1
253788453_2480520707_1,60,55,50,124.12069465527328,4,398.1619944497103,1,5,4,1
253788453_2480520707_0,55,50,45,214.555589839949,6,373.64995606951527,1,7,4,1
10135472422_8162667537_0,60,60,55,330.741767881867,4,679.5518557202961,9,4,1,1
10135472422_10135472424_0,65,60,55,10.886541995778757,4,750.0,7,2,1,1
10177414035_1532752084_0,70,65,60,154.02737305108425,3,0.0,8,2,15,1
4127392698_1933546304_0,60,55,50,47.51364992126691,5,140.98109269222894,1,2,1,1
4174370011_1374800951_0,45,45,40,16.647589682184506,6,217.84859160155057,1,3,1,1
10177414029_10177414030_0,70,65,60,35.084381023758425,4,115.8556258761014,2,2,11,2
10177367824_10177414048_0,65,65,60,145.2955843814976,6,132.97023499831195,4,2,1,1
253707475_536838760_0,65,65,60,64.84852235489785,5,353.31352608121847,7,17,16,1
253795218_381897082_0,60,60,50,151.6398455150753,4,197.1693382590246,9,5,10,1
4174360690_4174370011_0,40,40,0,56.55235317883941,6,207.69677784346055,1,3,1,1
253790707_253790706_0,65,65,55,51.469455682254576,4,259.77030053347426,6,7,1,1
253790707_3994528973_0,65,65,55,47.35032093016192,5,212.4426190064844,5,8,1,1
254399268_390057398_0,65,65,60,95.21999864265644,5,100.19982517613452,1,6,1,1
254399268_2765228221_0,65,65,60,42.52871643129064,4,58.13916376020555,4,13,1,1
254399268_356295235_0,55,55,50,246.1107312436476,5,100.19982517613452,1,7,1,1
253795580_347353578_0,65,60,55,166.1599529000272,5,0.0,5,6,10,1
253795580_385664092_0,60,55,50,135.2207369815035,4,166.15768138977052,7,4,5,1
253795579_253795221_0,65,60,55,19.268278737563328,4,159.09650152477155,6,2,9,1
253795578_1622002046_0,65,65,60,160.35703722284296,4,0.0,8,6,8,1
253795578_253795579_0,60,60,55,13.086793439237791,4,159.09650152477155,6,3,9,1
253795221_71709881_0,60,55,50,13.77515096861528,4,172.4061225137269,6,3,9,1
253795221_575781202_0,60,55,50,28.16883599000878,4,178.2529609105671,5,2,9,1
255620227_323190992_0,70,65,60,3006.060822248247,1,0.0,11,20,4,1
255461111_974261549_0,55,50,50,260.7215102676495,5,140.92905962788856,22,4,2,1
255461111_255461110_0,60,60,55,140.93185529487565,4,0.0,29,9,2,1
255461111_2845227568_0,65,60,55,144.0601425926803,4,140.92905962788856,10,2,1,1
255461110_974261552_0,60,60,55,270.12282325311395,3,0.0,38,12,2,2
255461110_255461111_0,60,60,55,140.93185529487562,4,0.0,29,9,2,1
4174241500_540312592_0,60,55,50,64.81459192167212,5,102.19201650584824,1,3,4,1
256484346_3824228475_0,60,55,50,207.58573977593505,5,637.8563467967492,1,4,1,1
256484346_387130480_0,50,50,45,113.95671152478457,5,661.3264953899812,1,2,1,1
256484325_387127612_0,65,65,60,105.7833687579638,2,0.0,4,5,2,1
256484473_387130493_0,60,60,55,135.00982922063318,4,261.3311481964664,6,6,4,1
256484473_30295384_0,65,65,55,51.41902604285421,4,299.9012224968893,5,2,3,1
256484464_387127696_0,65,60,55,140.08880308654656,4,225.59116524489855,7,6,6,3
256484464_256484505_0,60,60,55,170.30405833262807,4,219.95479111826012,3,3,5,2
256484464_387130505_0,65,65,60,71.93407753857477,5,225.59116524489855,2,2,5,2
256484453_387130491_0,60,60,55,24.07746505023292,5,329.3733092748995,1,6,2,1
256484453_256484473_0,60,55,50,149.1046812368503,5,299.9012224968893,3,4,3,1
256607726_4591013619_0,50,45,40,130.01426895205896,6,193.66014035330028,1,2,5,1
256484505_256484464_0,55,55,50,170.30405833262805,4,219.95479111826012,3,3,5,2
256484490_849592995_0,60,60,55,23.852757233115423,4,4.439115153327971,6,4,1,1
256484490_30688888_0,65,65,60,139.20754965573667,4,0.0,7,6,3,1
256484488_849592994_0,55,50,45,10.034850111846175,4,28.59434039797029,6,4,1,1
256484485_3748616600_0,65,60,55,185.4046297486512,4,142.12686480015878,7,6,2,1
256484485_387127682_0,60,60,55,171.1518901704377,5,125.03921515859538,4,7,1,1
256680777_1374370026_0,65,60,55,419.2323972779977,3,0.0,1,7,1,1
256680641_658169292_0,60,55,50,131.12399375243112,3,0.0,5,8,1,1
256680641_1350466674_0,55,55,50,11.72038430545894,5,0.0,1,2,1,1
256680583_1350466688_0,55,55,50,151.82622702037943,3,0.0,5,7,2,2
256680583_3472804093_0,65,65,60,53.559162135474864,3,0.0,7,6,2,2
256680583_1071339362_0,60,55,50,467.6283492827003,5,0.0,5,9,3,3
257048006_968281617_0,50,50,45,125.04005527903632,6,77.3283170893767,1,4,1,2
257048000_257047981_0,55,55,50,189.53397146474805,5,233.12408407161524,1,2,1,1
257048000_957075910_0,60,55,50,65.71155847041298,6,209.01630861221636,1,2,1,1
257047981_30254610_0,60,60,55,46.9591424913541,5,211.85270141514968,1,2,1,1
257047981_2706190190_0,60,60,55,51.30660386677033,5,255.05767309193416,1,2,1,1
257047975_257047981_0,60,60,55,134.92885127407325,5,255.05767309193416,1,2,1,1
256680777_8974093833_0,65,60,55,77.58938109424435,3,0.0,1,2,1,1
257747680_1046607401_0,60,60,55,157.84606425355776,6,393.5668156952714,1,3,7,3
257747680_2707017764_0,55,55,50,156.36067778204173,6,393.5668156952714,1,4,9,3
257746909_2708786214_0,70,65,60,108.01093288891975,4,302.9325952717352,6,10,8,1
257048076_257048068_0,55,55,50,50.35198169568639,6,91.87612936344632,1,2,1,1
257048040_4416582754_0,60,60,55,88.78713611709415,5,33.680655656194865,3,4,1,1
257048025_957075909_0,55,55,50,126.48380186854396,5,69.42483729670265,1,4,1,1
257048006_948980794_0,55,50,45,82.2102599636791,5,175.83631988968736,1,2,1,1
258359283_359238153_0,55,50,45,146.9219500853566,5,361.2007134939346,1,2,3,1
258359282_356295237_0,55,55,50,75.8209334685287,5,197.9455939976729,1,4,1,1
258359282_390227221_0,65,60,55,244.10725175481912,5,210.72235260719685,2,4,11,1
258359282_356295211_0,50,50,45,83.166510195185,5,141.48982101711593,1,2,1,1
4174198170_681936411_0,60,55,50,118.78286076735608,5,71.41568043023719,1,4,4,4
257747681_257747680_0,60,60,55,45.79771195957805,6,352.23407210345863,1,3,8,3
258359388_356295215_0,55,55,50,144.97181973470018,5,462.9857106259925,4,3,1,1
258359388_359237300_0,55,55,50,121.23576305720631,5,497.5161043075469,5,2,1,1
258359387_258359388_0,55,50,45,100.5782687911387,5,497.5161043075469,2,2,1,1
4174198170_390227124_0,60,55,50,64.35979699532015,5,10.302431336840348,1,4,3,1
258359284_258359283_0,50,50,45,153.66232090718486,5,361.2007134939346,1,2,3,1
258359284_258359387_0,55,55,50,139.4956829625342,5,489.3090916256489,1,2,2,1
258359283_258359284_0,50,50,45,153.66232090718486,5,361.2007134939346,1,2,3,1
4174198170_166211429_0,65,65,60,93.00353161165856,5,71.41568043023719,1,5,12,1
258565857_490941837_0,50,45,40,42.741679003262064,5,251.86967206638903,2,7,2,1
3822804384_903833780_0,65,60,55,72.13980640919752,5,0.0,3,3,1,1
258563358_257746909_0,65,60,60,4.454238243035612,4,299.02127716314124,2,7,7,1
258562674_2017294208_0,65,65,60,426.193764492865,2,0.0,16,7,1,1
258562666_258562674_0,65,65,60,38.25544134599918,2,0.0,6,4,1,1
258562655_522578984_0,60,60,55,133.20019663045403,2,0.0,7,6,1,1
260723606_30295132_0,65,65,60,109.3623173417567,5,76.62422909806871,5,2,5,3
260723604_30295138_0,65,65,60,107.21952410884928,5,353.05209910655174,1,8,17,1
260723600_260723993_0,65,65,60,56.718548679799,4,159.64410876587863,5,6,15,1
258565861_955030102_0,65,60,55,37.12619070464098,4,71.92656885987688,3,8,4,1
258565861_2665264315_0,70,65,60,75.90070327909305,4,108.72023594697862,6,9,6,1
10001393041_420061783_0,60,55,50,96.02675270293544,5,89.22343322940456,5,10,1,1
10001393038_8302879830_0,55,55,50,26.577530723829163,5,180.39387175866773,5,6,1,1
10001393038_10001393041_0,55,55,50,8.709800155770784,5,173.9142353259136,5,6,1,1
10173687169_2510614158_0,65,65,60,41.00561469032591,5,0.0,4,7,8,1
10135472434_10135472436_0,45,0,60,8.171305750460924,4,750.0,6,2,1,1
10135472427_10135472431_0,65,60,55,21.12887765532319,4,750.0,7,2,1,1
10135472427_30297252_0,65,60,55,137.7597682178763,4,685.0310213653946,9,3,1,1
258565861_1306211579_0,60,60,55,96.3192977855056,5,89.84020440606103,3,9,4,1
3822859924_387130532_0,50,50,45,367.6223354864678,5,464.4529153628691,1,5,1,1
262250647_619407541_0,60,55,50,109.17014095168236,3,0.0,6,6,5,1
262250646_543552915_0,65,65,60,451.5619857714493,4,0.0,11,11,5,1
262250646_312895216_0,60,60,55,115.81770230694583,4,0.0,5,3,2,1
262250623_262250616_0,55,50,45,14.89426674409934,3,0.0,15,4,1,1
262250618_262250621_0,60,60,55,40.09734244305995,3,0.0,18,6,2,1
260723993_260723600_0,65,65,60,56.71854867979899,4,159.64410876587863,5,6,15,1
260723993_6960234560_0,65,65,60,64.47676608139871,4,209.6623546605732,4,10,22,1
262251757_30312951_0,65,65,60,94.08526191227554,5,91.80705452067788,4,2,4,3
262251757_304495351_0,65,65,60,150.66361277229677,4,0.0,5,8,6,2
262251754_382063655_0,55,55,50,21.07532782539027,4,117.71041824674212,5,3,8,1
262251752_262251530_0,60,60,55,47.959365929312405,5,134.39027652582064,4,4,1,1
262251531_544222994_0,70,65,60,101.16860823051653,4,0.0,6,6,2,1
262251531_347340786_0,65,60,55,34.8451304339078,3,0.0,3,6,2,1
262251530_619410240_0,65,60,55,85.36447524524112,5,133.08413923705112,4,3,1,1
262250647_312894015_0,65,60,55,148.77128873304622,4,0.0,5,7,4,1
269376402_12945311545_0,65,65,60,10.10123656882972,4,0.0,3,5,4,1
269376045_6099715638_0,60,60,55,8.110570965331897,4,187.25305322209903,1,2,1,1
269376045_269382534_0,55,55,55,148.28677722134586,5,187.1932740247307,1,2,1,1
269376044_269376045_0,65,60,55,246.98726113619853,5,61.43469485777884,4,4,2,1
269375412_269376403_0,60,60,55,7.546516855636227,5,168.67606476717478,2,2,9,1
262251807_312894381_0,65,60,55,66.86902270059929,3,0.0,4,2,1,1
262251807_247637650_0,60,60,55,29.142083046569628,4,0.0,2,2,1,1
269377740_12945292492_0,65,65,60,66.96229421383487,3,0.0,5,3,3,1
269377740_364816187_0,65,65,60,23.66228949073492,5,0.0,3,2,3,1
269376915_269381939_0,60,60,50,38.24767297280002,5,191.5723306373193,2,2,1,1
269376915_30313254_0,65,60,55,64.48789203600764,5,144.16236097571408,4,4,2,1
269376403_1375272355_0,60,55,55,104.5303040754404,4,89.78518966049376,2,4,11,1
269376403_269375412_0,60,60,55,7.546516855636227,5,168.67606476717478,2,2,9,1
269376402_269377740_0,70,65,60,183.889217733742,3,0.0,6,5,9,1
269380670_1856466849_0,60,55,50,132.20207437494622,5,30.26985156749055,7,10,2,1
269380386_1840721005_0,60,60,55,20.13116267738562,3,0.0,3,5,1,1
269380178_1840720998_0,55,55,50,104.2067232903203,3,0.0,4,5,1,1
9870574443_9870574441_0,60,60,55,15.573943785934524,5,288.654669006443,1,3,1,3
9870574441_9870574443_0,60,60,55,15.573943785934524,5,288.654669006443,1,3,1,3
3822859922_3822859923_0,55,55,50,66.29903191489504,5,368.1887945447058,1,4,1,1
10042808608_4826990970_0,70,65,60,8.04492436665148,3,0.0,7,2,1,1
10042808608_10042808607_0,65,65,60,12.21634305904822,4,0.0,8,2,1,1
10042808607_10042802553_0,60,60,55,139.10789001651,4,0.0,9,3,1,1
10042802553_3943567473_0,70,65,60,303.3169975675389,5,99.93459803202764,7,4,1,1
10001403893_1889743252_0,55,55,50,175.07537550274225,6,81.02831482530435,1,2,2,3
10001393041_420051087_0,65,60,55,10.004971812865469,5,173.85530940986808,5,6,1,1
269379908_269379909_0,70,70,65,53.22407404074539,2,0.0,5,3,3,1
269379908_364829686_0,70,70,65,26.210069858297416,3,0.0,4,3,1,1
269379907_59850120_0,70,70,65,59.512129862123366,3,0.0,2,3,6,1
269382682_364829704_0,65,65,60,403.62497536203233,2,0.0,10,17,24,1
3822859920_1695282664_0,65,65,60,67.67703238424012,2,0.0,8,11,2,1
269382682_10880504322_0,70,65,60,7.527721405176174,2,0.0,5,8,6,1
269382573_269376402_0,70,65,60,65.02131841118388,3,0.0,6,9,5,1
269382534_13750214001_0,60,60,55,6.640448526629921,5,188.9037626446509,1,2,1,1
269381939_289658891_0,60,60,55,66.9935920816,5,210.23025691563072,1,3,2,1
269381314_1840720990_0,70,70,65,43.51654246879637,3,0.0,3,7,9,1
269381078_269381077_0,70,65,60,34.01838006437523,3,0.0,5,11,9,1
269381078_13479788908_0,70,65,60,24.48102594441788,3,0.0,5,10,9,1
3822859920_960619355_0,60,55,50,35.30684494944096,4,0.0,7,12,2,1
269381077_1382873617_0,70,65,60,124.70008235558936,3,0.0,2,11,9,1
269383990_1378087178_0,65,60,55,10.327296875744109,5,52.0600274027156,1,4,5,1
269383881_1378087178_0,55,55,55,69.08099452925751,5,62.38664800376418,1,5,9,1
269383881_1645362844_0,60,60,55,36.10844225810666,5,75.38646739871767,1,4,7,1
269383243_998592677_0,60,55,50,38.63890354008403,2,0.0,4,3,10,1
269383243_1856468570_0,55,55,55,126.34992936370888,5,0.0,10,2,15,1
269382694_30558511_0,65,60,55,163.5189477915472,3,0.0,4,2,5,1
269382694_557230343_0,55,55,50,135.96290743803945,5,0.0,4,2,3,1
269745625_582874668_0,60,55,50,1143.1326769204777,5,455.1028331000693,1,4,1,1
269745625_319774339_0,60,55,50,216.986494636591,4,322.4141645474323,1,5,1,1
3822804393_960619373_0,65,65,60,136.30254734235882,5,0.0,4,4,2,1
269385954_269379907_0,65,65,60,86.40692524858565,5,0.0,2,7,5,1
269384759_2510678721_0,65,60,55,97.8251435102286,5,26.07947613530619,1,4,16,1
269383990_269383883_0,70,65,60,52.07607687521492,5,0.0,4,4,9,1
273102083_849592993_0,65,60,55,15.174793326845323,4,66.75200295193136,3,5,1,1
273101950_825340622_0,60,60,55,258.03075350387184,4,155.59291219689217,3,8,8,1
273101950_825340484_0,55,55,50,17.27457693356787,5,172.1956728688662,2,3,6,1
273101950_30689037_0,65,60,55,9.518801061086949,4,170.74352792447735,2,4,6,1
273101948_30688904_0,50,50,45,160.35579182260005,5,86.81914669173314,1,6,1,1
269745664_534390740_0,0,0,0,303.4519740615202,5,695.0259380240997,1,5,1,1
288024527_432509964_0,55,50,45,106.50716626771298,5,374.2059918478343,3,4,11,1
288024058_688393867_0,65,60,55,86.29172543696139,2,0.0,12,4,1,1
288023677_535228365_0,50,50,45,79.50170773420199,5,417.1315030412605,1,2,1,1
288023677_330417668_0,50,50,45,117.63119686463342,5,417.1315030412605,1,2,1,1
288022712_535228367_0,50,50,45,108.65896950209428,5,396.56163114726746,1,3,1,1
273102085_30688883_0,65,65,60,107.05406150645544,5,136.7144814347734,4,4,3,1
273102085_30688906_0,55,55,50,131.17574908635035,4,92.03646608001576,4,4,3,1
290060062_290060063_0,60,60,55,29.68079685077106,3,0.0,6,5,1,1
290060008_8140250872_0,60,55,50,135.7185331708704,3,0.0,11,3,1,1
289658891_667395973_0,60,60,55,175.48745873622488,5,222.0900523301834,1,2,3,1
288028794_535228349_0,55,50,45,104.74958147493808,5,381.64245386205073,1,2,1,1
288028794_31285427_0,65,65,60,191.5849033622037,5,412.4697964722469,1,2,1,2
288026717_330417668_0,55,55,50,80.39346083590058,5,530.7610425202874,1,3,2,1
288026013_288028794_0,55,55,45,117.84318177923244,5,467.7679049884159,4,2,1,3
9769855904_689444888_0,50,45,45,166.91862059503288,5,265.40357934403227,4,3,1,1
9939580063_178520994_0,55,50,45,90.98071673854584,5,195.85439987623676,1,6,12,3
9935801048_30307934_0,60,55,50,70.1063881950994,5,244.0554391551653,1,3,8,2
9935801048_178525065_0,55,55,50,92.98687364599408,5,244.0554391551653,1,6,14,2
9873768080_598219933_0,55,50,45,415.91994017453817,5,22.255231534974133,5,3,1,1
9870574443_598220565_0,60,60,55,54.69777536126924,5,235.3703946028801,5,4,1,3
288026013_535228371_0,55,55,50,113.2877361180878,5,412.04960598760624,4,2,1,4
288024531_432509963_0,60,60,55,104.0999284215852,5,486.7363649440549,1,6,7,1
288024531_288024527_0,55,50,45,116.76624857850554,5,374.2059918478343,1,4,9,1
293526303_30296310_0,60,55,50,71.27318188354134,4,216.8078825407282,1,6,3,1
293526303_30296367_0,55,50,45,57.88691349906612,5,273.2850123406983,1,5,3,1
293408559_347344104_0,55,55,50,135.03270046105823,3,0.0,8,5,2,2
293407668_347344104_0,60,60,55,116.8780012216541,3,0.0,11,8,2,2
293407668_1297470711_0,60,55,50,15.16553133742774,3,0.0,5,7,2,1
293407667_541644008_0,60,60,50,100.9089020777192,5,98.08465829559692,1,4,1,1
293302298_293526303_0,60,55,50,162.03229316345315,4,273.2850123406983,5,6,7,1
293302297_482511822_0,60,55,50,83.58938357795691,5,158.5984076239139,1,2,2,2
293302297_1748098646_0,55,55,50,51.7694180769121,5,158.5984076239139,1,2,1,1
301572399_301572961_0,65,65,60,17.780015085007435,3,0.0,3,2,10,1
301572306_301572399_0,70,70,65,136.374828718844,5,0.0,3,3,16,2
301572306_30243325_0,60,60,55,69.36027464806497,4,131.33037910007954,1,2,9,2
301572279_301572963_0,65,65,60,17.43419673921776,2,0.0,6,4,11,1
301572279_301572306_0,70,70,65,131.34466829765677,5,0.0,6,4,14,2
301572243_301573106_0,65,65,60,18.06583853081742,5,136.12053580632266,5,2,16,1
301572243_11053280241_0,65,65,60,118.66780574410156,5,136.12053580632266,8,2,30,1
299365802_425635740_0,60,55,50,71.84883774949085,4,196.4757094820453,1,6,3,1
3822804393_3822804387_0,65,65,60,62.01771773390127,3,0.0,8,4,2,1
293527302_6547829115_0,65,60,55,380.97639122565056,3,0.0,4,2,1,1
301572957_30238027_0,65,65,60,83.26525200996683,5,87.44823769810742,3,3,17,1
301572951_301572963_0,70,70,65,131.5714915311617,5,0.0,5,4,15,2
301572951_301572306_0,65,65,60,17.904313578486505,4,131.33037910007954,1,2,8,2
301572949_301572460_0,65,65,60,17.172716219668125,4,166.97531845324335,4,6,20,1
301572949_301572957_0,70,70,65,132.86054252874445,5,132.37743622671596,7,6,27,1
3824437289_3824437288_0,65,65,60,78.52773417769676,5,118.75329787110368,3,2,5,1
301572944_30247432_0,65,60,60,164.26398509763746,5,0.0,4,4,13,1
3824437289_3824453860_0,60,55,50,29.756430800758547,5,196.09635744483973,1,2,3,1
301572459_301572460_0,70,70,65,133.17928848339665,5,132.4484695138256,7,6,29,1
301572459_301572957_0,65,65,60,17.53051594092995,5,132.37743622671596,3,2,15,1
303636030_59749810_0,65,65,60,92.69253987063573,4,136.02568717494208,3,4,23,1
3824228475_387127719_0,55,55,50,239.070124068665,5,560.5980430606343,1,6,2,1
303635779_667898752_0,65,65,60,73.41651229849246,6,126.80239122156736,5,2,1,1
303618686_30264558_0,60,60,55,75.49088128495426,5,111.33963195935762,1,2,5,1
303618685_303618686_0,60,60,55,82.00932679883107,5,180.72256954230284,1,2,5,1
303618685_2013654035_0,55,55,50,73.8320503005933,5,225.88794821689063,3,2,4,1
301573130_301572132_0,65,65,60,19.50645366542077,2,0.0,11,5,19,1
301573130_1400448339_0,70,70,65,17.65578859167852,5,0.0,11,5,21,1
301573106_4719409243_0,65,65,65,181.6213268053839,5,0.0,8,3,24,1
301572963_3207831035_0,75,70,65,149.85294319229212,5,0.0,8,4,23,1
301572961_301572951_0,70,70,65,136.24968897021174,5,0.0,3,3,17,2
308733542_1860575766_0,65,60,55,139.96238751634826,5,65.43386509303934,2,5,15,1
308733525_30253978_0,70,65,60,67.86321758539127,5,0.0,2,6,16,1
308672756_690679214_0,65,65,60,492.8123900535058,1,0.0,2,9,1,1
304495406_304495351_0,65,65,60,52.24666553063665,3,0.0,3,7,6,1
304495406_30312951_0,65,65,60,137.63604428507293,6,0.0,3,7,7,3
304495351_597212245_0,65,65,60,150.79938512598,4,0.0,7,7,6,1
304495351_262250647_0,65,60,55,35.24788007746068,3,0.0,3,6,4,1
303636030_708983971_0,65,60,55,24.322934855696776,5,196.2868517351488,1,3,16,1
312891599_30253375_0,65,65,55,125.8765206942272,5,0.0,9,2,3,2
312682308_168526134_0,60,60,55,51.91786239390345,4,303.8372407447746,1,3,1,1
312682304_312682307_0,55,55,45,24.789526958861188,4,372.5197330279121,1,3,1,1
3824228475_387130480_0,50,50,45,240.11691112504505,5,607.1750174885916,1,5,1,1
312682301_312682302_0,65,60,55,27.78817581661624,4,378.7949549105404,1,4,1,1
312680292_365565833_0,65,65,60,147.75222465126467,4,160.29107026329336,7,8,16,2
312894014_315486997_0,65,65,60,137.09751505822723,5,0.0,5,2,1,1
312894014_416885092_0,65,60,55,263.9105190809699,5,0.0,5,2,1,1
3823645381_1695282671_0,65,60,55,111.19267244563142,5,202.46633940550643,3,3,2,1
312894013_618431746_0,65,60,55,264.93931889599764,5,137.46922851440652,3,2,3,1
312894013_390879715_0,65,60,55,138.93169298717203,4,400.5185208811728,5,3,3,1
312894013_541644006_0,65,65,60,402.0401874774487,5,373.73884253098447,6,2,3,2
3823645381_2708786158_0,65,65,60,20.471611149171338,5,202.46633940550643,3,3,2,1
9533512214_30264259_0,55,55,50,379.7840117126785,5,170.09792641628033,17,4,1,2
9803583623_301572944_0,65,65,60,16.934118973566466,5,82.23081953140361,2,2,7,1
9794956144_269376044_0,65,65,60,9.36160954127212,5,56.756587937860544,3,3,1,1
3822888097_3825223113_0,65,65,60,112.70851253342822,5,637.3442928536391,3,2,5,1
9788449184_1400465774_0,70,65,60,10.405987481237798,3,0.0,6,16,5,1
9782230123_1311619407_0,70,70,65,7.424058816690101,3,0.0,8,2,6,3
315486997_312894014_0,65,60,55,137.09751505822723,5,0.0,5,2,1,1
3822888097_387127729_0,55,50,45,73.75339444393018,5,565.2714412963606,1,2,1,1
315486996_315486999_0,65,65,60,62.01900012415107,3,0.0,3,4,1,1
315486993_559424462_0,65,65,60,23.40765830960349,3,0.0,5,7,1,2
312895216_541644038_0,55,55,50,268.54960288051967,5,0.0,1,3,4,1
312894381_1601776162_0,65,60,55,45.869983960022864,4,0.0,2,2,1,1
312894381_543552912_0,65,60,55,93.8267340453162,3,0.0,5,4,2,1
312894015_262251530_0,60,60,55,95.87943239759365,4,133.00559320366386,4,4,2,1
316877744_2936643049_0,65,65,60,58.64855117419036,5,0.0,6,4,1,1
315487000_315486997_0,65,60,55,137.4542391762569,3,0.0,5,2,1,1
315487000_1307298337_0,60,55,50,133.49322498669568,5,0.0,2,2,1,1
3822859924_256484442_0,55,55,50,151.52462900420048,5,388.9635736121056,1,4,1,1
315486997_618431744_0,55,55,50,50.93451332076539,3,0.0,4,3,1,1
317922760_1162558801_0,60,55,50,871.3411866019651,1,0.0,20,8,2,1
316877771_316877767_0,65,60,60,73.80196343893462,4,81.64636130789104,5,2,1,1
316877767_316877771_0,65,60,60,73.8019634389346,4,81.64636130789104,5,2,1,1
316877767_598223793_0,60,60,55,190.0379310175349,4,135.75569171351427,6,5,1,1
316877763_316877767_0,65,65,60,210.74447193899124,5,60.27922876901017,3,4,1,1
316877760_815063036_0,65,65,60,46.56129260506633,4,9.01216049486112,3,3,1,1
316877756_316877760_0,70,70,65,140.67278270736338,4,0.0,3,3,1,1
3835613870_1860575762_0,65,65,60,143.12246652330495,5,31.714640554327403,6,5,19,1
317998745_1857472174_0,60,60,55,117.38877677587296,6,160.40851716196178,4,7,1,1
317926487_317922760_0,70,65,60,347.31070050071827,1,0.0,1,5,1,1
9465476413_1908547749_0,50,45,40,87.63919821375703,5,181.24592701097188,1,2,1,1
9632863111_2087900206_0,60,60,55,484.190620431085,1,0.0,1,3,1,1
9608382461_1001228552_0,55,50,45,98.08806357246004,6,55.627094455017954,1,2,2,1
318589941_316877744_0,65,60,55,474.48510399896026,1,0.0,10,12,1,1
318318114_317926447_0,70,65,60,356.6136784366185,1,0.0,7,5,1,1
318318107_318318114_0,60,60,55,310.0441491711477,1,0.0,1,2,1,1
318318094_318318107_0,70,70,65,334.16083224779743,1,0.0,1,3,1,1
318318081_318318094_0,60,60,55,759.5254562107964,1,0.0,1,4,1,1
319429058_30618096_0,65,60,55,88.91397019578925,4,0.0,1,2,1,1
319429058_395286289_0,65,60,55,146.19320383081072,3,0.0,5,5,1,1
319428309_1298458116_0,60,60,55,99.21166770675885,5,281.5720409744489,1,2,3,1
319428307_598224987_0,65,60,55,65.59509332784637,5,166.32393143881865,3,5,1,1
319428307_363877263_0,65,60,55,64.81522084470778,5,102.34725276763416,5,6,1,1
319427657_1117832745_0,55,55,50,55.36895616522408,3,0.0,3,3,3,2
319427657_30618092_0,65,65,60,156.06870050511856,4,0.0,5,3,4,2
319631021_6213879857_0,70,65,60,365.60366603839327,2,0.0,3,2,1,1
319630542_319630543_0,70,65,60,20.69870414348924,2,0.0,8,7,9,1
319630104_1139082290_0,65,65,60,26.014294906688598,3,0.0,7,8,6,1
319600517_30689122_0,65,60,55,72.62642813141295,5,106.30384323705016,1,2,1,1
319429258_12645457284_0,60,55,50,58.31495087087773,3,0.0,5,3,1,4
319429060_401798223_0,60,60,55,57.34181585873331,5,0.0,3,4,1,1
319429060_2810558860_0,65,60,60,168.46609162675503,3,0.0,3,4,2,1
319774960_416116731_0,60,60,55,19.22827551707216,4,78.29312474456565,1,4,2,1
319774339_1350466742_0,40,40,0,138.23553729497203,4,319.5030431736509,1,3,1,1
319774339_808007297_0,40,0,0,288.45419163371776,5,291.4275472927013,1,3,1,1
319774339_269745625_0,60,55,50,216.986494636591,4,322.4141645474323,1,5,1,1
319774235_1350171072_0,50,50,45,59.05512320840737,5,330.5362587452387,1,2,1,1
319774235_1003235963_0,50,50,45,206.56059394936295,5,384.6253446893867,1,2,1,1
319631390_3200354845_0,60,60,50,157.81553485153864,4,0.0,7,5,10,2
319774964_319774960_0,60,60,55,112.9810066370652,5,64.63282698310415,1,4,3,2
319774964_1350467003_0,45,45,40,18.72050367961352,5,80.26822550099777,1,4,3,1
319774960_319774964_0,60,60,55,112.9810066370652,5,64.63282698310415,1,4,3,2
320857511_320857512_0,60,60,55,91.19947484322098,4,12.255186177960384,1,4,1,1
320857511_392353660_0,65,65,60,40.81732499053725,5,0.0,1,3,1,1
320857509_425635744_0,65,60,55,102.04556212913222,4,12.183265574515458,5,4,1,1
320857509_338935526_0,65,60,55,42.25415175291589,5,0.0,6,4,1,1
319775252_550588156_0,55,55,50,494.0032811799689,3,0.0,1,3,1,1
323162210_318317456_0,65,60,55,702.1076649008593,1,0.0,1,2,1,1
323161614_600061447_0,60,60,55,371.3050947629137,3,0.0,3,3,1,1
323158443_412457946_0,70,70,65,800.5534346155,1,0.0,30,23,7,3
320857512_30296305_0,60,60,55,103.479180313566,4,12.255186177960384,1,4,1,1
323169605_2606686566_0,65,65,60,71.84679534807995,3,0.0,5,3,1,1
323167796_598222962_0,55,55,50,68.96405578856691,4,0.0,8,3,2,1
323167456_598223867_0,60,60,55,267.87648347562094,4,48.60535501073355,4,3,1,1
323190992_255620227_0,50,50,45,3006.0608222482474,1,0.0,11,20,4,1
323190146_415994563_0,65,65,60,64.93496392891588,4,0.0,11,4,2,1
9442064201_4111795672_0,55,50,45,55.31701544825863,5,170.10212690922452,1,2,1,1
9533512210_9533512211_0,60,60,55,12.656830536573445,4,158.54932326851085,17,2,1,2
9533512210_9533512214_0,60,60,55,13.507194797015972,5,169.60629890913083,17,2,1,2
9520553515_974261553_0,60,55,50,283.3406323464053,3,0.0,38,7,1,2
9507066653_430767511_0,55,50,45,23.3990385963678,5,359.4549426202448,1,4,1,1
9507066653_6742307805_0,55,50,45,38.46508855688221,5,344.51020627696124,1,4,2,1
9481011177_426624021_0,50,45,40,189.67443105612992,5,57.07531219764666,1,6,1,1
9465476414_9465476413_1,50,50,45,63.55967424502365,5,256.50956160211416,2,3,1,1
323190135_415718630_0,70,65,60,167.76763251483325,3,0.0,11,5,4,1
323169610_4554543618_0,65,65,60,19.73689258212251,4,0.0,3,6,1,1
323190992_981699961_0,70,65,60,386.2701350596995,1,0.0,8,4,1,2
323191074_323191073_0,60,60,55,42.88653467920288,2,0.0,2,8,1,1
324231741_3055101083_0,60,55,50,37.91426854788328,6,358.9030182693718,1,2,1,1
324231741_288028794_0,50,50,45,109.89931559781512,5,395.8993556350083,1,2,1,1
324230925_2540121494_0,60,60,55,98.24153160708865,4,0.0,7,4,1,1
324230925_981699926_0,65,65,60,57.87037222765605,3,0.0,10,4,1,1
324230919_324230922_0,70,65,60,68.16651460775468,3,0.0,9,4,1,1
324230636_818710821_0,65,65,60,30.68785054614164,4,165.6153054759495,5,4,5,2
324230636_330416987_0,60,60,50,119.6276102848138,4,172.0135876475598,4,4,5,1
330414226_330414714_0,60,60,55,114.58388489225172,5,0.0,5,9,2,1
330414111_330414226_0,70,65,60,144.87040757107005,2,0.0,2,13,2,1
330414111_692807422_0,65,65,60,36.844875414673794,2,0.0,2,13,1,1
330414111_330414983_0,65,60,55,30.218054695699657,5,0.0,2,12,1,1
330412974_752368105_0,65,65,60,23.558570094278345,4,0.0,10,4,1,1
324231840_1233754567_0,60,60,55,66.22947668262613,4,624.6087958714895,2,4,1,1
330416921_535228382_0,60,55,50,120.78590358986514,4,331.45364732241376,2,4,1,1
330416021_535228373_0,55,55,50,65.96760105861304,5,283.5823311184494,1,2,1,1
330414983_535228401_0,65,60,55,80.84767340319748,5,25.40153471122307,2,9,1,1
330414714_330414541_0,60,60,55,28.219641312910674,5,0.0,4,5,1,1
330414541_1116623856_0,70,65,60,67.59074656396993,2,0.0,7,6,1,1
3835613869_1350812728_0,70,65,60,88.8689239107776,2,0.0,2,2,5,1
3835613869_6985802967_0,65,65,60,104.92899639530032,6,0.0,1,2,9,1
9445929962_420051087_0,65,60,55,26.910272381749117,5,179.6120846725409,5,6,1,1
9445929962_420061784_0,65,60,55,107.000082248328,5,162.77074696420397,6,5,1,1
330414226_330414111_0,70,70,65,144.87040757107005,2,0.0,2,13,2,1
3827708474_12445455705_0,50,50,45,155.98301444274057,5,637.0232130583264,1,5,1,1
330414226_535228394_0,60,60,55,113.5360207848668,5,0.0,1,9,2,1
330417406_330417662_0,55,50,45,83.11488336210945,5,148.9929745734736,1,2,1,1
330417406_30294570_0,55,55,50,38.87410522390773,5,131.81451793954753,1,2,1,1
330417406_330417405_0,55,50,45,115.9972902039685,5,148.9929745734736,1,3,1,1
330417405_330417666_0,55,55,50,92.61721739950411,5,254.49208341802145,1,2,1,1
330417405_330417404_0,55,55,50,59.5456632205183,5,254.49208341802145,1,2,1,1
330417404_330417405_0,55,55,50,59.5456632205183,5,254.49208341802145,1,2,1,1
330416987_535228357_0,65,65,60,101.39825116383214,5,172.02978134845264,1,3,3,1
330416987_324230636_0,60,60,50,119.6276102848138,4,172.0135876475598,4,4,5,1
330417666_330417662_0,60,60,55,114.80219214309795,5,205.09446655530397,1,2,1,2
330417664_288026717_0,55,55,45,74.23697448620945,5,555.4517889328785,1,2,2,1
330417664_1233754567_0,65,65,60,227.0049518460889,5,579.0129171883686,1,5,2,1
330417662_2590731984_0,55,50,45,59.17676007980266,5,170.02092178623383,5,2,2,1
330417661_330416921_0,60,55,50,116.17382039350996,5,331.45364732241376,1,2,1,1
330417661_330417666_0,50,45,40,140.46371849879029,5,294.3715897214017,1,2,1,1
330417407_981699926_0,65,65,60,376.3237108569634,4,0.0,7,6,1,2
330418569_359234714_0,55,55,50,145.30762669485418,5,260.60701784764245,1,5,1,1
330418566_330418569_0,65,65,60,116.1519277289618,4,266.07028670247206,1,3,1,1
330418566_998768350_0,60,60,55,62.7524122115776,5,227.39992134775787,1,2,1,1
330418566_1984002392_0,60,60,55,8.93704580493142,4,260.9092612652536,1,2,1,1
330418565_1984002392_0,60,60,55,11.226642173898432,4,254.82531479896005,1,2,1,1
330417668_288022712_0,65,60,55,112.59867558791618,5,491.8972590309781,1,3,2,1
330417668_535228377_0,55,55,50,106.52606422769378,5,530.7610425202874,1,4,2,1
3827694228_416012188_0,65,60,55,89.95860967827988,2,0.0,4,3,1,1
331355856_429350512_0,65,65,55,98.71983513507962,3,0.0,6,4,4,1
331355856_359099425_0,65,65,60,74.26276181033644,5,0.0,5,4,4,1
331355854_12696223063_0,70,65,60,45.55898988313373,3,0.0,5,8,7,1
331355854_1357271796_0,65,65,60,31.385220563805696,3,0.0,4,4,4,1
330419120_243586483_0,60,55,50,538.4219127027359,1,0.0,2,10,1,1
330418569_330418566_0,55,55,50,116.1519277289618,4,266.07028670247206,1,3,1,1
330418569_30294526_0,65,65,60,260.4733919066008,4,342.93396325188377,2,11,2,1
331356237_412461683_0,70,65,60,220.2320828922966,4,38.07215689835678,4,12,6,1
331356237_1369500099_0,70,65,60,196.40714161531457,4,86.56721205177574,4,6,7,1
331356237_1454439246_0,70,65,60,9.285393213682989,4,77.9861554330009,3,5,4,1
331355857_366996302_0,70,65,60,18.38176895670494,3,0.0,5,2,2,1
331355857_366995867_0,60,60,55,57.35183434314936,5,0.0,5,5,1,1
338936194_366066655_0,65,60,55,40.9681178854754,5,0.0,4,4,2,1
3825223113_614217675_0,65,60,55,82.18398910624721,4,636.7302997221901,6,2,5,1
338936194_2456874969_0,65,60,55,10.62698521246406,4,15.523042149605352,4,4,2,1
338935526_320857509_0,65,65,60,42.25415175291589,5,0.0,6,4,1,1
338935308_364916464_0,55,50,45,93.60746233766214,5,154.59307159613962,1,6,1,1
338936664_338936273_0,55,50,45,94.74818940684544,5,224.92270188552985,1,9,1,1
338936663_338936675_0,55,55,50,55.96105522876348,5,52.73401386497301,3,6,2,1
338936655_338936273_0,60,55,50,111.43522504095348,5,184.81688985341756,1,8,1,1
338936274_366065844_0,55,50,45,30.085499652980324,5,265.92145482430806,1,3,1,1
338936274_366061976_0,50,50,45,182.28886925679413,5,266.2080453219752,1,7,1,1
338936273_338935308_0,50,50,45,83.64760320568318,5,154.59307159613962,1,6,1,1
339961223_30558547_0,60,60,55,71.93384640509005,5,58.36064293190782,1,4,12,1
339961221_30251190_0,55,55,50,45.70782619543429,5,0.0,3,2,8,1
338936675_366061951_0,60,60,55,125.51704053265752,5,52.73401386497301,3,6,2,1
338936674_366223121_0,50,45,40,286.3404328920865,5,318.7764056501215,1,7,1,1
9425002695_5352196827_0,70,65,60,70.44300782974261,5,0.0,1,3,1,1
9441752654_1075627801_0,65,60,55,57.9401430211602,3,0.0,6,5,1,1
9438259030_30295807_0,55,55,50,69.09172762058049,6,283.6938295057524,1,2,2,1
9433723474_10045031263_0,65,65,60,3.630816012465681,4,272.3546301935226,6,2,1,1
347340794_243342778_0,65,60,55,135.06953342193876,4,142.86629612636,9,5,6,1
347340786_4263046378_0,65,60,55,108.01420364160772,3,0.0,5,10,4,1
344992889_30238029_0,55,55,55,134.07611645344804,6,113.26612084873402,2,12,12,1
344992889_1311770051_0,70,70,65,17.562374845609803,4,108.07099155757297,1,11,11,1
3860517847_30689179_0,70,65,60,17.608532311002094,5,0.0,3,3,7,1
340195871_1012330330_0,65,65,60,214.31081637950257,2,0.0,13,10,14,1
340193179_178542532_0,65,65,60,145.07992072226392,4,0.0,8,5,5,2
347344150_347344140_0,60,55,50,39.36107569459616,5,0.0,6,4,1,1
347344140_347344133_0,55,50,45,113.13895198584964,5,0.0,9,2,1,1
347344140_293408559_0,55,50,45,129.07695591405272,3,0.0,8,2,1,1
347344140_347344150_0,60,55,50,39.36107569459615,5,0.0,6,4,1,1
347344133_8132079775_0,55,50,45,56.03572857577337,5,0.0,3,2,1,1
347344133_347344140_0,55,50,45,113.13895198584964,5,0.0,9,2,1,1
347344117_4332587258_0,55,50,45,98.63835538963866,3,0.0,6,6,1,2
347344117_347344104_0,60,60,55,37.96979202440652,3,0.0,7,7,1,2
3857584858_6985462317_0,60,60,55,9.261104038630489,5,117.96896479528556,9,3,3,1
347344104_1297470708_0,60,60,55,152.60137040160362,3,0.0,15,7,6,1
347344104_347344117_0,60,60,55,37.96979202440653,3,0.0,7,7,1,2
347712502_347712540_0,60,60,55,129.03961977042962,5,0.0,4,3,1,1
347712502_2268684776_0,60,60,55,16.42818882261756,3,0.0,4,3,1,1
347712446_1710709043_0,65,65,60,20.56603968496025,3,0.0,3,3,1,1
347353583_30689552_0,60,55,50,96.69924443948052,3,0.0,6,6,1,1
347353582_347712657_0,70,65,60,261.3678115924478,5,22.300934807419427,1,2,1,1
347353580_253795579_0,65,60,55,163.3797925674001,4,0.0,9,6,10,1
9378519453_1599255986_0,45,45,40,424.44846492511056,5,444.532784702726,1,2,1,1
9350842938_9350842927_1,55,55,50,113.9956708225342,5,418.9232453372881,1,2,1,1
9350842938_9350842927_0,55,55,50,4.9571046964437775,5,428.42454572179525,1,2,1,1
9429582962_9429582963_0,55,55,50,21.91445785684802,5,259.56793904646213,1,2,1,1
9429582959_9429582953_0,60,60,55,21.38325532463782,5,240.0232103535085,1,3,1,1
9429582959_9429582992_0,60,60,55,40.26119215494863,5,216.00517250116505,1,3,1,1
9429582929_4111795685_0,55,50,45,47.18440223550388,5,292.9987607915232,1,2,1,1
347353579_243341157_0,65,60,55,79.29362408532785,3,0.0,6,6,2,1
347353578_347353580_0,65,60,55,116.17403333832206,3,0.0,5,6,3,1
347718255_347712642_0,70,65,60,952.2112400078817,1,0.0,4,8,1,1
347712663_1401857392_0,65,65,60,1126.9937080885893,1,0.0,24,12,9,1
347712657_30689552_0,70,65,60,136.62971391085856,5,0.0,3,3,2,1
347712613_13324489818_0,70,65,60,263.07696272153146,1,0.0,3,2,2,1
347712604_243341360_0,70,65,60,1215.461084791976,1,0.0,7,6,3,1
347712540_3956071721_0,60,60,55,45.657894622128055,5,125.98602811376044,2,2,2,1
356295212_356295211_0,50,50,45,202.64595523653105,5,141.48982101711593,1,3,1,1
356295211_356295240_0,60,60,55,101.68745466129036,5,121.92041110849806,1,4,1,1
356295211_258359282_0,55,55,50,83.166510195185,5,141.48982101711593,1,2,1,1
356295209_1315972380_0,60,60,55,24.858641636506835,5,83.46628742416773,4,3,1,1
3856010099_412437295_0,65,60,55,48.02966269648563,4,164.77966550818155,19,7,3,3
356295200_356295204_0,60,60,55,213.4513641071816,4,3.14626149660056,2,8,1,1
356295240_359236400_0,55,50,45,101.12231658707024,5,21.872477326101237,1,4,1,1
356295240_356295209_0,50,50,45,155.39325679313083,5,108.30984365454074,4,5,1,1
356295237_258359282_0,55,55,50,75.82093346852871,5,197.9455939976729,1,4,1,1
3855203036_1695282584_0,65,60,55,126.13457953746946,5,304.7054805477538,1,2,1,1
356295235_254399268_0,55,55,50,246.1107312436476,5,100.19982517613452,1,7,1,1
356295235_356295209_0,60,60,55,75.34762793576095,5,108.30984365454074,4,2,1,1
356295228_258359284_0,55,55,50,34.98474875066344,5,497.2443865313688,1,2,1,1
356295215_356295291_0,55,55,50,125.12181411538248,4,351.6111243675573,9,4,5,1
356295215_258359388_0,55,55,50,144.97181973470018,5,462.9857106259925,4,3,1,1
356295215_8119424276_0,65,65,60,8.430202550149563,5,464.1940159840672,2,3,1,1
356295214_258359283_0,55,55,50,136.98159907813647,5,302.33669485438867,1,2,3,1
358505141_358505142_0,60,60,55,82.3284033628171,5,320.2568957192741,1,2,1,1
358505141_7234883292_0,55,55,50,7.04877707490962,5,400.0320485674816,1,2,1,1
358505134_8119424282_0,65,60,55,8.02427217748092,5,627.7814563833671,4,2,1,1
358505133_8119424282_0,55,50,45,76.55823686524337,5,631.3038866584037,4,2,1,1
358505133_6100210204_0,60,55,50,143.8922541158648,5,649.2724094127998,1,2,1,1
356295312_390057402_0,55,55,50,290.9502102455817,5,292.1826264678189,4,3,1,3
356295312_258359388_0,55,55,50,165.5439829337427,5,369.7341409825573,2,2,2,1
356295277_1377933400_0,70,65,60,54.04359430767235,4,64.45907373847508,3,6,1,1
358505166_4850190675_0,55,55,50,15.58832016280738,4,17.304345610695947,8,7,1,1
358505166_4569473793_0,55,55,50,21.60631361678795,5,21.08557893866688,7,7,1,1
358505162_841867132_0,70,65,60,1.4851289878412175,4,11.86221409823906,6,7,1,1
358505154_8530386527_0,70,65,60,9.315496607917227,4,11.55492371666038,6,6,1,1
3855178234_2709095335_0,60,55,50,94.04134548649375,4,34.581919928269045,6,5,1,1
358505149_727619602_0,55,50,45,128.54104181167378,5,69.61350003970828,1,2,1,1
358505149_358505152_0,60,60,55,107.45888746030155,4,48.94749786882704,1,2,1,1
358505144_358505149_0,60,60,55,117.884445668932,4,50.87429554299488,1,2,1,1
358505142_365287928_0,65,65,60,104.63960057054749,5,216.1407689827039,1,6,1,1
358505142_7234883292_0,55,50,45,81.30318341478842,5,320.2568957192741,1,2,1,1
358505142_359240326_0,55,50,45,129.84534100430022,5,320.1089465488587,1,2,1,1
359099649_359099426_0,60,60,55,101.05159304224362,5,80.72128501889745,1,6,5,1
359099649_359100087_0,65,60,55,114.73445566711324,5,180.2537461054792,1,6,1,1
3855178234_598221107_0,65,65,60,21.391597771247632,4,122.05410395024872,2,3,1,1
359099426_6853945872_0,60,60,55,65.14040683671338,6,80.72128501889745,1,5,5,1
359099425_2509167399_0,55,55,45,72.76082159765058,5,6.874907160190196,7,4,5,1
359099425_359099730_0,65,65,60,77.63575480035567,5,73.98391609388206,2,5,4,1
359097332_412370994_0,70,65,60,251.7754764089236,4,75.26276568791076,5,12,22,3
359097332_567451703_0,65,65,60,28.1156131272698,4,47.44202294147502,3,11,15,1
358505175_2540121396_0,70,65,60,131.83350009141316,4,12.389201250586328,3,6,1,1
359100760_359100759_0,65,65,60,40.26245149709611,5,53.584701435659824,3,5,5,1
359100661_30960642_0,65,65,60,71.18253835608927,5,0.0,5,2,5,1
359100087_6825291523_0,60,60,50,187.91331932106235,5,163.03841916366687,1,5,1,1
359099730_359099426_0,65,65,60,77.16431720293905,5,75.08623805833926,1,4,5,1
9258535584_974261539_0,60,60,55,17.158147734739845,3,0.0,23,3,1,1
9425002695_412436576_0,70,65,60,39.954910428040606,5,29.880720510033584,1,2,1,1
9388663514_1169009527_0,70,65,60,155.87124329167773,5,397.6406811513556,5,3,4,2
359099730_359099649_0,65,65,55,170.96004651224987,5,75.08623805833926,1,7,2,1
359234311_1374757788_0,70,65,60,154.29052989585267,4,375.9654315882189,5,4,2,3
359234311_359234330_0,65,60,55,148.53548991097972,4,241.0741872518313,6,4,3,4
359234311_359236960_0,70,65,60,223.82277219907743,4,358.4294922378197,3,5,10,5
359234292_9029647953_0,70,65,60,13.858144574451062,4,12.360238009992656,7,6,1,1
359104407_442540300_0,65,60,60,147.61024196630837,4,13.044530509375557,11,6,22,1
359104407_6634825854_0,70,65,65,9.736132459852556,4,13.583808262271662,5,4,9,1
359104405_4222882539_0,70,70,65,126.83305589214912,4,0.0,7,4,12,1
359100760_30960627_0,65,65,60,53.63042619952977,5,0.0,5,5,4,1
359234346_359236004_0,60,60,55,58.53098959577528,5,617.7702901317782,4,2,2,1
359234340_359234345_0,65,60,55,131.49939211308336,4,619.0947328275062,6,4,2,1
359234340_359234339_0,55,55,50,77.82886395654207,4,547.5263896159914,4,4,1,1
359234339_359236956_0,45,45,40,186.2809575911027,5,514.6616792899605,1,2,1,1
359234339_359234340_0,55,55,50,77.82886395654207,4,547.5263896159914,4,4,1,1
359234330_359234311_0,65,60,55,148.53548991097975,4,241.0741872518313,6,4,3,4
359234327_364718834_0,60,60,55,71.6855787740705,4,134.64264336592476,4,3,2,1
359234364_359234370_0,65,65,60,224.24007849628865,4,90.89732551118423,2,4,1,1
359234364_364721159_0,60,55,50,134.58882853769052,5,293.4602517691838,1,4,1,1
359234364_359234714_0,60,60,55,55.47004624001825,5,260.60701784764245,1,3,1,1
359234359_30313434_0,60,55,50,90.24825038128706,4,430.13411296778304,9,4,1,1
359234359_417813658_0,60,60,55,33.69060972955872,4,438.8090863862252,6,4,1,1
359234349_359234346_0,60,60,55,86.03877403242022,4,586.9332406274174,7,4,2,1
359234349_30313434_0,65,65,60,229.68171427008383,4,436.7522567281782,6,4,1,1
359234346_359234349_0,60,60,55,86.03877403242022,4,586.9332406274174,7,4,2,1
359234717_3285483283_0,55,55,50,89.41089883035303,5,47.19699433931448,1,4,1,1
359234716_358505144_0,60,55,50,123.37113800186904,5,54.6735367549544,1,2,1,1
359234716_359234717_0,60,60,55,105.04077098716505,5,135.90986343036346,1,4,1,1
359234714_727619613_0,55,55,50,74.4174828171337,5,219.5856271953837,1,3,1,1
359234714_359241321_0,55,55,50,117.78412270412146,5,147.32740780434403,1,3,1,1
359234370_359234364_0,65,65,60,224.24007849628865,4,90.89732551118423,2,4,1,1
359234370_841837218_0,65,65,60,25.79162315609205,4,65.19305208941273,2,4,1,1
359234364_841867182_0,60,60,55,99.87904944182624,4,293.4602517691838,1,7,1,1
359235505_359238794_0,65,65,60,158.86639759831328,4,169.45638023267557,1,4,1,1
359235504_359238892_0,55,55,50,4.464599204181447,4,199.22569498144915,1,3,1,1
359235500_359235499_0,60,55,50,135.72602158012452,4,139.16689383786425,1,4,1,1
359235500_359238324_0,55,55,50,111.98401947401946,5,99.71508128867906,1,2,1,1
359235500_359238892_0,65,60,55,155.6873865224858,4,200.1424620663336,1,4,1,1
9195988091_9195988092_0,50,50,45,53.13690900300831,6,50.83552209242698,1,3,1,1
9178801023_2880318085_0,55,55,50,68.25781334376794,5,362.30185320707307,1,2,1,1
9350842927_770847823_0,50,50,45,3.541912075048973,5,433.0750490120777,1,2,1,1
9350529921_770847818_0,50,45,40,32.82891584344751,6,504.27636665870506,1,2,1,1
9325818735_30295383_0,50,50,40,31.818414641047717,5,443.2873888433688,1,2,1,1
9286121170_6238824732_0,65,65,60,67.95710394118467,5,203.93120798531436,1,6,10,1
9286121170_2334441924_0,55,55,50,40.293386225414864,5,196.9811742451171,1,2,6,1
9272385497_9272385499_0,65,65,60,21.08567974511887,5,0.0,1,3,2,1
359235499_359235500_0,60,55,50,135.72602158012452,4,139.16689383786425,1,4,1,1
359235499_359238714_0,65,60,55,105.10618181945866,5,48.24615451145488,1,3,1,1
359236300_2101902986_0,60,60,55,113.37591369162524,4,317.4881899645729,4,3,1,1
3835613870_30253982_0,70,65,60,31.736160066383334,5,0.0,3,3,6,1
359236300_4310325432_0,55,50,45,80.93825936388343,5,423.07631193158863,4,3,1,1
359236005_841867107_0,60,60,55,84.17553772927909,5,346.513308096645,1,2,1,1
359236004_359240371_0,60,60,55,296.1257526573196,5,494.9642267041174,1,3,1,1
359236004_359236003_0,55,50,45,102.52600997131076,5,671.0118690092182,1,2,1,1
359236003_359236004_0,55,50,45,102.52600997131076,5,671.0118690092182,1,2,1,1
359235509_5476467950_0,65,60,55,29.2880076698784,4,195.39205461457408,1,6,1,1
359235509_365287928_0,65,60,55,106.3465533458198,4,198.9672790125316,1,6,1,1
359235508_1483860745_0,65,65,60,93.66666999598712,4,177.98063273728943,7,2,1,1
359236627_359236628_0,70,65,60,104.4283245283257,5,0.0,6,3,1,1
359236627_690679241_0,65,65,60,34.31824047236997,5,10.699715330208656,7,2,1,1
359236302_356295212_0,50,50,45,137.53682741336834,5,221.36751213739237,1,2,1,1
359236302_359235500_0,60,55,50,81.32409264557438,5,202.28150465474323,1,2,1,1
359236301_359236302_0,50,45,40,146.15138549564804,5,275.58088370694645,1,2,1,1
359236300_359236301_0,55,50,45,231.34270844106572,5,331.4864981239417,4,3,1,1
359236956_359236696_0,50,45,40,98.90749370893164,5,514.6616792899605,1,2,1,1
359236956_1374757842_0,55,50,45,58.37316319055919,5,462.0156444270063,1,2,1,1
359236696_359236956_0,55,50,45,98.90749370893164,5,514.6616792899605,1,2,1,1
359236696_358505133_0,60,55,50,123.55942172198712,5,582.4171581588305,1,2,1,1
359236628_359236627_0,70,65,60,104.4283245283257,5,0.0,6,3,1,1
359237696_364716778_0,60,60,55,149.08887097612256,5,294.22019615270466,3,4,7,5
359237516_364716641_0,60,60,55,55.15980373221409,5,187.4783279008834,1,2,5,2
3934957720_323168835_0,65,60,55,153.3452920901879,2,0.0,9,2,1,1
359237515_1375278386_0,60,60,55,154.60805308987574,5,81.62982840355289,1,2,1,1
359237515_359234327_0,60,60,55,149.17647674237406,5,134.41031198484762,1,2,2,1
359236960_1374757842_0,55,55,50,104.98420440576076,5,358.4294922378197,1,2,8,2
359238037_359238036_0,60,55,50,106.9369362196918,5,334.53762840710783,1,4,3,1
359238036_359238034_0,70,65,60,126.95507289642008,5,238.89514951923343,1,6,5,1
359238036_364719098_0,60,60,55,141.6285066302799,5,268.37499818670983,1,4,3,1
359238034_359234311_0,65,65,60,197.4002965881592,4,238.89514951923343,3,9,5,3
3922954360_1314467682_0,65,65,60,10.168653525525578,4,4.534493468852224,9,4,1,1
359237984_30313538_0,55,50,45,65.69650847725543,5,428.7557545203195,1,4,1,1
359237984_359238037_0,60,55,50,104.96906074719806,5,400.5619353842244,1,5,3,1
359237786_8119424266_0,65,65,60,8.246756997911625,5,187.80103029166864,1,2,1,1
359238600_359238598_0,60,60,55,104.00156520748882,4,51.53878931861125,1,4,1,1
359238600_359238889_0,55,55,50,146.40835551756612,5,51.53878931861125,1,4,1,1
3889234274_2468906560_0,65,65,60,59.6193117563001,2,0.0,4,5,2,1
359238324_1771985477_0,55,55,50,82.972144898556,5,25.06549088311547,1,3,1,1
359238242_13701003956_0,65,60,55,7.468785319847154,5,519.7067196642233,3,3,1,1
359238153_356295228_0,50,50,45,84.84411205337301,5,423.0904578256033,1,2,2,1
3872371635_30264201_0,50,50,45,41.07039872536627,5,224.49771954879,1,2,2,1
359238618_550587950_0,45,45,40,23.33174200527864,5,521.1105806562641,1,2,1,1
359238607_1374317043_0,50,50,45,216.45851624927823,5,359.69089206314715,1,3,1,1
359238607_359239952_0,55,50,45,144.4288735325088,5,300.9246046008491,1,2,1,1
359238605_2681806809_0,55,55,50,128.26707320634657,5,67.83559318428465,1,2,1,1
359238605_2681810540_0,55,50,45,94.04419626882772,5,128.43597902336597,1,2,1,1
359238603_420553128_0,55,50,45,14.99259655057081,4,1.2599098228903844,1,3,1,1
359238603_359238605_0,55,50,45,133.58768630622592,5,10.222542770206132,1,3,1,1
359238601_359238600_0,60,55,50,40.35174783522032,4,11.398930903494058,1,3,1,1
359238892_359235500_0,65,60,55,155.6873865224858,4,200.1424620663336,1,4,1,1
359238892_359235504_0,55,55,50,4.464599204181447,4,199.22569498144915,1,3,1,1
359238890_359238324_0,55,55,50,132.31058642573973,5,99.71508128867906,1,4,1,1
359238890_359238889_0,60,55,50,18.67240918814207,5,178.02202891873935,1,3,1,1
359238794_359235505_0,65,65,60,158.8663975983133,4,169.45638023267557,1,4,1,1
359238618_1374319507_0,45,45,40,100.1541303344395,5,431.3022429028695,1,2,1,1
359238618_1374319495_0,45,45,40,51.054594040022586,5,521.1105806562641,1,2,1,1
359240328_359234359_0,60,55,50,190.360575648014,5,381.3838533485583,6,4,1,1
359240326_358505142_0,55,50,45,129.84534100430025,5,320.1089465488587,1,2,1,1
359240326_359240328_0,50,50,45,72.75319065626653,5,352.1134036664039,1,2,1,1
359240326_359240371_0,50,45,40,157.239920206289,5,352.1134036664039,1,2,1,1
359240124_358505142_0,55,50,45,234.6975384395228,5,290.7297021665232,1,3,1,1
359239952_4174384549_0,50,45,40,79.64154961387754,5,235.44275400410748,1,2,1,1
359239830_359238327_0,50,50,45,263.23869598812945,5,45.99193256757163,1,2,1,1
359239830_359236628_0,55,55,50,137.95915777155534,5,66.88327872087481,1,3,1,1
359547244_30294552_0,70,65,60,12.336203391245746,5,0.7900202193944458,3,4,1,1
359241321_727619596_0,60,55,50,99.39510565009708,5,147.32740780434403,1,2,1,1
359241321_1297818677_0,70,65,60,154.60922259774392,5,32.14454510380422,1,2,1,1
359240371_728266542_0,50,45,40,49.2421581361094,5,457.4547145011177,1,2,1,1
359240371_359240326_0,55,50,45,157.239920206289,5,352.1134036664039,1,2,1,1
359240328_359240326_0,55,50,45,72.75319065626653,5,352.1134036664039,1,2,1,1
359979755_219019305_0,60,60,55,53.83728432607816,4,373.5130593551915,6,6,1,1
359977822_536418264_0,65,65,55,39.93628596018505,4,145.89094847008195,6,3,5,1
359977425_30243124_0,60,60,55,104.85102456719672,5,29.67315210627988,4,7,9,2
9090670832_3994528973_0,40,40,0,703.2773936261796,5,0.0,5,19,2,1
9233468280_243339207_0,70,70,65,126.50744566611138,5,11.0046180839958,8,4,3,1
9232630600_9605043050_0,65,65,60,1228.2540018770592,2,0.0,20,13,20,4
9195988099_9195988092_0,60,60,55,79.78339301986614,6,50.22586384556642,1,3,1,1
9195988092_6932324474_0,55,55,50,125.41358879105051,6,50.83552209242698,1,3,1,1
359547244_1482182626_0,65,65,60,167.71053454284237,4,0.0,5,4,1,1
363881327_1086926627_0,60,55,50,83.36854238174905,6,186.53747779837911,3,3,2,1
363878534_319630104_0,60,60,55,206.232459478516,5,0.0,6,25,8,1
363878534_2757833228_0,65,65,60,283.77181845129905,5,14.611686619672184,3,20,4,1
363877276_3059542904_0,65,65,60,76.95374361075174,5,76.77093578272236,1,3,1,1
363877276_598224997_0,65,65,60,79.30482835278518,5,76.77093578272236,1,2,1,1
363877263_319428307_0,65,60,55,64.81522084470778,5,102.34725276763416,5,6,1,1
363887569_1312053314_0,60,60,55,27.886051137766835,3,0.0,8,2,1,1
3865124116_856906186_0,60,60,55,139.3627558837728,5,34.79714376434066,2,4,7,1
363881327_1086926772_0,60,55,50,90.3272299138378,5,96.22373804898476,3,3,1,1
363881327_1299613796_0,60,55,50,111.80360443265435,4,186.5329722285569,6,4,1,1
364669779_364669783_0,65,65,60,125.01177090197817,4,50.57354210539839,1,6,1,1
364669779_412453976_0,65,65,60,55.95479970909293,4,16.97962373683076,3,6,1,1
3951678282_5012384660_0,50,50,45,230.7472197921371,5,0.0,1,2,1,1
364669544_364669545_0,65,65,60,43.05010141378769,4,0.0,4,5,1,1
364669543_412458147_0,70,70,65,28.36952667784998,4,48.31265184280471,2,6,1,1
364669539_364669543_0,60,60,55,137.34678036823703,4,76.67451875695428,7,7,1,2
364669537_904641358_0,55,55,50,161.40901137160205,4,192.7220005313929,8,6,1,1
364669537_412453955_0,60,55,50,8.774597708882123,5,192.7220005313929,3,3,1,1
363888331_618404480_0,60,55,50,134.5345963665887,5,0.0,7,3,7,1
363888326_1312053314_0,60,60,55,134.2094987648676,5,0.0,9,2,2,1
364670487_1526422858_0,70,70,65,33.67498819741515,4,31.495405305197277,7,13,8,1
364669872_364669785_0,70,65,60,47.88845298220227,3,0.0,8,8,1,1
364669872_1483794627_0,65,65,60,38.110740290730575,3,0.0,6,9,1,1
364669785_980160381_0,65,60,55,82.66234392138061,4,0.0,8,9,1,1
364669785_364669872_0,70,70,60,47.88845298220227,3,0.0,8,8,1,1
364669783_364669785_0,60,60,55,121.34796660830526,4,0.0,6,10,1,1
364670521_364670487_0,70,70,65,42.19612528254049,4,22.177999552378985,8,13,8,1
364670496_432467107_0,70,70,65,100.70907494708877,3,0.0,3,7,5,1
364670496_30294856_0,60,60,55,277.1810837198632,3,0.0,4,9,6,1
364670492_30294856_0,60,60,55,130.29120898461557,3,0.0,8,2,4,1
364670492_1303465780_0,70,70,65,52.04754410766793,5,0.0,4,2,3,1
364670900_1225009010_0,50,50,45,328.5953266053749,5,158.00190781528423,1,5,1,1
364670896_364670893_0,55,55,50,111.56325688268868,4,130.08387074458406,1,8,1,1
364670893_980160381_0,55,55,50,175.6732020584979,4,62.31984102869857,2,13,1,1
364670893_980160351_0,55,55,50,311.7891924553379,5,114.61378360269543,1,12,3,1
364670660_3208632836_0,60,55,50,117.20334281042314,3,0.0,3,7,1,1
364670660_877366722_0,60,55,50,10.932200564759455,3,0.0,1,5,1,1
364680673_567478392_0,60,55,50,43.51477413146775,5,270.54521364125674,1,2,1,1
364680673_1225051373_0,60,55,50,22.58065516117276,5,273.5719632312017,1,2,1,1
364680272_1233754585_0,60,60,55,188.8582332469868,5,139.11992172543935,2,5,1,2
364680272_1303465774_0,60,60,55,18.783312511057265,4,121.33325991728708,2,5,1,1
364670907_430757395_0,0,0,0,956.1776431455354,5,185.98799748378397,1,10,3,1
364716778_359237696_0,60,60,55,149.08887097612254,5,294.22019615270466,3,4,7,5
364716641_359237516_0,60,60,55,55.15980373221409,5,187.4783279008834,1,2,5,2
364716641_359234330_0,65,60,55,150.5956123062152,5,241.0741872518313,3,2,7,3
9029647953_9029647948_0,70,65,60,42.4703096403743,4,0.0,9,6,1,1
9029647948_358505166_0,70,70,60,18.63347166274477,4,13.441710156700127,7,7,1,1
9178801023_3683481332_0,55,55,50,103.15162035337558,5,354.8268365241015,1,2,1,1
9127835473_12405205112_0,55,50,45,10.113298017169148,4,202.98740993807849,1,7,3,1
9127835473_364670904_0,55,50,45,94.55197308909722,4,212.2454649053597,1,7,3,1
9127817655_364670907_0,55,50,45,35.75114824660084,4,185.126296744652,1,8,3,1
9127817655_12405205104_0,55,50,45,7.916969801623566,4,198.26416907770613,1,7,3,1
9090670832_7540811513_0,50,50,45,5.219710919307693,5,292.3937243668159,2,3,1,1
364716411_364716480_1,60,60,55,76.3290973426285,5,241.44687843370488,1,2,8,3
364718898_269386319_0,60,60,55,164.6972256900595,5,38.9761354615177,5,13,3,1
364718898_1376141876_0,55,55,50,48.80622848920239,5,100.40822055387147,1,3,2,1
364718898_1376141879_0,60,60,55,49.34350352823121,5,91.68667751723466,1,2,2,1
364718898_364718834_0,65,65,60,146.1875147699609,5,135.97957181012785,4,3,4,1
364718834_359234327_0,60,60,55,71.6855787740705,4,134.64264336592476,4,3,2,1
364718834_364718898_0,60,60,55,146.1875147699609,5,135.97957181012785,4,3,4,1
364718834_359234330_0,60,60,55,34.76345605071686,4,206.3150841624632,4,3,2,2
3945299721_30689129_0,65,65,60,44.190441373985486,5,255.1026344860835,4,2,3,1
364718315_693196406_0,65,65,60,24.009927777021197,3,0.0,7,4,1,1
364719897_364719098_0,55,55,50,169.01525292410608,5,148.97289061056188,1,2,1,1
364719897_359238034_0,60,60,55,132.71224063765428,4,148.97289061056188,1,5,4,1
364719688_692807411_0,70,70,60,55.46121442425229,5,41.48290824735061,6,4,2,1
364719512_10796996597_0,65,65,60,34.18086774844112,4,223.82116292248855,1,3,3,1
364719512_1551112054_0,65,65,60,76.96342271690018,5,257.949498791883,1,2,6,1
364719512_7223675840_0,65,65,60,10.884196934714089,5,257.949498791883,1,2,3,1
364719280_359238037_0,60,60,55,127.52943957511678,5,339.05103181732414,1,4,3,1
364720393_364720250_0,65,65,60,95.80120788267578,5,536.9419208821599,7,3,2,1
364720260_30294514_0,60,55,50,95.9994663332245,6,315.23301384707366,1,3,3,1
364720260_364720256_0,55,50,45,82.37911723695022,5,335.9443283929286,1,2,1,1
364720256_364720250_0,50,45,40,126.77961507795251,5,413.8806740325904,1,3,1,1
364720256_30294512_0,55,50,45,95.4344775483912,6,393.9460385819218,1,2,1,1
364720250_359234349_0,65,65,60,51.20019419631171,5,536.9419208821599,3,3,1,1
364719899_364719897_0,70,65,60,80.16136112890099,5,93.05040492645148,1,2,1,1
364719899_364828082_0,55,55,50,46.563571732364046,5,56.74256941102309,1,2,1,1
364811890_364811899_0,70,65,65,70.79366775157692,4,13.009926232585713,5,3,15,1
364811890_30248585_0,65,60,60,136.40408444385386,6,13.009926232585713,3,6,22,1
364722162_412398656_0,65,65,60,98.91236968624438,5,0.0,3,10,10,3
364722162_30247409_0,60,55,50,76.17066636223002,5,0.0,4,6,8,4
364721159_533616122_0,55,55,50,96.85062646892436,5,226.20953196944552,1,3,1,1
364720393_30314490_0,50,50,45,116.6625092924572,5,484.8115446741267,4,2,2,1
364819031_1379008700_0,60,60,55,100.70553036546131,5,39.847083199629566,1,4,1,1
364816187_364816292_0,65,60,55,164.29396742197233,5,9.52797833592236,3,3,9,1
364816187_1840720984_0,60,60,55,124.85420785237186,5,9.52797833592236,3,3,3,1
364811900_12884134295_0,65,65,60,36.21101958575013,3,0.0,9,8,10,1
364811899_30237768_0,70,65,65,110.48531647179944,4,13.25948637495636,7,4,18,1
8972734658_12339367395_0,60,55,50,6.438114735666202,5,29.697383873458406,3,2,1,1
9090670821_387130662_0,55,50,45,244.33059359226883,5,196.48197917694688,2,4,1,1
9042478734_3213093362_0,70,65,65,71.39948473289017,6,39.95260708616527,2,5,11,1
9029647979_981699953_0,70,65,60,348.7451984784637,1,0.0,17,5,1,1
364811899_430535694_0,65,65,60,202.25339216084816,4,13.25948637495636,13,8,21,1
364811897_1311619500_0,70,65,60,16.379495805376358,4,0.0,5,2,10,1
364811897_442540270_0,70,70,65,150.01894664699446,4,0.0,10,7,22,1
364989976_687897152_0,60,55,50,28.31774010614651,4,386.1470990087762,13,3,1,1
364916639_4592704423_0,65,65,60,108.9660764270165,5,20.613507923544457,9,8,1,1
364916464_366065837_0,50,45,40,81.0411201007557,5,172.29659282534118,1,4,1,1
364829704_269382682_0,65,60,55,403.62497536203233,2,0.0,10,17,24,1
364829704_1856466576_0,65,60,55,386.1955478900077,2,0.0,11,15,13,1
364829686_1469158191_0,70,65,60,388.91511794919353,3,0.0,7,16,12,1
365287928_359235509_0,65,60,55,151.5407429768845,5,198.9672790125316,2,6,1,1
365287928_330418565_0,65,65,60,163.89758535340803,4,216.1407689827039,1,6,1,1
364996615_427955428_0,65,60,55,196.12824258337864,4,337.12753045058923,1,3,1,1
364992715_530924816_0,60,60,55,69.79356229721274,4,461.5807778941236,7,9,22,3
364992715_565479524_0,65,65,60,8.515190560156357,5,458.99313328736,4,9,14,3
364991626_10173687169_0,65,60,55,17.424472818612287,3,0.0,5,6,8,1
364991353_30558433_0,70,70,65,97.9592974141962,2,0.0,6,6,11,1
365564404_1297445118_0,65,65,55,446.1117351321882,4,54.81014314090097,12,11,30,2
365564404_416885091_0,65,60,55,112.41575813283798,5,143.285245689725,5,2,20,1
365288398_1787518046_0,60,55,50,104.43185947124728,4,0.0,1,2,1,1
365288147_5476467960_0,55,50,45,99.88306271597962,6,69.9955202695676,1,4,1,1
365287928_358505142_0,65,65,60,104.63960057054749,5,216.1407689827039,1,6,1,1
365287928_359235509_1,65,60,55,106.3465533458198,4,198.9672790125316,1,6,1,1
365566117_365566120_0,70,65,60,139.09657724644225,6,131.12870519772028,2,8,5,1
365565833_365565831_0,60,60,55,188.6642404178003,5,225.75038287864507,4,8,15,2
365565833_415989799_0,65,65,60,143.71740149322767,4,225.75038287864507,5,7,25,2
365565831_4411622709_0,65,60,55,129.91225994915212,4,398.668889296238,5,3,2,1
365565046_365565045_0,60,60,55,129.4262129828483,5,9.32275215807368,5,2,11,1
365565046_30253206_0,65,60,60,43.323229991284265,5,0.0,3,2,10,1
365565045_13781851608_0,65,65,60,20.278224082156044,5,3.273440068621602,2,2,6,1
366061976_338936274_0,50,50,45,182.28886925679413,5,266.2080453219752,1,7,1,1
366061968_366215463_0,55,50,45,126.31649580172154,5,309.9810200910274,1,7,1,1
366061968_366061976_0,55,55,50,56.839239651458605,5,298.7803877973323,1,6,1,1
366061968_366065788_0,55,55,50,79.13786286470015,5,309.9810200910274,1,7,1,1
366061955_366061968_0,55,55,50,45.41175897584821,5,265.8445960917571,1,6,1,1
3943567473_11246122387_0,60,55,50,177.47817881810977,4,141.96347257385565,11,3,1,1
365566117_30312836_0,60,60,50,66.56650436763167,4,270.2094389585753,2,3,7,1
366062067_366213470_0,50,50,45,20.085170349301965,6,237.5535949411636,1,4,1,1
366062067_30296542_0,45,45,40,83.78635758633138,5,195.95879530156887,1,3,1,1
366062064_366062061_0,55,55,50,79.41981610267592,5,156.6681089359909,1,5,1,1
366062064_366061951_0,60,60,55,29.190690305121883,5,156.6681089359909,1,5,1,1
366062058_366213461_0,60,60,55,118.7839819316534,6,16.726676895398498,1,3,2,1
366061976_338936664_0,55,55,50,47.32250485992233,5,252.24541496116532,1,8,1,1
366065824_366065821_0,55,50,45,61.11978558395534,5,111.18593717735811,1,7,1,1
366065824_338935526_0,55,55,50,99.2163890495971,5,15.962287328436949,5,8,1,1
366065820_338935526_0,55,55,50,94.96727464153842,4,15.770972747203963,5,5,1,1
366065819_2606686471_0,55,55,50,108.21710608368048,5,63.860678403573765,4,3,3,1
366065819_323190133_0,65,65,60,66.50094321580296,4,0.0,12,5,2,1
4139421839_2408251360_0,50,45,40,311.2660810461016,5,0.0,1,2,1,1
8986784890_30343646_0,50,50,0,30.54780476061013,5,667.1679432549138,1,2,24,1
8974093834_256680777_0,65,60,55,87.91775797997207,3,0.0,1,2,1,1
366062092_6219170978_0,55,55,50,38.84737144157525,5,81.26304458957831,1,2,1,1
366062092_8176699632_0,55,55,50,10.494976443268843,5,116.46130265857192,1,2,1,1
366065837_366065844_0,55,50,45,71.57190293282386,5,207.41808626181165,1,5,1,1
366065835_338935308_0,55,55,50,105.4879538852148,6,153.65449657224983,1,8,1,1
366065833_392353660_0,65,60,55,102.97665876600914,4,15.56444715996519,1,4,1,1
366065831_338936675_0,60,55,50,101.819249243165,5,52.73401386497301,3,4,2,1
366065831_366065833_0,60,55,50,80.07551416460502,5,16.23660408139687,1,4,1,1
366065830_392353660_0,55,55,50,100.3719413448554,5,15.56444715996519,1,5,1,1
366065824_420064842_0,55,55,50,136.88395160201216,5,114.37672430320109,3,7,1,1
366065846_366065840_0,55,55,50,112.36332194823464,5,222.8739173345268,1,4,1,1
366065844_366065846_0,55,55,50,110.43778695677582,5,270.3566901241929,1,4,1,1
366065844_338936274_0,50,45,40,30.08549965298033,5,265.92145482430806,1,3,1,1
366065841_366065830_0,55,55,50,156.63433351809246,5,113.39270357228668,1,6,1,1
366065841_366065837_0,55,55,50,122.1551631773103,5,138.84741967907036,1,4,1,1
366065840_366065824_0,60,60,55,120.02528062820662,5,114.37672430320109,1,6,1,1
366065837_366065840_0,55,55,50,143.40688573311863,5,207.41808626181165,1,5,1,1
366213481_364916639_0,65,60,55,19.30665066501777,5,90.58990698555662,1,5,1,1
366213481_366062092_0,65,60,55,109.15671195762862,5,104.54801085240294,1,6,1,1
366213470_366061955_0,50,50,45,133.113023379528,5,257.57067697894263,1,8,1,1
366066655_30296290_0,65,65,60,149.22837687136465,4,11.380669651378856,4,6,2,1
366066655_338936194_0,65,60,55,40.968117885475394,5,0.0,4,4,2,1
366218442_366218462_0,55,50,45,266.0541055453754,5,394.55257823231847,1,10,1,1
366215463_366061968_0,55,50,45,126.31649580172152,5,309.9810200910274,1,7,1,1
366215463_1853174754_0,50,50,45,539.4130741226886,5,319.971398004188,1,10,1,1
366215463_366215465_0,45,45,40,22.27191776326804,5,345.95957212442903,1,6,1,1
366223023_4214539520_0,50,50,45,91.22449573293142,6,435.5363222320118,1,4,1,1
366222990_366218466_0,50,50,45,43.08205772484969,5,434.5060872294279,1,4,1,1
366222990_366223046_0,50,50,45,177.08752548448211,5,407.3054169405097,1,5,1,1
366218466_366065788_0,55,55,45,74.29950904465584,5,373.3853113929093,1,6,1,1
366218462_366218466_0,55,50,45,38.444297414518125,5,404.61086377229606,1,7,1,1
366218462_366215465_0,55,55,50,115.66066595288008,5,365.6945383708289,1,8,1,1
366996302_331355857_0,70,65,60,18.38176895670494,3,0.0,5,2,2,1
366996302_1695239287_0,65,60,55,52.65153026883738,5,0.0,5,4,1,1
366995867_412465396_0,65,65,60,36.760661284921575,5,57.31801121239713,1,4,1,1
366223121_338936674_0,55,55,50,286.3404328920866,5,318.7764056501215,1,7,1,1
366223046_4214539546_0,55,50,45,54.6230471680302,5,368.7712604554709,1,4,1,1
8745736544_178526454_0,55,55,50,77.87320908500931,5,55.600337894520514,3,9,15,1
8710875305_30617918_0,65,60,55,37.80309360186589,6,101.4761561599674,1,2,3,1
8637567268_431481321_0,65,65,55,146.46937036433923,2,0.0,9,10,3,1
8957765002_8957765000_0,65,65,60,12.935392817955067,5,32.06496334977616,1,3,1,1
8957765002_2505271514_0,65,65,60,231.0271933035585,5,32.05784529645919,1,5,1,1
8957765000_955341729_0,70,65,60,143.54076221135136,4,0.0,1,6,1,1
366223023_366223036_0,40,40,0,101.3075652011458,6,393.65936239147095,1,4,1,1
366223023_4214539546_0,40,40,0,69.76998048184052,5,368.7712604554709,1,4,1,1
376744278_12645522470_0,65,65,60,149.46990488925292,4,0.0,1,3,1,1
376744278_950190478_0,65,65,60,418.9576258996144,2,0.0,2,5,1,1
376744227_323169605_0,70,65,60,111.23076854813392,3,0.0,3,3,1,1
4130763475_4416582832_0,70,70,65,46.17960866610566,5,0.0,3,4,1,1
376746258_323158443_0,70,70,65,851.4149111073192,1,0.0,18,29,3,1
376785927_453549579_0,55,50,45,198.66583505873592,5,7.817471025515697,6,6,1,1
376785927_376802881_0,45,45,40,259.1820190219003,5,36.19021106259941,1,3,1,1
376759381_1279276755_0,70,65,60,550.9290893775992,1,0.0,10,6,1,1
381015582_381009461_0,70,70,65,23.70725296669734,5,0.0,1,2,1,1
381009510_30294654_0,65,65,60,19.79939986240868,5,0.0,3,3,1,1
381009461_1298740470_0,70,70,65,157.36980407101768,4,3.181885363143587,1,4,1,1
381009461_1298740481_0,55,50,45,195.79132517321705,5,5.653576033234647,1,3,1,1
378214298_2344645253_0,65,60,55,21.296023810043405,4,253.634584171316,3,2,1,2
378214298_1857695693_0,65,60,55,65.1812172369546,4,200.0486374174339,3,3,1,2
378208896_2235259437_0,55,55,50,179.5089968345808,4,273.8492990404768,6,3,1,1
381897082_30312482_0,40,0,0,194.6959437486412,5,197.1693382590246,6,4,1,1
381897080_381897075_0,65,60,55,127.78081431971935,5,137.36324539091814,5,3,3,1
381897080_30312831_0,60,60,60,150.31926251885548,4,264.72548808411887,4,2,4,1
381897075_243338885_0,60,60,55,127.9844674655432,5,131.899505358429,7,4,3,1
381023034_420655974_0,65,65,60,111.15826295934323,4,19.94290824750852,4,5,1,1
385664092_30689530_0,55,55,50,151.60191469513038,4,176.95779210643173,9,5,11,1
382063655_5764726550_0,55,55,50,135.09772864050663,6,129.13415858894567,8,4,11,1
382063644_30689524_0,65,65,60,153.8487020014688,5,76.92309690058075,3,7,7,2
382063644_2677447194_0,60,60,55,359.2732863981537,6,0.0,4,5,5,1
387127519_387127515_0,60,60,55,100.99251187781904,5,207.110666930043,1,9,7,1
387127515_387127543_0,65,60,55,93.9821414626699,5,120.7782818145714,1,5,8,1
387127513_256484332_0,60,60,55,71.01088390993701,5,17.234524746769498,1,3,2,1
387127467_3994528973_0,55,50,45,100.60629579265988,5,176.4490355656592,3,8,1,1
387127462_387127597_0,60,60,55,40.84375668205972,5,0.0,1,2,2,1
387127534_387127535_0,60,55,50,55.182741393629954,4,27.772395093846917,1,4,8,1
387127526_412451123_0,65,65,60,41.62912095612629,5,476.4110359850676,3,4,5,1
387127524_863733525_0,65,65,60,75.21348995548732,4,243.3577597958808,2,3,8,1
387127524_30617785_0,65,60,55,98.71030910856312,5,296.47220940439746,2,3,5,1
387127522_387127519_0,60,60,55,92.48986366254708,5,159.40763358526652,1,9,13,1
8530300628_481122027_0,65,60,55,25.782030464582967,3,0.0,5,2,1,1
8530189630_30554843_0,65,60,55,135.68802944239667,2,0.0,6,4,7,1
8530156354_4469389789_0,55,55,50,89.20931213893452,3,0.0,5,8,12,2
4130763475_4416582821_0,65,65,60,48.94141405518779,2,0.0,3,4,1,1
387127522_30617795_0,65,60,55,71.31298774558773,5,159.40763358526652,1,6,11,1
387127521_1532984342_0,60,60,55,193.69955657082505,5,442.3991102486918,1,6,2,1
4127412196_627782752_0,65,65,60,67.52803633337325,5,56.24656512287001,3,4,1,1
387127544_863733490_0,65,65,60,64.71154684950245,6,89.67634293813185,1,5,11,1
387127543_387127545_0,55,55,50,60.51220053487892,5,65.88955789060536,1,2,6,1
387127540_2628901268_0,60,60,50,40.28827195908103,5,163.3472523321914,1,2,1,1
387127539_256484332_0,60,60,55,42.29021685100805,5,17.01203553578399,1,3,2,1
387127537_387127536_0,65,60,55,66.21542254974446,4,29.0335190923317,2,4,5,1
387127537_2706253140_0,65,60,55,64.28267555410363,5,29.0335190923317,2,4,5,1
387127536_30617697_0,65,60,55,77.58974002669439,4,93.94008199168736,1,4,1,1
387127535_12644016474_0,65,65,60,141.54852663015592,5,7.362954062826491,1,6,10,1
387127552_1532984351_0,55,55,45,419.1283874233189,5,200.0553121969508,1,10,5,1
387127552_863733459_0,60,60,55,180.7830234757403,5,199.66783976637365,1,6,4,1
387127551_2628901268_0,60,60,50,218.94330757896137,5,163.3472523321914,1,6,3,1
387127547_1341400294_0,65,60,55,67.54832585913339,5,31.417408775402727,1,3,2,1
387127547_3994496055_0,55,55,50,29.50924797326356,5,97.734457205261,1,3,2,1
387127546_387127547_0,55,55,50,181.11425997862065,5,74.49932074895561,1,4,3,1
387127546_387127545_0,55,55,45,77.48590677949875,5,65.88955789060536,1,2,4,1
387127596_30254603_0,60,60,55,30.56156821833368,5,82.04352277757579,1,4,3,1
3943567473_10042802553_0,70,65,60,303.3169975675389,5,99.93459803202764,7,4,1,1
387127584_2628897485_0,65,60,55,85.2077525243863,5,379.97512545989326,1,4,1,1
387127584_387127521_0,65,65,60,69.7737082413135,5,379.97512545989326,1,6,1,1
387127630_387127633_0,60,60,55,82.21641626855295,5,191.18044101615905,1,2,1,1
387127630_387127513_0,50,45,40,313.66153570020884,5,0.0,1,3,1,1
387127614_2707139547_0,65,65,60,114.96151613686254,2,0.0,2,6,3,1
387127599_387127630_0,65,60,55,154.59161490338076,5,36.61670154407448,1,3,1,1
387127599_387127639_0,65,60,55,136.68261068863058,5,27.7183562053408,1,4,2,1
387127634_387127462_0,50,45,40,317.0203370258569,5,0.0,1,4,1,1
387127634_7229009436_0,55,55,50,157.68422253212864,5,233.0194336743355,2,9,1,1
387127633_387127648_0,60,60,55,67.75158745224938,5,273.2010084020692,1,3,1,1
387127632_387127630_0,50,45,40,243.73749650333957,5,144.62517590889738,1,2,1,1
387127649_387127657_0,55,50,45,150.06617127351262,5,329.0902048121761,1,2,1,1
3976600095_3976600094_0,50,50,45,88.69961395436339,6,216.13952485575905,11,3,7,3
387127643_387127649_0,55,50,45,138.2887070511829,5,353.74984204055914,1,2,1,1
387127642_256484325_0,60,60,55,303.97609194402906,5,0.0,4,5,2,1
387127639_1118502246_0,55,55,50,122.4284447471234,6,28.113541919939763,1,2,1,1
387127664_417972407_0,45,40,0,97.2816497043006,5,499.47977204720536,1,3,1,1
3976600095_3976600097_0,55,55,50,113.453616274528,6,222.1843331134224,7,4,10,1
387127660_417972407_0,45,40,0,247.7416059583065,5,426.63146483936015,1,4,1,1
387127657_387127656_0,55,50,45,100.92636273655316,5,329.0902048121761,1,2,1,1
387127656_3251137562_0,55,50,45,80.38523370872868,5,426.7795580364981,1,2,1,1
387127656_387130477_0,50,50,45,176.1764894224497,5,430.00934803984256,1,2,1,1
387127649_387127642_0,60,55,50,64.08344976143947,5,302.28785254739034,1,2,1,1
387127694_387130499_0,60,60,55,194.41943360742027,2,0.0,10,11,10,1
387127688_3772706344_0,50,50,45,85.53315834327249,5,347.06795604609204,1,3,1,1
387127688_7538034844_0,55,50,45,15.819562504257874,5,347.06795604609204,1,3,1,1
387127688_387127682_0,55,55,50,248.15424714513955,5,125.03921515859538,1,4,1,1
387127682_256484485_0,50,50,45,171.1518901704377,5,125.03921515859538,4,7,1,1
387127682_1520865918_0,45,45,40,107.04351515175276,5,84.18069179864084,1,3,1,1
387127682_387127688_0,55,55,50,248.1542471451396,5,125.03921515859538,1,4,1,1
387127681_387127696_0,65,60,55,52.15582510407289,4,268.88128546721333,5,7,4,1
3976600095_3976600100_0,55,55,50,94.6120471521327,6,222.1843331134224,1,4,8,1
387127704_31286311_0,60,55,50,58.44505242628115,5,172.81628630185594,3,3,1,1
387127698_387127694_0,70,65,60,40.49609829266795,5,0.0,3,5,8,1
387127697_387130514_0,50,45,40,14.125667627690056,6,100.57515253842128,1,2,2,1
387127697_31286314_0,55,55,50,144.18702108228442,5,100.57515253842128,1,6,3,3
387127696_387127681_0,70,70,65,52.15582510407289,4,268.88128546721333,5,7,4,1
387127696_256484464_0,65,60,55,140.08880308654656,4,225.59116524489855,7,6,6,3
3976600094_412436259_0,50,50,45,80.13804623215513,5,219.3172353375767,11,3,6,3
387127719_417972197_0,45,45,40,437.4918283934717,5,517.397646028445,1,6,2,1
3976600094_3976600095_0,50,50,45,88.69961395436339,6,216.13952485575905,11,3,7,3
387127708_387127707_0,60,55,50,126.58144104853432,6,58.0369931713544,5,4,1,1
387127707_30689242_0,55,55,50,93.2145215853301,6,165.18526259492432,1,2,1,1
387127706_2468906537_0,65,60,55,52.78284439108396,5,0.0,4,9,2,1
387127706_387127747_0,70,70,65,42.77078349973056,2,0.0,4,9,2,1
387127705_30689243_0,60,60,55,94.42553262478664,4,76.22840187845364,5,8,4,1
387127747_387127748_0,70,70,65,31.57662112887476,4,0.0,6,6,1,1
387127746_1695282549_0,65,60,55,24.322580169970617,4,389.46950853930497,3,2,5,1
387127740_387127746_0,70,65,60,125.0633125704137,5,405.1519101430312,3,2,6,1
387127737_387127740_0,55,50,45,212.80987518779216,5,405.5062147996569,1,4,6,1
387127731_3822888097_0,60,60,55,50.473726458347706,5,637.3442928536391,1,2,1,1
8529268154_30294661_0,60,60,55,142.94276042708316,5,15.11329882047571,8,5,1,1
8512174197_573420821_0,55,55,50,200.35846664702424,5,380.25398201483785,2,2,1,1
8623322076_1312339729_0,50,50,45,16.21075773461828,5,55.1441739114572,1,2,1,1
8563410323_8563410324_0,65,65,60,11.813308607421158,5,61.78932356415478,1,5,1,1
8530300631_481122118_0,65,65,55,45.74754463205221,3,0.0,4,4,1,1
8530300631_482505205_0,65,65,60,15.108818645712542,5,0.0,4,4,1,1
387127729_2665086494_0,55,50,45,18.09172007740341,5,557.099374092271,1,2,1,1
387127719_3822859924_0,55,55,50,187.2683372951197,5,482.1113301495209,1,4,1,1
387130477_387127656_0,50,50,45,176.17648942244972,5,430.00934803984256,1,2,1,1
3976600078_11283414720_0,55,55,50,169.6129252576413,5,228.4405970030957,10,6,2,1
387130473_387127729_0,65,65,60,120.07864919030904,5,565.2714412963606,3,3,3,1
387130473_1695282574_0,65,60,55,10.003628253065454,4,583.3297887213622,3,3,4,1
387127774_3822859922_0,55,55,50,123.59757588029562,5,430.7991864276997,1,2,1,1
387127774_7229009478_0,45,45,40,83.40243219089842,5,545.8752978681777,1,3,1,1
387127757_30254671_0,55,55,50,70.81115078870768,5,0.0,2,4,1,1
387130487_1695282555_0,65,60,55,128.52677499407326,4,491.84530584757925,6,3,4,1
387130487_387130486_0,70,70,65,49.01276845387218,5,608.3334004695308,3,3,2,1
387130486_387127731_0,50,50,45,109.76939896349316,5,620.8411450102496,1,3,2,1
387130486_387127737_0,65,60,55,90.50294747852344,5,546.7788370498968,1,3,3,1
387130480_387130478_0,50,50,45,133.52304122967186,5,603.4228753967565,1,2,1,1
387130478_256484352_0,60,60,50,137.42870018698062,5,579.3059363264538,3,3,1,1
387130478_3822888097_0,55,50,45,119.41162899410466,5,603.4228753967565,1,2,1,1
387130495_30689119_0,65,65,60,93.12598007857808,2,0.0,10,2,2,1
387130495_387130522_0,60,55,50,14.33502222498172,2,0.0,4,2,1,1
387130494_30689119_0,65,65,60,24.819159886560723,2,0.0,7,3,2,1
387130494_30689120_0,60,55,50,22.579136179832407,5,0.0,7,3,2,1
387130493_256484473_0,60,60,55,135.00982922063318,4,261.3311481964664,6,6,4,1
3976600078_412436535_0,65,65,60,16.685501225881296,4,214.24446612053129,12,5,2,1
387130487_614217675_0,60,60,55,30.887646103056305,4,608.3334004695308,3,3,2,1
387130522_387130524_0,65,65,55,92.25202022631797,2,0.0,4,4,2,1
387130522_387130495_0,60,55,50,14.33502222498172,2,0.0,4,2,1,1
387130505_417972224_0,55,55,50,140.59428667325042,5,297.1375088363535,1,5,5,1
387130502_3748616600_0,65,60,55,81.07132823386651,4,150.94962252391062,6,3,1,1
387130499_412444524_0,60,60,55,131.8363374009815,2,0.0,9,6,1,1
387130532_387127774_0,55,50,45,43.428139376788586,5,509.5081877712516,1,2,1,1
387130529_30295333_0,45,45,40,47.817019160181225,6,277.8246226157712,1,2,1,1
387130529_387130531_0,55,50,45,74.10591972656822,6,244.26354621848077,1,2,1,1
387130524_387130522_0,65,65,55,92.25202022631797,2,0.0,4,4,2,1
387130524_2331122653_0,65,65,55,74.48850917126249,2,0.0,1,5,3,1
387130524_387130523_0,55,55,50,77.53550016592419,5,0.0,1,3,2,2
387130523_1312053359_0,55,55,50,194.28749683944585,5,41.1796585684382,1,5,8,2
387130522_387130523_0,50,50,45,49.32672333932663,5,0.0,4,3,1,2
387130661_387130663_0,0,0,0,100.13217526872636,5,81.85279602021127,1,3,1,1
387130661_387130660_0,0,0,0,52.7727251370836,6,145.54073167651697,1,4,1,1
387130660_387130662_0,55,50,45,135.04954588400832,6,145.54073167651697,1,6,1,1
387130660_387130661_0,0,0,0,52.7727251370836,6,145.54073167651697,1,4,1,1
3956071721_1621904464_0,65,65,60,21.623953175019214,5,171.05950375954933,3,2,2,1
387130533_387130532_0,60,55,50,79.07299950834916,5,432.19817857409527,1,2,1,1
390057402_390057404_0,60,60,55,256.2543335457357,5,39.14923217206547,6,8,1,4
390057400_1008972044_0,60,60,55,158.6647594644154,5,268.19388624707966,3,3,12,5
390057398_254399268_0,65,65,60,95.21999864265644,5,100.19982517613452,1,6,1,1
387130663_387130661_0,40,40,0,100.13217526872636,5,81.85279602021127,1,3,1,1
387130662_9090670821_0,50,50,45,244.33059359226883,5,196.48197917694688,2,4,1,1
387130662_387130660_0,0,0,0,135.0495458840083,6,145.54073167651697,1,6,1,1
390227095_938093330_0,70,65,60,54.81867116065609,3,0.0,8,4,1,1
390057407_254399269_0,55,55,50,180.19398114657403,2,0.0,14,18,1,1
390057406_1315972380_0,55,55,50,418.52912880656646,5,41.70774089394122,7,6,1,1
390057404_390057402_0,60,60,55,256.2543335457357,5,39.14923217206547,6,8,1,4
8465472214_2111237734_0,50,50,45,57.879401597216976,5,173.34386736925887,1,5,1,1
8463439353_1365781180_0,60,60,55,4.757987377585205,5,133.82570741867136,1,2,1,1
8458702063_1933546307_0,0,0,0,6.678743208288068,5,482.8582866921311,1,2,1,1
8530156354_417604839_0,65,65,60,5.632138183771242,5,0.0,4,2,4,2
8529334834_30237675_0,70,65,60,29.081447920212877,4,427.903783340292,5,4,4,1
8529334834_1233754603_0,70,65,60,30.792003384668803,4,456.313098515265,3,4,4,1
8529268154_8127333287_0,65,65,60,15.64678274376364,5,0.0,8,5,1,1
8529268154_818710821_0,60,55,50,168.0567292414906,4,15.077291474590629,13,8,5,2
390057402_356295312_0,55,55,50,290.9502102455816,5,292.1826264678189,4,3,1,3
390227221_258359282_0,65,60,55,244.1072517548191,5,210.72235260719685,2,4,11,1
390227134_126769416_0,65,60,55,172.40384409953646,2,0.0,8,8,1,2
390227134_390057403_0,60,60,55,276.9846697413508,2,0.0,9,14,1,3
390227124_4174198170_0,60,55,50,64.35979699532017,5,10.302431336840348,1,4,3,1
390227118_1377806900_0,65,60,55,140.71788701482126,2,0.0,3,7,1,1
390227104_3621509846_0,70,65,60,14.375321142244587,4,0.0,12,3,5,1
390879715_543552887_0,65,65,60,84.72969211977194,4,400.84281355434206,5,3,2,1
390878435_412460039_0,60,60,55,74.02597444653715,5,158.59588747867883,1,5,4,1
390878435_412461954_0,55,55,50,240.34050670417503,5,158.59588747867883,1,5,1,1
390878338_30254584_0,70,70,60,74.93469494380071,4,139.01902617970148,1,4,1,1
390878333_390878338_0,60,55,50,240.43518934456063,5,64.49971489424564,1,7,1,1
390878333_1337087460_0,55,55,50,344.3666044893447,5,0.0,7,14,1,3
392351069_30617785_0,65,65,55,208.46102501776843,5,386.7962786869636,3,5,2,1
392351066_392351069_0,65,65,60,47.55724982278549,4,561.9456062762176,5,3,1,1
391086097_1291717169_0,70,65,60,40.02737785907804,5,16.832409984108864,1,2,1,1
391084148_4471687469_0,55,55,50,24.335885685725632,4,505.58760642840656,1,2,1,1
3976600109_3976600103_0,40,40,0,32.72105488019247,5,593.1078928841555,1,2,1,1
391084137_391084122_0,65,65,60,258.88925989096134,4,247.6811397361637,1,3,1,1
391084122_391084137_0,65,65,60,258.8892598909614,4,247.6811397361637,1,3,1,1
392352555_2456870303_0,65,65,60,574.5107837112805,1,0.0,13,14,1,1
392351456_392351451_0,60,60,55,191.6392901161994,4,222.2172983267823,8,3,3,1
392351451_616356152_0,65,65,60,314.28138795012205,5,398.26712565567055,7,4,2,1
392351451_392351066_0,60,55,50,278.39149640758166,4,398.8448164328557,8,5,3,1
392351451_1365781145_0,60,55,50,17.54558452989473,5,398.8448164328557,5,3,2,1
392351136_616356152_0,65,65,60,100.2267574350241,4,405.8471941439073,4,3,1,1
392351074_392351066_0,65,65,60,95.2548700437686,4,514.9405875277555,4,3,1,1
392351072_627782668_0,60,60,55,83.72443263304432,4,525.4042644390822,5,3,1,1
395272168_30554840_0,50,50,45,128.27381397670712,5,239.48577053864187,1,6,1,1
393394096_6815991619_0,65,65,60,26.66128979804333,4,1.6001064204725273,6,2,1,1
393392267_6964634639_0,70,70,65,490.7841259886073,1,0.0,5,2,1,1
393144498_402883140_0,65,60,55,64.47702547117342,5,6.783668160078117,5,3,4,1
392353660_366065820_0,55,55,50,137.44007202257518,4,15.56444715996519,1,5,1,1
3976600107_1912611181_0,50,50,45,19.841056083220032,5,708.1431907403964,1,4,1,1
8416708651_30617636_0,60,55,50,51.50099509972527,5,486.3152453583174,1,4,1,1
8473849076_4708182435_0,55,55,50,34.67727190457618,5,153.31023293552428,1,2,1,1
8465472214_13798851565_0,50,50,45,280.10673660693294,5,173.07801363329403,1,7,1,1
392353660_320857511_0,65,60,55,40.81732499053725,5,0.0,1,3,1,1
395305579_434464804_0,65,65,60,97.49249591202164,3,0.0,4,3,1,1
395287462_30295480_0,55,55,50,50.32577548921123,6,49.27846340602619,1,2,2,1
395287053_769906811_0,55,55,50,46.17195760197493,4,72.33305542179512,1,3,1,1
395287052_30295483_0,60,55,50,38.94862331119755,5,87.63381899816211,1,3,1,1
3976600104_3976600113_0,55,55,50,40.44681981137124,5,345.1878734869274,1,2,1,1
395285930_395287053_0,60,55,50,80.14470060253353,4,118.50441598745182,4,2,2,1
395285930_395287052_0,60,55,50,74.21609344057062,5,126.37071498330192,4,2,1,1
402875805_1479422496_0,70,70,65,151.55726056389204,2,0.0,5,12,6,1
402875749_627782733_0,65,65,60,64.50416277404727,4,0.0,6,5,1,1
401870894_9549447205_0,55,50,45,238.09924798249887,5,574.9990621657332,7,2,2,1
401798223_395305579_0,50,45,40,197.5572674388052,5,0.0,3,6,1,1
401798222_2810558866_0,50,45,40,36.07470490951916,6,14.0407654688038,1,2,1,1
401795938_30295475_0,65,60,55,54.869667889484326,5,0.0,3,3,1,3
401795938_1169009518_0,65,65,60,59.36496614118696,5,47.52051032799581,1,3,2,3
401795297_319429058_0,60,60,55,217.08498127086068,4,0.0,1,2,1,1
402899818_30332593_0,60,55,50,18.654881306984997,4,139.40297682249766,3,2,3,1
402899818_434437194_0,70,65,60,189.6308245670096,4,157.9065859325045,9,3,3,2
402894803_30960624_0,55,50,45,78.06218960860366,5,197.0034532135046,1,4,4,1
402883140_126763470_0,65,60,55,135.84561958169212,4,5.011856748580684,7,5,9,1
402883140_412446052_0,60,60,55,50.36785302633047,5,0.0,5,4,4,1
402883127_2458217857_0,65,65,60,64.12563920064451,5,40.228807622422906,5,2,1,1
402883109_30617347_0,65,60,55,47.46138929384207,5,12.756241986449812,3,3,3,1
402875805_690803404_0,65,65,60,33.58387693582184,3,0.0,3,9,1,2
408908799_686613666_0,60,55,50,76.07894340299795,5,61.00982514603316,1,2,8,1
408908799_431101858_0,60,55,50,75.37014304303875,6,31.396227900999733,3,3,7,1
408908799_651878676_0,60,60,55,95.74681207866765,5,61.00982514603316,3,3,6,1
408908795_30558292_0,70,65,60,114.75240907751484,2,0.0,7,6,4,1
408908795_1225083280_0,65,60,55,25.604830534885995,5,0.0,4,4,2,1
408397901_923938075_0,70,70,65,705.959960644918,1,0.0,5,2,1,1
402899818_1312053334_0,65,60,55,28.46126630577463,6,154.8526321664108,3,2,2,1
409505487_30237690_0,65,65,60,65.23494343797996,5,227.27334661933165,2,4,2,2
409505320_409505321_0,60,55,50,66.98647676644366,5,61.84024293462351,1,2,3,1
409505320_409506494_0,60,60,55,41.53610206558168,5,128.8174528140921,1,2,1,1
409003535_30294780_0,65,65,60,52.3502210572249,2,0.0,4,3,4,1
8397656593_8397656591_0,65,60,55,22.190843130707474,5,341.16866892009006,1,2,4,1
3976600097_3976600095_0,50,50,40,113.453616274528,6,222.1843331134224,7,4,10,1
8441782337_6218672136_0,50,50,45,18.103768283429453,5,323.8559068253786,1,4,1,1
8441782337_387127634_0,55,55,50,107.48052160832349,5,258.49515855435686,1,4,1,1
8441782211_387127737_0,50,50,45,73.76547862460976,5,546.7788370498968,1,3,1,1
8439080657_30555975_0,65,65,60,23.41171739557878,5,129.52801069173228,1,2,11,1
8439080657_30243394_0,70,70,65,141.5135494053605,6,0.0,5,2,24,2
409003210_431100308_0,55,55,50,72.60227738915347,5,0.0,2,3,2,1
409003210_30558254_0,55,50,45,59.8982727197653,6,71.88682036691755,1,3,3,1
409506336_3372612594_0,60,60,55,59.179758558201286,6,144.42292921490525,1,2,5,1
409506336_415933918_0,55,55,50,135.40276770472585,5,144.42292921490525,2,2,5,1
409506335_364722162_0,60,60,55,60.27725040898609,5,76.16052896473556,1,3,8,3
409506333_30247401_0,70,70,65,100.50340637306664,5,0.0,3,2,5,1
409506333_30558251_0,60,60,55,133.07241077422313,5,55.14295064166021,1,3,5,1
411290662_30313174_0,60,60,55,84.51502206402643,5,74.4762741736403,1,6,1,1
410301873_168491368_0,55,55,50,112.84676160469168,5,750.0,4,7,1,1
410301832_4653143521_0,0,0,0,127.18187869764436,5,428.7253009128319,1,2,1,1
410301832_4111220660_0,0,0,0,35.19719856732305,5,428.7253009128319,1,2,1,1
409506494_409506333_0,70,65,60,190.43251196185057,5,97.2354387774182,1,2,5,1
409506494_409506495_0,60,60,55,78.18990981055612,5,135.30570616915395,1,3,1,1
409506383_30313125_0,55,55,50,41.82996492786544,5,97.24050348180184,1,2,7,1
412370061_30247405_0,70,65,60,70.36511737603684,5,0.0,6,9,6,1
412370060_30558255_0,60,55,50,72.92915801603958,6,105.18868813676828,1,2,7,1
412370060_409003210_0,55,50,45,33.8371021623627,5,71.88682036691755,1,2,2,1
412362702_674780716_0,60,60,55,73.83681296890224,5,161.37611401325915,1,2,1,1
412362700_412362702_0,60,55,50,70.64354416078798,5,90.74941073335351,1,2,1,1
412362700_1889882325_0,55,55,50,107.0327184850645,5,88.21393781030403,1,2,2,1
412362689_412398667_0,70,70,65,101.1847179315544,3,0.0,5,3,1,1
412362689_412362700_0,70,65,60,90.89297331371296,5,0.0,3,2,1,1
412371000_412549139_0,65,65,60,80.55096650286711,2,0.0,6,3,7,1
412371000_412370999_0,70,70,60,14.93828644026809,5,0.0,3,3,7,1
412370999_30558261_0,70,65,60,53.799373948797886,5,0.0,3,3,8,1
412370995_8530156354_0,60,55,50,16.796037624814584,5,0.0,4,2,4,2
412370995_535233402_0,50,50,40,245.36767858701603,6,9.684169211064996,6,9,15,2
412370994_359097332_0,70,65,60,251.7754764089236,4,75.26276568791076,5,12,22,3
412370994_30558391_0,70,70,65,65.46817320740954,4,241.3441135157825,6,4,8,2
412370064_686613666_0,60,55,50,94.16155270929406,6,52.04219858375959,1,8,7,1
412370062_30558219_0,55,55,50,64.35391419695196,5,59.54718702160661,1,2,6,1
412370061_30558445_0,60,55,50,104.02350108688692,5,69.35098420859676,1,7,7,1
412398657_91783971_0,70,70,65,137.8810974619724,3,0.0,5,3,8,1
412398657_409506333_0,70,65,60,123.57006544835323,5,0.0,2,3,9,1
412398656_1614010928_0,70,65,60,32.17127467696055,3,0.0,7,10,10,1
3987488884_535228353_0,45,45,40,129.10097421989803,5,126.10829669198353,1,2,1,1
412371001_30960812_0,60,55,50,71.44851773270291,5,41.51983252968659,2,4,1,1
412371001_412371000_0,65,65,55,55.89976754411899,5,0.0,4,3,6,1
412398667_412362689_0,70,65,60,101.1847179315544,3,0.0,5,3,1,1
3987488884_535228359_0,55,50,45,81.01911422875662,5,109.24297205560052,1,2,1,1
412398663_1889932481_0,65,65,60,115.4343083851831,3,0.0,6,8,4,1
412398663_30313174_0,60,60,55,109.16412106227207,4,0.0,3,9,3,1
412398661_412398663_0,70,70,65,90.959633142067,3,0.0,6,9,5,1
412398661_30558393_0,70,70,65,81.57861526185188,4,0.0,5,6,4,1
412398661_412398660_0,65,65,60,79.0405507856044,3,0.0,6,6,4,1
412398660_30558394_0,70,70,65,74.83082489403462,5,0.0,3,4,4,1
412398660_412398661_0,65,65,60,79.04055078560438,3,0.0,6,6,4,1
412414651_412415110_0,50,45,40,204.39984338570588,5,368.5126915282792,1,3,1,1
412398706_1614010934_0,70,70,65,100.7668739505341,3,0.0,11,9,12,4
412398704_415933868_0,55,55,60,37.94007975964403,5,0.0,3,2,10,6
412398704_1457780270_0,60,60,60,84.1529661905461,3,0.0,7,2,8,2
412398689_1485622254_0,60,60,55,74.9717299507413,3,0.0,5,4,15,7
412398689_412398695_0,70,65,60,13.264930338845751,5,0.0,4,4,13,6
412398683_1485622290_0,65,65,60,54.89520603594675,3,0.0,2,2,11,7
412398683_30556619_0,55,50,45,34.260814168629175,5,0.0,2,3,9,6
412398667_1889932481_0,65,65,60,91.45900175829053,3,0.0,5,4,2,1
412415485_412415473_0,45,45,40,63.10712666341236,6,352.4628895648428,1,2,1,1
412415483_30960664_0,50,50,45,201.38936461256213,5,95.688921582628,1,5,1,1
412415473_412415485_1,45,45,40,129.0933732640748,6,312.36879644437505,1,2,1,1
412415473_412415485_0,45,45,40,63.10712666341236,6,352.4628895648428,1,2,1,1
412415110_412414651_0,50,45,40,204.39984338570588,5,368.5126915282792,1,3,1,1
412414651_412446734_0,50,50,45,337.8241909427048,5,296.24723512434315,1,7,1,2
412435887_955374507_0,60,60,55,102.62063241627868,5,226.5908985096157,24,8,12,1
412435887_412436531_0,60,55,50,239.64951436484904,5,193.3920614191144,24,4,16,4
412429857_412415485_0,40,40,0,157.04421137193646,6,371.8315795121996,1,2,1,1
412426589_6256443439_0,50,45,40,335.2992845470216,5,542.961483146951,1,4,1,1
412415485_412429857_0,45,45,40,157.04421137193643,6,371.8315795121996,1,2,1,1
412415485_412415473_1,45,45,40,129.0933732640748,6,312.36879644437505,1,2,1,1
412436531_412436535_0,65,65,60,226.8304742086192,5,195.31415600278257,24,6,8,4
412436525_412437296_0,60,55,50,23.38312545953772,5,203.7335822535564,5,5,3,1
412436523_412436525_0,65,60,55,217.20283709396105,5,159.09705573412856,24,7,5,3
412436260_1912611092_0,60,60,55,88.05514270606736,5,15.096892246150338,13,3,4,1
412436259_6080661669_0,55,55,50,156.5450092153649,4,282.627248077291,1,4,3,3
412435888_457361191_0,60,60,55,142.92929503222706,5,226.2217888822992,10,8,6,1
412437296_412436525_0,60,55,50,23.383125459537712,5,203.7335822535564,5,5,3,1
412437295_9533512210_0,65,60,55,89.96396828146412,4,164.77966550818155,36,6,3,2
412436576_5352196827_0,70,65,60,48.75090036665407,5,0.0,1,2,1,1
412436539_2582773742_0,60,60,50,104.31550348400364,5,197.83477491386665,1,3,2,3
412436539_955374525_0,60,55,50,192.88713449678676,5,14.325740519467542,1,8,3,2
412436535_412436539_0,60,60,55,146.79842194922674,5,188.70218553956917,12,6,2,2
412437506_6985462322_0,65,60,55,18.04123325235519,4,131.65400325588212,20,5,2,3
412437504_5163670097_0,65,60,55,19.12456861129373,4,140.47663054898467,17,3,1,3
412437321_974261542_0,65,60,55,231.945985210426,5,39.86926467576931,7,2,1,1
412437321_559604870_0,65,60,55,50.23236198418526,5,2.517732541930765,1,2,1,1
412437310_412437304_0,65,65,60,295.5759076727127,5,297.13477140775404,4,4,1,1
412437304_168521958_0,65,65,60,370.84333893855336,4,359.59117037033,4,3,1,2
412437304_1912611158_0,60,55,50,168.91014610842095,5,359.59117037033,4,2,1,1
8378820672_256484442_0,55,50,45,103.33339622777864,5,388.9635736121056,1,2,2,1
8416708651_30254596_0,50,50,45,34.762353141715465,5,529.0471211158547,1,4,1,1
8412738278_8412738277_0,50,50,45,9.12203577199534,5,2.483939188918274,1,3,1,1
8412738277_30688829_0,50,50,45,141.6486097789914,5,1.858922527581685,1,4,1,1
3976600124_8310685651_0,55,50,45,27.09836371319746,5,388.5367793859261,1,2,1,1
8405489149_426647821_0,60,60,55,16.962721153510703,5,26.65843027317085,1,5,1,1
412437304_412436259_0,60,60,55,192.66076307239135,4,299.39278841101174,4,4,2,4
412437304_3976600078_0,60,60,55,146.47295065117424,4,228.4405970030957,13,6,3,1
412442631_273102085_0,65,60,55,196.66470526768097,5,4.979998651534573,7,7,9,1
412442591_30254022_0,55,55,50,70.83497444818572,5,128.44270017143165,4,2,10,1
412442591_30254049_0,65,60,55,128.44509486892372,5,0.0,4,2,10,1
412442324_1363702659_0,65,65,60,47.35943527987947,5,281.8737567523502,1,2,5,1
412442324_30295247_0,65,60,55,72.97992015396795,4,258.6515641838617,1,2,4,1
412438222_5163670090_0,70,65,60,9.949997217485082,5,71.71385784401173,12,7,3,2
412438078_30264252_0,60,60,55,19.21214463104832,5,158.49272840035104,1,2,1,1
412437788_6985462291_0,65,65,60,13.7074380209176,4,0.0,9,2,4,1
412444724_1381852565_0,65,60,55,284.2229495587161,2,0.0,16,6,5,2
412444724_3053899378_0,65,60,55,9.434273117524835,4,0.0,8,5,1,1
3976600122_168529461_0,55,50,45,53.86618252536447,5,339.99861626229205,1,4,1,1
412442631_412446078_0,65,60,55,230.1218209606716,5,4.979998651534573,13,8,14,1
412446078_412446052_0,65,65,60,203.8391501620144,5,3.16077931742974,14,8,13,1
412446078_273102085_0,65,60,55,150.86146270792628,4,8.939094183883334,9,5,8,1
412446078_30242948_0,70,65,60,46.28576118708229,4,0.0,8,4,7,1
412446059_2458217848_0,65,60,55,111.79710410393425,4,3.6393761425630657,8,3,2,2
412446059_30295131_0,65,65,60,18.716920853666444,5,0.0,1,2,1,1
412449344_359100760_0,65,65,60,106.92844921563716,5,53.584701435659824,3,6,4,1
412449344_1349265459_0,50,45,40,100.88081352324326,5,137.86614348768595,1,4,1,1
412449344_412449343_0,55,55,50,36.96459980653108,6,160.29947626220857,1,3,1,1
412449343_412449344_0,50,50,40,36.96459980653108,6,160.29947626220857,1,3,1,1
412446735_412446734_0,50,50,45,53.79492210915424,5,296.24723512434315,1,4,1,2
412446735_429352242_0,45,45,40,54.97894461766747,6,251.63782039271345,1,2,1,2
412446734_412446735_0,55,50,45,53.79492210915424,5,296.24723512434315,1,4,1,2
412450402_412452498_0,60,55,50,62.88392039521017,5,615.2972855016451,1,4,1,2
412450367_412450368_0,55,55,50,172.78815749037574,5,608.4601109681565,1,7,2,2
412450365_30617608_0,65,65,60,93.7138338431064,5,391.7431326770708,1,5,1,1
412450365_30254568_0,55,55,50,102.49751779849696,5,309.0630086853693,1,4,1,1
412450364_30254569_0,60,60,55,47.80111899887222,5,314.424338961843,1,5,1,1
412450364_412450365_0,65,60,55,82.15937625677682,5,361.52988185466944,1,4,1,1
8310685647_8310685646_0,55,50,45,15.43623204754898,5,375.7953774306771,1,2,1,1
8396779094_8396779091_0,55,55,50,58.38640534652634,5,40.17877405450928,2,3,2,1
8396779091_8396779094_0,55,55,50,58.38640534652634,5,40.17877405450928,2,3,2,1
8384718808_423831232_0,65,65,60,139.10695245053182,5,62.75888682656316,1,5,1,1
8384718808_364669779_0,65,65,60,8.93282077161112,4,59.97885600262275,1,4,1,1
412449780_30295096_0,60,60,55,123.17339023921068,6,62.93289548298779,1,7,14,1
412449528_126683890_0,60,60,55,76.20477258927234,5,252.6361135553653,1,3,11,1
412449353_1349265459_0,50,45,40,4.763434052790311,5,137.86614348768595,1,3,1,1
412451014_412451016_0,70,70,65,53.23306718028313,4,682.8041045745077,3,7,2,1
412451014_1365367738_0,60,60,55,205.92944287430632,6,592.303141748909,1,6,2,1
412451010_8286877334_0,65,60,55,297.12566206084654,4,341.7491307613989,1,6,1,1
412451010_412451014_0,70,70,65,216.24155117058947,4,545.7549310457473,2,9,3,1
412451010_30617617_0,65,60,55,57.7762780438108,5,545.7549310457473,1,5,1,1
412450458_412450364_0,65,60,55,133.85972533701425,5,361.52988185466944,1,5,1,1
412450458_412450365_0,60,60,55,60.2748253841008,5,391.7431326770708,1,5,1,1
412450402_30617612_0,60,55,50,122.1386595846194,5,540.6750943556262,1,6,1,2
412451335_412451336_0,55,55,50,134.081743375003,5,591.9059105389462,1,4,1,1
412451183_412451123_0,65,60,55,74.90832097554264,5,498.5827718080975,3,5,6,1
412451123_5643458632_0,70,65,60,64.27914149114244,5,441.1507289973177,3,4,5,1
412451017_2115356972_0,65,65,60,152.84758845761093,4,610.1156184121224,3,11,2,2
412451016_412451014_0,70,70,65,53.23306718028313,4,682.8041045745077,3,7,2,1
412451016_2115356972_0,70,65,60,61.774469857024044,4,713.8943409668085,3,10,3,1
412451014_412451010_0,65,60,55,216.24155117058945,4,545.7549310457473,2,9,3,1
412451511_1310620195_0,60,60,55,42.11639485030466,5,724.020555652294,3,10,4,1
3976600109_1912611164_0,55,55,50,112.44586090270506,5,625.5439152688368,1,4,1,1
412451338_412451684_0,65,65,60,103.47617177103498,5,659.5040646172489,1,5,2,1
412451336_1310620177_0,65,60,55,67.34670848505753,5,557.6124386576136,1,3,1,1
412451336_412451338_0,55,55,50,146.47007349574645,5,591.9059105389462,1,4,1,1
412451684_412451338_0,65,60,55,103.47617177103498,5,659.5040646172489,1,5,2,1
412451684_30617632_0,60,60,55,248.32833383460496,5,562.5899099879623,1,6,7,1
412451514_1532984342_0,65,65,60,12.5866561083194,5,618.002782218617,1,3,2,1
412451514_412451684_0,65,60,55,42.11258685997776,5,627.83528938768,1,3,2,1
412451761_412452134_0,60,60,50,245.18968247209256,6,529.7947623673722,1,12,3,3
412451761_412451511_0,65,65,60,38.01342159019478,5,713.3824955806996,1,7,2,1
412451710_417979459_0,60,55,50,106.1145423629484,5,433.7727938407177,1,3,7,1
412451684_30254596_0,55,50,45,161.392624428055,5,547.7469574993647,1,5,2,1
412452515_412452514_0,55,50,45,69.92396276802805,5,678.785336895828,1,3,1,1
412452514_1118614831_0,55,50,45,79.02734069491896,5,677.8454054012998,1,5,1,2
412452498_1118614831_0,50,50,45,118.99072417376112,5,615.8228080406656,1,5,1,2
412452498_412452515_0,55,50,45,106.4323703959447,5,615.8228080406656,1,3,1,1
412452134_1532984342_0,60,60,55,89.246329389914,5,529.7947623673722,1,5,1,1
412453127_364669537_0,60,55,50,225.84512844366407,4,0.0,8,5,1,1
412453116_364669543_0,65,60,55,57.107407800714064,4,76.67451875695428,4,5,3,1
412452734_390878333_0,60,55,50,9.58754762277063,5,55.5243837458092,1,5,1,1
412452567_8151705401_0,50,45,40,109.4711253856154,5,689.3652823105535,1,3,1,2
412452565_412452567_0,0,0,0,62.479586972391466,5,740.8443186543718,1,2,1,1
3994528973_253790707_0,65,65,60,47.35032093016192,5,212.4426190064844,5,8,1,1
412453202_412453201_0,55,55,50,185.23105269132532,3,0.0,6,14,1,1
412453202_1337087460_0,65,65,60,130.65686095416427,3,0.0,9,11,1,2
412453201_412453202_0,55,55,50,185.23105269132532,3,0.0,6,14,1,1
412453201_412453967_0,60,55,50,124.17492049723904,3,0.0,5,6,1,2
412453201_412452734_0,55,50,45,65.49828019736555,5,0.0,3,5,1,1
412453127_412453967_0,65,60,55,243.085704777054,3,0.0,8,6,1,2
412453391_412453392_0,60,60,55,100.47908524484563,5,16.553076558945772,1,2,1,2
3994528963_2852358816_0,50,50,45,311.6680093293797,6,362.54523960719433,1,3,2,1
412453359_412453391_0,60,60,55,62.96507814999749,5,110.18124696992354,1,2,1,2
412453212_583257390_0,55,55,50,123.61466338539682,3,0.0,6,4,1,3
412453212_426653622_0,65,65,60,150.3159489640285,5,0.0,6,13,3,2
8302792055_1852045009_0,60,55,50,173.74618326959657,5,242.54613652888085,3,9,1,1
8372776783_273101948_0,55,55,50,154.3352545198398,5,127.62123362828896,1,4,3,1
8338986129_442540267_0,70,70,65,50.85088222129343,3,0.0,8,3,8,1
8319500688_2264456427_0,60,60,55,37.17439499574444,5,374.4412114213599,1,4,2,1
412453203_426652636_0,70,70,65,285.7226735872028,4,7.572741884170628,9,8,3,2
412454419_412453971_0,70,65,60,73.35955873372909,4,113.85376869452,4,3,5,1
412453978_412454419_0,70,65,60,99.91601646987766,4,17.027954120958192,3,5,1,1
412453971_412453115_0,65,60,55,62.57079342723294,4,131.7665867521089,6,5,5,1
412453967_412453127_0,65,60,55,243.085704777054,3,0.0,8,6,1,2
412453967_412453201_0,60,55,50,124.17492049723904,3,0.0,5,6,1,2
412453967_364669537_0,60,55,50,217.8302912407631,5,0.0,5,5,1,2
412453391_412453359_0,60,60,55,62.96507814999749,5,110.18124696992354,1,2,1,2
412453391_412458711_0,55,55,50,54.770316559509766,5,93.29391143311076,1,5,1,2
412457981_376759381_0,65,65,60,551.5610590420974,1,0.0,13,11,2,1
412457946_412457981_0,70,70,65,611.4279567784663,1,0.0,19,19,1,2
412457668_412453392_0,60,60,55,58.44301007709261,4,14.906824790333756,1,2,1,1
412454891_412454890_0,50,50,45,43.69496665946747,5,92.77258824275049,1,8,1,1
412454890_412453359_0,55,55,50,49.53762138319061,5,93.2772746397843,1,4,1,1
412454890_412454891_0,50,50,45,43.69496665946747,5,92.77258824275049,1,8,1,1
412458316_1295278485_0,70,70,65,814.9981356222512,1,0.0,32,24,7,3
412458147_364669544_0,70,70,65,34.97889457808849,4,13.685923004679603,4,4,1,1
412457999_412458316_0,70,70,65,636.0207137816273,1,0.0,18,20,2,2
412460056_1225083271_0,60,55,50,93.998337143805,5,257.33806090679764,1,4,1,1
412460039_390878435_0,60,60,55,74.02597444653716,5,158.59588747867883,1,5,4,1
412458711_412453391_0,55,55,50,54.770316559509766,5,93.29391143311076,1,5,1,2
412462146_412466900_0,70,65,60,58.69794453943624,5,0.0,1,11,1,1
412461999_30294982_0,60,60,55,103.04873988515234,5,90.30781766402217,1,4,7,1
412461955_5951673146_0,65,65,60,67.63409097081393,4,86.57051479559743,2,5,4,1
412461955_4811094187_0,65,65,60,50.68590711436545,5,36.14603052928183,8,3,2,1
412461954_30960786_0,55,50,45,64.28378914787537,5,146.12957148869833,1,2,2,1
412461954_412549132_0,60,60,55,167.49753179532988,5,104.43371556876724,1,4,4,1
412461683_331356237_0,70,65,60,220.23208289229655,4,38.07215689835678,4,12,6,1
412461683_412461955_0,70,70,65,137.05312631771636,4,48.25286726638986,5,4,3,1
412547381_408908925_0,60,60,55,101.11511890034448,5,60.77058463426321,1,5,1,1
412466900_1224389897_0,55,55,50,36.09150489602912,5,19.152297707274855,1,7,1,1
412465396_3120231148_0,65,60,55,39.49648853441053,5,84.41215936231676,1,4,1,1
412464588_11242746353_0,60,55,50,166.92380543342605,6,155.50452360167355,4,6,1,1
412464587_30960653_0,60,60,55,37.83952273778251,6,257.6454736190336,1,4,1,1
412464271_1454439253_0,70,65,60,132.43770956876108,3,0.0,3,11,4,1
412549133_30960810_0,60,60,55,257.667679571518,5,28.57656842172883,3,7,2,1
412549133_414683100_0,70,65,60,36.83037844730061,5,0.0,4,5,2,1
412549132_30960820_0,60,60,55,44.231654470805246,5,98.6854378569982,1,3,4,1
412549130_415950289_0,65,65,60,168.40593300949777,3,0.0,6,11,13,1
412549130_331355856_0,60,60,55,128.84098354533828,5,0.0,6,4,7,1
412549129_1487379449_0,65,65,60,42.00023485734607,5,39.71018453614163,3,3,5,1
412549129_30960821_0,70,65,60,45.32161293800208,4,0.0,3,4,5,1
412547381_535233519_0,60,60,55,32.58479244475693,6,129.73174153211198,1,2,1,1
414683109_1765565679_0,65,65,60,99.08014594922598,5,0.0,4,5,2,1
414683108_1225083248_0,55,55,50,179.55358453329717,5,28.83234866124972,1,8,2,1
414683100_1765565679_0,70,65,60,229.0242820126981,2,0.0,8,6,3,1
3994496055_387127547_0,55,55,50,29.50924797326356,5,97.734457205261,1,3,2,1
8302879830_10001393038_0,55,55,50,26.577530723829163,5,180.39387175866773,5,6,1,1
8302879830_8302879824_1,55,55,50,254.80715849308208,6,184.6689097175191,9,9,1,1
8302879830_8302879824_0,60,60,55,251.8409042769674,5,184.6689097175191,9,11,1,1
8302879824_8302879830_0,60,60,55,251.8409042769673,5,184.6689097175191,9,11,1,1
8302792056_462641371_0,55,55,50,136.47599809573276,5,161.6914156272637,3,7,1,1
414683100_412549133_0,70,65,60,36.83037844730061,5,0.0,4,5,2,1
415402221_415716566_0,55,55,50,193.93906782207688,5,0.0,4,5,4,1
415402221_449385473_0,65,65,60,8.831455244539162,4,0.0,3,3,4,1
415402218_481122563_0,65,65,60,124.83171791689098,3,0.0,11,4,2,1
415402216_482511496_0,70,65,60,13.923043489368135,2,0.0,6,4,1,1
415402206_366065819_0,60,55,50,155.30996495724884,4,63.860678403573765,6,4,4,1
415402206_30295881_0,60,55,50,63.45993547763279,5,175.63439287819756,2,2,2,1
415718635_415718637_0,50,50,45,165.3728585724673,5,0.0,1,2,3,1
415718632_323190137_0,60,60,50,162.6952884380972,3,0.0,10,5,4,1
415718630_947908716_0,60,55,50,108.52789881966986,3,0.0,6,2,4,1
415718626_1174754927_0,60,60,55,60.15253695379839,5,12.43599362590367,3,3,1,1
415716575_2983305742_0,65,65,55,15.242011447186725,4,15.723464462777152,3,6,1,1
415716567_415718637_0,50,45,40,171.26229025315877,5,157.25530436392688,1,2,1,1
3994383012_420553134_0,50,50,45,66.51476122694682,5,333.2047540208573,1,2,1,1
415716564_2983305742_0,65,65,55,46.40287636717119,5,0.0,5,6,1,1
415716564_415716566_0,60,60,55,50.5533564649324,5,12.889208329585443,5,6,1,1
415716564_2456870326_0,65,65,60,12.697196815490528,4,12.889208329585443,5,6,1,1
415933868_30247411_0,70,65,60,74.16837532367316,5,0.0,3,2,11,9
415933868_1457780270_0,60,60,60,72.91976839815504,5,0.0,5,2,11,6
415933631_409506335_0,65,65,60,134.8530577012344,5,106.22142355775402,1,2,6,1
415884755_415884756_0,55,55,45,86.3692165938925,6,186.41326939244004,1,4,25,3
415884755_30553975_0,50,50,45,82.31787897805732,6,186.41326939244004,1,4,25,3
415718637_2606686492_0,50,50,45,173.9474494295199,5,114.93768122522114,1,2,1,1
415950289_6073196939_0,65,65,60,16.893218800524767,3,0.0,4,9,11,1
415947301_30555744_0,60,60,55,22.557861766508505,6,401.7465538528183,1,2,23,3
415943065_1457931649_0,65,65,60,77.54093396030025,4,126.36186902681236,4,3,17,1
415943065_30333344_0,55,50,45,49.620583954150014,5,126.36186902681236,1,4,16,1
415941159_60969459_0,60,55,50,66.19023119243262,4,227.80193010176524,2,3,13,1
415935210_30556542_0,70,65,60,32.21269761854255,4,113.54220415674362,1,3,14,1
415935180_30554509_0,50,50,40,52.7715338851109,5,220.0083309187028,2,3,16,4
415935180_30553979_0,55,55,45,96.85984293230514,5,169.73590412209964,1,4,19,3
4005942352_1613682462_0,65,65,60,418.3624740121891,4,80.05797307295485,1,2,1,1
415956314_415956316_0,65,60,55,59.49350005945252,2,0.0,10,4,3,2
415956313_415956317_0,65,65,60,50.48338546182549,2,0.0,5,5,6,1
415956312_2480495525_0,70,70,60,61.938805435368806,2,0.0,6,5,8,1
415955417_8530189630_0,70,70,65,12.266433034367743,5,0.0,3,3,2,1
415955415_415955417_0,65,65,60,137.12878454882085,2,0.0,6,3,6,1
415955414_415955415_0,65,60,55,122.08710838925806,2,0.0,8,2,8,1
415950289_12696223063_0,70,65,60,55.07921971717754,3,0.0,6,9,10,1
415950289_567451703_0,65,65,60,47.49336933556216,4,0.0,6,11,14,1
415989799_10858526500_0,60,60,55,243.0277945447021,4,182.0195673367012,9,3,17,2
415956323_415956312_0,65,65,60,238.9329438940624,2,0.0,13,7,15,1
415956317_415956315_0,70,65,60,51.41503062649087,2,0.0,5,6,7,1
415956316_415956323_0,60,60,55,345.62854003070964,2,0.0,15,7,11,3
415956316_30295131_0,60,60,55,110.20525691167202,4,0.0,7,3,2,2
415956316_3191418787_0,65,65,60,10.069062728366337,5,0.0,8,2,2,1
415994563_478867151_0,55,55,50,63.04341490248211,4,56.28659880072269,4,3,4,1
415994560_323190145_0,65,65,60,126.06897147355129,3,0.0,13,3,2,1
415994538_481122454_0,60,60,55,271.87800261472944,2,0.0,8,3,2,1
415994535_415402216_0,65,60,55,249.89729699337664,2,0.0,8,5,1,1
415991021_1852045009_0,60,60,55,21.2170113392028,5,354.5965347223068,1,5,1,1
416012205_416012204_0,65,65,60,84.24548140322908,6,0.0,2,2,1,1
416012205_1117832735_0,65,65,60,74.14636496087333,3,0.0,4,2,1,1
416012198_1017920240_0,65,65,60,87.90636753348554,6,0.0,1,3,2,1
416012194_457887476_0,60,60,55,66.65432255550508,5,0.0,5,4,1,2
416012194_416012196_0,65,65,60,69.54888294584865,6,63.063896396952615,2,4,1,2
416012192_1017920232_0,50,50,45,63.26081478199403,6,0.0,4,2,2,1
416012192_478861367_0,60,60,55,31.93445057399127,2,0.0,5,2,3,1
416012188_1017920257_0,65,65,60,88.38340113195744,2,0.0,3,4,1,1
416012214_1117832656_0,60,60,55,85.40736920455616,5,0.0,2,2,4,1
416012214_30617932_0,60,60,50,80.22305175953629,6,84.62379140100863,1,2,9,1
416012211_1043850002_0,60,60,55,95.20282405418904,5,98.95456123425926,1,2,1,1
416012211_1375540269_0,55,55,50,76.14626475670788,5,95.9043393217993,1,2,1,1
416012209_8623322076_0,55,55,50,59.13098195491811,5,69.05719743068951,1,3,1,1
416012209_1017920069_0,55,55,50,71.9569257936236,5,102.42569638800244,1,2,1,1
416012206_416012205_0,60,60,55,88.33131890041497,5,0.0,2,2,1,1
416012206_1117832690_0,60,60,55,73.16308950771275,6,86.70421874969144,1,2,2,1
416115207_416115190_0,50,45,40,366.087971737992,5,134.72882434966286,1,18,1,1
416115190_416115224_0,45,45,40,73.39585341804072,5,251.35793065087924,1,7,1,1
416115190_416115207_0,50,45,40,366.087971737992,5,134.72882434966286,1,18,1,1
416115182_3385754231_0,50,50,45,85.02334803752218,5,3.524300579527424,5,7,1,1
416115182_658169102_0,50,50,45,149.98838817258297,5,88.17055704927361,1,11,1,1
416115182_585245610_0,55,55,50,326.5719607363072,5,36.11266088381697,1,7,1,1
416115336_416524025_0,45,45,40,322.6253703602449,5,252.43190755611505,1,5,1,1
416115336_658169112_0,45,45,40,241.81403659080885,5,87.65324191617208,1,11,1,1
416115224_416115190_0,45,45,40,73.39585341804072,5,251.35793065087924,1,7,1,1
416115210_416115207_0,45,45,40,95.9766072700966,5,204.0722608774309,1,12,1,1
416115210_1350686296_0,40,40,0,235.6553596042344,5,186.3769651068015,1,13,1,1
8221931732_30247061_0,55,55,50,75.64765359677266,6,140.66314226990715,1,2,3,1
8293362944_30254594_0,60,60,55,86.46265124280154,6,564.8779857878314,1,4,5,1
8286877334_412451010_0,65,60,55,297.12566206084654,4,341.7491307613989,1,6,1,1
8269934210_9769855902_0,60,55,50,159.24206202896784,5,328.43547982428026,4,2,1,1
8269583404_2965670786_0,55,55,50,115.21035499129606,6,750.0,1,2,3,1
416115210_416115397_0,45,40,0,170.71275797191066,5,204.0722608774309,1,13,1,1
416115207_416115210_0,45,45,40,95.9766072700966,5,204.0722608774309,1,12,1,1
416116584_416116749_0,55,55,50,191.73088538170603,5,25.49530488591678,1,3,1,1
416116584_416116590_0,45,45,40,142.19692066718463,5,41.6178054428578,1,3,1,1
416116584_1350466776_0,40,40,0,180.43872252279655,5,71.92385498772892,1,2,1,1
416115397_416115210_0,45,40,0,170.71275797191066,5,204.0722608774309,1,13,1,1
416115380_416115207_0,50,50,45,665.1926205107511,5,281.8659265222234,1,11,1,1
416116731_3472804093_0,65,60,55,196.2997605354494,4,0.0,8,9,4,2
416116731_319774960_0,50,50,45,19.22827551707216,4,78.29312474456565,1,4,2,1
416116731_1350466978_0,45,45,40,451.50424050775234,5,67.68034138261068,1,4,2,1
416116604_550588156_0,65,65,60,422.7924264433466,3,0.0,5,6,2,1
416116590_416116584_0,45,45,40,142.19692066718463,5,41.6178054428578,1,3,1,1
416116590_1350466857_0,0,0,0,281.1976460890908,5,50.28367173646874,1,3,1,1
416116751_416116752_0,0,0,0,83.83837029228731,5,14.04217092414014,1,2,1,1
416116750_416116777_0,50,50,45,94.95837881862812,5,18.69136044052985,1,2,1,1
416116749_416116584_0,55,55,50,191.73088538170603,5,25.49530488591678,1,3,1,1
416116749_416116604_0,65,60,55,145.53697377181678,5,0.0,5,6,2,1
416116749_4236148731_0,55,55,50,36.876653607701655,5,19.60075003812049,1,4,1,1
416116788_416116777_0,40,40,0,176.78829898135865,5,41.24390791766793,1,2,1,1
416116777_416116750_0,50,50,45,94.95837881862812,5,18.69136044052985,1,2,1,1
416116777_416116788_0,40,40,0,176.78829898135862,5,41.24390791766793,1,2,1,1
3994528973_6218672137_0,55,55,50,1150.7133632257446,5,0.0,5,25,2,1
416116751_2434351638_0,50,50,45,272.66705073963584,5,0.0,1,8,3,2
416524161_537861932_0,60,60,55,698.5358563463058,4,63.91175478311743,1,3,1,1
416524161_1350478849_0,60,60,55,41.40495460556944,4,25.907861959943254,1,2,1,1
416524094_1071339487_0,45,45,40,205.40107455388292,5,8.716882452678476,1,2,1,1
416524025_416115336_0,0,0,0,322.62537036024486,5,252.43190755611505,1,5,1,1
416523700_30294473_0,60,60,55,162.82486485905417,3,0.0,6,6,8,1
416523700_2235259424_0,60,60,55,500.66369850281336,5,0.0,6,2,5,1
416523700_30314630_0,60,60,55,178.0987436752818,3,0.0,5,4,4,2
416523685_687897111_0,65,65,60,15.848962570461552,5,180.1101431424796,5,2,1,1
416523680_425612029_0,65,60,55,299.9655796522826,5,26.582593635690817,9,8,1,1
416885095_416886809_0,55,55,50,138.02928958105892,6,148.86275736975915,3,2,8,1
416885093_2473421347_1,65,60,55,230.6442018713983,5,30.47716867589946,5,3,8,2
416885093_416885095_0,55,55,50,72.24606648308803,5,141.07653840708966,6,2,7,1
416885092_312894014_0,65,60,55,263.91051908096995,5,0.0,5,2,1,1
416885092_416886810_0,55,55,50,137.71373272098276,3,0.0,5,2,1,1
416524240_1349242026_0,65,60,55,3097.7991985925355,3,0.0,1,15,1,1
417604839_415955413_0,65,65,60,333.69297210984087,2,0.0,17,9,17,3
417604839_30960813_0,70,70,60,12.32317652723736,5,0.0,4,2,4,2
417329463_319774960_0,60,60,55,277.79210128727,4,97.12503271430693,1,4,2,1
4127392691_1001441903_0,60,55,50,68.6326319395673,5,13.071461495785504,1,2,1,1
417329463_1350465987_0,55,55,50,188.0148393334227,5,138.79707453257464,1,4,2,1
416886810_544222999_0,70,65,60,130.7900090129323,3,0.0,6,6,1,1
416886809_597263757_0,55,55,50,56.68952686211695,5,129.51885515115407,2,2,3,1
416885095_416885093_0,55,55,50,72.24606648308804,5,141.07653840708966,6,2,7,1
416885095_1307297616_0,55,55,50,68.59288131210488,5,84.45534232162592,2,3,7,1
417974482_13117186608_0,55,55,50,17.725508631007717,5,267.97679099703,1,2,1,1
417974462_1310620176_0,45,45,40,188.71412875031095,5,227.4825447964996,1,2,1,1
417974462_417976045_0,50,50,45,112.87555567256302,5,194.82506282790783,1,2,1,1
417972407_387127454_0,45,45,40,71.1153797297878,5,587.1070208371189,1,3,1,1
417972224_3827708483_0,60,60,55,89.38951452582808,5,330.0673247558922,1,6,3,1
417976047_417976089_0,70,65,60,155.204323513282,5,198.64404659085488,1,5,1,1
417976047_417976045_0,55,55,50,101.00842119787497,5,190.851991277003,1,3,1,1
417976045_417974462_0,50,50,45,112.875555672563,5,194.82506282790783,1,2,1,1
417976045_417976246_0,50,45,40,89.01901643934787,5,156.79817032273266,1,2,1,1
417976045_417976047_0,55,55,50,101.00842119787497,5,190.851991277003,1,3,1,1
417976041_30254584_0,70,70,65,31.692055819066034,4,166.04515992602092,1,4,1,1
417976041_417976089_0,70,70,65,87.59605859707439,4,194.36163073312463,1,5,1,1
417976041_417976047_0,60,55,50,98.80567244104932,5,194.36163073312463,1,6,1,1
417974482_417974462_0,55,55,50,309.1330610728954,5,227.4825447964996,1,2,1,1
417976269_417978027_0,45,45,40,272.79515508898885,5,69.0837670773118,1,3,1,1
417976246_417976319_0,45,45,40,179.10169012917115,5,127.31423096528158,1,2,1,1
417976089_417976041_0,60,55,50,87.59605859707439,4,194.36163073312463,1,5,1,1
417976089_8286877334_0,70,65,60,65.88704641487453,4,279.10079879562016,1,4,1,1
417976089_417976047_0,55,55,50,155.204323513282,5,198.64404659085488,1,5,1,1
417978151_417978022_0,50,50,45,186.7444294858148,5,110.01022187570578,1,3,2,1
417978151_417978156_0,50,50,45,105.79291898101415,5,106.31414998327708,1,2,1,1
417978027_12947788312_0,60,60,55,141.33259857657785,5,17.371681498980937,4,3,1,2
417978022_417978162_0,55,50,45,37.52621477919487,5,178.46645584648653,1,2,1,1
417976347_417976246_0,45,40,0,204.9512568423565,5,156.79817032273266,1,2,1,1
417976319_412453212_0,55,55,50,170.09933850180212,5,0.0,6,6,1,2
417978595_417978597_0,65,65,60,140.8346432143167,5,381.0873261002983,1,4,4,1
417978406_13117186629_0,55,55,50,68.28070493659712,5,230.29102741790925,1,2,1,1
417978406_417978595_0,65,65,60,198.27169789972385,5,230.29102741790925,1,4,3,1
417978162_417978027_0,55,55,50,135.95368576446222,5,72.16480302582447,1,2,1,1
417978162_417978156_0,45,45,40,39.53334972388302,5,140.68872074707022,1,2,1,1
417978156_417978151_0,50,50,45,105.79291898101414,5,106.31414998327708,1,2,1,1
417978156_417978162_0,45,45,40,39.53334972388302,5,140.68872074707022,1,2,1,1
417979376_614623610_0,60,60,55,71.35318406320512,5,76.31549287608362,1,6,4,1
417979369_417979070_0,55,55,50,182.018678155714,5,193.077865079742,1,6,8,1
417979070_417979376_0,60,60,55,59.57554210334588,5,140.36171897775708,1,4,4,1
417978597_412451336_0,60,60,55,130.1605329893232,5,480.23063191156746,1,5,3,1
417978597_412451697_0,55,55,50,214.5263210888558,5,480.23063191156746,1,7,4,1
418137494_418137491_0,65,60,55,33.85829685832623,5,59.71650897817387,3,6,1,3
418137491_418136959_0,65,60,55,114.28340805997571,6,77.46322390273039,1,4,6,3
4112911211_5289700555_0,65,60,55,15.961123971046351,3,0.0,2,2,1,1
418127462_30294516_0,45,45,40,61.91277660086589,6,140.38362721970375,1,2,11,1
417979586_412451710_0,65,65,60,130.67515538448723,5,342.0307872415447,1,2,6,1
417979580_417979586_0,65,65,60,165.957714830158,5,342.0307872415447,1,3,8,1
420051087_9445929962_0,65,60,55,26.910272381749117,5,179.6120846725409,5,6,1,1
418737419_3275080331_0,55,55,50,165.08980622256317,5,181.1007043107417,1,2,2,2
418737418_687897111_0,55,55,50,329.9950659517445,5,180.8097905087316,6,3,1,2
8195951201_30295341_0,65,60,55,94.40260031983571,5,18.678330841821257,3,7,3,4
8195467081_2283215312_0,65,65,60,10.71358925407201,2,0.0,7,4,1,1
8253104587_13453304520_0,70,65,60,6.331263526299768,4,166.0305666431493,1,4,5,1
8253104586_429459480_0,60,60,55,57.55081408254066,4,163.01079092614478,1,4,4,2
8246056358_30227136_0,50,50,45,41.40076954800112,6,181.22980869605863,2,3,14,1
8227535510_8162660649_0,45,40,0,94.98131827686088,5,301.2594178131301,1,3,1,1
418161846_533615996_0,50,50,40,48.05877751950566,6,270.64540575803755,1,6,16,2
420058186_2111252106_0,65,65,60,10.268960240441604,5,99.20977777561448,4,10,1,1
420058174_7078045379_0,65,65,60,338.47260810959745,5,160.9814278928721,3,11,1,2
420058168_420058186_0,65,65,60,61.006777061700014,5,84.58407277606915,6,11,1,1
420058168_7078045348_0,60,60,55,119.18742367620376,5,38.964953439738586,10,12,1,1
420051108_947196720_0,70,70,65,232.3066253231678,5,33.168489468805475,12,16,1,2
420051108_7078045346_0,70,70,65,61.061205856908536,5,33.168489468805475,12,8,1,2
420051108_420051104_0,70,65,60,433.48797098154967,5,29.77274837276149,15,10,1,2
420060601_4697774023_0,55,55,50,20.95475579442065,5,711.4997844518907,1,3,1,1
420060594_6831747698_0,55,55,50,108.39456239000796,5,416.0609399240181,1,7,1,1
420060594_7078045305_0,55,50,45,274.16869212946,5,415.8567673798617,4,8,1,1
420058233_4697774017_0,50,50,45,232.0029219024876,5,750.0,1,5,1,1
420058201_4697774030_0,70,65,60,18.969875697574768,5,129.7679863879111,1,3,1,1
420058200_4697774030_0,65,60,55,16.84284321142719,5,118.97257414268049,1,3,1,1
420058186_420058168_0,65,65,60,61.006777061700014,5,84.58407277606915,6,11,1,1
420064842_420064843_0,55,55,50,115.00202654184608,5,15.855567506867738,7,6,1,1
420064842_572064583_0,50,50,45,217.9142712595469,5,128.62925029866733,3,4,1,1
420064842_366065824_0,55,55,50,136.88395160201216,5,114.37672430320109,3,7,1,1
420061795_8302879824_0,55,55,50,21.65421901802233,5,304.8431247755961,2,5,1,1
420061784_9445929962_0,65,60,55,107.00008224832798,5,162.77074696420397,6,5,1,1
420061784_2129591178_0,65,60,55,338.9693310550543,5,79.10492827168864,1,5,1,1
420061784_420051104_0,60,55,50,545.6195673923423,5,31.234261789731285,3,5,1,1
420061783_10001393041_0,60,60,55,96.0267527029354,5,89.22343322940456,5,10,1,1
4111220659_4111220660_0,0,0,0,19.22200534840108,5,434.4893583381472,1,2,1,1
420553137_1374319507_0,50,50,45,69.02579203888914,5,405.6632197962879,1,2,1,1
420553137_1374317026_0,50,50,45,72.63617529870544,5,405.6632197962879,1,2,1,1
4111220659_4145040958_0,0,0,0,871.5965319315811,5,437.9023192488468,1,4,1,1
420553134_3994383012_0,50,50,45,66.51476122694682,5,333.2047540208573,1,2,1,1
420553134_920686677_0,50,50,45,12.675286686907514,5,333.2047540208573,1,2,1,1
420553131_2681810542_0,50,50,45,55.64727812892647,5,171.26029578247935,1,2,1,1
420064843_415716575_0,60,60,50,332.2017095840903,4,15.855567506867738,9,10,1,1
420064843_572085967_0,65,60,55,40.53476501269708,5,0.0,4,4,1,1
420553180_420553182_0,50,50,45,116.33678470122838,5,233.76064310625355,1,2,1,1
420553171_365288398_0,55,55,50,91.58082019839554,5,2.403368186727392,1,2,1,1
420553171_420553150_0,55,55,50,4.007818062818618,4,0.0,1,2,1,1
420553141_5335313618_0,50,45,40,66.00451904766875,5,166.61180583938767,1,3,1,1
8172065151_8172065150_0,65,65,60,27.555863923386102,5,0.0,4,4,1,1
8172065151_1853174712_0,65,65,60,68.35027743750469,4,8.635963821166426,4,4,1,1
8213336141_1695282673_0,60,60,55,38.10181783575128,5,622.0969706243574,2,6,1,1
8210712079_30243163_0,70,70,65,101.64434470052905,5,0.0,6,3,14,1
8210712079_442540276_0,70,70,65,150.37621202567863,5,30.18390622016916,9,4,16,1
8201874133_71643550_0,70,65,60,28.61996704962716,3,0.0,2,8,25,1
8201874133_1126640615_0,60,60,55,201.165338249922,5,0.0,4,20,28,1
8199319784_2020393224_0,50,45,40,198.0622075979052,5,134.6299912082944,1,3,1,1
420553141_420553180_0,50,50,45,8.343863201924256,5,226.98410508501715,1,2,1,1
420553137_1374317043_0,50,50,45,151.87441266686852,5,386.9706686854854,1,2,1,1
420892537_1312053315_0,65,65,60,82.80032758546538,3,0.0,5,6,1,1
420892537_1312053343_0,65,65,60,73.67003218402732,3,0.0,7,2,1,1
420892535_421265629_0,65,65,60,147.67856614393145,5,83.94018416660006,1,2,1,2
420892483_2293731701_0,70,70,65,331.1113254322846,2,0.0,5,6,3,1
4040070235_692263334_0,60,60,55,63.27527378440453,5,29.02977719687182,4,4,1,1
420763042_1727171543_0,65,60,55,160.00751707357352,3,0.0,3,6,2,1
420553182_420553180_0,50,50,45,116.3367847012284,5,233.76064310625355,1,2,1,1
423434621_423434738_0,55,50,45,79.11921055126282,6,211.01627884712005,1,2,4,1
423434621_30332577_0,55,55,50,49.66541436792235,5,211.01627884712005,1,2,2,1
421265639_1312053372_0,65,65,60,14.124288699795784,4,98.75758535586009,3,6,1,1
421265629_1043834164_0,65,65,60,87.00127227861655,5,150.6457769378291,1,3,1,2
421265629_1303430020_0,60,60,55,148.53132453652742,5,130.1799905151918,1,2,1,3
421263917_434437194_0,65,60,55,38.45145437491115,4,345.97711850313004,5,2,1,2
421263917_3943567473_0,65,65,60,194.7591109498046,4,261.6372492343247,8,3,1,1
421263917_1873048551_0,65,65,60,43.21763189639214,5,316.9634270224042,3,3,1,1
423434715_423434796_0,60,60,55,73.01420808047065,6,61.39403050554383,1,3,1,1
4111795596_576583112_0,55,50,50,93.65441205411962,5,231.7361008108251,1,2,1,1
423434658_423434626_0,65,60,55,80.08639131387412,5,180.38741759884425,1,2,1,1
423434658_423434712_0,55,50,45,59.22951374769761,5,121.58027598648157,1,3,1,1
423434652_423434655_0,55,55,45,59.80822211295036,6,163.5926405880893,1,3,1,1
423434629_423434712_0,55,55,50,102.5504510022516,5,121.58027598648157,1,3,1,1
423434626_423434774_0,65,60,55,48.792480041267325,5,162.07621790542572,1,2,1,1
423831234_423831232_0,55,55,50,120.79402945781072,5,198.5121429242556,1,4,1,1
423831232_423831234_0,55,55,50,120.7940294578107,5,198.5121429242556,1,4,1,1
423831232_8384718808_0,65,65,60,139.10695245053182,5,62.75888682656316,1,5,1,1
423831232_430759324_0,60,60,55,84.27787527742302,5,173.33591715648362,1,3,1,1
423434796_423434652_0,55,55,45,103.5617485674068,6,61.39403050554383,1,3,1,1
4111795672_4111795676_0,50,45,40,23.30072123661203,5,170.10212690922452,1,2,1,1
423434735_423434774_0,60,60,55,33.62843495012029,5,162.07621790542572,1,2,1,1
4111795658_566748388_0,60,60,55,34.80224772629407,3,0.0,5,3,1,1
423434715_421265634_0,65,60,55,121.36400798954637,5,27.67637802268677,1,4,1,1
425612130_1610134946_0,60,60,55,53.09184811422316,5,750.0,14,7,1,1
425612029_6148206388_0,60,55,50,73.06676011134924,5,213.20437776756796,3,3,1,1
425611912_1425252273_0,55,55,50,58.3108968083117,5,428.9586660180256,1,2,1,1
425611748_425612029_0,65,60,55,193.7565117418843,5,23.70029096993392,8,4,1,1
423831236_430757948_0,50,50,45,129.2074454653896,5,371.1348321613742,1,6,1,1
423831234_430757826_0,50,50,45,56.46332238891836,5,314.77123310986764,1,4,1,1
425635742_425635743_0,50,50,45,84.9573095749681,5,89.33241395559394,1,3,1,1
425635742_425648708_0,50,45,40,183.506531566517,5,173.47815236053663,1,3,2,1
425635740_425635738_0,50,50,45,36.74868863267525,5,224.11520215262547,1,5,4,1
425635740_366065823_0,55,55,50,245.16144827364525,4,252.17365213888652,6,6,8,1
425635738_30296294_0,55,55,50,81.32147618283467,5,159.92061259168378,1,4,6,1
4029816820_208960819_0,55,50,45,46.13747023248092,5,243.2106516435681,1,2,34,1
425612294_35120262_0,55,50,45,126.66863399568668,5,166.41434834866425,1,2,5,1
425612294_2077949582_0,60,55,50,118.14000019816405,5,114.90438345909465,8,2,5,1
425612130_1711781434_0,60,60,55,139.0563558890997,5,750.0,11,8,1,1
425768614_815063036_0,70,65,60,35.435068046613445,5,0.0,4,3,1,1
425657914_425648709_0,55,55,50,31.289153776388893,5,68.0955563569337,1,2,4,1
425648709_2686563658_0,50,50,45,79.98351236976633,5,94.51952911365596,1,2,5,1
425635752_425648708_0,60,55,50,48.31832408649494,5,136.10884738848748,1,3,2,1
425635745_2606686453_0,55,55,50,53.040571419226175,5,182.97269909329,1,2,1,1
425635744_320857511_0,65,60,55,130.33064454838865,4,12.4178271304853,1,6,1,1
425635743_1437748521_0,55,50,45,100.02539167106532,5,85.50531284528532,1,3,1,1
426622591_430764290_0,65,60,55,257.2367290318232,3,0.0,6,7,1,1
426622591_426673039_0,65,60,55,314.0851352066296,3,0.0,8,10,3,1
426622591_426624021_0,60,60,55,92.15872475227964,5,0.0,3,3,1,1
425768618_815047541_0,70,70,65,94.72613279884078,4,0.0,1,2,1,1
426624031_567453718_0,50,45,40,60.5285762227922,5,188.1644738606462,1,3,1,1
426624022_567453739_0,50,45,40,115.23064129051056,5,87.0400421703366,1,3,1,1
426624021_426624022_0,55,50,45,67.73744389455562,5,58.84861872137554,1,2,1,1
426624021_9481011177_0,50,50,45,189.6744310561299,5,57.075312197646646,1,6,1,1
426624021_426622591_0,60,60,55,92.15872475227964,5,0.0,3,3,1,1
426651490_430757395_0,0,0,0,598.318034907534,5,313.4727100555151,1,5,1,1
426651490_426624031_0,50,45,40,292.3429907308614,5,221.8875450772992,1,5,1,1
426647821_426644270_0,50,50,45,116.70321741957711,5,38.45241865090971,1,7,1,1
426647821_8405489149_0,60,60,55,16.962721153510703,5,26.65843027317085,1,5,1,1
426644270_426647821_0,50,50,45,116.70321741957711,5,38.45241865090971,1,7,1,1
426884331_30556734_0,65,60,55,57.02454738871632,5,8.669809085178176,5,3,7,1
426883557_583257391_0,65,65,60,139.00124224364694,3,0.0,10,6,2,1
426881065_430764421_0,60,60,55,318.8103373136404,6,6.358470190215402,8,7,1,2
426673039_426622591_0,65,60,55,314.0851352066295,3,0.0,8,10,3,1
427959741_2191189341_0,40,0,0,165.93343554825918,5,499.2055537679973,1,2,1,1
427959741_2191189346_0,45,40,0,244.524675528055,5,492.16628566732754,1,2,1,1
427959732_427959741_0,55,50,45,255.69516285396665,5,499.2055537679973,1,5,1,1
427959730_2445068401_0,50,50,45,51.08905633594806,4,662.4090480217208,2,5,1,1
8162667556_10135472424_0,55,55,50,438.7522706941074,4,576.6506655983078,13,5,1,1
8162667556_1313997603_0,55,55,50,53.60814678646203,5,529.6898306408259,4,3,1,1
8162667556_8162667553_0,65,60,55,14.382929893289964,5,576.6506655983078,4,3,1,1
8195467081_12945625939_0,65,65,60,14.439718802893998,2,0.0,7,4,1,1
8195467071_603995064_0,65,65,60,29.669891794913696,5,0.0,9,3,1,1
8184529847_366213487_0,55,55,50,30.904997856464544,6,109.18282830007615,1,5,1,1
8184529847_366213478_0,55,55,50,63.96806518344327,6,137.91862432138953,1,4,1,1
4111370891_4111370384_0,45,40,0,44.539630222248526,5,215.77429800385292,1,4,1,1
8176699632_366062058_0,60,60,55,40.33595617907079,5,118.72319023802638,1,2,1,1
8175209748_412362700_0,60,55,50,144.31129381502862,5,90.74941073335351,3,2,2,1
429352243_30960624_0,55,55,50,125.310369745345,6,197.0034532135046,1,4,3,1
429352242_412446735_0,45,45,40,54.978944617667466,6,251.63782039271345,1,2,1,2
429350330_30960821_0,65,65,60,95.40308697070272,3,0.0,6,5,6,1
429350330_4811094187_0,65,65,60,160.75645873552077,5,0.0,11,7,7,1
427959783_4317363553_0,40,0,0,70.57415138753854,5,375.1336348139604,1,2,1,1
427959760_253934676_0,40,0,0,310.9448513951284,5,378.2377062428358,1,2,1,1
429742254_1363598881_0,50,50,45,62.72696666742888,5,519.6528062808738,1,5,1,1
429742245_30689253_0,55,50,45,179.70886001323183,5,230.25712471746127,1,3,1,1
429742245_995424000_0,65,65,60,281.3520730832823,5,230.31615924054327,1,4,1,1
429459480_877366733_0,65,65,60,106.7249796896538,4,180.77381717490488,2,4,4,2
4111370386_4111370384_0,45,40,0,7.208779711045486,5,258.59969094572733,1,4,1,1
429459477_8253104601_0,65,65,60,11.32059129813411,6,156.05181331748065,1,4,4,1
429459477_8253104586_0,70,65,60,17.65134526743694,4,156.05181331748065,1,4,4,1
430535694_269381314_0,70,70,65,54.52385290027144,4,0.0,9,7,10,1
4111370384_4111370386_0,45,40,0,7.208779711045486,5,258.59969094572733,1,4,1,1
429742266_429742255_0,55,50,45,107.73276272276024,5,418.8639405037192,2,4,1,1
429742264_30689253_0,50,50,45,178.49087699377944,5,295.5258721211973,1,2,1,1
429742259_1381889356_0,50,50,45,83.99950237170958,5,622.4019709892261,1,6,1,1
429742259_1381889435_0,55,55,50,7.98291102325511,5,618.0029233609055,1,6,1,1
429742255_2544110806_0,55,50,45,96.69795617620056,5,498.6463622480489,1,2,1,1
429742254_429742259_0,55,55,50,75.82130474858207,5,556.3869441041684,1,6,1,1
430757395_364670907_0,55,55,50,956.1776431455352,5,185.98799748378397,1,10,3,1
430757395_426651490_0,40,40,0,598.318034907534,5,313.4727100555151,1,5,1,1
430535725_30243330_0,65,65,60,136.16647588216952,3,0.0,10,4,16,1
430757826_430757824_0,50,50,45,76.65758917173147,5,350.565549532064,1,4,1,1
430757822_430757823_0,50,45,40,132.12792841402012,5,206.24868887390292,1,3,1,1
430757395_430761706_0,0,0,0,532.3910201328118,5,363.9993635859773,1,2,1,1
430757948_430757951_0,45,40,0,88.12666663380155,5,283.96494920248136,1,6,1,1
430757948_430758304_0,50,45,40,108.1459301279173,5,334.164705031295,1,5,1,1
430757948_423831236_0,45,45,40,129.2074454653896,5,371.1348321613742,1,6,1,1
430757826_423831234_0,55,50,45,56.46332238891837,5,314.77123310986764,1,4,1,1
430759494_423831236_0,50,45,40,607.5393251524386,5,206.916784193763,1,8,1,1
430759324_423831232_0,55,55,50,84.27787527742302,5,173.33591715648362,1,3,1,1
430758304_2486143412_0,45,45,40,133.57733972138325,5,376.1734091460247,1,4,1,1
430758304_426651490_0,45,45,0,177.66335263837044,5,313.4727100555151,1,4,1,1
430761706_430761699_0,0,0,0,81.66909611853102,5,363.8538098335596,1,2,1,1
430761706_430757395_0,0,0,0,532.3910201328122,5,363.9993635859773,1,2,1,1
430761706_430760982_0,0,0,0,253.987037822808,5,192.99839898372025,1,2,1,1
430761699_430761706_0,0,0,0,81.66909611853102,5,363.8538098335596,1,2,1,1
430760982_430761706_0,0,0,0,253.987037822808,5,192.99839898372025,1,2,1,1
430764290_430764421_0,65,60,55,52.21064731938922,5,0.0,3,5,1,1
4111370382_898791655_0,50,50,45,189.64858513282744,5,188.176173546874,1,4,4,1
430764148_430766937_0,60,60,55,110.04137986545425,5,124.3935010680314,1,3,1,1
430764140_430764148_0,60,60,55,263.30631410214204,5,60.63216894940914,1,4,1,1
430763600_5767709820_0,60,60,55,148.69053668560102,5,5.681987480514844,3,5,1,1
8172065144_462635526_0,60,60,55,6.337959271955456,5,137.91707154489956,1,2,1,1
430763600_537823321_0,70,70,65,69.02212318675019,4,5.38561475615201,8,3,1,2
430764785_430764908_0,65,60,55,32.98138732284097,5,48.70344119367498,6,9,3,1
430764785_1533311123_0,65,60,55,59.73971572045384,5,45.34155295268473,4,8,5,1
430764639_568117156_0,65,60,55,336.1662600955551,4,6.020174289207259,14,14,6,1
430764421_430764290_0,65,60,55,52.21064731938922,5,0.0,3,5,1,1
430764290_1349242026_0,65,60,55,62.19981324058981,3,0.0,3,5,1,1
430765521_6695182350_0,55,55,50,122.08701806403646,5,227.075132707272,1,4,1,1
430765138_430764908_0,60,60,55,51.34608406832862,5,81.68318200559676,4,9,6,1
430765134_430765138_0,60,60,55,36.25583348318965,5,116.77913281673209,3,6,6,1
430764953_1935831401_0,60,60,55,76.68916030710281,5,166.600656630296,1,4,5,1
430764953_1533311123_0,55,50,45,151.62939716807034,5,45.34155295268473,1,8,7,1
8162667553_8162667556_0,65,60,55,14.382929893289964,5,576.6506655983078,4,3,1,1
8162667537_8162667553_0,60,55,50,97.00308862115132,4,589.1672758439325,5,4,1,1
21638867_1636238503_0,55,55,50,15.764159815696338,4,465.1567935951809,1,5,10,1
8150119791_3306168424_0,50,45,40,63.637342560275,6,49.60331305144768,1,3,1,1
21638865_30343650_0,45,45,0,15.496123245501026,6,675.7212856605581,1,2,20,1
430764908_430764785_0,65,60,55,32.98138732284097,5,48.70344119367498,6,9,3,1
13859746849_13859746858_0,55,55,50,22.385799114590004,5,223.80514795084767,1,2,2,1
430766937_430767083_0,50,50,45,208.7708449405796,5,133.97783211595114,1,3,1,1
430766079_430765668_0,55,55,50,98.9446222189331,5,244.79615549618805,1,3,1,1
430766071_430765606_0,60,60,55,109.71357263053588,5,260.90042351291874,1,3,1,1
430766071_430768374_0,60,55,50,38.18381152080512,5,306.9889899891359,2,3,1,1
430765668_430766079_0,55,55,50,50.43730561109217,5,269.9865274282661,1,3,1,1
430765668_430765606_0,60,55,50,39.94340431182325,5,260.90042351291874,1,3,1,1
430765606_430766071_0,60,60,55,109.71357263053586,5,260.90042351291874,1,3,1,1
430767913_430767950_0,55,50,45,67.60117262348827,5,301.304888372218,1,6,2,1
430767908_1292134747_0,60,60,55,41.453206207804826,5,231.92625069966635,1,5,1,2
430767908_430769491_0,45,45,40,254.7800081621936,5,238.5984427872517,1,8,1,1
430767908_430767950_0,60,55,50,65.08682189105215,5,268.5176262765964,1,8,1,1
430767511_430768374_0,55,50,45,90.30454938772664,5,306.9889899891359,2,6,1,1
430767511_9507066653_0,55,50,45,23.3990385963678,5,359.4549426202448,1,4,1,1
430767083_5827147445_0,50,50,45,57.838328913276406,5,178.94946425518413,1,2,1,1
430767083_430766937_0,45,45,40,208.77084494057965,5,133.97783211595114,1,3,1,1
430767083_430767077_0,50,50,45,26.03035765919892,5,229.86735179352712,1,2,1,1
430769368_430769319_0,50,45,40,298.2358278160257,6,125.817618507696,1,7,1,1
430769319_6718358695_0,50,50,45,138.78993565831806,5,127.65433911398216,1,7,1,1
430768374_430767511_0,55,50,45,90.30454938772664,5,306.9889899891359,2,6,1,1
430767950_430768374_0,60,55,50,172.55688425582613,5,286.395750990623,2,7,3,1
430767950_430767913_0,60,55,50,67.60117262348827,5,301.304888372218,1,6,2,1
430767913_430769829_0,55,55,50,69.1463262183938,5,359.645587577783,1,5,2,1
430767913_1001441823_0,55,55,50,340.9139813858067,5,359.645587577783,1,9,2,1
430769829_430769368_0,55,50,45,301.5418489055613,5,261.3260556916296,1,5,1,1
430769829_6718358695_0,50,45,40,315.2169048783875,5,230.51539562252063,1,9,1,1
430769491_1292134749_0,50,50,45,289.65923080170126,5,112.22625585834815,1,11,1,1
430769491_430767908_0,45,45,40,254.7800081621936,5,238.5984427872517,1,8,1,1
430769368_430769829_0,55,50,45,301.5418489055613,5,261.3260556916296,1,5,1,1
430769368_430770877_0,50,45,40,247.842684558104,5,93.32757811423784,1,3,1,1
431100342_412370064_0,60,60,55,67.22062012777899,5,0.0,4,7,8,1
431100338_30558244_0,65,60,55,99.6118105637174,5,252.86149165754884,2,3,4,2
431100308_30247395_0,65,60,55,43.9252313246259,3,0.0,3,3,1,1
430984237_3805966095_0,60,55,50,57.20861654072576,6,48.08171985207044,4,4,23,1
8121673613_412426589_0,50,45,40,17.47824999555134,5,564.0523405873147,1,2,1,1
8144185801_8144185802_0,50,45,0,93.5256984783018,6,14.186533107514318,1,2,1,1
8144185801_30264558_0,55,50,45,85.47610273983588,5,88.56986781468683,1,2,4,1
8140250872_4431636962_0,65,60,55,24.207467975177032,3,0.0,6,2,1,1
430769829_430767913_0,55,55,50,69.1463262183938,5,359.645587577783,1,5,2,1
431484966_30243211_0,65,60,55,19.709618487480288,4,0.0,4,6,13,1
21638882_1636238518_0,55,55,50,57.57659170423028,5,203.29482517675387,1,4,27,1
13781851608_5451351932_0,65,65,60,132.9800936672136,6,3.273440068621602,3,2,8,1
431481362_431481389_0,65,65,60,134.56064033843265,5,15.833863927661907,9,7,4,1
431481328_250794421_0,70,65,60,21.258765031775614,4,0.0,4,5,5,1
431481328_253707075_0,65,65,60,133.4732710104788,5,19.451053413435957,8,6,8,1
431481322_243756418_0,65,65,60,144.5759635385523,2,0.0,11,10,4,1
13859746868_13859746870_0,60,55,50,7.683470293773935,5,204.98195334640863,1,2,2,1
431481322_431481321_0,70,70,65,22.459661098420074,2,0.0,6,8,3,1
431481321_431481328_0,70,65,60,133.23822005929722,5,0.0,9,7,6,1
431481321_536418253_0,65,60,55,126.69178066173444,2,0.0,9,13,12,1
431481321_431481322_0,70,70,65,22.459661098420074,2,0.0,6,8,3,1
431107481_1400723037_0,65,65,65,132.16791150325108,6,504.6122980998584,2,6,51,1
432467121_30617554_0,65,65,60,14.901152684887244,5,132.83386414292835,1,2,4,1
432467115_5250643030_0,65,65,60,28.315474652240127,4,378.3847637456273,11,3,4,1
432467115_556334963_0,55,55,50,33.41116657479742,5,378.3847637456273,9,3,4,1
432467115_31285555_0,70,70,65,169.56067863255896,4,275.1253304961557,12,4,4,1
432467107_364670496_0,70,70,65,100.70907494708877,3,0.0,3,7,5,1
432467099_408908925_0,60,60,55,290.1588124728014,5,19.673912177783706,1,7,3,1
432467099_1225083268_0,55,50,45,120.81643786881496,5,95.79141299364588,1,2,1,1
431484966_126812841_0,65,65,60,85.29649444036781,2,0.0,9,7,17,1
432509964_432509963_0,55,55,50,74.79562324969214,4,413.514892428548,3,5,10,1
432509964_1233754579_0,60,60,55,48.7402480690324,5,413.514892428548,3,4,9,1
432509964_1794642773_0,60,60,55,63.27565074733509,4,351.797197219791,6,5,14,1
432509963_432509964_0,55,55,50,74.79562324969214,4,413.514892428548,3,5,10,1
13859746870_13859746860_0,55,55,50,18.750117523211884,5,204.39981097001385,1,2,2,1
432509869_30237677_0,65,65,60,121.59136129516496,4,339.6375187863331,4,4,5,1
432510237_1233754587_0,55,50,45,62.88718746175903,5,312.6849779248705,1,5,11,1
432510087_432509967_0,55,55,50,11.73422537326142,4,171.04343122036232,5,3,4,1
432510056_977657487_0,65,60,55,34.56287036278112,4,62.685492588267735,5,3,1,1
13859746849_627782660_0,55,55,50,46.18368066768335,5,244.540317770468,2,2,2,1
432510028_1233754567_0,60,60,55,78.81096502044915,4,603.9414596194273,2,5,1,1
432510028_1233754603_0,60,60,55,135.28084753519147,4,485.27429903794257,2,7,2,1
432509969_977657487_0,60,55,50,17.247260745791895,4,46.939735384873,6,3,1,1
432509967_30294784_0,65,60,55,62.86609140976691,4,182.5538407009641,7,2,10,1
432509967_432510087_0,55,55,50,11.73422537326142,4,171.04343122036232,5,3,4,1
434423056_598225132_0,55,55,50,53.67292957787121,5,145.21328928484343,1,2,1,1
434423056_598224750_0,55,55,50,11.752431083920758,5,192.9994045899052,1,2,1,1
434423055_598225219_0,50,50,45,43.84140205409849,5,211.97051880655525,1,2,1,1
434423055_434423056_0,55,55,50,24.42752399047708,5,195.06380816405084,1,2,1,1
21638874_3643971045_0,60,60,55,15.154622924765214,4,170.60225656291198,4,4,17,1
21638917_190981834_0,70,70,65,30.717494598566763,3,0.0,10,6,2,1
434423018_1156424412_0,55,50,45,55.1334110027224,6,206.61640302985364,1,2,1,1
434423018_8990571939_0,55,50,45,75.14741375941898,5,226.2807052484907,1,2,2,1
434423017_2986603865_0,60,60,55,79.97379680228255,4,142.52878611103108,1,4,1,1
434423009_1303363172_0,55,50,45,77.06855737150481,5,380.9106308941051,1,2,4,5
434437209_1873048563_0,55,55,50,135.11824652175108,5,134.50392920233816,1,2,1,1
434437196_402899818_0,60,60,55,78.40523899848621,6,157.9065859325045,3,2,2,1
434437194_402899818_0,65,65,60,189.6308245670096,4,157.9065859325045,9,3,3,2
434437194_421263917_0,65,60,55,38.45145437491115,4,345.97711850313004,5,2,1,2
434437194_434437191_0,65,60,55,56.76936214556541,5,345.97711850313004,5,2,1,2
434431827_598225120_0,55,55,50,75.32192011976568,6,353.9703936348138,1,2,2,1
434431814_598224644_0,55,50,45,77.90911699514815,5,252.9339861756158,1,2,1,1
13859746854_13859746849_0,55,55,50,21.99136292682552,5,223.8122442426914,1,2,2,1
434423064_6039142037_0,55,50,45,21.27351650142674,5,225.78439537928716,1,2,1,1
441667581_30297454_0,45,45,0,97.5577966058124,6,183.36320266702316,2,2,9,1
439204528_430757823_0,45,45,40,38.38568997953492,5,290.1806124297928,1,2,1,1
437132969_3439160184_0,50,45,0,83.34032519008437,6,261.51418449171007,1,2,14,3
434487433_319630104_0,65,65,60,96.2359599072916,3,0.0,9,8,6,1
434487433_598224596_0,65,65,60,75.78221149255418,5,0.0,4,6,2,1
434471890_434471880_0,55,55,50,38.38981113178512,5,0.0,2,2,5,1
434464804_1127100737_0,60,60,55,198.16989018830463,5,0.0,6,5,1,1
434464804_401795296_0,55,55,50,30.143082924314506,3,0.0,2,3,1,1
434437210_1948047755_0,60,55,50,52.49981838110323,6,272.2125492459793,1,2,1,1
434437210_434437209_0,55,55,50,22.817602466504923,5,263.1355831370729,1,2,1,1
442540238_442540239_0,70,65,60,134.93806794604387,6,0.0,6,7,9,1
442540237_442540238_0,70,70,65,133.6178151091677,6,0.0,6,19,16,1
442540236_10182235282_0,70,70,65,167.1439947977477,6,0.0,7,11,26,2
442540236_442540237_0,75,70,65,134.59723836145167,6,0.0,10,20,20,2
442540235_442540236_0,70,70,65,134.5206800432757,6,134.1681616140228,8,15,19,2
8119594962_615815427_0,65,65,60,321.1961130477308,4,5.268656026839183,13,16,6,1
8132079773_543553059_0,55,50,45,40.20679529434543,5,94.1387197864641,1,2,1,1
8127333287_8529268154_0,65,65,60,15.64678274376364,5,0.0,8,5,1,1
8125229465_11949794106_0,60,60,55,11.55233082761022,6,74.04521788542277,1,2,1,1
441668045_4237804314_0,60,60,55,207.10590293509267,5,131.27765085535827,4,3,10,1
441668045_347340786_0,65,60,55,147.24498288657233,4,0.0,6,6,3,1
442540253_442540254_0,65,65,60,134.761125551153,6,134.52910023719323,8,15,17,2
442540253_30242864_0,70,65,60,16.723047168165664,6,134.52910023719323,5,10,12,2
442540252_442540253_0,75,70,65,137.81119752663233,6,0.0,9,21,18,2
442540251_442540252_0,70,70,65,132.333690305953,6,0.0,5,21,12,1
442540251_1311770048_0,65,60,55,18.72818787173725,4,131.72187736738496,1,8,6,1
442540250_442540251_0,70,70,65,135.54422695489075,6,0.0,5,9,9,1
442540249_12884439770_0,65,60,55,14.066216436968492,4,0.0,16,8,5,1
442540249_30556803_0,65,60,55,59.9625136056772,4,12.250216454427212,14,6,7,1
442540243_3053342333_0,65,65,60,19.908358471259668,4,10.308591918619152,19,10,8,1
442540242_30253494_0,70,65,60,139.67226060924372,4,0.0,6,14,14,1
442540242_5264394426_0,70,65,60,93.60016139580716,6,13.034685332245896,13,14,10,1
442540269_364811897_0,70,70,65,151.30583503769105,4,13.985643684843389,6,5,19,1
442540269_30247088_0,65,65,60,94.8552532905154,4,14.29247897282522,2,6,18,2
442540267_30243208_0,70,70,65,51.88573857995935,3,0.0,5,4,13,1
442540257_30254326_0,65,65,60,131.7802314093944,5,0.0,11,4,26,3
442540257_30243260_0,70,65,60,131.77815218611974,3,0.0,9,3,12,2
442540256_1126848499_0,70,70,65,152.3588788613147,4,92.75668342543602,13,10,17,1
442540255_442540257_0,70,70,65,144.70453783103832,4,0.0,13,3,18,2
442540298_412398689_0,60,60,55,131.11495487632888,3,0.0,9,7,21,7
442540293_1124790711_0,70,65,60,146.88583538457502,4,68.42509291107017,11,10,20,1
442540280_442540281_0,65,60,55,32.85200648159742,3,0.0,4,3,1,1
442540280_559803319_0,65,60,55,144.00813425251624,5,0.0,6,3,2,1
442540279_30254089_0,65,65,60,97.16893119926875,3,0.0,4,6,5,1
8119424269_364716619_0,65,65,55,8.9436892663617,5,242.79039722281516,1,2,4,1
8119767440_8119767442_0,50,50,45,50.987819033024486,5,79.20079985732443,1,3,1,1
8119767438_2540149363_0,60,55,50,123.3710165581562,4,6.899750098360268,1,3,1,2
8119755202_7159551275_0,50,50,45,146.92207850763177,5,34.48822307994445,2,10,2,1
442540272_11289437704_0,65,65,60,21.854253361055488,5,38.12427270447834,9,4,6,1
448700503_30558464_0,70,65,60,99.85629345201322,3,0.0,8,2,2,2
446207454_318317466_0,70,70,65,772.6583374890957,1,0.0,1,4,1,1
446207432_317926474_0,70,65,60,244.37104176981865,1,0.0,1,2,1,1
442540300_364811890_0,70,65,65,80.66994737529534,4,13.009926232585713,7,5,16,1
442540300_1311619340_0,65,60,60,14.754014337696931,4,0.0,5,4,13,1
448786030_448786037_0,65,60,55,70.1096675109763,4,0.0,5,5,10,1
448786029_769906806_0,65,65,60,100.64400864049028,5,149.99088321373043,4,3,3,1
448786027_30558461_0,60,55,50,124.99534938533094,5,56.42584784376983,4,7,11,2
448700605_30555016_0,65,60,55,132.52998809611563,4,0.0,7,3,2,1
8119424292_8119424266_0,55,55,50,30.46376884463686,4,159.35440139729104,1,2,1,1
8119424289_359238242_0,55,55,50,50.823779750535074,4,475.87584648894153,4,3,1,1
8119424282_358505134_0,65,60,55,8.02427217748092,5,627.7814563833671,4,2,1,1
448700549_6120152819_0,70,70,65,37.4281280091069,3,0.0,6,5,7,1
448786035_448786038_0,60,60,55,68.86850066120036,5,67.31763661235253,3,2,4,1
448786035_1303430273_0,55,55,50,6.38431054025305,6,136.17943288660962,2,2,3,1
448786034_769906808_0,55,55,50,135.63729675783688,5,96.78360765400376,5,4,1,1
448786034_769906806_0,65,60,55,70.82243155047637,5,136.48606455466853,4,2,3,1
448786033_448700605_0,60,60,55,132.7824177592683,3,0.0,7,3,2,1
448786031_448786029_0,65,65,60,88.57502546482353,5,73.7007642220072,2,4,1,1
448786043_1043834246_0,60,60,55,82.0350854674561,3,0.0,4,4,3,1
448786042_448786043_0,65,65,60,53.66686202274927,5,0.0,4,6,8,2
448786038_448786033_0,60,60,55,67.34199665438616,5,0.0,2,3,4,1
448786037_11927931591_0,65,65,60,100.2504344316997,6,25.304164585396126,2,4,10,1
448786037_448786038_0,60,55,50,132.78365229813338,6,67.31763661235253,2,3,12,1
448786037_448786036_0,65,65,60,68.39214471793107,4,68.37558794956114,3,3,10,1
448786036_7634532958_0,65,60,55,137.6329733206631,4,123.41520949471816,2,4,8,1
449385485_1046607404_0,55,55,50,478.87371564603086,4,575.1972603934446,6,14,1,1
449385473_947908704_0,60,60,55,154.95419372308302,3,0.0,7,4,7,1
449385473_415402221_0,65,65,60,8.831455244539162,4,0.0,3,3,4,1
449383072_434487433_0,65,65,60,176.3278506703459,5,0.0,8,13,6,1
449383069_1017920208_0,65,65,60,100.30882980002852,2,0.0,5,9,6,1
449385488_800172186_0,60,60,55,212.4458007703362,4,147.07207818997767,2,3,2,1
449385488_30254627_0,55,55,50,91.83541594714988,5,326.8168915423861,1,4,1,1
449385486_2565812032_0,65,65,60,83.07317320189021,4,629.0216424906204,1,4,1,1
449385486_2708786228_0,55,55,50,436.9452021250886,5,571.2367147820723,2,9,1,1
449385485_2706190138_0,65,60,55,38.18578336653601,5,594.3246027878615,1,3,1,1
453549623_556364033_0,60,60,55,267.7760872129785,4,14.697058213491418,10,5,1,1
7679659712_30558253_0,60,60,55,120.7867006937678,6,63.00881328334401,1,3,5,1
7679659712_412370062_0,70,65,60,70.7268308429585,5,93.3567262206454,1,3,6,1
8119424266_359237786_0,65,65,60,8.246756997911625,5,187.80103029166864,1,2,1,1
8119152610_8119152612_0,50,50,45,4.757533768588281,6,122.979447990959,1,2,1,1
8089462903_863144004_0,60,60,55,7.2567916624716435,5,41.83569722991219,1,2,1,1
453549579_567474424_0,55,55,50,1.6300973940278332,4,7.300915912682729,6,5,1,1
457361191_412435888_0,55,50,45,142.9292950322271,5,226.2217888822992,10,8,6,1
457361191_1912611172_0,55,55,50,179.43820983268304,5,167.70297886634916,1,2,4,2
457361177_412437788_0,60,60,55,170.34661110969495,4,0.0,9,2,3,2
456868906_554200803_0,55,55,50,453.5417209156154,3,0.0,2,2,1,1
457394426_457394433_0,60,60,55,229.1222163325792,5,512.0248498611605,1,2,1,2
457361210_457394433_0,60,60,55,212.5232249951888,5,299.6287910194382,12,2,1,1
457361210_1912611092_0,60,55,50,196.49600482607383,5,103.15201688686562,18,3,2,1
457361210_2845227568_0,60,60,55,267.045354081619,5,284.96705939124206,13,3,1,1
457361197_1912611151_0,55,55,50,130.8981590041661,5,230.2731852003461,9,2,1,1
457394454_457394426_0,60,60,55,154.38823001276376,5,461.1664646195973,1,2,1,2
457394440_457361210_0,55,55,50,150.2842018034509,5,298.16082462212023,24,2,2,1
457394440_457394454_0,55,55,50,137.76186023767755,5,334.31680249913785,9,2,1,1
457394433_30318191_0,60,60,55,265.55486921642233,5,497.89258948698864,12,2,1,1
457394433_457394426_0,55,55,50,229.1222163325792,5,512.0248498611605,1,2,1,2
457394426_457394454_0,60,60,55,154.38823001276376,5,461.1664646195973,1,2,1,2
8086245576_8086245577_0,50,50,40,4.030326240871276,6,166.10145106793428,1,2,1,2
8043162354_1311770051_0,70,65,60,93.46832187546624,4,18.14678556459509,14,15,10,1
7866434044_30243128_0,65,60,55,10.630900807992326,5,126.06897333608296,5,4,7,1
7866434035_30243128_0,60,55,50,135.3116483048185,4,126.06685392708626,7,4,10,1
7862216634_3184350832_0,60,60,55,93.50038453900054,5,253.51200835348388,5,4,12,1
462635537_462641356_0,65,65,60,28.1284344947572,5,0.0,4,5,1,1
462635526_30296013_0,60,55,50,152.34325774840545,5,137.91707154489956,3,2,1,1
462693526_2505262717_0,65,65,60,173.15254528137794,5,19.409893133890662,5,5,1,1
462641371_30296599_0,50,50,45,84.40794919946781,6,161.6914156272637,1,5,1,1
462641356_8172065151_0,60,55,50,9.598560577210565,4,8.542666919406216,4,4,1,1
462635549_316877754_0,60,60,55,27.89200995066409,5,0.0,6,4,1,1
462635549_30296620_0,65,60,55,94.50670003761677,5,8.260103570219332,6,5,1,1
462635542_30296040_0,60,60,55,61.51106228662036,5,80.9657001009229,1,2,1,1
478855288_481146953_0,65,65,60,252.6813711908468,4,0.0,4,5,1,1
478855185_415994538_0,65,60,55,154.8088815347149,5,0.0,8,3,2,1
478855185_478875365_0,60,60,55,271.49406460380334,5,154.7585190110043,4,4,8,1
478855101_3934957717_0,65,65,60,141.3117304577807,5,26.087511061213444,1,2,1,1
478854948_478855101_0,65,65,60,123.55684172673996,5,8.66727085107906,2,2,1,1
462694080_2505262744_0,55,55,50,40.97704314746051,5,162.3706821487879,1,4,1,1
478867151_3687119664_0,55,55,50,89.31317822904332,4,102.52672050603688,3,4,4,1
478867151_478867327_0,55,55,50,116.52877330221509,5,35.128958407826964,4,3,4,1
478861422_903833762_0,55,55,50,114.73608715598247,5,0.0,1,3,2,1
478861367_1017920156_0,65,65,60,22.363822588991447,2,0.0,5,2,2,1
478855374_1017920262_0,55,55,50,69.4067128545559,5,149.84405093250535,1,3,3,1
478855374_478861746_0,60,60,55,130.30144130995643,5,54.07192131078051,1,3,4,1
478855374_30617918_0,65,60,55,72.32432660073084,5,133.11850534185243,1,3,3,1
478875996_481122301_0,60,55,50,72.26778983335777,5,204.00025456252573,1,2,1,1
478875473_903833761_0,60,55,50,100.3041782164253,5,0.0,2,3,5,1
478875473_415994535_0,60,55,50,270.39625221733274,2,0.0,5,4,7,1
478875365_478855374_0,55,55,50,272.3457319604801,5,149.84405093250535,1,4,8,1
478875365_478875473_0,60,55,50,163.8500818024641,5,0.0,3,4,9,1
478867470_8530300628_0,65,65,60,9.774823078289794,5,0.0,5,2,1,1
481122282_481122621_0,60,60,50,72.33312915640249,5,87.61676995209142,1,2,1,1
481122282_30618052_0,60,60,55,64.6838203843662,5,87.61676995209142,1,2,1,1
481122118_481122095_0,60,60,55,150.39273352248864,3,0.0,7,5,1,1
481122118_481122049_0,60,55,50,131.27586687066812,5,0.0,4,4,1,1
481122076_415994535_0,55,55,50,138.05086440431938,5,0.0,2,2,1,1
481122049_481122621_0,60,60,50,28.04366783000199,5,95.67457924863253,1,2,1,1
481122049_1312339746_0,55,55,50,63.34262869505712,5,39.85344222850167,1,2,1,1
481122563_415994560_0,65,65,60,9.08578355725644,5,0.0,4,2,2,1
481122454_478875365_0,50,50,45,155.52631069790678,5,0.0,4,3,6,1
481122427_293302297_0,60,55,50,159.57398380985524,5,0.0,3,5,1,1
481122345_903833766_0,60,55,50,83.78847823062787,5,220.93884048074185,1,2,1,1
7507211787_8148449127_0,60,60,55,182.04319986627263,4,41.79958717658612,10,11,25,2
7507211481_1100295145_0,65,65,55,191.5543635629785,4,0.0,8,10,31,1
7589389959_30686179_0,60,60,55,33.427736251996734,5,350.3735885579559,1,5,13,2
7589389959_30307968_0,60,60,55,235.5529461517358,5,287.26263194917345,1,5,16,1
7540811513_9090670821_0,50,50,45,13.905035509205646,5,292.50161103508066,2,2,1,1
7538034844_387127688_0,55,50,45,15.819562504257874,5,347.06795604609204,1,3,1,1
481122301_481122345_0,55,55,50,142.86744226293527,5,204.00025456252573,1,2,1,1
481147019_30617836_0,70,65,60,121.9078227418402,5,0.0,3,8,1,1
481146996_30618058_0,60,55,50,10.15409521712982,5,121.04534781794652,1,2,1,1
481146953_363877276_0,65,65,60,83.07811904329961,5,56.78057636560619,1,3,1,1
481146953_4992937068_0,60,60,55,226.7417907278351,4,0.0,4,5,1,1
481122621_478875996_0,55,55,50,216.3849702633726,5,117.50421131641846,1,2,1,1
482511539_1316679293_0,55,55,50,46.67061191446561,5,102.65703904565336,2,2,1,1
482511496_12643465396_0,65,60,55,13.336090423075465,4,0.0,6,4,1,1
482511496_2976987341_0,60,60,55,169.61347160879768,2,0.0,11,5,3,1
482505205_478867470_0,65,65,60,121.65821287744588,3,0.0,9,4,1,1
482505201_30295892_0,60,60,55,81.11115260893766,5,22.38988591070941,4,4,1,1
482505201_1316679282_0,60,60,55,46.84358706296527,5,22.38988591070941,4,4,1,1
482505199_3687119664_0,55,50,45,113.17724034784648,5,88.76697782027422,2,2,2,1
482505199_478867327_0,60,60,55,74.44151796289519,6,35.128958407826964,3,2,1,1
492081761_597263757_0,55,55,50,111.94306710058017,5,129.45607276914163,3,2,4,1
490941580_1046612989_0,60,55,50,119.1617468347954,5,335.1955673386405,1,7,1,1
490941580_1174708055_0,60,55,50,96.82275004504235,4,335.1955673386405,4,7,1,1
490941485_490941580_0,55,55,50,91.30436412539149,4,245.5412453295536,2,7,1,1
482511832_1316679293_0,55,55,50,206.4995638711786,5,10.588398833278026,2,5,2,1
482511822_482505212_0,60,60,55,103.83071577703538,5,198.44019751255203,3,2,2,2
506131402_9233468280_0,70,65,60,80.33406252074828,5,11.05146296857269,7,4,3,1
499122835_4189406778_0,65,65,60,72.14345754109927,2,0.0,5,10,2,1
495106009_2296453569_0,55,50,45,67.53308617637862,6,338.8776298779601,1,2,1,1
495106009_1695282662_0,60,60,55,102.96510079139549,6,338.8776298779601,1,2,1,1
495105018_5881397049_0,65,60,55,26.723252311056843,5,435.5541032444696,5,7,1,3
495105018_790034785_0,60,60,55,24.372807946523608,4,425.2222102814597,5,7,1,3
494973581_12919353924_0,65,65,60,70.32683130110998,2,0.0,2,6,1,1
493241896_506242742_0,65,65,60,134.67353977206406,5,0.0,2,3,2,1
506223345_4385157796_0,65,60,55,134.80582694080567,4,266.4503985683551,4,3,1,1
506223345_30689536_0,60,55,50,375.1635127728074,6,134.75157930993146,3,3,4,1
506223339_506223345_0,65,55,55,134.9468906064127,5,266.45027296681155,4,2,2,1
506223339_30312978_0,60,55,50,131.77728502288275,5,135.49070207061462,4,2,2,1
506223330_30689522_0,65,65,65,130.61515527272314,5,132.00501554994162,3,3,5,1
506223330_30253204_0,60,55,55,135.75825797724622,5,262.48580318185566,4,3,2,1
506151644_30312835_0,60,55,50,133.82748697436386,4,266.369171205029,6,2,5,2
506131402_12561010930_0,60,60,55,136.18402514029913,5,40.591116732405226,6,5,5,1
506223408_1001228549_0,60,55,50,23.84980552273117,6,155.74352119894283,1,2,1,1
506223408_10712779365_0,55,55,50,209.43307899375395,6,8.126167461908208,2,2,5,1
506223397_506242745_0,65,60,55,134.74708513872338,4,0.0,10,3,1,1
7391288191_3889234274_0,65,65,55,91.34337527206948,6,0.0,1,5,1,1
7515360155_30243054_0,70,65,60,135.8390283391469,5,0.0,4,4,24,1
7515360148_30243262_0,65,65,60,134.16212735409968,4,0.0,14,4,21,1
7515360144_7515360155_0,70,65,60,130.41380844433192,3,0.0,5,8,23,1
7515360144_559787230_0,70,65,60,136.0932780768355,5,0.0,8,11,15,2
506223393_506223395_0,55,55,50,47.027289437370186,5,93.79178016785062,1,2,1,1
506236259_506236271_0,65,65,60,35.1424662665907,6,263.49463360794886,9,2,11,3
506236259_30242764_0,65,65,60,102.82518139027188,5,283.0061110550207,9,2,12,3
506236259_7160352329_0,55,55,50,247.35023098136176,6,211.37414339935327,12,7,20,4
506223417_618300957_0,65,65,60,27.068612745819987,3,0.0,4,2,2,1
506223416_506242739_0,60,55,50,134.88463148992656,5,0.0,4,2,4,3
506223416_493241896_0,60,55,50,134.02066128839706,3,0.0,2,4,3,2
506242739_619423078_0,65,60,55,132.61093090449242,5,134.88046175537494,4,2,5,2
506242644_506242639_0,60,55,50,126.95850389306688,6,65.63317142286242,1,2,13,1
506236271_506236259_0,65,65,60,35.1424662665907,6,263.49463360794886,9,2,11,3
506236271_359977822_0,65,60,55,156.54235508415488,6,185.6912273805965,14,3,14,1
511123411_30237483_0,60,60,55,138.52370144545142,2,0.0,4,5,10,1
511123386_511123389_0,55,50,45,68.34612801339398,6,128.53821061857607,1,2,15,1
509262928_1350478917_0,65,65,60,350.25032556251585,3,0.0,1,3,1,1
506470212_30243127_0,65,65,60,87.14731440780628,5,0.0,1,3,3,1
506242745_3649234390_0,65,60,55,133.69295972079473,4,133.5318377019604,8,4,1,1
506242742_506242739_0,60,55,50,135.98494524630632,5,134.6671953625643,4,2,5,2
522579129_13119458932_0,65,65,60,164.07470898334594,4,45.48295332585093,5,4,2,1
522579129_30617789_0,60,60,55,143.88015186258164,5,100.84140859029864,1,3,6,1
522578984_1116318687_0,65,65,60,229.71306181024437,2,0.0,6,9,9,1
513342399_1225083271_0,60,60,55,13.833463916398385,5,257.33806090679764,1,4,1,1
511123419_2560087403_0,65,65,55,75.64143469595693,5,132.0932179645251,2,4,4,1
530671038_30294436_0,50,50,45,57.18016443965404,5,161.0189028040072,1,2,6,1
528811398_528804976_0,65,60,55,460.1539954546516,3,0.0,3,3,1,1
528804976_523781574_0,65,60,55,48.58373226755014,3,0.0,3,2,1,1
528804976_528811398_0,65,60,55,460.1539954546517,3,0.0,3,3,1,1
523781576_6788605473_0,65,60,55,29.392573494847444,3,0.0,5,2,1,1
523781574_528804976_0,65,60,55,48.58373226755014,3,0.0,3,2,1,1
530924810_530924804_0,60,55,50,133.1436468887724,6,369.5583733450589,8,10,21,1
530687873_1479334850_0,65,65,60,43.88560733134391,5,0.0,5,2,5,1
530687873_1479334853_0,65,65,60,22.702420414786936,5,0.0,6,2,1,1
530687855_30914404_0,60,60,55,71.46841613893756,5,0.0,4,6,6,1
530676957_530676956_0,60,60,55,33.78743155549135,4,0.0,8,4,5,1
7507211481_33098965_0,70,70,65,117.87354527517272,2,0.0,7,9,26,1
7487287876_1727171543_0,55,55,50,81.9235872279448,3,0.0,4,4,1,1
7442324609_5929181006_0,65,60,55,50.89991648463629,6,17.804255681523035,4,3,5,1
7438745243_260723604_0,60,60,55,144.26654271445156,5,366.559268247738,1,6,33,1
530676957_30264593_0,70,65,60,116.25735069779216,4,4.654712475575149,8,4,6,1
530676956_535657125_0,60,60,55,129.0188132073086,4,10.972861548909512,9,5,12,1
532408931_539147471_0,60,55,50,77.73391247470667,5,270.6253286434547,4,6,13,1
530924818_532430853_0,55,50,45,66.94906786624136,4,414.25958108577134,5,6,7,1
530924816_539147486_0,65,60,55,141.36676793880866,4,517.9464539627717,6,2,37,1
530924816_544298432_0,65,60,60,16.12254733421495,5,517.9464539627717,5,5,18,1
530924814_532408969_0,65,60,55,98.42043250389604,5,441.5025969680253,1,2,21,1
530924814_530924810_0,65,60,55,82.19965957713234,5,369.90437996151337,1,6,19,1
532408985_30294324_0,55,55,50,102.27441354852036,5,426.035144519052,1,2,30,1
532408981_30294325_0,60,55,55,138.8395723340892,4,516.7171142817473,6,2,37,1
532408981_532408985_0,60,55,55,102.32857307546556,5,426.035144519052,3,2,29,1
532408969_30294334_0,55,55,50,49.293580072934525,5,402.00178766537454,1,2,9,1
532408943_532408969_0,50,45,40,76.28201549694118,5,365.32157392319925,1,2,15,1
533616122_364721159_0,55,55,50,96.85062646892432,5,226.20953196944552,1,3,1,1
533616122_2620772655_0,60,55,50,82.47137197402101,5,226.20953196944552,1,5,9,1
533616023_30294521_0,65,65,60,146.01185625086356,5,329.8951296668071,1,9,2,1
533615996_30294569_0,70,65,60,91.2227563041496,4,225.5461383713588,3,5,16,3
7246125622_1912611158_0,55,50,45,66.9131556554228,6,519.5352271133553,1,2,1,1
7376904297_690803404_0,70,65,60,138.74229312029772,2,0.0,6,10,7,2
7340701542_21638874_0,60,60,55,56.13658573570258,4,115.13238139129577,6,4,20,1
7305839386_904490207_0,50,45,40,206.84498164578815,5,745.4398338876288,1,2,1,1
532430853_530924818_0,60,60,55,66.94906786624136,4,414.25958108577134,5,6,7,1
532408985_536838747_0,55,55,50,53.81605099970477,5,372.5430663768501,1,2,20,1
533954387_30294341_0,65,65,55,81.37120057073285,5,278.91670792667264,1,2,7,1
533665304_533665264_0,50,50,45,39.43528026001254,5,210.06914601006187,1,2,3,1
533665264_3872371635_0,60,55,50,52.83099499688771,5,210.06914601006187,1,2,4,1
533665264_30264187_0,65,65,60,75.35008695911134,5,137.16724144726916,1,2,3,2
533662733_190985739_0,65,60,55,101.87637189470146,3,0.0,7,5,15,1
533662733_7340701542_0,70,65,60,136.23610911732618,4,0.0,5,6,20,1
533662625_30647463_0,65,65,60,100.70065899763364,3,0.0,2,3,20,1
533662625_30243251_0,65,65,60,63.35500683111735,5,0.0,4,3,12,1
534390740_269745664_0,0,0,0,303.45197406152016,5,695.0259380240997,1,5,1,1
534361450_534361466_0,50,45,40,83.89718010538964,6,181.686618875477,1,2,11,1
534332125_1431153130_0,55,55,50,126.7390153830838,5,225.7811354576469,1,2,1,1
534332100_959498749_0,55,55,50,147.26432622200906,5,47.60058344103344,1,2,1,1
533961430_30294337_0,55,50,45,90.78079134327032,6,153.32330716649966,1,2,6,1
534684808_3343734111_0,40,40,0,381.28728237302994,5,562.4782692705262,1,5,1,1
534684808_1374370366_0,45,45,40,88.3935115860017,5,725.6708202663913,1,7,1,1
534683861_1374370568_0,0,0,0,127.15631801078749,5,457.8083138591557,1,3,1,1
534683861_3343734111_0,0,0,0,137.66234751567532,5,456.4531520865072,1,3,1,1
534390825_534390740_0,0,0,0,208.98025477876135,5,694.754727667845,1,2,1,1
534390740_534390825_0,0,0,0,208.98025477876143,5,694.754727667845,1,2,1,1
534390740_269745660_0,0,0,0,464.3020703723832,5,657.8224633982084,1,3,1,1
534685040_1374370845_0,0,0,0,417.6647439887557,5,688.1884548524226,1,2,1,1
534684948_534684915_0,45,40,0,42.71863441642735,5,750.0,1,3,1,1
534684948_1374370918_0,45,40,0,274.96392848399984,5,555.7666142909567,1,5,1,1
534684915_534684808_0,45,45,40,135.82118692163746,5,750.0,1,5,1,1
534684915_979754866_0,45,40,0,407.8457074538348,5,449.0305462031558,1,7,1,1
534684915_1374370258_0,0,0,0,376.5229232741276,5,724.0080666858966,1,5,1,1
535228364_535228377_0,60,60,55,153.52020057515628,4,542.9712264486035,2,3,2,1
535228364_330417664_0,65,65,60,101.01566153876814,5,579.0129171883686,1,2,2,1
535228357_30294661_0,55,55,50,75.06767682030421,5,156.08133775837982,1,2,1,1
535228353_535228352_0,55,55,50,122.55156146356563,5,249.65958412974564,1,2,1,1
535228352_535228349_0,50,50,45,108.9983452886448,5,321.1815624114883,1,2,1,1
535228349_330415541_0,65,65,60,179.30140363843444,5,325.05077918046584,2,2,2,1
535228371_535228373_0,60,55,50,120.78317266169104,5,293.41153917963175,1,2,1,2
535228367_288023677_0,55,50,45,111.97182978908174,5,396.56163114726746,1,2,1,1
535228367_1526596963_0,55,55,50,96.18967429576708,5,301.73332028733546,1,2,1,1
7289937297_629328233_0,65,65,60,75.47347546697944,4,20.36952930245701,7,9,2,1
7252348266_1377806858_0,65,65,60,77.84350607099164,4,2.003017055110843,4,4,3,1
535228390_535228385_0,50,50,45,112.41852115637754,5,169.54061047202794,1,2,1,1
535228385_535228398_0,50,45,40,121.88051309981174,5,189.87812464831424,1,2,1,1
535228385_535228352_0,50,50,45,75.1740408133386,5,259.81019715189075,1,2,1,1
535228382_535228377_0,65,65,60,111.11537503823362,4,439.15576764909,2,4,1,1
535228382_330416921_0,60,55,50,120.78590358986511,4,331.45364732241376,2,4,1,1
535228382_288022712_0,65,65,55,112.06311470884458,5,439.15576764909,1,5,1,1
535228377_535228364_0,60,60,55,153.52020057515628,4,542.9712264486035,2,3,2,1
535228377_288026013_0,55,50,45,97.01869723465042,5,524.2815972953587,5,3,1,2
535228373_330416921_0,65,65,60,102.14748811494516,5,293.41153917963175,1,2,1,2
535233402_5916226396_0,60,55,50,52.770808657508006,6,153.0808156403725,1,2,5,1
535233402_412371013_0,55,55,45,63.2379007024532,6,153.65312102011157,1,2,7,1
535228401_535228390_0,60,55,50,122.46016398173812,5,89.69803186445716,1,4,1,1
535228401_535228398_0,55,55,50,125.57019027295752,5,89.69803186445716,1,4,1,1
535228398_535228359_0,55,55,50,126.56283269739468,5,109.24297205560052,1,2,1,1
535228398_535228353_0,50,50,45,75.10201564974099,5,189.87812464831424,1,2,1,1
535228394_330414983_0,65,60,55,123.3420423340601,5,25.40153471122307,2,12,1,1
535228394_535228390_0,55,55,50,93.83334740880696,5,94.73075622937006,1,6,2,1
535563200_535563205_0,60,60,55,83.68578839505659,5,104.47438515590927,1,2,15,1
535233519_5937668161_0,40,0,0,55.99333157760658,5,132.9597821616056,1,2,1,1
535233455_412547375_0,60,55,50,82.4928162826748,5,212.4663698470237,1,3,1,1
535233433_414683104_0,55,55,50,141.45892484797483,6,0.0,1,5,6,3
535233410_6238824734_0,55,55,50,119.29288280505963,6,196.37455546774453,1,4,12,2
535233407_535233410_0,70,65,60,88.79696278784267,6,165.45083348448296,4,4,9,2
535657129_30294328_0,55,55,50,78.42204527175022,5,99.77442980342964,1,3,6,1
535657125_535657129_0,55,55,50,96.52925867554376,6,118.4905433598359,4,3,9,1
535657125_530676956_0,70,70,65,129.0188132073086,4,10.972861548909512,9,5,12,1
535657125_30294437_0,70,70,65,36.66036290669845,4,135.10501760792482,4,3,9,1
535563201_30294192_0,55,55,50,78.18038701740022,6,169.4988591989288,1,2,13,1
535563201_539147489_0,55,55,50,103.87452771219998,5,169.4988591989288,1,2,23,1
536418296_359977822_0,65,65,60,97.12533495350937,4,185.6912273805965,10,4,7,1
536418296_30242766_0,65,60,55,134.11955054872453,5,282.09616148167726,14,3,11,1
536418264_506236275_0,65,65,55,147.19307024567968,5,145.33777390537625,9,3,4,1
536418264_359977822_0,65,65,55,39.93628596018505,4,145.89094847008195,6,3,5,1
536418253_30242965_0,70,65,60,132.28958754382504,5,0.0,7,8,16,1
536838747_536838757_0,55,50,50,65.96147115417138,5,365.94548035590833,1,6,19,1
536838747_539147484_0,50,50,45,47.04763566042635,5,325.7387781553897,1,2,14,1
536428062_1621899817_0,60,55,50,134.0380364438948,4,391.6059378601204,7,3,5,1
536428053_536428072_0,60,55,50,129.7436316006926,4,135.65921135989865,6,5,8,1
7223680633_7223680627_0,65,60,55,238.6644700501522,3,0.0,7,5,14,2
7223680627_30237542_0,70,70,65,65.38152998390471,3,0.0,4,3,10,1
7242936371_614849044_0,55,55,50,165.52728303188658,5,53.11966405315557,1,6,4,1
7242936371_1695228276_0,55,50,45,53.88071536541163,5,124.8848602460858,1,2,1,1
7234883292_7234883287_0,50,50,45,90.87863413706606,5,400.0961480226808,1,2,1,1
536428053_30312830_0,60,60,55,129.1133319808468,5,265.38990023134096,6,4,7,1
537823705_537823321_0,70,70,65,26.62037503629672,4,0.0,6,2,1,2
536838760_539147488_0,60,60,55,87.74681238093795,5,272.4544417065675,5,16,17,1
536838757_553098856_0,55,50,50,55.12552273182954,5,365.94548035590833,1,7,19,1
536838757_536838760_0,65,65,60,73.42960798778083,5,353.31352608121847,5,15,20,1
539147471_534361466_0,55,50,45,97.94312902267188,5,181.686618875477,3,5,15,1
537861932_1744038716_0,60,55,50,753.0235692967487,4,649.6780988162087,2,8,1,1
537861932_416524161_0,60,60,55,698.5358563463059,4,63.91175478311743,1,3,1,1
537823729_12923224011_0,70,65,60,325.725817192628,4,0.0,13,9,3,2
537823729_426652636_0,70,70,65,23.70671428060391,4,0.0,5,2,1,1
539147487_536838757_0,55,55,55,46.305981821240415,5,319.6413881051623,1,7,20,1
539147486_530924818_0,65,65,60,61.54405133009619,4,468.1343932719562,4,3,25,1
539147486_532408981_0,65,65,60,7.790564671167746,5,524.8040537322337,3,2,25,1
539147483_30294322_0,55,55,50,82.51508371232548,5,310.6318685134735,1,2,7,1
540312574_3182649504_0,55,55,50,632.1479479566532,2,0.0,6,7,13,1
539186002_178542900_0,60,60,55,57.01918682062737,6,0.0,7,9,17,1
539184667_30294315_0,55,55,50,56.10043909638916,5,445.5305940136711,1,2,5,1
539184667_539184669_0,60,60,55,144.66012443391134,6,361.4504386608497,1,2,7,1
540312582_690411236_0,65,65,60,372.2889685006865,2,0.0,9,8,8,1
540312579_630583121_0,65,65,60,41.54809573810536,3,0.0,6,5,5,1
540312576_690411229_0,65,65,60,42.256356209444434,3,0.0,9,5,5,1
541643976_9231111336_0,65,65,60,1098.1299430435597,2,0.0,19,14,19,4
541061806_30294180_0,55,50,45,74.01632812932411,5,213.73077629358937,1,3,5,1
541061803_1904455769_0,60,60,55,97.82940485398588,5,0.0,3,7,12,2
541061803_30237481_0,55,55,50,73.10470012203004,5,96.69089366749144,1,5,5,1
540312596_8121510030_0,55,55,50,52.90540055691213,5,17.078110255540878,1,2,1,1
540312596_30251184_0,60,55,50,184.26401397096407,5,0.0,1,3,2,1
540312592_4174241500_0,60,55,50,64.81459192167213,5,102.19201650584824,1,3,4,1
541643983_544223044_0,50,50,45,133.72669392601102,3,0.0,6,5,1,1
541643982_541643980_0,55,55,50,131.77723271237616,5,113.1315997058818,1,3,1,1
541643982_541644027_0,55,50,45,77.68848815937962,5,111.96536340983585,3,2,1,1
541643980_544223037_0,55,45,40,133.41324933711888,5,244.81827103528852,1,3,1,1
541643980_541643982_0,50,50,45,131.77723271237616,5,113.1315997058818,1,3,1,1
541644006_312894013_0,65,65,60,402.04018747744857,5,373.73884253098447,6,2,3,2
541643994_4307016147_0,65,60,55,106.28359745120044,4,363.1204810948397,3,4,7,1
541643991_347344133_0,55,55,50,135.32339297935346,3,0.0,5,2,1,1
541644020_747482566_0,55,55,50,134.33292737485166,5,113.85136309001837,1,2,3,1
541644019_30297363_0,50,50,45,132.19381631361733,5,246.87489793876605,3,2,6,1
541644008_541644027_0,60,60,55,57.49619634429019,5,111.0613186624053,3,2,1,1
7217119091_568648969_0,60,55,50,719.7218593896451,5,35.21461046487047,1,5,1,1
7233634031_690679239_0,65,60,55,26.55840330506217,4,48.300970568647934,7,4,1,1
7233634026_356295211_0,60,60,55,83.42317175024593,5,73.89615218614927,7,3,1,1
7229009478_387127774_0,45,45,40,83.40243219089842,5,545.8752978681777,1,3,1,1
7229009436_387127634_0,55,55,50,157.68422253212864,5,233.0194336743355,2,9,1,1
541644006_765910378_0,65,60,55,102.55396238141668,4,362.694211865006,8,4,4,2
541644006_541643984_0,55,55,50,127.67345109759572,5,247.2757056696581,3,2,4,2
543552887_543553025_0,65,65,60,133.18425215747948,5,273.5730957234285,3,5,1,1
541644040_543552977_0,55,55,50,135.62852412402498,5,266.5379117394597,6,2,1,1
541644038_312895216_0,55,55,50,268.5496028805197,5,0.0,1,3,4,1
541644027_541644008_0,60,60,55,57.4961963442902,5,111.0613186624053,3,2,1,1
541644027_4431636962_0,60,60,55,117.85202398685594,5,0.0,9,3,1,1
543552915_247637112_0,65,65,60,33.251578675245426,4,46.30746546656123,4,7,3,1
543552912_543552915_0,65,60,55,46.3082906579301,4,0.0,6,5,2,1
543552907_30253401_0,55,55,50,134.03845507986762,5,133.00126494657704,4,2,2,1
543552907_3407038839_0,65,65,60,58.41016859811041,4,74.59259146132746,2,2,3,1
543552903_543552907_0,65,60,55,65.54973130060395,4,133.00126494657704,2,2,3,1
543552897_543552903_0,55,55,50,68.23581435540899,4,198.54763392419304,3,2,4,1
543552887_544223024_0,60,60,55,48.80861060106075,4,398.3800488573848,4,5,1,1
543552988_543553107_0,60,55,50,130.4957187063425,3,0.0,4,5,2,1
543552988_543552991_0,55,50,45,38.92333665439126,5,0.0,5,4,2,1
543552977_30253400_0,55,50,45,134.23541858299626,5,267.03075579728693,3,2,1,1
543552977_541644040_0,55,55,50,135.628524124025,5,266.5379117394597,6,2,1,1
543552956_30253400_0,55,55,50,69.2051256691537,5,199.5313143025116,1,2,2,1
543552956_543552903_0,50,50,45,133.59931082935657,5,198.54763392419304,1,2,4,1
543553107_347344140_0,55,50,45,135.14447161558422,3,0.0,6,3,1,1
543553089_541643991_0,45,45,40,142.6880461567435,6,0.0,2,2,1,1
543553025_544223009_0,55,55,50,144.88253002892068,5,132.96640089581356,3,4,1,1
543553025_6780590097_0,55,55,50,142.73021893680243,6,268.7416509967604,1,3,1,1
543552991_690431146_0,55,50,45,132.7733426291889,3,0.0,6,6,3,1
543552991_543552988_0,55,50,45,38.92333665439126,5,0.0,5,4,2,1
544223016_544223009_0,65,65,60,22.334374507735333,5,132.75173499678706,3,2,1,1
544223002_544222999_0,60,55,50,266.4902406376971,5,0.0,7,8,1,1
544222994_492081761_0,60,60,55,44.06792960739489,4,91.4369606115814,4,4,2,1
543553141_765910344_0,65,60,55,27.82767320189493,4,401.2507626963493,5,3,4,1
543553128_30297376_0,60,60,55,134.09041446792642,5,132.94656805201586,3,5,4,1
544223041_544223037_0,55,50,45,130.9784749225741,5,114.4756006295407,1,2,1,1
544223041_541643982_0,50,50,45,133.97509607794677,5,113.1315997058818,1,2,2,1
544223032_541644026_0,60,60,55,145.73468810587923,4,377.472534564269,5,6,1,2
544223032_30253395_0,60,55,50,134.3506317716377,5,378.92327768233497,2,3,1,1
544223024_543552897_0,55,55,50,131.59711026521694,4,266.78342350990937,5,4,2,1
544223016_315486999_0,65,65,60,132.77555301400898,5,0.0,5,4,1,1
550588156_7096400667_0,60,55,50,2026.5186795624204,3,0.0,1,2,1,1
550588156_416116604_0,65,65,60,422.79242644334647,3,0.0,5,6,2,1
550587950_550588071_0,0,0,0,445.719380330965,5,525.5614928783692,1,2,1,1
550587950_359238618_0,45,45,40,23.33174200527864,5,521.1105806562641,1,2,1,1
544298434_30294200_0,50,50,60,79.90263482182546,6,572.3008017104864,1,6,37,1
552884692_552884794_0,70,65,60,62.57127919078877,3,0.0,5,2,1,1
552884638_552884581_0,65,65,60,104.6909110299272,3,0.0,11,2,1,1
552884601_574969114_0,60,60,55,77.34433998166972,3,0.0,4,3,1,1
552884601_574969091_0,60,60,55,133.72415705663644,5,0.0,4,4,1,1
7160352329_30243166_0,65,60,55,31.092189204177,5,189.50849758512305,4,6,13,1
7159551275_418737419_0,50,50,45,147.0314038287335,5,34.48822307994445,2,10,2,1
7223680627_511123411_0,65,65,60,260.7095995846875,2,0.0,7,6,17,2
7223675840_1375317255_0,65,60,55,34.6678157994929,5,246.23323586536296,1,3,3,1
7223675840_841867115_0,65,60,55,28.82795378658372,5,259.82047414710314,1,3,4,1
7223673630_323191078_0,70,70,65,17.816936802172535,5,0.0,6,3,1,1
7223673630_7223673629_0,70,70,65,22.781313648683323,5,0.0,7,3,1,1
7223673629_2188840521_0,70,70,65,34.66355948952534,2,0.0,7,4,1,1
550588156_319775252_0,55,55,50,494.0032811799688,3,0.0,1,3,1,1
553047564_553047582_0,55,55,50,42.63592425316906,4,528.1359160813553,1,3,1,1
553047553_553047564_0,60,60,60,15.894994668109977,4,528.1807928899664,1,2,1,1
553047542_553047550_0,45,45,40,33.67615779987494,4,557.6244435364945,1,4,1,1
553047540_553047553_0,45,45,40,42.53966509354542,4,544.0079434060397,1,4,1,1
552884819_552864292_0,70,65,60,81.84474642341212,3,0.0,5,2,1,1
552884809_9258535584_0,65,65,60,14.794710142417342,5,0.0,22,3,1,1
553061199_4471971381_0,55,50,50,861.9465811371796,5,55.57955199222272,1,2,1,1
553061185_8930700694_0,55,55,55,36.67811700520899,4,506.1207153717929,1,2,1,1
553047600_8930700699_0,55,55,50,40.94200866916967,5,465.69105099646384,1,3,1,1
553047582_553047540_0,60,60,55,15.897940331546128,4,528.1359160813553,1,4,1,1
7096400667_550588156_0,60,55,50,2026.51867956242,3,0.0,1,2,1,1
7198084790_598220565_0,65,65,60,119.83927633050354,4,235.3703946028801,10,5,2,2
7160352329_506236259_0,65,65,60,247.35023098136173,6,211.37414339935327,12,7,20,4
553098856_364992741_0,60,60,55,64.52427588389438,5,421.06917096135777,4,8,18,1
553098856_532408985_0,60,60,60,61.533285480642256,5,421.06917096135777,1,6,20,1
553098845_30264597_0,65,60,55,135.35697475506555,6,7.075031628137584,1,5,13,1
553098845_530676956_0,70,70,65,103.66764941560665,4,7.075031628137584,5,4,7,1
553098845_30264593_0,60,55,50,18.477771938832184,6,0.0,1,3,4,1
553064974_553061228_0,55,50,50,5.3466932900268045,4,545.1575132693115,1,2,1,1
553061231_1770738330_0,60,60,55,1293.7302854172085,4,25.527082266900877,1,5,1,1
554200803_554200802_0,60,55,55,58.78560657339493,3,0.0,6,2,1,1
554200803_456868906_0,60,55,55,453.5417209156153,3,0.0,2,2,1,1
554162143_554162142_0,60,60,60,50.26719312415728,3,0.0,6,2,1,1
554162142_554162143_0,60,60,60,50.26719312415728,3,0.0,6,2,1,1
554162142_554162141_0,60,60,55,40.55300961652827,3,0.0,6,2,1,1
556335003_1225051373_0,55,50,45,137.7701563215227,5,275.9611190219635,1,3,1,1
556334963_432467115_0,55,55,50,33.41116657479742,5,378.3847637456273,9,3,4,1
556334963_1233754582_0,55,55,50,134.02233185506492,5,402.5109378879525,14,3,4,1
556334957_1233754575_0,50,50,45,21.77452696404452,5,489.5782597545977,1,2,1,1
556334957_556334963_0,55,55,50,114.54238905106791,5,402.5109378879525,8,3,4,1
556334940_568847332_0,45,45,40,78.33794408399338,5,352.0600173289995,1,2,1,1
556334940_556335228_0,50,45,40,11.465362488828864,5,340.9812090089663,1,2,1,1
556051729_556051468_0,50,45,45,45.764958347473886,4,156.7337972742054,1,2,1,1
556051368_556051361_0,50,45,45,417.68716109330046,5,52.19432586566698,1,2,1,1
556051361_556051368_0,50,45,45,417.68716109330046,5,52.19432586566698,1,2,1,1
555386271_30294200_0,55,55,50,29.33797978479014,6,568.8161942352747,1,8,21,2
555187275_4022831609_0,70,65,60,89.10142270853527,5,0.0,6,3,32,1
556364095_1225051377_0,55,50,45,85.53822859490782,5,174.27438752883194,1,2,1,1
556364095_556364163_0,60,60,55,112.68317517912516,5,86.76188688655692,1,3,1,1
556364033_30294696_0,60,60,55,186.55729852294616,4,19.809494561941577,6,3,2,1
556344763_1233754575_0,50,50,45,39.88616489797607,6,505.4732137603328,1,2,1,1
556344739_556334940_0,50,45,40,151.35772202452668,5,352.0600173289995,1,2,1,2
556335228_556364134_0,50,50,45,138.98277895330116,5,299.54009930564155,1,2,1,3
556335228_568847334_0,55,55,50,65.79349694073933,5,275.5673281355998,1,2,1,1
7078045305_420058174_0,60,55,50,30.800557954153952,5,450.1045048943876,3,6,1,1
7040185431_9429582924_0,55,55,50,36.56946863653911,5,324.24842009157294,1,2,1,1
7159009692_7159009688_0,55,55,50,111.56157077767035,5,494.1829104959015,1,4,1,1
7159009688_7159009692_0,55,55,50,111.56157077767035,5,494.1829104959015,1,4,1,1
7096403592_7096400667_0,65,65,60,199.0430761226815,5,0.0,1,2,1,1
7096400667_7096403592_0,65,65,60,199.04307612268147,5,0.0,1,2,1,1
7096400667_1298758085_0,65,65,60,293.32404478588194,3,0.0,4,3,1,1
556335169_2456928107_0,60,55,50,66.8363551208694,6,121.54346412026553,1,2,1,1
556335169_453549623_0,60,55,50,129.75192463437082,5,14.697058213491418,8,5,1,1
556335003_1225051325_0,55,55,50,21.512248526446808,5,283.6679733798138,1,2,1,1
556335003_1233754631_0,55,50,45,146.278098719975,5,283.6679733798138,1,2,1,1
557187269_30251207_0,70,65,60,22.28803188194134,3,0.0,6,6,8,1
557187269_2510614172_0,65,65,60,16.599149198421618,3,0.0,7,5,10,2
556541750_556541665_0,50,45,45,96.95443224139592,3,0.0,1,2,1,1
556431968_9447318561_0,50,45,45,51.4409510062979,4,327.1853681784497,1,3,1,1
556364134_7721493556_0,50,50,45,146.1013656525153,5,158.01361296769105,1,2,1,3
556364134_556335228_0,50,50,45,138.98277895330116,5,299.54009930564155,1,2,1,3
556364095_7721493556_0,55,50,45,168.34747989025445,5,139.66211015866034,1,2,1,1
557230386_557230376_0,65,60,55,98.15952691725374,4,0.0,4,3,6,1
557230350_1475044288_0,60,55,50,106.41588816789142,5,118.1290420937366,4,2,13,1
557230343_557230350_0,55,55,50,127.35870541158263,5,124.1850620507867,4,2,10,1
557230343_1475044290_0,55,55,50,91.0106684840748,4,134.83405542839384,2,2,4,1
557187296_1382873574_0,60,60,55,171.35299339314673,3,0.0,8,5,7,5
557187296_557231477_0,65,60,55,74.83438328645666,5,0.0,3,2,4,2
557237874_557237966_0,50,45,45,100.61764771324816,3,0.0,1,2,1,1
557230563_1378087192_0,60,60,55,11.441261418814078,3,0.0,3,2,15,1
557230545_557230376_0,65,60,55,134.8989605732117,3,0.0,5,3,8,1
7038308651_13508611893_0,65,65,60,2.576100790828032,5,98.41804150746108,1,2,5,1
7037843960_243336646_0,65,65,60,12.828821649171674,5,286.20712931103384,5,4,4,1
7095387192_30253451_0,50,45,40,39.12997266202408,5,92.66313859414346,1,2,3,1
7078045379_2129627791_0,60,60,55,126.52765171106374,5,119.69534666362289,2,9,1,2
7078045348_420058168_0,60,60,55,119.18742367620376,5,38.964953439738586,10,12,1,1
7078045346_420058159_0,70,70,65,14.67693192127279,5,36.63540652980045,7,7,1,1
7078045346_420051108_0,70,70,65,61.061205856908536,5,33.168489468805475,12,8,1,2
557230545_30237484_0,60,55,50,124.3459329919982,5,0.0,2,2,6,1
557230481_511123411_0,60,60,55,139.24918641984212,5,0.0,5,4,8,1
559052400_559052401_0,65,60,55,38.78287282581347,4,0.0,7,5,1,1
559052399_940874209_0,65,60,55,38.8473716053919,5,110.52428226343808,2,6,1,1
559052397_541644019_0,50,50,45,123.92673642732608,5,245.93767186441028,3,3,2,1
559032149_3229689808_0,70,70,65,23.721985199530383,2,0.0,13,15,5,1
559032149_26057312_0,70,70,65,23.301728285072077,2,0.0,14,15,6,1
559026426_559765962_0,70,70,65,119.62507134326916,5,0.0,14,14,22,3
559026424_30237705_0,70,65,65,126.82712596528296,3,0.0,7,5,32,1
559026424_559026426_0,65,65,60,135.65979340822818,5,0.0,12,11,27,1
558752232_553061185_0,65,60,55,45.33253718565543,4,495.6482445977617,1,2,1,1
559410527_30243357_0,65,65,60,119.9194494249274,4,383.3548114905237,7,7,2,1
559410527_559410529_0,65,65,60,23.625501783164623,4,381.2297687761096,5,7,2,1
559410526_30297366_0,60,55,50,123.0752039893938,5,534.1486338947011,5,3,3,1
559410525_30297370_0,60,60,55,133.3677995134901,4,405.490827499157,7,6,4,1
559410524_30297371_0,60,60,55,14.109806064753467,4,405.5028399066092,4,4,2,1
559061399_814239845_0,65,65,60,29.17983529736485,3,0.0,7,3,3,1
559052405_559052402_0,65,65,55,38.39044422239849,4,0.0,7,5,1,1
559052402_559052399_0,65,60,55,112.73482133006422,4,38.35853740474085,7,8,1,1
559052401_559052405_0,70,65,60,23.390247309619557,3,0.0,6,3,1,1
559417176_543553141_0,60,60,55,30.725422047045857,4,401.14315929609467,7,3,3,1
559415593_559419000_0,75,70,65,28.80719302423193,3,0.0,5,5,1,1
559410532_559410527_0,65,60,55,137.9610836997216,4,245.92161852682648,8,7,2,1
559410531_559052405_0,60,60,55,115.079700652783,4,0.0,9,3,1,1
559410530_559410529_0,60,55,50,136.70536043091045,4,381.2708111916137,9,9,2,1
559410529_559052397_0,60,55,50,135.38170123285732,4,245.93767186441028,8,7,2,1
559410529_30297363_0,55,55,50,124.11453859353657,4,379.0262063377763,8,8,5,1
559410529_559410527_0,65,65,60,23.625501783164623,4,381.2297687761096,5,7,2,1
559410527_559410528_0,60,55,50,133.27766653363128,4,383.8774296749492,9,9,2,1
559591835_36756096_0,65,65,60,525.8469187508755,1,0.0,5,2,1,1
559424463_559424461_0,65,60,55,132.68006302464906,4,133.339711397006,8,4,1,1
559424461_559424460_0,55,55,50,136.3980145311596,4,0.0,11,3,3,1
559424460_506223397_0,65,60,55,24.843721094527737,3,0.0,8,3,3,1
559424460_1122814756_0,65,65,60,212.316601220111,4,0.0,14,3,10,2
559420249_559420255_0,60,60,55,29.380340489725228,4,361.6070307152472,7,4,5,1
6985462317_6985462322_0,65,60,55,138.57935895955708,4,119.36264322452531,29,5,4,3
7040185431_30251873_0,55,50,45,27.867972793037623,5,319.0613034665036,1,2,1,1
7039662359_7039662348_0,45,45,40,68.6114642591282,4,404.4140956098143,1,4,2,1
7039662348_7039662345_0,60,55,50,42.42794395266066,4,467.8551255026335,1,2,1,1
7039662345_1404850802_0,50,50,45,97.11400735409605,5,497.8756855349049,1,4,1,1
7038308651_30264251_0,65,60,55,105.09060047650615,5,98.41804150746108,1,2,8,1
559418993_559061399_0,65,65,60,32.66284146974383,3,0.0,9,4,2,1
559765964_301572132_0,70,70,65,22.98311007587545,5,0.0,11,5,22,1
559765962_559765972_0,70,70,65,147.82662230428306,5,0.0,10,13,24,2
559765962_3218700096_0,70,70,65,42.44894805690643,3,0.0,8,10,20,2
559604870_559591897_0,65,65,60,289.6805685536524,5,0.0,1,2,1,1
559591894_559591835_0,65,60,55,641.8971126118413,1,0.0,1,3,1,1
559787235_11012409292_0,65,65,60,133.98536621345275,6,20.60600474543278,4,5,18,2
559787235_559787236_0,65,65,60,133.44773187869615,5,19.54531066897195,7,8,14,1
559787234_30243211_0,65,60,55,134.06915810369583,5,18.77645803813826,6,6,18,1
559787233_30242816_0,65,60,55,129.11673043308411,5,19.86111919508305,6,6,11,1
559787233_559787234_0,65,60,55,134.58704941693858,5,18.826239588812065,7,8,13,1
559787231_30242818_0,70,70,65,128.93687965618278,3,0.0,5,8,17,2
559787231_559787232_0,65,65,60,136.01239119709444,5,0.0,7,11,16,2
559794889_559794893_0,65,65,60,145.18437472943717,5,17.13948462700432,8,9,3,1
559794885_250794420_0,70,70,65,20.60272858885448,5,0.0,5,2,6,1
559794885_559794886_0,65,65,60,133.06036093479466,5,18.199403023894188,7,6,10,1
559794884_30242811_0,65,65,60,129.0473387178764,5,20.492246573550105,5,8,4,1
559794884_559794885_0,65,65,60,135.68784311560233,5,20.455670481356112,7,6,9,1
559794881_559794884_0,65,65,60,134.36912294490563,5,13.848588786120182,9,7,5,1
559794881_250794418_0,65,65,60,14.240225596966006,5,0.0,6,6,3,1
559787238_559787235_0,65,65,60,137.78623373281462,5,16.57842309158517,6,7,21,1
560025956_1297809323_0,50,50,45,18.06870862581902,5,92.87552181682612,5,3,2,1
560025943_4431660097_0,55,60,50,15.642686753028398,5,94.83537552524092,5,3,2,1
560025943_30254785_0,55,55,50,135.78696500138048,5,108.56624175392584,8,5,2,1
559911553_2344314674_0,65,60,60,176.9538268833768,3,0.0,7,2,1,1
559911553_559911564_0,60,60,55,114.08734122583496,4,0.0,1,2,1,1
559803319_243339207_0,70,70,65,137.60329136852974,5,0.0,7,2,2,1
6960234560_1375697911_0,65,65,60,8.522356152290117,4,269.3592420475828,1,10,17,1
6943220502_412451338_0,55,55,45,4.289889403448145,6,677.2368153853422,1,2,1,1
6939468887_1365781145_0,60,60,55,74.47217991727152,5,411.8186891399734,5,6,3,1
7037105630_30686214_0,55,55,50,3.928522257239174,5,231.18759311246183,3,2,3,1
7021902544_30294457_0,60,55,50,110.35923443043964,5,346.7930455603471,3,2,1,1
7021902544_30264647_0,60,55,50,14.828771180370182,5,337.50458722538986,3,2,1,1
7020177134_2412830244_0,65,60,55,60.2122246897173,6,30.69194757907685,1,2,17,1
6985802967_30253863_0,70,65,60,93.85889543419808,5,0.0,3,3,8,2
559794895_431481321_0,65,65,55,143.6105798542387,5,0.0,9,10,3,1
559794893_506236275_0,60,60,55,129.5700323796923,5,17.534507300364137,6,3,3,1
561249958_1695219620_0,65,65,60,28.539448553564178,5,414.5531073281072,1,4,3,1
561249956_7289937297_0,65,65,60,17.475843721110227,5,95.43456872343828,3,5,1,1
560559159_567474429_0,70,70,60,26.308590005330096,4,0.0,8,5,1,1
560025958_4431660097_0,50,55,45,408.48217981380697,5,92.45162234493984,13,7,3,1
561521683_598220048_0,60,55,50,45.20934308575888,4,96.79533921788608,1,6,1,1
561521683_13607758976_0,65,60,55,13.506774669740697,4,141.02804249446987,1,4,1,1
561521641_1768886795_0,60,60,55,11.431578386543364,4,497.55416835583065,3,3,1,1
561249971_7242936371_0,55,55,50,107.87031985292694,5,146.47031300850347,1,2,2,1
6898609741_537827467_0,65,60,55,13.258149860867707,5,9.472659756325411,5,5,3,1
6874436707_30253584_0,60,60,55,14.186689532879512,5,81.42221592564704,1,2,9,1
6985462306_457361177_0,50,45,55,7.853707192297832,5,144.38282060682724,1,2,1,2
6985462292_6985462306_0,60,60,55,173.86831431438236,5,0.0,9,2,2,1
6985462292_412437788_0,65,60,55,11.283932252253106,3,0.0,9,2,3,1
6985462291_631831509_0,65,60,55,10.528599431912204,3,0.0,9,2,3,1
6978253606_2707017770_0,55,55,50,61.45126793849128,5,414.5697920754888,1,2,1,1
6978253598_1046612989_0,55,55,50,61.66608687900039,5,373.28317470019095,1,4,1,1
6964634639_191046034_0,70,70,65,444.0301114188321,1,0.0,5,2,2,1
561249968_417979580_0,55,55,50,12.121882917304246,5,451.7450373362102,1,2,3,1
561249968_1374538810_0,55,55,50,37.61394468327085,6,451.7450373362102,1,4,4,1
561249958_387127524_0,65,65,60,129.61628855242768,4,296.47220940439746,2,6,8,1
566748387_9429582963_0,55,55,50,38.00543083425323,5,259.56793904646213,1,2,1,1
566450878_1374370416_0,65,65,60,509.7666293963192,3,0.0,6,10,1,1
566450878_1374370024_0,60,55,50,764.763710630373,4,0.0,6,12,1,1
561526841_13114926544_0,60,60,55,80.0412245590943,4,750.0,2,5,1,1
561526841_1313793453_0,60,60,50,112.3795140634598,5,750.0,1,4,2,1
561521689_8267495895_0,55,55,50,21.22240016391721,3,0.0,10,3,1,1
567456652_567474433_0,70,70,65,372.5124475081272,1,0.0,8,5,1,1
567453739_426624031_0,50,45,40,59.66474742220704,5,167.80574963140043,1,3,1,1
567453739_426624022_0,50,45,40,115.23064129051056,5,87.0400421703366,1,3,1,1
567453739_567453718_0,50,45,40,38.782405931114575,5,167.80574963140043,1,3,1,1
567453718_426644270_0,50,45,40,105.75589574137406,5,97.15885048262814,1,4,1,1
567451703_359097332_0,65,65,60,28.1156131272698,4,47.44202294147502,3,11,15,1
567451703_415950289_0,70,65,60,47.49336933556216,4,0.0,6,11,14,1
567448761_60962871_0,55,50,45,25.025546683043245,6,450.0028384095902,1,2,10,1
567477671_2456928106_0,70,65,60,77.97746524571409,5,20.26531897094837,1,2,1,1
567474433_412457999_0,65,65,60,666.2725020447501,1,0.0,11,11,2,1
567474427_568648969_0,55,55,50,203.76207038178333,5,8.464351203719431,7,6,1,1
567474424_381009461_0,70,70,65,419.3273571413844,4,5.653576033234647,6,7,1,1
568495548_568495561_0,55,55,50,133.47760149642943,6,40.35492641663247,2,4,1,1
568495538_315487000_0,60,60,55,135.1518835427804,5,0.0,3,3,1,1
568495538_544223002_0,55,55,45,134.1461930893582,5,133.52609467162614,3,4,1,1
568117164_430763600_0,70,70,65,85.88798418442836,4,5.681987480514844,9,5,1,1
568117156_568117164_0,70,70,65,9.889268858997374,4,6.170757422860233,5,5,1,1
567478392_364680673_0,60,55,50,43.51477413146775,5,270.54521364125674,1,2,1,1
567478392_568847339_0,60,55,50,41.91230236939998,5,229.30024921728983,1,2,1,1
567477671_381023034_0,70,65,60,84.83744835134577,4,20.26531897094837,1,2,1,1
568811043_1404317225_0,60,60,55,1424.6967229091342,4,17.779927844727624,1,3,1,1
568648969_1350171172_0,50,50,45,428.8957133036226,6,205.51426124751123,1,2,1,1
568648969_7217119091_0,55,55,50,719.7218593896451,5,35.214610464870475,1,5,1,1
568847327_392359251_0,70,65,60,229.30570614784276,5,6.063434194795398,1,3,1,1
568847326_568847327_0,55,55,50,89.51505675579466,5,162.8234256783348,1,2,1,1
568847326_568847329_0,55,55,50,113.43753246222988,5,250.68930159768743,1,2,1,1
568847323_2466611020_0,65,65,60,278.50460035461447,3,0.0,7,5,1,1
568847323_359547244_0,60,60,55,81.48050801866997,4,0.0,8,5,1,1
568847339_30294670_0,55,55,50,42.70949088360494,5,226.27697608018792,1,2,1,1
568847334_3521917423_0,55,55,50,56.366951984189726,5,270.0964126518535,1,2,1,1
568847334_556335169_0,50,50,45,153.28178156588623,5,132.4967787249866,1,3,1,1
568847332_556334940_0,45,45,40,78.33794408399338,5,352.0600173289995,1,2,1,1
568847331_3521917425_0,50,50,45,179.42600018625916,5,292.17453527006614,1,3,1,1
568847331_535228365_0,50,50,45,155.52856996666648,5,292.17453527006614,1,2,1,1
568847329_568847331_0,55,55,50,79.09253719339506,5,269.0566589673763,1,2,1,1
568847328_288022361_0,55,55,50,79.36010085657013,5,194.57616159858057,1,2,1,1
568847327_381015582_0,65,60,55,160.4415845029799,5,6.027506696540336,1,2,1,1
572001919_2706292286_0,60,60,55,22.328528722635227,5,58.04886002529303,1,4,1,1
571411365_2691045785_0,65,65,60,73.6482958637422,5,410.5231493004066,1,2,11,1
571411365_2691045787_0,50,50,45,105.13326972002388,5,410.5231493004066,1,2,12,1
569768103_569768101_0,55,55,50,100.0021626198149,5,171.1259105903531,1,4,7,1
569768102_30264556_0,55,50,45,99.204404487612,6,154.15632246575538,1,3,8,1
569768101_569768102_0,55,55,50,65.86833611063452,5,250.10365256346725,1,3,7,1
568847350_11513563617_0,60,60,55,94.04436989293512,3,0.0,7,3,8,2
572064559_572064543_0,55,50,45,68.67213228151606,5,188.2385454595048,1,2,1,1
572064556_572064559_0,55,50,45,258.9855196473811,5,248.57208104585536,1,3,2,2
572064543_572064577_0,55,55,50,273.13597996517404,5,188.2385454595048,1,3,3,1
572001922_572064532_0,55,55,50,108.93897398562343,5,16.83592804980621,2,4,1,1
572001922_1437748528_0,55,50,45,88.45169463901962,5,122.94115041023484,1,2,1,1
572001919_632821157_0,55,55,50,116.18495564448256,5,58.04886002529303,1,5,1,1
572001919_572085949_0,60,60,55,24.383474226041216,5,33.68523170286853,2,6,1,1
572078015_572064543_0,45,45,40,207.42383690931936,5,107.65179228805764,1,3,1,1
572064583_420064842_0,50,50,45,217.9142712595469,5,128.62925029866733,3,4,1,1
572064583_572064585_0,50,50,45,170.79561942313106,5,170.76914879889327,2,5,1,1
6842012554_951467903_0,65,65,60,132.6514783227516,2,0.0,10,3,22,8
6833338778_4538123419_0,65,60,55,204.2187593244205,3,0.0,20,10,61,1
6932324474_402875760_0,55,55,50,65.5420146352587,5,0.0,3,2,1,1
6932324368_627782751_0,55,50,45,60.55104472483434,5,102.69810713767612,1,2,1,1
6898609745_6898609742_0,65,60,55,61.71034751853771,5,16.665855949443838,8,5,1,1
572064577_572064543_0,55,55,50,273.135979965174,5,188.2385454595048,1,3,3,1
572064577_572064556_0,55,50,45,58.69463032236954,5,191.74341419568196,1,2,2,1
573420811_30294446_0,55,55,50,70.62982018309725,4,5.7922570643472,1,2,5,1
573420811_30294440_0,60,60,55,170.89466784990805,6,6.559830276138305,1,2,8,1
572085967_320857509_0,65,60,55,122.73881248865264,4,12.183265574515458,9,6,1,1
573420841_2294043982_0,45,45,40,34.85902423704774,5,146.28968840379065,1,2,1,1
573420835_573420842_0,55,50,45,59.51927026437736,5,34.96942467797106,1,3,6,1
573420824_573420850_0,50,45,40,89.85097232526806,5,52.00359646157717,1,2,11,2
573420821_8512174197_0,55,55,50,200.35846664702424,5,380.25398201483785,2,2,1,1
574968984_574969022_0,65,65,60,489.5548657992754,1,0.0,1,2,1,1
573420847_829252506_0,60,55,50,136.88640526955277,5,11.276418639606794,1,4,10,1
573420847_7252348348_0,55,55,50,63.93584252418942,5,74.83753397995389,1,2,4,1
573420842_573420835_0,60,60,55,59.51927026437736,5,34.96942467797106,1,3,6,1
574969056_574969052_0,55,55,50,237.48208339626623,5,104.03598374542004,1,3,1,1
6831747698_420060599_0,60,55,50,105.88091106420929,5,510.1276930542054,1,6,1,1
6825291523_6825291522_0,65,65,60,73.068816465266,5,148.3270290226441,1,3,1,1
6853945872_359099426_0,60,60,55,65.14040683671338,6,80.72128501889745,1,5,5,1
6853738185_1695282547_0,65,65,60,27.68023435899316,2,0.0,3,3,2,1
6853738185_2676998918_0,65,65,60,24.614673622591454,6,0.0,3,3,2,1
6852935862_940874209_0,55,55,50,34.33331987350092,5,110.52428226343808,2,6,1,1
6842012554_30238021_0,70,65,60,135.03749639813617,5,0.0,4,2,14,7
574969094_30251870_0,60,55,50,48.5162403925833,5,172.34629843835032,1,2,1,1
6833338776_1092685773_0,65,65,60,134.86173989267365,5,20.43806914717431,14,4,31,4
6831747715_2123196012_0,50,50,45,149.83376078993237,5,750.0,1,3,1,1
6831747715_2123195985_0,50,50,45,8.395328087053938,5,750.0,1,2,1,1
6831747707_2111498724_0,60,55,50,302.2361261239958,5,66.43747891595925,6,13,1,2
574969090_3577569669_0,60,60,55,49.51840372974889,5,169.10575206646462,1,2,2,1
574969090_3577569670_0,50,45,40,27.49486942086628,5,169.10575206646462,1,3,1,1
575827094_632821092_0,55,55,50,472.3423413849579,5,162.7691548285857,1,4,1,1
575826921_366222990_0,45,45,40,219.08083466596105,5,443.80774474252,1,7,1,1
575781196_3808237581_0,60,60,55,135.2172800506782,6,75.7442265163403,6,8,6,1
575781196_1119994499_0,60,60,55,50.5662615519301,4,25.25949576416277,3,6,1,1
575781189_575781196_0,60,60,55,148.90118975671,6,12.396131823665067,1,7,1,1
574969140_574969130_0,60,55,50,29.57546543533034,5,84.9296792999967,1,2,1,1
582874668_269745625_0,60,55,50,1143.1326769204768,5,455.1028331000693,1,4,1,1
578369832_30251179_0,60,60,55,60.31553402749487,3,0.0,4,3,8,1
576936642_11732405741_0,60,60,55,78.33104814560002,4,282.7027683447828,1,2,1,1
576583112_4111795596_0,55,55,50,30.462877369309027,5,226.9716992543876,1,2,1,1
575827094_575826975_0,45,45,40,1759.4903492408423,5,335.36517343211773,1,8,1,1
575827094_2249980329_0,45,45,40,25.98815171559973,5,312.73087440104683,1,2,1,1
583321739_1350685765_0,0,0,0,86.93501410043825,5,555.064463923057,1,3,1,1
583319840_1817382293_0,65,60,55,279.78268596178043,5,93.99491876765074,1,8,2,1
583319840_583321777_0,60,60,55,57.13478053330403,5,155.33825642598512,1,5,1,1
583319840_1772825227_0,55,55,50,226.08875073776863,5,200.17522027201204,1,7,1,1
583257391_429350330_0,70,70,65,33.51038101237238,3,0.0,3,6,2,1
583257391_426883557_0,65,65,60,139.00124224364697,3,0.0,10,6,2,1
583257390_412453212_0,55,55,50,123.61466338539682,3,0.0,6,4,1,3
582942236_575781202_0,60,55,50,206.89758382933624,6,206.35652404836372,4,2,6,2
583321777_583319840_0,60,60,55,57.13478053330402,5,155.33825642598512,1,5,1,1
583321777_1816394964_0,55,55,50,135.078477831579,5,155.33825642598512,1,7,1,1
583321777_1374370026_0,70,60,55,383.4315573527221,5,0.0,1,7,1,1
583321777_1817382293_0,60,60,55,154.87157977153254,5,93.99491876765074,1,8,2,1
585250803_2473421338_0,60,55,50,70.36597632515945,5,268.48426039600616,2,3,8,1
585250803_365564404_0,65,65,60,72.3277279465181,4,255.67446299214697,3,3,16,1
585245862_416886809_0,55,55,50,83.89785552666551,6,185.58255767158008,3,2,4,1
585245610_416115182_0,55,55,50,326.57196073630723,5,36.11266088381697,1,7,1,1
583323362_2943846077_0,0,0,0,41.39785409490108,5,53.162512843904175,1,3,1,1
583323362_6333903842_0,40,40,0,155.55373449078536,5,93.35795522164872,1,3,1,1
597218424_597218426_0,55,55,50,141.57924573467793,6,0.0,2,4,2,1
597218424_597212246_0,55,50,45,135.20633443253337,5,0.0,1,2,2,1
597218416_597218414_0,55,50,45,52.33560286063064,6,208.16066693138436,1,2,2,1
597218414_597218402_0,50,50,45,50.93588220363877,6,215.2659609484604,1,2,2,1
597218402_30297379_0,60,55,50,51.7410126202402,5,265.8263637931755,2,2,1,1
597212246_597218414_0,55,50,45,83.02792504404451,5,133.32659686642003,1,2,2,1
597212245_30253392_0,65,60,55,53.62913510832804,5,0.0,4,6,2,1
597263758_416885092_0,65,65,55,128.33843559862518,5,0.0,6,2,4,1
597263757_597263758_0,65,65,55,138.69246530448154,5,128.2169214302031,5,2,3,1
597239682_506223417_0,60,60,55,67.81097797423632,3,0.0,4,2,2,1
597239681_619421797_0,55,55,50,70.20139154681473,5,136.40225655755577,3,2,3,1
597239681_597239682_0,60,60,50,136.40226358870106,6,0.0,3,2,3,1
597222090_30253388_0,55,50,45,97.0428888457349,3,0.0,4,4,8,1
6742307805_9507066653_0,55,50,45,38.4650885568822,5,344.51020627696124,1,4,2,1
6695182355_430764775_0,60,60,55,16.319227144182484,5,207.85236888945917,1,3,4,1
6695182355_6695182355_0,55,50,45,71.08076884772129,5,198.752157941676,1,3,5,1
6825291523_359100087_0,60,60,50,187.91331932106235,5,163.03841916366687,1,5,1,1
6825291523_359100661_0,65,60,55,91.96353037160232,5,71.08422132007122,2,2,3,1
6825291522_6825291523_0,65,65,60,73.068816465266,5,148.3270290226441,1,3,1,1
6815925056_2954961669_0,65,65,60,86.1265657055687,5,8.057546399696799,1,7,1,1
597218424_30297381_0,60,55,50,86.24354405014793,3,0.0,3,2,2,1
597933809_3005325693_0,60,60,55,61.06923016629498,4,208.75210015157683,4,3,3,1
597933805_30243350_0,60,60,55,131.47683958689885,5,137.0135110048971,2,2,5,1
597933744_4318426016_0,60,60,55,59.13206994391145,6,349.0745881232446,2,2,3,1
597933744_597933742_0,60,60,55,103.83108202550024,4,401.1519600480563,7,2,3,1
597933742_597933744_0,60,60,55,103.83108202550024,4,401.1519600480563,7,2,3,1
597933738_597933813_0,60,60,55,144.67399950609385,5,124.31265890700162,4,2,3,2
597933738_597933808_0,60,60,55,94.55735984660863,5,268.0653712032338,6,3,3,1
597441690_618356556_0,55,55,50,134.53263300699578,4,509.9381106525374,2,2,2,1
597933817_4318426016_0,45,45,40,16.851111879749276,5,332.5717886508302,1,2,1,1
597933816_559424462_0,70,65,60,137.7779826803981,4,0.0,9,8,3,3
597933814_3045198147_0,55,55,50,76.82946879985205,5,150.33244418314996,1,2,1,1
597933813_618300957_0,65,65,60,124.38293697070166,5,0.0,5,3,3,3
597933813_1305741270_0,50,50,45,79.4301368658157,5,124.31265890700162,2,2,2,2
597933812_597933808_0,60,60,55,145.2402012002717,4,124.72498772933912,8,7,5,2
597933812_597933813_0,60,60,55,95.20116717966896,5,124.31265890700162,6,6,4,3
597933811_3005325699_0,55,50,45,62.343821312632,5,207.6291924132501,1,2,1,1
598219933_3072940587_0,50,45,40,338.5340374592431,5,319.32082108233016,1,2,1,1
598219928_598219762_0,55,50,45,179.28226945614335,5,292.3323571243133,1,3,1,1
598219928_3306168426_0,65,60,55,103.47482234324616,5,371.38319064537615,1,2,1,1
598219762_598219928_0,55,50,45,179.28226945614338,5,292.3323571243133,1,3,1,1
598219672_598219928_0,55,50,45,128.8327399313431,5,251.75287378006817,1,2,1,1
598219652_598219762_0,55,50,45,192.56259395820413,5,215.4092752835732,1,3,1,1
598219652_598217794_0,55,50,45,60.816269599253005,5,189.69182765710883,1,2,1,1
597933817_8267865177_0,45,45,40,44.31603015418965,5,315.513355208086,1,2,3,1
598220574_1156424413_0,60,55,50,33.09207597490993,4,225.3592361236875,4,2,1,1
598220565_9870574443_0,60,60,55,54.69777536126924,5,235.3703946028801,5,4,1,3
598220565_598221107_0,65,65,60,96.79498003528217,4,139.22954050739267,7,5,1,2
598220048_561521683_0,60,55,50,45.20934308575887,4,96.79533921788608,1,6,1,1
598219933_9873768080_0,55,50,45,415.91994017453817,5,22.255231534974133,5,3,1,1
598221298_598221306_0,65,60,55,14.64464282926085,4,532.8989132334884,10,4,1,1
598221107_3855178234_0,60,55,50,21.391597771247632,4,122.05410395024872,2,3,1,1
598220622_7198084790_0,60,55,50,122.34905190307592,5,211.2191801125496,5,4,1,1
6547829115_247637117_0,65,60,55,18.586824753933925,3,0.0,2,2,1,1
6449314872_1425252279_0,60,55,50,107.4122649234086,5,301.4953665945588,1,3,1,1
6780590097_5726734751_0,60,60,55,136.28755165769292,6,133.20445176033303,1,2,3,1
6766631070_5726734752_0,55,55,50,71.0961772199982,6,68.22671425542698,1,2,4,1
6762254076_30243118_0,70,65,60,71.50427885159176,5,0.0,5,3,14,1
598222073_598222957_0,55,55,50,262.3191009556025,4,230.75586032328144,7,2,1,2
598222073_598222624_0,55,55,50,243.4275677998732,4,0.0,8,2,1,1
598221965_4990469756_0,60,60,55,9.931264848574171,4,410.2201463492411,4,3,1,1
598221965_30618112_0,60,55,50,16.651547986735224,5,409.11360869785614,5,3,1,1
598221316_598221318_0,60,60,55,10.409441505942844,4,521.1558517457125,10,4,1,1
598221316_4990469758_0,55,55,50,236.8074586344996,5,440.3970940442626,13,4,1,1
598221311_598221316_0,60,60,55,18.82730205662817,4,529.5793343965532,11,4,1,1
598222957_598222073_0,55,55,50,262.3191009556025,4,230.75586032328144,7,2,1,2
598222759_600466245_0,50,45,40,69.53663804730982,4,369.9332262680281,2,5,1,1
598222624_600061478_0,55,55,50,242.9640186919982,3,0.0,6,2,1,1
598222623_598222624_0,65,65,60,18.796036101298863,3,0.0,4,2,1,1
598222623_837485708_0,55,55,50,45.07982040509042,4,0.0,4,2,1,1
598222086_1086926758_0,60,60,55,257.6962152019707,3,0.0,3,3,1,2
598223793_598223783_0,65,60,55,346.84222155539146,4,180.54497668925853,7,14,2,1
598223783_598223793_0,65,60,55,346.8422215553914,4,180.54497668925853,7,14,2,1
598223783_1299430501_0,65,65,60,57.64430230469821,4,183.73259523379969,3,7,1,1
598223783_598223921_0,65,60,55,92.02971219628152,4,91.79774965441456,3,8,2,3
598222962_12961323927_0,65,65,60,238.48680554413204,4,23.867821897991966,10,4,3,1
598222962_323167796_0,55,55,50,68.96405578856691,4,0.0,8,3,2,1
598223938_30295841_0,65,60,55,17.509403817974167,5,334.1899766160772,1,2,3,1
598223927_1299414785_0,55,55,50,185.400264405994,5,96.2567303893392,1,4,5,1
598223927_2914607832_0,50,50,45,49.447062251285935,5,96.79710938323431,1,2,2,1
598223921_598222086_0,55,55,50,92.04227499332968,4,0.0,3,5,2,2
598223919_598223927_0,55,55,50,96.79809885161372,5,0.0,1,2,2,1
598223867_598223793_0,65,60,55,200.06175718838523,4,103.94455318725956,7,6,1,1
598223867_1148143947_0,60,60,55,95.61733158198734,5,103.94455318725956,6,3,1,1
598223867_323167456_0,60,60,55,267.87648347562094,4,48.60535501073355,4,3,1,1
598223793_598223867_0,65,60,55,200.0617571883852,4,103.94455318725956,7,6,1,1
598223793_815062993_0,65,65,60,170.8350051341627,5,9.847394723372048,7,5,1,1
598223793_316877767_0,65,60,55,190.03793101753493,4,135.75569171351427,6,5,1,1
598224512_598224356_0,65,60,55,67.21048892712898,5,109.70311943556068,1,3,3,1
598224356_769906807_0,65,65,60,68.33056745028448,5,85.78957243224136,1,2,4,1
598224012_2914602299_0,55,55,50,110.95817470444432,4,227.83908502294503,6,8,11,1
598223996_1299414785_0,55,55,50,91.47482234982964,5,184.81569623602465,3,4,5,1
598223996_2687171809_0,60,60,55,21.58695084877437,5,204.79231534608093,3,4,7,1
598224523_598224521_0,55,55,50,63.71400649887819,5,216.8604706698457,1,2,1,1
598224522_434431814_0,50,45,40,54.97047443042655,5,198.1335038753413,1,2,1,1
598224522_622011510_0,55,55,50,40.67279911649133,5,198.1335038753413,1,2,1,1
598224521_598224356_0,55,55,50,122.50143687500066,5,109.70311943556068,1,3,4,2
598224521_598224520_0,60,60,55,61.30589580155793,5,188.5102357042364,1,2,1,1
598224520_2757833232_0,60,60,55,114.81031358072158,6,136.4408730859868,1,4,2,1
598224520_598224597_0,60,60,55,93.87411014752924,5,97.8962708427583,1,2,2,1
598224514_1156424412_0,55,55,50,172.6251109210785,5,190.99849822629125,1,2,4,1
598224642_598224521_0,60,60,55,146.18605982728923,5,230.6675296690449,1,2,1,3
598224642_30295529_0,50,50,45,60.05360085849187,6,236.6668849140726,1,2,1,2
598224641_598224597_0,60,60,55,155.0706222472977,6,97.8962708427583,1,2,3,2
598224640_434471880_0,60,55,50,157.3893882134626,3,0.0,5,2,8,1
598224597_434471890_0,60,60,55,62.52392714248934,5,37.31915474275758,1,2,5,1
598224523_30295525_0,55,55,50,83.86633585436944,6,140.99990443367344,1,2,1,1
598224749_598224750_0,60,60,55,88.84958536331793,5,104.29298338883886,1,2,1,1
598224744_598224749_0,60,60,55,87.01979711997588,5,18.310254388087145,1,2,1,1
598224744_598224742_0,60,60,55,53.01083900823343,5,18.310254388087145,1,2,1,1
598224742_363878511_0,65,65,60,61.33760191724162,5,19.654455793574694,1,2,1,1
598224741_363878889_0,55,50,45,14.159192483548036,5,95.43104125504064,1,2,1,1
598224643_30295530_0,55,50,45,143.73980644274553,6,284.70469684168256,1,2,1,1
598224643_598224809_0,50,50,40,74.84683093715282,6,258.29716172104526,1,2,1,1
598224823_434431827_0,50,50,45,101.021388707141,6,356.9528012667939,1,2,4,1
598224810_598224809_0,50,45,40,49.90546107801265,6,258.29716172104526,1,2,1,1
598224810_598224523_0,50,45,40,56.78122095933995,6,216.8604706698457,1,2,1,1
598224809_434431814_0,55,50,45,38.92340612315457,6,252.9339861756158,1,2,1,1
598224809_622011510_0,50,45,40,55.495227679803776,6,203.36746344463927,1,2,1,1
598224750_434423055_0,55,55,50,25.89387991991674,5,192.9994045899052,1,2,1,1
6364664850_31286185_0,60,60,55,180.62430202815588,5,305.672052289934,1,3,1,1
6695182350_430765521_0,55,55,50,122.08701806403646,5,227.075132707272,1,4,1,1
6620325588_6620325587_0,50,50,45,64.5995825307746,5,47.63614577060473,1,2,1,1
6620325587_6620325588_0,50,50,45,64.5995825307746,5,47.63614577060473,1,2,1,1
6565856196_11516978571_0,60,55,50,247.21232718483617,4,145.43491564631432,2,10,5,1
6565856196_178542532_0,65,65,60,150.5891092218525,4,0.0,6,8,3,1
598224997_1086926705_0,60,60,50,85.39256684786561,5,154.8768187479313,1,2,1,1
598224987_319428307_0,65,60,55,65.59509332784636,5,166.32393143881865,3,5,1,1
598224987_3059542903_0,60,60,55,71.9368181044102,5,168.1245549736903,1,4,1,1
598224982_5998091078_0,55,50,45,10.514588915076937,5,214.38482387213608,1,2,2,1
598224964_30295825_0,50,50,45,68.46732723947675,5,210.3510294215348,1,2,1,1
598224886_30295627_0,50,50,45,27.134434639963988,6,201.3593006193426,1,2,1,1
598224823_434423009_0,60,60,55,156.5068918146905,6,399.8511089858024,1,2,7,2
598225121_598224012_0,60,60,55,137.69026228493829,6,239.104470356816,3,8,11,1
598225120_598225121_0,55,55,50,86.28692467471754,5,353.9703936348138,1,3,2,1
598225120_1303363156_0,45,45,0,45.67934992829705,6,352.3439266297323,1,2,1,1
598225085_1303363167_0,65,60,55,43.65270430903082,5,21.251438455276347,1,2,1,1
598224999_1299629083_0,60,60,55,85.91640330898898,6,39.33169693965035,1,3,1,2
598224999_5998000217_0,50,50,45,54.20918806119887,6,124.73109236293332,1,3,1,2
598225223_434423064_0,50,50,45,49.300256634524494,5,239.23258289063392,1,2,1,1
598225219_598225223_0,50,50,45,27.67359271406309,6,211.97051880655525,1,2,1,1
598225132_598224743_0,55,55,50,39.23813546596759,5,108.21194233535098,1,2,1,1
598225121_598224823_0,60,60,55,74.9758284087421,6,359.61320045012866,1,3,4,1
600466245_1363606986_0,55,55,50,351.1603783862952,5,159.91020617234236,1,7,1,1
600466245_598222759_0,50,45,40,69.53663804730981,4,369.9332262680281,2,5,1,1
600466245_429742266_0,55,55,50,78.237779575124,5,386.0312128532514,2,6,1,1
600466282_600466281_0,50,50,45,82.23815376468859,5,97.70050758720733,1,3,1,1
600466273_11843575698_0,55,50,50,78.20606422554859,5,24.848039395520523,4,3,1,1
600466273_12961323927_0,60,60,55,107.28949154862627,4,24.848039395520523,10,2,1,1
600466272_600466282_0,55,50,50,77.94547744202306,5,27.718103022296088,6,5,1,1
600466268_600061480_0,50,45,40,182.9816368160257,5,14.288166376907764,8,5,1,1
6238824734_30558447_0,55,55,50,69.84704768212454,6,189.57995422334068,1,2,5,1
6238824734_30558293_0,55,55,50,95.46258503958651,6,165.443632941144,1,2,8,1
6238824732_30914312_0,60,60,55,62.19224804783683,5,269.4332467681434,4,7,13,1
6376850717_6376850715_0,60,60,55,9.024218171426984,5,429.26988073735225,1,5,1,1
600466290_2920082947_0,60,55,50,78.12896337996867,4,106.17344424446034,1,3,4,1
600466290_5856759989_0,60,55,50,41.41771996488432,5,67.4243292635824,1,3,4,1
600466286_6260834970_0,45,40,0,251.68779934267053,5,128.41461618073234,3,3,1,1
600466286_2920082947_0,60,55,50,65.36197826551981,4,127.99835555603984,1,2,1,1
600466286_600466300_0,60,60,55,97.77661527262516,5,38.46559400295635,1,2,1,1
603995028_4417346835_0,55,55,50,154.85809490904413,2,0.0,11,5,1,1
601047993_293527302_0,55,55,50,548.811058350827,3,0.0,2,3,1,1
600830525_30253377_0,65,65,60,12.694956577228403,3,0.0,5,7,2,1
600830525_600821408_0,65,60,55,136.7161280173767,4,0.0,8,9,6,1
600821408_30312828_0,60,60,55,128.74911364853793,4,136.45471866572692,7,4,9,1
600466299_408397910_0,70,70,65,374.4135609167012,5,13.415016253045856,2,2,1,1
600466293_600466273_0,60,60,55,240.49766253804083,5,24.848039395520523,4,6,5,1
603995037_12645522470_0,70,70,65,279.5114164097407,2,0.0,1,3,1,1
603995030_603995049_0,65,65,60,145.27623593185558,4,0.0,1,3,1,1
603995030_950190478_0,65,60,55,174.86951253361417,2,0.0,2,2,1,1
603995028_603995072_0,65,60,55,50.33452814809873,2,0.0,9,2,1,1
604001411_2456870302_0,55,55,50,455.9656197727076,1,0.0,12,8,1,1
603995066_8195467081_0,65,65,60,31.29596375919139,2,0.0,10,4,1,1
603995066_603995035_0,65,65,60,48.76011787066045,2,0.0,9,3,1,1
603995049_950190540_0,65,65,60,186.3142105361976,4,0.0,1,5,1,1
604937943_1853174677_0,65,60,55,124.23161562588342,5,10.543059611000857,4,6,1,1
6225821935_4385157799_0,65,65,60,103.97744338767347,3,0.0,3,3,10,1
6333903842_583323362_0,40,40,0,155.5537344907854,5,93.35795522164872,1,3,1,1
6326164170_2473393788_0,65,65,60,11.845555053378376,4,254.2756630669908,3,2,18,3
6316502269_30264201_0,50,50,40,46.762524765142935,5,264.1095052697748,1,2,1,1
6301479267_1075648459_0,55,50,45,177.04707035237092,5,624.2983727298263,2,4,1,2
6260834970_600466257_0,50,50,45,97.38041233125784,5,87.07389779928384,3,5,1,1
6260834970_12961323920_0,55,55,50,17.420797527983535,5,148.2466662885459,3,3,1,1
6256443439_412426589_0,50,45,40,335.2992845470216,5,542.961483146951,1,4,1,1
614623610_6898609741_0,65,60,55,59.29753771325623,5,22.205622844897885,5,7,3,1
614623610_614849044_0,60,60,55,54.87810278206229,5,61.97800742255631,1,7,3,1
614217675_387130487_0,60,60,55,30.887646103056305,4,608.3334004695308,3,3,2,1
612363395_2494518756_0,55,55,50,12.310721751939496,5,305.48131919168605,1,2,2,1
604943448_11305973948_0,70,70,65,31.39059719418409,3,0.0,6,6,1,1
616356152_627782648_0,55,55,50,335.631649677596,5,278.44237092532103,5,2,1,1
616356152_4852602038_0,55,55,50,246.6988425031353,4,177.16345625016413,6,3,1,1
615815434_2450895997_0,70,70,65,44.09850021729497,4,14.41716590904783,5,8,1,1
615815431_629327975_0,70,70,65,76.57650444107367,4,13.404517071177452,6,9,1,1
615815427_629328233_0,65,65,60,10.604037817808722,4,19.157663885158943,4,10,2,1
614849048_4575453078_0,60,60,55,16.375441714675844,6,312.80255103234884,1,2,4,1
616880477_2707017763_0,60,60,55,52.69982146916321,5,495.92826024834727,1,2,2,1
616880477_2708786214_0,65,65,60,103.63234521784358,5,402.0485609254049,4,7,5,1
616512964_506223416_0,65,65,60,75.18884797486402,5,0.0,2,2,3,3
616512950_559424460_0,65,65,60,118.34361551704929,3,0.0,14,4,7,1
616512950_618404478_0,65,60,55,161.06169134948863,5,0.0,8,5,8,1
616512950_30243348_0,60,60,55,269.969280630325,4,0.0,8,4,8,2
618404478_10207081166_0,65,60,55,149.10698175393765,5,134.4771731813326,7,4,3,1
618404476_1303430180_0,65,60,55,71.11401838670837,5,48.9465850777794,1,2,8,1
618404475_448786035_0,65,60,55,64.37056798537387,6,135.5330801875134,4,2,4,1
618404475_420892540_0,60,60,55,116.17863301119908,5,42.44278209177339,7,2,4,1
618356556_541643994_0,65,60,55,136.6754928691721,4,375.8252809319133,2,2,7,1
6219058269_598224982_0,55,50,45,40.40483252165775,6,211.46875384680055,1,2,2,1
6218672137_6218672136_0,50,50,45,105.80107606028687,5,333.2822538806544,1,7,1,1
6227506611_2059755036_0,50,50,45,126.70401018916354,5,0.0,5,2,1,2
6227506611_1043834246_0,60,60,55,75.70717635853649,3,0.0,5,2,3,1
6227506610_2059755039_0,65,65,60,42.95370120827873,3,0.0,6,3,2,1
6227506599_1748629933_0,55,55,50,45.305137449440814,5,0.0,6,3,1,1
6225821935_30689544_0,55,55,50,108.02612334356492,5,0.0,3,3,9,1
618356556_30297365_0,50,45,40,135.34192886034882,5,509.9381106525374,2,2,2,1
619005043_2655765587_0,55,55,50,145.65987254224777,5,411.2057224241843,1,7,1,1
618431746_312894013_0,65,60,55,264.93931889599764,5,137.46922851440652,3,2,3,1
618431746_618431745_0,65,60,55,51.10821872448231,5,135.0868305303724,1,2,1,1
618431745_618431744_0,55,55,50,135.08698261427062,6,0.0,1,3,1,1
618431743_312894014_0,65,60,55,53.29519444588013,5,136.24765986649075,3,2,1,1
618404480_30332641_0,55,55,50,113.21257138658645,6,89.89529292784478,2,2,6,1
618404480_363888326_0,65,60,55,133.2170962838791,5,121.75426092719528,4,2,6,1
619535108_30332804_0,50,50,40,101.66761067568342,6,133.11399691327532,1,2,21,1
619535108_1106505995_0,60,55,50,183.7389463624592,5,119.9048421130718,1,2,14,1
619423078_597239681_0,55,55,50,66.77189817832642,5,136.09138808916668,4,2,3,1
619422387_619421797_0,65,65,60,136.74587936488243,5,71.27683118877924,4,3,1,1
619410240_312894015_0,65,60,55,42.58754730183934,5,133.00559320366386,5,3,2,1
619005043_256484352_0,55,55,50,78.06115050360575,5,546.6326678347151,3,4,1,1
622350679_1933546246_0,55,55,50,36.3783363048438,5,167.94934607492027,1,2,1,1
620148180_620148190_0,60,55,50,135.32640685884996,6,0.0,5,4,1,1
620148176_620148180_0,60,60,55,136.14087047583013,6,0.0,6,5,1,1
620148159_620148198_0,55,55,50,133.0260228270961,6,43.29116490905872,4,4,1,1
626570848_1230701490_0,70,70,65,1438.2629335638708,1,0.0,7,15,2,1
622350685_622350681_0,60,60,55,104.15599872596884,5,0.0,2,2,2,1
622350681_622350685_0,60,60,55,104.15599872596884,5,0.0,2,2,2,1
627782654_1753694399_0,55,55,50,123.5484026352348,5,63.51478019574054,3,4,2,1
6218672136_6218672137_0,50,50,45,105.80107606028687,5,333.2822538806544,1,7,1,1
6218672136_387127456_0,55,55,50,13.396892848671314,5,332.5900590924962,1,4,1,1
6218586069_1314467682_0,65,65,60,4.1639353574174285,4,4.534493468852224,9,4,1,1
6223865358_1695282564_0,65,65,60,27.881853263869445,4,113.82755457752448,1,2,1,1
6223865340_6223865358_0,65,65,60,22.616194490166915,4,138.93439156323723,1,2,1,1
6219224220_4992914467_0,55,55,50,400.0676334145949,6,18.178826055349784,3,6,1,1
6219224220_478855185_0,55,55,50,148.1913225936043,5,142.49260559371828,3,3,1,1
6219170978_366062092_0,55,55,50,38.84737144157525,5,81.26304458957831,1,2,1,1
6219058269_2687171808_0,60,60,55,42.456917173548966,6,211.46875384680055,1,2,3,1
627782715_629307086_0,60,60,55,120.60602190638572,5,151.69992674703346,1,2,1,1
627782715_629306903_0,60,55,50,168.70013403513943,5,248.9016292900058,4,3,1,1
627782668_1297521206_0,60,60,55,44.955070832010406,4,522.3642336086236,2,2,1,2
627782667_627782715_0,60,60,55,138.44532389029197,4,248.9016292900058,4,2,1,1
627782667_5952574451_0,60,60,55,72.58870793925439,4,305.6518891031078,4,2,1,1
627782660_627782667_0,55,55,50,204.17278408725213,5,290.10500669082774,5,2,1,1
627782657_627782749_0,65,65,60,139.4228234370699,4,15.594488336388018,3,8,1,1
627782657_1753694399_0,65,60,55,45.47142814544956,5,18.0465717206126,2,7,1,1
627782654_13859746860_0,55,55,50,28.92717832916588,5,184.91552204829867,1,2,2,1
627782748_627782749_0,55,55,50,88.10905375486718,5,40.19088671384487,2,3,1,1
627782748_627782750_0,55,55,50,60.71425372833468,5,113.4944774920758,3,3,1,1
627782733_3308698041_0,65,65,60,65.35636183703767,4,0.0,7,5,1,1
627782715_627782732_0,60,60,55,166.15500374305424,4,117.58467831991184,4,3,1,1
627782756_627782758_0,70,70,65,81.41292769384202,5,28.39781231017572,1,2,1,1
627782751_627782770_0,65,65,60,59.134901123292856,5,43.78846226870596,1,2,1,1
627782751_6932324368_0,55,50,45,60.55104472483435,5,102.69810713767612,1,2,1,1
627782751_629306847_0,65,65,60,158.2505417133761,5,77.42387181316997,5,7,3,1
627782750_629306903_0,55,55,50,162.1195923019578,5,143.7543631145095,6,4,1,1
627782750_627782748_0,55,55,50,60.71425372833468,5,113.4944774920758,3,3,1,1
627782749_627782748_0,55,55,50,88.10905375486718,5,40.19088671384487,2,3,1,1
629306492_4416582771_0,70,65,60,123.2913931150091,2,0.0,6,6,1,1
627782764_376748008_0,70,70,65,208.34021490496983,4,12.210286228325575,1,3,1,1
627782758_627782756_0,70,70,65,81.41292769384202,5,28.397812310175723,1,2,1,1
629306851_603995030_0,70,70,65,345.7411739528018,4,0.0,2,9,2,1
629306847_629306851_0,70,70,65,64.57995904306213,4,13.173493922290612,5,8,2,1
629306831_2077445070_0,60,60,55,80.54563913931656,5,172.0863537672906,1,2,1,1
629306831_629306823_0,60,60,55,118.03175590562348,4,64.55838063941655,4,2,1,1
629306831_629306847_0,60,60,55,173.36764062020222,4,77.42387181316997,6,7,2,1
629306823_629306831_0,55,55,45,118.03175590562348,4,64.55838063941655,4,2,1,1
629306774_948980798_0,60,55,50,86.39938247789263,5,0.0,2,3,1,1
629306774_949285357_0,60,60,55,19.10153702849749,2,0.0,2,3,1,1
629306966_629306915_0,50,50,45,89.46832979462214,5,183.75328623477296,1,4,1,1
629306915_629306966_0,50,50,45,89.46832979462214,5,183.75328623477296,1,4,1,1
629306915_629306908_0,50,50,45,115.81779330215592,5,220.6640646971913,1,3,1,1
629306908_2126597892_0,60,55,50,98.3402231792264,5,146.29042591009704,1,3,1,1
629306903_627782750_0,60,60,55,162.1195923019578,5,143.7543631145095,6,4,1,1
6137493687_1857472181_0,50,50,45,38.63839648020834,5,189.69034512640704,1,3,1,1
6137493687_1857472204_0,55,55,50,64.1814796904671,5,135.3861407877181,1,3,1,1
6126749211_2677447194_0,60,60,55,116.350828708235,5,13.534043046473546,3,2,1,1
6218672137_3994528973_0,50,50,45,1150.7133632257444,5,0.0,5,25,2,1
629306903_627782715_0,60,55,50,168.70013403513943,5,248.9016292900058,4,3,1,1
629306851_629306847_0,70,70,65,64.57995904306213,4,13.173493922290612,5,8,2,1
629334371_863733275_0,60,60,55,221.5927315227976,4,263.8061941025225,1,3,1,1
629334371_1297521224_0,60,55,50,78.20380137714625,4,449.00478633045697,1,2,1,1
629328233_615815431_0,70,70,65,220.611933289185,4,13.971194936548857,5,14,2,1
629328069_392351456_0,60,60,55,79.40578959000537,5,167.64308487887234,4,2,1,1
629327975_615815434_0,65,60,55,10.64673574829066,4,14.292073139889164,5,9,1,1
629327919_12228118299_0,55,55,50,62.63478912028824,5,212.89028939200736,2,2,1,1
629307086_627782715_0,55,55,50,120.6060219063857,5,151.69992674703346,1,2,1,1
630597049_30294508_0,55,50,45,115.8793660499098,5,95.9543996460954,1,2,8,5
630583121_30294473_0,70,65,60,104.93939571765158,3,0.0,8,7,7,1
632821092_376744232_0,65,65,60,183.05331174587408,5,29.05235557768429,1,2,1,1
632821092_575827094_0,60,60,55,472.34234138495776,5,162.7691548285857,1,4,1,1
632548268_426624022_0,55,50,45,289.77452227456524,5,46.21705755075703,1,2,1,1
634646784_634646820_0,65,65,60,184.7144841980524,4,41.61156149327568,1,6,1,1
634521110_9533973599_0,55,55,50,52.37527153327952,5,256.59588203069706,1,2,1,1
634519971_634519964_0,65,65,60,214.55549586124613,6,42.92256457532392,1,3,1,1
634519964_634519971_0,65,65,60,214.55549586124613,6,42.92256457532392,1,3,1,1
634519952_632821092_0,60,60,55,43.99308081492938,5,162.7691548285857,1,2,1,1
633329127_395287462_0,50,45,40,108.1034554092816,6,63.72861335893357,1,2,2,1
648862223_421265639_0,65,60,55,101.34870711695456,5,86.10010609796909,3,7,1,1
648862198_1312053375_0,65,65,60,100.1995609022825,5,36.298725143906935,3,4,1,1
648862198_30295424_0,65,65,60,74.49186740377205,5,115.26174843148084,1,2,1,1
637464857_2505271514_0,45,45,40,73.91256975103572,5,121.42790589994952,1,2,1,1
634646820_8957765002_0,65,65,60,15.894719366873426,5,38.248244524778045,1,3,1,1
634646820_634646784_0,65,60,55,184.71448419805245,4,41.61156149327568,1,6,1,1
634646785_9533973599_0,55,55,50,99.98327590811368,5,212.3174906099976,1,4,1,1
634646784_462694080_0,65,65,60,16.77504784123275,4,196.97212525714696,1,4,1,1
658169112_658169102_0,50,45,40,222.37105250656435,5,87.65324191617208,1,13,1,1
658169102_658169112_0,50,50,45,222.3710525065643,5,87.65324191617208,1,13,1,1
658169102_416115182_0,55,55,50,149.98838817258297,5,88.17055704927361,1,11,1,1
651878676_30313363_0,70,65,60,47.71568323258222,4,112.59813034215782,3,5,4,1
667380510_3208632836_0,60,55,50,154.64531580064713,5,0.0,3,6,1,1
667379829_429459477_0,70,70,65,94.63368389485376,4,82.91698939624249,1,11,10,1
660778326_660778322_0,55,50,45,73.47670054861828,6,83.52515280299394,1,2,21,2
658169292_256680641_0,60,60,55,131.12399375243112,3,0.0,5,8,1,1
6119645895_511123404_0,55,50,45,82.4206365556537,6,121.231623610108,1,2,13,1
6213879857_4327379292_0,60,60,55,93.72425649050032,2,0.0,9,5,1,1
6210812030_1378073780_0,70,70,65,115.75783486891402,6,0.0,1,4,6,1
6143316522_1852768637_0,50,50,45,14.911532528323214,5,240.9438584776781,1,2,1,1
6137493691_6137493687_0,60,55,50,18.541600366110902,5,184.28007151029655,1,2,1,1
6137493691_1857472181_0,55,55,50,35.7742560982222,5,184.28007151029655,1,3,1,1
658169112_416115228_0,50,45,40,87.6852072155661,5,46.31407142477272,1,9,1,1
658169112_416115336_0,45,45,40,241.81403659080885,5,87.65324191617208,1,11,1,1
667395974_1840721009_0,55,55,50,65.4064133557965,5,313.84447335391064,1,4,1,1
667395973_1174647432_0,60,55,50,85.2163114523756,5,150.03778904332495,1,2,1,1
667387220_1889882329_0,65,60,55,50.78358936098155,5,286.9182194932775,1,4,2,1
667387217_674780716_0,65,60,55,172.89818449559178,5,203.1002133545234,1,4,2,1
667380511_667380510_0,65,60,55,83.21956933873807,5,151.68858008085385,3,3,2,1
668486389_994071420_0,50,50,45,129.50883561918974,5,116.31436908041208,1,2,1,1
668486384_668513854_0,50,50,45,33.849324047132825,5,265.54021034340104,1,2,1,2
668486347_940874206_0,60,60,50,93.5390770621853,3,0.0,3,5,2,1
668475738_4319119765_0,60,60,55,97.43491440087244,5,426.7485351082847,3,3,1,1
667898752_1482469049_0,65,65,60,88.15978941247673,5,160.04422739499228,7,2,1,1
667447467_1017920162_0,60,55,50,66.04283571575569,5,108.33298158212448,1,2,3,2
667410900_30253571_0,65,65,60,129.8516074465587,3,0.0,4,3,25,1
668513978_668513855_0,50,50,45,32.556480939581505,5,346.9703339300575,1,2,1,2
668513855_668511312_0,55,50,45,34.758557904787715,5,312.2599850114402,1,2,1,2
668513854_668513977_0,50,50,45,31.138779327987983,5,284.48750126523464,1,3,1,1
668512260_994071419_0,50,45,40,43.90631239348982,5,148.59252095201342,1,2,2,3
668512260_668511317_0,50,45,40,32.788330337847654,5,148.59252095201342,1,2,1,1
668511317_6852935862_0,55,55,50,74.2899859614607,5,144.78959870299872,1,6,1,1
6100210194_6100210191_0,60,60,50,11.091551477067227,5,635.5569772523688,1,2,1,1
6100210193_359236003_0,60,60,50,32.83687135824235,5,656.4252038274311,1,2,1,1
6126749211_6126749210_0,70,70,65,24.98131800066491,5,0.0,1,2,1,1
6125086059_998592680_0,60,55,50,47.77830029834531,5,120.93962144491988,3,2,8,1
6120152819_125932462_0,65,65,60,92.30685854093022,3,0.0,5,6,10,1
6120152819_448786030_0,65,65,60,23.647218106454435,3,0.0,4,5,6,1
6120152819_448700549_0,70,70,65,37.4281280091069,3,0.0,6,5,7,1
668511312_668486384_0,50,50,45,90.78679152476568,5,265.54021034340104,1,2,1,2
668511312_668523610_0,50,50,45,71.52992466486222,5,246.55705116182872,1,2,1,3
669900452_191031226_0,70,65,60,827.7107894718846,1,0.0,2,3,1,1
668541555_11881540551_0,65,60,55,266.23094247525785,4,349.6616666409862,8,5,1,1
668523610_668523613_0,55,50,45,110.22056181008158,5,246.55705116182872,5,2,1,3
668523610_668511317_0,50,50,40,97.7215883954856,5,148.99832314860348,1,2,1,3
681936214_681936233_0,70,70,60,45.741703072918064,4,30.749634772463697,6,4,11,1
678297076_5227213296_0,65,65,60,50.40124970139193,3,0.0,6,6,15,1
678297076_1457780310_0,65,65,60,9.959770418605036,5,0.0,5,4,9,1
678297060_30617419_0,55,55,50,87.43300101473794,5,0.0,5,6,21,2
678297060_5227213296_0,65,60,55,49.406700834908,3,0.0,4,6,15,1
674790896_126781137_0,60,60,55,167.25361993900188,4,1.6084409628833003,3,5,5,1
674780716_1174647432_0,60,55,50,67.97849063098809,5,150.03778904332495,1,2,1,1
687897107_687897111_0,55,55,50,223.50457241663804,4,180.8097905087316,6,5,1,1
687897083_35120255_0,55,55,50,8.257698604095788,5,423.0577489262947,2,3,4,1
687897080_1820633297_0,55,55,50,42.28187558633984,5,644.946849158342,4,3,4,1
681936411_630602352_0,60,55,50,111.85795929525592,5,106.75950086400988,2,2,11,5
681936411_630597049_0,65,60,55,48.57125236374566,5,106.75950086400988,1,2,5,5
681936382_2509871324_0,70,70,65,149.53824593934215,2,0.0,12,16,1,1
687897156_687897133_0,60,60,55,292.69923437992435,4,399.4114380473623,14,6,1,1
687897143_687897144_0,65,60,55,22.362029386586517,4,355.95120367905395,15,3,1,1
687897133_251543436_0,60,60,55,13.911872714474953,4,418.8272018553981,3,4,1,1
687897111_418737418_0,55,55,50,329.9950659517445,5,180.8097905087316,6,3,1,2
687897111_416523685_0,65,65,60,15.848962570461552,5,180.1101431424796,5,2,1,1
688393834_30558241_0,60,60,55,76.37402713560702,5,160.0129952163903,1,2,1,1
688393798_30617585_0,60,55,50,112.00758046148307,5,87.68930165541114,1,8,1,1
687897181_30314637_0,65,60,55,59.646838521248135,3,0.0,9,4,4,2
687897181_251543450_0,65,65,60,15.600050340457038,3,0.0,9,4,3,2
6096823156_6096823155_0,60,55,50,39.509457319431895,5,224.02422845643125,2,2,1,1
6096823155_6096823156_0,50,45,40,39.509457319431895,5,224.02422845643125,2,2,1,1
6103772408_412452567_0,45,40,0,115.6200004635028,6,749.2708459386232,1,4,1,2
6100210204_358505133_0,60,55,50,143.8922541158648,5,649.2724094127998,1,2,1,1
687897181_687897182_0,70,70,60,122.09474708984588,4,0.0,17,4,3,2
687897164_687897152_0,60,55,50,32.369321892679025,4,366.05122370610144,18,3,1,1
688393879_688393885_0,60,55,50,111.55837337198616,5,106.07765168569536,1,2,2,1
688393879_688393865_0,70,65,60,74.84373302524162,5,57.20820305126087,1,2,1,1
688393877_412362689_0,65,60,55,110.52120701718404,3,0.0,6,4,2,1
688393877_688393798_0,50,50,45,87.7885519990491,5,0.0,3,3,1,1
688393862_431100344_0,60,60,55,23.890637363519836,5,104.29729180605564,1,2,3,1
689430452_995309546_0,45,45,40,134.55953892083394,5,101.02202491456264,1,5,1,1
689430452_4326986880_0,55,50,45,254.15782475554025,5,0.0,4,4,1,2
688393885_30558243_0,60,55,50,65.01374962769245,5,192.50835335819184,1,3,2,1
689442435_1938218690_0,50,50,45,66.79676534789631,5,261.5509191616844,1,2,1,1
689442435_689442430_0,50,45,40,71.7984181627827,5,327.31171508496857,3,2,1,1
689430534_8140250869_0,60,60,55,102.02171946210233,3,0.0,7,4,1,1
689430493_4343830708_0,60,60,50,14.067997404311804,5,335.8463805092408,2,3,1,1
689430493_4549311789_0,55,55,45,226.48141268484648,4,109.41768091696494,7,5,1,1
690411236_690411245_0,60,60,55,362.5443748143628,2,0.0,4,8,7,5
690411229_829252506_0,60,55,50,106.8839214605941,4,0.0,8,5,7,2
689444890_9769855904_0,55,50,50,153.61810770450953,5,112.81222756417274,1,2,1,2
689444890_1736660281_0,50,50,45,66.53273357873113,5,46.29644707374944,5,2,1,2
689444890_3306168424_0,55,50,50,202.841812440321,5,112.8121763620861,1,2,1,2
689444888_4319117010_0,50,45,45,285.175500737098,5,350.9552455199918,8,6,2,1
689444888_9769855904_0,50,45,45,166.9186205950329,5,265.40357934403227,4,3,1,1
689442437_559052401_0,55,55,50,157.08748604221284,3,0.0,8,3,1,1
690424476_30254803_0,55,50,45,134.53196424029127,5,333.2702677756104,1,2,1,1
690424462_689430534_0,55,55,50,27.824043212285364,3,0.0,3,4,1,1
690424462_690424479_0,55,55,50,160.83849203359233,5,0.0,4,8,1,1
690411249_1375265147_0,65,60,55,196.41864994773243,2,0.0,4,6,5,3
690411245_390227118_0,70,65,60,313.57726332871056,2,0.0,9,19,6,1
690679215_1374800911_0,60,55,50,125.70782451432127,5,0.0,1,4,1,1
690679215_1528732109_0,60,55,50,119.18939152888298,4,0.0,2,5,1,1
690679215_1567435229_0,65,65,55,21.10603406223801,5,0.0,1,5,1,1
690679214_208696479_0,60,55,50,570.6632177446371,1,0.0,5,9,1,1
6073196939_1357271772_0,65,65,60,44.97452989816893,3,0.0,4,9,10,3
6073196939_415950289_0,65,65,60,16.893218800524767,3,0.0,4,9,11,1
6100210191_6100210189_0,55,55,50,9.280688019415688,5,631.4570744887174,1,2,1,1
6100210189_6100210194_0,60,55,50,10.75731641540344,5,631.4570744887174,1,2,1,1
6099715644_9794956144_0,65,60,55,10.612353015702595,4,56.756587937860544,3,3,1,1
6099715638_667387213_0,65,65,60,140.167369067511,4,195.10054985677257,3,5,3,1
6099715637_6099715644_0,60,60,55,11.131667315624878,5,64.7839838964944,3,3,1,1
690431146_690424462_0,55,55,50,123.20813363387197,3,0.0,5,5,1,1
690796131_126683897_0,60,60,55,138.18889260280682,5,67.83981164144495,4,7,8,1
690796131_3007591791_0,50,50,45,53.057832611369285,5,134.7600712381619,1,5,6,1
690679298_359238327_0,55,55,50,34.98232954539118,5,14.680382535269004,1,2,1,1
690679298_690679274_0,55,55,50,269.2546923185772,5,14.680382535269004,1,4,1,1
690679246_7233634023_0,60,60,55,13.46633251554108,4,52.071860057311326,7,4,1,1
690679246_7233634026_0,60,60,55,22.593210042557764,5,52.071860057311326,7,2,1,1
690679241_690679249_0,65,65,60,19.803357490465302,4,33.82447804934695,7,2,1,1
692247844_692247878_0,50,45,40,87.08389932233149,6,97.21784510646192,1,2,1,1
692247833_364718315_0,65,65,60,36.73534301045144,3,0.0,8,6,1,1
692247833_1375061033_0,65,60,55,138.35924413670307,3,0.0,7,7,1,1
690812143_359100759_0,65,65,60,60.6652556587688,6,0.0,6,6,5,1
690812102_30960627_0,65,65,60,43.19728446196951,2,0.0,7,5,4,2
690812102_690811951_0,65,60,55,49.09242175894726,6,0.0,8,4,3,2
690811951_359100760_0,65,65,60,43.94126133918256,5,49.08935861814973,3,4,4,1
690803431_30254013_0,70,65,60,135.31868801638177,2,0.0,7,4,5,2
690803431_1381852565_0,70,65,60,33.779547882193114,3,0.0,7,3,1,1
692247902_4040070235_0,60,55,50,71.63318299052068,5,29.02977719687182,5,4,2,1
692247891_1723184949_0,60,60,55,142.6102953454533,5,228.3015277416144,1,2,1,1
692247890_692247891_0,60,55,50,65.06875680909216,5,190.59349694202496,1,2,1,1
692247881_692247891_0,50,50,45,89.9543462153765,5,207.96129204737656,1,2,1,1
692247881_692807369_0,55,50,45,84.64563360083174,5,205.1117686977641,1,2,1,1
692247878_692247877_0,50,45,40,23.06477329431241,6,173.5991342294099,1,2,1,1
692247877_692247844_0,50,45,40,110.68576613900194,6,97.21784510646192,1,2,1,1
692247854_692807378_0,50,50,45,214.1595169284421,5,42.59931524359834,1,5,3,1
692247854_692247844_0,55,55,50,62.1327291231955,6,42.59931524359834,1,5,1,1
692247935_1116623801_0,70,70,65,139.20699303904786,3,0.0,6,7,1,1
692247935_1116623921_0,65,65,60,65.43895796221153,3,0.0,3,9,1,1
692247933_692247935_0,70,70,65,70.37022611706169,5,0.0,1,6,1,1
692247920_692807423_0,70,65,60,118.0232012658933,5,30.51955167841017,1,6,1,1
692247920_692247890_0,55,55,50,97.31169545795656,5,126.5509862553604,1,2,1,1
692247917_10796996597_0,70,65,60,98.83663446017708,4,133.16006907929946,2,4,3,1
692807367_30313375_0,55,55,50,121.59050785030456,5,143.0847919143052,1,2,2,1
692807356_692247917_0,65,60,55,85.30708139787626,5,133.16006907929946,1,3,2,1
692263345_692807421_0,65,65,60,70.93672278030488,5,28.870705821883774,1,10,2,1
692263343_7252348260_0,65,60,55,39.71784749109519,4,0.0,6,4,1,1
692263334_692807383_0,55,55,45,72.08759027930142,5,60.023221804179016,1,2,1,1
692263333_692263345_0,55,55,45,153.8107865391861,5,28.870705821883774,1,10,2,1
692807398_692807415_0,60,60,55,47.60769118519834,5,90.33902001089422,1,2,2,1
692807384_692263333_0,55,55,45,70.65374630957977,5,59.10895189168162,1,2,1,1
692807383_692807380_0,65,65,60,79.21025245134264,5,118.77372960037182,1,2,1,1
692807380_692247881_0,55,50,45,122.09620272514567,5,149.2545883816295,1,2,1,1
692807380_692807378_0,55,55,50,92.493581750749,5,58.32387898064968,1,2,1,1
692807378_692807380_0,55,55,50,92.493581750749,5,58.32387898064968,1,2,1,1
692807378_692247902_0,65,60,55,80.20370132606014,5,43.92195220127241,1,3,2,1
692807369_692247920_0,55,50,45,153.65717228277973,5,126.5509862553604,1,2,1,1
692807369_692807384_0,65,65,60,79.39260781585023,5,129.52059109103223,1,2,1,1
692807422_692807420_0,70,65,60,60.56011109452657,2,0.0,2,10,1,1
692807421_692807384_0,55,55,50,154.7287755400331,5,74.62537022965753,1,9,1,1
693864929_5359800317_0,60,60,55,94.14154057811412,5,10.724659482177838,7,2,4,1
692807423_692807422_0,70,65,60,48.63315062201721,5,0.0,1,10,1,1
692807423_692807415_0,70,65,60,89.02654824367708,5,30.51955167841017,1,5,2,1
692807422_330414111_0,65,65,60,36.84487541467379,2,0.0,2,13,1,1
700938101_30237104_0,65,65,60,58.51484502500041,5,191.6560553160584,3,2,5,1
700938022_59749810_0,65,65,60,95.19829284697046,4,73.90278756138848,4,5,18,1
698899859_3154064258_0,45,40,0,66.52649304626408,6,367.3329039597908,1,2,1,1
698899849_903833832_0,60,55,50,58.645413700577706,5,118.1942474081272,1,2,1,1
698899848_478861367_0,65,65,60,38.338940972872,5,0.0,5,2,3,1
698899848_903833789_0,65,60,55,28.60350376123109,6,37.19011958598684,4,2,1,1
698899842_3822804393_0,60,55,50,97.59195833674389,3,0.0,7,5,2,1
6002052354_622350679_0,60,60,55,119.27326241456524,5,83.22046285650421,1,2,3,1
6002052354_1935827763_0,60,60,55,24.1550876155775,5,83.22046285650421,1,2,3,1
5998108121_4691418496_0,55,50,45,66.9219398327005,5,205.9979929176364,1,2,2,1
6096823155_490941485_0,65,60,55,36.05916678428238,5,245.5412453295536,2,2,1,1
6093599878_2742735175_0,0,0,0,61.55675562177458,6,345.0533522668696,1,3,1,1
6093599878_1003235873_0,0,0,0,133.05567908614813,6,347.3291510278649,1,2,1,1
6093599878_2742735113_0,0,0,0,129.59893027960325,6,347.7128063722598,1,3,1,1
6080661669_168529464_0,60,60,55,57.05755649075429,4,305.4586025118027,1,2,1,1
724126687_724126624_0,50,50,45,106.95242648089018,6,0.0,2,2,8,1
724126649_557231477_0,65,60,55,39.676970488604056,5,74.78566682091851,1,2,2,1
724126624_30558476_0,50,50,45,71.41340928497124,6,51.72424263011314,1,2,6,1
724126624_724126649_0,60,55,50,163.0376541988391,6,51.72424263011314,1,2,7,1
708983971_30314648_0,60,60,55,72.33243108971733,5,209.9647271386077,1,3,15,1
708983971_1666958604_0,65,65,60,123.89942543333508,5,197.41353978724243,1,3,18,1
701887661_402875760_0,65,65,60,217.2832056878621,2,0.0,11,4,1,1
750591202_750591204_0,65,65,60,139.2696485516001,4,45.59395381865448,9,3,4,1
750591202_1479334897_0,65,60,55,21.45719981272311,5,61.80282378249308,5,4,4,1
750591201_1479334915_0,70,65,60,41.41415000984856,5,95.02549748506672,6,3,4,1
750591201_1479334771_0,70,65,60,131.67256545707036,4,133.77661426170437,7,5,8,1
727619596_359241321_0,60,55,50,99.39510565009708,5,147.32740780434403,1,2,1,1
727619581_359234716_0,60,55,50,111.48381107617428,5,160.08571456176907,1,2,1,1
760332221_760332212_0,65,60,55,272.90991687633823,2,0.0,17,3,15,1
760332214_3299255727_0,65,65,60,23.240288385551665,5,0.0,8,4,5,1
760332212_760332221_0,65,60,55,272.9099168763382,2,0.0,17,3,15,1
760332212_2888571943_0,65,65,60,14.561935343009807,5,0.0,7,2,6,1
760332212_5169529371_0,65,65,60,1.4457224182690684,2,0.0,7,2,5,1
760332207_2891400538_0,75,70,65,14.237745647067086,4,0.0,8,5,4,1
760332202_2891400538_0,65,65,60,235.9425939522164,2,0.0,19,8,14,1
760332202_3049188195_0,70,70,65,62.86464826075144,2,0.0,10,5,10,1
752368105_2983345304_0,65,65,60,14.35103861882162,4,6.3375956774384905,11,4,1,1
769906808_30555019_0,65,65,60,134.89696820906488,4,96.78360765400376,6,3,2,1
769906808_2293731652_0,65,65,60,136.8163616654968,5,0.0,5,5,1,1
769906807_2020374102_0,65,65,60,97.10810971131131,5,35.73519155407149,2,2,2,1
769906806_618404475_0,65,60,55,89.7898703045731,5,135.5330801875134,5,2,4,1
765910344_765910378_0,65,60,55,402.1261538328541,6,362.694211865006,8,7,8,1
762466173_762466071_0,60,60,55,97.23656685911874,6,308.1474245315219,1,4,1,1
762466173_30313439_0,55,55,50,20.985796988394384,6,304.9099086527594,1,3,1,1
762466071_30294511_0,45,45,40,43.98927669856032,6,403.93219238906033,1,2,1,1
769906814_4472629999_0,70,65,60,129.46501354073388,3,0.0,6,2,13,1
769906812_293302298_0,60,55,50,63.33305505924002,5,286.48238275774,5,4,4,1
769906812_30295888_0,50,50,45,143.2124258680038,5,183.3568984900461,1,4,3,1
769906811_30295483_0,60,60,55,55.58552426299456,6,72.33305542179512,1,3,1,1
769906811_30295480_0,65,65,60,90.88329018957664,6,49.27846340602619,1,3,1,1
769906809_30332606_0,60,60,55,133.12926974226534,5,0.0,3,4,12,1
770847795_790024597_0,65,65,55,135.73769001579072,5,139.3718496020054,2,4,5,1
769906824_448700503_0,60,60,55,147.89099634561498,4,0.0,7,2,3,1
769906824_30555016_0,70,70,65,92.22142275292664,5,132.4644946174826,4,3,1,1
769906822_1043834195_0,65,65,60,90.78784488737082,3,0.0,4,6,3,1
769906822_1312053315_0,60,60,55,15.804445555199043,3,0.0,2,6,1,1
769906822_2767355572_0,65,65,60,9.518598240299513,6,0.0,2,6,1,1
770847812_770847878_0,40,40,0,29.83446619417392,6,390.451026516101,1,2,1,1
770847807_30617760_0,45,45,40,25.97617918044839,5,348.5529692510622,1,3,1,1
770847803_770847801_0,50,50,45,40.43061633445062,5,470.405119897274,1,3,1,1
770847800_806808400_0,55,55,50,29.06477859017901,5,459.7470563202585,1,2,1,1
770847800_770847801_0,50,50,45,61.57061398565223,5,459.7470563202585,1,3,1,1
770847824_790025749_0,50,50,45,57.34646542400814,6,515.7562335948214,1,2,1,1
770847823_770847806_0,50,45,40,63.39490694662707,5,433.329514642884,1,3,1,1
770847823_770847800_0,50,50,45,25.31532054536504,5,434.6837360141832,1,2,1,1
770847822_806808400_0,55,55,50,56.68496230460297,5,478.4078362930885,1,2,1,1
770847818_9350529921_0,50,45,40,32.82891584344751,6,504.27636665870506,1,2,1,1
770847818_770847814_0,50,50,45,29.532464539398664,6,504.27636665870506,1,2,1,1
5952574451_627782667_0,60,60,55,72.58870793925439,4,305.6518891031078,4,2,1,1
6064789701_1551112026_0,60,60,55,145.52765238208622,4,257.7193375912521,1,5,7,1
6039142040_598224001_0,55,55,50,38.99329897873943,5,150.79979018374007,1,4,2,1
6002052354_1935827759_0,60,60,55,11.039623164802949,5,75.62040555296814,1,2,2,1
770847840_449385488_0,60,60,55,111.76213323983175,4,348.4412220927834,2,4,1,1
770847839_770847836_0,60,60,55,41.99902571871939,4,541.9012350062956,1,3,1,1
770847839_2565812032_0,60,55,50,45.56107327469091,4,583.7612205279114,1,3,1,1
770847836_770847839_0,60,60,55,41.99902571871939,4,541.9012350062956,1,3,1,1
770847830_790024600_0,60,60,55,103.00521344386982,5,114.8764796350255,1,3,2,1
770847830_955341713_0,60,60,55,10.33210712470371,5,111.54317445146198,1,3,1,1
770847829_790024599_0,65,60,55,149.76441083529485,5,129.08637924748425,1,4,4,1
775644929_30884329_0,65,65,60,19.6950861070911,4,385.7291801315671,1,2,20,1
773324530_2264591782_0,55,55,50,79.36807652142761,4,101.14427839880511,4,4,14,1
771231929_858069533_0,50,50,45,713.2318873602873,5,736.4687426621864,1,4,1,1
770847878_770847812_0,45,45,40,29.83446619417392,6,390.451026516101,1,2,1,1
770847877_449385486_0,55,55,50,18.77789601315153,4,622.9751078794371,1,4,1,1
770847840_806808402_0,60,60,55,70.42804336978132,4,457.8380983907426,1,2,1,1
790024597_770847795_0,65,60,55,135.73769001579075,5,139.3718496020054,2,4,5,1
790024593_955030275_0,55,55,50,72.6372731943745,5,268.85405162292284,1,2,1,1
790024590_770847807_0,50,45,40,50.99160179901514,5,359.3822215425588,1,4,1,1
790024590_2706990674_0,50,45,40,8.187255432851808,5,404.4758668810564,1,3,1,1
790024575_770847824_0,50,50,45,60.73766519895369,5,505.2244320822325,1,2,1,1
790024572_790024609_0,55,50,45,63.66698672359836,5,365.15515093997953,1,2,1,1
790024572_800172184_0,55,55,50,27.527278699284977,5,342.4053245234781,1,2,1,1
783747960_800172181_0,55,55,50,71.00986836747603,5,282.8099097972668,1,4,1,2
783747960_790028539_0,60,60,55,130.59428159354766,5,282.8099097972668,1,5,1,2
790024601_955030280_0,50,45,40,89.19529881897952,5,440.06764531451387,1,2,2,1
790024600_6008604431_0,60,60,55,82.15707245253179,5,139.9572224823457,1,3,1,1
790024600_790024603_0,60,60,55,188.7114582849545,5,193.98411610181904,1,6,6,1
790024599_790024600_0,55,55,50,78.26533025679802,5,193.98411610181904,1,4,2,1
790024599_790024602_0,55,55,50,189.93432463655148,5,244.1251051016394,1,4,5,1
790024598_770847795_0,65,65,60,196.7453784333436,5,139.3718496020054,1,4,7,1
790024598_790024599_0,55,55,50,80.48099107761766,5,244.1251051016394,1,3,2,1
790024597_947615019_0,60,60,55,93.91041887105072,5,50.29654204711808,5,4,2,1
790025749_806808404_0,60,55,50,64.21097332454883,5,560.7072843591494,1,2,1,1
790025748_2815387255_0,45,45,40,23.347471305263767,5,548.1698461300646,1,2,1,1
790025748_2650585622_0,50,45,40,32.47008927182483,5,565.6332113070034,1,2,1,1
790025748_2650585625_0,45,45,40,46.49258768218237,5,548.916954670351,1,2,1,1
790024609_790024608_0,50,45,40,26.69346327276456,5,385.2538526469081,1,2,1,1
790024608_800172185_0,50,45,40,50.28836759265565,5,385.2538526469081,1,4,1,1
790024603_30254629_0,60,55,50,156.25710142923634,5,311.9611062843915,1,4,8,1
790024602_790024601_0,60,60,55,79.0719587557761,5,386.8238821658575,1,3,3,1
790034779_790028539_0,55,55,45,58.34330457289184,5,352.1392135625631,1,3,1,1
790034777_495105018_0,50,50,45,99.16314323526578,5,447.1868347827101,4,8,1,3
790034777_790034779_0,55,50,45,127.83252853389618,5,352.1392135625631,1,7,1,4
790028559_790034777_0,55,55,50,66.90993986932159,5,466.4560718201466,1,8,1,3
790028559_790028558_0,45,40,0,50.05327260206778,5,480.8008961499799,1,3,1,1
790028558_790028555_0,45,45,40,174.4241385249593,6,527.461441342153,1,4,1,1
790028558_2708786228_0,45,45,40,64.165490161503,5,527.461441342153,1,6,1,1
790028539_698899859_0,55,55,45,55.97634394904114,5,387.4279866661888,1,3,1,1
790028539_790028559_0,55,50,45,100.60757630783203,5,387.4279866661888,1,3,1,1
790034783_790034782_0,55,55,50,78.11267411336833,5,169.9473174906951,1,4,1,2
790034783_790034780_0,55,55,50,73.26960720550042,5,228.56877336317967,1,4,1,3
790034783_790034784_0,55,55,50,101.5626078452232,5,228.56877336317967,1,4,1,2
790034782_790034783_0,55,55,50,78.11267411336833,5,169.9473174906951,1,4,1,2
790034782_790034786_0,50,50,45,127.79944553144055,5,94.31575367965928,1,3,1,2
790034781_790034782_0,55,50,45,63.78361211035053,5,169.9473174906951,1,4,1,1
790034780_790034781_0,55,50,45,62.52487432055823,5,208.02378958194143,1,5,1,2
790034780_783747960_0,60,60,55,58.39545179008366,5,258.54973363558327,1,4,1,2
790034779_790034780_0,55,55,45,117.13425213665244,5,258.54973363558327,1,5,1,2
790034790_800172183_0,50,45,40,25.42400993275831,5,283.52759452271727,1,2,1,1
790034786_960619358_0,60,60,50,143.95515557639402,5,94.31575367965928,1,3,1,1
790034785_2708786158_0,55,55,50,223.6900192033572,4,202.768021511339,7,8,2,3
790034785_960625627_0,55,55,50,126.87598847065252,5,329.02492022025086,4,6,1,3
790034785_495105018_0,60,60,55,24.372807946523608,4,425.2222102814597,5,7,1,3
790034784_790034783_0,55,55,50,101.5626078452232,5,228.56877336317967,1,4,1,2
790034784_960625627_0,55,50,45,28.85017766018822,5,307.02240103547973,1,3,1,3
797407467_797407413_0,65,60,55,18.67177472083188,4,124.73965664389414,16,12,2,1
797407458_2677447201_0,60,60,55,170.01955771150372,4,138.3320000370916,16,10,3,1
797407458_4554375436_0,65,65,60,19.198485708270223,4,138.3320000370916,14,11,2,1
797407441_797407445_0,65,60,55,17.9921627772405,4,104.1405208912674,15,11,1,1
797407441_12945382588_0,65,65,60,154.99596559319815,4,5.323818173476104,19,12,1,1
797407425_797407449_0,65,65,60,14.979815163624083,4,102.81636799514052,16,11,1,1
797407425_600830525_0,70,65,60,103.77870750923586,4,0.0,20,11,3,1
790034791_2706990676_0,50,45,40,62.86503888233122,5,324.4311998282815,1,3,1,1
790034790_790034788_0,50,50,45,70.04828115334459,5,243.55654496031036,1,4,1,1
800172184_2707029426_0,55,55,50,25.61926065278649,5,322.28617345083507,1,2,1,1
800172184_790024608_0,50,45,40,64.33710863023548,5,342.4053245234781,1,2,1,1
800172183_800172184_0,50,50,45,68.60976138111864,5,303.5823819442118,1,2,1,1
800172183_800172181_0,50,50,45,26.58318823990429,5,303.5823819442118,1,2,1,1
800172181_790024572_0,55,55,50,68.5518061667475,5,325.3298480347268,1,2,1,1
800172179_800172183_0,50,45,40,69.57084135751103,5,261.82017635764475,1,5,1,1
797498302_243339101_0,60,60,55,161.47352933814605,4,20.85439345496388,19,2,9,1
806808405_30264419_0,60,60,60,74.10746092163909,5,503.105959588076,1,2,2,1
806808405_178522003_0,60,55,50,31.689300130172075,5,530.7701456530501,1,2,2,1
806808402_770847840_0,60,60,55,70.42804336978132,4,457.8380983907426,1,2,1,1
806808400_770847824_0,50,50,45,27.506206510572632,5,488.5192926822932,1,2,1,1
5948798216_1310620195_0,55,55,50,64.88079906360558,5,697.6072051379009,3,10,4,1
5946251199_5946251197_0,65,65,60,10.556749399322538,6,261.05445146903577,1,3,1,1
5998091078_598224982_0,55,50,45,10.514588915076937,5,214.38482387213608,1,2,2,1
5998000217_598224999_0,50,50,45,54.20918806119887,6,124.73109236293332,1,3,1,2
5995662050_1935827804_0,55,50,45,225.61965340377856,6,369.6000346142929,1,2,1,1
5983130784_1374801002_0,45,45,40,38.29566141531195,5,231.9672010676975,1,3,1,1
5952574455_1297521235_0,60,60,55,34.96607241232854,5,425.5172165718872,1,2,1,2
5952574455_5952574451_0,60,60,55,135.5234174041089,5,340.97270686218985,2,2,1,2
5952574451_5952574455_0,60,60,55,135.5234174041089,5,340.97270686218985,2,2,1,2
800172186_2408544346_0,60,60,55,76.12569820021378,5,147.07207818997767,1,2,3,1
800172185_2815411494_0,50,50,45,28.34406863269149,5,422.3868548300955,1,3,1,1
814239845_1307297617_0,65,65,60,33.53394353275255,3,0.0,5,3,3,1
808007399_1003235963_0,55,50,45,268.76955540568684,5,430.0989781426056,1,2,1,1
808007297_1350466480_0,40,40,0,227.99522912615384,5,217.82440308776677,1,2,1,1
808007297_319774339_0,40,0,0,288.4541916337177,5,291.4275472927013,1,3,1,1
808007297_808007291_0,40,0,0,10.566753764874717,5,331.95710496770914,1,2,1,1
808007291_808007297_0,40,0,0,10.566753764874717,5,331.95710496770914,1,2,1,1
818710821_2590731984_0,65,65,60,142.42701134106397,4,165.6153054759495,10,6,6,2
815063096_462635549_0,70,65,60,168.69480276274373,4,8.125928258762093,7,4,1,1
815063036_316877763_0,65,65,60,55.63364736485592,5,9.492935828109218,3,3,1,1
815063036_815062993_0,65,65,60,81.28823934134111,4,9.018011264842052,7,3,1,1
815062993_604937943_0,70,65,60,33.29858886309928,5,0.0,4,3,1,1
815047541_4251794054_0,70,70,65,71.34737263875223,5,8.741941249144375,1,2,1,1
815047541_815063096_0,70,70,65,55.223268259477045,4,8.519327631714553,1,2,1,1
823753846_8172065150_0,65,65,60,139.23849687060073,4,7.484949224198917,4,4,1,1
818710843_818710835_0,60,60,55,146.64871213903027,4,158.4268265660669,11,5,4,3
818710843_1716858613_0,65,60,55,66.84548772196757,6,150.2947398129091,5,4,9,1
818710842_818710843_0,65,65,60,80.8443714196777,4,78.88907307911089,7,3,2,1
818710835_418137494_0,65,60,55,106.39604864273429,4,59.71650897817387,8,7,3,3
818710835_818710821_0,70,65,60,37.394868574804775,4,163.6645145334945,6,4,5,3
829252510_1531776760_0,60,60,55,60.568842015426114,4,11.226710693308016,1,3,4,1
829252500_829252510_0,60,55,50,104.07318905510542,4,11.512680246741024,1,3,6,1
829252500_7252348348_0,55,55,50,139.2515858715834,5,11.512680246741024,1,3,5,1
825340622_253788453_0,60,60,55,119.58605783277116,4,305.6318060532497,1,6,3,1
825340622_273101950_0,60,60,55,258.0307535038719,4,155.59291219689217,3,8,8,1
825340622_847716886_0,60,60,55,78.05735687035886,5,258.68112567382616,1,4,1,1
825340484_273101950_0,55,55,50,17.274576933567875,5,172.1956728688662,2,3,6,1
823781718_1311619305_0,70,65,60,355.0099280012308,2,0.0,9,15,1,4
834395701_4251653388_0,55,55,50,9.22424310542116,5,585.345259452602,1,4,1,1
834395637_834395701_0,55,55,50,356.371042228665,5,519.8716010518813,1,6,1,1
834395537_1599256242_0,65,60,55,230.6622977868472,5,131.8441574295309,1,5,1,1
834395537_1599256170_0,60,60,55,117.0414577048768,5,161.88158485860652,1,2,1,1
829313370_390057400_0,60,60,55,275.0355184332804,5,157.099966838673,1,3,11,7
829252510_30558557_0,60,60,55,37.733135351989766,5,0.0,1,3,4,1
841867107_841867115_0,60,60,55,111.29117098444326,5,266.0640245889122,1,3,4,1
841837218_359234292_0,65,60,55,54.56912282309158,4,19.542675699227136,5,6,1,1
840736526_840736528_0,70,70,65,164.08400860015718,1,0.0,1,2,1,1
837485708_598222073_0,65,65,55,205.8914234316147,4,41.70612488372578,6,2,1,1
834395739_834395618_0,55,55,50,99.7113382577018,5,362.6940372218661,2,6,2,1
834395703_834395739_0,55,55,45,204.188458201854,5,451.16155556735765,2,6,1,1
834395701_834395703_0,55,50,45,27.311297600082032,5,572.5504735698798,1,4,1,1
847715523_825340484_0,55,55,50,69.4812437599139,5,189.18526587494327,1,3,4,1
846875657_30555009_0,60,60,50,92.37861741018062,3,0.0,3,3,7,2
841867182_841867127_0,65,65,60,140.61283875170054,4,386.7167401752809,5,10,1,1
841867132_359234292_0,65,60,55,29.30495856256889,4,12.96527920556136,7,7,1,1
841867127_841867182_0,65,65,60,143.01595348783445,4,386.7167401752809,5,10,1,1
841867115_1375317255_0,65,60,55,20.15674336842928,5,246.23323586536296,1,3,4,1
847727781_866954675_0,55,55,50,88.2118392038424,5,100.23162909482927,1,2,2,1
847727780_2153062749_0,60,55,50,147.44096246395202,5,97.91470082236866,1,3,1,1
847727780_847727785_0,60,55,50,71.06467498506376,5,172.26327488113787,1,3,1,1
847726925_30254010_0,55,55,50,89.13167953671051,5,51.19901978439278,1,2,1,1
847726925_273102083_0,60,60,55,127.83046595456987,5,51.19901978439278,3,4,1,1
847726909_30254011_0,55,55,50,163.74784781602006,5,73.18717832220761,1,4,3,1
849592993_849592992_0,60,60,55,18.670363620262616,4,80.47736515396561,4,5,1,1
847727786_1307272002_0,55,55,50,90.04010106617451,5,100.55414996323796,1,3,7,3
847727786_847727781_0,55,55,50,91.53885893146963,5,188.43381119739348,1,2,4,2
847727785_847727784_0,60,55,50,70.69078109741456,5,143.90478667302688,1,4,1,1
847727784_30295312_0,50,50,45,39.874309337839,5,130.59623375336423,1,3,1,1
5935529688_1431153131_0,45,45,40,57.82459674374303,6,360.8471237227936,1,2,1,1
5935529688_1431153170_0,45,45,40,58.60757174658844,6,329.481159013276,1,2,1,1
5951673146_5951673145_0,60,60,55,51.21463893976332,6,96.50938897672764,1,5,4,1
5951673145_30960786_0,60,60,55,65.49166518619217,5,129.2065331197657,1,3,4,1
5948798218_5948798217_0,60,60,55,61.50411100215405,5,74.46746339410018,1,3,1,1
5948798217_6815925054_0,60,60,55,142.64389597588513,5,37.12155604152768,1,5,1,1
5948798217_1853174684_0,65,65,60,160.97940011516732,5,34.7821641506806,1,3,1,1
5948798216_5948798214_0,55,55,50,138.28044677059228,5,641.6937612127605,2,9,4,1
847727784_2869959984_0,60,55,50,140.46895964305713,5,87.00380424050599,1,5,3,1
847727783_1046599625_0,65,65,55,77.5644630830484,5,109.63320547469222,2,3,5,5
856946804_858024531_0,60,55,50,157.46210589235267,4,525.8100082336206,3,4,1,1
856946776_2445068401_0,55,50,45,52.217390275534406,4,651.7527639602321,3,5,2,1
856946776_856946804_1,55,50,45,89.10686838300481,5,613.7682264881192,4,4,2,1
856946776_856946804_0,55,50,45,31.514150393710118,4,622.6666522257331,4,4,2,1
856906186_3865124116_0,60,60,55,139.36275588377276,5,34.79714376434066,2,4,7,1
849592994_256484490_0,60,60,55,18.63516930640777,4,11.21729167826084,6,4,1,1
863733378_2689711017_0,65,65,55,68.36249868275645,5,234.62584422356875,2,4,7,1
863733312_863733294_0,65,65,60,61.86059119232683,4,191.8587995777862,1,2,6,1
863733294_30254601_0,65,65,60,72.00664019889604,4,134.90540073088172,1,2,8,1
863733294_30617787_0,55,50,45,72.01330228310857,5,191.8587995777862,1,4,5,1
863733275_629334371_0,65,65,60,221.5927315227976,4,263.8061941025225,1,3,1,1
863144004_847726925_0,60,60,55,44.19944474670632,5,41.83569722991219,1,2,1,1
861520954_930158568_0,55,55,50,98.29922453468322,6,74.24299191785008,1,2,7,1
858069533_771231929_0,50,50,45,713.2318873602874,5,736.4687426621864,1,4,1,1
858024531_856946804_0,60,55,50,157.46210589235267,4,525.8100082336206,3,4,1,1
863733459_1532984392_0,55,55,50,146.3118289554775,5,277.6133939836788,1,5,4,1
863733459_387127517_0,60,60,55,116.4036343020005,5,261.6542449850349,1,6,6,1
863733456_387127584_0,65,60,55,83.99058558173581,5,304.6500808236144,1,8,4,1
863733388_256484325_0,65,65,60,95.67957906344972,5,0.0,4,5,2,1
863733378_387127585_0,65,65,55,222.4772724535411,5,234.62584422356875,1,5,7,1
866954675_30295286_0,55,55,50,60.137228047061285,5,100.23162909482927,1,2,3,1
866954660_30343455_0,50,50,45,15.06371664392156,6,650.8669027213778,3,2,25,1
863733600_863733388_0,70,65,60,125.2752090846524,5,4.059458783821773,1,3,1,1
863733525_387127596_0,60,55,50,206.2173995315291,6,95.55786424875876,1,5,13,1
863733525_863733312_0,65,65,60,8.102874394137729,4,238.7248428979674,1,3,7,1
863733490_30254606_0,55,55,50,28.99411729324298,6,112.26976479003832,1,4,8,1
877366722_877366725_0,65,60,55,126.7890957529758,5,0.0,1,3,1,2
876375351_4171977898_0,65,65,55,115.65456382843624,3,0.0,7,6,1,1
876277535_1401841446_0,60,55,50,119.13650807786406,5,0.0,1,2,2,1
866954696_30343415_0,50,45,40,15.141371356372028,5,572.5136629928618,1,3,20,1
879356690_4436976528_0,60,60,55,38.421201649591225,3,0.0,4,4,6,1
879356690_879356706_0,70,65,60,128.5968883850875,5,0.0,4,3,12,1
877366730_364670659_0,65,60,55,108.10257936813332,5,0.0,1,4,2,3
877366727_412453971_0,70,65,60,36.39045889413403,4,151.1252564886644,4,2,5,1
877366727_5487518357_0,65,60,55,19.755559927835197,4,165.57735252826026,3,3,5,1
877366725_877366730_0,60,55,50,106.9128019903918,5,106.74848969488504,1,2,2,2
877366725_877366733_0,65,65,60,88.72394352844788,5,125.06800693875002,2,3,1,2
898791653_1684889825_0,50,50,45,77.57133664497464,5,204.1039380697492,1,3,1,1
898791653_168526135_0,55,55,50,30.66153832981712,5,274.9790203474143,1,3,1,1
5929181006_30554844_0,65,65,60,110.87889824052624,6,64.7473918114112,1,3,9,1
5936863414_1483794627_0,65,60,55,98.50529427083896,6,0.0,5,8,1,1
5936863414_1526542622_0,70,70,65,101.5214634192882,4,11.505856029716393,2,8,1,1
879356706_30254057_0,70,65,60,69.93387767497927,3,0.0,2,2,10,2
903833764_4395495454_0,55,55,50,83.21774179334771,5,112.70319770688474,1,2,1,1
903833763_903833768_0,60,55,50,175.59046438746438,4,108.13594700502225,1,2,3,2
903833763_903833764_0,65,60,55,95.97287046189967,5,108.13594700502225,1,2,3,2
903833762_667447467_0,55,55,50,40.54467132135857,5,114.55073621033604,1,2,3,1
903833762_1312339742_0,55,50,45,109.60570619905202,6,114.66861392291892,1,2,2,1
903833761_1312339733_0,50,50,45,109.49919356295776,5,95.08559043862236,1,2,1,1
903833761_6390497671_0,50,50,45,70.68403671453856,5,95.08559043862236,1,2,2,1
903833802_960625620_0,60,60,55,117.28015494706884,3,0.0,6,3,2,1
903833789_416012192_0,65,65,60,37.19431356766837,6,0.0,4,2,2,1
903833780_3822804392_0,55,50,45,67.38687672837827,5,26.702767201359325,3,3,2,1
903833768_2020393225_0,60,60,55,73.4805067481364,4,122.6239207038953,1,2,1,1
903833768_698899849_0,60,60,55,67.97684343405723,5,118.1942474081272,1,2,1,1
903833766_1312339730_0,55,55,50,64.04626192334584,5,226.73680010717908,1,2,1,1
903833764_698899848_0,60,60,55,86.63615662454221,5,37.66409889494925,3,2,2,1
904490207_2111498636_0,50,50,45,125.81398013784307,5,750.0,1,2,1,1
904490207_7305839386_0,50,45,40,206.84498164578815,5,745.4398338876288,1,2,1,1
904490178_2120743618_0,45,45,40,62.07639169359574,5,750.0,1,2,1,1
904490178_3817759786_0,0,0,0,98.36909733981732,5,750.0,1,3,1,1
904490178_2123196012_0,50,50,45,252.46299143524016,5,750.0,1,3,1,1
904487807_904491774_0,50,50,45,84.54361631791707,5,750.0,1,4,1,1
904487807_2123196012_0,50,50,45,16.114512997534757,5,750.0,1,2,1,1
904485248_6831747715_0,50,50,45,279.9760692945308,5,750.0,1,4,1,1
903833832_960625583_0,55,55,50,58.169108588164434,5,152.75229730985484,1,2,1,1
904491781_904490207_0,50,50,45,266.2670967261668,5,750.0,1,6,1,1
904491781_2111498904_0,55,50,45,47.60961058380339,6,750.0,1,5,1,1
904491774_904487807_0,50,50,45,84.54361631791707,5,750.0,1,4,1,1
904491774_2111504957_0,45,45,40,80.7000032112442,5,750.0,1,4,1,1
904490207_904491781_0,50,50,45,266.2670967261668,5,750.0,1,6,1,1
920686677_420553134_0,50,50,45,12.675286686907514,5,333.2047540208573,1,2,1,1
919495993_2111498899_0,60,55,50,46.2264402023143,6,485.5454207156062,1,2,1,1
915702743_30253992_0,60,55,50,56.20362517721914,5,79.44338400764826,1,2,9,1
905811221_4834501639_0,60,60,55,153.71418678445423,3,0.0,17,10,21,1
905811221_30247026_0,65,60,55,150.16673612361143,5,0.0,10,6,18,1
904641358_364669539_0,60,60,55,32.824818715160326,4,184.53351961886992,5,5,1,1
938093325_952967310_0,65,60,55,184.26254530305468,4,10.733472819896193,19,5,4,1
938093314_3182649498_0,55,55,50,80.60852861249984,4,11.36257896841354,13,4,6,1
938093313_966339770_0,65,65,60,127.00548731436496,4,12.250863484248828,11,5,3,1
938093313_938093325_0,65,65,60,3.8487209778042906,4,10.733472819896193,10,4,3,1
5916226402_30558293_0,50,45,40,81.19340209926408,6,118.481570111774,1,2,4,1
5916226396_412370995_0,60,55,50,142.60585554036305,6,13.524979318003265,4,2,6,2
5935529685_5935529688_0,45,40,40,76.66857443376412,6,361.5026903916369,1,2,1,1
5935527982_1374319492_0,45,40,0,183.866107289001,6,208.54945725885668,1,2,1,1
5935527980_974261554_0,60,55,50,323.5080408151001,5,145.99068399520695,11,2,1,1
5935527978_5935527977_0,55,55,50,146.69169588549306,6,160.34989145556338,1,2,1,1
5935527977_5935527978_0,55,55,50,146.69169588549306,6,160.34989145556338,1,2,1,1
5929181006_7442324609_0,65,60,55,50.89991648463629,6,17.804255681523035,4,3,5,1
930158568_861520954_0,55,55,50,98.29922453468322,6,74.24299191785008,1,2,7,1
920686677_420553137_0,50,50,45,105.46828272709634,5,341.5974768904616,1,2,1,1
947196720_420051108_0,70,70,65,232.30662532316785,5,33.168489468805475,12,16,1,2
940883640_689442437_0,55,50,45,99.49790191611297,3,0.0,6,2,1,1
940883640_1126385606_0,60,60,50,40.1986843511601,5,0.0,6,2,1,1
940878268_940878250_0,55,50,45,93.1611601285146,5,25.89664723839645,2,4,1,1
940878250_668486389_0,55,50,45,85.06233243851264,5,31.55485809312102,1,2,1,1
940878250_940878268_0,50,50,45,93.1611601285146,5,25.89664723839645,2,4,1,1
940874209_668486389_0,55,50,45,87.34182471504893,5,110.52428226343808,2,6,1,1
940874209_940878268_0,55,50,45,84.64766226121003,5,25.89664723839645,3,7,1,1
947196775_2128042605_0,60,55,55,605.82596967886,4,0.0,11,19,3,2
947196731_2128041192_0,45,45,40,345.385867904248,5,389.3725826536106,1,6,1,1
947196731_2119602869_0,40,0,0,286.0641047281512,5,576.939226317964,1,6,1,1
947908704_1126998923_0,65,60,55,8.972262384427136,5,0.0,4,2,2,1
947908702_2706885261_0,60,60,50,232.5992366402228,5,0.0,4,8,4,1
947615019_790024597_0,60,55,50,93.91041887105072,5,50.29654204711808,5,4,2,1
948980798_948980794_0,60,55,50,121.90987765353704,5,84.91875551359854,1,3,1,1
948980794_948980793_0,60,55,50,92.53794741217897,5,206.4650933371842,1,3,1,2
948980793_790024593_0,55,55,50,90.765920485399,5,226.9348391011793,1,3,1,1
948980793_948980790_0,55,50,45,75.44200271281011,5,226.9348391011793,1,3,1,1
948980792_948980794_0,55,50,45,76.32728319457362,5,206.4650933371842,1,2,1,1
948980790_948980792_0,55,50,45,93.818814531783,5,282.63275359044934,1,2,1,1
947908716_415718635_0,55,55,50,53.01562132947538,3,0.0,3,2,2,1
950161659_323169605_0,65,65,60,121.5583182357372,4,0.0,2,2,1,1
950161652_950161659_0,65,60,55,54.07893652592607,5,20.49037286889541,1,2,1,1
949285357_949285324_0,60,60,55,74.09391722181817,5,0.0,3,4,1,1
949285345_4416582770_0,65,60,55,91.0205524045974,5,6.532484929606708,3,5,1,1
949285345_968281617_0,60,60,55,73.46333716477588,6,6.532484929606708,3,4,1,1
949285324_948980800_0,55,55,50,88.80020774149436,5,46.74405226029593,1,2,1,1
948980802_790024597_0,60,55,50,123.9044143094589,5,138.9645020171791,2,3,1,1
948980800_948980802_0,60,55,50,89.60394304591793,5,114.34882737413702,1,2,1,1
948980800_948980793_0,55,55,50,125.62038192963712,5,114.34882737413702,1,3,1,1
951467903_12516839218_0,60,60,55,151.92255595714622,5,0.0,9,3,19,5
951016296_1588281327_0,70,65,60,51.80741129388782,4,501.609227081714,5,5,3,1
951016296_1046607407_0,65,65,60,20.627065616804902,4,487.0574689174133,4,5,2,1
951016296_2707017770_0,60,60,55,92.95697648298732,5,414.5697920754888,3,5,2,1
951016293_968281617_0,50,50,45,41.99726263123387,5,64.6077684635616,1,3,1,1
951016291_2707017763_0,65,65,60,14.408032694791832,5,545.3324994113476,1,2,2,1
951016291_2707017764_0,60,60,55,30.224505446733858,5,517.6216509495077,1,2,2,1
950190540_955341779_0,70,70,65,113.45034874621848,4,0.0,1,2,1,1
955030102_2665264307_0,65,65,60,125.6340467107263,5,9.505401719631736,5,7,3,1
955030102_258565861_0,70,65,60,37.12619070464098,4,71.92656885987688,3,8,4,1
955030102_2650778327_0,60,55,50,89.4618898727288,4,0.0,7,7,3,1
952967413_952967440_0,65,65,60,24.991312269321696,4,10.28562078101466,1,3,6,1
955341715_770847795_0,65,65,55,109.85276641245932,5,35.505070872417285,1,4,5,1
955341713_30617805_0,60,60,55,81.5503727828742,5,96.53582776527576,1,3,1,1
955341713_950190651_0,65,60,55,115.33415366322389,5,20.48578603862713,1,5,1,1
955341713_770847830_0,60,60,55,10.33210712470371,5,111.54317445146198,1,3,1,1
955341699_30617712_0,55,55,50,83.34781700074068,5,312.4379043865093,1,2,1,1
955341699_2706190156_0,50,50,45,30.612299904685344,5,393.80295979821375,1,2,1,1
955341697_955341699_0,60,60,55,91.7351871259266,5,393.80295979821375,1,2,1,1
955030275_790024598_0,50,50,45,90.74495876188892,5,296.1277407274382,1,2,3,1
955030275_955030280_0,50,45,40,193.2027347603661,6,315.42643718363536,1,3,1,1
957075909_957075930_0,55,55,50,153.37344822282722,5,129.44779226915944,1,2,1,1
955374525_412436539_0,60,55,50,192.8871344967868,5,14.325740519467542,1,8,3,2
955374515_412436531_0,60,55,50,195.7376976590535,5,0.0,24,3,11,4
955341729_8957891342_0,65,65,60,82.40587257824451,6,15.740348633052738,1,4,1,1
955341729_8957765000_0,70,70,65,143.5407622113514,4,0.0,1,6,1,1
959498807_959498845_0,70,70,65,63.1222377631192,5,13.68748240525345,1,3,1,1
959498798_959498807_0,60,60,55,30.50886909345065,5,62.387352713879686,1,2,1,1
959498749_534332100_0,55,55,50,147.2643262220091,5,47.60058344103344,1,2,1,1
959498749_534332125_0,55,55,50,80.21620062964509,5,183.34574929036637,1,2,1,1
959409822_959409835_0,65,65,60,26.16931374673131,3,0.0,1,2,1,1
959409802_556541750_0,55,55,50,353.5280260145829,3,0.0,1,2,1,1
957075930_257048000_0,60,60,55,121.83784652750116,5,167.1750317743267,1,2,1,1
960619358_960619343_0,55,55,50,206.59124697239832,5,131.1291060394039,1,5,1,1
960619358_960619373_0,55,55,50,31.88396048960126,5,106.66852161525983,1,3,1,1
960619355_2708786158_0,55,55,50,168.52219379798117,4,35.038242812210115,9,11,4,1
960619355_3822859920_0,60,55,50,35.30684494944096,4,0.0,7,12,2,1
960619343_960619341_0,60,60,55,21.885684218886915,5,212.6952393392309,1,2,1,1
960619341_3822804387_0,65,65,60,230.67410972179573,5,0.0,6,6,2,1
5843978802_1365781145_0,60,60,55,172.8844398767994,6,411.8186891399734,5,4,3,1
5836057702_5914119632_0,45,45,40,54.245419996445904,6,112.80525127093,1,5,1,1
5827147445_430767083_0,50,50,45,57.83832891327641,5,178.94946425518413,1,2,1,1
5929181002_30295821_0,50,50,45,35.18293296342869,5,21.48245464528343,2,2,1,1
5929178678_5929178675_0,50,50,45,69.98140148154458,5,227.09200289565075,1,2,1,1
5929178675_629334371_0,50,45,40,278.99063181725165,6,227.09200289565075,1,3,1,1
5929178675_5929178678_0,50,50,45,69.98140148154458,5,227.09200289565075,1,2,1,1
959498879_959498814_0,60,60,55,78.40383405915308,5,169.14798072157407,1,2,1,1
959498846_959498798_0,60,60,55,30.596684963046314,5,63.78642124729991,1,2,1,1
960625593_903833832_0,50,45,40,85.62239136527276,6,73.18981862923789,1,2,2,1
960625589_30617909_0,65,65,60,63.8096691823433,3,0.0,4,5,3,1
960625586_960625593_0,50,50,40,45.42084951375354,6,73.18981862923789,1,2,1,1
960625586_960625583_0,55,55,50,86.47514683793727,5,90.36003801989196,1,2,1,1
960625583_903833764_0,55,55,50,50.34198210113725,5,113.37860534868898,1,2,1,1
960619380_960625620_0,55,55,50,89.86476775997698,3,0.0,6,3,1,1
960619380_698899842_0,65,65,60,22.892485570336323,3,0.0,3,4,1,1
960619373_960619380_0,55,55,50,114.5023285320128,5,0.0,3,4,1,1
960619373_960619358_0,55,55,50,31.88396048960126,5,106.66852161525983,1,3,1,1
960625630_790034783_0,55,55,50,155.0778188731705,5,183.0995860901552,1,3,1,3
960625627_790034785_0,55,55,50,126.87598847065252,5,329.02492022025086,4,6,1,3
960625627_960625630_0,55,55,50,155.12128861331882,5,186.57274431365303,1,3,1,4
960625627_790034784_0,55,50,45,28.85017766018822,5,307.02240103547973,1,3,1,3
960625620_960619380_0,55,55,50,89.86476775997698,3,0.0,6,3,1,1
960625620_903833802_0,65,65,60,117.28015494706884,3,0.0,6,3,2,1
960625606_903833802_0,60,60,55,75.83971206191119,5,0.0,3,2,2,1
960625596_903833802_0,55,55,50,21.98325823935333,3,0.0,3,2,2,1
960625596_960625593_0,55,55,50,80.28480935378934,6,0.0,3,2,2,1
960625593_960625606_0,60,55,50,37.64118191792167,6,59.8279762883964,1,2,1,1
961893235_961894044_0,60,60,55,104.82304584906026,6,296.11246499769777,1,2,4,1
960996568_35120251_0,55,55,50,8.217486511666525,5,535.3902194230538,1,2,4,1
960996563_961905051_0,55,55,50,8.403601996775231,5,394.6250794823168,1,2,6,1
960996561_960996562_0,60,60,55,10.657529080521153,6,514.844001635735,1,3,5,1
960996559_960996561_0,55,55,50,125.23417540366316,6,525.3382232402794,3,3,6,1
960996559_35120242_0,55,55,50,20.60192185162493,5,649.2070398043804,3,2,3,1
961905066_961905051_0,60,60,50,36.68621597054653,5,395.3481217381853,1,2,6,1
961905051_960996563_0,55,55,50,8.403601996775231,5,394.6250794823168,1,2,6,1
961905051_961905066_1,60,60,50,204.52373662403335,6,306.1135426892864,1,4,7,1
961905005_961905032_1,50,50,45,271.89813421302085,6,272.54665569103975,1,2,8,1
974261539_4708182448_0,60,60,55,15.72272483625446,5,0.0,23,3,1,1
968281620_257048040_0,60,60,55,32.18892156851401,5,76.98772678492935,1,4,1,1
968281617_257048006_0,50,50,45,125.04005527903632,6,77.3283170893767,1,4,1,2
966339770_1482469049_0,65,65,60,150.39204095967517,5,135.396626482895,4,3,1,1
961905066_35120255_0,60,60,55,66.16578982420492,5,401.7077827402898,2,3,4,1
974261553_974261554_0,60,55,50,156.41057772361484,5,0.0,29,5,1,2
974261549_255461111_0,55,50,50,260.7215102676495,5,140.92905962788856,22,4,2,1
974261549_5275865099_0,60,60,55,23.373464504052844,5,142.10582122189203,13,3,2,1
974261546_30318120_0,60,60,55,76.00872761869363,5,212.13543989078943,1,3,2,1
974261542_412437310_0,55,55,50,624.6224184987597,5,192.4172007779359,7,2,1,1
977657485_330414887_0,50,50,45,66.44526536624404,5,123.15633859025148,1,2,1,1
977641428_977641429_0,60,55,50,109.39123018106024,6,0.0,4,6,4,1
974384688_364670546_0,70,70,65,195.8679712718944,5,126.05279530841604,6,2,1,1
974384683_974384688_0,55,55,50,142.06760696454953,5,54.086869693577874,1,2,2,1
974384683_30294856_0,60,60,55,54.50837309320552,5,0.0,4,2,3,1
974261559_2880318074_0,45,45,40,133.3226825251743,5,240.20332685041043,1,2,1,1
974261554_974261553_0,60,55,50,156.41057772361486,5,0.0,29,5,1,2
979671154_979671188_0,0,0,0,88.12822398917532,5,750.0,1,5,1,1
977657490_977657486_0,55,50,45,67.684816055143,5,77.09635996645738,1,3,1,1
977657489_977657490_0,60,55,50,100.3062427717677,5,124.431867686659,3,3,2,1
977657487_432510056_0,65,60,55,34.562870362781126,4,62.685492588267735,5,3,1,1
977657487_432509969_0,60,55,50,17.247260745791895,4,46.939735384873,6,3,1,1
977657486_977657487_0,60,55,50,108.64437272690556,5,62.685492588267735,5,4,1,1
979754922_979754866_0,40,40,0,250.16568971238848,5,413.6224529799159,1,5,1,1
979754922_979755015_0,0,0,0,525.6495094880887,5,441.13913247875655,1,5,1,1
979754866_979754922_0,40,40,0,250.1656897123885,5,413.6224529799159,1,5,1,1
979754866_1374370574_0,0,0,0,66.1015629223933,5,449.0305462031558,1,3,1,1
979671188_979671154_0,0,0,0,88.12822398917534,5,750.0,1,5,1,1
980160376_3055187868_0,60,60,55,224.88078171407847,4,0.0,8,5,2,1
980160351_430759324_0,55,55,50,29.388109085135927,5,160.5226573755398,1,3,1,1
979755738_1374370574_0,0,0,0,175.77597261123412,5,450.0949206798492,1,5,1,1
979755215_1374371014_0,45,40,0,166.2974384616059,5,286.9018202691752,1,2,1,1
979755215_1465896597_0,0,0,0,101.79599302757856,5,398.81073881165065,1,2,1,1
979755128_1374369999_0,45,40,0,190.983703372232,5,607.8830451896922,1,2,1,1
979755015_979754922_0,0,0,0,525.6495094880886,5,441.13913247875655,1,5,1,1
979755015_1465896597_0,0,0,0,337.1841452309052,4,489.0417600954633,1,3,1,1
981699961_323190992_0,70,65,60,386.2701350596996,1,0.0,8,4,1,2
981699953_567456652_0,65,65,55,546.5933026730237,1,0.0,3,6,1,1
981699928_324230919_0,65,65,60,24.844401050292667,3,0.0,6,2,1,1
980160394_364669872_0,70,70,60,180.7000476749563,4,0.0,10,10,1,1
980160381_364670893_0,55,55,50,175.67320205849796,4,62.31984102869857,2,13,1,1
980160381_980160376_0,65,60,55,129.55011761220098,4,10.284925786230342,6,8,1,1
994071419_668486384_0,55,50,45,92.3408989318107,5,186.04125984997043,1,2,1,3
994071419_994071420_0,50,50,45,107.596047344032,5,124.7453317493084,1,2,1,3
994062452_1938243778_0,55,50,45,70.50279926497636,5,164.67036541873512,1,2,1,1
981747029_5759228087_0,70,65,60,136.5494337545178,1,0.0,11,5,1,1
998567721_541061803_0,65,65,60,72.69080848337835,5,97.77017725944222,1,5,7,1
995424069_30689175_0,60,60,55,174.1826416056424,5,593.4014347674992,1,3,1,1
995424000_429742245_0,65,65,60,281.3520730832823,5,230.31615924054327,1,4,1,1
995424000_995424069_0,60,60,55,83.59855610529286,5,511.56388692126126,1,2,1,1
995424000_30689276_0,60,60,55,151.0252838805189,5,511.4882529776028,2,3,1,1
995309546_1297809323_0,50,45,40,132.03580524827993,5,102.1805270401042,4,4,1,1
995309546_689430452_0,45,45,40,134.55953892083394,5,101.02202491456264,1,5,1,1
998592654_269383883_0,60,55,55,39.03544370558059,3,0.0,4,4,9,1
998592654_1645362844_0,65,65,60,132.5208084462219,5,0.0,4,3,10,1
998567840_998567721_0,55,50,45,73.44725728323176,5,169.50848003287652,1,2,5,1
998567794_30294503_0,65,60,55,66.9989429587319,5,156.72023763903434,1,2,7,1
998567794_30251189_0,60,55,50,156.90372473374646,5,0.0,3,5,14,1
5767458306_5769607634_0,50,50,45,29.549503286502503,6,235.00832432128004,1,6,1,1
5764726550_2238485654_0,60,55,55,41.198407596105405,5,87.98879534286074,3,2,5,1
5759228087_243587576_0,65,65,60,150.35648456256155,1,0.0,11,5,1,1
5914119632_1292134749_0,45,45,40,20.627542708428116,5,125.80950309842116,1,5,1,1
5914119632_5836057702_0,45,45,40,54.245419996445904,6,112.80525127093,1,5,1,1
5908351895_4549272595_0,70,70,60,37.86064207000135,3,0.0,5,4,1,1
5908351895_30252078_0,60,60,55,147.9736991743244,3,0.0,4,2,1,1
5881397049_790034785_0,65,60,55,24.21110242102102,5,425.2222102814597,4,7,1,3
5856759989_600466300_0,60,60,55,170.99451363109358,5,31.695593165211516,1,3,3,1
998567760_30294178_0,60,60,55,74.7953396994576,6,166.03338426419836,1,2,8,2
998567760_998567794_0,60,60,55,101.38558066235588,6,156.8601471959869,1,2,8,2
998567721_998567760_0,60,55,50,155.2997500009273,5,166.03338426419836,1,2,6,2
998615820_998615790_0,65,60,55,76.44311223269384,6,0.0,1,2,11,2
998615813_511123389_0,50,50,45,63.6417403537594,6,128.009294744906,1,2,10,1
998615795_998615847_0,45,45,40,39.13147622968831,6,87.4156902410161,1,2,11,1
998615795_998615790_0,50,45,40,64.97699808780705,6,76.43894702461192,1,2,16,1
998615795_30294477_0,50,45,45,38.28493829588779,6,86.28917244104524,1,2,11,1
998615790_998615821_0,45,45,40,39.12157505179139,6,76.44311220362353,1,2,13,1
998607815_30237539_0,60,55,50,65.52943765356679,6,0.0,2,2,7,1
998592680_30294486_0,65,65,60,105.93753587907048,5,89.01042157109524,1,2,9,1
998592677_30237541_0,65,65,60,65.18508226382599,6,0.0,2,3,11,1
1000063822_126781118_0,60,60,55,950.9576594582044,2,0.0,16,11,19,2
998768350_330418566_0,60,60,55,62.7524122115776,5,227.39992134775787,1,2,1,1
998615847_998615795_0,45,45,40,39.13147622968831,6,87.4156902410161,1,2,11,1
998615843_998615795_0,50,45,40,78.57406071252116,6,8.997326161740343,2,3,12,1
998615821_998615790_0,45,45,40,39.12157505179139,6,76.44311220362353,1,2,13,1
1001228501_506223395_0,55,55,50,102.87663066027493,5,0.0,2,3,1,3
1000063825_1000063822_0,60,60,55,105.36321404337176,2,0.0,10,5,5,1
1001228552_1001228543_0,55,55,50,54.38129765375453,6,115.60249454932664,1,2,1,1
1001228549_1001228539_0,55,55,50,55.58077133992119,6,155.74352119894283,1,2,1,1
1001228543_1001228541_0,60,55,50,40.68690752325579,6,75.61047972025912,1,2,1,1
1001228541_616512964_0,60,60,55,69.1673668091321,5,75.1649042478835,1,3,1,2
1001228501_506223416_0,50,45,40,77.58706237071542,3,0.0,3,3,3,3
1001441836_1933578156_0,55,50,45,58.70129625339414,5,298.5809805310681,1,2,1,1
1001441823_1935827804_0,50,50,45,208.84002576183477,5,368.39412739094354,1,2,1,1
1001441823_430767913_0,55,50,45,340.91398138580666,5,359.645587577783,1,9,2,1
1001237057_1001237028_0,55,55,50,54.118730370190285,6,489.46843302666537,1,2,5,1
1001237028_1012354007_0,50,45,40,63.76936065804206,6,457.04541605200296,1,2,2,1
1001228552_9608382461_0,55,50,45,98.08806357246004,6,55.627094455017954,1,2,2,1
1001441903_6428574628_0,60,55,50,46.32578569912315,5,66.47298041145287,1,2,1,1
1001441863_1001441836_0,50,50,45,80.37200514463763,5,354.2605860064749,1,2,1,1
1001441863_1933546307_0,0,0,0,141.15509991601397,5,354.2605860064749,1,2,1,1
1001441839_1001441836_0,55,55,50,76.5087681389792,5,356.1095802397013,1,2,1,1
1001441839_1933546298_0,55,50,45,27.56496173944692,5,366.76988410175073,1,2,1,1
1001441837_1125604861_0,60,60,55,62.04081510358322,5,141.76693357570943,1,2,2,1
1001441836_8454360490_0,55,55,50,61.52574726223065,5,351.4575048645312,1,2,1,1
1003235963_808007399_0,50,50,45,268.7695554056869,5,430.0989781426055,1,2,1,1
1003235873_6093599878_0,0,0,0,133.05567908614816,6,347.3291510278649,1,2,1,1
1002710274_1002675928_0,65,60,55,230.0219779219774,2,0.0,8,6,5,1
1002675944_1116623912_0,65,65,60,142.78463884727552,2,0.0,4,6,1,1
5643458635_417979580_0,60,60,55,292.1243517521542,5,458.15242133258215,1,6,7,1
5643458635_1695219624_0,55,55,50,172.44580744891536,5,456.6116639219709,1,5,6,1
5769607634_5769607638_0,45,45,40,202.54700075803532,6,219.70595759349396,1,9,1,1
5769607634_1292134747_0,55,50,45,14.74319160271,6,231.92625069966635,1,5,1,2
5769607634_5767458306_0,50,50,45,29.549503286502503,6,235.00832432128004,1,6,1,1
1002675916_1002710245_0,65,60,55,10.392533403820329,2,0.0,4,3,1,1
1009334217_6833338778_0,60,60,55,158.3210096128544,3,0.0,15,17,42,1
1008972044_390057400_0,60,60,55,158.6647594644154,5,268.19388624707966,3,3,12,5
1003235963_1350170854_0,50,50,40,545.292993100096,5,439.8141856898018,1,2,1,1
1003235963_319774235_0,50,50,45,206.56059394936295,5,384.6253446893867,1,2,1,1
1012338252_6297842341_0,55,50,45,166.28816090641328,6,145.28229467304848,1,3,3,1
1012330342_340193179_0,65,65,60,18.298938151511624,4,132.50706655265466,2,3,3,2
1012330330_554183143_0,60,55,50,171.3528960256866,5,0.0,14,8,9,1
1012330330_178542532_0,65,65,60,97.50901320578004,2,0.0,15,7,6,1
1011403991_364669539_0,60,60,55,23.800450867788328,5,184.53351961886992,5,5,1,1
1011403991_412458711_0,60,55,50,101.50572082824746,5,93.29391143311076,3,7,1,2
1011403944_12856608727_0,55,55,50,145.85837272307742,4,207.62279689181597,8,6,1,1
1009334217_30238383_0,60,60,55,148.88902087653312,5,0.0,8,11,27,1
1012815284_1012815286_0,55,55,50,118.12173870268047,5,175.24215590197863,1,2,3,3
1012815266_30307943_0,65,65,60,122.45832138641823,5,171.48755802511496,6,4,5,3
1012354007_30264315_0,60,55,50,44.75513936298682,6,415.7702111019112,1,2,1,2
1012343436_30308051_0,60,60,50,46.63636851770627,5,15.8861822987359,1,2,2,1
1012343432_2670313178_0,50,50,45,133.63558802935333,6,109.82650249610028,1,3,9,1
1012343432_1013128133_0,50,50,45,33.81975424949772,5,120.2676206395973,1,2,3,1
1012338252_1012343432_0,55,55,50,112.38414419620118,6,120.2676206395973,1,3,4,1
1017920069_1017920255_0,60,60,55,133.01291964031296,5,0.0,2,2,2,1
1016384550_1362642915_0,60,60,55,192.90673120877787,5,268.32924097526273,1,2,1,2
1016384550_3275080767_1,55,50,45,200.77454517990245,5,269.4616557544981,1,2,1,1
1016384550_3275080767_0,55,55,50,11.38407430332747,5,269.4616557544981,1,2,1,1
1013128142_1012340976_0,50,50,45,41.79951087236687,6,225.3056891210294,1,3,2,1
1012815286_1012815266_0,60,55,50,94.27496367170612,5,166.17238483538128,1,2,2,3
1017920136_1017920131_0,55,55,50,83.86573134464983,5,0.0,3,2,2,1
1017920088_1017920262_0,55,55,50,13.084869133594776,5,155.25466304487037,1,3,1,1
1017920073_1017920205_0,60,60,55,79.10017250196535,2,0.0,2,2,9,1
1017920073_478861746_0,0,0,0,103.72061786511118,5,0.0,1,2,9,1
1017920188_1017920208_0,60,60,55,128.09880891595665,3,0.0,7,7,7,1
1017920188_2059751742_0,65,65,60,83.93592913489739,5,0.0,2,3,8,1
1017920162_1312339722_0,65,65,60,108.34393612442034,5,0.0,3,2,2,2
1017920159_499122835_0,55,55,50,70.24397764286114,2,0.0,2,8,1,1
1017920153_1017920276_1,60,60,55,177.98459270238152,6,26.53556080391677,4,3,2,1
1017920257_1017920159_0,65,65,60,82.08262472186063,2,0.0,3,3,1,1
1017920255_1017920240_0,60,60,55,73.33877339007925,2,0.0,3,2,2,1
1017920255_416012206_0,60,60,55,87.13211982161022,5,0.0,2,2,1,1
1017920232_1312339729_0,50,50,45,46.09156936539698,5,55.1441739114572,1,2,1,1
1017920232_1017920069_0,55,55,50,73.43432897028173,6,63.23229257527078,1,2,1,1
5476467960_365288147_0,50,50,45,42.4489269734728,6,94.98279206240272,1,4,1,1
5644562417_4834501684_0,65,65,60,37.82700838815573,4,89.9784422584539,5,3,9,1
5644562417_5644568122_0,65,65,60,34.393730588991474,4,89.9784422584539,5,3,9,1
1017920203_1017920262_0,55,50,45,95.53767339806782,5,87.16172007143281,1,4,1,1
1043834114_1043834149_0,55,55,50,48.44915145510976,5,39.55121532742838,2,2,2,1
1043834110_1043855099_0,55,55,50,108.35909951176464,5,37.306565482922245,6,3,6,5
1043834110_1303430084_0,50,45,40,95.37396882982974,5,115.6468452989036,2,2,4,2
1017920262_478855374_0,65,60,55,69.4067128545559,5,149.84405093250535,1,3,3,1
1017920262_1017920088_0,55,55,50,13.084869133594776,5,155.25466304487037,1,3,1,1
1043834187_30295414_0,55,55,45,104.781065677418,6,51.6029948688476,1,6,2,1
1043834183_3053899384_0,55,55,50,64.0171310033513,5,53.622781221965575,1,3,2,1
1043834178_1043834302_0,55,55,50,81.18759208474033,5,62.569381150799344,1,2,1,2
1043834173_2059755036_0,50,50,45,80.6818910273795,5,126.34654344028338,1,2,1,2
1043834164_648862198_0,60,60,55,68.70669844705671,5,115.26174843148084,1,2,1,1
1043834164_2574540159_0,65,65,60,82.52670091046518,5,114.94941838761387,1,2,1,1
1043834149_1043834280_0,60,55,50,24.97722046861649,5,33.18917015955447,3,5,2,1
1043834285_30295403_0,60,60,55,105.21646110485304,5,104.2580805150166,1,4,10,2
1043834280_30295418_0,60,60,55,76.96155703751285,5,35.43515453772163,3,6,2,1
1043834249_1043834285_0,60,60,55,74.87796048309198,5,99.76432446825908,1,5,9,2
1043834246_448786043_0,60,60,55,82.0350854674561,3,0.0,4,4,3,1
1043834246_6227506611_0,60,60,55,75.70717635853649,3,0.0,5,2,3,1
1043834195_769906822_0,65,65,60,90.78784488737082,3,0.0,4,6,3,1
1043834195_1043834187_0,65,65,60,64.69712655282994,6,0.0,2,6,3,1
1043834187_1043834249_0,65,65,55,76.3286674547875,5,51.6029948688476,1,7,8,1
1043855098_125935921_0,65,65,60,94.8172253664344,3,0.0,6,6,4,4
1043855098_30295406_0,65,60,55,62.43591209388549,3,0.0,6,4,6,4
1043850005_4992822662_0,55,50,45,96.37251860066954,5,104.91470933584272,1,2,1,1
1043850002_1043850005_0,55,50,45,157.1277811464985,5,134.3757336961397,1,2,1,1
1043849999_416012204_0,60,60,55,25.57743550094825,5,84.2454607918045,1,2,1,1
1043834293_7487287878_0,60,60,55,46.78749204307945,2,0.0,8,4,1,2
1043834293_1043855100_0,55,55,50,104.52303733102968,5,0.0,3,4,1,1
1043925401_30312485_0,60,60,55,72.84091666282875,5,313.9089865621834,1,2,3,1
1043925396_30253211_0,55,55,50,70.09357140066093,4,214.6936845000434,5,4,1,1
1043905565_1207603865_0,65,65,60,58.87540756332146,5,134.71539641106438,1,2,6,1
1043855100_1043834293_0,55,55,50,104.52303733102968,5,0.0,3,4,1,1
1043855099_1043855098_0,70,65,60,63.0737944980903,5,0.0,5,3,4,5
1043855099_125935921_0,70,70,65,61.26221471374637,5,0.0,5,5,2,5
1044543165_1940910619_0,55,55,50,116.43298404984333,6,140.15224176893412,1,2,17,1
1044543165_3048076640_0,50,50,45,92.52340695504742,6,68.7211071983053,1,2,16,1
1043925401_1043925396_0,60,60,55,170.77312588610351,5,214.6936845000434,2,4,2,1
1046599625_1046599571_0,60,55,50,123.44470993613078,5,58.04129068048493,4,4,8,6
1046599623_31286335_0,55,55,50,18.248659359301943,5,75.54506717570288,1,3,5,1
1046599615_1046599623_0,60,55,50,76.46908442182534,5,0.0,1,3,12,1
1046599580_1046599674_0,70,65,60,87.97130996893894,5,0.0,4,5,10,1
1046599575_31286344_0,70,65,60,41.59610586414291,3,0.0,3,4,9,1
1046599575_30295392_0,70,65,60,56.5886996431016,5,0.0,1,4,9,1
1046607404_449385485_0,55,55,50,478.873715646031,4,575.1972603934446,6,14,1,1
1046607401_30617717_0,60,55,50,24.35553675252836,5,548.9650199819872,1,2,1,1
1046607396_1046613006_0,70,65,60,26.032142659101797,4,457.449348965128,6,6,2,1
1046607396_1174708055_0,60,60,55,67.15410181321081,4,431.5075364812064,9,7,3,1
1046607394_4407308354_0,65,65,60,91.13739844733746,5,685.1027338036007,1,2,1,1
5448516408_1299373044_0,70,65,60,29.3566876053702,5,224.6392227099289,4,3,1,1
5448516407_5448517635_0,50,50,45,36.03037020936651,5,182.9601873876068,2,3,1,1
5448516407_1299373045_0,60,55,50,102.5540317596054,6,99.92470089827204,1,3,1,1
5643458635_1374619186_0,65,65,55,331.65354771309467,5,483.0069849959976,1,6,5,1
5643458633_1695219620_0,65,65,60,13.002361159019973,5,436.25593114037935,1,4,3,1
5519535022_1695282603_0,55,55,50,51.509977135497365,5,522.9958881653348,1,2,1,1
1046599674_30295405_0,65,65,60,5.24631255031117,3,0.0,4,4,8,1
1046599670_1046599623_0,55,55,50,57.42998988275507,5,76.46843039899211,1,3,4,3
1046599670_31286334_0,55,50,45,106.83437024663225,5,85.19674322683096,1,2,5,5
1046612983_30254614_0,50,45,40,100.24983197726534,6,148.08771074249904,1,2,2,1
1046612983_257048076_0,55,55,50,25.591112229265956,6,126.31262003020724,1,2,1,1
1046612981_1046612993_0,45,45,40,43.15682660000697,5,70.66623956760475,1,2,1,1
1046607422_3825223114_0,60,55,50,89.00366064741237,6,606.2512486877143,1,2,5,1
1046607407_1046613006_0,70,65,60,59.4182273670602,4,464.4349208209688,8,6,2,1
1046607407_951016296_0,70,65,60,20.627065616804902,4,487.0574689174133,4,5,2,1
1046607407_1046607422_0,50,50,45,130.06759167691126,5,487.0574689174133,4,5,4,1
1046612998_1046612983_0,50,45,40,59.50188343538956,6,132.2304723659875,1,2,2,1
1046612998_4591013619_0,50,50,45,61.62746926381877,6,132.2304723659875,1,2,4,1
1046612995_258565861_0,65,60,55,46.427529601877545,5,108.72023594697862,3,8,5,1
1046612993_1046612981_0,45,45,40,43.15682660000697,5,70.66623956760475,1,2,1,1
1046612989_1046613006_0,70,65,60,93.16995982868066,5,373.28317470019095,5,6,2,1
1071339525_1350466674_0,55,55,50,94.70565135046688,5,10.157683072995498,1,2,1,1
1071339487_416524094_0,45,45,40,205.40107455388292,5,8.716882452678476,1,2,1,1
1071339487_1350466674_0,50,50,45,63.50782528160243,5,0.0,1,2,1,1
1071339362_256680583_0,65,60,55,467.6283492827002,5,0.0,5,9,3,3
1046613006_1046607407_0,70,65,60,59.4182273670602,4,464.4349208209688,8,6,2,1
1046613006_1046607396_0,70,65,60,26.0321426591018,4,457.449348965128,6,6,2,1
1075648439_6103772408_0,50,50,45,49.343297590296885,6,720.1111608961616,1,4,1,1
1071400892_1350466688_0,60,60,55,1738.467734318963,3,0.0,1,4,1,1
1071400892_256680641_0,60,55,50,252.8616732347494,3,0.0,1,2,1,1
1086926705_1298461691_0,60,60,55,73.76466049399724,6,210.1148268873956,1,2,1,1
1086926627_1298458116_0,50,50,45,139.53528615112089,6,268.6318902784497,1,3,2,1
1075648459_6301479267_0,55,50,45,177.0470703523709,5,624.2983727298263,2,4,1,2
1075648439_1365367852_0,55,50,45,154.97124446476568,5,629.7565122947601,1,4,1,2
1088518829_30686342_0,55,50,45,125.18609452244677,5,232.03963863397604,5,2,4,2
1086926813_1086926864_0,55,55,50,77.10743081576105,5,484.7743706721068,1,3,1,1
1086926772_363881327_0,50,45,40,90.3272299138378,5,96.22373804898476,3,3,1,1
1086926772_1086926758_0,60,60,50,96.22529602438028,5,0.0,1,2,1,1
1086926772_1299613770_0,50,50,45,110.27718430649918,5,96.22369895405254,1,2,1,1
1086926758_598223919_0,60,60,55,247.11142666904917,3,0.0,1,2,1,1
1116318602_258562666_0,65,65,60,42.86098177352592,2,0.0,7,3,1,1
1106505995_506242644_0,60,55,50,56.11278694745467,5,89.64602878998062,1,2,9,1
1106505947_30253934_0,55,55,50,8.987817620736505,6,65.55825895093746,1,2,12,1
1100295145_4850661055_0,70,65,60,176.411389541064,4,0.0,9,5,9,1
1100295130_1106505947_0,65,60,55,75.35977322089762,6,0.0,2,5,13,1
1116623912_1225083291_0,65,60,55,21.184863371942853,2,0.0,2,4,1,1
1116623801_692247935_0,70,70,65,139.20699303904786,3,0.0,6,7,1,1
1116623801_2914411511_0,70,70,65,70.89952284980113,2,0.0,7,6,1,1
1116623801_1116623856_0,70,65,60,13.712267713289226,2,0.0,4,4,1,1
1116318834_2706253150_0,55,55,50,227.97760206881205,2,0.0,5,9,7,1
5393693746_4485344000_0,65,60,55,370.9470352097408,4,152.41668251180832,21,5,8,1
5393693518_247636999_0,65,60,55,36.75583788874027,4,184.3461537225692,8,5,4,2
5389145153_5389145152_0,55,50,45,76.82650312281744,6,493.8212901210084,1,5,9,1
5476467954_5476467951_0,55,55,50,33.55669125554027,6,171.75350614183264,2,3,1,1
5476467950_359235509_0,65,60,55,29.2880076698784,4,195.39205461457408,1,6,1,1
5476360970_13750214001_0,60,60,55,73.85923508856767,5,195.48556216819173,1,2,1,1
5451351932_30313010_0,60,55,50,56.30133300450002,5,130.54991511606772,2,2,2,1
5448517635_5448516408_0,60,60,55,35.79957351847426,5,208.28986943125204,4,3,1,1
1116318655_387127544_0,55,50,45,40.04693925084211,5,80.44882703033556,1,5,9,1
1117832735_1117832690_0,60,60,55,86.7057518325265,6,0.0,2,2,2,1
1117832690_1017920129_0,65,65,60,88.14838081385129,6,72.8554390906731,1,2,2,1
1117832690_416012214_0,60,60,55,77.49622374263586,6,85.4053963868148,1,2,3,1
1117832656_416012211_0,65,65,60,98.95462240040224,5,0.0,2,2,1,1
1117832656_30617933_0,60,60,55,79.35773109659063,3,0.0,2,2,3,1
1116623921_688393877_0,60,60,55,170.28134400609255,3,0.0,6,9,1,1
1116623921_692247935_0,65,65,60,65.43895796221153,3,0.0,3,9,1,1
1116623912_30558218_0,65,60,55,94.26592022269024,6,0.0,1,4,2,1
1119386518_3306168428_0,65,65,55,122.14479660582673,5,454.4781271658934,1,2,1,1
1119386014_1305741265_0,55,55,50,136.29458167048907,6,497.86952531343593,1,3,2,1
1118614831_412450402_0,55,55,45,216.2901684144726,5,628.3505359404411,1,7,1,2
1118614831_412452491_0,50,45,40,116.81433525543734,5,706.4241780882367,1,7,1,2
1118502246_387127646_0,60,55,50,164.62108458161828,5,113.23700735243705,1,2,1,1
1118502246_1116318691_0,45,45,40,94.6866819860461,5,86.06196903957958,1,2,1,1
1122814756_1297710575_0,60,60,55,12.298957994189122,4,191.35565023829787,4,3,6,1
1121909773_1309411132_0,65,65,60,103.27754530934078,5,8.08128085586132,9,8,2,1
1121909773_1012356726_0,65,65,60,91.13969737541888,5,12.22335344630875,9,8,2,1
1121909742_1479334951_0,70,65,60,22.154523339598363,3,0.0,6,3,7,1
1121909742_1479334935_0,65,60,55,141.5679621417221,4,0.0,11,4,8,1
1121909724_12919487176_0,65,65,60,116.06526723173327,2,0.0,11,11,9,1
1121909724_30243312_0,55,55,50,131.17109221887625,4,0.0,5,7,13,1
1120489442_2936643037_0,70,70,65,65.30942693503681,2,0.0,16,4,1,1
1119994499_30242977_0,65,65,60,25.295859347943864,4,0.0,7,2,1,1
1119386518_11881496140_0,65,65,55,130.35837038692728,5,346.34402362174217,3,4,1,1
1126848499_1126848522_0,70,65,60,149.55016486070934,4,25.63950216629661,12,10,16,1
1126640615_26057125_0,70,65,60,112.72459298330352,3,0.0,7,20,17,1
1126385606_561521686_0,55,55,50,268.2279822667657,3,0.0,17,7,1,1
1126385606_940883640_0,60,60,50,40.1986843511601,5,0.0,6,2,1,1
1125511774_9433723474_0,65,65,60,6.678399785693544,5,268.2956702317021,6,2,2,1
1124790711_442540255_0,70,65,60,155.6427212607007,4,62.32057376275365,13,10,19,1
1126998928_2606686567_0,55,55,50,206.18727980881675,5,0.0,4,3,1,1
1126998928_800172186_0,60,60,55,68.7700765740205,5,139.69501992789574,1,2,2,1
1126998911_1126998877_0,65,65,60,13.39969182292016,5,0.0,2,3,1,1
1126998867_2706885261_0,50,45,40,269.3600836686353,5,138.17561737222567,1,2,3,3
5335313618_5335313617_0,55,50,45,48.2102478594452,6,166.61180583938767,1,3,1,1
5335313618_2681806809_0,55,50,45,107.42011262218348,5,67.83559318428465,1,3,1,1
5335313618_420553141_0,50,45,40,66.00451904766875,5,166.61180583938767,1,3,1,1
5335313617_5335313618_0,55,50,45,48.2102478594452,6,166.61180583938767,1,3,1,1
5402582937_5402582936_0,55,50,45,82.3582192314906,6,0.0,1,8,9,1
5402582937_30558459_0,65,65,60,91.45517218806869,3,0.0,4,8,12,1
5402582936_5402582937_0,55,50,45,82.3582192314906,6,0.0,1,8,9,1
5402582936_5402582931_0,60,55,50,38.959295260632544,6,82.21280102943896,2,7,9,1
5402582931_5402582936_0,60,55,50,38.959295260632544,6,82.21280102943896,2,7,9,1
1126998867_3702993015_0,55,50,45,142.8245031734702,5,47.41444665366964,1,2,5,1
1141503163_318317456_0,70,65,60,645.5871503918648,1,0.0,1,5,1,1
1139082295_319630543_0,70,65,60,32.17632356495373,3,0.0,10,8,9,1
1139082295_449383069_0,70,70,65,95.84167111870154,2,0.0,10,12,11,1
1131166780_30617540_0,60,55,50,51.33160343142003,5,85.00788792728837,1,2,2,1
1127100737_395286289_0,60,60,55,17.583590563335626,5,0.0,4,4,1,1
1162558788_815063056_0,70,65,60,896.9911274617102,1,0.0,20,10,2,1
1162558777_3934957720_0,65,65,60,134.1585001106075,2,0.0,1,2,1,1
1156424413_395285930_0,65,65,60,28.254450193882118,4,198.54680997844125,4,2,1,1
1156424412_1156424404_0,60,55,50,94.30248610692972,5,206.61640302985364,1,2,2,1
1156424404_1156424413_0,65,65,60,60.09381399516311,5,216.67152038252905,4,2,1,1
1156424404_30295491_0,60,55,50,32.132276050174,5,216.67152038252905,1,2,1,1
1148143947_598223867_0,60,60,55,95.61733158198734,5,103.94455318725956,6,3,1,1
1169009527_1623835960_0,65,65,60,52.891880434204246,5,345.96998746274005,4,2,6,2
1169009518_2063950768_0,65,65,60,145.89056691743838,4,47.628205602816784,1,4,3,2
1162558801_604001411_0,60,60,55,728.0258561882788,1,0.0,18,11,3,1
1193548761_1193548732_0,70,65,60,64.042847532443,4,0.0,4,15,18,1
1193548732_1193548816_0,70,65,60,47.23399034134743,4,0.0,3,13,13,1
1191150266_30242968_0,60,60,55,40.004546665208,5,384.67914410661535,2,3,2,4
1177108319_1088518829_0,60,55,50,52.06392573197763,6,189.59279969778308,2,2,2,2
1174754927_415718626_0,60,60,55,60.15253695379839,5,12.43599362590367,3,3,1,1
1174708055_1046607396_0,60,60,55,67.15410181321081,4,431.5075364812064,9,7,3,1
1207612392_243342775_0,65,65,55,106.80657072309184,6,71.57902927094896,1,2,10,1
1207612392_3048045041_0,60,55,50,48.8979752976643,5,71.57608107154999,1,2,1,1
1207612390_4373522803_0,55,55,50,44.7710449676223,5,0.0,4,4,2,1
1207612390_1044543169_0,60,60,55,71.17127536648444,6,0.0,5,3,1,1
1207603865_1043905565_0,65,65,60,58.87540756332146,5,134.71539641106438,1,2,6,1
1207603865_347712540_0,55,50,45,71.4159183326323,5,125.45459473191409,1,2,5,1
1198354151_402894803_0,55,50,45,55.23376473230293,5,274.9351981443388,1,3,4,1
1225009010_364670900_0,50,50,45,328.59532660537485,5,158.00190781528423,1,5,1,1
1224389897_1224389881_0,65,60,55,19.20156587212108,5,0.0,1,8,1,1
5316471788_2408251360_0,50,45,40,237.9544554574461,5,0.0,1,2,1,1
5389145153_30686210_0,60,60,55,55.26621618752399,5,470.7698245623097,1,2,1,1
5387890125_1121909773_0,75,70,65,12.22660371506051,5,0.0,9,8,3,1
5359800317_4541533775_0,65,65,60,181.9094960804053,5,101.39293079913658,4,4,10,1
5359800317_3299255723_0,55,55,50,215.6599009966071,5,69.40294161340282,6,2,7,1
5352196827_2993804551_0,70,65,60,39.49088545558265,5,13.008177099063314,1,2,1,1
1207618829_4549616600_0,55,50,45,113.241343659923,6,86.04384624058119,2,2,14,1
1207612394_1207603865_0,55,50,45,52.65373281295077,5,82.06429553444109,1,2,5,1
1225083268_1225083265_0,45,40,0,89.9636903397281,6,138.2500516039206,1,2,1,1
1225083248_30294772_0,55,50,45,80.86063603523674,5,94.68182452042876,1,2,2,1
1225051377_556335003_0,50,50,45,38.69111828089648,5,247.8609393342181,1,2,1,1
1225051373_364680673_0,60,55,50,22.58065516117276,5,273.5719632312017,1,2,1,1
1225051373_556335003_0,55,50,45,137.7701563215227,5,275.9611190219635,1,3,1,1
1225051325_556335003_0,55,55,50,21.512248526446808,5,283.6679733798138,1,2,1,1
1233754561_30294667_0,50,50,45,76.10490113704168,5,286.7308983280344,1,4,1,1
1233754561_1233754562_0,50,45,40,47.03781200106975,5,286.7308983280344,1,2,1,1
1230701490_392352555_0,65,65,60,279.56401897832194,1,0.0,4,7,1,1
1230701452_1291715885_0,65,65,60,964.9776023098826,1,0.0,5,7,1,1
1225083280_30558219_0,70,65,60,48.53935371058237,5,21.051091400250645,3,4,7,1
1225083271_513342399_0,60,60,55,13.833463916398385,5,257.33806090679764,1,4,1,1
1233754575_556334957_0,50,50,45,21.77452696404452,5,489.5782597545977,1,2,1,1
1233754573_3208632836_0,65,60,55,55.318699404304255,5,0.0,3,6,1,1
1233754573_30294703_0,55,50,45,231.7199648919578,5,54.99302214515227,1,8,1,2
1233754567_324231840_0,60,60,55,66.22947668262613,4,624.6087958714895,2,4,1,1
1233754567_432510028_0,60,60,55,78.81096502044913,4,603.9414596194273,2,5,1,1
1233754567_31285424_0,60,60,55,172.55030085026763,5,530.8967170510126,2,4,1,1
1233754563_432509967_0,65,60,55,90.21020022462316,5,182.5538407009641,5,2,5,1
1233754587_1233754614_0,50,50,45,69.3918575959002,5,291.80392695994027,2,3,14,1
1233754585_1233754561_0,55,50,45,90.72485138126424,5,203.98837772293248,1,3,1,2
1233754582_556334957_0,55,55,50,60.97150697107848,5,449.5873118357241,6,2,1,1
1233754579_2087205017_0,60,60,50,123.9807691084554,5,430.4162634360828,2,5,4,1
1233754576_1233754586_0,50,50,45,62.22956557598332,6,197.34648111777685,1,3,3,1
1233754635_2087205014_0,50,50,45,121.48381001306808,5,255.5359066445368,2,3,8,1
1233754635_1233754576_0,55,55,50,61.20516393001853,5,197.34648111777685,1,2,9,1
1233754631_556344739_0,55,50,45,137.19412569852548,6,429.4060829008799,1,2,1,1
1233754631_1233754582_0,50,50,45,144.34905956949063,5,429.4060829008799,6,2,1,1
1233754618_288024531_0,55,50,45,51.98988757846433,5,445.9227070622923,1,5,7,1
1233754614_30294784_0,60,55,50,47.81582861272081,4,244.4112186821221,4,3,12,1
1233754603_432510028_0,60,60,55,135.28084753519147,4,485.27429903794257,2,7,2,1
1233754603_1233754618_0,60,60,55,79.90390304310635,6,445.9227070622923,2,5,1,1
1279276755_981747029_0,65,60,55,543.8958717658442,1,0.0,6,5,1,1
1261315828_1297521224_0,55,55,50,75.33584625022421,4,517.17185855425,3,3,1,1
1261306780_402875749_0,65,65,60,8.590775021380912,2,0.0,5,5,1,1
1258203865_1857695693_0,65,60,55,171.77437139119746,5,171.74721971274766,1,4,6,4
1255304807_950161659_0,70,70,65,61.21344389304805,4,20.31774479573305,1,2,1,1
1251330733_634519979_0,65,65,60,12.458025925625748,4,219.76697990851756,1,4,1,1
1233760230_30294569_0,60,60,55,158.36543869916594,6,175.57634094741073,3,4,18,4
1291715885_376751686_0,70,70,65,477.48955282796817,1,0.0,2,9,2,1
1286855176_30242963_0,70,65,60,56.43392423983197,3,0.0,3,2,21,1
1286855172_30243331_0,60,60,55,94.17096725298671,3,0.0,3,2,29,1
1282870801_3218700096_0,70,70,65,80.14449505066733,3,0.0,9,13,25,3
1282870801_1282870796_0,70,70,65,46.24534590555592,3,0.0,8,12,15,1
1279276759_453549623_0,70,70,60,48.7040555157638,4,0.0,8,5,1,1
1295278485_2450895952_0,65,65,60,811.759929610907,1,0.0,18,28,2,1
1292134749_430769491_0,45,45,40,289.6592308017013,5,112.22625585834815,1,11,1,1
1292134747_430767908_0,60,60,55,41.453206207804826,5,231.92625069966635,1,5,1,2
1292134747_5769607634_0,55,50,45,14.74319160271,6,231.92625069966635,1,5,1,2
1291717169_534332086_0,55,55,50,24.4989703955446,5,20.241749124548143,1,2,1,1
1297490058_30243357_0,60,60,55,137.5397853596774,4,383.3548114905237,8,4,3,1
1297490058_1768889590_0,65,60,55,14.852690827927306,5,373.2142236171604,6,2,3,1
1297470711_541644038_0,55,55,50,122.57730775539008,3,0.0,5,6,2,1
1297470711_4826578393_0,55,50,45,250.63950338554133,5,0.0,11,11,8,1
1297445118_30689532_0,65,65,60,41.03504780775632,4,54.81014314090097,4,6,1,1
1297445118_3376229198_0,65,60,55,80.50011686883455,4,0.0,6,5,1,1
1295283770_2697516077_0,70,70,65,192.0205470125709,4,14.453944272733514,6,12,2,1
1297521224_1365781116_0,60,55,50,19.027489962241887,5,514.3204133576882,1,2,1,1
1297521219_1297521201_0,55,50,45,100.71490539418096,5,407.3275332337395,1,2,1,2
1297521206_1297521235_0,65,60,55,78.99108955042941,4,445.2470932252133,2,2,1,2
1297521201_1297521253_0,55,50,45,51.054028920300006,5,474.0636080352753,1,2,1,2
1297521195_5929180990_0,50,50,45,43.78580079156647,5,377.606003917113,1,2,1,2
1297521253_1297521201_0,55,50,45,51.054028920300006,5,474.0636080352753,1,2,1,2
1297521253_1297521227_0,50,50,45,32.61046623167858,5,474.0636080352753,1,2,1,2
1297521235_1297521206_0,55,55,50,78.99108955042942,4,445.2470932252133,2,2,1,2
1297521235_5952574451_0,60,60,55,128.52772503623748,4,343.3069756550342,2,2,1,2
1297521227_1365781116_0,60,60,55,138.34620884736472,6,497.56133575704894,2,2,1,2
1297521227_1297521206_0,65,60,55,43.059540755193225,5,497.56133575704894,1,2,1,2
1297521224_1261315828_0,60,60,55,75.33584625022421,4,517.17185855425,3,3,1,1
1297521224_629334371_0,60,55,50,78.20380137714625,4,449.00478633045697,1,2,1,1
1297790631_1599256242_0,65,60,55,80.11572453019899,5,169.82564972017244,1,4,1,1
1297790631_1297790778_0,60,60,55,59.06355498337155,5,169.82564972017244,1,4,1,1
1297790600_834395618_0,55,55,50,19.44152843230316,5,343.7779883297485,1,4,2,1
1297790600_1297790734_0,60,55,50,49.0731930834372,5,299.9985579661974,1,4,2,1
1297744704_1382873567_0,65,65,60,48.34090259103563,2,0.0,4,5,14,2
1297744704_30246711_0,65,60,55,58.01152445133607,5,0.0,1,6,14,2
5313720234_363888331_0,60,60,55,103.91864275015834,3,0.0,7,6,6,1
5306386384_4397169294_0,65,60,60,33.92281466435775,4,304.3812417765611,1,3,30,3
5306386384_30227068_0,60,60,55,70.90692035989319,4,270.63768152181774,1,3,28,4
5333499784_8473849076_0,65,60,55,284.26672065853614,5,173.81895245534471,7,2,1,1
5329316381_1297790734_0,60,60,55,86.68133509433338,5,224.2662598289722,1,6,2,1
1297710569_30243344_0,65,65,60,92.94400028714604,4,59.92653747554808,3,5,8,1
1297521253_1297521195_0,55,55,45,75.82303175836411,5,407.9649888285359,1,2,1,2
1297790802_3170270487_0,60,60,55,109.8473202487554,5,229.92919216917667,1,5,2,1
1297790778_13109559644_0,60,60,55,85.90615951308072,5,196.9823050026685,1,4,1,1
1297790770_6111325438_0,60,60,55,48.34520639801855,5,138.01707038139034,1,3,1,1
1297790742_13109559644_0,60,60,55,31.666363708156453,5,229.2620787979696,1,2,1,1
1297790734_1297790600_0,60,60,55,49.0731930834372,5,299.9985579661974,1,4,2,1
1297790734_947196775_0,60,60,55,53.48625023286054,4,299.9985579661974,1,4,2,1
1297790702_1297790778_0,60,60,55,122.78466138632568,5,132.52744532100525,1,6,1,1
1297790631_1297790770_0,60,55,50,27.47778675834803,4,143.39271032016666,1,2,1,1
1297818732_1297818723_0,50,45,40,93.47598446808868,6,0.0,1,2,1,1
1297818723_3285483283_0,60,60,55,218.8942372934393,4,0.0,1,2,1,1
1297818714_9029647979_0,70,65,60,519.4650321339005,1,0.0,11,8,1,1
1297818677_358505154_0,70,65,60,99.79002166037424,4,11.55492371666038,5,6,1,1
1297809315_4343830708_0,60,60,55,226.54245979885303,4,110.31284107856486,7,5,1,1
1298628785_4436287114_0,65,60,55,123.12165776771138,4,185.2898123264546,4,8,13,1
1298628783_30295808_0,55,55,50,31.334514368801138,6,320.93971283355233,1,2,3,1
1298461691_3059542903_0,60,60,55,42.95751057220103,5,168.1245549736903,1,2,1,1
1298461691_1299427211_0,60,60,55,57.49825325706612,6,190.29211357053035,1,3,1,1
1298461690_1299427207_0,55,55,50,97.66972291088832,6,284.3992435250922,1,2,1,1
1298461682_1298458116_0,60,55,50,118.19192557887575,6,277.3692531679868,1,2,5,1
1298461682_598223938_0,65,60,55,77.23924139063033,5,277.3692531679868,1,2,4,1
1298740481_1298742841_0,60,60,55,107.84450760965956,5,58.41134987919712,1,3,1,1
1298758085_1349534663_0,60,60,55,135.3693209071183,3,0.0,6,3,1,1
1298758085_7096400667_0,65,65,60,293.3240447858819,3,0.0,4,3,1,1
1298758085_4139421839_0,55,55,50,53.535648580253365,5,0.0,4,2,1,1
1298742841_381009510_0,65,60,55,56.8009457807168,5,1.6108428958356331,3,3,1,1
1298742841_1298742839_0,60,55,50,95.9735710830939,5,58.41134987919712,1,2,1,1
1298742806_1350171075_0,60,55,50,244.6027845413791,5,9.275057007398004,3,2,1,1
1298740508_1350170511_0,50,45,40,91.94695293025094,5,190.5350717438211,1,2,1,1
1298740508_1298740481_0,55,50,45,113.5904523799774,5,78.229737026844,1,2,1,1
1299373042_2677000058_0,65,60,55,37.14421398028362,6,118.3185041978462,1,2,1,1
1299373042_5448516408_0,65,65,55,104.4559975846024,5,141.8228204764529,3,4,1,1
1298783033_30313377_0,55,55,50,126.32158691744804,6,103.9128902325576,1,2,7,1
1298774118_1298769734_0,50,50,45,71.19269305735689,5,273.2204010314916,1,5,1,1
1298774118_1484829198_0,45,45,40,20.624391130400813,5,257.8180923232321,1,4,1,1
1298774114_1298774118_0,45,45,40,285.0092680710141,6,28.783734829606395,1,8,1,1
1298774114_1297818732_0,50,50,45,470.9529859623122,6,0.0,1,5,1,1
1298769734_1484829178_0,50,45,40,74.93969322555091,6,288.487554833723,1,5,1,1
1299414755_363881331_0,50,50,45,88.33482073281361,6,98.61869481338525,1,2,2,1
1299414755_1086926772_0,50,50,45,153.35977518222435,5,96.22373804898476,1,3,1,1
1299373048_1299373046_0,70,65,60,58.92444156320765,4,153.85715335771803,1,3,1,1
1299373048_1299373047_0,55,55,50,131.10561005351627,6,80.7539195488549,1,2,3,1
1299373047_2676998918_0,60,55,50,73.55805816223199,6,17.737407449905792,3,2,2,1
1299373046_1299373048_0,70,65,60,58.92444156320765,4,153.85715335771803,1,3,1,1
1299373045_1299373047_0,55,55,50,58.161419389845406,6,80.7539195488549,1,2,2,1
1299430501_1299613796_0,65,60,55,84.19762420385992,4,186.89954357611688,4,6,1,1
1299427207_1086926627_0,50,50,45,49.592551219982326,6,268.6318902784497,1,2,2,1
1299427193_1299430518_0,65,65,60,55.50694496623784,6,243.93428800362832,1,4,1,1
1299414816_1381912196_0,65,65,55,144.62369042995908,5,70.9337630130945,1,2,1,1
5275865099_974261549_0,60,60,55,23.373464504052844,5,142.10582122189203,13,3,2,1
5275865099_4560303034_0,60,60,55,7.673735933244741,5,143.65054724637506,13,3,2,1
5275865097_3683481343_0,65,60,55,257.8922602470004,5,63.95120400670654,11,6,2,1
5316471787_5316471779_0,45,45,40,315.3219130685565,5,0.0,1,2,1,1
5316471787_2408251360_0,50,50,45,103.10747145624384,5,87.38388407615264,1,2,1,1
5316471787_2408251358_0,50,50,45,125.9371282049018,5,63.92278307983866,1,2,1,1
5316471779_5316471787_0,45,45,40,315.32191306855646,5,0.0,1,2,1,1
1299414785_598223996_0,55,55,50,91.47482234982968,5,184.81569623602465,3,4,5,1
1299613796_1299430501_0,55,55,50,84.19762420385992,4,186.89954357611688,4,6,1,1
1299430527_6219058269_0,45,45,40,163.5230923972968,6,190.3194258922857,1,2,2,1
1299430527_30295809_0,60,55,50,73.92050858949071,6,116.87157746617515,1,2,1,2
1299430518_1299427202_0,55,55,50,32.0597674669503,6,260.65750724821595,1,2,1,1
1299430501_598223783_0,65,65,60,57.644302304698215,4,183.73259523379969,3,7,1,1
1303363164_30295814_0,60,55,50,46.742436933807305,6,134.69297475865156,1,2,1,1
1303363159_1303363164_0,50,50,45,145.84268235855916,6,136.37714069429543,1,2,1,1
1303363159_30295716_0,50,50,45,39.28186546208002,6,281.4198788019576,1,2,1,1
1303363158_5163777212_0,50,45,40,43.763308614648686,6,313.73477165172164,1,2,1,1
1303363157_1303363156_0,50,50,45,16.417162319585653,6,352.3439266297323,1,2,1,1
1303363156_30295807_0,50,50,45,41.27399832664796,6,352.3439266297323,1,2,2,1
1299629083_481146953_0,65,60,55,68.42965772969596,5,39.33169693965035,1,3,1,1
1303407075_2810558864_0,50,50,45,19.308001099465308,6,96.81329186761148,1,2,2,1
1303363176_2914607801_0,50,50,45,50.73886809756985,6,300.8939929435709,1,6,10,1
1303363176_1303363172_0,50,50,45,175.1333432797248,6,344.1895011769353,1,4,11,5
1303363172_434423009_0,60,60,55,77.06855737150482,5,380.9106308941051,1,2,4,5
1303363172_1303363176_0,50,50,45,175.13334327972478,6,344.18950117693527,1,4,11,5
1303363169_1303363168_0,55,55,50,44.17696809743465,5,82.59502596748429,1,2,1,1
1303363168_5929181002_0,60,60,55,27.148031924556232,5,55.79113548450631,1,2,1,1
1303363167_30295800_0,60,60,55,32.755379810220774,5,20.560396970050785,1,2,1,1
1303430273_448786036_0,65,65,60,126.0255074580882,6,123.41520949471816,4,2,10,1
1303430202_1303430180_0,55,55,50,75.97497496219835,5,89.1533582328451,1,2,6,1
1303430180_1303430145_0,60,60,55,74.46268262471442,5,34.95013071418067,4,3,8,1
1303430145_30295405_0,60,60,55,34.96042099989818,5,0.0,4,3,9,1
1303430131_1303430039_0,55,55,50,53.23265143350422,6,101.43790032468192,1,3,1,1
1303430084_1303430131_0,50,50,45,74.5407388144045,6,115.6468452989036,1,2,1,1
1303430020_1043850005_0,55,55,50,149.85017103640592,5,130.1799905151918,1,2,1,1
1303407075_2810558865_0,50,45,40,113.25014483854848,6,104.25772863054472,1,2,4,1
1303430364_363888326_0,60,60,55,136.2016611673474,5,121.75426092719528,6,2,4,1
1303430364_1303430343_0,65,60,55,130.64930033842268,5,0.0,8,3,3,1
1303430364_2627845567_0,60,60,55,97.51528502958467,5,100.1164357235628,4,3,4,1
1303430343_8223182475_0,55,55,50,122.5387837169708,3,0.0,6,2,2,1
1303430343_1303430364_0,65,60,55,130.64930033842268,5,0.0,8,3,3,1
1303430329_1303430343_0,65,60,55,135.87050699332812,5,0.0,8,4,1,1
1303440709_1303440704_0,60,60,55,35.75663028351597,3,0.0,2,2,2,1
1303440704_30558458_0,70,65,60,58.327790292130594,3,0.0,1,2,5,1
1303440697_2192116959_0,60,55,50,134.41063450210845,5,53.40660790748908,1,2,6,1
1303440697_30253448_0,55,50,45,49.34966966358682,5,134.25574033002027,1,2,3,1
1303440695_30253584_0,50,50,45,50.11413787201981,5,34.96138105303321,2,2,13,1
1303430372_2627845567_0,60,55,50,34.755870346630736,5,76.67430002410656,1,3,2,1
1303457259_619535108_0,60,55,50,116.7237802890842,5,213.91932018716724,1,2,5,1
1303457199_1601776177_0,60,55,50,21.2774895494093,5,235.2541980800514,1,2,2,1
1303457189_126753810_0,70,65,60,24.752898771627464,5,181.54447630482332,5,4,7,1
1303457186_1100295145_0,70,70,65,62.21734667694471,2,0.0,3,5,10,1
1303457186_1303457162_0,60,60,55,133.14341250546025,6,0.0,2,6,20,1
1303457162_30253733_0,60,60,55,64.84544765408403,2,0.0,2,3,16,1
1303457162_1303457186_0,70,70,65,133.14341250546025,6,0.0,2,6,20,1
1303440728_1303440737_0,70,65,60,120.04181309379656,5,65.98316995300362,2,3,20,1
1303465744_1303465743_0,65,65,60,135.79819609338068,5,65.09543693970716,2,2,13,1
1303457305_30253863_0,65,65,60,55.53415740322015,2,0.0,3,3,8,2
1303457269_1601776191_0,55,55,45,96.1928065236905,6,21.299509381682316,2,18,7,2
1303457269_30558451_0,60,60,55,62.11501180791378,5,88.11863065661184,3,10,8,1
1303465774_364680272_0,60,60,55,18.783312511057265,4,121.33325991728708,2,5,1,1
1303465773_1303465772_0,45,45,40,65.1421439035899,6,47.13685948132677,1,3,22,1
1303465772_30333328_0,65,65,60,47.58838671281559,6,0.0,1,3,15,1
1303465752_1303465757_0,65,65,60,147.2700007973964,5,57.56950578578757,1,4,20,1
1303465752_1303465750_0,60,60,55,20.484466576099624,5,57.56950578578757,1,2,12,1
1303465751_1303465750_0,60,60,55,152.68340996429876,5,77.39307995617173,1,3,22,1
1305741263_597933744_0,60,55,50,59.86727017236833,5,403.4360706954985,3,2,3,1
1305741255_1305741256_0,65,65,60,137.76665400342813,6,0.0,4,4,2,1
1305741255_506242742_0,55,55,50,102.01026229525525,5,134.66824014101527,2,2,2,1
1303465780_974384688_0,55,55,50,84.96122981439254,5,48.98884680289778,2,2,3,1
1303465780_364670492_0,60,55,50,52.04754410766793,5,0.0,4,2,3,1
1303465774_1526422858_0,70,70,65,63.78160749478407,4,58.61598062600702,6,12,6,1
1303465774_1303465780_0,70,70,65,214.2217003610297,5,46.66488073322105,4,8,4,2
1306211567_4549616600_0,45,45,40,91.84106582947004,6,85.47002134652479,1,2,6,1
1306211567_2473393632_0,50,50,40,106.94832299561796,5,85.47002134652479,5,2,10,1
1306211551_2665243611_0,55,55,50,206.85191709377668,6,0.0,3,8,8,1
1306211534_30617695_0,55,50,45,49.492884564579946,5,165.4226681235787,1,5,4,1
1305741275_1768555378_0,50,45,40,22.59387267417137,5,301.7577511664779,1,2,1,1
1305741275_597933738_0,55,55,50,109.46790020962084,5,267.6595750030237,2,2,3,1
1305741270_597933814_0,55,55,50,89.16311448105205,5,131.93815558761148,1,2,1,1
1307297616_814239845_0,65,65,60,216.91115753937055,5,0.0,4,5,8,2
1307297616_1307297617_0,60,55,50,182.92010823089964,5,0.0,3,4,7,2
1307277321_30297366_0,55,55,50,105.5975151131098,6,428.5641603802652,4,2,3,1
1307277321_1305741263_0,60,60,55,80.90771705522327,5,417.18098245540375,4,2,3,1
1307272002_30555009_0,60,60,55,100.62747948675693,5,0.0,2,3,5,3
1307272001_1860569742_0,60,55,50,95.30907269907544,5,59.912833466188005,2,5,17,1
1307271989_30243389_0,70,70,65,77.01432046845716,3,0.0,3,3,22,1
1306211579_387127536_0,55,55,50,83.05526586836713,5,89.84020440606103,1,5,1,1
1306211579_1306211534_0,60,60,55,75.58501420705853,5,89.84020440606103,1,6,1,1
1310620180_1310620192_0,45,45,40,125.82650763025124,5,621.127183322345,1,6,2,1
1310620180_1310620177_0,60,55,50,128.6875411478879,5,557.6124386576136,1,4,3,1
1310620180_1532984315_0,60,55,50,4.98294002929439,5,675.0923861722816,1,4,2,1
1310620176_4578927239_0,45,45,40,141.9049625034383,6,285.1133302659774,1,2,1,1
1310620176_412451010_0,70,70,65,250.6265621083272,5,313.49381226497934,1,3,1,1
1309411137_11305988004_0,65,65,60,86.82972399918926,2,0.0,14,4,7,1
1307298337_390879715_0,55,55,50,267.42161127309373,6,133.4556709115198,2,3,2,1
1307298337_568495561_0,55,55,50,93.24726001690942,5,133.4556709115198,1,2,1,1
1307297617_416885092_0,60,55,50,71.54383208489314,3,0.0,5,3,3,1
1311619340_1311619500_0,65,60,60,150.90596526935497,3,0.0,10,6,21,1
1310620195_5948798216_0,55,55,50,64.88079906360558,5,697.6072051379009,3,10,4,1
1310620195_412451511_0,60,60,55,42.11639485030466,5,724.020555652294,3,10,4,1
5251907139_959498846_0,55,55,50,233.6317265639061,5,90.69410388225616,1,2,2,1
5250643030_8529334834_0,70,65,60,53.18052288411583,4,404.32763385434936,11,4,4,1
5286242897_13607758976_0,55,55,50,133.95966055431688,5,141.75861580384324,3,5,1,1
5278618160_1479161820_0,65,60,55,10.1535390520577,4,153.57883809753977,7,2,8,1
5275865099_974261545_0,60,60,55,48.93731023941984,5,143.65054724637506,13,3,2,1
1310620192_1310620180_0,60,55,50,125.82650763025124,5,621.127183322345,1,6,2,1
1311619424_1311619392_0,70,65,60,154.3348636116067,5,80.22116977558784,14,11,20,1
1311619407_3141525071_0,65,65,60,37.37758571067415,4,0.0,10,2,8,1
1311619407_442540257_0,70,70,65,17.966562045862478,3,0.0,8,2,6,1
1311619392_9782230121_0,70,70,65,10.446244789295877,5,80.22116977558784,7,4,13,1
1311619365_30254222_0,70,70,65,21.31554983536897,3,0.0,8,4,12,1
1311619363_12884439770_0,65,60,55,34.788057454770275,3,0.0,23,9,6,1
1311619363_442540243_0,70,65,60,11.845145118504956,4,0.0,19,9,6,1
1311619340_1362899971_0,70,65,60,147.72650416388026,3,0.0,11,5,23,1
1311619340_442540270_0,70,65,60,16.22569363406794,3,0.0,5,5,16,1
1311619500_1311619340_0,70,65,65,150.90596526935497,3,0.0,10,6,21,1
1311619488_1362899971_0,70,70,65,300.7824080568248,3,0.0,13,6,23,1
1311770053_30243371_0,65,65,60,133.81752081262894,4,0.0,6,5,10,1
1311770053_30238029_0,60,60,55,18.31884351334528,5,133.42906825018517,1,3,6,1
1311770051_8043162354_0,70,65,60,93.46832187546624,4,18.14678556459509,14,15,10,1
1311770050_2495598155_0,65,60,55,38.06567733036719,4,0.0,14,11,7,1
1311770048_33098957_0,70,70,65,131.89314356969626,4,0.0,6,20,13,1
1311770048_30243371_0,70,65,60,135.5067346044419,4,0.0,6,8,8,1
1311619517_1311619514_0,70,70,65,67.62848247007933,3,0.0,17,10,11,1
1312053315_2767355572_0,65,65,60,12.418466767967342,5,0.0,2,6,1,1
1312053305_1312053334_0,60,55,55,93.4183209850801,6,154.8526321664108,4,3,2,1
1311935438_30242968_0,65,60,55,127.59027662704658,5,385.9586311144932,5,4,4,2
1311833055_250794418_0,65,65,60,25.26336508441775,2,0.0,6,6,3,1
5163670090_412438222_0,70,65,60,9.949997217485082,5,71.71385784401173,12,7,3,2
5264614128_30294487_0,65,65,60,114.42162289572931,3,0.0,6,3,10,1
5260740738_1377225849_0,60,60,55,276.1246478977185,3,0.0,14,11,17,2
5260740738_1311619445_0,70,65,60,17.89572355633397,3,0.0,5,5,5,2
5254788638_2869959982_0,60,60,55,73.07048199236038,2,0.0,6,7,9,1
5254788638_30295271_0,65,65,60,51.91044549554032,5,0.0,3,7,10,1
1311773901_30237770_0,60,60,55,88.01097029264787,4,40.75613178594492,4,3,16,1
1312053345_1312053352_0,70,65,60,51.79948418306568,6,294.5224242621792,4,2,2,2
1312053343_420892537_0,65,65,60,73.6700321840273,3,0.0,7,2,1,1
1312053341_387130495_0,55,50,45,154.8134085122197,5,0.0,4,2,5,1
1312053337_1312053363_0,55,55,50,92.51701981189672,6,153.26449973688895,1,2,2,1
1312053315_420892537_0,65,65,60,82.80032758546537,3,0.0,5,6,1,1
1312053315_769906822_0,60,60,55,15.804445555199043,3,0.0,2,6,1,1
1312339722_1017920131_0,60,55,50,4.852269346464175,2,0.0,3,2,1,1
1312053384_1312053372_0,60,55,50,178.44052753034197,5,0.0,5,11,1,1
1312053384_448786034_0,65,60,55,137.91395199591852,5,0.0,4,6,1,1
1312053372_1312053384_0,60,55,50,178.44052753034197,5,0.0,5,11,1,1
1312053365_363887569_0,65,65,60,23.085222305273035,4,0.0,8,2,1,1
1312053363_1312053337_0,60,55,55,92.51701981189672,6,153.26449973688895,1,2,2,1
1312053363_1623835968_0,55,55,50,75.027665415433,6,153.0405712164666,1,2,2,1
1312053352_1623835963_0,60,60,55,134.7897384819115,6,291.59641466905333,2,2,7,3
1312339741_2810558866_0,45,40,0,53.616586321965215,6,49.46502978184494,1,2,1,1
1312339740_30618076_0,55,50,45,86.63867107991193,3,0.0,1,4,1,3
1312339730_1312339742_0,50,50,45,42.441920308596735,5,224.20225079245483,1,2,1,1
1312339730_667447467_0,55,50,45,110.18935940164016,5,120.5782952972164,1,2,2,1
1312339728_1139082290_0,65,65,60,196.1480216854006,2,0.0,12,15,11,1
1313997587_4436353871_0,55,50,45,246.6411601864638,4,106.44378502772224,8,4,10,1
1313997587_30618113_0,55,50,45,41.65536008321304,5,353.0766180567322,5,3,7,1
1313793458_1313793456_0,55,50,45,110.0056282731952,5,726.686160667544,2,3,1,1
1313793453_1381889414_0,60,60,55,128.91919928724977,5,750.0,1,2,3,1
1312339746_481122282_0,55,55,50,71.29843217695976,5,39.85344222850167,1,2,1,1
4995013510_4995013507_0,55,50,45,15.103915174147556,5,193.7663555480372,1,3,1,1
4995013510_420061795_0,55,55,50,164.66683062612108,5,193.7663555480372,2,6,1,1
5225442151_178542900_0,65,65,60,18.72680736231646,5,0.0,7,7,12,1
5169529371_760332212_0,65,65,60,1.4457224182690684,2,0.0,7,2,5,1
1312339742_1312339733_0,50,50,45,117.06762391140472,5,202.5392629183553,1,2,1,1
1312339742_30617900_0,55,50,45,72.28717052078551,6,224.21070137329824,1,2,1,1
1315972380_356295209_0,60,60,55,24.858641636506835,5,83.46628742416773,4,3,1,1
1313997605_1313997596_0,55,50,45,183.58294774798583,5,482.0278764932527,1,2,1,1
1313997603_8162667556_0,55,55,50,53.60814678646203,5,529.6898306408259,4,3,1,1
1313997602_12194900303_0,60,60,55,106.83825869491112,4,13.490334279324813,8,5,1,1
1313997596_1313997605_0,55,50,45,183.58294774798583,5,482.0278764932527,1,2,1,1
1316679293_30296145_0,55,55,50,231.5424398878313,5,102.65703904565336,2,2,3,1
1316679293_482505222_0,65,60,55,102.76602620128166,5,0.0,8,2,2,1
1316679287_30296152_0,55,55,50,19.10420122560672,5,223.9086823092358,5,2,1,2
1316679286_30295892_0,60,60,55,48.34431066485276,6,79.67686971868339,1,4,1,1
1316679286_1316679282_0,55,55,50,79.84390340887605,5,54.933084552274416,1,2,1,1
1316077961_30296141_0,60,60,55,142.41631257633532,5,213.0496878236368,1,2,1,1
1316077961_30295870_0,55,55,45,45.48774354978969,5,277.006675180537,1,4,1,1
1341408841_1341408849_0,55,55,50,218.81508280094252,5,0.0,1,5,2,1
1341400294_1341400287_0,60,60,55,18.7043999693448,5,26.196898402309923,1,2,2,1
1341400287_387127513_0,50,50,45,75.90900724570315,5,17.952610126540996,1,4,2,1
1337087460_412453202_0,65,65,60,130.65686095416427,3,0.0,9,11,1,2
1337087460_412453212_0,55,55,50,23.62695943952143,3,0.0,6,3,1,2
1337087205_2252583126_0,65,60,55,59.68433175961141,4,8.873860891551793,8,5,1,1
1329812662_1261306780_0,65,65,60,39.59631018465922,2,0.0,8,6,1,1
1349242026_4471541638_0,65,65,60,3100.6658824787464,3,0.0,1,15,1,1
1341455855_387127564_0,65,65,60,281.8422509695361,4,281.44258620417617,1,4,4,1
1341408849_1341408841_0,60,55,50,218.8150828009425,5,0.0,1,5,2,1
1349534663_1349534848_0,55,50,45,283.424576845427,5,0.0,2,3,1,1
1349534663_1298758085_0,65,60,60,135.3693209071182,3,0.0,6,3,1,1
1349534649_1349534767_0,45,45,40,102.02376487530805,5,184.6300572987853,1,2,1,1
1349534577_1350171072_0,50,50,40,399.2718314404433,5,223.3417087828777,1,2,1,1
1349534577_1349534767_0,45,45,40,289.0292309450248,5,167.66434062823382,1,2,1,1
1349242026_430764290_0,65,60,55,62.19981324058981,3,0.0,3,5,1,1
1350170150_1350169980_0,50,45,40,69.50415960188613,5,285.4054013522443,1,2,1,1
1350169980_1350170150_0,45,45,40,69.50415960188612,5,285.4054013522443,1,2,1,1
1349534848_1349534663_0,45,45,40,283.424576845427,5,0.0,2,3,1,1
1349534848_1350171034_0,45,45,40,308.613607359758,5,88.85121216751632,1,2,1,1
4992822662_1017920188_0,70,65,60,104.91477645138228,5,0.0,2,2,3,1
4992822662_30617934_0,50,50,45,70.42509991706173,5,102.10917975019429,1,2,1,1
4992822660_420892535_0,55,55,50,101.29657356010776,5,32.241989238731115,4,2,1,1
5099106008_1774503381_0,45,45,40,37.94519618892322,5,506.6977889129077,1,2,1,1
5012384660_3951678282_0,55,55,50,230.7472197921371,5,0.0,1,2,1,1
4995013515_4995013511_0,60,55,50,17.682031106223327,5,179.91977995431566,1,3,1,1
4995013511_4251794889_0,60,60,55,210.382800578074,5,134.4541290890513,1,5,1,1
1349534767_1349534649_0,45,45,40,102.02376487530805,5,184.6300572987853,1,2,1,1
1349534767_1349534577_0,45,45,40,289.02923094502484,5,167.66434062823382,1,2,1,1
1350170314_11283263092_0,50,45,40,186.38121024482584,6,203.368091146064,1,2,1,1
1350170314_1350171044_0,50,45,40,31.871558220907826,6,203.368091146064,1,2,1,1
1350170301_1350171075_0,50,50,45,56.40890713313025,5,10.083260645599768,2,2,1,1
1350170301_1350170152_0,60,55,50,68.5910761429554,5,26.70509113555866,1,2,1,1
1350170301_1350171119_0,55,50,45,118.51211206984048,6,26.70509113555866,1,2,1,1
1350170218_1350171075_0,50,50,45,389.3878888892128,5,10.083260645599768,2,2,1,1
1350170218_1350171044_0,45,45,40,60.25871778009612,6,214.26129635412852,1,2,1,1
1350170152_1350170301_0,60,55,50,68.59107614295542,5,26.70509113555866,1,2,1,1
1350170848_1298740508_0,45,40,0,176.83444642552092,5,190.5350717438211,1,2,1,1
1350170772_1350170511_0,45,45,40,156.91588255862945,5,213.16562857913996,1,2,1,1
1350170511_1350170466_0,45,40,0,53.39921976577068,5,163.39905041906405,1,2,1,1
1350170511_1298740508_0,50,45,40,91.94695293025094,5,190.5350717438211,1,2,1,1
1350170511_1350170772_0,40,40,0,156.91588255862948,5,213.16562857913996,1,2,1,1
1350171072_1349534577_0,45,45,40,399.2718314404432,5,223.3417087828777,1,2,1,1
1350171044_1350170218_0,50,50,45,60.25871778009612,6,214.26129635412852,1,2,1,1
1350171044_1350170314_0,50,45,40,31.871558220907826,6,203.368091146064,1,2,1,1
1350171034_1349534848_0,45,45,40,308.613607359758,5,88.85121216751632,1,2,1,1
1350170931_1350169980_0,45,45,40,40.62778174746947,5,300.82470753492174,1,2,1,1
1350170931_1350170218_0,50,50,45,291.3073102772581,5,247.17899582289056,1,2,1,1
1350170854_1003235963_0,50,50,40,545.292993100096,5,439.8141856898018,1,2,1,1
1350171186_1350170931_0,55,50,45,157.81200510604123,5,183.1504427866756,1,2,1,1
1350171172_568648969_0,40,0,0,428.8957133036224,6,205.51426124751123,1,2,1,1
1350171119_1350170301_0,55,50,45,118.51211206984046,6,26.70509113555866,1,2,1,1
1350171075_1350170301_0,55,50,45,56.40890713313025,5,10.083260645599768,2,2,1,1
1350171072_3067636560_0,50,50,40,159.4566632931257,5,187.5344978861272,1,2,1,1
1350465982_1350466290_0,0,0,0,72.83244223695627,5,181.31800085707164,1,2,1,1
1350465982_1350465931_0,50,45,40,359.2568424785865,5,147.57824307058937,1,2,1,1
1350465955_1350466290_0,0,0,0,108.68407089235508,5,233.5992176406073,1,2,1,1
1350465931_416116777_0,40,40,0,111.60414199147972,5,73.64838860259457,1,2,1,1
1350465931_1350465982_0,50,45,40,359.2568424785866,5,147.57824307058937,1,2,1,1
1350465931_1350466712_0,50,45,40,80.26511668803292,5,145.07162363506268,1,2,1,1
1350465926_1350466776_0,0,0,0,36.2601550928003,5,196.3572581780748,1,2,1,1
1350466082_1350466480_0,0,0,0,580.4832649383947,5,132.20303864232858,1,2,1,1
1350466082_1350466885_0,0,0,0,173.6809318932491,6,189.4070163561159,1,3,1,1
1350466082_1350466016_0,55,55,50,229.6852187758273,6,88.69230998923618,1,2,1,1
1350466016_1350466082_0,40,40,0,229.6852187758273,6,88.69230998923618,1,2,1,1
1350466016_1350466688_0,55,55,50,319.88523799816534,6,0.0,1,2,1,1
1350466016_1350466211_0,45,45,40,326.85321065125595,5,63.45625423676704,1,2,1,1
1350465990_1350466742_0,55,55,50,25.91456495836527,4,324.7048335982591,1,2,1,1
1350465987_417329463_0,50,50,40,188.01483933342269,5,138.79707453257464,1,4,2,1
1350466480_808007297_0,40,40,0,227.99522912615387,5,217.82440308776677,1,2,1,1
1350466429_1350466857_0,0,0,0,110.42848203371516,5,181.8915493143221,1,2,1,1
1350466290_1350465955_0,0,0,0,108.68407089235508,5,233.5992176406073,1,2,1,1
1350466290_1350465982_0,0,0,0,72.83244223695628,5,181.31800085707164,1,2,1,1
1350466290_1350466812_0,0,0,0,147.46032661313615,5,233.5992176406073,1,2,1,1
1350466204_1350465987_0,40,40,0,11.752421950622738,5,129.96559060760606,1,4,2,1
1350466688_1350466016_0,55,55,50,319.8852379981654,6,0.0,1,2,1,1
1350466674_1071339525_0,50,45,40,94.70565135046688,5,10.157683072995498,1,2,1,1
1350466674_1071339487_0,50,50,45,63.50782528160243,5,0.0,1,2,1,1
1350466674_256680641_0,55,55,50,11.72038430545894,5,0.0,1,2,1,1
1350466509_1350465987_0,40,40,0,108.13756382959542,5,112.81863068875889,1,4,2,1
1350466480_1350466082_0,0,0,0,580.4832649383944,5,132.20303864232858,1,2,1,1
1350466480_1350466885_0,0,0,0,73.62221810686563,5,217.82440308776677,1,3,1,1
1350466742_319774339_0,40,40,0,138.2355372949721,4,319.5030431736509,1,3,1,1
1350466742_1350466480_0,0,0,0,251.7805843379268,6,217.82440308776677,1,3,1,1
1350466697_2535159267_0,40,40,0,5.067919221871658,5,32.90894085905262,1,2,1,1
1350466697_1350466678_0,40,40,0,40.45069889947285,5,15.468321265786027,1,2,1,1
1350466688_256680583_0,55,55,50,151.8262270203794,3,0.0,5,7,2,2
1350466688_1071400892_0,45,45,40,1738.4677343189628,3,0.0,1,4,1,1
1350466885_1350466480_0,0,0,0,73.62221810686565,5,217.82440308776677,1,3,1,1
1350466885_1350466978_0,0,0,0,151.4805648675215,6,222.98036932665548,1,3,1,1
1350466885_1350466082_0,40,40,0,173.68093189324912,6,189.4070163561159,1,3,1,1
1350466857_1350466429_0,0,0,0,110.42848203371516,5,181.8915493143221,1,2,1,1
1350466857_416116590_0,0,0,0,281.1976460890908,5,50.28367173646874,1,3,1,1
1350466857_1350466776_0,0,0,0,77.14944678913173,5,201.9554328722917,1,2,1,1
1350466812_1350466290_0,0,0,0,147.46032661313615,5,233.5992176406073,1,2,1,1
1350466776_1350465926_0,0,0,0,36.26015509280029,5,196.3572581780748,1,2,1,1
1350466776_416116584_0,50,50,45,180.4387225227966,5,71.92385498772892,1,2,1,1
1350466776_1350466857_0,0,0,0,77.14944678913173,5,201.9554328722917,1,2,1,1
1350686227_1350686077_0,0,0,0,173.58289579268063,5,750.0,1,2,1,1
1350685988_1350685765_0,0,0,0,80.52299910410352,5,555.9376912973165,1,3,1,1
1350685765_568490082_0,0,0,0,504.29013249898753,5,554.6076973872267,1,4,1,1
1350685765_583321739_0,0,0,0,86.93501410043825,5,555.064463923057,1,3,1,1
1350685765_1350685988_0,0,0,0,80.52299910410352,5,555.9376912973165,1,3,1,1
1350478836_9850467919_0,60,60,55,60.87273393738384,3,0.0,1,2,1,1
1350467003_319774964_0,45,45,40,18.72050367961352,5,80.26822550099777,1,4,3,1
1350466978_1350465990_0,40,0,0,47.38012467980656,6,282.2161927269606,1,2,1,1
1350466978_1350466885_0,0,0,0,151.48056486752154,6,222.98036932665548,1,3,1,1
1357271772_414683104_0,55,55,50,35.78719844604613,3,0.0,1,6,9,3
1351489479_1365367835_0,50,50,45,65.69782743709894,6,283.4802188587339,1,2,1,1
1351456765_2123195996_0,50,50,45,52.83821744629719,5,750.0,1,2,1,1
1351456765_904485248_0,50,50,45,237.99239962375856,5,750.0,1,4,1,1
1350812728_30254057_0,65,65,60,130.2519348491627,2,0.0,4,2,12,3
1350812728_2292981003_0,70,70,65,36.012308308519906,5,0.0,2,2,7,1
1350686296_416115210_0,45,45,40,235.6553596042344,5,186.3769651068015,1,13,1,1
1350686227_1817703603_0,0,0,0,546.620731518607,5,750.0,1,2,1,1
1362642915_1016384550_0,60,60,55,192.90673120877784,5,268.32924097526273,1,2,1,2
1357512253_5794183354_0,65,65,60,24.13936748833288,6,107.55816595671516,1,7,15,2
1357271853_1357271773_0,45,40,0,27.14346545740089,6,705.6913351090342,1,2,1,1
1357271829_1357271791_0,50,45,40,159.68742434902475,5,530.5869296671094,1,4,1,1
1357271796_331355856_0,65,65,60,66.43117022682767,3,0.0,6,4,4,1
1357271791_2704791825_0,60,60,55,72.39255346237344,5,481.3577860014549,1,3,1,1
1357271791_1357271829_0,50,45,40,159.68742434902475,5,530.5869296671094,1,4,1,1
1357271773_1357271853_0,40,40,0,27.14346545740089,6,705.6913351090342,1,2,1,1
1363598891_429742264_0,50,50,45,45.79520237250704,5,458.9207794005333,1,2,1,1
1363598881_1363598895_0,50,50,45,69.95795201767487,5,462.4208545721638,1,4,1,1
1362900013_1311619500_0,70,65,65,204.0971397676741,3,0.0,12,8,20,1
1362900013_12884134295_0,70,65,60,23.688289558824277,3,0.0,9,6,10,1
1362899977_1400442248_0,65,65,60,79.41535969155287,6,0.0,11,18,6,1
1362899971_1311619488_0,70,70,65,300.7824080568248,3,0.0,13,6,23,1
1365367738_412451014_0,60,60,55,205.92944287430632,6,592.303141748909,1,6,2,1
1363702653_1363702666_0,55,50,45,58.38380624820076,5,341.64434423318795,1,2,8,1
1363702653_30295215_0,60,60,55,74.91879060772048,6,266.9467487719754,1,2,6,1
1363606986_600466245_0,55,55,50,351.1603783862952,5,159.91020617234236,1,7,1,1
1363598895_6788067150_0,50,50,45,108.34396561986686,5,385.7276467007992,2,5,1,1
1365781116_1297521227_0,60,55,50,138.34620884736472,6,497.56133575704894,2,2,1,2
1365367852_1075648439_0,60,60,55,154.97124446476568,5,629.7565122947601,1,4,1,2
1365367852_30617626_0,60,60,55,52.21141947856933,5,629.7565122947601,1,4,1,2
1365367835_1351489479_0,50,50,45,65.69782743709894,6,283.4802188587339,1,2,1,1
1365367835_13117186604_0,50,50,45,14.498589927299522,6,269.1286805781188,1,2,1,1
1365367835_1365367844_0,50,50,45,178.39533975638994,6,283.4802188587339,1,5,1,1
1368519137_60969461_0,60,60,50,51.51739355356619,5,253.92541620558328,1,3,17,1
1368518996_82760174_0,55,60,65,110.08775592768647,6,355.8415878121085,1,2,36,5
1365781180_8463439353_0,55,50,45,4.757987377585205,5,133.82570741867136,1,2,1,1
1365781145_6939468887_0,60,60,55,74.47217991727152,5,411.8186891399734,5,6,3,1
4931851569_30295385_0,55,55,50,115.71182159391154,5,243.28694055248988,1,4,2,1
4931851569_31286314_0,65,60,55,57.0214524950116,5,227.7476964667164,1,5,2,2
4995013507_4995013505_0,55,50,45,8.079401880975817,5,191.80361336885136,1,3,1,1
4995013503_4995013505_0,55,50,45,20.836843534453116,5,191.80361336885136,1,4,1,1
4995013503_30296600_0,55,50,45,48.46035881862529,5,167.035310291278,1,4,1,1
4992914467_478855185_0,60,60,55,72.64331675911171,5,90.03119998814135,3,4,1,1
1365781145_392351451_0,60,55,50,17.54558452989473,5,398.8448164328557,5,3,2,1
1369500099_331356237_0,70,70,65,196.40714161531457,4,86.56721205177574,4,6,7,1
1368967605_30333341_0,65,65,60,48.4743665090174,5,105.4066208361854,3,4,33,1
1368967605_30554609_0,60,55,55,248.71571636564505,6,109.58043556426868,2,4,71,2
1368967605_30554613_0,60,55,50,110.01946268782967,6,0.0,5,4,41,1
1368967593_1303465752_0,60,55,50,5.418577721014707,5,52.34452200312282,1,2,12,1
1368967593_1303465773_0,60,55,50,68.08964670565295,6,50.571617469203886,1,2,20,1
1374317026_420553137_0,50,45,40,72.63617529870544,5,405.6632197962879,1,2,1,1
1374317019_1374317034_0,45,45,40,93.32711310049166,5,436.8975898459173,1,2,1,1
1369500099_30294708_0,70,65,60,116.36678219325466,4,202.3538635386493,1,4,6,1
1369500099_30294757_0,70,65,60,91.25109958256137,5,202.3538635386493,1,4,4,1
1374319492_5935527982_0,45,40,0,183.866107289001,6,208.54945725885668,1,2,1,1
1374317043_359238607_0,55,50,45,216.45851624927823,5,359.69089206314715,1,3,1,1
1374317043_420553137_0,50,50,45,151.87441266686852,5,386.9706686854854,1,2,1,1
1374317043_1374317034_0,45,40,0,61.777374002031394,6,386.9706686854854,1,2,1,1
1374317034_1374317043_0,45,40,0,61.777374002031394,6,386.9706686854854,1,2,1,1
1374317034_1374317019_0,45,45,40,93.32711310049164,5,436.8975898459173,1,2,1,1
1374317034_1374317026_0,45,40,0,154.86625728116277,5,448.3837226011931,1,2,1,1
1374317026_1374319495_0,45,45,40,81.07763444788691,5,476.28171222262273,1,2,1,1
1374319507_359238618_0,45,45,40,100.15413033443949,5,431.3022429028695,1,2,1,1
1374319503_1374319495_0,50,45,40,207.557480623819,5,503.60285184204656,1,2,1,1
1374319503_1374317025_0,50,50,45,340.84786794082675,5,496.1304095793908,1,2,1,1
1374319503_11535341853_0,50,50,45,71.51879539278242,5,486.3743661268896,1,2,1,1
1374319498_420553182_0,40,40,0,112.58750202401237,5,314.12975063332385,1,2,1,1
1374319495_1374319503_0,45,40,0,207.557480623819,5,503.60285184204656,1,2,1,1
1374370026_583321777_0,70,60,55,383.4315573527221,5,0.0,1,7,1,1
1374370024_1374370379_0,45,45,40,212.4118072376884,4,251.25773834151155,1,7,1,1
1374370024_566450878_0,60,55,50,764.7637106303728,4,0.0,6,12,1,1
1374370024_1374370319_0,40,40,0,133.84509625889984,5,251.25773834151155,1,6,1,1
1374369999_1374370398_0,45,40,0,86.74662716336067,5,577.4019029808123,1,2,1,1
1374369999_1374370616_0,40,40,0,56.22538972058391,5,607.8830451896922,1,3,1,1
1374369999_979755128_0,45,40,0,190.983703372232,5,607.8830451896922,1,2,1,1
1374370100_1818028655_0,55,55,50,124.86713146952836,5,71.40397515113698,1,4,1,1
1374370100_1374370448_0,50,50,45,333.27127595472047,5,60.80468941129901,1,3,1,1
1374370100_1374370838_0,55,55,50,295.06725004126463,5,63.02799328528057,1,6,1,1
1374370061_1374370842_0,45,45,40,109.4054786318384,5,618.7806060183673,1,3,1,1
1374370061_1374370839_0,45,45,40,241.3635202522808,5,488.0415701007901,1,3,1,1
1374370026_1374370416_0,65,65,60,185.28975554686656,3,0.0,1,4,1,1
1374370026_256680777_0,65,60,55,419.2323972779977,3,0.0,1,7,1,1
1374370319_1374370348_0,40,40,0,155.48066390141213,5,381.7189666986417,1,3,1,1
1374370319_1374370839_0,40,40,0,595.3725124999864,5,163.71290780141263,1,10,1,1
1374370319_1374370024_0,40,40,0,133.84509625889982,5,251.25773834151155,1,6,1,1
1374370258_1374370845_0,0,0,0,78.48544258062851,5,688.1884548524226,1,2,1,1
1374370258_534684915_0,45,45,40,376.5229232741276,5,724.0080666858966,1,5,1,1
1374370379_1374370348_0,45,45,40,25.20901059257997,5,445.1011181543441,1,2,1,1
1374370366_534684808_0,40,0,0,88.39351158600168,5,725.6708202663913,1,7,1,1
1374370362_1374370416_0,60,60,55,362.996549185328,5,0.0,1,6,1,1
1374370362_1374370838_0,65,60,55,69.56317539703004,5,51.246998506976304,1,3,1,1
1374370362_1374370827_0,60,60,55,319.87733949277634,5,54.93412796149406,1,7,1,1
1374370348_1374370319_0,40,40,0,155.4806639014121,5,381.7189666986417,1,3,1,1
1374370348_1374370619_0,45,45,40,108.44132940974004,5,463.0411448824681,1,2,1,1
1374370348_1374370379_0,45,45,40,25.20901059257997,5,445.1011181543441,1,2,1,1
1374370416_566450878_0,60,60,55,509.7666293963192,3,0.0,6,10,1,1
1374370416_1374370026_0,65,65,60,185.2897555468666,3,0.0,1,4,1,1
1374370398_1374369999_0,40,40,0,86.74662716336069,5,577.4019029808123,1,2,1,1
1374370398_1374370616_0,45,40,0,50.26053298083519,5,577.4019029808123,1,3,1,1
1374370379_1374370024_0,45,45,40,212.4118072376884,4,251.25773834151155,1,7,1,1
1374370616_1374370398_0,45,40,0,50.26053298083519,5,577.4019029808123,1,3,1,1
1374370574_1374370918_0,0,0,0,108.71911752649052,5,453.0798436845893,1,3,1,1
1374370574_979754866_0,0,0,0,66.10156292239328,5,449.0305462031558,1,3,1,1
1374370568_1374370258_0,0,0,0,197.6296995041085,5,579.4290383082902,1,3,1,1
1374370568_1374370845_0,0,0,0,127.48081854852109,5,579.4290383082902,1,3,1,1
1374370568_534683861_0,0,0,0,127.1563180107875,5,457.8083138591557,1,3,1,1
1374370794_1374370616_0,40,40,0,219.7854926750502,5,622.1123363911926,1,5,1,1
1374370789_1374370255_0,0,0,0,165.87943883474247,5,344.752521738252,1,4,1,1
1374370789_3343734111_0,40,40,0,59.87498272390008,5,503.1472418493025,1,3,1,1
1374370789_1374370839_0,40,0,0,31.538686230647983,5,488.0415701007901,1,3,1,1
1374370619_1809063155_0,45,40,0,144.3053579053278,5,436.377584892277,1,2,1,1
1374370619_1374370348_0,45,45,40,108.44132940974004,5,463.0411448824681,1,2,1,1
4880337149_262250645_0,65,60,55,34.80072389230393,3,0.0,6,4,13,1
4992822660_4992822662_0,60,60,55,147.58691303808354,5,32.241989238731115,4,2,1,1
4990469757_4990469756_0,60,55,50,41.64249260279292,5,419.2956771677185,3,3,1,1
4990469757_4758438067_0,60,60,55,9.191721507883264,6,410.6461749114073,3,3,1,1
4990469756_598221965_0,60,60,55,9.931264848574171,4,410.2201463492411,4,3,1,1
4965780374_1857472204_0,65,60,55,138.48372972546375,5,83.58192522437224,1,5,1,1
1374370616_1374370794_0,0,0,0,219.7854926750502,5,622.1123363911926,1,5,1,1
1374370838_1374370100_0,60,55,55,295.0672500412646,5,63.02799328528057,1,6,1,1
1374370827_1374370362_0,55,55,50,319.87733949277623,5,54.93412796149406,1,7,1,1
1374370827_1374371016_0,50,50,45,761.5966829910228,4,145.40749436516518,1,8,1,1
1374370817_1374371016_0,50,45,40,345.5749778570497,5,290.6937566075171,1,3,1,1
1374370817_1374370842_0,45,45,40,412.33142620434495,5,291.1365077309649,1,6,1,1
1374370817_1374370121_0,45,45,40,66.1790992388181,5,230.46953695353244,1,2,1,1
1374370839_1374370319_0,40,40,0,595.3725124999868,5,163.71290780141263,1,10,1,1
1374370839_1374370061_0,45,45,40,241.36352025228075,5,488.0415701007901,1,3,1,1
1374370839_1374370789_0,45,40,0,31.53868623064799,5,488.0415701007901,1,3,1,1
1374370838_1374371014_0,60,55,55,558.1138655421165,5,63.53633458812788,1,5,1,1
1374370918_1374370574_0,0,0,0,108.71911752649052,5,453.0798436845893,1,3,1,1
1374370918_534684948_0,45,40,0,274.96392848399984,5,555.7666142909567,1,5,1,1
1374370845_1374370568_0,0,0,0,127.48081854852104,5,579.4290383082902,1,3,1,1
1374370845_534685040_0,0,0,0,417.6647439887557,5,688.1884548524226,1,2,1,1
1374370845_1374370258_0,0,0,0,78.4854425806285,5,688.1884548524226,1,2,1,1
1374370842_1374370061_0,45,40,0,109.4054786318384,5,618.7806060183673,1,3,1,1
1374370842_1374370817_0,45,45,40,412.3314262043449,5,291.1365077309649,1,6,1,1
1374371016_1374370827_0,55,55,50,761.596682991023,4,145.40749436516518,1,8,1,1
1374371014_1374370838_0,60,55,55,558.1138655421164,5,63.53633458812788,1,5,1,1
1374371014_979755215_0,40,40,0,166.2974384616059,5,286.9018202691752,1,2,1,1
1374371014_1374370975_0,45,45,40,280.99305317613204,5,286.0466320125423,1,2,1,1
1374370975_1374371014_0,45,45,40,280.99305317613204,5,286.0466320125423,1,2,1,1
1374370918_979755738_0,0,0,0,88.46960745893904,5,540.9080457852214,1,3,1,1
1374757788_359234311_0,65,65,60,154.2905298958526,4,375.9654315882189,5,4,2,3
1374636541_30237706_0,60,60,55,116.87464860633072,4,0.0,5,4,32,1
1374636407_30238011_0,70,65,60,133.34453195636237,5,131.77424828756028,3,2,20,1
1374619186_412451710_0,55,55,50,38.10901856526574,5,465.3804665631046,1,2,2,1
1374371016_1374370817_0,50,45,40,345.57497785704953,5,290.6937566075171,1,3,1,1
1374800911_1374800974_0,50,50,45,12.585194027495447,6,115.70522947007844,1,2,1,1
1374800911_8119152610_0,50,50,45,7.726436587151966,6,115.70522947007844,1,2,1,1
1374800911_359236628_0,55,55,50,227.5281325265999,5,66.88327872087481,1,4,1,1
1374800910_1374801002_0,40,40,0,56.918743366827584,5,231.9672010676975,1,3,1,1
1374757842_359236956_0,55,50,45,58.37316319055918,5,462.0156444270063,1,2,1,1
1374757842_359236960_0,55,55,50,104.98420440576076,5,358.4294922378197,1,2,8,2
1374757842_1374757788_0,55,55,50,176.44733931322978,5,462.0156444270063,1,2,2,1
1374801002_5983130784_0,50,50,45,38.29566141531195,5,231.9672010676975,1,3,1,1
1374801002_4174394697_0,50,50,45,75.32643364887863,5,198.13755248075356,1,3,1,1
1374801002_1374800910_0,45,45,40,56.918743366827584,5,231.9672010676975,1,3,1,1
1374800974_1374800911_0,55,55,50,12.585194027495444,6,115.70522947007844,1,2,1,1
1374800974_1374801052_0,50,50,45,68.71848759516133,5,125.44500812590152,1,3,1,1
1374800951_4174370011_0,40,40,0,16.647589682184506,6,217.84859160155057,1,3,1,1
1374800915_4174384541_0,45,45,40,13.598066942882198,5,177.71125966950817,1,2,1,1
1375265160_1002675881_0,70,70,65,450.8121484772894,2,0.0,9,6,5,1
1375265147_1000063825_0,60,60,55,502.2976373038264,2,0.0,11,12,8,3
1375061083_1375061033_0,65,60,55,82.58778653909951,5,0.0,1,4,1,1
1375061083_1378987648_0,60,55,50,14.71785627237897,5,75.03608015413285,1,4,1,1
1375061083_1840721018_0,60,55,50,71.2722976932681,5,79.35707214075832,1,5,1,1
1374801052_1374800915_0,45,45,40,18.24976128936174,5,165.10474595037925,1,2,1,1
1375272376_31285435_0,60,60,55,130.72481065773104,5,160.82467254420405,1,3,2,1
1375272376_2087204997_0,65,65,55,95.91082195434232,5,182.8885097996926,1,4,2,1
1375272355_692263342_0,60,55,50,85.50521024376722,4,27.801577208514058,5,4,4,1
1375272355_1375272349_0,65,60,55,8.125809815231909,5,83.79961127554591,1,4,4,1
1375272349_269375412_0,60,60,55,105.05862622825632,4,83.79961127554591,2,4,10,1
1375265206_269377740_0,65,65,60,54.2558961571359,5,0.0,3,2,4,1
1375265179_1377842726_0,55,55,50,47.33002395201953,5,121.67738810522216,1,2,5,1
1375697911_30553756_0,60,60,60,142.9545330028638,6,277.2156264003959,1,11,30,1
1375697911_260723604_0,60,60,55,92.87825478566928,4,277.2156264003959,1,9,21,1
1375697892_30295105_0,65,60,55,38.38113127025616,6,165.65336075077948,1,2,7,1
1375291089_2466611020_0,60,55,50,121.03928174091484,3,0.0,5,2,1,1
1376141879_1375265216_0,55,55,50,100.95219206341784,5,10.47209017530457,1,4,2,1
1376141876_364718898_0,55,55,50,48.8062284892024,5,100.40822055387147,1,3,2,1
1376141876_1376141830_0,60,55,50,86.95261784485331,5,100.40822055387147,1,3,4,1
1376141876_1376141879_0,55,55,50,15.65045308737908,5,91.68667751723466,1,2,2,1
1376141830_1376141876_0,60,55,50,86.9526178448533,5,100.40822055387147,1,3,4,1
1375812340_30556625_0,60,55,50,32.946027379151346,4,240.8810977848164,5,2,11,1
1377806858_126781137_0,65,65,60,8.787219563510481,5,0.0,2,3,3,1
1377806827_364718311_0,65,65,60,38.08132194629198,3,0.0,5,4,1,1
1377806812_1551112035_0,65,65,60,196.9137542431855,4,18.443683994599745,3,3,2,1
1377225849_5260740738_0,60,60,55,276.12464789771843,3,0.0,14,11,17,2
1377225849_11282472012_0,70,65,60,31.294190426494996,3,0.0,18,7,4,1
1377842726_1375265206_0,55,55,50,127.43543920993662,5,27.719683059266984,2,2,6,1
1377806906_1377806863_0,65,65,60,28.158216160202954,3,0.0,5,3,1,1
1377806900_1375265160_0,65,65,60,552.7192413523987,2,0.0,9,10,3,1
4834502021_4834502023_0,65,60,55,121.50949864706249,5,0.0,8,4,2,1
4834501720_30252078_0,60,60,55,72.55271448224362,5,0.0,11,3,1,1
4931851569_2869959974_0,55,55,50,111.44520150564516,5,148.37821436299592,1,5,4,1
4931844351_4931844351_0,50,50,45,35.18916316983214,5,629.0022222113521,1,2,5,2
4931844351_13175411896_0,60,55,55,147.7125608991768,5,637.4036373085331,6,4,17,4
4922624387_363888331_0,65,65,60,103.51378980223627,5,0.0,7,4,3,1
4922624387_6091986825_0,70,70,65,18.828809874408115,2,0.0,2,3,1,1
4922624387_5313720234_0,70,70,65,146.1920279114377,2,0.0,4,6,6,1
1377806858_693196406_0,65,65,60,339.0982148644132,4,0.0,9,7,5,1
1378060284_1378060301_0,70,65,60,99.21967383766716,5,27.494482309805445,5,3,2,1
1378060258_1378060301_0,60,60,55,57.85384787662953,5,99.2619630810279,1,2,1,1
1377933441_1377933378_0,65,60,55,29.67918677980916,5,326.8887441026362,5,4,6,1
1377933441_1377933417_0,65,60,55,28.34788263310249,4,326.8887441026362,7,4,5,1
1377933400_356295242_0,70,65,60,41.40283547868857,4,50.53441690370566,3,8,1,1
1377842738_269380178_0,55,55,50,35.156901915908016,5,0.0,2,3,1,1
1378894231_442540269_0,65,65,60,50.859249733376224,4,14.166357953732636,6,5,9,1
1378087192_2087204994_0,70,65,60,77.8233333053514,5,0.0,8,3,16,1
1378087178_269383990_0,65,60,55,10.327296875744109,5,52.0600274027156,1,4,5,1
1378073789_998637904_0,70,70,65,152.34885878622657,5,38.89692581377881,1,3,6,1
1378073780_1378073789_0,65,60,60,39.48944148212288,6,65.9957751597871,1,2,5,1
1378060301_2087204997_0,55,55,50,111.02347704868822,5,117.99965553567506,1,2,1,1
1378060301_31285435_0,65,65,60,102.26484350290048,5,117.99965553567506,1,2,1,1
1378060284_692263343_0,65,60,55,12.024149966049483,4,22.79354121581849,5,3,2,1
1381852561_387127627_0,40,0,0,1476.6213434891022,2,0.0,13,16,6,3
1379023475_803435608_0,70,65,60,75.96454999925267,2,0.0,8,18,15,1
1379008700_1840721018_0,60,60,55,118.76846124765808,5,71.714193437044,1,5,1,1
1378987648_1375061083_0,60,55,50,14.71785627237897,5,75.03608015413285,1,4,1,1
1381889414_2965670786_0,55,50,45,23.717775320258216,6,750.0,1,2,3,1
1381889356_429742259_0,50,50,45,83.99950237170957,5,622.4019709892261,1,6,1,1
1381852561_863144004_0,65,60,55,91.99899313084887,5,0.0,8,3,1,1
1382873516_30237607_0,65,65,60,87.84996104927114,5,0.0,3,4,5,2
1381912196_1299414816_0,55,50,45,144.62369042995908,5,70.9337630130945,1,2,1,1
1381912196_6039142040_0,55,50,45,124.20521530403056,5,146.5959309563716,1,3,3,1
1381912176_30689175_0,60,60,55,36.89310770279735,5,628.6548278806442,1,2,1,1
1381889445_30297204_0,55,50,45,115.6139445205352,6,712.1649501774529,1,2,3,1
1381889445_4365004601_0,50,50,45,4.086416518025663,6,750.0,1,2,3,1
1382873617_269381077_0,70,65,60,124.70008235558936,3,0.0,2,11,9,1
1382873591_1382873554_0,60,60,55,29.82419905288659,5,0.0,4,2,6,3
1382873567_364991353_0,70,70,65,31.19081463307997,2,0.0,4,5,11,1
1400465774_1362900007_0,65,60,55,14.25838957131884,3,0.0,6,17,5,1
1400448339_559765964_0,65,65,60,18.28353462279344,2,0.0,10,6,19,1
1400448338_1400448339_0,70,70,65,24.207672461094607,2,0.0,10,5,20,1
1396408887_1396408886_0,65,65,60,152.3754276556798,5,66.78590256744357,2,6,44,1
4834501701_2264456435_0,55,55,50,74.81041702012521,5,321.9557626290228,1,3,15,1
4852602038_615815434_0,60,60,55,164.053426164563,4,14.41716590904783,10,8,1,1
4850661055_2589060116_0,65,65,60,36.57992092075892,5,115.0488003699162,5,3,1,2
4850190676_4589037149_0,65,65,60,6.865152726272822,4,13.239543497261671,8,7,1,1
4850174878_750591202_0,65,60,55,138.2349807303068,4,83.25876995573404,9,5,10,1
4840145821_30238018_0,65,65,60,132.42537499068777,5,133.34949972707568,4,2,8,1
4834502029_4834502023_0,60,60,55,82.22970086568245,3,0.0,10,3,3,1
4834502023_192284952_0,65,60,55,78.56218234930597,3,0.0,13,3,2,1
1382873680_1382873567_0,65,60,55,65.21316941858913,3,0.0,4,8,11,2
1382873656_1382873516_0,65,65,60,104.40800547483546,3,0.0,6,5,6,2
1400723037_1400723068_0,65,65,60,231.57196881750963,6,328.6042581374385,3,9,52,1
1400693909_30252173_0,65,65,60,4.343048503039062,6,75.43601590927118,1,2,12,1
1400693886_194583692_0,65,65,60,95.2565731175965,3,0.0,5,3,11,1
1400544022_775644929_0,65,65,60,38.241667000491645,5,358.97155465153816,1,2,19,1
1400544019_2560076882_0,55,55,50,98.29810101589771,6,229.2697741177693,1,2,17,1
1400544019_30884299_0,60,55,50,60.78505575947238,6,302.6347821444179,1,3,17,1
1400530691_11992098841_0,60,60,55,76.25890644542889,6,134.50958780004424,1,3,30,1
1401840803_347712613_0,65,60,55,1003.5421832708416,1,0.0,23,15,6,1
1400747755_30243944_0,45,50,60,53.36161052542888,5,306.9514481188517,1,2,46,1
1400747751_30243942_0,40,40,40,61.61416658354858,5,310.8540909529839,1,2,51,1
1400747727_2850693122_0,65,60,65,62.11177396625016,6,263.0054431164537,1,3,26,1
1400723087_26057116_0,60,55,50,134.19688317661223,6,0.0,3,13,31,1
1401857361_255861698_0,65,65,60,1620.4947625137593,1,0.0,43,26,44,2
1401841446_876277535_0,60,55,50,119.13650807786406,5,0.0,1,2,2,1
1401840805_1401857363_0,65,65,60,336.1905772308924,3,0.0,1,4,1,1
1403050970_1636238518_0,45,45,40,15.172700926093944,5,252.81669256835517,1,4,22,1
1403050970_30343398_0,50,50,45,66.99716419949542,5,252.81669256835517,2,4,27,2
1402845495_30343411_0,70,65,60,40.25619321135012,5,0.0,4,2,9,1
1401857363_1402845495_0,55,55,50,415.52633862604256,3,0.0,3,3,4,1
1404124266_2558969940_0,50,50,45,90.32415583102058,5,449.1129191981802,1,3,18,1
1404124266_30312388_0,60,60,55,491.7098586514069,4,325.534660593898,1,6,17,3
1403082237_30343571_0,65,60,55,14.628993982258162,4,473.5846325192706,1,4,14,1
1403075656_30343490_0,55,50,45,15.634303159670948,4,528.3440706870877,1,4,20,1
1420002195_1420002196_0,55,55,50,135.3638439861842,5,500.9709390947684,1,3,3,1
1404850802_7039662345_0,50,50,45,97.11400735409606,5,497.8756855349049,1,4,1,1
1404850802_7039662359_0,55,55,50,119.59093264491918,5,404.4140956098143,1,5,2,1
1404317225_568811043_0,70,70,65,1424.6967229091345,4,17.779927844727624,1,3,1,1
4834501688_178508430_0,55,50,45,83.08814249816615,4,314.73728873638646,1,5,6,1
4834501715_2264456438_0,65,65,60,83.83607664614911,4,59.74226825402543,1,4,1,1
4834501715_2264456443_0,65,65,60,71.94980809581165,4,140.81007227140498,1,3,1,1
4834501706_168491440_0,60,60,55,183.9826021421906,4,354.85116036824104,10,2,1,1
4834501706_2264456435_0,55,55,50,221.00216599590783,5,321.9557626290228,10,3,12,1
4834501706_30248297_0,55,55,50,13.144093802480176,5,342.5204519804312,10,2,1,1
1431153170_1431153198_0,45,45,40,89.85401761851084,6,321.933381765982,1,2,1,1
1431153131_5935529688_0,45,45,40,57.82459674374303,6,360.8471237227936,1,2,1,1
1431153131_534332665_0,45,45,40,191.71839686562328,6,360.8471237227936,1,2,1,1
1421429965_1421429967_0,65,65,60,55.65291730340806,6,65.95032916360277,1,6,20,1
1437748520_1437748518_0,55,50,45,114.15114976070385,6,232.0577374531429,1,2,6,1
1437748520_30296295_0,55,55,50,44.06665282843732,6,191.3601549325041,1,2,4,1
1437748517_1437748515_0,60,60,55,52.11673054392327,6,35.80916269964694,1,4,1,1
1437748515_1437748517_0,60,60,55,52.11673054392326,6,35.80916269964694,1,4,1,1
1431153202_1431153198_0,45,45,40,104.86697008459524,6,387.728421387289,1,2,1,1
1431153202_2505271562_0,40,40,0,115.90530452139072,6,288.41096666651475,1,2,1,1
1431153198_1431153170_0,50,50,45,89.85401761851085,6,321.933381765982,1,2,1,1
1431153195_1431153170_0,45,45,40,67.36409697032369,6,329.481159013276,1,2,1,1
1445340182_30554542_0,50,50,45,8.334251971640759,6,207.2316795096818,1,2,12,1
1437748533_2706292285_0,60,60,55,111.60128113394354,4,15.166513606363848,4,5,1,1
1437748533_1437748528_0,55,50,45,106.9794510608738,5,16.377637961589627,1,5,1,1
1437748528_572001922_0,55,50,45,88.45169463901962,5,122.94115041023484,1,2,1,1
1437748523_425635752_0,50,50,45,72.13426209566991,5,64.14485273795567,1,3,2,1
1437748523_425635743_0,50,50,45,136.68621617109338,5,64.14485273795567,1,3,1,1
1437748521_320857509_0,65,60,55,73.43333929746578,5,12.183265574515458,5,4,1,1
1457780043_60969476_0,65,65,60,30.5724559404107,5,51.95702326975995,3,3,6,1
1454439253_412464271_0,70,65,60,132.43770956876108,3,0.0,3,11,4,1
1454439253_412461999_0,70,65,60,201.96242863532157,5,0.0,4,12,6,1
1454439246_412461999_0,60,60,55,82.70761014561648,5,77.9861554330009,3,6,5,1
1454439246_11239790234_0,65,65,60,244.04819429456413,4,0.0,7,11,5,1
1454439246_331356237_0,70,65,60,9.285393213682989,4,77.9861554330009,3,5,4,1
1457780180_1457780043_0,65,65,60,36.262435774507374,4,20.902570462702474,5,3,8,1
1457780180_1457780109_0,65,65,60,23.93445303589425,4,0.0,7,3,8,1
1457780180_431101858_0,65,65,55,86.23782430102315,6,18.31210452786112,8,3,11,1
1457780109_412398704_0,65,65,60,106.72458048119626,3,0.0,9,2,13,2
1457780109_568847350_0,65,65,55,101.6342037269549,3,0.0,9,3,12,2
1457780043_1457780180_0,70,70,65,36.262435774507374,4,20.902570462702474,5,3,8,1
1469158191_1840720982_0,70,65,60,28.41286910785028,3,0.0,5,10,9,1
1469158191_364829686_0,70,65,60,388.91511794919353,3,0.0,7,16,12,1
1465896597_979755215_0,0,0,0,101.79599302757856,5,398.81073881165065,1,2,1,1
1465896597_979755015_0,0,0,0,337.18414523090536,4,489.0417600954633,1,3,1,1
1479161820_1479161523_0,65,65,60,91.35307199290574,4,153.57883809753977,13,5,8,1
1479161523_3184350832_0,65,60,55,73.32625998390724,4,218.2575710101675,11,4,5,1
1477718847_30237481_0,60,60,55,96.69484947844248,5,0.0,2,7,10,1
1477718847_1904455769_0,65,65,60,73.40696300351789,3,0.0,5,7,13,1
1477718847_30294184_0,70,65,60,120.77036288969892,3,0.0,5,8,13,1
1475044290_1475044289_0,65,60,55,134.94931749065077,5,0.0,2,4,4,1
1475044289_269382694_0,60,60,55,82.11042561648246,3,0.0,4,3,2,1
1475044288_3109574424_0,55,50,45,117.0572810253219,5,48.1021442393164,3,3,16,1
1479334819_10182331320_0,65,65,60,80.80014489806011,6,58.41431461822918,6,2,2,1
1479334819_1479334915_0,65,65,60,139.8539931083122,4,58.41431461822918,9,3,4,1
1479334726_4850174878_0,70,65,60,12.168694730713565,5,95.5478730788231,5,4,7,1
1479334690_1479334626_0,65,60,55,139.33942953266012,6,0.0,3,2,17,1
4834501661_30238385_0,65,65,60,187.54199119171915,3,0.0,16,18,47,1
4834501699_10967809658_0,55,55,50,187.93785767565112,4,404.6977989752238,4,2,1,1
4834501695_2495394055_0,50,50,45,55.05651735450422,5,425.056082885286,1,3,3,1
4834501695_4834501691_0,55,55,50,98.63280519843067,4,452.10338030049047,9,3,3,1
4834501691_4834501695_0,55,55,50,98.63280519843067,4,452.10338030049047,9,3,3,1
1479334626_1479334690_0,65,65,60,139.33942953266012,6,0.0,3,2,17,1
1479334626_30685337_0,65,65,60,14.55197727111705,3,0.0,3,2,11,1
1479161820_506470212_0,65,65,60,127.70035378067224,4,87.09548201038108,8,4,8,1
1479334951_1479334732_0,65,60,55,139.24541775946213,5,0.0,10,5,8,1
1479334915_1479334771_0,70,65,60,139.64712963663578,4,95.02549748506672,10,5,8,1
1479334897_30243361_0,70,65,60,61.804636005249534,5,0.0,6,3,4,1
1479334879_30243313_0,65,65,60,154.96922710102112,5,129.52761895005736,6,4,2,1
1479334879_1479334886_0,70,65,60,141.006463526098,4,12.458818973440923,11,4,7,1
1479334855_3181254555_0,65,65,60,92.76272373571996,4,133.0045474143019,3,4,10,1
1479334850_1479334951_0,65,65,60,95.6381212791857,5,0.0,7,3,7,1
1479422584_950190651_0,70,70,65,85.9486168063237,4,16.749332501232622,1,3,1,1
1479422555_3191418787_0,70,65,60,651.7648727662462,2,0.0,27,12,24,3
1479334951_30238017_0,60,60,55,122.57019942799135,3,0.0,7,3,11,1
1483794627_1483794695_0,60,60,55,108.7252716743217,5,0.0,5,7,1,1
1482469049_966339770_0,65,65,60,150.39204095967517,5,135.396626482895,4,3,1,1
1482469049_667898752_0,65,65,60,88.15978941247674,5,160.04422739499228,7,2,1,1
1482182667_243586498_0,55,55,50,796.7674962789946,1,0.0,1,3,1,1
1480306510_2533347689_0,60,60,55,76.50416248839788,4,12.57159573094444,2,6,2,1
1480306510_622350685_0,70,70,65,96.13983961051676,5,12.57159573094444,1,6,2,1
1484164576_1484164576_0,50,45,45,490.6599154045284,6,320.54740425811434,1,2,1,1
1483861180_1483861011_0,65,65,60,32.96109119545161,4,198.97804813128133,7,2,1,1
1483860797_1483861162_0,65,65,60,52.87940203480623,4,193.9327231982008,4,4,1,1
1483794695_1483794627_0,60,60,55,108.72527167432172,5,0.0,5,7,1,1
1483794627_5936863414_0,65,60,55,98.50529427083892,6,0.0,5,8,1,1
1483794627_3208632836_0,65,60,55,108.8118230529977,3,0.0,8,9,1,1
1484829178_1484829140_0,45,45,40,52.39438343358786,6,251.14847205962383,1,5,1,1
1484829178_1484829160_0,50,50,45,68.7251281995279,6,288.487554833723,1,5,1,1
1484829160_2449580477_0,50,50,45,40.93973512863802,6,352.0468311893624,1,3,1,1
1484829160_1484829178_0,50,45,40,68.7251281995279,6,288.487554833723,1,5,1,1
1484829160_2742735137_0,45,45,40,35.4674725192143,6,341.4317675374685,1,4,1,1
1484829140_1484829178_0,45,45,40,52.39438343358786,6,251.14847205962383,1,5,1,1
1484829140_1484829198_0,50,50,45,144.84719689735977,6,251.14847205962383,1,5,1,1
1484164576_1484164576_1,50,45,45,490.6599154045284,6,320.54740425811434,1,2,1,1
1487126966_30558453_0,70,70,65,134.2783415169482,6,0.0,3,6,9,1
1485622290_412398695_0,65,65,60,75.62451802761055,3,0.0,5,4,12,8
1496412815_8175209748_0,65,60,55,23.804447574963756,5,92.19560948699156,3,2,1,1
1496412815_12238344500_0,70,65,60,22.53195887943645,5,96.6634309997232,3,2,1,1
1496385013_1496385009_0,55,55,50,32.20193308730674,5,30.60220114883024,1,2,1,1
1496385009_1496385013_0,55,55,50,32.20193308730674,5,30.60220114883024,1,2,1,1
1496385006_412362696_0,55,50,45,130.43237096462025,5,75.06243979214564,1,4,1,1
1487379449_412549132_0,55,55,50,65.62691156894854,5,53.00355115814784,2,4,5,1
1506156402_1506156403_0,60,55,50,74.72741788056504,5,282.5730108190153,1,4,1,1
1506154303_1506156402_0,55,55,50,360.3277780384264,5,149.59105271164026,1,6,1,2
1506154303_30688819_0,55,55,50,146.92226875446303,5,149.59105271164026,1,3,1,2
1503027493_1503027492_0,60,60,55,92.27641100251176,6,94.74662883917128,1,4,8,1
4834501688_30298929_0,50,50,40,132.43901367967058,5,391.1178888366136,1,5,3,1
4834501685_2264456446_0,60,60,55,65.44632184771302,4,152.1953868938509,18,3,13,1
4834501684_5644568122_0,65,65,60,27.932981065154284,4,102.52404921743532,5,3,10,1
4834501669_2984948749_0,60,60,55,191.56197834047583,3,0.0,8,7,14,1
1503027492_1503027493_0,60,60,55,92.27641100251176,6,94.74662883917128,1,4,8,1
1526422858_1303465774_0,70,70,65,63.78160749478407,4,58.61598062600702,6,12,6,1
1526422858_364670487_0,70,70,65,33.67498819741515,4,31.495405305197277,7,13,8,1
1520865918_387127682_0,45,45,40,107.04351515175276,5,84.18069179864084,1,3,1,1
1514106961_30298891_0,60,60,55,69.08966135019465,5,244.46059054728468,1,5,7,1
1514106961_1514106960_0,60,60,55,58.61840425763213,5,310.9800241915804,1,5,6,1
1514106960_2525386221_0,60,55,50,97.70308012084838,5,326.6867150266591,1,4,13,1
1514106960_2264456431_0,50,50,45,54.32324035393701,5,326.6867150266591,1,4,5,1
1532752078_1532752077_0,65,65,60,134.1280159026298,2,0.0,4,2,2,1
1532752077_30248535_0,70,65,60,130.95593065938004,2,0.0,2,2,2,1
1528760851_30294177_0,60,60,55,98.75969300400342,5,50.71725961110062,1,7,16,2
1528732109_690679209_0,65,65,60,211.66481355065687,4,2.9550807245357884,2,8,1,1
1528727078_681936233_0,70,65,60,40.30588050363293,5,31.89001150802106,10,3,9,1
1528717122_30251173_0,70,70,60,59.59828286360572,3,0.0,11,3,8,1
1526596969_1526596963_0,55,55,50,113.21057278811426,5,301.73332028733546,1,2,1,1
1526596963_568847326_0,55,50,50,51.899927859736266,5,250.68930159768743,1,2,1,1
1526542623_412453978_0,70,65,60,22.328942102445488,4,10.804893086160329,2,5,1,1
1532984315_2630581373_0,45,45,40,94.738968147315,5,677.723526976038,1,4,2,1
1532984315_1310620180_0,60,55,50,4.98294002929439,5,675.0923861722816,1,4,2,1
1532752086_10177414029_0,70,65,60,115.86208052429248,4,0.0,5,2,14,1
1532752084_10182310913_0,65,65,60,118.6878630101487,2,0.0,9,2,14,1
1532752081_10177414047_0,70,70,65,118.24725696550097,5,0.0,3,2,1,2
1532752081_1532752080_0,70,65,60,133.14617939430775,2,0.0,5,3,5,2
4736087618_30313171_0,60,60,55,142.658820534488,4,165.4489971084518,1,6,6,1
4834501659_1495940226_0,65,60,60,56.45746654857521,3,0.0,7,6,36,1
4834501656_4834501659_0,60,60,60,54.391845999471904,3,0.0,9,5,36,1
4834501650_4834501653_0,60,60,55,54.5425752407549,3,0.0,11,4,35,2
4834501649_4834501650_0,60,60,55,16.316050076830617,3,0.0,11,4,30,2
4834501645_4834501648_0,65,65,60,51.95115098672105,3,0.0,9,4,24,1
4834501641_4834501645_0,65,60,55,48.65620234625999,3,0.0,10,4,15,1
4834501641_4538123412_0,60,60,55,13.844751189350651,5,0.0,6,4,10,1
1532752080_10182331327_0,70,70,65,120.6106810085876,2,0.0,7,2,9,1
1532752078_30246862_0,70,65,60,132.8821311620369,3,0.0,4,4,7,1
1532984392_387127584_0,65,65,60,53.24403044700348,5,351.0902751229032,1,4,1,1
1532984392_1532984351_0,50,50,45,188.75250403864524,6,351.0902751229032,1,6,1,1
1532984351_1532984392_0,55,55,50,188.75250403864524,6,351.0902751229032,1,6,1,1
1532984351_412452134_0,60,60,55,23.494382081118594,5,507.1048538847769,1,5,1,1
1551112040_692807367_0,70,70,65,84.17354170994247,5,83.50490172358977,1,3,2,1
1551112035_1723184949_0,65,65,60,81.17409556203245,5,213.91711735767063,1,2,2,1
1551112026_6064789701_0,65,65,60,145.52765238208622,4,257.7193375912521,1,5,7,1
1575396667_30914460_0,55,55,50,92.86425636523788,5,301.20212468959687,1,4,3,1
1575396667_3085906940_0,50,45,40,149.73883325707672,6,305.61893319450866,1,4,6,1
1567435229_359236400_0,60,60,55,37.69163659508038,4,17.02652013868719,1,4,1,1
1563507928_30689056_0,45,45,40,208.02227850076997,5,364.6035939186222,1,2,3,1
1555628857_687897083_0,55,50,45,133.0164810345154,5,328.91518431514976,2,4,4,1
1555628857_35120259_0,60,60,55,7.989974194133838,5,322.4816375377604,1,3,1,1
1551112054_8397656591_0,65,60,55,17.8105512935795,5,326.8984426895142,1,2,5,1
1551112040_1584415322_0,60,60,55,29.33176399034311,4,83.50490172358977,1,3,1,1
1588281327_387127643_0,70,65,60,101.99981791420674,5,464.779414515044,4,4,3,1
1588281317_1046613011_0,50,50,45,75.1151491671403,5,199.50262110344164,1,2,1,1
1588281289_1588281317_0,55,50,45,68.13431992314014,5,190.7321321163178,1,2,1,1
1584415327_11117566675_0,65,65,60,146.3976124713501,5,17.78496526121207,8,11,1,1
1584415322_1551112040_0,60,60,55,29.331763990343106,4,83.50490172358977,1,3,1,1
1584415322_30313376_0,60,60,55,154.99023143759857,5,57.39676842272589,1,7,1,1
1595524645_1771982085_0,70,70,65,99.43150247544015,2,0.0,8,6,1,1
1595240068_30343269_0,60,60,55,105.4500855898033,5,147.81659952318324,1,2,11,3
1592978370_387127694_0,60,60,55,80.67912415150475,2,0.0,6,5,9,1
1599256331_4251653388_0,55,50,45,14.54889411205569,5,585.345259452602,1,4,1,1
1599256242_1297790631_0,65,60,55,80.11572453019897,5,169.82564972017244,1,4,1,1
1599256242_834395537_0,65,60,55,230.6622977868472,5,131.8441574295309,1,5,1,1
1599256199_1599256602_0,55,55,50,196.1183648357868,5,325.7055497916918,1,2,1,1
1599256199_1599255986_0,50,50,45,631.8140519214993,5,276.4952795599609,1,2,1,1
1599256170_834395537_0,40,40,40,117.04145770487678,5,161.88158485860652,1,2,1,1
1601776177_1601776198_0,60,55,50,188.67819378514272,5,81.93442874277605,4,2,5,1
1601776162_30297377_0,60,60,55,148.48491041207734,4,21.078469558754296,5,5,4,1
1599256614_1599256331_0,50,50,45,135.42384691953146,6,586.2227505127753,1,4,1,1
1599256602_1599256199_0,55,55,50,196.1183648357868,5,325.7055497916918,1,2,1,1
1599256331_9378519453_0,45,45,40,115.09517171532976,5,570.3807733877865,1,4,1,1
1599256331_1599256614_0,50,50,45,135.42384691953146,6,586.2227505127753,1,4,1,1
1613639964_1613639995_0,60,55,55,343.5181825215263,5,83.57680828727533,1,2,1,1
1610134946_425611711_0,60,60,55,31.578761563816485,5,728.8618584710715,10,6,1,1
1610134825_425612117_0,60,55,50,31.23939649545381,5,718.4757242057902,13,5,1,1
1603753674_30243342_0,65,65,60,175.7135658014708,2,0.0,8,17,23,3
1603753674_7507211481_0,70,70,65,44.15033823115009,4,0.0,6,9,20,1
1601776198_506223397_0,65,65,60,81.94766328563752,4,0.0,9,3,3,2
4697774030_8465472214_0,60,60,55,85.49807167494386,5,129.7679863879111,1,6,1,1
4834209607_4834212396_0,65,65,60,133.35494140227323,5,19.179447194952143,8,10,12,1
4834209607_30243878_0,65,60,55,127.85003653917154,5,19.1795290254028,6,6,10,2
4804203390_3762069452_0,65,60,55,246.5942677865908,5,92.6709372161924,1,4,1,1
1601776177_1303457199_0,60,55,50,21.2774895494093,5,235.2541980800514,1,2,2,1
1613654137_6788605473_0,60,60,60,36.113428987423184,3,0.0,15,2,1,1
1613654102_1613639987_0,55,50,50,73.10178013301054,5,60.15933930369913,1,2,1,1
1613654079_2344314669_0,60,60,60,37.89229594681773,3,0.0,6,2,1,1
1613639995_1613639964_0,60,55,55,343.51818252152634,5,83.57680828727533,1,2,1,1
1613639987_1613654102_0,55,50,50,73.10178013301054,5,60.15933930369913,1,2,1,1
1621899798_1621899825_0,60,60,55,122.85099254186764,5,400.6899098858696,4,2,4,1
1614010934_1614010928_0,70,65,60,45.37769646671991,3,0.0,12,9,7,1
1614010928_1614010934_0,70,65,60,45.3776964667199,3,0.0,12,9,7,1
4690881901_30297970_0,50,50,40,90.82884103307444,5,170.56326060929896,1,2,54,1
4688436066_4834501699_0,55,55,50,179.44352230118454,4,464.7264774149194,1,2,1,1
4719409243_30237645_0,70,70,65,268.62320769648056,5,0.0,9,3,43,2
4719409243_71643529_0,65,65,65,150.03666712789413,3,0.0,7,4,21,1
1613682462_4005942352_0,70,70,60,418.3624740121893,4,80.05797307295485,1,2,1,1
1621899823_30312481_0,60,60,55,135.89036763947863,5,390.32642036583405,4,2,2,1
1621899821_30312484_0,55,50,50,133.5395159133611,5,391.812061835773,6,2,1,1
1621899821_1621899834_0,60,60,60,149.37417848780038,5,406.89778695893017,5,2,1,1
1621899820_1621899836_0,55,55,50,68.45344772740894,5,400.31874499281145,8,2,5,1
1621899820_365566117_0,70,65,60,130.91681895434468,6,270.2094389585753,4,4,8,1
1621899818_1621899820_0,60,60,50,66.68868844656,5,401.0848584355578,5,2,7,1
1621899817_536428053_0,65,65,60,148.61727411542296,4,265.38990023134096,7,6,10,1
1621899836_2262659967_0,55,50,45,72.42579071025429,5,349.52366006433607,9,2,5,1
1621899834_381897080_0,65,65,60,144.56937434596256,5,264.72548808411887,4,2,2,1
1621899834_1621899823_0,60,60,55,134.3027107823711,5,409.1408880513572,4,2,2,1
1621899831_1621899798_0,60,60,55,134.0704053469926,5,399.91338428930766,4,2,7,1
1621899831_506151644_0,55,55,50,135.41188324396106,4,266.369171205029,4,2,4,1
1621899827_30242975_0,60,60,55,133.79812589996718,4,392.13758404515823,3,2,7,1
1621899825_30253208_0,65,65,60,137.27132816845966,5,265.51461879407265,3,2,2,1
1621899825_1621899821_0,55,55,50,132.46371025455554,5,402.76157724447967,5,2,1,1
1621899823_1621899817_0,55,55,50,126.96454824435142,5,410.6133456003207,6,3,5,1
1622039313_30243356_0,50,50,45,136.41605640576182,5,512.856500201517,2,2,3,1
1622002042_1622002024_0,60,55,50,133.80038560567493,4,391.774771149749,6,3,5,1
1622002042_1621899827_0,60,55,50,123.1762144923587,5,414.1156234410528,5,4,11,1
1621904464_3075809787_0,65,65,60,23.52939372026917,4,182.515354688192,3,2,2,1
1621904452_2262660125_0,65,65,60,66.85404168360236,5,391.2832647098095,3,4,4,1
1622039338_1622039339_0,50,50,45,65.6700627584545,5,47.4729139395432,1,2,2,1
1622039338_1622039365_0,50,50,45,67.9756523482133,5,47.4729139395432,2,2,3,1
1622039335_3369034784_0,55,55,45,36.02024040629445,5,22.17886860931809,3,2,1,1
1622039335_1622039331_0,50,50,45,321.24224021492483,5,34.38432640533913,7,7,1,1
1622039335_4338262500_0,50,50,45,16.027982511050563,5,52.32429040783266,1,2,1,1
1622039331_12952468148_0,65,65,55,36.71954299748868,4,0.0,11,7,1,1
1622039330_1622039317_0,55,55,50,124.79834002663428,5,46.39566293863055,2,2,2,1
1622039317_1622039338_0,55,55,50,67.42028509676966,5,46.3921523243396,1,2,1,1
1622039317_30297360_0,60,60,55,67.36909345803083,5,46.39566293863055,1,2,1,1
1622482873_523781576_0,65,60,55,215.18200729500649,3,0.0,5,5,1,1
1622039365_6227506599_0,60,55,50,48.34640425316921,5,0.0,5,3,2,1
1622039363_5286242896_0,65,60,55,16.162344220341907,5,234.2376446171453,5,3,1,1
1622039363_1622039362_0,65,60,55,129.94500765295817,4,239.56420435782195,8,4,1,1
1622039362_4323496660_0,60,55,50,196.437585844732,5,262.174147472637,3,4,1,1
1622039362_561521651_0,60,60,50,40.72111941744045,4,363.61528781705766,6,3,2,1
1622039347_3369034783_0,55,50,45,36.62568680425973,6,153.39035376098917,1,2,1,1
4653143521_4653143530_0,40,40,0,309.63151441291234,5,474.17050189310567,1,2,1,1
4645000181_4230940844_0,40,0,0,16.217559047029454,5,327.79059947448894,1,2,1,1
4645000181_4230940846_0,0,0,0,32.03208061852751,5,320.85469786387023,1,2,1,1
4697774023_420058233_0,50,50,45,461.2295843692829,5,731.3647265289694,1,6,1,1
4697774019_420060603_0,60,60,55,14.49685733182596,5,740.8022761398134,1,3,1,1
4697774019_2111498693_0,55,55,50,27.24086920571314,5,731.9638761240237,1,3,1,1
4697774017_4697774019_0,50,50,45,27.72810312983504,5,743.4560827167579,1,3,1,1
4691418496_5998108121_0,55,50,45,66.9219398327005,5,205.9979929176364,1,2,2,1
4691418496_2687171805_0,55,55,50,50.42530634977878,6,253.8803742238481,1,2,2,1
1623835965_1623835968_0,55,55,50,92.48395750546416,6,154.82346652123894,1,2,3,1
1623835965_1312053337_0,55,55,50,79.22395359874726,6,245.4633185043424,1,2,4,1
1623835963_1623835965_0,50,45,40,45.75551721818184,6,247.1963667835929,1,2,7,2
1623835963_3945316920_0,50,45,40,60.6549348840813,6,292.91585073958265,1,2,7,1
1636238503_21638867_0,55,55,50,15.764159815696338,4,465.1567935951809,1,5,10,1
1636238502_30343473_0,50,50,40,83.96742364855622,5,591.0282892596939,1,2,26,1
1636238502_30343651_0,45,45,0,15.25177502624671,5,591.0282892596939,1,2,21,1
1635327538_30617833_0,65,60,55,62.74760438360257,3,0.0,5,7,2,1
1624948210_30246768_0,70,70,65,73.47340642728439,3,0.0,5,4,6,3
1624948207_1624948210_0,60,60,55,134.425958973034,6,0.0,2,5,11,4
1624364336_30264590_0,60,55,50,86.14435681226189,6,285.4168240707833,1,2,4,1
1624143902_12645457284_0,60,55,50,136.42631487179332,6,0.0,3,3,2,4
1636238525_1636238526_0,50,50,45,61.32802778220166,5,71.1921086745496,1,2,15,3
1636238525_30343265_0,60,60,55,61.12511678851271,5,71.1921086745496,1,2,18,3
1636238524_1636238525_0,50,50,45,59.01383047616836,5,55.63791703102137,1,2,17,3
1636238523_1595240068_0,55,55,50,100.08112800143763,5,171.29519645414365,1,2,9,1
1636238520_30343597_0,50,45,40,15.138952204906431,6,351.0939766254666,1,2,14,1
1636238518_1403050972_0,55,55,50,14.72537062555138,5,257.7543401665527,1,4,23,1
1636238504_1636238502_0,65,60,55,108.92633411517276,5,487.9049918962902,1,3,33,1
1636238503_866954696_0,55,50,50,109.7063207285864,5,465.1567935951809,1,4,24,1
1636238503_30343459_0,60,60,55,14.611202085767312,4,461.8818495187849,4,4,9,1
1666958583_1666958604_0,65,65,60,69.63579889493612,6,128.19948343353914,1,2,7,1
1652627158_3005325699_0,60,60,55,135.22026027572272,5,207.6291924132501,1,2,5,1
1652620972_30243353_0,55,50,45,139.7762171214417,5,323.54675777223235,1,2,3,1
1645362844_59850118_0,70,65,60,75.50902847748371,6,0.0,2,2,7,1
1636238526_30343488_0,60,60,55,104.08154539531408,5,89.43010774964984,1,2,11,3
1684889825_1684889811_0,50,45,40,270.3239841713476,5,161.77655977358015,1,2,1,1
1684889811_533665304_0,55,55,50,81.26816185604751,5,205.92915618096723,1,2,1,1
1684889804_898791653_0,55,55,50,23.054802448293085,5,274.9790203474143,1,3,1,1
1684889804_178616217_0,60,60,55,80.07467971138846,4,269.7014379091685,1,5,4,1
1666958604_1666958583_0,60,60,50,69.63579889493612,6,128.19948343353914,1,2,7,1
1695282549_387127746_0,65,60,55,24.322580169970617,4,389.46950853930497,3,2,5,1
1695239287_366996302_0,65,60,55,52.65153026883738,5,0.0,5,4,1,1
1695228276_561249971_0,55,50,45,104.7298029334901,5,124.8848602460858,1,2,2,1
1695219624_5643458635_0,55,55,50,172.44580744891536,5,456.6116639219709,1,5,6,1
1695062667_1695059619_0,60,60,55,148.17210429227285,6,0.0,4,4,4,2
1695059619_30254048_0,70,65,60,88.69187807691577,5,0.0,2,2,5,1
1695282574_387130473_0,65,60,55,10.003628253065454,4,583.3297887213622,3,3,4,1
1695282572_1695282581_0,65,60,55,120.14808045941912,5,401.6563983898702,1,4,4,1
1695282559_1695282555_0,65,60,55,15.561641767360063,5,484.98254056037706,3,3,2,1
1695282559_1695282572_0,65,60,55,84.34070075949704,5,401.6563983898702,3,3,4,1
1695282555_1695282559_0,65,60,55,15.561641767360063,5,484.98254056037706,3,3,2,1
1695282555_387130487_0,65,60,55,128.52677499407326,4,491.84530584757925,6,3,4,1
1695282592_1695282598_0,60,55,50,68.14294519279383,5,528.9769145200473,1,2,2,1
1695282583_1534112204_0,65,65,60,47.34704586802212,5,251.64400192059315,1,2,1,1
1695282581_1695282559_0,65,60,55,80.13257563220984,5,484.98254056037706,3,4,2,1
1695282579_1695282594_0,60,60,55,62.51249195615489,5,658.9936268379525,1,2,4,1
1695282579_1695282592_0,55,50,45,70.91317049594842,5,592.2071669333981,1,2,4,1
1695282575_12919353924_0,65,65,60,47.5132948262807,2,0.0,2,4,3,1
1695282575_11264541277_0,65,65,60,143.61761661808686,4,0.0,5,4,4,1
1695282624_5519535022_0,60,60,55,50.56118078985583,5,569.5197021887736,1,2,1,1
1695282614_1695282592_0,60,60,55,83.9827884687708,6,592.2071669333981,1,2,2,1
1695282606_1695282604_0,60,55,50,44.39367051849111,5,95.9708926686542,1,2,1,1
1695282604_1695282562_0,60,55,50,121.65711103606192,6,140.33875819792266,1,2,1,1
1695282604_30689095_0,50,50,45,50.96690024766222,5,140.33875819792266,1,2,1,1
1695282603_3855203036_0,55,55,50,113.18538382502018,5,417.9759845289493,1,2,1,1
1695282603_1695282598_0,65,60,55,13.491152425392212,5,522.9958881653348,1,2,1,1
1695282600_1695282596_0,55,50,45,59.48564218855725,5,227.09872593020555,1,2,1,1
1695282596_495106009_0,60,60,55,54.222310220982166,6,286.5490295715653,1,2,1,1
1695282662_1695282633_0,60,60,55,42.80591156124103,5,354.9703898869641,1,2,1,1
1695282655_1695282664_0,60,55,50,93.92566099346094,5,0.0,3,12,2,1
1695282633_1695282627_0,65,60,55,100.64094359963302,5,396.32824281117104,1,4,1,1
1695282631_1695282709_0,65,60,55,96.8541343737634,5,497.4914389339713,2,8,1,3
1695282627_1695282616_0,60,60,55,30.853417518450605,5,493.7746466693229,1,3,1,1
1695282627_1695282631_0,55,55,50,50.353539809319685,6,493.7746466693229,1,7,1,1
1695282625_1695282600_0,55,50,45,146.02802760282702,6,227.09872593020555,1,2,1,1
1695343442_319600517_0,55,50,45,229.4646133687629,5,0.0,1,4,2,1
1695282673_1046607404_0,65,60,55,61.971832609694445,5,575.1972603934446,3,11,1,1
1695282673_8213336141_0,60,60,55,38.10181783575128,5,622.0969706243574,2,6,1,1
1695282671_1695282662_0,60,55,50,49.55061653402842,5,307.65502484496415,1,2,1,1
1695282671_1695282625_0,60,60,55,50.08374400082776,5,297.27112093071975,1,2,1,1
1695282664_494973581_0,60,60,55,87.56679797356259,2,0.0,3,11,2,1
1704555314_30307971_0,55,50,45,103.80998463919228,6,235.1184788970081,1,3,6,1
1704555314_30307946_0,55,55,45,95.2629285046212,5,235.1184788970081,1,2,3,1
1700930631_478875473_0,65,65,60,99.82259631707544,2,0.0,2,3,5,1
1700930631_1017920088_0,55,55,50,170.28266530338985,5,0.0,1,4,2,1
1699441362_168491440_0,60,60,55,13.553967138238672,4,447.1802490898242,1,2,1,1
4600193564_4592704411_0,65,65,60,5.1131505506153045,4,13.40173322684355,7,5,1,1
4600193563_4592704417_0,65,65,60,11.36003585450331,4,14.137150423358076,9,4,1,1
4688436066_1699441365_0,55,55,50,26.356919034163404,4,464.7264774149194,1,2,1,1
4684141170_1699441365_0,60,60,55,13.896193894819094,4,454.7427431948921,1,2,1,1
4653143530_253934676_0,40,0,0,283.97081908975235,5,377.9964635160336,1,2,1,1
4653143530_4653143521_0,40,0,0,309.6315144129123,5,474.17050189310567,1,2,1,1
4653143521_410301832_0,0,0,0,127.18187869764434,5,428.7253009128319,1,2,1,1
1697946622_30556410_0,65,60,55,102.33303368347896,5,123.02900114806762,1,2,3,2
1697946619_1697946622_0,60,60,55,28.368350326785087,6,210.0401351073409,1,2,2,2
1695343442_401797461_0,60,60,55,109.5737136439161,3,0.0,2,4,1,1
1710709046_30312937_0,60,60,55,122.64274062684323,4,0.0,8,3,7,1
1710709043_4373522803_0,65,65,60,65.59978282510919,3,0.0,6,4,1,1
1708943375_1770760017_0,65,60,55,44.26742570790567,3,0.0,9,2,1,1
1708943363_9424968274_0,60,60,55,69.21820304641649,3,0.0,22,2,1,1
1716102039_1716102034_0,65,65,60,135.98467839622333,6,62.09101543977635,3,3,20,1
1714171423_598224640_0,65,65,60,135.14734900629622,6,0.0,3,2,3,1
1710758987_1710758986_0,70,65,60,130.11195483486676,6,136.84278502775928,1,4,9,2
1710758987_30253208_0,70,65,60,63.63104229369882,4,265.25412335644114,1,2,3,1
1723184949_692247878_0,60,60,55,57.347893558232926,6,173.5991342294099,1,2,1,1
1723184949_1551112035_0,65,65,60,81.17409556203245,5,213.91711735767063,1,2,2,1
1716858625_30294569_0,60,60,55,64.4786826659168,4,182.26712700584932,4,3,15,4
1716858625_1716858611_0,60,60,55,79.5218287552846,6,182.26712700584932,2,3,17,3
1716858620_30294565_0,60,55,50,88.78125823136966,6,160.7838645603091,1,4,14,1
1716858613_30294565_0,55,55,45,43.40160221962121,6,151.2598683793117,1,3,8,1
1716858613_2540149361_0,55,50,45,69.80386874814413,6,90.69394201577462,1,4,8,1
1716858611_1716858613_0,65,60,55,77.11172447395768,6,151.2598683793117,1,5,15,1
1716102039_430535725_0,70,70,65,73.67878972105035,5,0.0,6,5,13,1
1736660281_1126385606_0,55,55,50,46.29645462296944,5,0.0,7,2,1,1
1736660281_1736660240_0,55,55,50,56.16446572615404,5,46.29600257452723,5,2,1,1
1736660271_1736660285_0,50,50,45,66.48694479833912,6,85.85010585147768,1,2,1,1
1736660251_30297333_0,55,50,45,122.40651933649008,5,76.39658473715903,2,8,1,1
1736660242_1736660251_0,50,50,45,66.49329118549718,6,84.84916590540291,1,3,1,1
1736660240_1736660271_0,50,50,45,23.923912711073186,5,72.62949910689858,1,2,1,1
1727171543_7487287876_0,55,55,50,81.92358722794478,3,0.0,4,4,1,1
1727171543_420763042_0,65,60,55,160.00751707357355,3,0.0,3,6,2,1
1748098646_1316679286_0,60,55,50,133.63595912732384,5,113.24335144171955,1,2,1,1
1744038716_537861932_0,60,55,50,753.0235692967489,4,649.6780988162087,2,8,1,1
4592704405_299365802_0,55,55,50,204.69254620849983,4,30.984001997931923,8,9,3,1
4592704401_4592704405_0,65,65,60,25.80637139549779,4,12.21397828914164,4,5,1,1
4635141742_1853174728_0,60,55,50,74.79096273998394,5,133.61201072921423,1,2,1,1
4625701820_598222759_0,55,55,50,64.1857300572389,4,369.9332262680281,2,4,1,1
4625701820_4990469757_0,55,55,50,242.776104415017,6,419.7422458007799,3,5,1,1
4625178488_366223046_0,55,50,45,79.37906673237276,5,367.5137047291378,1,5,1,1
1736660281_689444890_0,55,55,45,66.53273357873113,5,46.29644707374944,5,2,1,2
1751329357_168529698_0,65,60,55,18.233734880568004,5,726.2985567904543,1,3,1,1
1751118891_168523377_0,60,60,55,850.8978870992776,4,578.1285510269096,1,9,2,1
1751118823_168330678_0,50,45,40,35.310430791514456,4,512.0718265538513,1,5,1,1
1748629933_668486347_0,55,55,45,125.36037943132972,3,0.0,7,3,3,1
1748629933_6227506599_0,60,60,55,48.897202905333344,5,0.0,6,3,1,1
1768886795_561521656_0,60,60,55,233.65991560662545,4,392.123585214597,8,5,5,1
1768886795_561521641_0,60,60,55,11.431578386543364,4,497.55416835583065,3,3,1,1
1765565679_432467107_0,70,70,65,83.34239748233352,2,0.0,7,5,4,1
1759662344_30332643_0,70,65,60,91.1071272754497,3,0.0,5,4,3,3
1753694399_627782654_0,55,55,50,123.5484026352348,5,63.51478019574054,3,4,2,1
1753694399_627782657_0,65,60,55,45.47142814544955,5,18.0465717206126,2,7,1,1
1751329398_168526135_0,55,55,50,589.7443834069016,5,252.46117752790147,1,8,1,1
1751329398_168526166_0,55,55,50,25.265683762316108,5,542.310860279559,3,3,1,1
1770738330_1770738311_0,60,60,55,30.281824173442597,4,120.70740764655254,1,2,1,1
1770738328_1770738330_0,60,60,55,46.91251273674843,4,136.99043001936477,1,2,1,1
1770738328_1613677358_0,60,60,55,177.236497031082,4,118.26275284462326,1,2,1,1
1770738311_1613682460_0,60,60,55,151.1168275691229,4,74.13226968135424,1,2,1,1
1768889590_1297490058_0,65,60,55,14.852690827927306,5,373.2142236171604,6,2,3,1
1771985487_420553161_0,55,55,50,14.82005465460836,5,4.289579110435186,1,3,1,1
1771985486_359238601_0,60,60,55,17.894071195025404,4,1.6748850363444787,1,3,1,1
1771985477_690679298_0,60,60,55,57.410721060574765,5,0.0,1,2,1,1
1771982098_8127333287_0,65,65,60,21.0972995217604,2,0.0,8,7,1,1
1771982095_324230925_0,70,65,60,48.03596015048491,3,0.0,9,5,1,1
4589037149_358505162_0,70,65,60,40.05324234515725,4,0.0,9,7,1,1
4600193562_4600193561_0,70,65,60,6.430214037489212,5,8.740991618141491,9,5,1,1
4592704423_4592704417_0,65,65,60,19.63916811142315,5,14.320329795777573,10,4,1,1
4592704417_366213461_0,55,55,50,103.24111534027442,4,14.320329795777573,8,5,2,1
4592704411_4592704400_0,60,60,55,29.07663451306744,4,13.507305655049938,9,4,1,1
4592704411_4592704409_0,65,65,60,20.84180251217192,4,8.16349477010463,8,4,1,1
1771982085_12914037676_0,70,70,65,16.135803651772612,2,0.0,3,4,1,1
1774503384_2264456427_0,55,55,50,160.79832332166097,5,405.0365961342229,1,4,1,1
1774503381_5099106008_0,45,45,40,37.94519618892322,5,506.6977889129077,1,2,1,1
1774503380_1774503378_0,50,50,45,46.1979668295168,5,424.14781807620216,1,3,1,1
1774503378_1774503380_0,50,50,45,46.1979668295168,5,424.14781807620216,1,3,1,1
1774503378_2407326945_0,60,60,55,68.34569096598517,5,382.2685561160672,1,2,3,1
1774503368_1774503396_0,45,40,0,69.96803378561249,5,465.7483718737014,1,3,1,1
1772825227_583319840_0,55,50,45,226.08875073776863,5,200.17522027201204,1,7,1,1
1772026981_2955004628_0,70,70,65,165.6125098736609,1,0.0,1,7,1,1
1789415228_1789415226_0,50,50,45,157.5354261916546,5,268.2480079782167,1,4,1,1
1789415226_1816394964_0,50,50,45,94.43007198594164,5,223.39522359154824,1,5,1,1
1789415226_1817703603_0,50,50,45,1452.9014925258105,5,266.77125149000346,1,8,1,1
1787518046_9280759821_0,50,45,40,166.35581877005023,5,37.77128205128936,1,2,1,1
1784743530_4834501691_0,55,55,50,140.41804914958138,4,520.952424084408,9,2,3,1
1784743530_7039662345_0,60,55,50,31.19377753437368,5,508.5320960598072,1,2,2,1
1795369269_1795369361_0,50,45,45,383.3961874715547,5,167.82327207524804,1,11,1,1
1795369240_1795369269_0,50,45,40,424.0362962187277,5,266.45574110619754,1,8,1,1
1795369240_1795369343_0,50,45,45,84.49397049316579,5,429.14481880310456,1,5,1,1
1795369240_1795369283_0,50,45,45,163.034321969263,5,346.58076350553426,1,6,1,1
1794642773_432509964_0,60,60,55,63.27565074733509,4,351.797197219791,6,5,14,1
1795369343_1795369274_0,45,40,0,116.36234354582034,5,405.1295930874942,1,5,1,1
1795369283_1795369240_0,50,45,45,163.03432196926298,5,346.58076350553426,1,6,1,1
1795369274_1795369343_0,45,45,40,116.36234354582037,5,405.1295930874942,1,5,1,1
1795369269_1795369240_0,50,45,40,424.0362962187274,5,266.45574110619754,1,8,1,1
1795369269_1795369361_1,55,55,50,147.98624187183435,5,169.13771199065633,1,9,1,1
1798593894_1798593916_0,50,50,45,272.3153221401324,5,120.51714583148248,1,5,1,1
1795369361_1798593916_0,55,55,50,80.84523719207563,5,166.0920847202321,1,7,1,1
1795369361_1795369269_0,50,45,45,383.3961874715546,5,167.82327207524804,1,11,1,1
1795369343_1795369240_0,50,45,45,84.49397049316579,5,429.14481880310456,1,5,1,1
1795369343_583321739_0,0,0,0,230.0374009229968,5,473.7396138720784,1,6,1,1
1812187366_243338875_0,65,65,60,138.23031666033268,5,129.44430946703991,4,5,3,1
1812187366_247637113_0,65,60,55,133.98659919376215,4,265.9403047300187,5,2,1,2
1809063155_1374370827_0,50,45,40,98.74788475178607,4,342.1454619755032,1,4,1,1
1809063155_1374370619_0,45,40,0,144.3053579053278,5,436.377584892277,1,2,1,1
4569473793_1484829198_0,55,55,50,226.8678160332984,5,36.18058497212777,5,11,1,1
4560303034_974261552_0,65,60,55,144.81865006078448,5,0.0,31,6,2,2
4592704399_4592704409_0,60,60,55,22.71021760410577,4,0.0,9,4,1,1
4591013624_2706190196_0,50,45,40,165.63456174017793,6,192.38477049595588,1,9,14,2
4591013624_2665264314_0,55,55,50,77.82682367430485,6,187.7709978398341,3,4,6,1
4590628719_30297011_0,70,70,65,113.49187034339845,5,17.367001270762145,4,2,1,1
1798593916_1816394964_0,55,55,50,284.0379691577113,5,131.0097586658352,1,11,1,1
1798593916_1798593894_0,50,50,45,272.3153221401325,5,120.51714583148248,1,5,1,1
1817703603_1789415226_0,50,50,45,1452.9014925258114,5,266.77125149000346,1,8,1,1
1817382293_583319840_0,70,60,55,279.7826859617805,5,93.99491876765074,1,8,2,1
1816394964_583321777_0,60,60,55,135.07847783157897,5,155.33825642598512,1,7,1,1
1816394964_1798593916_0,55,55,50,284.03796915771136,5,131.0097586658352,1,11,1,1
1816394964_1789415226_0,55,55,50,94.43007198594164,5,223.39522359154824,1,5,1,1
1840720990_5241929669_0,65,65,60,41.69578667909133,3,0.0,2,10,6,1
1840720984_1840720998_0,65,65,60,103.94528181663348,5,0.0,2,5,1,1
1840720978_1840721007_0,65,65,60,105.20363344276744,3,0.0,7,8,2,1
1840720978_1840721018_0,65,65,60,103.2184986150813,5,0.0,3,4,2,1
1818028655_1818028655_1,55,55,50,28.72444733634813,5,67.32128162507847,1,4,1,1
1818028655_1374370100_0,55,55,50,124.86713146952836,5,71.40397515113698,1,4,1,1
1817703603_583321739_0,0,0,0,193.68682060634444,5,597.29623305538,1,4,1,1
1817703603_1350686227_0,0,0,0,546.6207315186069,5,750.0,1,2,1,1
1840721009_667395974_0,55,55,50,65.4064133557965,5,313.84447335391064,1,4,1,1
1840720998_269380178_0,60,60,55,104.2067232903203,3,0.0,4,5,1,1
1840720995_1378894231_0,65,65,60,72.72480201143118,4,0.0,7,8,11,1
1840720993_269376915_0,60,60,55,49.56054666865307,5,190.8208709187783,2,2,1,1
1849761078_1852768629_0,65,60,55,101.46582359497164,6,26.500403493267317,1,5,1,1
1845692293_30253571_0,55,55,50,64.96743794709133,3,0.0,2,2,18,2
1840721018_1840720978_0,65,65,60,103.21849861508132,5,0.0,3,4,2,1
1840721018_1379008700_0,60,60,55,118.76846124765808,5,71.714193437044,1,5,1,1
1840721018_1840720973_0,65,60,55,100.81401532299284,5,39.71831182320317,1,5,4,1
1840721018_1375061083_0,60,55,50,71.2722976932681,5,79.35707214075832,1,5,1,1
1840721017_4462374977_0,60,60,55,21.50585832496684,5,78.71492865222892,1,3,1,1
1852768607_1852768626_0,50,50,45,28.972758276376823,6,82.17970672903996,1,5,1,2
1852045009_8302792055_0,55,55,50,173.74618326959657,5,242.54613652888085,3,9,1,1
1852044988_1852044990_0,50,50,45,134.6715244149533,5,283.3789618073481,1,9,1,1
4554626934_3743057429_0,60,60,55,11.366139484558571,4,228.9924855948396,1,4,7,8
4554543618_2706292292_0,65,65,60,307.2988230277328,4,0.0,9,13,1,1
4587765898_4587765901_1,50,50,45,84.13636471577712,3,0.0,3,5,2,1
4587763084_347344150_0,55,50,45,31.820439946754696,3,0.0,5,4,1,1
4584724811_6385903303_0,50,50,45,56.13165217535815,6,398.00511069808033,1,2,31,3
4578927239_1310620176_0,45,45,40,141.9049625034383,6,285.1133302659774,1,2,1,1
4575453078_2081027411_0,50,50,45,23.998881344154647,6,291.8861504525386,1,2,3,1
1849781082_4251794889_0,55,55,50,181.61527996961155,5,59.23605861338079,1,5,1,1
1849781082_2936643049_0,60,60,55,14.399697535162788,5,58.37354712386791,1,2,1,1
1852768629_1852768603_0,50,50,45,87.73397816171308,6,69.64651005774009,1,6,1,1
1852768629_1852768623_0,50,50,45,9.766357318215071,5,69.64651005774009,1,2,1,1
1852768625_4207637744_0,55,55,45,157.85223258241575,5,35.11894097281547,1,5,1,1
1852768623_1852768607_0,50,50,45,101.44033812836946,5,75.01697659219604,1,5,1,2
1852768622_1849761078_0,60,60,55,163.05243538901036,6,24.76980468197632,1,9,1,1
1852768616_1852768622_0,60,55,50,48.08022147604014,5,80.6279928671178,1,8,1,1
1852768616_1857472218_0,55,50,45,74.27513326294626,5,128.55638731785487,1,4,1,1
1852768611_1852768598_0,50,50,40,20.54457263036452,6,138.1089060150158,1,2,1,2
1852768607_1852768616_0,60,55,50,157.3995591931004,5,82.17970672903996,1,8,1,2
1852768638_1852768616_0,55,50,45,69.04100820036876,5,128.55638731785487,1,4,1,1
1852768638_1852768611_0,55,50,45,153.28507628130802,6,152.5514501116826,1,5,1,2
1852768637_1852768638_0,50,50,45,63.11991958463075,5,192.64282323360572,1,4,1,1
1852768630_1857472218_0,65,60,55,180.1803912942777,5,18.07122423959022,1,9,1,1
1853174754_1853174787_0,50,50,45,142.42571908419706,5,373.2089574841394,1,6,1,1
1853174747_1853174727_0,60,60,55,68.13007145620186,5,98.22606723758346,1,6,1,1
1853174728_1857472201_0,60,55,50,114.32062409123084,5,54.3911617267473,1,3,1,1
1853174727_30296616_0,60,60,55,121.06624300971885,5,157.9946940461929,3,9,1,1
1853174712_2983345305_0,60,60,55,166.6159242502961,4,9.198922974559189,4,6,1,1
1853174684_1857472190_0,65,65,60,35.47529671997438,5,42.728926874233736,1,3,1,1
1853174684_5948798217_0,65,65,60,160.9794001151673,5,34.7821641506806,1,3,1,1
1853174677_317998745_0,60,60,55,54.10785017550218,5,134.68164055074718,3,5,1,1
1857472160_1852768625_0,55,55,50,176.90591154573036,5,34.00505536378502,1,4,1,1
1856468570_30237530_0,55,55,50,73.55084387542863,5,112.0431131579984,6,2,10,1
1856468570_13203541702_0,70,65,60,383.8069886021754,5,0.0,6,6,21,1
1856466849_1840721017_0,60,55,50,98.16444528413317,5,31.561934877214423,3,5,2,1
1856466576_364829704_0,60,60,55,386.1955478900077,2,0.0,11,15,13,1
1856466545_166211429_0,65,65,60,154.2934796478159,5,43.55909312459988,4,7,16,1
1853174787_4253067750_0,50,50,45,146.693733613946,5,285.93066617150964,2,9,1,1
1857472184_4635141742_0,65,65,60,275.4693090933404,5,82.54015165408705,1,2,1,1
1857472174_1857472201_0,60,60,55,178.44900816454935,5,54.3911617267473,1,5,1,1
1857472173_4327379293_0,55,55,50,120.0709655621402,6,112.08938122851798,5,6,1,1
1857472171_1857472192_0,60,55,50,197.80510261851933,5,159.2103350680442,1,2,1,2
1857472171_1853174728_0,60,60,55,131.75689466751385,5,133.61201072921423,1,2,1,2
1857472160_4207637744_0,60,60,55,58.39334285417593,5,129.84852211693496,1,2,1,1
1857472210_1857472200_0,50,50,45,95.43446885368168,5,213.9269694794997,1,4,1,1
1857472207_1857472171_0,55,50,45,99.13616437996524,5,201.54914338006665,1,2,1,2
1857472204_1857472191_0,65,65,60,83.4834537566792,5,51.98470565809403,1,3,1,1
1857472201_1852768625_0,60,60,55,96.81119143628102,5,35.11894097281547,1,5,1,1
1857472200_1852768637_0,55,55,50,36.15647961505638,5,227.10093275981052,1,2,1,1
1857472197_5948798218_0,60,60,55,96.33716843999316,5,43.85749144917804,1,5,1,1
1857472192_6137493691_0,60,55,50,25.90324187640654,5,159.2103350680442,1,2,1,1
1860569741_30253989_0,65,65,60,135.38849211103013,5,0.0,5,8,36,1
1860569741_30253978_0,60,60,55,135.2387660774374,3,0.0,4,8,30,1
1859058465_30243391_0,60,60,55,65.42482770578451,3,0.0,2,5,25,1
1857695693_378214322_0,65,65,60,170.2182260591221,4,51.557263200712256,4,8,4,1
1857472210_1852768638_0,50,50,45,49.95992290004594,5,192.64282323360572,1,4,1,1
1860575765_769906814_0,65,65,60,103.25262024521123,3,0.0,4,2,15,1
1860575763_30243397_0,60,55,50,70.18612701982447,5,0.0,2,2,9,1
1860575762_30243337_0,60,60,55,66.74407364752248,5,0.0,4,2,16,1
1860575762_33098965_0,70,70,65,244.60497260739703,5,0.0,7,3,35,1
1860569744_1860569745_0,65,65,60,71.14084961964977,5,37.43134001872313,6,6,4,1
1860569744_412442591_0,65,65,60,127.99560301433252,5,107.78131021350582,2,4,10,1
4541533775_30307948_0,65,65,60,124.12818320408496,5,105.44027328927524,4,5,7,1
4538123610_4538123596_0,65,65,60,50.91943255986407,3,0.0,6,2,4,1
4538123610_2984948749_0,65,65,60,14.705045455745353,5,0.0,6,2,4,1
4560303034_5275865099_0,60,60,55,7.673735933244741,5,143.65054724637506,13,3,2,1
4558542629_4558542631_0,65,60,55,19.68538221959948,5,115.55968368285995,17,5,3,3
4558542629_4558542630_0,65,60,55,15.050444427370168,4,132.08993189613528,20,5,3,3
4558516077_2128039885_0,50,45,40,41.42154561222202,5,219.87718254949445,2,5,1,1
4558516077_2128041192_0,45,45,40,150.62013584219898,5,246.42047281802388,2,7,1,1
4554626934_30248345_0,65,60,55,2.689409681285025,4,227.24268491422535,1,4,6,7
1860569743_1860569744_0,65,65,60,67.78970181103149,5,108.39471186377826,2,4,5,1
1861908440_1861908446_0,40,40,0,36.72213374678887,6,49.64296066115266,2,2,12,1
1861908434_1861908440_0,45,40,0,32.23489451199523,6,50.41020160490388,1,2,13,1
1860575767_30253725_0,60,55,50,68.81865166594731,5,0.0,2,3,2,1
1860575767_308733525_0,60,60,55,137.2267275904252,6,62.51754023260703,2,7,14,1
1860575765_30253728_0,70,65,60,96.68716923638192,5,0.0,4,2,18,1
1863716081_30688824_0,55,50,45,9.790130704024012,5,47.38226902857051,1,4,1,1
1861908448_30253573_0,65,65,60,49.59439363408,5,0.0,2,2,3,1
1861908448_1861908446_0,45,40,0,31.695011079665186,6,49.59218829290683,2,2,9,1
1861908446_1861908434_0,45,40,0,51.52639326805331,6,49.64296066115266,2,2,13,1
1861908446_1861908448_0,65,60,55,31.695011079665186,6,49.59218829290683,2,2,9,1
1861908446_1861908440_0,40,40,0,36.72213374678887,6,49.64296066115266,2,2,12,1
1861908440_1861908434_0,45,40,0,32.23489451199523,6,50.41020160490388,1,2,13,1
1889742614_1889742612_0,55,50,45,74.18005498737676,6,66.22638386589504,1,2,3,1
1876385320_3943567473_0,60,60,55,58.96439408155083,5,203.07238809534616,6,2,1,1
1876385307_434437210_0,55,55,50,114.34576305978143,5,166.94042289425252,1,2,1,1
1873048566_1876385307_0,55,50,45,36.36535728588743,5,133.96409076873837,1,2,1,1
1873048563_1873048566_0,60,60,55,74.91528254475226,5,133.8671045112729,1,2,1,1
1873048551_434437210_0,60,55,50,79.89538164806173,5,272.2125492459793,1,2,1,1
1873048551_434437209_0,55,55,50,78.43361625058941,5,263.1355831370729,1,2,1,1
1902553889_598220574_0,65,65,60,26.242339815644485,5,256.46697322971806,1,2,1,1
1900246887_2888571936_0,65,65,60,41.99043799453317,5,12.609415590126035,8,4,10,1
1889932481_412398667_0,65,65,60,91.45900175829053,3,0.0,5,4,2,1
1889932481_412398663_0,65,65,60,115.43430838518309,3,0.0,6,8,4,1
1889882331_1889882325_0,55,55,50,72.82505620289328,5,88.21393781030403,1,2,2,1
1889882331_412362702_0,60,55,50,107.25231843991683,5,161.0293538661378,1,2,1,1
1889882329_1375272376_0,60,55,50,30.509912644796465,5,268.96943082420074,1,4,3,1
1889882329_1889882331_0,55,55,50,139.0370737147531,5,161.0296861734951,1,4,3,1
1889882325_688393877_0,70,65,60,88.2160454625927,5,0.0,3,3,1,1
1889743252_790034786_0,55,55,50,45.89569377358643,5,81.02831482530435,1,2,1,1
1889743252_10001403893_0,55,55,50,175.07537550274228,6,81.02831482530435,1,2,2,3
1908547749_598220048_0,60,55,50,163.14257794273837,5,96.79533921788608,1,6,1,1
1908547737_401797461_0,60,60,55,163.2005892693254,5,0.0,3,2,6,1
1904455769_30251191_0,70,65,60,111.59616924068328,3,0.0,3,7,13,1
4538123412_4538123409_0,65,65,60,188.85431551708177,3,0.0,23,10,26,1
4554543618_2983305215_0,65,65,60,15.61453079250533,3,0.0,2,6,1,1
4552362841_11887554793_0,55,50,45,124.9615822016784,5,400.700651011506,5,5,1,1
4541533775_938093311_0,65,65,60,94.58614266922456,5,13.565190902533596,14,5,7,1
1904455769_1477718847_0,65,65,60,73.40696300351787,3,0.0,5,7,13,1
1912611092_457361210_0,60,55,50,196.4960048260738,5,103.15201688686562,18,3,2,1
1912611092_412436260_0,60,60,55,88.05514270606736,5,15.096892246150338,13,3,4,1
1912611027_4708182447_0,60,60,55,709.0872101909655,5,26.925192887650876,12,4,1,1
1912584090_168499035_0,60,60,55,56.67605682921142,4,750.0,1,3,1,1
1912571839_427959729_0,60,60,55,208.27378031834672,4,329.9083076193892,1,3,1,1
1912561741_410301873_0,50,50,45,10.034083050759776,5,750.0,1,4,1,1
1912561741_410301867_0,45,45,40,272.4934258154205,5,750.0,1,8,1,1
1912198618_168497402_0,55,55,50,289.04869764312923,4,750.0,1,5,1,1
1912611158_1912611164_0,60,60,55,133.24822357924947,5,519.5352271133553,1,4,1,1
1912611158_412437304_0,60,55,50,168.910146108421,5,359.59117037033,4,2,1,1
4485344001_247638056_0,60,60,55,270.8153941072793,4,0.0,12,3,32,1
4485281938_4485281937_0,55,50,45,57.58678363105867,5,109.2640265143368,1,4,7,1
4538123596_4538123437_0,65,60,55,221.93960606478112,3,0.0,13,12,21,1
4538123419_4834501656_0,65,65,60,13.303662298117672,5,0.0,9,3,24,1
4538123419_13734642240_0,65,65,60,23.743100273869555,3,0.0,9,3,24,1
4538123416_4834501649_0,60,60,55,13.578536479187942,4,0.0,11,3,26,3
4538123416_10140262450_0,60,60,55,140.4872959356158,3,0.0,20,5,36,3
1912611111_1912611092_0,60,60,55,88.56158263610956,5,103.15201688686562,3,2,1,1
1912611181_1912611164_0,60,55,50,69.46153008960844,5,650.9157142457408,1,4,1,1
1912611172_1912611163_0,60,55,50,121.12211781854872,5,167.70297886634916,1,2,5,2
1912611172_457361177_0,60,60,55,121.58623230937977,5,141.85883475876324,1,2,1,2
1912611164_3976600109_0,55,55,50,112.44586090270504,5,625.5439152688368,1,4,1,1
1912611164_1912611181_0,60,55,50,69.46153008960846,5,650.9157142457408,1,4,1,1
1912611164_1912611158_0,60,60,55,133.24822357924944,5,519.5352271133553,1,4,1,1
1912611163_2610196546_0,55,50,45,177.20778930258598,5,285.4416001607482,8,3,7,1
1912611158_7246125622_0,55,50,45,66.9131556554228,6,519.5352271133553,1,2,1,1
1930253996_364989976_0,55,50,45,236.1102138343972,5,382.0254163869716,7,2,1,1
1926251141_1926250821_0,60,60,55,58.8248331946906,3,0.0,18,2,1,1
1912611186_168529692_0,65,60,55,158.50742343961417,5,709.7357708613515,1,4,1,1
1912611186_168521180_0,60,60,55,255.94724250213352,5,750.0,1,6,1,1
1912611181_3976600107_1,50,50,45,308.6337659018629,5,672.0783946325176,1,6,1,1
1912611181_3976600107_0,50,50,45,19.841056083220032,5,708.1431907403964,1,4,1,1
1933546251_1933546252_0,55,50,45,22.502951568768683,5,325.51899720186447,1,3,1,1
1933546250_1933546297_0,45,45,40,374.6307793545976,5,258.6847872491085,1,3,3,1
1933546250_1933546251_0,55,50,45,14.406345860229848,5,311.1126822727827,1,3,1,1
1933546246_1933546250_0,55,50,45,107.9740661929718,5,203.1389814947739,1,2,1,1
1930254000_364989976_0,55,50,45,75.93368595936819,4,358.50483260036964,11,4,1,1
1933546287_4309883397_0,70,65,60,304.9240218647497,5,47.13772444639721,1,4,1,1
1933546269_1933546302_0,45,45,40,193.8291454384515,5,369.937720145524,1,2,1,1
1933546264_1933546251_0,50,50,45,158.12599549437294,5,325.4884410388631,1,3,1,1
1933546264_1933546276_0,55,50,45,136.9154929127537,5,297.8264633834188,1,2,1,1
1933546299_1933546297_0,50,50,45,38.463314583569336,5,258.6847872491085,1,2,2,1
1933546298_1933546289_0,50,50,45,109.3376804277372,5,324.97842174039323,1,2,1,1
1933546297_1933546299_0,55,55,50,38.463314583569336,5,258.6847872491085,1,2,2,1
1933546289_1933546264_0,55,50,45,111.9001850850242,5,325.38827860448345,1,2,1,1
1933578156_1933578161_0,50,45,40,41.982732854916286,6,298.5809805310681,1,2,1,1
1933578154_1933591531_0,45,45,40,33.70740259291961,5,180.5393759834232,1,2,2,1
4472994807_4472994804_0,55,55,50,41.75834403970487,6,293.56611093646507,1,3,3,1
4538123400_4538123399_0,70,65,60,29.788799462946763,3,0.0,15,7,14,1
4538123399_899314388_0,65,65,55,187.16907860639688,3,0.0,26,14,13,1
4485344001_5393693518_0,60,60,55,371.5095285195293,4,171.1508456338321,21,5,8,1
1933546302_1933546269_0,45,45,40,193.8291454384515,5,369.937720145524,1,2,1,1
1933710581_1933710580_0,50,45,40,48.259833031161975,5,154.66556933905807,1,2,3,1
1933710581_1933546294_0,45,45,40,285.161438794305,5,201.0184220744904,1,3,4,1
1933710580_1933710581_0,55,55,50,48.259833031161975,5,154.66556933905807,1,2,3,1
1933578167_1933578166_0,50,50,45,47.51993851111679,6,266.9185996108696,1,2,1,1
1935827759_6002052354_0,60,60,55,11.039623164802949,5,75.62040555296814,1,2,2,1
1935827759_2533347689_0,60,60,55,62.4878067369812,5,13.273642782936516,2,2,2,1
1935795263_416115397_0,45,40,0,174.68698178410656,5,369.5936552677856,1,4,1,1
1935072434_416115336_0,45,45,40,123.60506149475776,5,252.43190755611505,1,5,1,1
1938230338_689442430_0,50,45,40,91.9184287798191,5,237.27660870678025,2,2,1,1
1938218690_689442435_0,50,50,45,66.79676534789631,5,261.5509191616844,1,2,1,1
1935831401_430764953_0,60,60,55,76.6891603071028,5,166.600656630296,1,4,5,1
4471687469_391084148_0,55,55,50,24.335885685725632,4,505.58760642840656,1,2,1,1
4471652123_4471652091_0,65,65,60,69.89744402972357,3,0.0,1,2,1,1
4485281938_30556151_0,55,50,45,68.63917154996565,4,109.2640265143368,2,4,8,1
4485281937_1303440697_0,55,50,45,35.483696702668574,5,134.25574033002027,1,2,3,1
4475428027_4475428025_0,40,40,0,132.3350939875762,6,446.9638852369236,1,2,1,1
4475428025_4475428027_0,40,40,0,132.3350939875762,6,446.9638852369236,1,2,1,1
1940583264_1940579828_0,60,60,55,58.84218587360728,6,74.37907045133136,1,3,19,1
1940573413_1940880049_0,55,55,50,127.1429531047006,5,0.0,2,7,19,1
1940555303_30312962_0,55,55,50,67.9114279100001,5,128.05440559074984,2,2,11,1
1938243778_30243358_0,55,55,50,154.08656030465792,5,169.31292841162633,1,2,1,1
1940899121_30312962_0,65,65,60,68.70910214603231,5,127.1125191795271,2,2,8,1
1940890836_30312952_0,65,65,60,68.00692181317564,5,68.56033423012329,2,4,5,1
1940880049_30253389_0,60,60,55,55.10695155363501,5,0.0,2,3,9,1
1940864524_1940583264_0,65,65,60,103.5155909474704,6,0.0,1,7,22,1
1940624170_1940624171_0,65,65,60,67.62611736296975,6,0.0,1,3,5,1
1940624161_1940624170_0,55,50,45,69.90052896022206,6,52.25517551044397,1,2,6,1
1940908213_5711742102_0,60,60,55,37.68647058004301,5,0.0,2,2,12,4
1940908212_1940908213_0,60,60,50,199.1994438692176,6,37.67368549664332,5,2,12,3
1940908212_30297383_0,60,55,50,159.16397440825662,5,124.99476310674464,5,2,6,2
1940905185_11269496449_0,60,60,50,156.01385195828829,5,178.14675948139868,1,2,2,1
1940905185_1940905183_0,55,55,50,12.518414731915891,5,179.24724806833314,1,2,1,1
1940905183_1940905182_0,65,65,60,131.94248220899104,5,179.24724806833314,2,3,1,1
1940899124_1940844916_0,65,65,60,154.0698501070359,6,0.0,1,8,26,1
1948047755_434437210_0,60,55,50,52.49981838110323,6,272.2125492459793,1,2,1,1
1947682000_30298958_0,65,65,60,133.60590282472975,5,95.46535356241236,1,2,5,1
1947682000_178514528_0,65,65,60,32.632083207605,5,125.8972939206734,1,2,3,1
1947682000_30298952_0,65,60,55,13.161010539738475,5,125.8972939206734,1,2,3,1
1947681324_930158568_0,60,60,55,69.33236155173435,5,74.24299191785008,1,2,5,1
1947681324_30264187_0,60,60,55,16.65091882900557,5,135.96369914659422,1,2,3,1
1947681324_30298952_0,65,65,60,67.14944117616412,5,128.20327497443628,1,2,3,1
1940910619_1044543165_0,55,50,45,116.43298404984333,6,140.15224176893412,1,2,17,1
2013654029_3618456751_0,65,65,60,103.56858197629552,5,155.36682906233804,9,2,1,1
2013654029_3299255724_0,60,60,55,335.57337859137493,4,0.0,15,4,12,1
1984002392_359240328_0,60,60,55,127.70020663692524,5,260.9092612652536,1,2,1,1
1984002392_330418566_0,60,60,55,8.93704580493142,4,260.9092612652536,1,2,1,1
1982155704_30307936_0,65,65,60,50.80869568275065,5,211.69458463174792,4,2,2,1
1982155704_30625899_0,60,60,55,79.3902183647951,5,222.47414196371244,2,2,2,1
2013654037_1624364336_0,55,50,45,68.75404571375906,6,368.57921046750215,1,2,1,1
2013654036_2013654035_0,65,60,55,48.38978482304176,5,279.7489402221866,3,2,3,1
2013654035_2013654036_0,65,60,55,48.389784823041765,5,279.7489402221866,3,2,3,1
2013654035_2013654034_0,65,60,55,83.84607825021722,5,230.4054412888543,5,2,3,1
2013654034_13266185092_0,70,65,60,81.55139626897729,5,193.7111172769689,7,2,2,1
2013654034_303618686_0,50,50,45,67.3372412205278,5,180.72256954230284,2,2,4,1
2020393224_8199319784_0,50,45,40,198.0622075979052,5,134.6299912082944,1,3,1,1
2020374114_598224642_0,55,55,50,27.8982389570214,6,209.5205400577233,1,2,1,2
2020374114_4252472568_0,55,55,50,48.34652377771232,6,199.02421475329956,1,2,1,3
2020374102_30295544_0,55,55,50,80.28575413588172,5,35.73519155407149,1,2,1,1
4470467235_4470467231_0,65,60,55,42.29550532437894,6,33.7446357678054,1,2,1,1
4472994804_432467115_0,65,65,60,95.50730497550246,5,321.8119928574238,9,4,5,1
4472994804_4472994807_0,65,60,55,41.75834403970487,6,293.56611093646507,1,3,3,1
4472629999_448703647_0,60,60,55,104.70744407692902,3,0.0,7,2,6,1
4471971376_8166004731_0,60,60,60,524.4791152679459,3,0.0,1,2,1,1
2020374102_2757833228_0,65,60,55,52.31396957794525,5,17.695088168656273,2,2,1,1
2019690679_2574632147_0,55,55,50,64.36108732335455,6,339.9280078487081,1,2,3,1
2059755039_6227506610_0,65,65,60,42.95370120827873,3,0.0,6,3,2,1
2059755031_1043849998_0,60,60,55,84.41817206813418,5,126.78566067575169,1,2,1,1
2059755031_2059755039_0,55,50,45,126.83041231980488,5,0.0,5,3,2,1
2022888132_30248274_0,55,55,55,88.78759103315356,5,43.90198937092161,2,5,32,1
2022888132_30248273_0,65,65,65,4.874010115263038,6,43.90198937092161,2,5,23,1
2020393229_2020393225_0,55,55,50,67.94193347702026,5,67.64447448324212,1,4,1,1
2020393225_30618054_0,65,60,55,95.25892107607277,4,66.6817540345744,1,2,1,1
2063950829_2020393224_0,55,55,50,86.41532835070046,5,134.6299912082944,3,3,2,1
2063950788_423434735_0,55,55,50,54.20062354346099,5,165.41148073962108,1,2,2,1
2063950788_30332577_0,65,60,55,42.07869389213391,6,177.25835516323738,1,2,2,1
2063950768_363885077_0,60,60,55,39.96575672428114,4,193.50402428527076,1,2,2,1
2059776287_363878534_0,65,65,60,40.22216937679941,5,0.0,2,19,4,1
2087204994_1378087232_0,60,55,50,73.58835216767419,5,51.43525114236613,6,3,14,1
2077949582_251543450_0,60,55,50,115.98803099539768,4,0.0,17,4,3,2
2077484253_626570863_0,70,70,65,34.095031560438414,4,13.221490868554968,1,2,1,1
2075448033_4385157798_0,65,60,55,135.2291597511384,3,0.0,4,6,7,1
2075448033_2593809554_0,60,60,50,130.67672604531342,5,0.0,3,7,5,1
2063950829_2063950768_0,60,60,55,61.7183404335301,5,193.50402428527076,3,2,2,1
2087205008_31285432_0,60,60,55,64.7040812987669,4,61.529198778507485,2,2,1,1
2087205007_330414541_0,70,65,60,147.060888846462,2,0.0,7,6,1,1
2087205005_30617584_0,60,55,50,156.9062105070811,5,0.0,3,4,1,1
2087205005_3191418779_0,60,55,50,90.18598022686444,2,0.0,6,4,1,1
2087205003_2087205004_0,60,60,55,31.976917723951267,4,61.67306184581367,2,6,1,1
2087204997_31285267_0,60,55,50,108.22020333306456,5,182.8885097996926,1,2,6,1
2087204994_1856468570_0,60,55,50,37.12097770140478,5,77.80187664483978,6,3,13,1
2087204994_1378087192_0,65,60,55,77.82333330535141,5,0.0,8,3,16,1
2087900206_316877744_0,70,70,65,768.2449300414495,1,0.0,10,11,1,1
2087900206_9632863111_0,60,60,55,484.190620431085,1,0.0,1,3,1,1
2087205021_288026013_0,55,50,45,151.533046792439,5,524.2815972953587,4,3,1,2
2087205021_535228364_0,60,60,55,97.35886878003222,6,556.1202118205034,1,2,1,2
2087205017_31285424_0,60,55,50,77.05631813471928,4,473.1763897061707,2,2,1,1
2087205012_3191418795_0,60,60,55,44.56366508558775,6,19.588341884202165,3,4,1,1
2087205009_1457780310_0,70,70,65,50.64383894390919,3,0.0,6,6,14,1
2111237734_420060594_0,55,55,50,263.57781574125124,5,226.06787107183413,1,9,1,1
2101902986_2101902977_0,65,60,55,69.21004364372153,5,267.9112609627542,1,2,1,1
2101902977_2101902977_1,55,55,50,94.1091477220588,5,230.272534622971,1,3,1,1
2101902977_2101902977_0,55,55,50,94.1091477220588,5,230.272534622971,1,3,1,1
2111273194_2111273207_0,70,70,65,9.48091400437449,5,37.41674074925941,6,7,1,1
2111273194_7078045348_0,70,70,65,12.804588279803104,5,37.41674074925941,6,8,1,1
2111268464_2111268461_0,60,60,55,5.348477432297917,6,366.6280487052493,1,3,1,1
2111268461_9251526562_0,60,60,55,410.5956728086112,5,277.5236160230708,1,8,1,1
2111268461_2111268464_0,60,60,55,5.348477432297917,6,366.6280487052493,1,3,1,1
2111252106_420058186_0,65,65,60,10.268960240441604,5,99.20977777561448,4,10,1,1
4462374977_1856466862_0,60,60,55,99.68018192863892,5,27.987605704147533,2,7,2,1
4471652114_509262928_0,65,65,60,280.381991334329,3,0.0,1,3,1,1
4470657985_30237612_0,70,70,65,116.6896355569094,3,0.0,13,6,16,1
4470657984_30237630_0,65,65,60,149.35761386820832,2,0.0,14,4,21,3
2111240489_420058174_0,55,50,45,207.47149435321424,5,263.4235291837311,4,8,1,2
2111498636_904490207_0,50,50,45,125.81398013784307,5,750.0,1,2,1,1
2111498636_2111498904_0,55,55,50,321.8601852723269,5,750.0,1,6,1,1
2111273205_420058159_0,70,70,65,10.00605678415686,5,36.63540652980045,6,6,1,1
2111504965_919495993_0,55,55,50,227.31423608541476,5,490.86764076712353,1,3,1,1
2111504965_2111504966_0,50,50,45,112.89898036836588,5,638.4049677920452,1,2,1,1
2111504957_904491774_0,45,45,40,80.7000032112442,5,750.0,1,4,1,1
2111498904_904491781_0,55,50,45,47.60961058380339,6,750.0,1,5,1,1
2111498899_919495993_0,60,55,50,46.2264402023143,6,485.5454207156062,1,2,1,1
2111498724_6831747707_0,50,50,45,302.2361261239958,5,66.43747891595925,6,13,1,2
2111498724_2111498722_0,60,55,50,34.80710581269655,5,357.623259827447,1,3,1,1
2111498722_919495993_0,60,55,50,320.2280319912179,5,292.5516721731872,1,10,1,1
2119602785_2119602902_0,45,45,40,238.3837799240828,6,670.6942677324274,1,5,1,1
2119602785_2119602754_0,45,40,0,177.09885773543897,5,723.1431732846883,1,5,1,1
2119602754_2119602792_0,60,55,50,154.0193338103109,5,750.0,1,4,1,1
2115356972_412451016_0,70,65,60,61.774469857024044,4,713.8943409668085,3,10,3,1
2115356972_412451017_0,65,65,60,152.84758845761093,4,610.1156184121224,3,11,2,2
2111504966_2111504965_0,50,50,45,112.89898036836588,5,638.4049677920452,1,2,1,1
2119602902_947196731_0,50,45,40,208.19365793309328,6,609.4025692822898,1,5,1,1
2119602902_2119602785_0,40,0,0,238.3837799240828,6,670.6942677324274,1,5,1,1
2119602869_2119602792_0,50,50,45,62.52874936572288,5,750.0,1,4,1,1
2119602869_2119602785_0,45,40,0,86.79443808558592,5,723.1431732846883,1,4,1,1
2119602869_947196731_0,40,40,0,286.0641047281512,5,576.939226317964,1,6,1,1
4436952954_11725085705_0,65,65,60,141.79214469473834,2,0.0,9,10,5,1
4436952954_1312053384_0,60,55,50,139.1885756372161,3,0.0,9,11,3,1
4470467235_4470467234_0,55,55,50,53.05097508945563,5,33.7446357678054,1,2,1,2
4470467234_4470467235_0,55,55,50,53.05097508945563,5,33.7446357678054,1,2,1,2
4470467231_4470467235_0,65,60,55,42.29550532437894,6,33.7446357678054,1,2,1,1
4470467231_30295810_0,50,45,40,66.53060075253642,5,35.555865681196416,1,2,1,2
4470467226_3807075709_0,60,60,55,277.72459903828417,2,0.0,8,3,2,1
2119602792_2111504965_0,50,50,45,47.9288547002903,5,708.5830065218878,1,2,1,1
2119602792_2119602869_0,50,50,45,62.52874936572288,5,750.0,1,4,1,1
2119602785_2119602869_0,45,40,0,86.79443808558594,5,723.1431732846883,1,4,1,1
2126597892_629306908_0,60,55,50,98.34022317922644,5,146.29042591009704,1,3,1,1
2126597892_2126597899_0,55,55,45,105.351703065775,5,87.3940707474919,1,4,1,1
2123196012_904490178_0,50,50,45,252.46299143524013,5,750.0,1,3,1,1
2123196012_904487807_0,50,50,45,16.114512997534757,5,750.0,1,2,1,1
2123195996_1351456765_0,50,50,45,52.83821744629719,5,750.0,1,2,1,1
2123195985_6831747715_0,50,50,45,8.395328087053938,5,750.0,1,2,1,1
2120743618_904490178_0,45,45,40,62.07639169359575,5,750.0,1,2,1,1
2128039881_2129591070_0,45,45,40,15.55501581539156,5,207.90248824063505,2,4,1,1
2128036141_2128036087_0,50,50,45,848.5803792649813,5,300.0721282207024,1,5,1,1
2128036141_2129531619_0,50,50,45,184.9567813328931,5,256.18242998145007,1,5,1,1
2128036115_2128036141_0,50,45,40,52.61877918990199,5,247.58876768277855,2,4,1,1
2128036115_2128039898_0,50,45,40,30.58671453556171,5,217.03879986577385,2,4,1,1
2128036087_2128036141_0,45,45,0,848.5803792649813,5,300.0721282207024,1,5,1,1
2126597899_2126597892_0,55,55,45,105.351703065775,5,87.3940707474919,1,4,1,1
2128041192_947196731_0,50,45,40,345.385867904248,5,389.3725826536106,1,6,1,1
2128041192_4558516077_0,45,45,40,150.620135842199,5,246.42047281802388,2,7,1,1
2128039887_2128039885_0,45,45,40,6.680991047939932,4,214.28924892612488,2,5,1,1
2128039887_947196720_0,55,55,50,42.19247057309644,5,214.28924892612488,2,6,1,1
2128039883_2128036115_0,50,45,40,28.4111584321143,5,221.2986592383037,2,4,1,1
2128049622_2128049628_0,50,50,45,235.2019019763534,5,301.9188765699532,1,7,1,1
2128049597_2129591204_0,60,60,55,143.525961609497,5,70.40417162243,6,11,1,2
2128042605_947196775_0,60,55,55,605.82596967886,4,0.0,11,19,3,2
2128042600_2128042603_0,55,55,50,50.72334906485425,4,168.46983017110523,5,9,1,1
2128042600_2128049597_0,60,60,55,20.919984945245027,5,149.130924283725,3,10,1,1
2128049646_2129591204_0,50,45,40,95.86142136878064,6,121.72154494944589,2,10,1,1
2128049646_2129591059_0,50,45,40,309.5413856498002,5,114.44475038765718,1,5,1,1
2128049636_2128051855_0,45,40,0,384.4373600302008,5,400.5664919931608,1,6,1,1
2128049628_2128049622_0,50,50,45,235.20190197635344,5,301.9188765699532,1,7,1,1
2128049628_2128049636_0,45,40,0,202.0934045919679,5,302.0519071235356,1,5,1,1
2128049628_2129531619_0,50,50,45,91.91308116252644,5,302.0519071235356,1,5,1,1
2128049622_2128049646_0,50,50,45,260.2433463963833,5,159.9568970935266,1,7,1,1
2129591059_2128049646_0,60,55,50,309.5413856498003,5,114.44475038765718,1,5,1,1
2129591059_2128049622_0,60,55,50,157.8567543131296,5,205.9548397110395,1,4,1,1
2129531619_2128049628_0,50,50,45,91.91308116252642,5,302.0519071235356,1,5,1,1
2128049646_2128049622_0,50,50,45,260.24334639638323,5,159.9568970935266,1,7,1,1
2129591259_2129591204_0,60,60,55,519.3542539805383,6,80.35976148013441,2,12,1,1
2129591259_2129591178_0,60,55,50,277.67116683711447,5,117.46337345708596,1,3,1,1
2129591259_2129591059_0,60,60,55,90.5860365969736,5,232.32547046826804,1,3,1,1
2129591178_420061784_0,65,60,55,338.9693310550542,5,79.10492827168864,1,5,1,1
2129591178_2128051855_0,45,45,40,426.07724159392086,5,117.46337345708596,1,5,1,1
2129591178_2129591259_0,60,55,50,277.67116683711447,5,117.46337345708596,1,3,1,1
2129591070_2129591317_0,45,45,40,239.22949345305744,5,204.089671894318,1,10,1,1
2129591059_2129591259_0,60,60,55,90.5860365969736,5,232.32547046826804,1,3,1,1
2148896035_668523613_0,65,60,55,104.40375670407346,4,148.97706946927528,6,6,1,1
2146914032_364670521_0,60,60,55,63.37562090779921,4,28.24540608396713,6,12,10,1
2129627791_7078045379_0,65,65,60,126.52765171106375,5,119.69534666362289,2,9,1,2
2129606046_2129606034_0,70,65,60,49.695273708970106,5,63.71468072129948,3,2,1,1
2129606046_4251794915_0,70,65,60,171.6099358574771,5,42.754881360341344,3,3,1,1
2129606034_2129606046_0,70,65,60,49.6952737089701,5,63.71468072129948,3,2,1,1
2197824480_30312838_0,65,60,55,210.29218150377744,4,0.0,7,3,25,3
2192116959_11158624378_0,60,60,55,49.88104658385792,6,12.899537956019916,3,2,5,1
2191189341_427959760_0,40,0,0,28.811218558130747,5,613.9853087387622,1,2,1,1
2191189341_2191189346_0,40,40,0,93.66579734297748,5,613.9853087387622,1,2,1,1
2191189340_427959760_0,40,0,0,23.799096817067085,5,595.8418769466128,1,2,1,1
2189785059_12919487176_0,70,65,60,12.37854617711588,5,0.0,6,8,4,1
2188840521_7223673629_0,70,70,65,34.66355948952534,2,0.0,7,4,1,1
2153062756_847727785_0,55,55,50,144.06993657948746,5,86.5955138184768,1,4,3,1
2153062756_2153062749_0,50,50,45,63.8950394238019,5,86.5955138184768,1,2,4,1
2238485654_2075448033_0,55,55,50,88.18707755022808,5,0.0,5,3,7,1
2238485645_2655293351_0,60,60,55,64.68007805180079,5,265.58079503970504,1,3,3,1
2238485645_365565044_0,60,60,55,82.96252951342265,5,199.9932796727157,1,2,2,1
2235259451_13254400116_0,55,55,50,14.144629627209172,4,272.1434294021461,3,2,1,1
2235259437_2235259424_0,65,60,55,19.42736660019057,4,266.3162584866494,3,2,1,1
2197824495_2473393884_0,65,65,60,48.53234731153244,5,119.65655759840386,6,2,28,1
2197824495_2197824480_0,65,65,60,139.66937034473486,6,126.71955469425876,1,2,35,3
2249980329_575827094_0,45,45,40,25.98815171559973,5,312.73087440104683,1,2,1,1
2249980329_572064585_0,50,45,40,656.5878389532608,5,172.1912258338894,2,8,1,2
4436287114_1298628785_0,65,60,55,123.1216577677114,4,185.28981232645455,4,8,13,1
4436287114_1298461682_0,55,55,50,92.07491328310836,5,185.29824830939185,2,4,9,1
4462374977_1840721017_0,60,60,55,21.50585832496684,5,78.71492865222892,1,3,1,1
4457398231_959498879_0,60,60,55,190.8913230248943,5,65.54568308048172,1,2,1,1
4454226365_30253202_0,60,60,55,115.9518205914524,5,274.9100054973169,4,2,5,1
4454226363_4454226365_0,65,65,60,19.909818349929196,5,278.24847256737866,4,2,1,1
4450687428_319774235_0,40,40,0,219.80797841916765,5,372.6468266972423,1,2,1,1
4436976528_442540279_0,65,65,60,38.48033239190363,3,0.0,4,4,5,1
2264150798_100409764_0,65,65,60,7.46679370543396,5,172.94356883731965,1,6,5,1
2262660125_1621899818_0,60,55,50,66.43764223868241,5,396.42956458315246,2,3,4,1
2262660123_2262659967_0,55,50,45,135.81328587971677,6,342.78206750697484,1,2,7,1
2262659967_30312487_0,60,60,55,61.04244903777315,5,288.5701393957702,2,2,4,1
2262659967_2262660123_0,55,50,45,135.8132858797168,6,342.78206750697484,1,2,7,1
2262659967_2262659438_0,55,55,50,134.0430637126511,6,345.35066061627083,4,2,10,1
2262659438_1621899831_0,55,50,45,71.58891871857172,4,347.66885357382483,4,2,7,1
2262659438_2262659967_0,55,55,50,134.0430637126511,6,345.35066061627083,4,2,10,1
2252583126_537827467_0,65,60,55,4.97889536134523,4,9.131594703203463,5,5,1,1
2250836674_2482651061_0,55,55,50,59.98483899736364,5,259.35061962870407,1,2,1,1
2250836595_481087131_0,55,55,50,54.12983543439735,5,197.28012058341267,1,2,1,1
2249980329_632821157_0,55,55,50,202.98529482651992,5,148.17701431143144,1,5,1,1
2264456427_1774503384_0,55,55,50,160.79832332166097,5,405.0365961342229,1,4,1,1
2264456427_8319500688_0,55,55,50,37.17439499574444,5,374.4412114213599,1,4,2,1
2264456427_4834501695_0,60,60,55,76.882408382719,4,405.0365961342229,1,4,2,1
2264456427_2264456428_0,60,60,55,43.79945484319724,4,388.58977178558746,1,4,2,1
2264150807_2264150813_0,65,60,55,5.551197082987229,4,219.30901555209053,1,4,4,8
2264150798_2264150813_0,60,60,55,281.8284327536928,4,172.94356883731965,1,9,15,9
2264150798_104459413_0,60,60,60,121.26421801231332,5,165.8369353382286,1,10,12,1
2264456435_4834501706_0,55,55,50,221.0021659959079,5,321.9557626290228,10,3,12,1
2264456435_30248295_0,55,55,50,72.85541177829674,5,263.7653608050948,1,3,16,2
2264456433_2264456445_0,65,65,60,92.22784268672946,5,279.8569832192917,1,2,1,1
2264456433_30298929_0,55,55,50,100.55810761233847,5,358.9349850100098,1,4,1,1
2264456431_2407326945_0,60,55,50,97.69368690326078,4,379.2883027932,1,3,5,1
2264456431_2264456428_0,60,60,55,59.15721319106885,4,379.464674079544,1,4,2,1
2264456429_168491424_0,60,60,55,57.383760286950185,4,389.351425397548,1,2,3,2
2264456429_2407326945_0,60,60,55,61.18186973603461,4,382.2685561160672,1,2,3,1
2264456428_2264456431_0,60,60,55,59.157213191068855,4,379.464674079544,1,4,2,1
2264456428_1514106961_0,60,55,50,79.14649598568731,5,310.9800241915804,1,6,6,1
2264456443_30248313_0,60,55,50,111.15277857552503,5,203.583802064396,1,4,3,1
2264456440_30298886_0,65,60,55,81.93961285700644,4,222.9308376891834,15,3,9,1
2264456440_2264456433_0,55,55,50,139.86172328987797,5,298.36503831574504,1,6,6,1
2264456438_4834501715_0,60,60,55,83.8360766461491,4,59.74226825402543,1,4,1,1
2264456438_4834501720_0,60,60,55,65.24935922736503,5,59.74226825402543,11,3,1,1
2264456436_2264456443_0,60,55,50,132.39472387758693,4,203.583802064396,1,3,1,1
2264456436_4834501706_0,65,65,60,95.78561017908436,4,303.0516974582922,10,2,1,1
2264456436_30248313_0,60,60,55,80.82974262904594,5,232.0585070836049,1,3,3,1
2264456446_4834501685_0,60,60,55,65.44632184771302,4,152.1953868938509,18,3,13,1
2264456446_2264456445_0,70,65,60,147.80598682731826,4,212.79060187879116,15,2,8,1
2264456445_2264456446_0,70,65,60,147.8059868273183,4,212.79060187879116,15,2,8,1
2264456443_4834501715_0,65,65,60,71.94980809581166,4,140.81007227140498,1,3,1,1
2264456443_2264456436_0,60,60,55,132.3947238775869,4,203.583802064396,1,3,1,1
2264456443_30252067_0,60,60,55,95.51181477526156,5,177.02642728752423,1,4,1,1
2264591826_2264591895_0,65,65,60,135.42625252848583,6,79.99450453027715,3,2,6,1
2264591780_2264591838_0,65,65,60,133.8546296055605,6,87.81339464461685,1,5,9,1
4431636962_8140250869_0,65,60,55,38.80079861021146,5,0.0,7,2,1,1
4417346835_629306521_0,65,65,60,130.99236805727074,2,0.0,8,5,1,1
4436378470_12953490449_0,60,60,55,8.420872486077958,4,0.0,5,3,1,1
4436378470_13308485110_0,60,60,55,5.000223995632382,3,0.0,5,3,1,1
4436287114_2914607831_0,60,55,50,50.287363492083706,4,185.29824830939185,2,4,6,1
2264456452_4538123446_0,65,60,55,166.49738852410067,3,0.0,24,7,26,1
2264456452_5644562417_0,65,65,60,97.89723288086658,4,0.0,18,5,12,1
2267446342_2267446258_1,50,50,40,237.2982762175865,6,321.09859347118714,3,6,1,1
2267446342_2267446258_0,55,50,45,118.82321525024216,5,321.09859347118714,3,5,1,1
2267446258_2267446342_0,40,40,0,237.2982762175865,6,321.09859347118714,3,6,1,1
2283215312_603995037_0,65,60,55,106.95795720647396,2,0.0,7,4,1,1
2283215312_603995035_0,65,60,55,59.3624944572386,4,0.0,8,4,1,1
2269130838_773324530_0,65,65,60,137.21992584489948,4,0.0,10,7,9,1
2269130838_250794418_0,65,60,55,91.1596765340425,2,0.0,10,10,4,1
2292981087_30243335_0,70,70,65,132.19033879746485,5,0.0,4,2,9,1
2292981087_3835613869_0,65,60,55,42.88402867018922,2,0.0,2,2,4,1
2292708327_2593809553_0,65,65,60,75.22560531397497,4,129.8735140923293,2,6,12,1
2292708174_30312836_0,55,55,50,65.00912996386148,5,206.4404363569647,2,3,4,1
2292708174_2292708327_0,70,65,60,132.42568487639815,6,205.09855116353145,2,6,12,1
2292514680_387127564_0,65,60,55,82.2765363790882,4,433.35649914591033,1,2,1,1
2291722043_30689544_0,55,50,50,138.79776827665938,5,23.926259818555845,3,4,10,1
2291722043_2238485654_0,60,55,55,138.41225917759843,5,56.729150183181154,3,3,8,1
2293731616_2760236004_0,70,70,65,105.60812758376,2,0.0,4,6,4,2
2293731616_5313720234_0,70,70,65,25.01566301323475,3,0.0,3,4,4,2
2293731612_30332647_0,60,55,50,55.81493117014374,5,65.757832368088,1,4,1,2
2293731594_12256248810_0,70,70,65,89.73889356185674,3,0.0,5,4,1,1
2293731594_1147391517_0,70,70,65,191.7331583746013,2,0.0,8,11,5,2
2293703215_30253456_0,60,55,50,55.48056851479048,6,182.2794597101164,1,2,6,1
2293703215_30332762_0,55,55,50,21.356689769621777,5,173.79285914850735,1,2,1,2
2293703110_30253456_0,45,45,40,58.29741224479229,6,166.4023525098157,1,2,7,1
2293731677_2293731702_0,65,65,60,318.14446865146846,2,0.0,4,14,1,1
2293731665_2293731677_0,65,65,60,233.89978159029465,2,0.0,7,21,4,1
2293731665_30332598_0,60,60,50,102.2651110637716,5,0.0,3,10,3,1
2293731658_2293731665_0,65,65,60,53.31435016359288,2,0.0,8,10,4,1
2293731652_2293731643_0,60,60,55,195.09141168849413,2,0.0,8,4,6,2
2293731618_6993867323_0,70,65,60,196.42606681844123,2,0.0,8,7,11,1
2294044041_30264549_0,55,50,45,84.76748540854231,5,114.0448692133228,1,2,13,2
2294043882_573420835_0,60,60,55,77.40447030186924,5,34.96942467797106,1,5,8,1
2293736615_2293731604_0,70,70,65,134.2556877179904,2,0.0,5,2,1,1
2293731701_2293731679_0,65,65,60,308.43537568120064,2,0.0,4,14,1,1
2293731679_4436952954_0,65,65,60,269.4772532502409,2,0.0,11,25,5,1
2293731677_1623838327_0,65,65,60,42.638554685034265,4,0.0,4,10,2,1
2327729219_30238199_0,65,65,60,254.658669448487,6,0.0,6,7,33,1
2327729212_30238199_0,70,65,60,131.93911356296223,5,0.0,11,7,24,1
2327729212_12351352583_0,55,55,50,20.720440077772228,3,0.0,8,5,11,1
2294050457_540312596_0,55,55,50,108.0916189694114,5,45.481703382196415,1,4,4,1
2334441925_30914373_0,55,55,50,26.573249678704265,5,111.80026347490488,1,3,5,1
2331122654_2331122653_0,65,65,60,127.50162617191216,2,0.0,5,5,6,1
2331122654_2153062756_0,60,55,50,87.39540025515059,5,0.0,2,4,5,1
2331122654_30295302_0,60,60,55,59.82950049752076,5,0.0,5,4,5,1
2331122653_387130524_0,65,65,55,74.48850917126249,2,0.0,1,5,3,1
2331122653_1592978370_0,60,55,50,188.679434561444,2,0.0,7,6,7,1
4416582771_629306774_0,60,60,55,82.79876897625996,2,0.0,5,4,1,1
4416582770_957075930_0,50,50,45,135.02532843855633,5,52.271441923473134,1,4,1,2
4435194975_312680292_0,65,60,55,119.16452029377513,5,160.29107026329336,7,7,4,2
4431636973_8140250872_0,60,60,55,41.25942392140165,5,0.0,7,2,1,1
4431636962_541643983_0,55,50,45,107.32555379323512,3,0.0,10,4,1,1
2331122650_2868282080_0,65,65,60,97.29343016651808,5,31.207897506192342,1,6,7,3
2344314670_1613654137_0,60,60,60,46.10196337983327,3,0.0,15,2,1,1
2344314667_1613639964_0,60,55,55,122.39249181344334,5,0.0,6,2,1,1
2408251360_5316471788_0,50,50,45,237.95445545744604,5,0.0,1,2,1,1
2408251360_4139421839_0,45,45,40,311.2660810461016,5,0.0,1,2,1,1
2408251358_5316471787_0,50,50,45,125.9371282049018,5,63.92278307983866,1,2,1,1
2407371630_243339109_0,65,65,60,166.62476369920228,4,291.30536060358247,9,6,3,1
2407328772_30298886_0,55,55,45,63.94984418410994,5,219.76729046080115,15,2,11,1
2407328772_178509568_0,60,60,55,92.862898054661,5,219.76729046080115,1,4,10,1
2407326945_2264456429_0,60,60,55,61.18186973603461,4,382.2685561160672,1,2,3,1
2407326945_1774503378_0,50,45,40,68.34569096598517,5,382.2685561160672,1,2,3,1
4407308354_1695282624_0,65,65,60,84.45151973196815,5,614.2931085162381,1,2,1,1
4416582832_4416582826_0,60,60,55,9.477844028285192,5,16.470290454226053,3,3,1,1
4416582829_4416582832_0,60,60,55,4.237427303655164,5,14.803770866694808,3,3,1,1
2400214757_960619343_0,55,55,50,81.4597639952375,5,230.2421471257933,1,3,1,1
2434351638_416116751_0,40,40,0,272.6670507396359,5,0.0,1,8,3,2
2432714390_30295838_0,60,55,50,82.2724340077163,6,193.06163009225253,1,2,1,1
2412830244_7020177134_0,65,60,55,60.2122246897173,6,30.69194757907685,1,2,17,1
2408544346_1126998875_0,60,55,50,142.11250319964992,5,179.97858073061778,1,2,4,1
2408544346_2606686537_0,60,60,55,70.49826835989144,5,109.48066555782772,1,2,5,1
2449582964_1484829140_0,50,50,45,337.34037109172687,6,147.82448718744925,1,5,1,1
2449580477_2449582969_0,45,45,40,178.56185127408045,6,369.2264822514695,1,5,1,1
2449580477_2448287055_0,45,45,40,109.76663902265004,5,366.8938155248817,1,3,1,1
2449580477_1484829160_0,50,50,45,40.93973512863802,6,352.0468311893624,1,3,1,1
2445068401_427959730_0,50,50,45,51.08905633594806,4,662.4090480217208,2,5,1,1
2456870302_2456927924_0,65,65,55,554.9023749005318,1,0.0,14,14,1,1
2454108931_2291722043_0,50,50,50,56.78762799095491,6,0.0,1,2,4,1
2454108931_2075448033_0,60,55,50,131.91657854914794,3,0.0,3,3,7,1
2454108931_243338881_0,60,55,50,131.40977732442815,5,0.0,3,8,8,1
2450895997_622350681_0,70,70,65,199.2483019859961,4,14.647010196149488,3,6,1,1
2449582969_2449582964_0,45,45,40,131.0219188023942,6,283.4640966089627,1,6,1,1
2449582969_3285490029_0,45,45,40,88.334079684892,6,381.30131419419234,1,3,1,1
2456874973_1162558788_0,60,60,50,718.3621017103977,1,0.0,18,12,3,1
2456870303_2456874973_0,60,60,55,457.7757612726155,1,0.0,12,8,1,1
2458217808_30960632_0,45,45,40,65.81973465937405,5,222.3938424610353,1,3,1,1
2458217794_2458217839_0,55,55,50,24.412410383415317,5,143.62221003202157,1,2,1,1
2456928107_2456928106_0,60,55,50,116.75352618678583,5,95.03004968361869,1,3,1,1
2456928106_568847328_0,55,55,50,129.5630662221899,5,95.03004968361869,1,3,1,1
2456927924_1230701452_0,60,60,55,281.1338792039673,1,0.0,6,7,1,1
2466611002_30294548_0,50,50,45,125.69522153852394,5,37.24211163981682,1,3,1,1
2463014352_415956313_0,70,65,60,20.58337125323404,2,0.0,4,2,5,1
2458217857_30960632_0,50,50,45,121.34422430376586,5,103.64713376128154,1,3,1,1
2458217848_2458217791_0,65,65,60,13.74988094911943,4,0.0,9,2,2,1
2458217839_402894803_0,55,55,50,197.7608221000276,5,143.62221003202157,1,4,4,1
2458217839_2458217794_0,55,55,50,24.412410383415317,5,143.62221003202157,1,2,1,1
2458217828_412449353_0,45,45,40,8.791627154239816,5,138.22130903951788,1,3,1,1
2468906560_2468906564_0,65,65,60,9.6499215395384,2,0.0,4,5,1,1
2468906537_387127757_0,70,65,60,76.01310301440631,5,0.0,6,6,1,1
2466611020_568847323_0,65,65,60,278.50460035461447,3,0.0,7,5,1,1
2466611020_2466611019_0,55,50,45,52.012775516875216,5,0.0,2,2,1,1
2466611019_30294548_0,55,50,45,243.88280988676377,5,51.94586605994426,1,3,1,1
2466611019_2682207964_0,55,55,50,64.43539433936397,5,51.94586605994426,1,2,1,1
2466611019_2466611020_0,70,65,60,52.012775516875216,5,0.0,2,2,1,1
2466611002_1482182626_0,50,50,45,60.330179683210105,5,14.880958892247506,1,2,1,1
2473393700_2473393741_0,55,55,50,101.68054160356692,5,272.0068204131888,2,2,13,1
2473393657_30312489_0,60,60,55,119.32741195573756,5,256.5066762102805,5,3,7,1
2473393657_2473393641_0,60,60,55,16.422835910007965,5,247.09909444399693,3,2,8,1
2473393641_4549690551_0,60,60,50,15.845797104260594,5,244.8608786225394,4,2,9,1
2473393632_2473393628_0,60,60,50,13.435811923112698,4,191.9374409093361,5,2,10,1
4406268868_1303363169_0,55,55,45,37.6285986045223,5,88.76156379829582,1,2,1,1
4416582770_257048025_0,60,60,55,350.07224427632343,5,46.09205344877992,1,7,1,1
4416582754_1046612993_0,50,50,45,48.03022464000769,5,33.680655656194865,3,2,1,1
2473393628_30297485_0,65,65,60,59.42083102502872,5,132.5955399010011,5,2,8,1
2472128383_30254568_0,55,55,50,59.26538111703336,6,277.8914344282548,1,6,1,1
2473393781_2473393756_0,60,60,55,20.47070286533691,5,265.7491681852861,1,2,11,1
2473393779_1044510638_0,50,50,45,176.7717002171984,6,87.67504042607601,1,2,24,4
2473393899_2473393922_0,50,45,40,73.56196415810899,5,0.0,6,2,26,2
2473393894_2473393875_0,65,60,55,15.954764668665549,5,104.92094504628623,6,2,24,1
2473393853_2593809553_0,65,65,60,120.45352288359705,5,119.9519970747866,8,5,24,2
4395509064_4995013515_0,60,60,55,124.02420207793088,5,56.88713503162703,1,4,1,1
4407308354_1695282673_0,60,60,55,78.4418361382754,5,622.0969706243574,2,5,1,1
4406275328_598224810_0,50,50,45,11.388075013510038,6,269.9484593513838,1,2,1,1
4406268871_4406268868_0,50,50,45,60.80036433408611,5,93.8767872688965,1,2,1,1
4406268870_598225219_0,55,50,45,54.87595300597784,6,158.0069361439109,1,2,1,1
4406268870_4406268871_0,50,50,40,36.45532788565987,5,153.88522714633132,1,2,1,1
4406268869_4406268871_0,50,45,40,53.89583646967927,5,153.88522714633132,1,2,1,1
2473393839_2197824480_0,65,65,60,44.50502894085378,4,210.24745561176945,4,2,24,3
2473394000_4385157797_0,65,65,60,126.5562448065302,4,272.8706202167447,4,4,11,1
2473393976_30297527_0,60,60,50,17.83959753846939,5,252.84319207668528,1,2,18,1
2473393967_4309985784_0,60,55,50,16.26376625353518,5,136.10171774866592,3,2,21,1
2473393954_597222067_0,55,55,50,36.16302422126513,5,0.0,3,2,17,2
2473393954_2473393938_0,65,65,60,17.822801589095178,3,0.0,3,2,20,1
2473393938_30253388_0,65,65,60,253.09407756235896,3,0.0,7,4,28,1
2473393908_2473393905_0,65,65,60,15.088002956243583,3,0.0,3,2,18,1
2480520707_3762069417_0,60,60,55,336.862101746138,4,421.62688286681055,2,7,3,1
2480495525_30242951_0,70,65,60,171.22991489340905,5,0.0,9,8,15,1
2473421347_416885093_0,65,60,55,15.000874986738191,5,142.08874741113712,4,2,6,1
2473421347_2473421338_0,65,60,55,137.346639660612,5,142.08874741113712,4,3,9,1
2473421343_416885093_0,65,60,55,136.40851213624694,5,142.4546479246574,4,3,11,1
2473421343_416886809_0,55,55,50,66.9032929230481,5,186.2031139396447,1,3,5,1
2482703305_230158668_0,55,55,50,102.69165618793798,6,47.39820099691399,1,2,25,1
2482703292_2482703305_0,55,55,50,33.41924179599363,6,147.73963508915585,1,2,18,1
2482663903_415716564_0,65,60,55,46.84825213237867,5,0.0,5,6,1,1
2481508957_425635745_0,55,55,50,90.65603348004974,5,232.3632463601638,1,2,1,1
2480520707_253788453_0,60,55,50,124.12069465527328,4,398.1619944497103,1,5,4,1
2495598155_26057312_0,65,60,55,31.96757069723308,2,0.0,14,13,7,1
2495598155_1375310919_0,70,70,65,27.80258348695819,2,0.0,15,13,5,1
2495575748_3868361514_0,60,60,55,144.42381955729132,5,11.471560260310856,4,14,26,2
2495394055_4834501695_0,50,50,45,55.05651735450422,5,425.056082885286,1,3,3,1
2494518758_2494518756_0,55,55,50,127.9513056196717,6,305.7368688398407,1,2,7,1
2494518756_2494518758_0,55,55,50,127.9513056196717,6,305.7368688398407,1,2,7,1
2486143412_430758304_0,45,45,40,133.5773397213832,5,376.1734091460247,1,4,1,1
2482703305_30243253_0,60,55,50,63.057671558525485,6,118.85853239924444,1,2,17,1
2505262717_2505262744_0,60,60,55,54.42999480154762,5,120.88122383887558,1,4,1,1
2501773162_13228605046_0,70,70,65,75.30576256912853,6,0.0,2,3,24,1
2501701155_30238009_0,60,60,55,67.84088465083569,5,66.35998683437538,3,3,21,2
2501701155_2501773162_0,70,70,65,131.81305148406997,6,66.07314167964982,2,3,27,1
2501701062_2501701155_0,70,65,65,130.4281955252698,6,20.756000481842733,4,3,23,1
2501123851_3587720087_0,65,60,55,60.35679323057312,5,408.55220585395233,1,2,27,3
2501123851_30227390_0,55,55,50,77.71506491860433,5,389.64057037178367,1,3,30,4
2497218265_30294473_0,60,60,55,444.7564325967944,5,0.0,6,8,7,4
2505271562_2505271505_0,45,45,40,277.928044843432,5,288.41096666651475,1,2,1,1
2505271514_637464857_0,45,45,40,73.91256975103572,5,121.42790589994952,1,2,1,1
2505271514_8957765002_0,65,65,60,231.02719330355848,5,32.05784529645919,1,5,1,1
2505271505_2505271562_0,45,45,40,277.9280448434319,5,288.41096666651475,1,2,1,1
2505271505_2505271482_0,45,45,40,84.6240072649261,5,499.29078219074887,1,2,1,1
2505271505_8119594930_0,45,45,40,318.63883846795443,5,200.80093718021743,1,2,1,1
2505271482_2505271505_0,45,45,40,84.6240072649261,5,499.29078219074887,1,2,1,1
2505262717_2505262805_0,60,60,55,70.44495943957922,5,120.88122383887558,1,3,1,1
2510477873_30914373_0,65,65,60,123.90156153156111,5,0.0,3,5,6,1
2509871324_681936382_0,70,70,65,149.53824593934215,2,0.0,12,16,1,1
2507734017_340197288_0,60,55,50,89.96637905533969,5,313.80953776138205,1,2,4,1
2507405102_557230545_0,60,60,55,223.6082248398439,5,0.0,4,4,9,1
4385157799_30689544_0,65,60,55,23.949606738994827,4,0.0,2,3,8,1
4385157798_262251754_0,65,60,55,117.71619106784534,4,0.0,7,5,8,1
4385157798_2473393908_0,65,65,60,118.12012252572607,3,0.0,5,4,17,1
4385157797_365565831_0,65,65,60,133.31228804945553,4,398.668889296238,4,4,8,2
4397169306_30884329_0,65,65,60,103.48004031344117,4,378.4771416171397,1,4,27,2
4397169303_1400544019_0,65,65,60,83.79304524314792,6,302.6347821444179,1,3,18,1
4397169303_779227747_0,55,55,50,282.07402227940327,4,301.8522014343249,1,6,47,4
4397169294_779227747_0,65,60,60,56.94187586244652,6,301.8522014343249,1,3,31,3
4397168781_30647907_0,60,60,55,80.18562602122685,6,225.97172153436472,1,3,30,2
2505284839_2505284838_0,55,55,50,79.59069048760392,6,122.73911605923996,1,2,1,1
2505284838_2505284839_0,55,55,50,79.59069048760392,6,122.73911605923996,1,2,1,1
2505284838_6008604431_0,55,55,50,73.28799042184309,5,139.9572224823457,1,4,1,1
2525386221_1514106958_0,60,60,55,57.266708998187205,5,352.4683848762641,1,2,8,1
2511679139_1900246889_0,65,65,60,139.06060925089557,5,12.01256516030467,9,3,13,1
2510678721_269384759_0,65,60,55,97.8251435102286,5,26.07947613530619,1,4,16,1
2510678721_30294483_0,65,60,55,71.31644707175965,5,123.89366534673918,4,2,19,1
2510614164_30237606_0,70,70,65,31.20189346719218,3,0.0,7,5,8,3
2510614164_30251207_0,70,65,60,20.91618747025777,3,0.0,6,6,8,2
2510614158_557230386_0,65,65,60,115.85113752395418,5,13.733519278585234,4,3,9,1
2540121495_2540121493_0,55,55,50,48.58523244930983,5,37.37798544341939,1,5,1,1
2540121494_2540121493_0,55,55,50,28.343694069453825,6,10.08924474832606,1,3,1,1
2540121494_8119767438_0,65,60,55,52.37993933188004,4,8.58648530707337,1,2,1,2
2540121480_2540121495_0,55,55,50,65.25775723781922,6,49.656932809839134,1,5,1,1
2540121480_30294552_0,55,55,50,61.89396252522968,5,0.0,3,4,1,1
2540121396_30294552_0,70,65,60,184.36752883857903,4,0.0,5,4,1,1
2540121396_2540121387_0,65,60,55,52.42415385865078,5,15.5156450139629,1,2,1,1
2540121387_13005233334_0,55,50,45,85.56717950194256,5,67.90960435999224,1,2,1,1
2533347689_615815435_0,70,70,65,229.9449445186445,4,13.273642782936516,6,8,2,1
2558969940_30343617_0,45,45,40,15.200240896057071,5,449.1129191981802,1,3,12,1
2548985998_2548986000_0,60,55,50,115.89100132909012,5,325.05420855095235,3,5,1,1
2544110806_2544110805_0,50,50,45,104.49845618215878,5,505.0073435478527,1,2,1,1
2544110805_2544110806_0,50,50,45,104.4984561821588,5,505.0073435478527,1,2,1,1
2540149363_818710842_0,60,55,50,97.60089722771448,4,8.073334456864046,2,4,1,1
2540149361_818710842_0,65,65,60,51.47916877089811,5,77.94756175993076,2,4,2,1
2574632147_434423064_0,60,60,55,109.43999037543148,5,246.95680985134712,1,2,3,1
2565812032_449385486_0,65,65,60,83.0731732018902,4,629.0216424906204,1,4,1,1
2565812032_770847839_0,60,55,50,45.56107327469091,4,583.7612205279114,1,3,1,1
2560087403_30294489_0,65,65,60,136.11134181461222,5,88.0719646721482,2,3,8,1
2560087403_541061806_0,60,55,50,100.47134671222396,5,132.0932179645251,2,3,4,1
2582773742_412436543_0,60,55,50,128.6663421053577,5,240.07202256030683,1,3,1,1
2582773742_2582773743_0,45,45,40,66.01318545482098,5,240.07202256030683,1,2,1,1
2579362585_2579362580_0,70,65,60,132.9939587813514,6,0.0,2,2,11,2
2579362585_30243156_0,65,60,55,71.0162635052433,3,0.0,2,2,8,1
2578612975_243342790_0,55,55,50,135.6996914865259,4,0.0,7,5,1,1
2578612972_1710709046_0,65,65,60,20.751972919340023,3,0.0,4,3,7,1
2593809556_243339565_0,65,65,60,159.79271382132487,5,87.30045771941894,5,2,3,1
2593809554_365566120_0,60,60,50,66.21254431852441,5,130.6397780141172,2,9,4,1
2593809553_4385157798_0,65,65,60,129.87903944046946,4,0.0,4,7,7,1
2593809553_2593809554_0,65,65,60,131.7453674577481,5,129.67237995739248,3,7,8,1
2590731984_330417407_0,55,55,50,83.11044171987182,4,87.06275020841892,7,3,2,1
2589060116_4850661055_0,65,65,60,36.57992092075893,5,115.0488003699162,5,3,1,2
2606686550_770847806_0,50,45,40,86.11029289623185,5,441.7325064158419,1,4,1,1
2606686471_481087131_0,55,55,50,83.1694847237747,5,144.06502266518908,1,2,2,1
2606686453_425635742_0,45,45,40,93.67530856156986,5,173.47815236053663,1,2,1,1
2625927687_30617585_0,60,60,55,63.674356964337306,5,24.222734717454568,1,8,1,1
2620772655_30294524_0,55,50,45,34.875677270691,5,274.45965676002555,1,6,8,1
2620772655_418161846_0,50,50,45,21.53044523165372,6,270.64540575803755,1,6,13,1
2606686567_1126998877_0,60,60,55,136.7383042837241,3,0.0,6,6,1,1
2606686566_2606686567_0,55,55,50,33.12308902582052,3,0.0,4,3,1,1
2606686560_2606686558_0,50,50,45,85.06848630102535,5,130.29175198923383,1,2,1,1
2606686560_30617807_0,55,55,50,134.26935593974127,5,130.29175198923383,1,3,3,1
2606686560_2606686562_0,50,50,45,136.2431875726733,5,38.886302315726354,2,2,1,1
2650585622_790025748_0,50,50,45,32.47008927182483,5,565.6332113070034,1,2,1,1
2630581373_1532984315_0,50,50,45,94.738968147315,5,677.723526976038,1,4,2,1
2628897485_30254599_0,55,55,50,127.22986309511153,5,303.0585301096985,1,7,3,1
2627845567_6194641758_0,60,60,55,27.249176652657766,6,97.37847529234756,1,2,3,1
2627845567_1303430364_0,60,60,55,97.51528502958467,5,100.1164357235628,4,3,4,1
2627845567_1303430372_0,60,55,50,34.755870346630736,5,76.67430002410656,1,3,2,1
2650585629_2650585628_0,45,45,40,30.068658712625854,6,408.3275630303975,1,2,1,1
2650585629_2650585631_0,40,40,0,23.54337402499424,6,427.592077598967,1,2,1,1
2650585628_2650585629_0,45,45,40,30.068658712625854,6,408.3275630303975,1,2,1,1
4365004601_30297209_0,55,50,45,50.87168077550948,6,750.0,1,2,4,1
4346122994_30254783_0,55,55,50,213.57871692515693,5,106.31392741495726,4,5,1,1
4395509053_323168908_0,65,65,60,122.65896670295136,5,22.09730328599117,11,5,1,1
4395495454_960625586_0,60,55,50,57.96679652228376,6,90.36003801989196,1,2,1,1
4395495454_30617909_0,65,65,60,117.41576430676513,5,0.0,3,5,2,1
2650585625_790025748_0,45,45,40,46.49258768218237,5,548.916954670351,1,2,1,1
2650585624_2815387254_0,50,50,45,22.819757676079902,5,520.4470551367106,1,2,1,1
2650585634_2650585635_0,45,40,0,29.76704669215697,6,465.0397047330381,1,2,1,1
2650585633_2650585632_0,50,45,40,29.85919715624873,6,445.9713760226068,1,2,1,1
2650585633_2650585631_0,40,40,0,22.248775498114394,6,445.5604770948441,1,2,1,1
2650585632_2650585633_0,50,45,40,29.85919715624873,6,445.9713760226068,1,2,1,1
2650585631_2650585633_0,40,40,0,22.248775498114394,6,445.5604770948441,1,2,1,1
2650585630_2650585631_0,45,45,40,29.9650402606324,6,427.4376952866239,1,2,1,1
2650585637_2650585635_0,45,40,40,23.113024674412188,6,481.4863736315547,1,2,1,1
2650585637_770847814_0,45,45,40,23.42992678716541,6,500.3951568214075,1,2,1,1
2650585635_2650585634_0,45,40,0,29.76704669215697,6,465.0397047330381,1,2,1,1
2650585635_2650585637_0,45,40,40,23.113024674412188,6,481.4863736315547,1,2,1,1
2655765587_387127456_0,55,50,45,80.7860725472209,5,332.5900590924962,1,5,1,1
2655765587_2655765586_0,60,60,55,68.7662354080098,5,411.2057224241843,1,4,1,1
2655765586_256484352_0,60,60,55,170.42021762230175,5,416.14308499480313,3,3,1,1
2655293351_30312489_0,65,65,60,67.59838417413978,5,256.5066762102805,3,3,3,1
2650778329_13119458932_0,65,60,55,16.59064307575283,4,28.913186951953044,5,3,1,1
2650778327_955030102_0,60,55,50,89.46188987272882,4,0.0,7,7,3,1
2670313178_2671070787_0,65,65,60,7.924829748561359,6,111.5329446696068,1,3,7,1
2665264315_258565859_0,70,65,60,66.79939808559327,4,183.3924664318252,4,8,8,1
2665264315_258565861_0,65,60,55,75.90070327909305,4,108.72023594697862,6,9,6,1
2665264314_2665264315_0,60,55,50,19.60984176243193,6,183.3924664318252,3,4,6,1
2665264307_1046612998_0,0,0,0,127.10641677713843,6,9.505401719631736,3,3,3,1
2665264307_1116318602_0,70,65,60,16.957535075910837,5,0.0,5,3,1,1
2665086494_2665086493_0,50,50,45,100.61014768927174,5,457.95492619109046,1,2,1,1
2665086494_387130477_0,55,55,50,118.75088801305486,5,528.8504218504099,1,2,1,1
2665086493_387127656_0,50,50,45,173.8800647132426,5,430.00934803984256,1,2,1,1
2677447194_6126749211_0,60,60,55,116.350828708235,5,13.534043046473546,3,2,1,1
2677000058_5448517635_0,50,50,45,103.83270896562608,5,118.3185041978462,2,4,1,1
2671247018_1012343436_0,60,60,50,90.4969024063998,6,13.140750762603412,1,2,4,1
2671070787_4541533775_0,65,65,60,58.93107340394269,5,105.44027328927524,4,4,8,1
2670313223_2671070787_0,65,65,55,128.86316571804846,5,116.66358103843902,1,3,9,1
2681810911_2681810541_0,50,45,40,103.69779569202908,5,243.45512876492725,1,2,1,1
2681810911_2681810542_0,50,50,45,74.51038761675075,5,221.12063836306092,1,2,1,1
2681810542_420553134_0,50,50,45,125.222372153935,5,221.12063836306092,1,2,1,1
2681810540_359238607_0,50,45,40,322.0874446457089,5,189.54735306230165,1,2,1,1
2681806809_5335313618_0,55,50,45,107.42011262218348,5,67.83559318428465,1,3,1,1
4338253064_3369034791_0,55,50,45,156.13673629080134,6,133.6810914467042,1,2,1,1
4332587259_4587763084_0,55,50,45,43.75059088274581,3,0.0,4,4,1,1
4332587258_4332587259_1,55,55,50,92.96581409775892,3,0.0,1,2,1,1
4327379293_30296789_0,65,65,60,8.374804834021004,5,104.20519453883703,5,5,1,1
4385157797_415989799_0,65,65,60,123.61181915595752,4,289.6852475668427,4,5,17,2
4385157796_30689533_0,60,55,50,133.69422694832772,4,276.68356685106045,4,4,2,1
4373522803_1710709043_0,55,55,50,65.5997828251092,3,0.0,6,4,1,1
4373522803_1710709046_0,60,60,55,87.39489086365367,3,0.0,7,4,5,1
2677447201_30332979_0,65,65,60,127.38700729591324,5,258.6529343676022,5,5,3,1
2677447201_2407371630_0,60,60,55,187.98280317919625,4,260.48816930194977,10,6,2,1
2677447201_2677447194_0,60,60,55,130.728040258665,5,129.7980044355432,5,4,2,1
2687171803_30295810_0,50,50,45,26.059027695547503,5,97.04093015797056,1,2,1,2
2686563657_2686563655_0,50,50,45,171.17423716417514,5,285.6640315718126,1,2,3,1
2686563655_2482651061_0,55,50,45,72.81799629975552,5,259.35061962870407,1,2,1,1
2682341324_30294656_0,55,55,50,84.81606889252488,5,246.26603476395923,1,2,1,1
2681819413_974384683_0,60,55,50,196.5969986526729,5,33.89789164881135,2,8,5,1
2689486042_837485698_0,60,60,55,86.71289880261672,4,0.0,5,2,1,1
2687171811_1303363181_0,60,60,55,34.96857876067561,4,220.4590043948703,3,4,3,1
2687171811_598220565_0,65,65,60,85.40691552576254,4,220.5071902473795,6,5,2,2
2687171810_598223996_0,60,60,50,53.33725696685328,5,200.82390205226497,3,5,4,1
2691107011_30294326_0,60,60,55,77.52936504174878,4,522.9172435025888,6,10,21,5
2691107011_30294197_0,60,60,55,24.26734451538132,4,596.626674052752,3,9,17,1
2691045787_2691045785_0,60,60,55,20.01757660133261,6,421.6799200563461,1,2,11,1
2691045785_1969416851_0,60,60,55,8.650731899542668,5,421.6799200563461,1,2,11,1
2690159866_30555007_0,70,65,60,63.83647967598212,5,0.0,4,3,20,2
2690159866_1307272001_0,55,55,50,125.3549171531785,5,59.912833466188005,5,5,20,2
2689685273_1116318655_0,55,55,50,69.32322609031961,6,80.44882703033556,1,5,7,2
2704433482_412398689_0,55,50,45,159.8263462325071,6,0.0,5,4,27,7
2692588225_7589389959_0,65,65,60,75.79208571610606,5,350.3735885579559,6,8,17,3
2692588225_30294498_0,65,65,60,54.541151344841474,4,401.4771183946089,9,11,16,5
2692588225_166211432_0,60,60,55,40.69052921162437,4,363.1205394710513,8,9,12,2
2691107011_30625911_0,55,50,45,91.62265015440902,5,577.2414763818256,3,8,14,1
2706190196_257746909_0,55,55,55,74.29054382464427,6,302.9325952717352,2,9,11,1
2706190190_948980792_0,60,55,50,205.5210177118028,5,282.63275359044934,1,3,1,1
2706190189_955341699_0,55,55,50,80.5378103946225,5,390.9010687060925,1,3,1,1
2706190120_30617700_0,60,60,55,151.9514303443969,5,526.7179703187625,1,2,1,1
2706292292_415716564_0,60,60,55,18.7971495144972,4,12.295991480538564,5,6,1,1
2706292286_572001919_0,60,60,55,22.32852872263523,5,58.04886002529303,1,4,1,1
2706253140_1306211551_0,55,55,50,29.85898036961385,5,29.35803591336539,1,6,1,1
2707017763_2657778372_0,65,60,55,91.04003656292042,5,547.2297317400336,2,2,2,1
2706990678_2706990676_0,45,45,40,3.708645597303436,5,366.7256599320999,1,3,1,1
2706990674_30617738_0,50,50,40,26.632546670967837,5,401.05843992510194,1,3,1,1
2706990674_790024590_0,50,45,40,8.187255432851808,5,404.4758668810564,1,3,1,1
2706990674_2606686554_0,45,40,0,21.77028518680422,5,412.5389011773166,1,3,1,1
2706990672_800172185_0,55,50,45,24.08355630007034,5,409.3881404305162,1,3,1,1
2706990669_2606686550_0,45,45,40,4.879630603448461,5,450.45914616591085,1,3,1,1
2708786158_790034785_0,60,60,55,223.6900192033572,4,202.768021511339,7,8,2,3
2707390543_30617800_0,70,65,60,61.41777485640193,3,0.0,10,7,3,1
2707139547_30254605_0,70,70,60,45.97493699190063,5,0.0,2,7,5,1
2707139547_387127514_0,70,65,60,126.01922163694832,5,0.0,2,6,5,1
2707017770_387127646_0,50,50,45,272.1448535536677,5,154.76876327578302,1,3,1,1
4326986880_347344117_0,55,55,50,103.90732349762756,3,0.0,9,6,1,2
4323496660_5286242897_0,60,60,55,27.429509082825135,5,234.993080100928,1,3,1,1
4345460188_4345461389_0,55,55,50,108.75707441269924,5,0.0,4,10,1,1
4345460188_560006192_0,55,55,50,35.7313112691566,5,89.3536562817252,1,8,2,1
4338262500_4338262490_0,55,50,45,131.205191475969,6,66.26513124226707,1,2,1,1
4338262490_3369034791_0,55,50,45,48.3630411993574,6,107.47668586035624,1,2,1,1
4338262490_4338262500_0,55,50,45,131.205191475969,6,66.26513124226707,1,2,1,1
2707017763_951016291_0,65,65,60,14.408032694791832,5,545.3324994113476,1,2,2,1
2708786214_616880477_0,65,65,60,103.63234521784358,5,402.0485609254049,4,7,5,1
2708786214_257746909_0,70,65,60,108.01093288891975,4,302.9325952717352,6,10,8,1
2708786214_257747681_0,60,60,55,178.53824308229406,6,352.23407210345863,4,9,11,3
2708786158_960625630_0,50,50,45,121.52921817122262,5,185.72273160758428,3,3,2,2
2708786158_960619355_0,55,50,45,168.5221937979812,4,35.038242812210115,9,11,4,1
2742735015_3285490029_0,0,0,0,134.21611274432968,6,450.014544539416,1,3,1,1
2713983941_11264541277_0,65,60,55,90.29341755390776,4,0.0,11,4,3,2
2713983941_457887476_0,65,65,60,47.74144403694695,2,0.0,9,4,1,2
2709095335_3855178234_0,60,55,50,94.04134548649375,4,34.581919928269045,6,5,1,1
2708786228_790034777_0,55,55,50,125.49839439883192,5,466.4560718201466,1,11,1,3
2757833232_598224512_0,65,65,60,56.64786331332,5,120.78303926390942,1,5,3,1
2749938625_30253730_0,60,60,55,133.59366806783805,5,47.92954315794604,6,3,16,1
2749938625_30253589_0,60,60,55,94.26522880561868,5,122.07312378678402,2,2,6,2
2742735175_6093599878_0,0,0,0,61.55675562177457,6,345.0533522668696,1,3,1,1
2742735137_1484829160_0,45,45,40,35.4674725192143,6,341.4317675374685,1,4,1,1
2742735113_6093599878_0,0,0,0,129.59893027960325,6,347.7128063722598,1,3,1,1
2742735113_2449582964_0,45,45,40,237.5018044961643,6,283.4640966089627,1,5,1,1
2765228221_254399268_0,65,65,60,42.52871643129063,4,58.13916376020555,4,13,1,1
2760236008_2760236007_0,50,50,45,81.01326313105871,6,63.63349904300527,1,2,17,1
2760236007_2760236008_0,50,50,45,81.01326313105872,6,63.63349904300527,1,2,17,1
2760236007_1860575763_0,65,60,55,92.49166767838294,6,63.93216112233257,2,2,18,1
2760236007_30243338_0,70,70,65,63.94680793394645,5,0.0,2,2,15,1
2760236004_6091986825_0,60,55,50,54.42667481126912,2,0.0,3,4,1,1
2760236004_2760236003_0,60,55,50,101.19274614369996,6,0.0,2,5,2,2
2760236003_30332647_0,60,55,50,32.388979513855496,6,89.10885615073839,1,2,1,2
2757843070_2757843069_0,50,50,40,67.86676335254326,6,22.670253692965936,2,2,4,1
2757843070_598224596_0,50,50,40,73.09532702364342,6,75.64701605695419,1,4,1,1
2757843069_12953470706_0,60,60,55,53.31560782587185,6,0.0,6,2,4,1
2810558866_401798222_0,50,45,40,36.07470490951916,6,14.0407654688038,1,2,1,1
2810558866_1312339741_0,45,40,0,53.616586321965215,6,49.46502978184494,1,2,1,1
2810558865_395287462_0,60,55,50,35.54797827287421,6,97.77854596146096,1,2,2,1
2810558860_319427657_0,65,65,60,85.4061837332814,3,0.0,3,2,3,1
2781080542_30243264_0,70,70,65,63.05495089031025,2,0.0,6,7,7,1
2781080535_7515360156_0,70,65,60,50.24384299060306,2,0.0,4,7,9,1
2781080535_30254350_0,65,65,60,50.05545364263924,2,0.0,5,7,10,1
2767355572_30295410_0,65,65,60,104.54437069072418,6,7.477667798404939,2,6,1,1
2767286533_243338877_0,65,65,60,61.60032516341826,3,0.0,2,3,2,2
2767286533_1934457500_0,60,60,55,136.7499998020996,6,0.0,1,5,4,2
2815387255_30617766_0,50,50,45,22.540706230632384,5,525.9510130885992,1,2,1,1
2815387255_790025748_0,45,45,40,23.347471305263767,5,548.1698461300646,1,2,1,1
2815387255_2815387254_0,45,45,40,32.312737995365175,5,542.9941912777706,1,2,1,1
2815387255_2815387256_0,50,45,40,46.75606078248296,5,537.2629329606231,1,2,1,1
2815387254_2815387255_0,50,50,45,32.312737995365175,5,542.9941912777706,1,2,1,1
2810558868_401795296_0,60,60,55,120.53589760961052,5,0.0,2,3,1,1
2845227568_30318191_0,60,60,55,212.93266194857256,4,284.9751658004643,13,4,1,1
2845227568_255461111_0,55,55,50,144.0601425926803,4,140.92905962788856,10,2,1,1
2828177967_30243887_0,65,65,60,116.41318233566568,4,0.0,13,7,16,1
2819073400_30243263_0,65,60,55,114.4240343336062,2,0.0,3,3,18,1
4310325432_359240124_0,50,50,45,83.34877211006146,5,359.1810904513875,1,3,1,1
4326986880_689430452_0,55,50,45,254.15782475554025,5,0.0,4,4,1,2
2815411494_800172185_0,50,50,45,28.34406863269149,5,422.3868548300955,1,3,1,1
2869959981_2331122654_0,60,60,55,62.01380837801536,2,0.0,4,4,4,1
2869959976_3517445007_0,60,60,55,20.375646489575388,6,55.91844238924826,1,4,4,2
2869959976_387130514_0,55,50,45,93.35234042815596,6,46.86945214116625,1,2,4,2
2869959975_2869959974_0,50,45,40,17.781594450622784,6,135.55651635161212,1,3,2,1
2869959975_2869959976_0,55,50,45,82.15976608684299,6,55.91844238924826,1,3,4,2
2868282080_1046599625_0,65,65,55,70.01649281140257,5,109.284239658836,3,4,6,5
2868282080_30295274_0,60,55,50,66.97163160250624,5,94.48762046174964,1,5,6,3
2852358816_3994528963_0,60,55,50,6.856542361968527,6,362.54523960719433,1,3,2,1
2850693122_30243942_0,65,60,65,70.32333158083172,5,310.8540909529839,1,2,46,1
2869959995_2869959990_0,55,55,50,63.46751073672925,5,35.563318848399106,1,3,2,1
2869959988_2869959989_0,55,55,50,53.881313726031074,5,65.49063959840893,1,4,1,1
2869959985_1474941219_0,60,60,55,73.45306046257495,5,115.34024824449313,1,2,6,1
2869959985_314899334_0,60,60,55,97.09834798866714,5,115.34024824449313,1,4,8,1
2869959984_2153062756_0,60,55,50,62.12383781744916,5,85.77187999769329,1,3,3,1
2869959983_847727782_0,50,50,45,137.34449686727788,5,101.68159956994496,1,2,1,1
2869959982_2869959981_0,65,60,55,81.03740240784073,2,0.0,6,5,9,1
2888571939_760332207_0,70,65,60,240.1375603606192,5,12.065769334232892,20,9,13,1
2888571936_2511679138_0,65,65,60,63.14129918156306,5,12.332979005089884,10,5,10,1
2888259002_2888610566_0,65,65,60,63.33647748459322,5,12.418037856260492,10,5,7,1
2880318085_30315481_0,55,45,45,240.49531652865335,5,429.848347446651,1,2,1,1
2880318074_974261559_0,50,50,45,133.3226825251743,5,240.20332685041043,1,2,1,1
4307026176_559420263_0,55,50,45,36.830738384902425,5,232.2900989203347,1,2,2,1
4307016147_541643994_0,65,60,55,106.28359745120044,4,363.1204810948397,3,4,7,1
4319117015_4319117005_0,60,60,50,262.94209014379624,5,460.767341136691,1,3,2,1
4319117010_668541555_0,60,60,55,21.551611944292027,5,349.6616666409862,4,4,1,1
4319117010_689444888_0,50,45,45,285.175500737098,5,350.9552455199918,8,6,2,1
4318426016_597933817_0,45,45,40,16.851111879749276,5,332.5717886508302,1,2,1,1
4318409704_3045198147_0,45,45,40,41.83650688467252,5,220.90463629564107,1,2,2,1
4317363553_3088674065_0,40,0,0,59.77164671424096,5,375.1336348139604,1,2,1,1
4310325432_359236300_0,55,50,45,80.93825936388343,5,423.07631193158863,4,3,1,1
2914602299_2914607801_0,60,60,55,90.4691501342803,6,227.83908502294503,3,5,8,1
2914602299_598224012_0,55,55,50,110.9581747044443,4,227.83908502294503,6,8,11,1
2914411511_2087205003_0,65,65,60,135.8196114002824,5,0.0,5,9,1,1
2891400538_5387890125_0,70,65,60,115.6888567674731,2,0.0,17,8,7,1
2891400538_760332202_0,65,65,60,235.9425939522164,2,0.0,19,8,14,1
2891400538_760332207_0,75,70,65,14.237745647067086,4,0.0,8,5,4,1
2888571943_30686356_0,65,60,55,83.2325659144403,5,12.639401127451563,10,2,9,1
2888571942_2888571940_0,65,65,60,107.84130243841342,5,13.071931194950317,9,4,11,1
2888571940_3049188196_0,65,65,60,108.21450522631908,5,13.424087155940173,13,4,12,1
2920082947_600466281_0,45,40,0,162.18711761292937,5,127.99835555603984,1,3,2,1
2917908492_1382873535_0,70,65,60,106.11070317269215,3,0.0,10,4,6,3
2917908492_557187296_0,70,65,60,34.64823216543688,5,0.0,5,2,6,3
2914607832_1299414755_0,50,50,45,43.47571131239538,5,97.88912495198352,1,2,1,1
2914607801_1303363181_0,65,65,60,87.6242460574094,6,222.39979651374856,3,5,8,1
2936643037_415994538_0,60,60,55,677.2857526583496,2,0.0,11,7,2,1
2936643036_30296147_0,65,65,60,15.7495886654642,5,0.0,6,5,1,1
2920082947_600466286_0,60,55,50,65.36197826551981,4,127.99835555603984,1,2,1,1
2920082947_600466290_0,60,55,50,78.12896337996865,4,106.17344424446034,1,3,4,1
2943846077_2943846078_0,45,45,40,13.03983841106063,5,53.162512843904175,1,3,1,1
2943846077_583323362_0,0,0,0,41.39785409490108,5,53.162512843904175,1,3,1,1
2936643049_4395509064_0,70,70,65,100.71805054228024,5,56.88713503162703,1,2,1,1
4263046378_262251752_0,65,65,60,139.7343220730672,5,0.0,6,7,4,1
4309985784_30297527_0,60,60,55,113.96863430406896,5,139.01195412110636,3,2,30,2
4309883397_1933546304_0,60,55,50,4.740448994718308,5,183.14917986317684,1,2,1,1
4307026178_4307026177_0,55,55,50,98.07614913070265,6,0.0,3,4,3,1
4307026177_747482566_0,55,55,50,105.41009263372538,5,97.84961410146543,1,2,2,1
4307026176_4307016147_0,55,50,45,131.0252287209207,6,232.36786346914624,4,4,5,1
2936643038_1120489442_0,70,70,65,68.87212693809789,2,0.0,14,5,1,1
2955004628_840736526_0,70,70,60,548.1154691878191,1,0.0,1,5,1,1
2954961669_6815925056_0,70,70,65,86.12656570556871,5,8.057546399696799,1,7,1,1
2954961669_30296789_0,65,65,60,450.1092406464445,5,7.624523695450785,6,14,1,1
2943846078_2943846077_0,0,0,0,13.03983841106063,5,53.162512843904175,1,3,1,1
2943846078_319775252_0,50,50,45,118.64245851756084,5,0.0,1,3,1,1
2943846078_1350215915_0,45,40,0,80.08680656014388,5,49.3011807932257,1,3,1,1
2965670793_2965670796_0,60,55,50,9.195855455874597,5,747.2318364698068,2,3,1,1
2965670793_2965670790_0,60,55,50,126.90038174051946,6,750.0,2,4,2,1
2965670790_1313793453_0,60,55,50,18.87446979895921,5,750.0,1,2,2,1
2956932682_2544110806_0,55,50,45,72.33636986800158,5,567.6256447100701,1,3,1,1
2956932682_1381889356_0,55,50,45,72.66414476108797,5,617.6448322380134,1,3,1,1
2956932682_429742254_0,60,60,55,91.657478651506,5,556.3869441041684,1,5,1,1
2956932678_1363598881_0,55,55,50,76.6273530666903,5,519.6528062808738,1,5,1,1
2984928320_192284952_0,70,70,60,55.31087487563579,3,0.0,12,3,1,1
2984928288_21638920_0,70,65,60,164.50023876047712,3,0.0,19,7,1,1
2983305741_572064532_0,65,60,55,101.72999496851,4,15.724260086328457,6,8,1,1
2983305215_338935531_0,60,60,55,92.83708829611408,3,0.0,7,7,1,1
4251794057_1162558777_0,70,65,60,227.79539474975377,2,0.0,4,3,1,2
4269412937_4269412906_0,55,50,45,65.51559339832235,6,256.4462621264538,1,4,3,1
4269412922_4269412954_0,55,55,45,66.92312698293924,6,251.97634196922965,1,2,3,1
4269412922_30914307_0,60,60,55,50.630421883543406,6,312.6401204799268,1,2,3,1
4269412906_4269412922_0,55,55,50,33.38384824596759,6,318.1117701864737,1,4,3,1
2968494628_481146953_0,60,60,55,81.83580798136731,5,56.78057636560619,1,3,1,1
3005325715_1652620972_0,55,50,45,8.228753208841246,5,333.58917574168004,1,2,1,1
3005325699_3005325705_0,55,55,45,9.685767600533866,5,197.9452642335464,1,2,1,1
3005325693_3005325687_0,65,60,55,9.308362035655898,4,199.44422567347243,2,2,4,1
2986603865_395285930_0,65,65,60,55.31372763024572,5,198.54680997844125,4,2,1,1
2986603865_1902553889_0,65,65,60,66.0396620400104,4,207.0720335799728,2,2,1,1
2986603865_598220583_0,55,55,50,106.23796343636415,5,207.0720335799728,1,3,1,1
2984948749_4538123610_0,65,65,60,14.705045455745353,5,0.0,6,2,4,1
3040074835_3040075933_0,55,55,50,43.87088534526762,5,427.15634587864616,4,2,4,1
3007591790_402883109_0,50,50,45,61.2780291092329,5,59.0169624341482,3,3,2,1
4234151123_4263046378_0,65,60,55,119.42073039526906,5,0.0,4,5,7,1
4230940846_427959698_0,55,50,45,578.3657880505085,5,266.5000037668209,1,4,2,1
4253067749_8302792056_0,55,55,50,7.620203873132053,5,228.59726607701543,3,6,1,1
4253067749_8302792055_0,60,55,50,11.07276957697551,5,233.5933621290552,3,6,1,1
4251794915_2129606046_0,70,65,60,171.60993585747704,5,42.754881360341344,3,3,1,1
4251794057_6213879857_0,65,65,60,23.739280905251995,5,0.0,3,2,1,1
3005325724_3005325715_0,60,60,55,139.75982921782858,5,341.15173712821075,1,2,3,1
3005325720_3005325716_0,60,55,50,10.019988223335718,4,332.7172517552124,2,4,3,1
3047640929_3047640930_0,65,60,55,133.13804962639463,5,0.0,1,6,19,1
3047640925_10182235276_0,70,70,65,68.17395949125498,6,0.0,2,2,28,1
3045198148_3045198147_0,45,45,40,16.820553954570574,5,215.4823294683042,1,2,1,1
3045198147_4318409704_0,45,45,40,41.83650688467252,5,220.90463629564107,1,2,2,1
3045198147_597933814_0,55,55,50,76.82946879985205,5,150.33244418314996,1,2,1,1
3044253138_543553128_0,55,55,50,112.12915499723574,6,133.28643420542764,2,2,1,1
3048076639_3048077340_0,65,65,55,28.677665651009143,6,75.59764422049642,1,2,10,1
3048076639_3048083034_0,55,55,50,28.348025930439192,6,47.28895950219879,2,3,9,1
3048076440_3048076639_0,45,40,0,27.48057629838208,6,74.68845871154505,1,2,8,1
3048045041_3048036439_0,55,55,50,26.4023906797764,6,72.44875067711135,1,2,3,1
3048036440_3048076640_0,55,55,50,58.23030246072251,6,36.64274452524939,2,3,10,1
3048036440_1044543192_0,55,55,50,11.363425616216324,4,36.64274452524939,1,3,9,1
3048036439_3048045041_0,45,45,0,26.4023906797764,6,72.44875067711135,1,2,3,1
3047640930_3047640929_0,70,65,60,133.1380496263946,5,0.0,1,6,19,1
3049188188_5387890125_0,70,65,60,54.88133950178351,2,0.0,9,8,3,1
3049188188_3049188160_0,65,65,60,399.2342452898648,1,0.0,23,12,13,2
3049188159_3049188188_0,65,60,55,399.5878417384246,1,0.0,25,12,13,2
3048083034_1207612390_0,55,55,50,78.10852576055932,6,44.74601291418693,5,3,9,1
3048083034_3048076639_0,55,55,50,28.348025930439192,6,47.28895950219879,2,3,9,1
3048076640_1044543194_0,60,60,55,41.8854680709981,6,59.51454988111263,1,2,11,1
3053899378_8089462903_0,65,65,60,349.8474985006059,6,9.084823748797213,15,7,2,1
3053899378_412444724_0,65,60,55,9.434273117524835,4,0.0,8,5,1,1
3053342333_415943065_0,65,60,55,104.08444546018193,4,26.056407811031104,14,8,11,1
3049188208_30298941_0,65,65,60,128.13088612845627,5,9.159825680698528,2,3,8,1
3049188203_11367386983_0,65,65,60,470.4801915842033,2,0.0,32,27,30,1
4214539520_366223023_0,50,50,45,91.2244957329314,6,435.5363222320118,1,4,1,1
4212111678_11298541576_0,60,60,60,14.898361699799802,6,251.48994379962585,1,2,43,1
4251653386_834395739_0,55,55,50,11.265192924267204,5,451.16155556735765,2,3,1,1
4237804314_441668045_0,60,60,55,207.1059029350927,5,131.27765085535827,4,3,10,1
4237804314_4234151123_0,55,50,45,18.82773900536061,5,116.622584012663,2,2,7,1
4237804310_4237804314_0,55,55,50,63.108739585120105,5,134.9720019430692,3,2,11,1
4236148731_1350466429_0,50,50,45,182.64783550869208,5,19.60075003812049,1,4,1,1
3055187866_3055187867_0,65,65,60,33.24377727633743,6,422.13701277748,1,4,1,1
3055187866_1233754618_0,60,60,55,6.838379622560346,5,440.0212353478784,1,4,1,1
3055101083_324231741_0,60,55,50,37.91426854788328,6,358.9030182693718,1,2,1,1
3053899381_6227506610_0,65,65,60,53.45349300156845,5,0.0,5,2,1,1
3053899381_1043834157_0,60,60,55,59.50549885147405,5,53.22244194760387,1,2,2,1
3055187872_30294780_0,60,55,50,41.49345193316479,6,0.0,2,2,4,1
3055187871_3055187870_0,65,60,55,16.49058985800748,4,181.7011246628202,1,3,2,1
3055187871_30617580_0,65,65,60,82.88829618529232,5,165.49750135168617,1,3,3,1
3055187870_30558244_0,65,60,55,104.71268453580856,4,198.1561665394132,2,3,5,1
3055187869_30617580_0,60,60,55,21.22928824942936,4,165.49750135168617,1,3,4,1
3055187869_3055187870_0,65,60,55,69.56486921927176,5,183.06341699340692,1,3,4,1
3075809787_365565044_0,65,65,55,110.6305709652447,4,182.29911366492803,2,2,3,1
3072940587_598219933_0,55,50,45,338.5340374592431,5,319.32082108233016,1,2,1,1
3067636560_1350171072_0,50,50,40,159.4566632931257,5,187.5344978861272,1,2,1,1
3059542904_363877263_0,60,60,55,116.64526213766722,5,96.32559150531644,3,6,1,2
3059542903_3059542904_0,60,60,55,72.62357913603836,6,96.32559150531644,1,2,1,1
3059542903_598224997_0,60,60,55,78.00308300554615,5,154.8768187479313,1,2,1,1
3055187878_3055187877_0,65,60,55,29.296186195959077,6,196.8844061670625,1,2,1,2
9178309451_9178801023_0,55,55,50,107.58132285916624,5,255.79511391808023,1,2,1,1
930158568_30686357_0,65,65,60,69.35670711727607,5,12.20499527583944,7,2,7,1
1445340186_30554542_0,50,50,45,8.958997860079464,6,206.34227389216596,1,2,11,1
30554542_1445340186_0,50,50,45,8.958997860079464,6,206.34227389216596,1,2,11,1
1445340178_30554542_0,50,50,45,9.349470352885184,6,207.2316795096818,1,2,12,1
8421214080_790034786_0,55,55,50,104.58472525801264,6,94.31575367965928,1,2,1,3
533663031_209084274_0,70,70,65,41.46464981576847,3,0.0,14,5,15,1
4880337149_4880337146_0,65,60,55,17.970175532951263,5,0.0,5,4,13,1
4880337146_293407668_0,65,60,55,194.91302549599123,5,0.0,10,12,9,1
2119602754_2111498904_0,55,55,50,67.09467194860606,5,750.0,1,4,1,1
30246949_30246970_0,65,60,55,50.63569840797976,5,23.985371681431086,8,4,15,1
330414226_692263345_0,70,65,60,48.85573429090957,5,0.0,1,10,2,1
312894014_568495538_0,65,60,55,133.62720551251573,5,135.13410935506707,3,2,1,1
689442430_9465476414_0,50,50,45,97.30732665954191,5,288.05889629539104,2,3,1,1
26057116_1126640615_0,60,60,55,115.3172417686324,3,0.0,5,18,11,1
420553134_420553180_0,50,50,45,128.83301869542638,5,233.76064310625355,1,2,1,1
420553180_420553134_0,50,50,45,128.83301869542635,5,233.76064310625355,1,2,1,1
543553116_299362163_0,55,55,50,81.46885823462993,5,132.8401612483431,2,2,1,1
299362163_543553116_0,45,45,40,81.46885823462992,5,132.8401612483431,2,2,1,1
530687855_1121909724_0,65,65,60,127.97989781670296,2,0.0,9,10,11,1
30554974_30553973_0,60,60,55,66.40494445485754,6,336.7582921445692,1,2,20,2
126679135_30553749_0,60,60,50,51.48222366319701,6,255.5882150023157,1,2,6,1
395285930_30295493_0,65,65,60,61.8848016586684,6,182.5111751010064,4,2,3,1
6390497672_6390497671_0,55,50,45,69.27821421452363,5,49.10184140250433,1,3,2,1
6390497671_903833762_0,55,50,45,61.81075853571764,5,114.66861392291892,1,2,2,1
6390497671_6390497672_0,55,50,45,69.27821421452363,5,49.10184140250433,1,3,2,1
363881327_1298458117_0,60,55,50,141.08109996727634,4,186.34955597543575,4,3,2,1
1298458117_363881327_0,60,55,50,141.08109996727634,4,186.34955597543575,4,3,2,1
30295824_30295820_0,50,50,45,28.413691918256,5,190.05361530436585,1,2,1,1
1156424412_30295517_0,55,50,45,39.80821361509037,6,168.25708531266682,1,2,2,1
30294339_30558560_0,60,55,50,79.15928197908035,5,274.95953592074034,1,2,13,1
30617598_30617577_0,55,55,50,59.93461304243334,6,311.5756173032914,1,2,7,1
289658891_30313142_0,60,60,55,92.68545770820124,5,265.80131616191863,4,2,3,1
30237532_1378087192_0,60,60,55,73.6251331236285,3,0.0,3,2,13,1
30253205_30253204_0,65,65,65,130.97310011604807,5,133.92456438206457,4,2,1,1
618431746_315486997_0,65,60,55,137.4781464443085,5,0.0,3,2,1,1
126679138_415956317_0,60,60,55,51.78738937251796,6,0.0,2,5,7,1
417979369_417979459_0,60,55,50,104.44312577713282,5,334.05950095402943,1,5,5,1
961893235_961905005_0,60,60,55,43.962355675858426,5,392.8322282366432,1,2,4,1
961905005_961893235_0,60,60,55,43.962355675858426,5,392.8322282366432,1,2,4,1
1255304807_950161652_0,70,70,65,46.18010926137043,5,20.69665639311429,1,2,1,1
30556746_30556748_0,60,60,60,65.0676502101313,5,504.1818812255802,1,3,46,3
3994496055_387127467_0,60,60,55,183.94183118546837,5,126.96684255041173,1,9,2,1
359099426_30554843_0,60,60,55,81.50936989848,5,0.0,3,4,7,1
30242758_30242757_0,65,65,60,130.63090484435003,5,0.0,3,15,21,1
1233754562_30294673_0,50,50,45,73.30112890696566,5,303.2728780170292,1,2,1,1
30296616_8302792055_0,60,60,55,12.58643671829596,5,234.36961268054043,3,6,1,1
8302792055_30296616_0,60,60,55,12.58643671829596,5,234.36961268054043,3,6,1,1
8151705408_412452491_0,50,45,40,19.758053000716377,5,733.7983577036576,1,4,1,3
412452491_8151705408_0,50,45,40,19.758053000716377,5,733.7983577036576,1,4,1,3
412452491_412450368_0,50,45,40,63.53066349799166,5,738.1955352965202,1,5,2,2
30227158_30227157_0,50,50,45,46.06634831150703,6,158.6881566185793,1,2,9,1
30227157_30227158_0,50,50,45,46.06634831150703,6,158.6881566185793,1,2,9,1
770847800_770847798_0,50,50,45,59.608389793640605,5,449.9477327577142,1,2,1,1
770847798_770847800_0,50,50,45,59.608389793640605,5,449.9477327577142,1,2,1,1
26057388_26057389_0,65,65,60,132.6244490653337,2,0.0,10,5,20,1
9870574443_11845364073_0,60,60,55,4.632952831717351,5,288.654669006443,1,2,1,3
11845364073_9870574443_0,60,60,55,4.632952831717351,5,288.654669006443,1,2,1,3
256484320_863733388_0,65,65,55,69.39022325642722,5,81.31618231352557,1,3,1,1
30298838_30243876_0,70,65,60,127.68524435759991,5,19.244497329278527,8,7,18,1
30243876_10092003377_0,70,65,60,121.96425661873664,4,24.967148644853747,8,12,14,1
412451017_2292514680_0,65,65,60,124.09794035266384,4,510.3355313376926,3,4,1,2
2292514680_412451017_0,65,65,60,124.09794035266384,4,510.3355313376926,3,4,1,2
448786030_448786033_0,60,60,55,133.08870117929897,3,0.0,6,6,5,1
532408967_532408943_0,50,45,40,38.53595553417532,5,326.8457276014723,1,2,12,1
168521958_1912584089_0,65,65,60,45.58300052533555,4,684.9573746402074,1,2,1,1
1912584089_168521958_0,65,65,60,45.58300052533555,4,684.9573746402074,1,2,1,1
961905032_961905005_0,60,60,55,43.94038955570736,5,391.9894975719653,1,2,5,1
30313144_30313136_0,70,65,60,67.26496221299602,4,126.22286044436116,2,4,7,1
7455315353_30333330_0,60,55,55,62.21925364506797,6,451.7041877808933,1,3,35,2
2188840521_1595524645_0,70,70,65,9.225877907062891,2,0.0,6,3,1,1
1595524645_2188840521_0,70,70,65,9.225877907062891,2,0.0,6,3,1,1
13175411896_3643971036_0,60,55,55,99.90226423304824,5,644.3010208467068,11,3,23,4
30960866_30960867_0,60,60,55,86.7471041194778,6,216.43106608922804,1,2,9,1
30884329_30884299_0,60,60,55,68.06421831068019,5,318.21232003506367,1,2,26,2
1017920163_30617918_0,65,60,55,76.14564771717438,6,133.11850534185243,1,2,2,1
977657489_432510056_0,65,60,55,30.853530835700816,4,93.98822829167663,3,2,2,1
4435194975_4411622709_0,55,55,50,133.836753476478,5,279.4086384212312,5,3,4,1
1695282667_1695282673_0,55,55,50,49.02914666759549,6,579.1639314561048,2,9,1,1
412398656_412398657_0,65,65,60,60.802584538416525,3,0.0,5,9,11,1
412398657_412398656_0,65,65,60,60.80258453841653,3,0.0,5,9,11,1
30295418_648862198_0,65,65,60,69.98211160715032,5,73.34094240527084,1,5,1,1
1849761078_1852768607_0,60,55,50,55.94353804881593,6,26.500403493267317,1,6,1,2
1017920189_1312339722_0,60,55,50,12.700540188901648,2,0.0,3,2,1,1
1377842738_1377842696_0,55,55,50,44.97209365181298,5,28.142155613448978,2,2,1,1
1377842696_1377842738_0,55,55,50,44.97209365181298,5,28.142155613448978,2,2,1,1
750591204_1121909742_0,65,65,60,137.9204023645238,4,0.0,10,3,7,1
1714171423_30618078_0,55,55,50,41.7749613133831,6,28.941893039047734,1,2,1,1
30618078_1714171423_0,55,55,50,41.7749613133831,6,28.941893039047734,1,2,1,1
1303430084_3053899379_0,55,55,50,72.37399298318641,5,53.56810460092282,1,3,1,1
2111273205_7078045346_0,70,70,65,13.874539327375413,5,38.98626778908834,7,7,1,1
30254010_256484485_0,60,60,55,145.91381750305732,5,139.74077578657295,4,5,2,1
4171977906_1401840805_0,65,65,60,52.65366810087252,3,0.0,5,3,1,1
536838738_536838747_0,55,55,50,92.56512201480628,5,372.5430663768501,1,2,16,1
457394503_457394454_0,50,50,45,27.8499489581831,5,461.1664646195973,1,2,1,1
457394454_457394503_0,50,50,45,27.8499489581831,5,461.1664646195973,1,2,1,1
2540149363_30294558_0,70,65,60,57.16707384541427,5,8.073334456864046,1,3,1,1
600466290_11843575691_0,60,60,55,42.66124150492704,4,90.68496234167192,1,3,4,1
11843575691_600466290_0,60,60,55,42.66124150492703,4,90.68496234167192,1,3,4,1
1403082237_30343548_0,65,60,55,91.00772499881828,5,387.1050048608597,1,4,25,2
2529520245_30227487_0,60,60,60,75.26884461609637,6,276.3600893388061,1,2,38,1
359236696_8119424276_0,55,50,45,136.9981343053673,5,465.2048545236103,2,3,1,1
30689129_2063950829_0,65,65,60,34.80367382726001,5,220.5282497699025,3,2,3,1
1043834157_448786042_0,55,55,50,98.96849090711396,5,53.072955149587365,1,5,9,2
559424462_559424463_0,65,60,55,133.3397237035182,4,0.0,10,8,2,2
30558256_30558255_0,60,55,50,64.27873218327925,5,132.62321533098643,1,2,11,1
1861908440_1861908437_0,40,40,0,10.487062638891707,6,50.41020160490388,1,2,12,1
688393798_688393834_0,55,55,50,76.310162217552,5,87.77588646354889,1,3,1,1
1350465990_417329463_0,55,55,50,21.578690009431902,4,322.63451391278903,1,2,1,1
387130533_3822859922_0,60,55,50,124.6205098254848,5,430.7991864276997,1,2,1,1
1853174677_1857472160_0,55,55,50,106.13773568886792,5,129.84852211693496,1,5,1,1
126655918_30295216_0,60,60,55,51.41247308421423,6,187.73386677266944,1,2,7,1
980160351_364669783_0,60,60,55,113.18529645326376,5,50.57354210539839,1,6,1,1
30553747_30553748_0,65,65,60,99.19974809841192,5,58.22764974577698,1,4,5,1
243341469_293527271_0,65,60,55,74.12309105190306,3,0.0,2,4,1,1
338935526_420064843_0,65,60,55,123.1210990928013,4,15.59238951087233,9,8,1,1
30295407_30295403_0,60,60,55,77.61316745907072,5,46.40130160535152,1,3,8,1
11559713266_536418296_0,65,65,60,2.7202541846055954,4,282.72139272016744,5,3,4,1
536418296_11559713266_0,65,65,60,2.7202541846055954,4,282.72139272016744,5,3,4,1
6831747698_2111268461_0,60,60,55,224.58090313322265,5,366.6280487052493,1,7,1,1
633330969_633329127_0,60,55,50,15.106440417681744,6,49.43310567588017,1,2,1,1
30248582_30248583_0,65,60,55,53.79013905481288,4,62.77361150264838,2,6,13,1
30248583_30248582_0,65,60,55,53.79013905481288,4,62.77361150264838,2,6,13,1
539147488_30294194_0,65,65,55,101.70206529234588,5,170.80090407708397,1,11,21,2
974261546_30318188_0,60,60,55,31.215775867491928,5,212.13543989078943,1,3,2,1
1012340956_1012343436_0,60,60,50,63.14683235952056,6,15.1509122592593,1,2,1,1
1012343436_1012340956_0,60,60,50,63.14683235952056,6,15.1509122592593,1,2,1,1
4416582754_258562666_0,65,65,60,42.21496599938814,5,0.0,4,2,1,1
12323136802_423434738_0,55,50,45,14.043416075851322,6,259.9307752942195,1,2,4,1
423434738_12323136802_0,55,50,45,14.043416075851322,6,259.9307752942195,1,2,4,1
434423048_434423018_0,55,55,50,111.0309792849698,5,259.6746037046511,3,3,1,1
1695056491_30556408_0,55,55,50,132.62651514680536,5,12.615176696781104,3,3,8,1
412444645_412444724_0,65,60,55,36.61637240517394,2,0.0,10,4,1,1
559787238_431484966_0,65,65,60,16.578474522980496,4,0.0,4,6,14,1
60591464_30314632_0,65,65,55,39.88841004431146,5,124.85822287249172,1,2,5,1
30294469_60591464_0,65,65,55,42.7350477408904,5,105.16948803820247,1,2,5,1
387127660_387127664_0,45,45,40,105.61186908641456,5,426.63146483936015,1,6,1,1
387127664_387127660_0,45,45,40,105.61186908641456,5,426.63146483936015,1,6,1,1
387127757_1043834293_0,65,60,55,175.75759358733316,2,0.0,6,7,1,1
630602352_6125086059_0,60,55,50,42.83561063200156,5,166.54848614381115,3,2,9,1
30296036_3803062020_0,65,60,55,37.309255938581146,5,47.13394835966195,1,2,1,1
30296018_30296036_0,65,60,55,128.61106484484193,5,69.37392206689728,1,3,2,1
3803062020_30296036_0,65,60,55,37.309255938581146,5,47.13394835966195,1,2,1,1
2687171809_2914602299_0,60,60,55,4.280954155389699,4,226.3761640872248,3,4,7,1
769906814_1303440695_0,50,50,45,38.114694495364105,5,0.0,2,2,13,1
30343260_30343259_0,65,60,55,15.788830957240435,5,104.89071804593144,1,3,16,1
30333335_30333336_0,55,50,45,71.67069488144583,6,145.06646089829184,1,2,18,1
1479334726_3181254555_0,70,65,60,129.16979780165562,6,95.5478730788231,6,4,13,1
126657992_3824437288_0,65,65,55,32.43572804804067,5,118.75329787110368,3,2,7,1
247637636_30312922_0,65,65,60,131.7556129940896,3,0.0,3,3,1,1
1381912272_1381912176_0,60,60,55,77.13079712989739,6,664.7424526675373,1,2,2,1
1381912176_1381912272_0,60,60,55,77.13079712989739,6,664.7424526675373,1,2,2,1
790024608_2706990678_0,50,45,40,25.089183838102134,5,368.3659456504525,1,3,1,1
30247061_30247027_0,55,55,50,54.8862219442035,5,212.24760914274592,1,2,1,1
423434626_423434621_0,65,60,55,51.713551491306674,5,210.16609008745425,1,2,1,1
442540272_30243329_0,70,70,65,99.22684569165828,4,0.0,9,3,12,1
1621904464_30312489_0,60,60,55,72.63779117527653,4,183.88064922711,5,3,2,1
412453359_904641296_0,55,55,50,46.4765456326965,5,69.19628268858263,1,9,1,1
319428309_2687171807_0,55,55,50,60.06016587205709,6,264.52175248652367,1,2,3,1
30558477_1382873523_0,60,60,55,102.47898116181352,5,31.287747890867127,4,4,5,2
598225223_2019690679_0,50,50,45,102.64978372484973,6,239.23258289063392,1,2,3,1
598219934_30297272_0,55,55,50,79.81993525220042,4,280.0909524586302,4,2,1,1
1043850005_420892535_0,55,55,50,142.8258009098604,6,83.94018416660006,1,2,1,2
1311770053_1311770051_0,70,65,60,134.1251520111548,4,108.07099155757297,2,13,11,1
998607815_269383243_0,65,65,60,34.45915173214013,2,0.0,4,2,9,1
60969468_60969467_0,55,50,55,39.95052260767291,6,323.3380698579762,1,6,13,2
5929181003_5929181002_0,60,60,55,43.25782496688027,6,55.79113548450631,1,2,1,1
1225051325_556364134_0,55,55,50,70.82053375506578,5,285.76834948756374,1,2,1,3
556364134_1225051325_0,55,55,50,70.82053375506578,5,285.76834948756374,1,2,1,3
1312053345_434437194_0,70,65,60,27.343593071832835,4,345.8631727838592,5,2,1,2
8119767440_8119767438_0,50,50,45,73.07491506750353,5,8.58648530707337,1,2,1,2
208960819_30254253_0,55,50,45,32.186340669861,5,211.57490813188093,1,2,29,1
2706190120_2706190119_0,50,50,40,68.49182349902271,6,486.363383161018,1,2,1,1
2706190119_2706190120_0,50,50,40,68.49182349902271,6,486.363383161018,1,2,1,1
3976600125_3976600113_0,50,45,40,78.32575429872087,5,306.38190468314906,1,4,1,1
30237610_30313113_0,70,65,60,121.91288334257972,3,0.0,12,4,17,5
30254370_30254393_0,55,55,50,98.12289160514553,6,114.15914506086072,1,3,38,1
557231477_30558477_0,60,60,55,32.80384251318982,5,70.86694945214464,1,2,3,1
539147489_539147487_0,55,55,50,46.27839048428337,5,273.3687255636871,1,3,15,1
30555016_30555405_0,60,60,55,128.83841627590917,5,56.01921791105823,5,4,7,2
429459480_877366730_0,60,60,55,75.0875032721049,5,106.74848969488504,1,3,3,2
412451511_2630574142_0,65,65,60,53.51712549410632,5,709.3797043406114,1,7,2,1
2630574142_412451511_0,65,65,60,53.51712549410632,5,709.3797043406114,1,7,2,1
230158668_30647463_0,60,60,55,47.405609073699125,6,0.0,1,2,17,1
3824437288_126545684_0,65,65,60,17.728770072434834,5,115.8317790390049,3,2,4,1
11877585718_364718315_0,65,65,60,21.49955327532342,3,0.0,6,4,1,1
364718315_11877585718_0,65,65,60,21.49955327532342,3,0.0,6,4,1,1
364718315_126781133_0,65,65,60,26.51101817173555,4,0.0,6,5,1,1
539147483_30294192_0,50,50,45,140.4473100161602,5,170.96509376490275,1,2,11,1
4560303034_5275865097_0,60,60,55,8.633228715186062,5,144.02010073472582,13,3,2,1
5275865097_4560303034_0,60,60,55,8.633228715186062,5,144.02010073472582,13,3,2,1
2264591826_431481362_0,65,65,60,59.87126032471037,5,20.127061023855184,4,6,4,1
431481362_250794419_0,65,65,60,20.13405023047089,5,0.0,4,6,3,1
247637113_247637070_0,65,60,55,128.2595972421886,4,268.748642501166,8,2,1,2
30960632_1542408939_0,50,45,40,48.96796884993203,6,222.3938424610353,1,2,1,1
448786043_1043834102_0,60,60,55,12.623233003108544,5,0.0,4,4,3,1
1043834102_448786043_0,60,60,55,12.623233003108544,5,0.0,4,4,3,1
30238005_30243365_0,70,65,60,130.42078038925425,3,0.0,4,5,17,1
977641431_977641428_0,65,65,60,33.690918553611,6,17.180465787434677,1,6,1,1
30554037_30254380_0,55,55,50,60.78492215925747,6,271.9761247144027,1,2,23,2
30254380_30554037_0,55,55,50,60.78492215925747,6,271.9761247144027,1,2,23,2
5916226396_30558447_0,60,55,50,58.86556915676033,6,154.85838144713696,1,2,4,1
10177414030_30243048_0,65,65,60,116.66833045343787,4,132.10594130177205,5,3,26,3
2407326945_2525386221_0,60,55,50,31.254258562666763,5,352.4683848762641,1,2,8,1
30247088_30237632_0,65,65,60,133.36206800029106,4,99.30806187097625,3,4,18,2
420655974_453549623_0,65,65,60,30.04910997476148,4,14.697058213491418,8,4,1,1
412398667_30313139_0,70,70,65,92.04875201444776,4,0.0,5,3,2,1
31285282_31285281_0,55,55,50,91.81255465158496,5,4.112703181287601,1,2,1,1
692247933_31285282_0,55,55,50,114.75335376363198,5,48.06050172919886,1,3,1,1
4263046378_597222090_0,65,60,55,118.92961901630248,3,0.0,5,5,5,1
1421429965_1860569741_0,65,65,60,65.95429624193243,5,0.0,2,5,24,1
790034784_790034779_0,55,55,45,75.87160254546671,5,307.02240103547973,1,3,1,4
790034779_790034784_0,55,55,45,75.87160254546671,5,307.02240103547973,1,3,1,4
1940910619_1207618829_0,55,55,50,36.750701424641385,4,187.77009592686565,2,2,14,1
4826578393_262250646_0,65,60,55,16.748525969109462,3,0.0,4,3,2,1
4471687469_391084147_0,55,55,50,3.809886919339188,4,502.8016345506706,1,2,1,1
391084147_4471687469_0,55,55,50,3.809886919339188,4,502.8016345506706,1,2,1,1
5952574455_1297521195_0,55,55,45,31.693474105982432,5,407.9649888285359,1,2,1,2
1297521195_5952574455_0,55,55,45,31.693474105982432,5,407.9649888285359,1,2,1,2
387127648_387127657_0,55,50,45,109.00570920211864,5,329.0318905690231,1,3,1,1
1375317255_30313399_0,60,55,50,9.998493543003365,5,243.0111470933521,1,3,3,1
600061446_598222086_0,55,55,50,7.89616258538788,3,0.0,3,3,1,2
598222086_600061446_0,55,55,50,7.89616258538788,3,0.0,3,3,1,2
765910344_312894013_0,65,60,55,101.01295036150016,4,401.9323818078233,6,2,4,1
618431747_765910344_0,65,60,55,267.69459773016433,6,134.26569338252045,5,5,4,1
1013128142_1013128144_0,45,45,40,18.27279385824717,6,233.4737497969633,1,2,2,1
1933546299_8454360490_0,55,55,50,54.33157570599427,5,297.14690360152974,1,2,1,1
21638882_30343282_0,60,55,50,14.63617149369381,6,203.29482517675387,1,3,19,1
30296040_30296151_0,50,45,40,99.53803420585488,6,80.9657001009229,1,2,1,1
30247005_4834501676_0,60,60,55,121.83874388003554,5,79.3136861696579,1,2,20,1
30297485_1207603865_0,55,50,45,74.25578197099891,5,132.55652456153783,1,2,7,1
1375061033_269380386_0,60,60,55,26.45970073428943,3,0.0,3,5,1,1
30236780_1514106958_0,60,60,55,57.61437755589736,5,367.47345202232526,1,2,6,2
1514106958_2264456429_0,60,60,55,22.232880489809865,5,367.47345202232526,1,2,6,1
998567840_30294180_0,55,50,45,70.71373200444948,5,169.5086731483587,1,3,6,1
126763485_30960669_0,70,65,60,50.78565059393206,2,0.0,5,3,5,1
243756418_4414985711_0,65,65,60,110.4895298123053,2,0.0,10,4,3,1
243756418_559794893_0,65,65,60,17.535529484521607,5,0.0,5,4,1,1
30343413_1403050972_0,55,55,50,67.68868164890856,5,262.2107795588892,1,4,31,2
30343534_30343413_0,55,55,50,15.187166662545703,5,326.28995963671866,1,2,22,2
30307972_30307943_0,65,60,55,35.25561567813012,5,291.5370607281212,6,4,5,3
425635738_30296340_0,55,55,50,98.37349784383748,6,224.11520215262547,1,5,5,1
30253983_412444724_0,65,60,55,27.291784825810872,4,0.0,10,4,1,1
412444724_30253983_0,65,60,55,27.291784825810872,4,0.0,10,4,1,1
1299373044_30689098_0,70,65,60,30.083062091380285,4,250.297787902922,4,3,1,1
30689098_1299373044_0,70,65,60,30.083062091380285,4,250.297787902922,4,3,1,1
431481389_2264591780_0,65,65,60,73.14403896348315,5,15.833863927661907,6,6,6,1
30686342_7037105630_0,55,55,50,57.026072860910816,5,230.37396903272457,4,2,3,1
1043786431_30247097_0,70,65,60,131.00937463626406,4,60.05411723509633,3,4,33,1
60969463_60969464_0,55,55,55,89.694446758123,4,235.8637716549,2,5,16,2
30555502_2293731612_0,65,65,60,54.06851552515944,5,65.757832368088,1,4,1,2
30296141_30296370_0,50,50,45,78.95517751541061,6,154.91692880685318,1,2,1,1
30237693_30313130_0,60,60,55,75.65124391972512,5,271.8978453503074,2,2,6,3
30332756_1759662344_0,70,65,60,12.059087018719758,3,0.0,3,2,1,1
30295163_30295247_0,60,55,50,52.98972389468007,6,258.6515641838617,1,2,5,1
3860517847_30295406_0,65,60,55,46.2140997047505,3,0.0,3,3,7,2
30295406_3860517847_0,65,60,55,46.214099704750495,3,0.0,3,3,7,2
770847806_30617762_0,50,50,45,29.251783600140868,5,412.83638816690126,1,3,1,1
387127590_387127522_0,65,65,60,41.94782326350112,5,120.86197742529592,1,6,9,2
1482182626_359547255_0,70,70,60,141.1765206235216,4,12.005331970162016,3,6,1,1
4592704399_4600193564_0,65,65,60,23.81542277938736,4,0.0,9,5,1,1
634646820_8957765000_0,65,65,60,9.700903290530675,4,32.06496334977616,1,3,1,1
8957765000_634646820_0,65,65,60,9.700903290530675,4,32.06496334977616,1,3,1,1
5935527980_5935527979_0,45,40,0,119.80534084661429,6,171.65817806197418,1,2,1,1
5935527979_5935527980_0,45,40,0,119.80534084661429,6,171.65817806197418,1,2,1,1
30298959_30264187_0,65,65,60,56.30589162634471,5,137.16724144726916,1,2,4,1
30264187_30298959_0,65,65,60,56.30589162634472,5,137.16724144726916,1,2,4,1
8745736544_178547786_0,65,60,55,71.57380025909936,4,99.75844863219838,6,4,14,1
30884341_30227198_0,65,65,60,27.10348407682681,5,408.81407903736704,1,2,21,2
269381077_1840720995_0,70,65,60,51.52460589112417,3,0.0,4,10,11,1
1695228276_561249956_0,55,55,50,83.86683578147856,5,97.64302535244266,3,4,1,1
269382682_269382573_0,70,65,60,40.887720926275136,3,0.0,7,9,6,1
1126998877_1126998928_0,60,60,55,139.72271874583672,5,0.0,2,3,1,1
4965780374_4965780373_0,65,60,55,38.18318441979454,5,50.06637006837296,1,3,1,1
1857472190_4965780374_0,65,60,55,19.323542662299825,5,76.75418048808575,1,3,1,1
559794895_8637567268_0,65,65,55,15.093117254817988,3,0.0,5,4,1,1
168529461_3976600105_0,50,45,40,42.00439412364544,5,363.0565056910439,1,2,1,1
3976600105_168529461_0,50,45,40,42.00439412364544,5,363.0565056910439,1,2,1,1
7188699482_2264456445_0,65,65,60,177.45635738113157,4,279.8569832192917,8,2,2,1
2264456445_7188699482_0,65,65,60,177.45635738113157,4,279.8569832192917,8,2,2,1
30558545_30294432_0,55,55,50,140.6815203717987,5,11.956399108009482,1,2,6,1
3865124116_4538123610_0,60,60,50,34.810265073985235,5,0.0,6,2,3,1
4538123610_3865124116_0,60,60,50,34.810265073985235,5,0.0,6,2,3,1
1233754576_1233754563_0,55,55,50,1.9973285426332912,5,195.4578280561649,1,2,3,1
30294510_30313436_0,60,60,55,83.11886046374383,5,401.2824500622398,3,3,1,1
30237637_1362899971_0,70,65,60,14.911783178774376,3,0.0,6,3,10,2
30313348_415933868_0,55,55,60,128.25102995497429,6,34.35246882327421,2,2,24,7
1876385307_1876385320_0,55,50,45,81.673453202047,6,166.94042289425252,1,2,1,1
4214539536_575826921_0,45,45,40,12.868522247208409,5,489.74915375452406,1,3,1,1
30343642_30343643_0,55,50,45,83.27411475994114,5,578.90086631348,1,3,30,1
904491781_904491774_0,50,50,45,87.12034046780052,5,750.0,1,6,1,1
904491774_904491781_0,50,50,45,87.1203404678005,5,750.0,1,6,1,1
30238015_249426450_0,65,60,55,140.16180883090703,4,0.0,4,5,8,2
30960828_82747276_0,60,60,55,19.82268184640396,6,259.45854276692336,1,2,9,3
506236271_30242766_0,60,60,50,18.60165842587946,4,263.49463360794886,9,2,9,1
2129591070_7305839412_0,45,45,40,19.643885872288145,5,204.79481268380087,2,6,1,1
30297301_1736660283_0,60,60,55,59.83620463452301,5,127.83950344649728,2,8,1,1
12561010930_2593809556_0,65,65,60,46.71932753594061,5,40.591116732405226,3,2,2,1
10182303351_30243261_0,70,70,65,117.64423284914308,3,0.0,6,3,25,1
240882893_30227495_0,65,65,55,31.494027929619968,3,0.0,3,4,19,1
687897110_430537449_0,70,65,60,41.968698684204725,2,0.0,10,15,1,1
430537449_687897110_0,70,65,60,41.96869868420473,2,0.0,10,15,1,1
1852044988_4253067749_0,50,50,45,88.21891124407558,5,233.5933621290552,3,7,1,1
5946251197_253790709_0,65,65,60,9.979872042483253,4,261.05445146903577,1,3,1,1
253790709_5946251197_0,65,65,60,9.979872042483253,4,261.05445146903577,1,3,1,1
4485344000_4485344001_0,65,60,55,9.356020643501047,4,203.5787760500436,7,2,5,1
30295161_30242952_0,65,60,55,41.75315687423583,5,241.4550341874624,1,3,8,2
30295211_30295161_0,65,60,55,50.46459944041127,5,268.2235448793538,1,3,8,2
243338863_365565046_0,60,60,55,91.5687442344467,5,43.321318325123904,4,2,9,1
387130493_387130491_0,70,70,65,74.7166547480079,5,261.3311481964664,3,6,4,1
308733542_30333309_0,65,60,55,66.83504527675859,5,65.43386509303934,2,6,9,1
598225132_4406268870_0,50,50,40,14.143743827701778,6,145.21328928484343,1,2,1,1
1375278405_359237516_0,50,50,45,103.79206430991496,5,186.0116207474184,1,2,4,1
359237516_1375278405_0,50,50,45,103.79206430991496,5,186.0116207474184,1,2,4,1
359237515_359237516_0,50,50,45,52.6850892078016,5,134.79359210417726,1,2,2,1
359237516_359237515_0,50,50,45,52.6850892078016,5,134.79359210417726,1,2,2,1
966339770_60200335_0,65,65,60,112.62897334562967,5,135.396626482895,1,2,2,1
60200335_966339770_0,65,65,60,112.6289733456297,5,135.396626482895,1,2,2,1
359238034_364827699_0,70,65,60,77.37680279154253,5,188.8610151814166,1,5,6,1
9794914007_269376402_0,65,65,60,8.647769744295857,3,0.0,4,5,4,1
30247093_30243883_0,70,65,60,128.9816825829555,4,132.8724619196624,5,10,17,2
1751329345_1751329357_0,50,50,45,16.000908497530776,5,723.5934106616809,1,3,1,1
168529692_1751329345_0,50,50,45,8.982306066531983,5,715.172735520404,1,3,1,1
11459494277_1753694399_0,55,55,50,87.3210787590281,5,62.20958756473628,2,5,1,1
30617542_30617541_0,60,60,55,59.45054193174355,5,73.90294414428512,1,3,3,1
416012188_416012198_0,60,60,50,62.48966305327968,6,0.0,1,3,1,1
1375540269_1043849999_0,50,50,45,49.60300734762191,5,89.64662948425834,1,2,1,1
430764148_5827147445_0,60,55,50,121.56026656588163,5,127.3507630405313,1,2,1,1
5827147445_430764148_0,60,60,55,121.56026656588166,5,127.3507630405313,1,2,1,1
1710709043_1044543169_0,65,65,60,42.0290158921175,3,0.0,3,3,1,1
1710709043_4112911232_0,65,65,60,17.65622120265464,3,0.0,3,3,1,1
1044543169_1710709043_0,65,65,60,42.0290158921175,3,0.0,3,3,1,1
258563358_258565859_0,60,60,55,62.58229115082375,4,245.3315195791629,4,9,9,1
258565859_258563358_0,70,65,65,62.58229115082374,4,245.3315195791629,4,9,9,1
4436353871_837485698_0,55,55,50,19.733549688851127,4,86.71214385097771,3,2,1,1
1375540269_1117832735_0,55,55,50,95.91309427093506,5,0.0,2,2,1,1
409505321_409506494_0,60,60,55,79.21335332166767,5,61.84024293462351,1,2,3,1
1349534663_1375291089_0,65,60,55,307.2294208192034,3,0.0,5,3,1,1
1375291089_1349534663_0,65,60,55,307.2294208192035,3,0.0,5,3,1,1
30295286_847727782_0,60,55,50,86.84011760212559,5,100.74102643618062,1,2,3,1
535228353_3999160142_0,45,45,40,54.19081483643549,5,249.65958412974564,1,2,1,1
356295212_356295214_0,55,55,50,88.12555884166053,5,221.36751213739237,1,2,1,1
258359282_356295214_0,55,55,50,214.81120413858423,5,210.72235260719685,1,2,1,1
30253435_30253436_0,60,55,50,72.78888021596335,5,134.3518310793934,1,2,1,1
1297521201_1365781116_0,60,55,50,53.53125719950603,5,507.22408622769575,1,2,1,1
1365781116_1297521201_0,60,55,50,53.53125719950603,5,507.22408622769575,1,2,1,1
30237639_30237638_0,65,65,60,132.88930586411794,3,0.0,4,3,25,1
686613666_409005531_0,70,65,60,48.09147992371344,5,101.40831438250964,1,2,4,1
692263342_1378060284_0,65,60,55,2.95324613487858,4,27.494482309805445,5,3,2,1
2578612975_597218424_0,55,55,50,93.47387948937734,3,0.0,4,4,1,1
9533973591_9533973599_0,55,55,50,66.03442093222523,5,256.59588203069706,1,2,1,1
9533973599_9533973591_0,55,55,50,66.03442093222523,5,256.59588203069706,1,2,1,1
1377806816_11877585718_0,65,65,60,8.050517920844534,3,0.0,5,3,1,1
11877585718_1377806816_0,65,65,60,8.050517920844534,3,0.0,5,3,1,1
301572460_344992889_0,70,70,65,173.49453258685247,4,113.26612084873402,5,16,23,1
2264591780_30243129_0,65,65,60,57.40361202930914,5,87.81339464461685,2,4,7,2
30558219_30558257_0,60,60,55,83.09288470507026,5,59.54718702160661,1,2,9,1
430766937_430766958_0,55,55,50,174.07317805196783,5,132.65193903744026,1,6,2,2
30313349_30313348_0,55,55,60,39.73050691369232,5,38.27291197175012,3,2,17,6
30312962_243338878_0,65,65,60,128.05602765367635,5,0.0,4,6,19,1
11370726443_4022831609_0,75,70,65,124.65250907132064,2,0.0,10,3,34,1
30243891_3214268719_0,65,65,60,59.63893216058487,6,136.85684123291324,1,2,16,1
30243890_30243891_0,65,65,60,131.00183041856582,4,149.10776930926565,2,3,16,1
915702746_30243396_0,70,70,65,77.43445471459412,5,0.0,2,2,13,1
2578612972_3048036440_0,65,60,55,36.97782098476813,4,0.0,4,3,10,1
2650585624_30617766_0,50,45,40,32.373409518781266,5,520.4470551367106,1,2,1,1
1902553889_7198084790_0,65,65,60,80.92775172429032,4,260.7896693931336,5,3,1,1
30237705_30238011_0,70,65,65,131.78953158284426,4,0.0,4,3,29,1
30227160_30227233_0,60,60,55,46.89532918603231,5,283.4945272336356,1,2,13,1
8086245579_1852768626_0,50,50,45,2.2445282544285683,6,110.44865878586124,1,3,1,2
4591013619_4591013624_0,60,55,50,19.71174441555929,6,192.38477049595588,1,2,5,1
6993867323_2293731650_0,70,65,60,117.86273712824342,2,0.0,5,5,9,2
1849769612_1849781082_0,55,50,45,235.7588247001065,5,57.30231058146624,1,9,1,1
420061783_1849769612_0,55,50,45,30.252238068869755,5,63.16952602874121,1,6,1,1
1849769612_420061783_0,55,50,45,30.252238068869755,5,63.16952602874121,1,6,1,1
559026426_3314271774_0,70,70,65,20.61672357718613,3,0.0,8,10,13,1
949285357_603995072_0,70,65,60,89.83037324320266,2,0.0,10,4,1,1
7487287876_2713983941_0,65,65,60,32.352615019610106,3,0.0,8,3,1,2
2713983941_7487287876_0,65,65,60,32.352615019610106,3,0.0,8,3,1,2
1940624171_30253391_0,65,65,60,52.11559772029919,3,0.0,2,3,4,2
1365367852_1075648459_0,60,60,55,10.312814555775596,5,624.2983727298263,2,3,1,2
3369034783_3369034791_0,55,55,50,62.39736637564328,6,149.12181830407428,1,2,1,1
1001228568_9608382461_0,60,60,55,41.301098819873175,6,50.284205324953305,2,3,2,1
11012409292_30243056_0,65,65,60,119.22038272736162,5,132.86190776091212,4,2,18,3
1860569745_2869959999_0,65,65,60,54.66916761908288,5,36.247038014503325,7,5,2,1
412444617_387130499_0,60,60,55,28.488646139487823,5,0.0,5,4,1,1
60962871_8177465454_0,55,50,45,76.28814940256859,6,381.5378808234126,1,2,16,2
2020393229_698899849_0,60,55,50,84.30426055719843,5,67.64447448324212,1,4,1,1
2676998918_1695282547_0,65,65,60,21.98585646689076,6,0.0,3,3,2,1
1695282547_3889234274_0,65,65,60,83.57351869301421,2,0.0,3,5,2,1
7223680633_3109574422_0,65,65,60,58.31630585473125,5,0.0,3,4,5,1
3109574423_3109574422_0,65,65,60,51.643230997839,6,48.50961378708092,1,5,5,1
30555009_30558456_0,70,65,60,126.16805610840886,5,0.0,4,4,4,2
698899842_30618053_0,65,65,60,7.6821974170555665,5,0.0,3,4,1,1
30254023_2690159866_0,65,60,55,92.14816475027632,5,63.81522403454405,5,3,13,2
841837218_2540121387_0,65,60,55,176.12253067622422,5,65.19305208941273,2,5,1,1
4834501720_4834502021_0,55,55,50,109.44176171046244,5,72.3126093098449,10,3,1,1
2294050457_540312590_0,55,55,50,84.9402217004322,5,45.481703382196415,1,4,5,1
2578612978_541643991_0,55,50,45,131.13391891923405,3,0.0,4,3,1,1
387127535_387127537_0,65,65,60,63.087938793126845,4,0.0,3,4,7,1
2128041192_2129591115_0,45,45,40,51.22197520139999,6,389.3725826536106,1,3,1,1
3822859923_256484453_0,60,55,50,39.23650483398734,5,346.9446655621728,1,4,2,1
1377806816_1840720998_0,65,65,60,104.49471898736022,3,0.0,7,5,1,1
30294656_330417405_0,55,55,50,123.7523256778116,5,241.30397888319055,1,2,1,1
1303465750_30333337_0,65,60,55,21.3845053761422,5,77.39307995617173,1,2,10,1
312682304_178615588_0,55,55,45,99.0114356660474,5,393.4871926451799,1,3,1,1
178615588_312682304_0,55,55,45,99.0114356660474,5,393.4871926451799,1,3,1,1
430535703_430535725_0,70,65,60,62.66274238068122,3,0.0,8,5,11,1
8412738278_30688836_0,50,50,45,23.55503607250852,5,0.8570973005728303,1,3,1,1
30294498_30294326_0,70,65,60,73.17034092960957,4,453.34559276180704,10,12,14,5
30294326_30294498_0,70,65,60,73.17034092960957,4,453.34559276180704,10,12,14,5
8309021788_330417664_0,55,50,45,46.03455983747333,5,534.7312414534143,1,2,2,1
1531776760_573420835_0,60,60,55,23.431996182986303,5,11.547116569614532,1,2,4,1
573420835_1531776760_0,60,60,55,23.431996182986303,5,11.547116569614532,1,2,4,1
535563205_30558551_0,60,60,55,72.68447140767344,5,103.68094214381436,1,3,15,3
1933546289_1933546276_0,55,50,45,27.5620364408405,5,297.8264633834188,1,2,1,1
10782483583_425612029_0,65,60,55,82.72630826540976,5,213.20437776756796,3,3,1,1
269386336_359234327_0,60,60,55,94.63671222787818,4,40.009845727278616,5,5,2,1
30243944_30254257_0,60,60,65,80.46134182708758,5,228.8343945426588,1,2,40,3
387130491_30295350_0,60,60,55,27.141326940435185,5,329.08297139571295,1,6,1,1
330417666_330416987_0,65,65,60,124.72767473530716,5,231.5448165918056,1,3,3,1
387127708_2676998917_0,70,65,60,45.81813515507179,4,58.0369931713544,6,4,1,1
412451710_417979369_0,55,55,50,187.90054462667013,5,334.05950095402943,1,4,7,1
556431628_574969005_0,65,65,60,106.94506838981394,3,0.0,1,2,1,1
2579362580_30254192_0,70,65,60,63.579900545708114,3,0.0,2,2,10,1
2683383072_1350171044_0,40,40,0,103.97588538547208,6,214.26129635412852,1,2,1,1
30343284_30343285_0,50,50,45,14.182895103342988,6,220.01780784353983,1,3,21,1
692807415_692807411_0,55,55,50,49.01385496552247,5,68.0073882630189,1,3,2,1
243345481_243345458_0,45,45,40,21.49246592872086,5,126.49517038103644,1,3,5,1
947615019_8195467071_0,65,65,60,21.84135504781765,5,28.835419046759977,6,3,1,1
8195467071_947615019_0,65,65,60,21.841355047817647,5,28.835419046759977,6,3,1,1
1299427202_1298461690_0,60,55,50,52.99431254556188,6,269.7727021533157,1,2,1,1
1621899836_1621899831_0,55,55,50,133.58795470086,5,401.0271098032288,10,2,7,1
30333310_3196847752_0,70,65,60,57.37357265970301,5,78.47164875609546,3,2,14,1
4436287114_598223927_0,60,55,50,88.50154491475351,5,96.79710938323431,2,4,6,1
30264245_7038308651_0,65,65,60,2.0065569083683457,5,96.41198685652316,1,2,5,1
1695219620_1695219624_0,65,65,60,14.05547862056333,5,442.7543519311112,1,4,3,1
30554840_359099649_0,65,65,60,73.02873616960223,5,180.740284161115,1,5,1,1
687897110_1311619485_0,75,70,65,24.758694567803737,2,0.0,9,13,1,1
559591897_9425002695_0,70,65,60,25.895295324831743,5,27.473370022876725,1,2,1,1
30343284_30343263_0,55,50,45,100.24864500041237,6,122.66379178212824,1,2,34,1
30296542_30296543_0,55,55,50,48.22037929018467,5,157.25804442530915,1,2,1,1
959498846_959498807_0,60,60,55,35.107651528050425,5,62.387352713879686,1,2,1,1
415994560_415994563_0,60,60,55,101.34360246456929,6,0.0,8,3,3,1
482505205_482505201_0,60,60,55,22.398080532403547,5,0.0,4,4,1,1
288022712_330417661_0,65,60,55,108.80351698056906,5,410.8418797624499,1,3,1,1
1900246889_30686357_0,65,65,60,129.61885034892092,5,11.777272985291551,10,3,10,1
30686357_760332212_0,65,65,60,13.679376637504514,5,0.0,7,2,5,1
30227052_10266016765_0,60,55,55,61.1066454895905,4,229.45575842997772,1,4,15,7
1431153198_1431153202_0,45,45,40,29.55853234714053,6,387.5767401049686,1,2,1,1
415935008_30553978_0,65,60,55,88.23356697401519,5,170.10298860240263,2,4,23,4
30343417_30343416_0,55,55,45,100.03254573710294,5,656.8457345477269,1,2,28,1
1298742841_1350170152_0,60,55,50,34.57417854423741,5,47.844272225182415,1,2,1,1
1350170152_1298742841_0,60,55,50,34.57417854423741,5,47.844272225182415,1,2,1,1
681936233_700938022_0,70,65,60,68.9610555049517,4,31.89001150802106,7,3,10,1
6042820380_409506336_0,55,55,50,57.89823519949298,5,86.69844435922748,1,2,4,3
598224596_2757833232_0,65,65,60,65.16704358849596,5,75.64701605695419,1,5,2,1
960996562_960996563_0,55,55,50,122.19045517732488,6,394.6250794823168,1,3,10,1
1621904452_2473393744_0,60,55,55,117.36403698032964,5,294.5336058949846,2,3,12,1
30312831_1621899821_0,60,60,60,139.39762528102813,5,267.58938947546073,5,2,2,1
258359387_356295228_0,55,50,45,95.31559471772226,5,501.27672866975087,1,2,2,1
126797984_260723600_0,70,65,60,54.95890267632834,4,155.31625875133048,5,5,11,1
260723600_126797984_0,70,65,60,54.95890267632835,4,155.31625875133048,5,5,11,1
1316679282_482505199_0,60,60,55,49.67889223441465,5,54.933084552274416,1,2,1,1
30297199_4990469758_0,55,55,50,89.40544622721843,5,440.3970940442626,3,2,1,1
387127648_2655765586_0,60,60,55,79.43854606246587,5,340.799768662076,1,3,1,1
1350466697_416116752_0,40,40,0,23.590119250255903,5,14.04217092414014,1,2,1,1
416116752_1350466697_0,40,40,0,23.590119250255903,5,14.04217092414014,1,2,1,1
30251177_30251178_0,65,65,55,49.70536979057806,3,0.0,5,3,13,1
30251178_30251177_0,65,65,55,49.70536979057806,3,0.0,5,3,13,1
30243333_30243334_0,65,65,60,129.5816484252499,3,0.0,4,3,11,3
30243333_30243392_0,65,65,60,131.97172429869457,3,0.0,4,4,21,3
12945292491_269379910_0,65,65,60,43.94636071393025,3,0.0,3,2,4,1
11009796682_178503437_0,65,65,60,11.360913352540202,4,366.0885384277052,9,3,1,1
30253573_30253574_0,65,65,60,133.31828235825964,3,0.0,4,2,9,1
30343458_30343455_0,60,55,50,82.57860012147529,5,569.6932053086291,5,4,28,1
243339207_12561010930_0,70,70,65,27.37499859923989,5,13.217527419582742,3,2,2,1
30314637_59749808_0,70,65,60,134.3685930741491,3,0.0,4,6,3,4
59749808_30314637_0,70,65,60,134.3685930741491,3,0.0,4,6,3,4
30617695_2665264315_0,55,50,45,55.52079374765447,5,171.32210979758312,3,6,5,1
573420850_700947160_0,50,45,40,20.451968065488813,5,50.13346862417789,1,2,8,1
240936350_7274365949_0,50,50,50,12.604497628648758,6,36.74471042480389,1,5,27,1
30251181_1000063828_0,70,65,60,69.79290920900107,3,0.0,8,6,7,1
30294337_30294335_0,60,55,50,141.79842681653918,6,11.768807954269096,1,3,9,1
6634825854_3213093362_0,70,65,65,56.30468342976096,4,22.28736805605569,4,4,11,1
30294321_535563200_0,50,50,45,41.335362591651496,5,106.946541237988,1,2,9,1
247636999_243342788_0,60,60,55,135.2580647644818,4,189.2228134137613,12,5,7,2
790034788_800172179_0,55,55,45,23.24977883410748,5,243.55654496031036,1,4,1,1
30307934_30625897_0,65,65,60,86.95303260054649,5,294.8435809530458,1,2,6,1
30313179_30313161_0,65,65,60,105.23687323925115,5,250.9868725875444,1,4,5,1
390227221_1008972044_0,65,60,55,43.85871497539098,5,241.20440594475843,2,3,12,1
1008972044_390227221_0,65,60,55,43.85871497539098,5,241.20440594475843,2,3,12,1
364669545_412458358_0,65,65,60,53.0202065997244,4,17.368482571283522,5,4,1,1
5264363339_30295298_0,65,60,55,26.4447043770874,3,0.0,2,3,3,1
2869959995_30295298_0,65,60,55,36.06205889013352,5,0.0,1,2,2,1
387127696_417972224_0,70,70,65,70.6831110911661,5,268.88128546721333,3,6,4,1
1002675928_30247382_0,75,70,65,70.83579668319759,2,0.0,6,5,4,1
2264456440_178508430_0,60,60,55,17.400747853228726,4,298.36503831574504,1,4,6,1
178508430_178509568_0,60,60,55,28.797754282570708,5,312.595498455292,1,4,5,1
30251191_30251190_0,70,65,60,65.60189582943711,3,0.0,3,2,7,1
330414226_1116623856_0,70,70,65,73.51957479905408,2,0.0,4,9,2,1
1116623856_330414226_0,70,70,65,73.51957479905408,2,0.0,4,9,2,1
256484505_3748616600_0,65,65,60,56.35813495721108,4,211.74990354940627,3,3,2,1
543552887_11887554791_0,65,65,60,9.542478382561924,5,405.1672765281411,3,3,1,1
11887554791_543552887_0,65,65,60,9.542478382561924,5,405.1672765281411,3,3,1,1
1043905685_1207612394_0,55,55,50,82.06715176262168,5,0.0,2,2,1,1
2473393577_1043905685_0,55,55,50,68.06054666519456,3,0.0,6,3,1,1
60591112_30558573_0,70,70,60,163.5438256191087,4,98.4296443609108,4,6,17,1
30295491_30295490_0,60,55,50,31.821088244357245,5,248.76754507319455,2,3,1,1
30553975_30554977_0,60,55,50,67.58146207545515,4,232.9584341320153,2,2,24,1
30298833_1316679287_0,55,55,50,41.21559751315054,5,242.97709954691504,5,2,2,2
4472630002_1303440706_0,70,65,60,5.607984868138031,5,17.930723692645753,4,2,4,1
30253436_30253438_0,55,50,45,115.5824868659474,5,193.20065598523888,1,2,1,1
30556159_4485281938_0,55,50,45,27.10860940461136,4,93.8604206887294,1,5,8,1
82748657_1375697892_0,60,60,50,68.72107344862087,6,203.10204362959476,1,3,6,1
11881540551_30297252_0,65,60,55,69.75453343702625,4,615.3808658774172,5,3,1,1
30297252_11881540551_0,65,60,55,69.75453343702625,4,615.3808658774172,5,3,1,1
522579129_863733275_0,65,65,60,57.06110683151493,4,208.99677424996744,1,3,1,1
3601249498_3601270394_0,0,0,0,10.11886462058719,6,52.1258441599512,1,5,20,1
3601270394_3601249498_0,0,0,0,10.11886462058719,6,52.1258441599512,1,5,20,1
3649234390_315486993_0,65,65,60,133.54008391626786,4,0.0,10,8,1,2
30243120_430535703_0,65,65,60,69.71984026818888,3,0.0,8,2,10,2
401797461_30618077_0,60,60,55,24.748447689352,3,0.0,2,2,1,1
30295217_30295165_0,65,65,60,53.9867332503099,5,108.97949180601444,4,2,7,1
543552982_544223041_0,60,55,50,133.24603973452577,5,112.58619780583965,3,2,2,1
543552982_5331033627_0,60,55,50,43.49104046394612,5,69.09616290509808,4,3,2,1
30247416_30313240_0,60,60,60,104.84985504377724,5,0.0,2,2,18,3
358505133_4310325432_0,55,50,45,231.78570806146348,5,441.4343858279491,1,3,1,1
2968494628_598224999_0,50,50,45,57.47249697788955,5,124.73109236293332,1,3,1,2
8172065150_8172065145_0,65,65,60,132.44934777570526,5,7.859384283790183,4,3,1,1
240978795_30297642_0,55,55,50,43.89621070568607,6,339.35515815222163,1,2,35,1
415402209_30295888_0,50,50,45,61.88469721166619,5,183.3568984900461,2,2,5,1
1303457259_1303457245_0,55,50,45,100.79285980376967,5,165.61826719374025,3,5,10,1
6788605473_12955884765_0,65,60,55,16.25690794403143,3,0.0,9,2,1,1
770847795_770847829_0,65,65,60,92.9998464513322,5,129.08637924748425,1,4,6,1
667380524_667380511_0,65,60,55,36.62639837161135,5,138.1373494643201,3,3,3,1
4416582771_949285345_0,60,60,55,7.360192716332534,5,0.0,3,4,1,1
30243158_30333313_0,60,60,55,61.81779658866834,5,132.13894097861296,2,2,5,1
1368519130_1368519137_0,50,50,45,91.7412140605581,6,253.92541620558328,2,6,23,2
4558542631_3299255727_0,65,60,55,114.72942797261666,5,7.707818264796016,20,5,8,3
243338876_243338877_0,65,65,60,133.77492791187797,5,0.0,4,3,4,2
1046599580_1312053359_0,60,55,50,41.299435783628354,5,76.9121532921819,1,3,7,1
11283057021_568847331_0,55,55,50,38.81354190676983,5,254.7657379608521,1,2,1,1
30254228_211608571_0,70,70,65,69.63700753787495,3,0.0,16,11,24,1
415955413_415955414_0,65,60,55,24.915551081681,2,0.0,5,2,3,1
534683861_1374370519_0,40,40,0,180.1850621544009,5,302.88139899657386,1,3,1,1
30556159_1303440697_0,55,55,50,57.860162456289686,5,93.8604206887294,1,5,6,1
30227228_12351352586_0,65,65,60,11.713595273511446,5,132.30961371464647,3,4,11,1
391084147_391084122_0,65,65,60,20.56702550037698,4,487.6262170075237,1,2,1,1
420763042_2059755039_0,65,60,55,77.88772862831325,3,0.0,8,3,2,1
30558567_8465744797_0,55,55,50,81.07900897174925,4,15.92730408188048,2,6,4,1
30343616_30343528_0,55,55,45,15.0690406770466,6,358.4988471272188,1,2,10,1
543553089_12208571890_0,45,45,40,114.88343871849086,6,134.56433517106566,1,2,1,1
3772706298_30295384_0,65,65,55,110.06065103611148,4,299.62462160846513,5,6,2,1
1506156403_8372776785_0,60,55,50,53.072618458303324,5,282.5730108190153,1,3,2,1
243341175_243341469_0,65,60,55,283.53963698088506,3,0.0,2,2,1,1
30556066_616512950_0,65,60,55,167.70397652364937,5,0.0,7,2,13,1
338936675_338936194_0,65,65,60,37.15383002531056,5,15.649042341135331,4,4,2,1
1125604861_1933546287_0,65,65,60,94.65398148671402,5,47.13772444639721,1,4,1,1
1933546287_1125604861_0,65,65,60,94.65398148671402,5,47.13772444639721,1,4,1,1
3306168419_8269934210_0,60,55,50,10.387145894344895,6,356.39205700230065,4,2,1,1
30246864_26198844_0,65,65,60,19.25824245964315,3,0.0,5,4,7,1
1092685726_2022888132_0,55,55,55,5.081458248072382,6,43.04329786001422,3,6,24,1
4834501661_1092685726_0,55,55,55,43.1947238119232,6,0.0,9,7,32,1
2204931600_1225051325_0,50,50,45,133.8523963306652,5,153.90500435807093,1,2,1,1
1225051325_2204931600_0,50,50,45,133.8523963306652,5,153.90500435807093,1,2,1,1
1382873572_30558435_0,60,55,50,98.42276374487602,5,62.96120378017035,1,3,5,1
598219934_598219933_0,55,50,45,135.31461789996033,5,280.0909524586302,4,2,1,1
30264234_178514516_0,60,55,50,84.63410867825542,5,237.41492993481785,8,5,2,1
561521641_4323496660_0,60,60,55,236.37304761143884,5,262.174147472637,3,4,1,1
168526166_168529420_0,55,55,50,26.71704079617264,5,542.310860279559,3,3,1,1
30555404_125932467_0,70,65,60,31.78228703076851,3,0.0,3,3,8,1
3134509198_11559713266_0,65,60,55,130.4579519527526,4,285.4400334399509,8,3,7,1
30254601_387127534_0,65,65,60,68.47647975135375,4,82.94550106020404,1,3,11,1
30618071_30618073_0,55,55,50,38.90461728054488,6,146.89294625732543,1,2,4,2
301572944_301572949_0,70,70,65,133.45129890548012,5,89.53216310062868,6,7,19,1
430765134_430764908_0,60,60,55,38.163242224883305,5,81.68318200559676,4,9,6,1
430764908_430765134_0,60,60,55,38.163242224883305,5,81.68318200559676,4,9,6,1
866954696_866954660_0,50,50,45,82.7949646202179,5,572.5136629928618,1,4,26,1
30295271_314899334_0,60,60,55,79.62602712988242,5,47.38405975145682,2,7,11,1
559052399_2148896035_0,65,60,55,32.23454017628151,4,117.91569790584212,2,6,1,1
30314492_359238037_0,50,50,45,84.57962152521382,5,400.5619353842244,1,4,2,1
359238037_30314492_0,50,50,45,84.57962152521382,5,400.5619353842244,1,4,2,1
727619581_727619613_0,60,55,50,51.92558217678787,5,201.55297758639543,1,2,1,1
1933546246_1933710581_0,55,55,50,80.1104377566896,5,202.9227533397686,1,2,1,1
30554603_30556744_0,50,50,45,45.22914614676573,5,450.9148287245529,1,3,32,2
770847814_2815387253_0,45,45,40,24.635887589049503,6,519.9077267514137,1,2,1,1
30294177_30294178_0,60,60,55,98.07677649984078,5,143.23136006825055,1,2,14,1
692263337_692263334_0,60,60,55,52.41155842167832,5,8.014723779397274,1,2,1,1
8227535510_3209362421_0,50,50,45,34.128949665352295,5,320.73860088955297,1,2,1,1
30558181_30248592_0,65,65,60,40.428800216600415,4,0.0,3,5,13,1
30553756_30553757_0,55,55,50,69.17040010151297,5,219.6446877109041,1,2,22,1
13117186629_13117186621_0,55,55,50,7.343649814070346,5,258.2867819422237,1,2,1,1
5286242897_1622039363_0,65,60,55,55.94081642631596,5,234.838365938206,5,3,1,1
1378087232_998592677_0,55,55,50,51.46413796216467,5,0.0,2,3,13,1
6080661669_3976600100_0,55,55,50,47.50679758165763,6,287.7651885912451,1,3,5,1
3976600100_6080661669_0,55,55,50,47.50679758165763,6,287.7651885912451,1,3,5,1
1695282631_1695282667_0,60,55,50,45.0619052405811,6,539.1954230144181,1,8,1,1
583323362_1370543830_0,45,40,0,305.32576708185,5,93.35795522164872,1,3,1,1
614849048_13737340255_0,60,55,50,11.679692103117452,6,316.1866226289537,1,2,4,1
543553059_543553107_0,55,50,45,112.19514453416424,5,0.0,1,2,1,1
543553059_6620325587_0,55,50,45,37.02302832067802,5,112.17257320959196,1,2,1,1
4317363553_4230940844_0,40,0,0,43.13763311311796,5,341.2142418622307,1,2,1,1
4230940844_4317363553_0,40,0,0,43.13763311311796,5,341.2142418622307,1,2,1,1
432509869_3055187866_0,65,65,60,40.33092027763873,5,405.7711475767071,1,4,3,1
30558240_30617584_0,55,55,45,75.83536344151226,5,76.38348016213575,1,3,1,1
30254512_30254518_0,55,50,45,74.17116511150485,6,425.2919453061066,1,2,9,1
841867132_11970158816_0,70,65,60,20.3016419349858,4,12.96527920556136,6,7,1,1
1935827833_1125604861_0,60,60,55,13.79504597002429,5,141.7916595221042,1,2,1,1
1125604861_1935827833_0,60,60,55,13.79504597002429,5,141.7916595221042,1,2,1,1
4139421839_4139421836_0,55,55,50,82.92250482361769,5,42.71693317895353,1,2,1,1
1350169980_1350170848_0,45,40,0,53.16057386234161,5,340.1727271862427,1,2,1,1
1298740483_1350170848_0,45,40,0,22.093516392648763,5,360.4301967769844,1,2,1,1
1350170848_1298740483_0,45,40,0,22.093516392648763,5,360.4301967769844,1,2,1,1
13114926544_2965670793_0,60,60,55,44.05687352497084,5,750.0,2,3,1,1
4462374977_1840720984_0,60,60,55,12.17976320357972,5,71.13785485877786,1,3,1,1
1840720984_4462374977_0,60,60,55,12.17976320357972,5,71.13785485877786,1,3,1,1
30264320_1088518829_0,55,55,50,10.85548292786223,5,241.43136674329432,2,2,2,2
30296055_462635542_0,60,60,55,61.06030949559511,5,85.81426683040623,1,3,1,1
315486996_544223009_0,65,65,60,138.86437939495875,5,0.0,5,4,1,1
668513977_3306168411_0,50,50,45,42.71174445012799,5,296.7595105505155,1,3,1,1
243342790_243342791_0,60,55,50,129.79943501473292,4,123.38129731980251,9,4,1,1
598224982_4691418496_0,55,55,50,93.18964868939892,6,224.1716098780402,1,2,2,1
30294521_30313444_0,55,55,50,55.750080658408976,6,324.2928963842804,1,8,3,1
1636238506_30884377_0,50,50,50,30.258509850041825,5,402.1399457714395,1,3,20,2
30343399_1636238506_0,50,50,50,59.274456647014965,5,347.0396716359834,1,2,22,2
82040343_30254514_0,60,60,55,100.9075398956301,5,47.948891677975794,1,2,5,1
598225219_4406268869_0,50,50,45,34.749796979613144,5,207.15996708022456,1,2,1,1
30242972_30242973_0,65,65,60,129.40369388527137,4,136.6876406504165,5,2,11,1
3649234390_619423078_0,65,60,55,122.0364875624034,5,133.5318377019604,7,3,2,1
1933591531_1001441837_0,55,55,50,29.143914219486582,5,153.0596800890145,1,2,2,1
5094317308_30556617_0,0,0,40,92.55863487861674,5,100.351886817331,1,4,25,3
30960810_535233455_0,60,55,50,98.97155018766516,5,166.1112601336226,1,4,1,1
2689685273_387127543_0,55,55,50,69.57905920199899,6,120.7782818145714,1,4,8,1
30264549_30314635_0,60,60,55,70.26906551745839,5,101.95519462934536,1,4,22,1
4995013511_4995013510_0,60,55,50,3.517173126900864,5,190.4304667779972,1,3,1,1
387127585_387127526_0,65,60,55,62.70598772151122,5,446.7030642834104,3,5,4,1
2706990655_790025749_0,50,50,45,8.724546441512615,5,572.0627815093774,1,2,1,1
30558395_30558394_0,70,65,60,98.9508975052226,5,69.14894927178234,1,3,5,1
6788067150_429742266_0,60,55,50,43.19939409027973,5,385.7276467007992,2,5,1,1
30313159_30558414_0,60,55,55,89.96315355342513,5,129.23898273390355,1,2,2,1
359236300_8119424289_0,65,60,55,56.79775629693144,4,423.07631193158863,5,3,1,1
13701003956_8119424289_0,65,60,55,51.34741762411864,4,475.87584648894153,4,3,1,1
30558459_7526485262_0,70,65,60,119.2270200706147,3,0.0,6,4,10,1
7526485262_30558459_0,70,65,60,119.2270200706147,3,0.0,6,4,10,1
431481322_559794889_0,70,70,65,18.512132369866663,4,0.0,6,7,3,1
30333369_82760174_0,55,55,60,40.11768957677916,6,355.8415878121085,1,3,17,3
2650585626_770847878_0,50,50,45,19.648898898215343,6,375.4837828068209,1,2,1,1
770847878_2650585626_0,50,50,45,19.648898898215343,6,375.4837828068209,1,2,1,1
979671154_979671206_0,0,0,0,24.80719339653916,5,750.0,1,5,1,1
4908316180_2888571943_0,65,65,60,105.98277535412448,5,0.0,8,3,8,1
578369832_573420847_0,60,55,50,81.37555580716352,5,0.0,3,3,7,2
356295237_356295240_0,50,50,45,76.8993071064844,5,121.92041110849806,1,3,1,1
1126998877_449385473_0,60,60,55,125.39729864571102,3,0.0,5,3,4,1
689442392_30243358_0,55,55,50,82.42566982554627,5,243.72976690850237,1,2,1,1
1852045009_1853174725_0,55,55,50,21.394876295079293,5,354.5965347223068,1,5,1,1
2630574142_412451684_0,65,65,60,70.59797818232728,5,659.5040646172489,1,8,2,1
30617578_288024058_0,65,60,55,57.64519041542114,2,0.0,5,3,1,1
3049188196_2888571939_0,70,65,60,58.73832906644631,5,13.14383888969886,10,5,11,1
543552897_30253400_0,55,50,45,133.00180527761412,5,266.78342350990937,2,2,2,1
2020393224_401795938_0,55,55,50,82.2270895555807,5,52.61137942043819,1,4,1,3
1374370918_1374370398_0,45,40,0,23.439034168122976,5,555.7666142909567,1,2,1,1
30617761_449385488_0,60,60,55,143.19719084903693,5,348.4412220927834,1,5,1,1
449385488_30617761_0,60,60,55,143.19719084903693,5,348.4412220927834,1,5,1,1
10135472424_10135472427_0,65,60,55,13.235646529663663,4,750.0,7,3,1,1
30555408_30555407_0,60,60,55,41.492029572452,5,133.78537692207303,3,2,1,1
8149137131_253790709_0,55,55,50,62.24399887482427,5,265.368707623068,1,5,3,1
2294043882_573420830_0,60,60,55,18.61219775661065,5,112.30750726830496,1,5,6,1
572078015_2706292286_0,55,55,50,54.813407982468405,5,70.58140303567345,1,4,1,1
2706292286_572078015_0,55,55,50,54.813407982468405,5,70.58140303567345,1,4,1,1
2815387254_2650585622_0,50,50,45,22.89323756478657,5,542.9941912777706,1,2,1,1
30242963_1286855172_0,70,70,65,54.81095430152992,3,0.0,3,2,21,1
60969503_81321297_0,60,60,55,88.13886909934061,6,287.7987605591576,1,4,15,2
30313367_60969503_0,60,60,55,46.5631449544204,4,257.8136286438818,1,6,12,2
10182338471_30246771_0,65,65,60,114.73610659118806,5,149.49236388155228,3,2,10,1
364670490_364670492_0,70,70,65,130.5122510512508,3,0.0,4,8,7,1
30248343_4554626933_0,60,60,60,99.7314837189246,4,140.38274040122752,1,4,9,6
30237606_30237607_0,70,70,65,107.95933564280054,3,0.0,9,5,9,2
30237606_1382873656_0,70,70,65,36.68945342979287,3,0.0,7,5,7,1
5163777212_598225120_0,55,55,50,36.288212041030114,5,317.69469620967766,1,2,1,1
30253571_3196847751_0,60,55,50,77.02621734635375,3,0.0,3,2,19,1
391084148_4471687475_0,55,55,50,21.795652369028616,4,526.7181179581331,1,2,1,1
30689095_1695282600_0,60,55,50,35.80138669536658,5,191.3030900016447,1,2,1,1
30243112_126654237_0,65,65,60,30.82599565942359,5,138.7981866288411,2,2,9,1
126699974_415935180_0,50,50,40,17.556157609113686,5,202.6034568679182,1,3,15,1
30312952_1940555303_0,60,60,55,64.52362709221732,5,130.43843289145744,3,3,7,1
573420841_573420842_0,55,50,45,110.31070608286002,5,36.027571938239554,1,3,3,1
573420842_573420841_0,55,50,45,110.31070608286002,5,36.027571938239554,1,3,3,1
829252510_573420842_0,60,60,55,23.72506597198081,5,12.305705492663837,1,3,3,1
573420842_829252510_0,60,60,55,23.72506597198081,5,12.305705492663837,1,3,3,1
2013654038_30237081_0,65,65,60,23.6751565296408,5,419.6485984417478,1,2,1,1
30237081_2013654038_0,65,65,60,23.675156529640795,5,419.6485984417478,1,2,1,1
420553128_1771985486_0,60,60,55,14.0616977403099,4,0.0,1,3,1,1
600466300_600466299_0,60,60,55,18.20345501333898,5,27.48757482726506,1,2,1,1
30298838_13171840206_0,70,65,60,66.44235669287694,5,19.244497329278527,7,4,10,1
30314636_303636030_0,60,60,55,29.651669862954023,4,196.2868517351488,2,3,16,1
3618456748_340197288_0,65,65,60,19.769503048808527,5,388.6742456053678,1,2,1,1
1198354153_30960622_0,50,45,40,23.605763926034303,6,353.8996598333867,1,3,6,1
3824437289_126657993_0,55,55,50,30.019432405760035,6,196.09635744483973,1,2,4,2
358505152_1297818677_0,65,60,55,67.06202443363068,4,32.14454510380422,1,2,1,1
418136959_417808247_0,60,55,50,66.58633913926184,5,60.17849071828768,3,5,3,1
8224504377_7166339417_0,65,65,60,6.960917056634103,6,34.70108118358662,3,2,4,1
7166339417_30333308_0,65,65,60,38.73514328919676,5,34.70108118358662,4,2,5,1
3976600130_3976600124_0,55,50,45,55.169305593995496,5,354.7003059230047,1,4,1,1
3976600124_3976600130_0,55,50,45,55.169305593995496,5,354.7003059230047,1,4,1,1
10182235282_30243054_0,70,65,60,116.7891317203097,3,0.0,4,3,22,1
30312843_1812187366_0,65,60,55,133.1251751251881,4,132.82341737080185,4,2,1,1
434437191_9388663514_0,60,60,55,9.803441694083965,5,401.09387285623455,2,2,1,2
30243159_30243160_0,65,60,55,133.76555904156368,5,0.0,4,3,17,2
30243160_30243117_0,65,60,55,130.96820062760304,5,132.2986535421132,5,2,27,2
30295108_393144498_0,65,60,55,89.05145758207682,5,62.60224382702633,2,2,4,1
393144498_126763470_0,65,60,55,114.22427449388046,5,6.647047076472646,6,3,7,1
863733490_30617796_0,60,60,55,35.21537010070335,6,112.26976479003832,1,4,10,2
1584415322_692247917_0,65,65,60,33.667900524274344,4,105.90856158977908,1,3,1,1
692247917_1584415322_0,65,65,60,33.667900524274344,4,105.90856158977908,1,3,1,1
426647821_8405489151_0,60,60,55,21.83894066685872,5,38.45241865090971,1,5,1,1
8405489151_426647821_0,60,60,55,21.83894066685872,5,38.45241865090971,1,5,1,1
30243350_597933816_0,60,60,55,122.3722504575959,5,137.7710046848744,6,6,6,1
30243350_1652627160_0,60,60,55,61.667069216668885,5,138.71722377204017,3,2,7,1
565479524_2692588225_0,65,65,60,76.5147171463148,4,401.4771183946089,10,9,19,3
2650585628_2650585630_0,45,45,40,24.01815386432049,6,408.3275630303975,1,2,1,1
2650585630_2650585628_0,45,45,40,24.01815386432049,6,408.3275630303975,1,2,1,1
126797989_11289437704_0,70,70,65,91.79476187122056,4,0.0,9,5,12,1
2540121493_8119767442_0,55,55,50,58.54218922187603,5,37.37798544341939,1,4,1,1
692247930_692247933_0,65,65,60,87.11190271566022,5,7.165048093537259,1,3,1,1
60969476_30554781_0,65,65,60,96.5937201518338,6,67.37592079678814,2,6,10,1
60969476_60969475_0,65,65,60,51.61980459426165,5,73.35595735651721,2,3,4,1
30227231_30227232_0,65,65,60,77.60527954471816,5,219.6081494755284,1,3,14,1
1124790711_30243245_0,65,65,60,132.96939883553935,5,0.0,10,9,13,1
30332647_30332757_0,60,55,50,91.2076489557256,5,105.281233583958,1,2,1,2
30243244_2412830244_0,70,70,65,32.46175981549064,5,0.0,2,2,18,1
26057347_26057346_1,65,65,60,179.25260703710265,3,0.0,7,12,20,2
1303457305_8125229465_0,60,60,55,91.73897177313488,6,0.0,2,3,6,1
13114944429_2965670796_0,60,55,50,46.52884630228397,5,740.8681994443889,2,3,1,1
1840721005_1856466849_0,60,60,55,31.56279451380288,5,0.0,3,5,1,1
1046599615_30295405_0,65,65,60,72.84989434940834,3,0.0,5,3,15,1
30295405_1046599615_0,65,65,60,72.84989434940834,3,0.0,5,3,15,1
30237690_30237691_0,65,65,60,85.2412855725176,4,236.56728540498503,4,5,2,2
535233433_30960812_0,65,60,55,43.35943240814615,5,59.236373812431786,1,4,1,1
30313161_30313162_0,60,60,60,64.16856515391714,5,277.93206428408274,1,2,7,1
30247091_1532752086_0,70,70,65,38.00509519601093,4,0.0,4,2,9,1
30295414_1303430202_0,55,55,45,103.32502815709564,6,135.12874577515367,1,2,3,1
2111273198_6831747707_0,65,60,55,17.84999427299411,5,52.38701106172506,6,7,1,1
630600430_30294508_0,60,55,50,120.32185292929532,6,15.753460185636431,1,3,4,2
30313134_30313132_0,70,65,60,104.0267362269448,5,195.64749492635843,1,2,14,1
30555744_30555745_0,60,60,55,64.4580743299465,6,360.13448576965646,1,2,30,3
1912584090_1912584089_0,65,65,60,30.697737413717658,4,724.5446623676874,1,3,1,1
1912584089_1912584090_0,65,65,60,30.697737413717658,4,724.5446623676874,1,3,1,1
21638868_30343654_0,55,50,45,15.125190415721676,4,497.99628424976254,1,3,16,1
30343654_21638868_0,65,60,55,15.125190415721676,4,497.99628424976254,1,3,16,1
30248590_30248591_0,70,70,65,99.69472305107902,4,0.0,4,6,18,1
2547523141_1001107275_0,50,50,45,103.78435141911692,5,276.2341663892551,1,5,2,1
1001107275_2547523141_0,50,50,45,103.78435141911692,5,276.23416638925505,1,5,2,1
1400693909_1400693886_0,65,60,55,76.41851916011375,6,0.0,5,2,12,1
2507405102_3134765933_0,60,60,55,157.67347861865233,3,0.0,12,8,10,1
30332649_30332650_0,60,55,50,32.85585108791944,6,124.42605950005192,1,2,1,1
2128042600_2128042605_0,60,60,55,7.149970867946996,4,161.9843869079279,4,9,1,2
2128042605_2128042600_0,60,60,55,7.149970867946996,4,161.9843869079279,4,9,1,2
1312053375_420892537_0,65,65,60,51.17019546215901,5,0.0,4,4,1,1
2628897485_387127585_0,65,60,55,57.15968524484465,5,420.0151043806384,1,3,1,1
1652627160_3005325687_0,60,60,55,129.20019247891278,5,195.763013702048,2,2,9,1
316877760_316877763_0,65,65,60,70.7514415996019,5,9.01216049486112,2,3,1,1
769906811_30618094_0,55,55,50,50.30792066984999,4,22.03949375189149,3,5,1,1
30294683_1233754561_0,50,45,40,72.6106035014969,5,257.4278936069325,1,2,1,1
688393836_688393837_0,55,55,50,144.62362258430102,5,148.0849846903827,1,3,1,1
7234883287_4310325432_0,50,50,45,235.6196411527409,5,441.4343858279491,1,3,1,1
323161610_323161614_0,65,60,55,187.60848431260368,3,0.0,1,3,1,1
262250618_347344117_0,60,60,55,182.21101664948768,3,0.0,19,9,2,2
30254242_13272142076_0,60,60,55,62.393121591083336,5,87.44206720324607,1,2,49,1
1933591537_1933591531_0,55,55,50,51.18899183944291,6,180.5393759834232,1,2,2,1
30264417_30294314_0,60,60,55,60.9754903454503,4,578.9705702784603,3,6,20,1
30689549_30312486_0,60,60,55,156.8859310348643,4,130.04333146488946,16,4,9,1
1857472173_1857472174_0,60,55,50,57.71820843687646,6,130.41583384783203,1,3,1,1
178542532_530687855_0,65,65,60,98.86051014203515,2,0.0,10,4,5,1
30254630_30254631_0,60,60,55,79.40810238645447,5,469.22779725991865,1,2,3,1
420060599_2111498626_0,60,55,50,79.29024843847294,6,608.3031764631211,1,4,1,1
30294708_30294707_0,70,65,60,76.45405327148,4,257.7965132599776,1,3,5,1
2126597892_6943141604_0,60,55,50,75.40938284844502,5,146.29042591009704,1,3,1,1
30294550_359547244_0,60,60,55,84.83762175508629,5,0.0,3,6,1,1
30554976_30554974_0,65,60,55,65.07635353638331,5,327.5116493902444,1,2,19,2
5487518357_30294708_0,70,65,60,243.2827772168644,4,183.8968577290528,3,3,8,1
125935921_8195951201_0,70,70,65,21.08036526486156,5,0.0,4,5,1,4
574969094_574969058_0,60,60,55,65.97714010943079,5,138.84864280265927,1,2,1,1
574969058_574969074_0,60,60,55,37.22826084250362,5,104.04996353997002,1,2,1,1
387130477_387130478_0,60,60,50,42.113577449000594,5,564.0882390375341,1,2,1,1
1131166780_977641428_0,60,55,50,39.430058561071945,6,49.6633010593572,1,4,2,1
544223044_544223041_0,50,50,45,114.47681113729378,5,0.0,2,4,1,1
178522003_30264304_0,50,45,40,88.27583177862684,6,544.0268041108309,1,2,1,1
426883557_366996302_0,70,70,60,103.72990731463952,3,0.0,12,4,1,1
366996302_426883557_0,70,70,60,103.7299073146395,3,0.0,12,4,1,1
10649558039_416885091_0,65,60,55,113.88718871648692,5,29.40917139366411,6,2,15,1
416885091_10649558039_0,65,60,55,113.88718871648692,5,29.40917139366411,6,2,15,1
2510477873_178542900_0,65,65,60,153.75419958404302,2,0.0,10,8,13,1
11949794106_442540281_0,60,60,55,82.22756196200042,6,0.0,4,4,1,1
5389145152_30264418_0,65,60,60,15.595297973199456,6,557.7088833221593,1,5,9,1
2704433482_30556794_0,60,60,55,91.2020573723816,6,44.01894294572576,1,2,16,4
30617355_690812102_0,65,65,60,34.30229897685035,2,0.0,8,5,4,2
60969463_415941159_0,70,65,65,78.53112247794023,4,235.8637716549,2,5,11,1
8533405040_567448762_0,55,55,50,47.16726603046997,6,500.55552990035386,1,2,16,1
567448762_8533405040_0,55,55,50,47.16726603046997,6,500.55552990035386,1,2,16,1
323168835_323169030_0,65,60,55,36.88609942420372,3,0.0,7,2,1,1
9605043050_30243065_0,70,65,60,138.75153711559977,3,0.0,7,4,2,1
1311833057_219009557_0,65,65,60,180.601408608325,4,0.0,7,7,17,2
30296620_30296600_0,65,60,55,81.6811525626097,5,95.5948545131592,1,3,1,1
30296600_30296620_0,65,60,55,81.6811525626097,5,95.5948545131592,1,3,1,1
30617737_30617738_0,55,55,50,41.66022728022543,5,401.05843992510194,1,3,1,1
243345653_243345439_0,50,45,40,53.93137343447376,6,187.029525319584,1,4,12,1
30242959_30242960_0,70,65,60,135.09215702825333,4,0.0,5,2,22,1
1174708055_1588285136_0,70,70,65,13.769273094819065,4,425.7827005238887,4,5,2,1
423434796_1623835961_0,60,55,50,68.64043587385433,6,49.61453619794446,1,4,1,1
30554511_30554509_0,65,65,60,89.72180214020169,5,169.49700366354037,2,4,21,4
955030280_790024592_0,50,45,40,77.8269401660281,5,443.811717294914,1,3,1,1
3577569654_3577569667_0,50,45,40,260.8176707629608,5,170.22458962615397,1,2,1,1
3577569667_574969090_0,50,45,40,23.09426651376199,5,169.10575206646462,1,2,1,1
3577569667_3577569654_0,50,45,40,260.81767076296086,5,170.22458962615397,1,2,1,1
1695282584_1695282583_0,65,65,60,18.208087966628348,5,289.47888591680044,1,2,1,1
30312955_247637683_0,65,65,60,127.89056858452552,3,0.0,4,5,1,1
600061499_1141503226_0,70,70,65,17.222901030050885,4,20.91792564973011,4,2,1,1
408397910_600061499_0,70,70,65,29.847138778826103,4,20.809299381286227,4,2,1,1
338936664_338936655_0,60,55,50,69.43244746214603,5,184.81688985341756,1,8,1,1
30253451_30253456_0,45,45,40,89.6503142947698,6,96.15724553901116,1,2,7,1
324231741_535228371_0,60,55,50,102.487663807418,5,395.8993556350083,1,2,1,2
430759324_430759494_0,55,55,50,37.760237994442384,5,173.33591715648362,1,3,1,1
430759494_430759324_0,55,55,50,37.760237994442384,5,173.33591715648362,1,3,1,1
5937668161_5937668160_0,40,0,0,46.7191677913871,5,184.429237344197,1,2,1,1
5937668160_5937668161_0,40,0,0,46.7191677913871,5,184.429237344197,1,2,1,1
30227032_30227052_0,60,55,55,50.37023618920637,4,281.7685433850121,1,4,20,5
12645457284_30295475_0,60,55,50,7.347876440498051,3,0.0,3,3,1,3
4708182448_552884809_0,60,60,55,16.086280601905813,3,0.0,20,3,1,1
4708182448_8473846976_0,60,60,55,72.53144998012573,5,0.0,19,3,1,1
330414887_330414714_0,60,60,55,101.17443647157594,5,27.296713712567588,3,3,1,1
1684889825_898791655_0,50,50,45,39.20218134580373,5,204.1039380697492,1,2,1,1
30688883_1503027493_0,65,65,60,76.5409869857379,4,160.0496973471476,3,2,4,1
30555503_30555979_0,60,60,55,37.31446390655032,5,117.81015655537412,1,2,3,1
634646779_634646784_0,65,65,60,26.331293472483416,4,199.22761713114272,1,4,1,1
612363395_30298888_0,60,60,55,98.89310682877544,6,221.34460832419165,1,2,3,1
770847836_806808402_0,65,60,55,14.232687675988169,4,527.7449113572242,1,2,1,1
806808402_770847836_0,65,60,55,14.232687675988169,4,527.7449113572242,1,2,1,1
2400214757_790034790_0,50,50,45,10.079810525225977,5,283.52759452271727,1,2,1,1
30295712_30295713_0,55,55,50,63.27512586000667,6,278.58444202381224,1,2,1,1
415933918_415933631_0,65,65,60,112.59962575770196,4,110.52838805204146,3,2,4,1
692807380_692807369_0,55,55,50,57.86843621012815,5,149.2545883816295,1,2,1,1
6039142040_10221732552_0,55,55,50,50.88185764228311,5,100.15622139646328,1,3,3,1
10221732552_6039142040_0,55,55,50,50.88185764228311,5,100.15622139646328,1,3,3,1
1506156402_3005856816_0,55,55,50,37.78786014348788,5,263.01840232774293,1,2,2,1
3005856816_1506156402_0,55,55,50,37.78786014348788,5,263.01840232774293,1,2,2,1
442540240_442540242_0,70,65,60,134.04495914417365,6,101.79035118290116,2,13,11,1
21638917_190985498_0,70,65,60,678.0708329917001,3,0.0,36,14,38,1
359238598_359235505_0,60,60,55,53.65736236552689,4,140.9726447424827,1,3,1,1
2628901268_3994496055_0,65,60,55,108.68421234097546,5,126.96684255041173,1,4,2,1
359236400_7233634040_0,60,60,55,114.49246426399048,4,21.872477326101237,7,3,1,1
667395973_667395974_0,55,55,50,210.7882954828624,6,222.0900523301834,1,2,1,1
412444524_2869959997_0,65,60,55,77.67509122438221,2,0.0,9,3,1,1
11365497701_1478096130_0,65,60,55,16.51778080391085,6,315.8938100548015,1,2,1,1
1478096130_11365497701_0,65,60,55,16.517780803910846,6,315.8938100548015,1,2,1,1
30251877_574969130_0,60,55,50,161.89463583862354,5,113.04997756555012,1,2,3,1
877366733_412453095_0,65,65,60,115.31634124424173,4,182.91088317646668,5,4,4,1
4111370382_4111370384_0,60,55,50,18.397704121256822,5,258.59969094572733,1,4,4,1
4111370384_4111370382_0,60,55,50,18.397704121256822,5,258.59969094572733,1,4,4,1
4569473793_4850190675_0,55,55,50,18.896647217251008,5,17.304345610695947,7,7,1,1
5644568122_30246949_0,65,65,60,109.36669250279571,4,23.985371681431086,13,5,20,1
11258759944_3880549731_0,60,55,50,158.1588525473521,5,13.851477725274917,6,3,1,1
1401857392_1401857361_0,70,65,60,400.3657582313168,1,0.0,7,5,1,1
1487379449_5951673145_0,60,60,55,86.62810945288466,5,53.00355115814784,2,3,5,1
539147471_539147472_0,55,55,50,42.70670861923929,6,269.80896146937675,2,3,12,1
13456238293_11992098842_0,60,60,55,4.258081677744436,6,131.76953179861076,1,4,25,1
13456238293_1400723087_0,60,60,55,3.516850605827542,6,133.28087287341242,1,4,25,1
359237785_8119424266_0,55,55,50,96.44482781753146,5,186.42165615313087,1,2,2,1
8119424266_359237785_0,55,55,50,96.44482781753146,5,186.42165615313087,1,2,2,1
257048081_257047975_0,55,55,50,18.65015051344052,6,281.5518580177936,1,2,1,1
359977425_12205400940_0,60,55,50,145.53917073835396,6,29.67315210627988,4,9,12,1
1311833055_559794881_0,65,65,60,26.48973754094489,5,0.0,6,6,3,1
30617794_30617795_0,65,65,60,69.42044564768845,5,204.8338340374335,1,6,12,1
387127515_387127540_0,60,60,50,65.89985039057603,5,179.49571411683485,1,5,4,1
2765228221_7234707851_0,65,65,60,9.725856270094948,4,48.41331666515609,4,13,1,1
1377806846_364719897_0,70,65,60,195.77874593137045,4,13.861693071004424,3,4,1,1
1000063828_690411229_0,70,65,60,19.87483662503614,3,0.0,8,5,5,1
359235593_2101902986_0,65,60,55,67.34674561526877,4,252.84455689172773,5,2,1,1
2101902986_359235593_0,65,60,55,67.34674561526877,4,252.84455689172773,5,2,1,1
457361197_457394440_0,55,55,45,7.012444725693897,5,334.31680249913785,9,2,1,1
1532752086_1532752084_0,70,70,65,131.94109351324136,2,0.0,8,3,16,1
1940579828_2473393899_0,60,60,55,102.89551854675976,6,73.33915370853069,3,2,24,1
1349265459_2458217828_0,50,45,40,5.874312194151907,5,136.722769861223,1,3,1,1
30243205_126803357_0,70,65,60,111.9808487821982,3,0.0,5,4,14,1
536838738_30294324_0,50,50,45,52.92409843342609,5,384.9384377223519,1,2,19,1
535228367_535228366_0,50,50,45,101.858068855525,5,385.8816945042991,1,2,1,1
535228366_2968123724_0,50,50,45,94.32129257091152,5,293.2320050772085,1,2,1,1
572064543_572001922_0,55,55,50,63.00487610030171,5,125.55004854769948,1,2,1,1
8086245581_1852768598_0,55,50,45,21.264627615164727,6,122.90553273642738,1,2,1,2
1503027493_30688880_0,70,65,60,61.64052391475875,4,128.93684027329746,2,7,8,1
668513855_668513854_0,55,50,45,120.33800026519086,5,284.48750126523464,1,2,1,2
1043855100_1043834183_0,55,55,50,128.45354355762237,5,53.71779964697883,1,5,2,1
1043834183_1043855100_0,55,55,50,128.45354355762237,5,53.71779964697883,1,5,2,1
1043855100_6952516640_0,55,55,50,95.06569421039036,5,54.02411818049266,1,3,1,1
243339102_797407445_0,70,65,60,143.56723202335115,4,0.0,20,11,3,1
535233407_60969501_0,65,65,60,30.866267289912297,4,187.899134968214,5,4,7,2
598224641_598224513_0,55,50,45,46.19796320290758,6,129.0420877853679,1,2,1,2
359234346_364720393_0,65,60,55,17.652583818736428,5,600.2055152084407,4,2,2,1
559052397_559410531_0,60,60,55,131.00008188429442,4,115.0296429049666,6,3,1,1
30294316_178522246_0,65,60,55,46.43543305878776,4,536.0517989573472,1,3,12,1
178522246_30294316_0,65,60,55,46.43543305878776,4,536.0517989573472,1,3,12,1
1312053314_1303430343_0,60,60,55,124.4603873386049,3,0.0,9,4,1,1
481087131_2481508957_0,55,55,50,52.86795366880166,5,197.28012058341267,1,2,1,1
30247026_30247027_0,60,60,55,75.24172002778897,5,150.16540166123386,1,3,2,1
30295549_30295531_0,65,60,55,81.94012250965042,6,278.94081330929794,1,2,2,3
30248550_30685341_0,65,65,60,136.42232344348565,3,0.0,8,7,19,1
1374370061_1374370619_0,45,40,0,59.78536216038503,5,563.3446896703693,1,2,1,1
30248549_30246778_0,65,65,60,132.2006658919572,5,264.2203546408864,4,4,8,2
4269412937_6238824732_0,60,60,55,75.79338358236444,6,256.4462621264538,1,5,9,1
21639537_4471971372_0,60,60,55,44.95300902874815,3,0.0,3,2,1,1
4471971372_21639537_0,60,60,55,44.95300902874816,3,0.0,3,2,1,1
30237706_112399403_0,70,65,60,85.52038713247737,4,0.0,4,6,29,1
7252348348_2294044041_0,60,55,50,33.959008305279085,5,127.6042876653014,1,2,2,1
8086245580_8086245581_0,50,50,45,2.189464754164802,6,121.91626304791082,1,2,1,2
8086245581_8086245580_0,50,50,45,2.189464754164802,6,121.91626304791082,1,2,1,2
977641429_409003535_0,65,60,55,36.90755610072485,2,0.0,5,4,3,1
30227196_30227133_0,55,55,60,91.70443637476522,6,225.96760469976837,1,2,34,3
1207618829_2473393632_0,65,65,60,49.138398430287154,4,191.9929283673809,5,2,13,1
442540299_359104405_0,70,70,65,89.32814323154558,4,0.0,11,7,5,2
359104405_1311619488_0,70,70,65,14.83011807958616,3,0.0,6,4,2,1
536418253_3193317991_0,65,60,55,134.98660021749942,2,0.0,12,8,14,1
2869959997_2869959998_0,65,60,55,29.276565827147515,5,0.0,5,4,1,1
2869959997_412444645_0,65,60,55,19.027807610089983,2,0.0,8,5,1,1
998592680_59850112_0,60,55,50,126.71265814549594,5,0.0,4,7,15,2
3005325693_1652627158_0,60,60,55,124.67517670107384,5,208.75210015157683,2,2,8,1
1303363156_1303363158_0,45,45,0,38.62878380440329,6,313.73477165172164,1,2,1,1
1940864524_243338878_0,65,65,60,60.27676619882288,3,0.0,2,7,17,1
1437748515_481122095_0,60,60,55,104.08015487752604,5,0.0,3,5,1,1
620148159_597933815_0,55,55,50,14.591812917365916,5,136.1939206724598,2,2,1,1
974384688_31285558_0,60,55,50,79.09047129956987,5,126.05279530841604,1,2,1,1
522579231_1365781180_0,55,50,45,140.3655169373141,5,31.9396299519826,5,4,1,1
8086245577_1857472207_0,55,50,45,75.15574117713072,6,166.5228469708184,1,2,1,2
2292981003_6985802967_0,65,65,60,6.142165685252862,5,36.005121116006514,1,2,7,1
415884756_126699973_0,55,55,45,28.29274088882726,5,267.8293370698129,1,2,18,3
1299427193_598223783_0,65,60,55,132.67608839693025,5,183.74940580323704,3,10,1,1
8397656593_1551112054_0,65,65,60,20.351425260306872,5,326.8984426895142,1,2,4,1
30295510_319427657_0,65,60,55,127.14946870031696,6,0.0,3,2,6,1
30294524_30294525_0,60,60,55,41.37101906608131,5,296.77497201769563,1,5,2,1
30294525_30294524_0,60,60,55,41.37101906608131,5,296.77497201769563,1,5,2,1
30297365_559410530_0,50,50,45,122.59539408785086,5,514.3321869545949,4,4,1,1
1363598881_2956932683_0,50,50,45,47.59254602535973,5,495.2747832221455,1,3,1,1
273101947_8372776783_0,60,55,50,13.192682322746217,5,273.6472316398868,1,2,2,1
31286314_31286315_0,55,55,50,72.34671547257564,5,188.40655835002516,1,5,2,3
2123195985_5927245626_0,50,50,45,17.25487418366886,5,750.0,1,2,1,1
1297790778_5329316381_0,60,60,55,30.2771002787093,5,196.9823050026685,1,5,1,1
7487287878_2713983941_0,65,65,60,31.196024998186164,2,0.0,8,4,1,3
1935827804_1933546269_0,55,50,45,12.693586505889192,5,369.6000346142929,1,2,1,1
4587765907_689430534_0,55,55,50,70.86802172177133,5,0.0,4,5,1,1
689430534_4587765907_0,55,55,50,70.86802172177133,5,0.0,4,5,1,1
790024609_2815411494_0,55,50,45,43.87459253228084,5,404.90431137649057,1,3,1,1
1940555310_1940555303_0,55,55,50,88.4325767440961,6,76.9840943364304,1,2,9,1
1940555303_1940555310_0,55,55,50,88.4325767440961,6,76.9840943364304,1,2,9,1
1008972044_829313370_0,60,55,50,109.92001717106892,5,158.27698539047404,2,3,12,1
1303457329_30243331_0,70,65,60,50.81873846099217,5,0.0,2,2,18,1
30555003_30555002_0,60,60,55,61.9054201014829,3,0.0,2,2,6,1
4385157799_2454108931_0,65,60,55,134.00319389443015,3,0.0,3,4,12,1
30297368_3005325715_0,55,50,45,60.71533008745392,5,341.8162332308938,1,2,1,1
689442435_1768889590_0,50,50,45,44.8679983694919,5,328.34629021641973,6,2,3,1
1768889590_689442435_0,50,50,45,44.8679983694919,5,328.34629021641973,6,2,3,1
359235504_359238794_0,65,65,60,14.17370504743736,4,195.3807542301539,1,3,1,1
359238794_359235504_0,65,65,60,14.17370504743736,4,195.3807542301539,1,3,1,1
4708182447_974261539_0,60,60,55,26.94536782910777,5,0.0,24,3,1,1
8174151452_724126649_0,60,60,55,54.70079410239573,5,33.207697857788176,2,2,3,1
301572460_9803583623_0,70,70,65,132.84807655112405,5,82.23081953140361,6,7,24,1
1771985487_2681806809_0,55,55,50,63.51236221729243,5,9.15892527416882,1,3,1,1
2681806809_1771985487_0,55,55,50,63.51236221729243,5,9.15892527416882,1,3,1,1
30242975_1622002024_0,60,60,55,125.57823725263448,5,391.774771149749,4,4,1,1
9769889198_30297301_0,60,60,55,104.40347565823328,4,127.83950344649728,6,8,1,1
11843222077_1303363172_0,55,50,45,8.074960923951604,5,374.0962731043845,1,2,2,5
1303363172_11843222077_0,55,50,45,8.074960923951604,5,374.0962731043845,1,2,2,5
10189181762_4395509053_0,65,65,60,7.994690469249985,5,23.55729358250858,3,4,1,1
2810558868_401795297_0,55,55,50,92.1415213000137,5,0.0,1,2,1,1
11246122387_1312053365_0,65,65,60,182.1814264737889,4,18.460485442330736,10,3,1,1
598220048_1622039331_0,50,50,45,64.02342835113507,4,34.38432640533913,7,7,1,1
1622039331_598220048_0,50,50,45,64.02342835113507,4,34.38432640533913,7,7,1,1
30242970_12945382588_0,65,65,60,119.1557606650448,4,5.323818173476104,6,6,1,1
3088674065_2191189340_0,40,0,0,251.7213151342577,5,415.0904077835461,1,2,1,1
598224884_598224964_0,60,55,50,27.32345159055363,5,183.0278308049816,1,2,1,1
557230376_3754975067_0,65,60,55,76.39872757857098,3,0.0,5,3,10,2
2869959982_2869959985_0,60,60,55,120.5179932535269,5,0.0,3,5,13,1
60969458_60969471_0,65,65,60,93.11917074259722,5,122.90648138295292,1,4,17,1
1860569745_30253983_0,65,65,60,37.712949249908434,5,0.0,9,4,2,1
1684889804_168526134_0,55,55,50,44.52872480244216,4,280.91544382005503,1,3,1,1
168526134_1684889804_0,55,55,50,44.52872480244216,4,280.91544382005503,1,3,1,1
30237645_30237703_0,70,65,65,133.20561514225992,5,0.0,6,3,37,1
6194641758_7600262098_0,50,50,45,47.94179744985958,6,52.97501898496719,1,4,4,1
7600262098_6194641758_0,50,50,45,47.94179744985958,6,52.97501898496719,1,4,4,1
2650585632_2650585634_0,50,45,40,22.84446493634675,6,445.9713760226068,1,2,1,1
1695282636_1695282604_0,60,55,50,97.69333370005324,6,140.33875819792266,1,3,2,1
1012356726_1012815266_0,55,50,45,70.71991764997026,5,101.90088023870597,1,6,2,3
279148247_243343112_0,60,60,55,111.8790274171022,5,0.0,9,6,3,1
598224750_598224522_0,55,55,50,68.5694965800893,5,192.9994045899052,1,2,1,1
4470657986_4470657985_0,65,65,60,28.5453210245861,3,0.0,10,3,10,1
30686354_30686355_0,55,55,50,46.316205900882274,5,135.38077296712845,1,2,7,3
30686355_30686354_0,55,55,50,46.31620590088227,5,135.38077296712845,1,2,7,3
318317456_446207454_0,70,65,60,27.2338126820329,1,0.0,1,2,1,1
30332762_30556093_0,55,55,50,42.43103687005818,5,173.79285914850735,1,2,1,2
2264456438_168537019_0,65,65,60,60.21981919732288,4,0.0,3,3,1,1
364716480_364716411_0,60,60,55,51.058514106121,5,241.44687843370488,1,2,8,2
8119424269_364716480_0,60,60,55,111.46927805581998,5,241.44687843370488,1,2,9,1
364716480_8119424269_0,60,60,55,111.46927805581998,5,241.44687843370488,1,2,9,1
2691105735_30686356_0,65,60,55,149.1574464173833,5,11.13210891078643,7,7,8,1
408908796_412370060_0,55,55,45,78.15721340262299,5,105.18868813676828,1,2,8,1
30295515_2810558864_0,50,50,45,48.8351220344084,6,96.81329186761148,1,2,3,2
1017920208_420892483_0,70,70,65,49.20313593837996,2,0.0,5,8,4,1
432467110_288024527_0,55,55,50,61.6748573387282,5,373.2546612581029,1,3,3,1
7233634026_7233634023_0,60,60,55,24.972873898372608,5,57.230824442941966,7,4,1,1
30295712_2687171805_0,55,55,50,7.934012339932859,6,270.80136914688177,1,2,1,1
412462146_1224389881_0,70,65,60,47.04306004959816,3,0.0,1,10,1,1
1224389881_412462146_0,70,65,60,47.04306004959816,3,0.0,1,10,1,1
2119991192_1857472191_0,65,65,60,24.265729000468,5,27.72142239497234,1,2,1,1
4965780373_1857472191_0,65,65,60,142.7161655253674,5,50.06637006837296,1,4,1,1
1857472191_4965780373_0,65,65,60,142.7161655253674,5,50.06637006837296,1,4,1,1
416116590_2943846077_0,45,45,40,22.935766951478588,5,50.28367173646874,1,3,1,1
2943846077_416116590_0,45,45,40,22.935766951478588,5,50.28367173646874,1,3,1,1
2146914032_667379829_0,60,60,55,2.828901136990718,4,80.47693178883465,1,8,8,1
667379829_2146914032_0,60,60,55,2.828901136990718,4,80.47693178883465,1,8,8,1
402875760_4130763475_0,70,70,65,178.98027852863993,2,0.0,8,4,1,1
243336862_30244000_0,60,60,55,110.62587127563532,5,357.87768091343463,5,4,27,1
168491424_10967809658_0,60,60,55,3.704440629414363,4,403.6772503689889,1,2,1,1
3994419559_30254606_0,55,55,50,25.594590145815843,6,122.13379084693716,1,4,6,1
3285483283_358505144_0,60,60,55,24.740971847878487,4,47.19699433931448,1,2,1,1
2650585628_770847878_0,45,45,40,22.90366132775877,6,390.451026516101,1,2,1,1
2458217848_402883127_0,65,65,60,36.73787560253283,5,3.6393761425630657,8,2,2,1
402875749_3308698041_0,65,65,60,40.50835895987171,2,0.0,8,5,1,1
448700549_3762047842_0,70,70,65,7.375109083063856,3,0.0,5,5,3,1
6691107213_1935831401_0,60,60,55,24.612874388509148,5,163.68307981482252,1,2,2,1
30295339_30295338_0,60,60,55,60.57982270000381,5,0.0,4,4,6,1
30254600_863733456_0,65,65,60,23.744494575499964,5,283.4038281681175,1,8,4,1
387127519_30254600_0,65,65,60,39.51833112067669,5,245.7845128393753,1,8,6,1
4469389789_6073196939_0,65,65,60,45.6436988896947,3,0.0,4,9,10,3
3047640929_30254227_0,70,70,60,72.24122906788114,4,0.0,6,6,17,1
2264150807_100409765_0,60,60,50,121.60065305345344,4,197.28188853224387,1,4,9,9
387130473_3825223113_0,65,60,55,81.72507308375064,4,592.487309490718,6,3,5,1
1098044394_1859058465_0,60,60,55,76.7849673998934,6,0.0,1,4,22,1
421265634_2293731702_0,65,60,55,30.3080572045307,5,0.0,1,2,1,1
421265634_30689122_0,65,60,55,83.43179362168767,5,29.903571634981056,1,2,1,1
3472804093_416116604_0,65,60,55,25.887045446105414,3,0.0,6,4,2,2
2965670796_30297215_0,60,60,55,35.80431689559733,5,712.1901649096556,2,3,1,1
312895216_2578612978_0,55,50,45,135.11675966733387,4,0.0,3,4,2,1
6031323975_1933546307_0,0,0,0,39.0627695913478,5,479.5723211294455,1,2,1,1
33098963_7515360148_0,70,70,65,131.50439145334911,3,0.0,8,4,20,1
30558545_540312576_0,55,55,50,110.74818773033252,4,0.0,7,5,7,1
4174394697_1374800915_0,50,50,45,15.631611593099652,5,182.68746457519475,1,2,1,1
3302278211_847727783_0,65,60,55,28.12141509005296,5,82.93794189066487,1,3,6,1
347712642_347712663_0,70,65,60,332.38309069948104,1,0.0,2,2,2,1
5946251199_1341455855_0,65,65,60,31.905157340248792,6,270.39952062621325,1,4,1,1
597218426_243342790_0,55,55,50,135.357722085856,5,135.35947618422406,5,3,1,1
915702743_915702746_0,65,65,60,134.00585672479195,5,77.33812388588366,2,2,14,1
3702993013_947908704_0,55,50,45,47.298266580071314,5,0.0,4,2,4,1
2111498693_4697774026_0,55,55,50,24.79519370091686,5,723.8131372891229,1,3,1,1
4697774026_2111498693_0,55,55,50,24.79519370091686,5,723.8131372891229,1,3,1,1
724126687_59850119_0,60,60,55,23.64862471062559,3,0.0,2,3,5,1
219019305_243339566_0,60,60,55,140.7899109366409,4,291.52495742379307,10,6,3,1
10174522837_5711742102_0,60,60,55,98.19418940870632,6,0.0,2,2,18,3
568847329_1526596969_0,55,55,50,62.3922061472156,5,269.0566589673763,1,2,1,1
1350466761_416116752_0,40,40,0,31.959498365269347,5,0.0,1,4,1,1
30251175_30251176_0,65,65,60,57.51594457630424,3,0.0,7,4,13,1
30333367_30554807_0,55,50,45,63.29153915195912,5,341.041175288828,1,2,21,2
8119755195_8119755196_0,60,60,55,24.873393632666023,4,342.0552345477197,4,5,1,1
1930254000_8119755195_0,60,60,55,6.540082528381341,5,352.91150395921545,4,4,1,1
6423993161_6423993160_0,50,50,45,62.146497866315606,5,50.128260297272696,1,2,1,1
6423993160_6423993161_0,50,50,45,62.146497866315606,5,50.128260297272696,1,2,1,1
1350170297_1350170772_0,40,40,0,34.44201291326825,5,363.2330976712129,1,2,1,1
1350170772_1350170297_0,40,40,0,34.44201291326825,5,363.2330976712129,1,2,1,1
1374370529_979754922_0,0,0,0,72.54537051057625,5,449.33799966637656,1,3,1,1
979754922_1374370529_0,0,0,0,72.54537051057625,5,449.33799966637656,1,3,1,1
30313182_30313181_0,60,60,60,65.03081122805199,4,298.1249976191863,1,4,8,1
4549616600_1207612392_0,60,55,50,62.83595625236191,6,71.57902927094896,1,2,1,1
356295256_2344645253_0,70,65,60,230.62725648484124,4,42.59800462184305,7,10,3,2
559787232_559787233_0,65,60,55,133.3559830999792,5,0.0,9,9,13,1
30248535_9056235029_0,60,60,55,111.35870537561578,2,0.0,4,8,3,1
2749832743_323168834_0,70,70,65,29.78363330303812,4,18.064464813633982,9,2,1,1
3040074834_3040075734_0,55,55,50,135.9508384675079,6,440.2847931201868,3,3,5,1
412458357_412458358_0,65,65,60,49.168930564344144,4,50.03550144234177,5,3,1,1
387127551_387127552_0,60,60,50,39.96191464432182,5,191.37029481620823,1,4,1,1
1652620972_597933811_0,55,55,45,63.63937821049463,5,269.961522786604,1,2,1,1
1117832745_598224640_0,55,55,50,89.36448650194545,3,0.0,3,3,6,2
30318191_30318187_0,60,55,50,227.5105787338296,5,497.4336909245498,12,2,1,1
30314626_30314629_0,65,60,55,159.4269336141308,5,10.414804017134603,2,5,5,1
3601250399_30253989_0,70,65,60,68.525952848401,3,0.0,3,6,26,1
3822859920_4189406778_0,65,65,60,23.201019751179818,2,0.0,6,9,2,1
572064556_572064559_1,55,50,45,245.2112065439242,5,248.06993452729463,1,3,2,2
1856466576_2509871324_0,70,65,60,98.8327160144519,2,0.0,12,16,4,1
800172179_783747960_0,55,55,45,26.666300341534296,5,261.82017635764475,1,4,1,2
1532752084_1479334626_0,70,70,65,66.34909967998212,3,0.0,7,3,15,1
1001107281_412437296_0,60,55,50,83.46129123426421,4,225.7462495518163,5,7,6,1
30555980_30332655_0,60,60,55,77.30152591028987,5,65.58054978718985,1,2,1,1
387127456_8441782337_0,55,55,50,8.734166410762077,5,323.8559068253786,1,3,1,1
1001441839_8454360490_0,55,50,45,15.293347931991905,5,351.47690283786835,1,2,1,1
1933546294_1935827833_0,60,60,55,45.4335214727865,5,155.5862572986669,1,2,2,1
1935827826_1935827833_0,60,60,55,18.47225492948755,5,155.5862572986669,1,2,1,1
1935827833_1935827826_0,60,60,55,18.47225492948755,5,155.5862572986669,1,2,1,1
10181609591_4719409243_0,65,65,65,115.95599151797836,3,0.0,5,4,20,2
2511679139_30298958_0,65,65,60,83.52790908641349,5,12.136022764174546,6,2,7,1
30298958_13508611893_0,65,65,60,101.37156197818328,5,95.53116409764138,1,2,6,1
319774964_2943754880_0,45,40,0,29.262740014988545,5,95.7180443759123,1,3,2,1
2943754880_319774964_0,45,40,0,29.262740014988545,5,95.7180443759123,1,3,2,1
1375291089_8972734658_0,60,55,50,29.933786952140608,5,0.0,3,2,1,1
8972734658_1375291089_0,60,55,50,29.933786952140608,5,0.0,3,2,1,1
533616095_8127333287_0,65,65,60,13.19092042210062,5,0.0,8,5,1,1
849592992_256484488_0,60,60,55,51.059142489234574,4,38.46525546400768,7,5,1,1
30343576_242318731_0,50,50,45,14.239089832914974,6,335.72239811852154,1,2,16,1
412466900_412465396_0,55,55,50,56.31245467014251,6,40.855585092827525,1,6,1,1
6932324368_629306981_0,60,55,50,11.370432113193232,5,163.20036637714855,1,2,1,1
629306981_6932324368_0,60,55,50,11.370432113193232,5,163.20036637714855,1,2,1,1
6932324368_629306966_0,60,55,50,126.54086406067404,5,163.20036637714855,1,3,1,1
390227104_12896018417_0,70,65,60,15.24574474428466,2,0.0,12,3,5,1
30254599_30617794_0,60,60,55,32.631388713131045,5,272.0809537360776,1,6,5,1
10182310914_1532752081_0,70,70,65,115.65789479646952,2,0.0,6,2,7,2
603995035_603995028_0,65,60,55,14.05253014987112,2,0.0,7,2,1,1
30313252_30313254_0,65,65,60,31.812848514528635,5,144.16236097571408,3,4,3,1
1622482873_523781574_0,65,60,55,56.51184073657154,3,0.0,1,5,1,1
523781574_1622482873_0,65,60,55,56.51184073657154,3,0.0,1,5,1,1
3229689808_30254225_0,70,70,65,155.85836270396828,2,0.0,15,15,13,2
770847877_449385485_0,65,60,55,24.259037924959063,4,611.8397839553312,1,4,1,1
2087205008_3191418795_0,60,60,55,79.02955456898486,6,32.915395936822165,3,3,1,1
727619602_727619581_0,60,55,50,13.76049213682584,5,193.11979223565348,1,2,1,1
3048077340_243342775_0,65,65,55,46.77795763758054,4,76.1863700739623,1,2,12,1
627782648_13859746854_0,55,55,50,62.166248409403934,5,223.8122442426914,3,2,2,1
30617833_3822804384_0,70,65,60,65.65565031662251,3,0.0,5,6,1,1
1017920153_1017920276_0,60,60,55,24.043666777678077,5,28.2035897819811,2,2,2,1
2291722043_5764726550_0,50,50,50,194.7453499120253,6,56.729150183181154,3,3,8,1
1622002046_347353579_0,65,60,55,7.30059021545162,3,0.0,2,4,2,1
1526596963_3055101088_0,60,60,55,100.72341333529982,5,256.3005580170488,1,2,1,1
30343490_1404124266_0,65,60,55,15.856325177090266,4,532.6531556337721,1,3,16,1
762466071_1346281723_0,55,50,45,7.134634128325625,6,403.93219238906033,2,2,1,1
1346281723_762466071_0,55,50,45,7.134634128325625,6,403.93219238906033,2,2,1,1
260723606_415956316_0,65,65,60,76.96397316981206,4,0.0,10,2,4,2
1313793456_8162667537_0,55,50,45,49.284755833173946,5,679.5518557202961,1,3,1,1
387127705_30295347_0,70,65,60,92.7376028220699,5,76.22840187845364,2,7,3,1
420553161_359238603_0,55,50,45,16.370754033192327,4,4.289579110435186,1,3,1,1
30237772_30237613_0,65,65,60,130.9307848637419,4,0.0,6,4,17,1
11367657971_30253202_0,65,65,60,68.95352982242956,6,205.9740003651728,2,2,4,1
600466293_598222962_0,70,70,60,102.19763836951633,4,23.867821897991966,4,5,4,1
598222962_600466293_0,70,70,60,102.19763836951633,4,23.867821897991966,4,5,4,1
2687171808_1086926705_0,60,60,55,45.66823060828765,6,237.4164741833709,1,2,3,1
126797329_126797987_0,60,60,55,132.27859081992662,4,0.0,9,5,22,1
2869959999_412444593_0,65,65,60,77.9879157675252,5,36.247038014503325,4,5,1,1
1863725886_256484488_0,60,60,55,157.2664202126189,5,0.0,5,5,1,2
541644020_4307026176_0,55,55,50,105.04065298089952,5,232.36786346914624,1,2,3,1
1684908534_1806041195_0,60,55,50,19.315407275866868,5,116.28151341539032,1,2,1,1
1806041195_1684908534_0,60,55,50,19.315407275866868,5,116.28151341539032,1,2,1,1
1479334690_10182310914_0,70,70,65,109.41194581949104,6,0.0,5,2,12,1
30243128_1479161820_0,60,60,55,85.39839300761511,4,126.06897333608296,12,4,8,1
4236148731_416116750_0,55,55,50,5.084392237879491,5,18.69136044052985,1,2,1,1
30252176_194583692_0,65,65,60,64.8429116582909,6,0.0,1,3,15,1
30960805_1225083271_0,50,50,40,87.98618710486161,5,228.50745419686817,1,4,1,1
1225083271_30960805_0,50,50,40,87.98618710486161,5,228.50745419686817,1,4,1,1
8378820672_387127740_0,55,50,45,7.992712476112243,5,402.25352160958073,1,2,2,1
387127740_8378820672_0,55,50,45,7.992712476112243,5,402.25352160958073,1,2,2,1
30247429_412398695_0,70,70,65,117.4154307574076,5,0.0,4,5,15,9
12955993786_556431628_0,65,65,60,384.8619528794552,3,0.0,1,3,1,1
530671038_534361450_0,60,55,50,56.11270241056898,5,161.10138227912233,1,2,5,1
30294334_30294333_0,65,60,55,71.71547586301209,5,364.47099581585417,1,2,14,1
12644016474_387127614_0,70,65,60,8.318782423218956,5,0.0,1,4,4,1
30313125_30313240_0,60,60,60,72.19267141503309,5,94.0599800726789,1,2,9,3
30685340_30243321_0,65,65,60,131.70376726603246,4,0.0,4,5,13,1
462635529_30296151_0,60,55,50,59.36026466802842,5,174.13669059443336,1,2,1,1
626570863_629306851_0,65,65,60,157.9109246921753,4,11.989031915426017,2,9,2,1
442540240_1311770053_0,65,65,60,17.41791774201567,5,133.81668426278443,1,3,7,1
82043811_30295102_0,65,65,60,65.2774248009578,5,150.35408257594122,1,2,6,2
574969091_3577569668_0,60,60,55,49.78154782061273,5,94.1876309107481,1,2,1,1
3577569668_574969090_0,60,60,55,25.15699334656866,5,143.95331368040766,1,2,1,1
9465476414_9465476413_0,50,50,45,19.906744156565647,5,268.87571211313445,1,2,1,1
634519965_462693526_0,70,65,60,23.669746697973498,4,19.35202930396344,1,3,1,1
462693526_12644016427_0,70,65,60,38.2993449657428,4,18.55165812454497,3,3,1,1
627782749_4127412196_0,65,65,60,21.52312910900463,4,40.19088671384487,1,3,1,1
7037105577_178525064_0,55,55,50,17.98574819393697,5,172.40310183444876,1,2,2,1
30333443_30333442_0,55,50,50,69.96045017914659,6,293.7306173772153,1,2,36,1
30294530_533615996_0,70,65,60,15.275705282095284,4,304.79769060711163,1,7,13,2
533615996_30294530_0,70,65,60,15.275705282095284,4,304.79769060711163,1,7,13,2
347353583_243343113_0,60,55,50,46.19938780428942,3,0.0,5,6,1,1
1001228539_1001228543_0,55,55,50,58.53734552728391,6,116.2873273126774,1,2,1,1
30556619_30247426_0,65,60,55,100.31016322097987,5,0.0,4,5,20,7
30625897_30625896_0,60,60,55,84.742673284923,5,357.2743733317143,1,3,5,1
414683108_414683109_0,65,60,55,42.250347677857455,5,28.83234866124972,1,7,2,1
1479334771_1532752081_0,70,70,65,133.82663268118137,5,0.0,5,5,6,2
430765138_430764953_0,60,60,55,76.1602189983367,5,116.77913281673209,3,5,6,1
430764953_430765138_0,60,60,55,76.1602189983367,5,116.77913281673209,3,5,6,1
2326000392_559764755_0,70,65,60,127.94121975667368,3,0.0,8,11,20,2
690812143_30960642_0,65,65,60,107.04238750264294,2,0.0,7,6,8,1
30243342_30556269_0,65,60,55,29.794996421707765,4,0.0,3,10,4,2
957075910_30254608_0,55,55,45,25.42392225835762,6,188.4813078658917,1,2,1,1
3976600097_3976600100_0,50,50,40,46.64275984422909,6,270.10164618203504,7,3,8,1
3976600100_3976600097_0,50,50,40,46.64275984422909,6,270.10164618203504,7,3,8,1
1695282574_1588281327_0,70,65,60,37.91422234753538,4,547.9894598065704,5,4,5,1
30243061_2264591838_0,65,65,60,54.29839687547951,5,91.73467604256588,1,2,6,1
994071420_1748629933_0,55,55,45,124.74694532504898,5,0.0,4,3,1,1
12238344500_30313140_0,70,65,60,76.9480959836024,4,96.6634309997232,5,2,1,1
416116751_416116750_0,55,55,50,8.939310720983519,5,18.01235757448692,1,2,1,1
1873048566_30332601_0,60,55,50,58.57797612178571,5,133.82684997527485,1,2,1,1
559420255_4307016147_0,65,60,55,28.42521334511345,4,361.9238895970504,5,3,5,1
556432064_556431046_0,50,45,45,404.8884903181506,5,65.95090130346301,1,2,1,1
556431046_556432064_0,50,45,45,404.8884903181506,5,65.95090130346301,1,2,1,1
2267446258_168529451_0,50,50,45,20.75887299460331,5,337.3923005902109,3,4,1,1
21638921_21638920_0,70,65,60,25.243537030362013,3,0.0,11,6,1,1
30333344_30333343_0,60,55,50,57.11119659596992,5,123.35574413957715,1,4,18,1
30243330_1716102034_0,70,70,65,72.17590916950226,5,0.0,6,4,17,1
359235504_359236301_0,55,55,50,143.98221558408756,5,199.22569498144915,1,3,1,1
417813658_841867127_0,65,65,60,33.01672012870608,4,441.17277231629134,6,8,1,1
1401841446_30343275_0,55,55,50,60.26210131393929,5,119.13650677112452,1,2,1,1
409505321_412398660_0,60,55,50,61.91437920864354,5,0.0,3,4,4,1
412398660_409505321_0,60,55,50,61.91437920864354,5,0.0,3,4,4,1
535228349_535228378_0,55,50,45,73.55084405007361,5,312.19453219207094,1,2,1,1
30295286_30295287_0,55,55,50,61.45292795303119,5,100.41470374380464,1,3,3,1
301572399_301572459_0,65,65,60,132.45081045414767,5,0.0,6,2,21,2
1298769734_2449580477_0,50,50,45,56.30782325760679,5,341.7749971840303,1,3,1,1
2888610566_1900246887_0,65,65,60,130.590467495702,5,12.630116235117766,9,4,13,1
5856759989_5856759988_0,55,50,45,82.3130395067304,6,67.4243292635824,1,3,3,1
5856759988_5856759989_0,55,50,45,82.3130395067304,6,67.4243292635824,1,3,3,1
1119386014_4307016143_0,55,55,50,118.56128601107876,6,379.31816145907135,3,5,4,1
559417178_1119386014_0,55,55,50,41.16479479493468,5,474.444759955678,1,5,3,1
1233754614_432509965_0,65,60,55,40.99594846182429,4,291.80392695994027,4,4,13,1
432509965_1233754614_0,65,60,55,40.9959484618243,4,291.80392695994027,4,4,13,1
3956071721_3075809787_0,65,65,55,13.13259316198602,5,171.05950375954933,2,2,2,1
1299414785_1381912196_0,55,55,50,28.05528120125882,5,159.16560070897057,1,3,2,1
12950167740_30558452_0,70,65,60,122.34021160312736,3,0.0,8,6,9,1
660778322_4309985784_0,55,50,45,55.554466883145466,5,83.52515280299394,3,2,22,2
2505262717_2505262735_0,60,60,55,14.503357365942726,5,113.71251037877964,1,3,1,1
598223919_1299414817_0,55,55,50,30.15266782114213,5,0.0,1,2,1,1
1299414817_598223919_0,55,55,50,30.15266782114214,5,0.0,1,2,1,1
3005325724_30297369_0,60,60,55,62.65829536415025,5,342.443679247367,1,2,2,1
323191078_692807420_0,70,70,65,69.88343406706178,2,0.0,6,6,1,1
10092003377_8529589443_0,65,65,55,115.48583223713943,5,24.967148644853747,12,13,12,1
8529589443_10092003377_0,65,65,55,115.48583223713943,5,24.967148644853747,12,13,12,1
8529589443_5165857229_0,65,65,55,3.1073707869499607,5,32.22063117779246,5,3,9,1
4307026177_4307026176_0,55,55,50,134.94380217453832,6,97.84961410146543,1,4,4,1
1532984315_5948798216_0,60,60,55,41.86949470647418,5,680.0245734672676,1,7,2,1
5948798216_1532984315_0,60,60,55,41.86949470647418,5,680.0245734672676,1,7,2,1
2111237734_6375615037_0,55,55,50,31.137139678716824,5,226.06787107183413,1,4,1,1
9408480017_415956314_0,65,60,55,70.10582312032713,2,0.0,9,6,5,2
330416987_330416921_0,65,65,60,125.8363882514714,4,231.5448165918056,2,3,3,1
330416921_330416987_0,65,65,60,125.8363882514714,4,231.5448165918056,2,3,3,1
30297201_1381889356_0,60,55,50,54.68378300388129,5,662.5982239041161,1,3,1,1
30556621_2704433482_0,60,60,55,1.0086858850058005,6,43.0102591985638,1,2,14,4
317998745_4327379293_0,65,60,55,49.80456987686122,5,112.08938122851798,7,6,1,1
1382873567_1382873617_0,70,70,65,94.70818239902064,3,0.0,4,8,16,1
4112911211_1044543169_0,65,60,55,62.04897519699573,3,0.0,3,2,1,1
1044543169_4112911211_0,65,60,55,62.04897519699573,3,0.0,3,2,1,1
690679241_690679215_0,60,55,50,174.28970993277366,4,0.0,7,5,1,1
442540258_1311619365_0,70,70,65,21.26109092683935,3,0.0,9,5,15,1
30253865_30253734_0,60,60,55,135.73361431787367,2,0.0,4,4,11,1
13781851607_13781851608_0,65,65,60,3.448541009978942,6,0.0,1,2,5,1
13781851608_6225821935_0,65,65,60,11.199334317110797,5,0.0,1,2,6,1
30254569_30254568_0,55,55,50,57.64795713732176,5,309.0630086853693,1,4,1,1
727619596_727619602_0,60,55,50,19.45799725103257,5,192.65319028450776,1,2,1,1
253790707_5946251197_0,65,60,55,119.55021033475848,4,253.4899020482481,5,8,1,1
559410528_559410525_0,60,55,50,131.5154892840167,4,517.152253167143,7,5,2,1
1311619445_1311619488_0,70,70,65,84.01361854974346,3,0.0,11,6,5,2
1311619488_1311619445_0,70,70,65,84.01361854974346,3,0.0,11,6,5,2
30294443_166211432_0,60,60,55,118.90055301722978,4,248.30171309924836,7,9,17,1
532408931_166211432_0,60,60,55,54.99175287079332,5,346.38705912317835,4,8,11,1
559787230_30254225_0,70,70,65,18.774604776752177,3,0.0,4,6,8,2
30294698_30294696_0,50,50,45,59.684537332955486,5,19.809494561941577,4,2,2,1
7188699482_11009796676_0,65,60,55,13.09157879254722,4,366.46980646562497,10,2,1,1
30555976_30253992_0,65,60,55,133.67411894334532,5,131.62708807436266,4,2,17,1
30295106_30295105_0,65,60,55,72.626272596362,5,165.65336075077948,1,2,5,1
1487126963_1534156659_0,70,65,60,40.30622587523804,5,13.078422380751164,4,4,4,1
30556152_30556151_0,55,55,50,62.24627598994434,5,147.40571121821736,2,3,4,1
3822804387_3822804388_0,70,65,60,30.219508795990823,3,0.0,6,3,1,1
3822804388_3822804387_0,70,65,60,30.219508795990823,3,0.0,6,3,1,1
1043834102_1043834280_0,60,60,55,26.093386223786872,5,12.623233003108544,4,5,3,1
30689057_30689056_0,50,50,40,80.56262269644633,5,339.63626716670086,1,2,3,1
30689056_30689057_0,50,50,40,80.56262269644633,5,339.63626716670086,1,2,3,1
30689056_387130505_0,50,50,40,68.66176804538213,5,297.1375088363535,1,2,4,1
387130505_30689056_0,50,50,40,68.66176804538213,5,297.1375088363535,1,2,4,1
1177108319_6873411834_0,55,55,50,64.18000270104208,6,125.76616165509547,1,2,2,2
1261315828_392351072_0,60,60,55,25.279749885729263,4,558.9836013417721,3,3,1,1
3040075933_1622039313_0,55,55,50,41.82999262530247,5,471.0268238929926,1,2,4,1
30252078_168537019_0,60,60,55,61.21457007232853,3,0.0,3,3,1,1
960996563_961905032_0,60,60,55,29.22957848192237,5,392.4128405268384,1,2,6,1
1496396360_126763513_0,60,55,50,100.71102698465388,2,0.0,11,5,1,1
255861698_191001636_0,70,65,60,455.0317442235592,1,0.0,10,11,1,1
30295102_30295101_0,65,65,60,12.242266369412988,5,159.4927520024356,1,2,5,2
727619613_727619596_0,60,55,50,21.008220204001997,5,199.7975536000626,1,2,1,1
2505262744_2505262735_0,60,60,55,53.62366026960323,5,113.71251037877964,1,4,1,1
959498879_959498749_0,60,60,55,24.892065891388977,5,169.14798072157407,1,2,1,1
30960868_30556736_0,60,60,55,28.796484430471587,5,279.4912975187122,1,2,1,2
597933742_597933815_0,55,55,50,266.89399200726274,6,136.1939206724598,7,5,5,1
432509965_1794642773_0,65,60,55,20.70960210554213,4,331.50136305882074,3,5,11,1
1233754563_977657490_0,55,55,50,57.2281429485723,5,141.30761382491778,1,3,3,1
30554977_126699971_0,70,65,60,19.47539048841005,4,287.6823184351172,1,2,22,1
412436531_3976600094_0,50,50,45,24.034520518356132,5,195.31415600278257,12,3,6,4
30686214_1982155704_0,65,65,55,58.6540165639576,5,222.47414196371244,5,2,3,1
4212111672_4212111673_0,55,55,55,6.744286891569617,6,353.1209280855908,1,2,31,1
4212111673_4212111672_0,55,55,55,6.744286891569617,6,353.1209280855908,1,2,31,1
30553752_126734703_0,60,60,55,4.975166984902828,5,428.7734276390036,1,3,9,3
578369832_30251181_0,70,65,60,55.74012754071735,3,0.0,3,4,9,1
365565045_30313010_0,60,60,55,122.53339059450494,5,9.32275215807368,4,2,6,1
620148176_618431743_0,60,60,55,38.038177641895096,5,136.13462928147553,4,4,1,1
359238327_359238605_0,55,55,50,93.07444923692933,5,45.99193256757163,1,2,1,1
364680272_364670546_0,70,70,60,103.6811535581445,4,139.11992172543935,8,4,1,1
627782752_627782750_0,60,60,55,38.30105596295471,5,118.55556394435834,3,2,1,1
1312339729_1017920153_0,60,60,55,5.554942886346854,5,49.59240289755785,1,2,1,1
30556631_30254381_0,60,60,55,23.159610597954664,5,330.37880169969765,1,2,20,2
1374636407_12880645535_0,70,65,60,27.288451351384857,4,131.18920645032955,4,2,15,1
668541555_11881496140_0,60,60,55,38.576101769170265,5,346.34402362174217,4,4,1,1
598223938_1298628783_0,60,60,55,84.56818425658503,6,320.93971283355233,1,2,3,1
30556754_30554613_0,70,70,65,45.79039459364021,3,0.0,5,3,27,2
561521686_30297327_0,65,60,55,47.30395899291898,4,0.0,9,5,1,1
30297327_30297293_0,65,60,55,72.47978656378363,4,47.303287720523365,6,2,1,1
597263758_416885095_0,55,55,50,56.297579941968586,5,128.2169214302031,4,2,6,1
416885095_597263758_0,55,55,50,56.29757994196858,5,128.2169214302031,4,2,6,1
30556737_30556738_0,70,65,60,44.779626256915854,5,350.952141441879,2,2,5,2
30617580_688393862_0,65,65,60,39.41616925482453,4,127.19230596378384,1,3,4,1
8530386527_358505162_0,70,65,60,15.141823363424932,4,11.86221409823906,6,7,1,1
443051907_1774503378_0,45,45,40,37.297105033452965,5,445.6341529597401,1,2,1,1
1774503378_443051907_0,45,45,40,37.297105033452965,5,445.6341529597401,1,2,1,1
412453392_11305973952_0,60,60,55,67.35280737650683,4,5.4914190197075,4,5,1,1
430765521_430765521_0,55,55,50,52.2511132795122,5,206.05193966589695,1,3,1,1
998761492_560559159_0,70,70,65,252.68618493314747,4,1.341455197199901,10,5,1,1
13781851607_6225821935_0,65,65,60,11.795168395764955,3,0.0,1,2,6,1
7234883287_6100210214_0,50,50,45,180.74261151670743,5,488.93405116527305,1,2,1,1
2087205004_2087205005_0,70,65,60,91.89150424364604,4,0.0,5,4,1,1
651878676_535233407_0,70,65,60,70.07522443800289,4,141.3516436823262,5,5,7,2
535233407_651878676_0,70,65,60,70.07522443800289,4,141.3516436823262,5,5,7,2
1312339728_449383072_0,65,65,60,15.316526427807752,3,0.0,5,9,4,1
12643425260_1312339728_0,65,65,60,17.77458612191769,2,0.0,5,8,4,1
1889742612_1889743252_0,55,50,45,49.35098781638891,5,66.22638386589504,1,2,2,1
2869959998_2869959999_0,65,65,60,37.98117144748451,5,0.0,5,4,1,1
5951673146_412549129_0,70,70,65,76.52004631800554,4,39.71018453614163,3,4,4,1
1258203865_30314626_0,65,60,55,108.56225070401852,5,163.44432371936762,1,2,5,3
30553753_126502156_0,60,55,50,69.6845283713417,5,463.21377185925706,1,4,17,3
420553150_1771985487_0,55,55,50,21.217450089054587,5,0.0,1,2,1,1
1774503368_1774503381_0,45,45,40,84.31495501869226,5,465.7483718737014,1,3,1,1
5163670090_5163670097_0,70,65,60,157.79414393958757,4,71.71385784401173,29,8,4,5
30960851_30617384_0,55,55,50,93.26348192766972,6,286.60042090639325,1,2,12,4
30243325_442540251_0,70,70,65,82.5980595803574,4,131.06065992229247,1,7,7,1
6227506599_4307026178_0,60,55,50,106.75289484117344,3,0.0,8,3,2,1
430764639_430764785_0,65,60,55,28.42577758484133,5,20.2921577107466,5,10,3,1
3369034784_689442437_0,55,50,45,25.87567345323848,5,0.0,3,2,1,1
689442437_3369034784_0,55,50,45,25.875673453238477,5,0.0,3,2,1,1
30312937_30312954_0,55,55,50,130.28888552191248,4,122.61138904618544,8,4,1,1
790024593_948980802_0,55,55,50,124.40552239110976,5,173.9359705604307,1,2,1,1
849592994_30688839_0,65,65,60,132.70467267721557,5,0.0,6,6,2,1
1857472213_8086245577_0,50,50,40,2.836280161156964,6,165.13694750339695,1,2,1,2
8086245577_1857472213_0,50,50,40,2.836280161156964,6,165.13694750339695,1,2,1,2
1116623856_126763523_0,70,70,65,72.84114939655751,2,0.0,4,4,1,1
412444593_30295264_0,65,65,60,130.15301764093437,5,35.22027896892158,5,5,1,1
252826185_30238006_0,65,65,60,129.29736240201092,4,0.0,4,5,11,1
8172065145_462635526_0,55,55,50,9.353505853320442,5,134.05111732602663,1,2,1,1
462635526_8172065145_0,55,55,50,9.353505853320442,5,134.05111732602663,1,2,1,1
30243877_30246864_0,65,65,60,127.8574888949266,3,0.0,7,6,10,1
30689101_30295400_0,50,50,45,75.24115528812966,5,310.28653318214657,1,2,1,1
4260777637_30343487_0,70,70,65,7.026865022881196,3,0.0,1,2,1,1
365549375_559026424_0,65,65,60,131.6153506818318,5,0.0,9,5,22,1
534332086_959498845_0,70,70,65,279.98601047879873,4,13.24131004939327,1,4,1,1
1313997605_598219933_0,55,50,45,170.24080961255376,5,319.32082108233016,1,2,1,1
1748098698_769906812_0,55,55,50,50.56149579676321,5,248.37353749672803,1,3,1,1
12643425260_449383072_0,65,65,60,16.80827840233575,5,0.0,5,9,4,1
556364163_30294669_0,60,60,55,14.654437273354096,5,86.76188688655692,1,2,1,1
6816047936_13114926555_0,65,65,60,9.660559835099486,4,750.0,1,4,1,1
412436543_5333499784_0,55,55,50,474.0468146120649,5,184.5844606495309,7,2,1,1
7159009692_420058215_0,55,55,50,7.550848232043987,5,489.785374675213,1,3,1,1
540312571_938093313_0,65,65,60,7.972872786373538,4,12.06037822850944,10,4,3,1
600112315_4590628719_0,70,70,65,15.234351354992356,4,18.133205575546317,5,2,1,1
3402623393_409505487_0,65,60,55,60.86971736141877,5,226.56995478845,1,3,3,2
506223393_616512964_0,60,60,55,18.66830842859728,5,75.1649042478835,1,2,1,2
616512964_506223393_0,60,60,55,18.66830842859728,5,75.1649042478835,1,2,1,2
5402582936_5402582929_0,55,50,45,45.18085883728513,6,57.63705220248785,1,8,9,1
5402582929_5402582936_0,55,50,45,45.18085883728513,6,57.63705220248785,1,8,9,1
21638874_2952200687_0,60,60,55,76.27254432822954,4,100.09887815196588,6,4,22,1
30243890_30246773_0,65,65,60,129.7658639825974,4,267.6154496733268,4,3,10,1
8293362944_30617632_0,65,65,60,2.820903932725174,5,562.5899099879623,1,3,5,1
30294526_30294530_0,70,70,65,38.23993437012942,4,317.1842291263467,1,7,7,2
30294530_30294526_0,70,70,65,38.23993437012942,4,317.1842291263467,1,7,7,2
448786027_50099103_0,65,65,60,71.46120577221541,4,0.0,5,7,9,2
4385479227_2473393976_0,65,60,55,127.1423769199042,5,253.1931239680776,1,2,24,1
243338885_6126749210_0,60,55,55,122.77959570516931,5,11.43830643957036,5,2,2,1
6126749210_243338885_0,60,55,55,122.77959570516931,5,11.43830643957036,5,2,2,1
243343118_243343111_0,65,65,60,117.82662616433794,4,132.8189279397187,4,3,3,1
415933918_3402623393_0,65,60,55,40.05840853572008,5,223.03756009879984,2,2,4,1
2935116246_30333441_0,70,65,60,53.41425033655996,6,375.6307603126239,1,4,30,4
7393702845_4345460188_0,55,55,50,217.1735757310496,5,108.48459499647286,1,10,2,1
30295131_30295132_0,65,60,55,87.35076969514733,5,5.050682386380688,2,3,1,2
30254348_442540256_0,70,70,65,146.2705254911263,4,0.0,15,4,19,4
412444593_412444488_0,65,65,60,36.72789379217743,5,0.0,4,3,1,1
535228373_535228357_0,60,55,50,127.07744069661425,5,172.02978134845264,1,2,1,1
30332656_30555979_0,60,60,55,64.20708854884957,6,67.36821735280392,1,2,3,1
293527302_4485344000_0,65,60,55,203.58663729433505,4,0.0,9,3,5,1
30237614_30237696_0,65,65,60,129.47562451066915,3,0.0,5,3,20,1
1736660285_1736660279_0,50,50,45,24.916733831971605,5,125.4450182533169,1,2,1,1
420553141_9280759821_0,50,45,40,83.47265013932257,5,165.09209224625894,1,2,1,1
9280759821_420553141_0,50,45,40,83.47265013932257,5,165.09209224625894,1,2,1,1
269375412_6099715644_0,65,60,55,172.7600807896364,4,64.7839838964944,5,4,10,1
4708182435_5935527978_0,55,55,50,9.304744351646155,5,153.31023293552428,1,2,1,1
600061446_1148143947_0,55,55,50,314.2371571940648,5,0.0,5,3,2,2
1148143947_600061446_0,55,55,50,314.2371571940648,5,0.0,5,3,2,2
879356706_2292981003_0,65,65,60,134.1018347570523,5,0.0,2,3,14,1
629306521_1329812662_0,65,65,60,8.591726175253408,2,0.0,5,3,1,1
338935531_572086736_0,60,60,55,9.020359453080548,3,0.0,5,5,1,1
2844600654_4251653386_0,50,50,45,23.173723643180278,5,462.4008600358795,2,3,1,1
4251653386_2844600654_0,50,50,45,23.173723643180278,5,462.4008600358795,2,3,1,1
2844600654_834395637_0,50,50,45,48.33151245697877,5,481.7480924916832,1,3,1,1
834395637_2844600654_0,50,50,45,48.33151245697877,5,481.7480924916832,1,3,1,1
2473393894_2473393899_0,50,45,40,32.62830532246419,5,73.48060564350588,6,2,25,1
30264242_30298941_0,65,60,55,96.06032675034596,5,137.27203325596847,1,2,3,1
6100210188_6100210204_0,60,55,50,40.37716235877282,5,631.4866750423068,1,2,1,1
506223397_1001228501_0,65,65,60,44.20509925587445,3,0.0,8,3,1,3
559794886_30242809_0,65,65,60,127.6616229321385,4,18.199403023894188,5,5,7,1
13199678806_13199461400_0,60,60,60,15.647732797464132,6,389.2934754620248,5,2,29,1
126547387_126657992_0,65,65,55,85.45499666225808,5,121.43031687373822,5,2,9,3
557187296_8174151452_0,60,60,55,135.17020697264562,5,0.0,5,2,5,2
412451017_1075648459_0,60,60,55,28.78245993128476,5,610.1156184121224,2,3,1,2
194551073_3497472682_0,60,60,55,8.28359434371784,6,514.5584755147379,1,6,27,1
3497472682_194551073_0,60,60,55,8.28359434371784,6,514.5584755147379,1,6,27,1
829252506_829252500_0,60,55,50,60.392679257761,4,10.280754129560076,1,5,7,1
4684141170_4688436066_0,55,55,50,28.167683151808568,4,454.7427431948921,1,2,1,1
537823321_426881065_0,60,60,55,4.6954184650995625,4,5.38561475615201,5,2,1,1
30295038_30960764_0,65,65,55,95.78481224058224,5,187.2726576727677,1,2,1,1
10649558039_10649558037_0,65,65,60,20.89545827932785,5,13.780064871959066,2,2,4,1
8140250869_4431636973_0,60,60,55,11.130609813768896,3,0.0,6,2,1,1
765910378_293407667_0,60,60,50,265.07841957479656,6,98.08465829559692,5,8,5,1
430757826_423831236_0,50,50,45,55.89237361407171,5,350.565549532064,1,4,1,1
423831236_430757826_0,50,50,45,55.89237361407171,5,350.565549532064,1,4,1,1
30264260_3230125668_0,65,60,55,48.31176962981544,5,248.57677742081964,3,3,5,2
8132079781_347344133_0,55,50,45,41.13221967101588,3,0.0,3,2,1,1
1365781180_1365781131_0,55,50,45,12.065024288474875,5,133.82570741867136,1,2,1,1
1365781131_4416582826_0,55,50,45,132.8291410557132,6,23.23449121546432,3,3,1,1
1305741256_559418993_0,65,65,60,26.96962690773063,3,0.0,7,4,1,1
559418993_616512963_0,65,65,60,44.51331761153273,5,0.0,7,4,2,1
2650585636_770847818_0,45,45,40,23.009198749664712,6,484.4808155541165,1,2,1,1
770847818_2650585636_0,50,50,45,23.009198749664712,6,484.4808155541165,1,2,1,1
574969022_669900452_0,70,65,60,1596.217556946651,1,0.0,5,8,1,1
8119594930_637464857_0,45,45,40,13.121893494397105,5,189.3520324626128,1,2,1,1
30294315_30294313_0,55,55,50,57.85042453804998,5,445.5305940136711,1,2,7,1
30914307_30294315_0,55,55,50,172.24172012932056,5,312.6401204799268,1,2,6,1
1933578158_1933578154_0,55,55,50,41.97127913083476,6,212.7047048061561,1,2,2,1
1933578155_1933578154_0,55,55,50,43.54792567994456,5,212.7047048061561,1,2,2,1
1933578154_1933578158_0,55,55,50,41.97127913083476,6,212.7047048061561,1,2,2,1
376805027_364670900_0,50,50,45,68.02529205098246,4,142.1926011368545,1,5,1,1
30343619_30343526_0,55,50,45,15.001581131449884,6,366.21082779990377,1,2,6,2
415719087_1126998923_0,55,55,50,38.72164728935364,3,0.0,5,2,3,1
8119755196_378208896_0,60,55,50,264.6574079847659,4,314.99999747646245,8,6,1,1
1771982095_568847323_0,70,70,65,11.3796281516827,3,0.0,5,5,1,1
568847323_1771982095_0,70,70,65,11.3796281516827,3,0.0,5,5,1,1
3951678282_5952574456_0,40,40,0,11.944900791292902,5,68.31581217110293,1,2,1,1
5952574456_3951678282_0,40,40,0,11.944900791292902,5,68.31581217110293,1,2,1,1
1695282709_495105018_0,60,60,55,54.73214589535196,4,447.1868347827101,4,8,1,3
495105018_1695282709_0,60,60,55,54.73214589535197,4,447.1868347827101,4,8,1,3
4338253064_1938243778_0,55,50,45,41.17142298194728,5,133.6810914467042,1,2,1,1
319630543_1017920073_0,60,60,55,67.0797551383229,2,0.0,7,6,8,1
2191189340_2191189341_0,40,0,0,24.827361837612617,5,595.8418769466128,1,2,1,1
1457780109_678297076_0,65,65,60,29.94432332735756,3,0.0,6,5,10,1
30253211_30253210_0,60,60,55,174.9222373968473,5,237.717839332998,4,3,1,1
1420002196_618356556_0,50,50,45,67.40584184988155,5,500.9709390947684,2,2,2,1
1934457500_30312840_0,60,60,55,80.42869884088256,5,136.69621348554645,2,4,2,1
6376850715_13845167536_0,60,60,55,5.505355395237356,5,423.8797805367421,1,5,1,1
559414533_814239847_0,60,60,55,27.983164975607966,5,136.43123196713117,6,6,1,1
1479334771_1479334855_0,70,65,60,25.979251904213907,4,133.35168314972586,3,4,7,1
1116623921_2087205003_0,70,70,65,71.53367928213754,4,0.0,5,7,1,1
168515978_1751118891_0,60,60,55,36.233369750946416,4,750.0,1,4,1,1
1751118891_168515978_0,60,60,55,36.233369750946416,4,750.0,1,4,1,1
30242958_30556414_0,65,65,60,150.73590452690846,3,0.0,6,3,13,1
1382873516_2917908492_0,70,65,60,80.01142138975935,3,0.0,5,3,6,4
3762047842_125932467_0,70,70,65,72.74303729147779,3,0.0,7,5,6,1
1043849998_1043850002_0,60,60,55,8.783648105966304,5,126.78566067575169,1,2,1,1
481122563_8530300628_0,60,60,55,56.41120780328214,3,0.0,7,2,2,1
12950167734_30333329_0,70,65,60,98.96015680005964,3,0.0,5,6,15,1
168497415_1912198609_0,60,60,55,39.65006021610081,4,750.0,1,2,1,1
1086926864_30689276_0,60,55,50,70.42426542649446,5,531.3543614073012,1,4,1,1
30248580_430535694_0,65,65,60,21.665455633345523,4,13.537445230218294,8,5,7,1
2815411492_2815411493_0,45,40,0,24.62497166005367,5,458.1073496130314,1,2,1,1
1303465757_30333329_0,70,65,60,68.93563526988528,4,0.0,2,4,15,1
30558444_30558445_0,60,55,50,39.39497947076645,6,50.86576643612232,1,3,7,1
30242763_30243166_0,65,60,55,129.5609600755132,5,189.50849758512305,5,4,15,1
420892540_448700503_0,70,65,60,49.50511893299403,5,0.0,5,2,2,1
4309638843_974261559_0,55,55,50,61.91367951822043,5,210.59663468553663,1,3,1,1
1381889435_2956932678_0,60,55,50,64.08611713972542,5,585.419071591712,1,6,1,1
2815411494_2815411492_0,50,50,45,24.930610977752654,5,436.53504939463375,1,2,1,1
425611912_1425252289_0,55,55,50,30.970399805118845,5,415.4227683728881,1,2,1,1
11725085705_2293731652_0,65,65,60,49.02092985268701,2,0.0,2,4,4,1
7580972991_6842012554_0,55,55,50,62.24170562426356,5,0.0,2,2,17,5
2111498670_2111498693_0,55,55,50,48.17603365311249,6,685.3463729488642,1,3,1,1
301572961_30243368_0,60,60,55,84.6184724973476,3,0.0,3,2,11,1
30246772_30246752_0,65,65,55,131.1893157704229,5,18.06244537074168,7,5,10,2
30246781_10177367824_0,65,65,60,119.06465680914374,5,146.36911888763123,7,2,6,1
1599256242_1297790802_0,55,55,50,56.41725111360247,4,234.36500834270765,1,5,2,1
402883120_412446059_0,65,65,60,36.43774098148751,5,5.688131538480599,1,2,1,1
629306981_629306908_0,60,55,50,89.75383705147055,5,174.56168709237434,1,2,1,1
1349534848_1349534577_0,45,45,40,50.68564087988764,5,198.74653505094165,1,2,1,1
1349534577_1349534848_0,45,45,40,50.68564087988764,5,198.74653505094165,1,2,1,1
363881331_2914607831_0,60,55,50,42.0374793536482,4,186.315232682248,2,3,4,1
2914607831_363881331_0,60,55,50,42.0374793536482,4,186.315232682248,2,3,4,1
1736660271_1736660251_0,55,50,45,55.28188367153095,5,84.75771698620451,1,2,1,1
1840721011_1379008700_0,65,60,55,68.94379225446563,5,13.237469544406276,1,4,1,1
381015582_567477671_0,70,65,60,194.56247730731167,4,5.32639672234049,1,3,1,1
415402221_1126998911_0,60,60,55,117.44484673275215,3,0.0,5,3,4,1
790034791_2707029426_0,55,55,50,3.469624944473409,5,322.28617345083507,1,2,1,1
2707029426_790034791_0,55,55,50,3.469624944473409,5,322.28617345083507,1,2,1,1
629306823_1261306780_0,65,65,60,80.78396908255274,4,0.0,10,6,1,1
432510237_1794642773_0,65,60,55,58.981587109392265,5,351.797197219791,3,5,11,1
11305988004_3857584858_0,60,60,55,131.43264866087551,5,0.0,9,6,10,1
30248345_4554626933_0,60,60,60,6.394053900111269,4,221.1907377498565,1,4,6,7
30254048_1695062667_0,70,65,60,29.836241659990076,3,0.0,2,2,3,1
420058215_9251526562_0,55,55,50,9.971379932579396,5,484.52897135830057,1,3,1,1
478855101_30296034_0,60,60,55,42.21557744654832,5,56.648556725228005,1,2,1,1
308729529_846875657_0,65,65,60,38.980829191573335,3,0.0,2,2,5,1
323191074_3987488883_0,60,60,55,81.95034750134235,5,0.0,2,6,1,1
1374800951_4174394695_0,45,45,40,5.440262671359438,6,212.43803672659445,1,3,1,1
30237628_1624948207_0,60,60,55,75.31921757983118,5,73.45762172433462,1,4,5,2
627782668_1365781111_0,60,60,55,34.01744934754095,4,524.1673791545473,3,2,1,1
2576838591_2576838582_0,50,50,45,7.437686074917789,5,109.38985606609258,1,2,1,1
1303457386_30243159_0,70,70,65,61.50202767351114,3,0.0,2,2,10,1
1479334855_1479334690_0,65,60,55,111.84956312608136,6,104.2516023384463,3,4,9,1
1311619392_1311619407_0,70,65,60,144.89918180271422,4,0.0,14,4,17,3
269379909_269379910_0,65,65,60,78.16120245144666,2,0.0,4,2,3,1
8132079781_8132079782_0,55,55,50,64.87215729988354,5,0.0,4,2,1,1
8132079779_8132079781_0,55,55,50,44.45306408209544,3,0.0,3,2,1,1
8623322076_8623322079_0,55,55,50,38.94450527311797,6,68.46389666425935,1,3,1,1
1233754585_30294666_0,60,60,55,74.14115791582886,5,203.98837772293248,1,2,1,2
415955415_30554844_0,65,65,60,65.63669580695216,6,0.0,3,2,6,1
30295334_387130531_0,55,50,45,46.80419587718816,5,244.26354621848077,1,2,1,1
1817382293_1817382347_0,65,65,60,161.98043600783166,5,0.0,1,3,2,1
1817382347_1817382293_0,65,65,60,161.98043600783166,5,0.0,1,3,2,1
13859746858_13859746865_0,55,55,50,3.8578318261864646,5,220.9068030180079,1,2,2,1
994062452_1908547749_0,55,50,45,16.42340110395108,5,174.74570915243444,1,2,1,1
1736660242_1736660285_0,50,50,45,54.57678899887157,5,138.17219612141224,1,3,1,1
30243958_3439181959_0,65,60,55,33.78856311099796,6,271.46772866510497,1,2,32,1
478875996_30617900_0,60,60,55,100.38658845089512,5,276.2372640527572,1,2,1,1
30243888_30243889_0,60,55,50,131.83051142235706,4,132.52301813232037,5,6,8,1
2327729219_3214268717_0,65,65,60,72.79739603553992,3,0.0,4,6,12,1
30242973_30312828_0,65,65,60,123.23048712327972,5,265.09542783226345,7,5,10,1
544223009_5726734751_0,60,60,55,104.74718602463984,6,132.96640089581356,3,2,3,1
765910378_559420249_0,65,65,60,28.895871287943628,4,361.7723610822141,6,4,5,1
430765134_430764775_0,60,60,55,89.06407336120978,5,119.82549886775296,3,6,6,1
430764775_430765134_0,60,60,55,89.06407336120978,5,119.82549886775296,3,6,6,1
30295264_412444617_0,65,65,60,36.70199048295319,5,0.0,5,5,1,1
3053899384_3053899379_0,60,60,55,19.56104820528984,5,53.56810460092282,1,3,2,1
3053899379_3053899384_0,60,60,55,19.56104820528984,5,53.56810460092282,1,3,2,1
12961323926_323167456_0,65,65,60,169.9362012513163,4,35.57839211482451,5,2,1,1
600466281_600466257_0,50,50,45,78.53857416775462,5,87.07389779928384,1,4,1,1
3047640930_442540239_0,70,65,60,75.14303140330443,3,0.0,5,4,10,1
5164902089_5169529371_0,65,65,60,59.5610561258711,2,0.0,7,3,8,1
5169529371_5164902089_0,65,65,60,59.561056125871104,2,0.0,7,3,8,1
600061492_598222957_0,65,60,55,222.04667478165877,4,49.92113208132725,7,2,1,1
30294338_533961430_0,55,50,45,35.21611532546772,6,243.9503269874247,1,2,6,1
1314467682_330412974_0,65,65,60,10.133394864937118,4,0.0,10,4,1,1
26057304_8201874133_0,70,65,60,104.05841833809453,3,0.0,4,10,40,1
1357512253_30238023_0,65,65,60,135.13995366459284,4,130.63901055906925,2,7,17,2
559787236_30243264_0,65,65,60,19.69966411759018,5,0.0,5,5,6,1
2650585636_2650585634_0,50,45,40,22.895609120408007,6,465.0397047330381,1,2,1,1
2650585634_2650585636_0,50,45,40,22.895609120408007,6,465.0397047330381,1,2,1,1
2983345317_364916639_0,65,65,60,65.72968986503824,5,38.079012522502666,6,7,1,1
194589435_71643550_0,70,65,60,139.54048344702335,3,0.0,2,10,45,2
9782230123_9782230121_0,70,70,65,146.41389458985697,4,0.0,15,4,19,4
1297809323_1297809315_0,50,50,45,9.005126939225839,5,103.38516731061522,5,3,1,1
1840720995_364811900_0,65,65,60,8.76530612893895,3,0.0,2,7,9,1
376744232_634519965_0,65,65,60,285.6435122268901,4,19.069704553028924,1,4,1,1
2681810541_2681810540_0,50,45,40,63.35392445625584,5,189.54735306230165,1,2,1,1
2681810541_2681810911_0,50,45,40,21.330242740506293,5,243.45512876492725,1,2,1,1
2681810540_2681810541_0,50,45,40,63.35392445625584,5,189.54735306230165,1,2,1,1
1377806827_1377806846_0,70,65,60,28.238329292739763,4,0.0,4,4,1,1
243345653_4139413948_0,60,60,55,14.882562530682328,4,237.33518279853007,2,4,12,1
1381852565_1381852561_0,65,60,55,21.433340411935312,2,0.0,7,3,1,1
10259685684_10169372144_0,55,55,50,62.04563841384791,6,79.0661270319697,1,2,2,1
10169372144_10259685684_0,55,55,50,62.04563841384791,6,79.0661270319697,1,2,2,1
1312053359_30295392_0,55,55,50,49.33112188760968,5,56.52937147916332,1,5,9,1
1551112026_1551112035_0,70,70,60,99.9256220096862,4,213.91711735767063,1,3,3,1
1382873680_30237628_0,65,60,55,138.2155509106287,5,0.0,3,6,13,2
387127612_863733600_0,70,65,60,5.427028936917031,5,0.0,1,3,1,1
5260740738_442540298_0,70,70,65,16.704858898373953,3,0.0,5,5,5,2
10045031263_4454226365_0,65,65,60,17.484822665898264,5,272.3546301935226,6,2,1,1
1362899977_1400465774_0,70,65,60,13.123944657183593,3,0.0,6,15,5,1
316877771_2749832743_0,65,60,60,47.67207331690948,4,43.42513755005913,9,2,1,1
2749832743_316877771_0,65,60,60,47.67207331690948,4,43.42513755005913,9,2,1,1
1311770050_30243053_0,65,60,55,101.47931512874676,4,34.18219325185646,9,15,12,1
30243053_1311770050_0,65,60,55,101.47931512874676,4,34.18219325185646,9,15,12,1
10893712431_30243056_0,65,65,60,116.43299936852137,5,132.86190776091212,4,2,20,2
387130660_387130659_0,0,0,0,89.51532960990603,6,83.31869631233842,1,3,1,1
387130659_387130660_0,0,0,0,89.51532960990603,6,83.31869631233842,1,3,1,1
1938230338_1938218690_0,50,50,45,75.01352204431127,5,237.27660870678025,1,2,1,1
387127681_3772706298_0,70,70,65,24.92428610687124,4,293.96825108391124,3,7,2,1
1046607401_951016291_0,60,55,55,66.91084891720571,5,544.985584597919,1,2,3,1
8119424292_1377933400_0,65,65,60,75.83278463933074,4,91.07132511455326,2,5,1,1
1377933400_8119424292_0,65,65,60,75.83278463933074,4,91.07132511455326,2,5,1,1
3976600097_8473849036_0,55,55,50,2.916319511662149,6,268.9241078946175,8,3,9,1
1298628785_598224012_0,60,60,55,36.50270134415237,4,221.47179358847217,3,8,11,1
627782732_627782733_0,65,60,55,62.82791574834824,4,54.83495011286322,5,4,1,1
627782733_627782732_0,65,60,55,62.82791574834824,4,54.83495011286322,5,4,1,1
363877276_10189181762_0,65,65,60,223.54264252588695,5,21.57651434694141,3,5,1,2
3275080341_1016384550_0,55,50,45,42.436502373280334,5,227.06301950587292,1,2,1,2
30315480_7243531434_0,55,55,50,106.75743428975066,4,606.0908937350843,1,3,1,1
7243531434_30315480_0,55,55,50,106.75743428975066,4,606.0908937350843,1,3,1,1
4111795672_3577569658_0,50,45,40,24.373418859007607,5,164.88913552741505,1,2,1,1
4111795669_4111795672_0,50,45,40,23.87292248163935,5,146.22957501979323,1,2,1,1
293527271_3664065160_0,60,55,50,437.1107800050475,3,0.0,4,4,1,1
3664065160_293527271_0,60,55,50,437.1107800050475,3,0.0,4,4,1,1
4253067745_4253067746_0,60,60,55,54.83522760202298,6,39.55907308489389,3,5,1,1
2706292286_4253067745_0,60,60,55,40.494689069734726,5,39.55907308489389,3,5,1,1
4253067746_4253067745_0,60,60,55,54.83522760202298,6,39.55907308489389,3,5,1,1
12884439770_1377225849_0,70,65,60,26.25205157482114,3,0.0,16,7,5,1
430757951_430757838_0,45,40,40,51.4000113103233,5,283.96494920248136,1,4,1,1
430757838_430757951_0,45,40,40,51.4000113103233,5,283.96494920248136,1,4,1,1
30295416_448786036_0,60,60,50,53.38599237627091,6,100.67580048177028,2,2,11,1
5331033629_5331033627_0,60,55,50,62.8528382233068,5,69.08310114919662,2,3,2,1
5331033627_543552988_0,60,55,50,69.09891653013983,5,0.0,5,4,4,1
543552988_5331033627_0,60,55,50,69.09891653013983,5,0.0,5,4,4,1
5881397049_1695282633_0,65,60,55,74.59730611849321,5,396.32824281117104,4,7,1,2
1695282633_5881397049_0,65,60,55,74.59730611849321,5,396.32824281117104,4,7,1,2
3306168427_11881496140_0,60,60,55,33.1388804084175,5,334.71428089587505,3,3,1,1
3306168425_3306168427_0,60,60,55,69.14623378735097,5,307.89749379561067,1,3,1,1
359979755_506131402_0,60,60,55,282.2751071820986,5,91.34772845482986,6,8,8,1
3047640927_3047640925_0,70,70,65,10.269669866607405,6,60.55620818373528,1,2,20,1
4112911211_1710746464_0,65,60,55,300.75487153692586,3,0.0,11,4,1,1
30251870_4111795685_0,55,50,45,267.5744529489804,5,173.17992232497312,1,2,1,1
4111795685_30251870_0,55,50,45,267.5744529489804,5,173.17992232497312,1,2,1,1
30237520_511123419_0,60,60,55,59.78456527763501,5,142.62996754749193,1,4,5,1
4470467235_4470467238_0,65,60,55,27.150861973362563,5,16.496336593937315,1,2,1,1
30253725_30253977_0,70,65,60,138.54270593489483,3,0.0,3,5,10,1
1311619365_1311619514_0,70,70,65,88.31776600530522,3,0.0,12,10,15,1
1311619514_1311619365_0,70,70,65,88.31776600530522,3,0.0,12,10,15,1
1770760054_1708943537_0,50,50,45,1112.6963750121902,5,0.0,12,3,1,1
448703647_7526485262_0,70,65,60,13.68583482714275,3,0.0,4,2,7,1
541644011_541644008_0,60,60,55,82.04530810087698,5,30.796124603720656,5,3,1,1
541644008_541644011_0,60,60,55,82.04530810087698,5,30.796124603720656,5,3,1,1
7040379984_2494513766_0,50,50,40,86.09927129056639,6,351.7920591301775,4,2,6,1
2494513766_7040379984_0,50,50,40,86.0992712905664,6,351.7920591301775,4,2,6,1
3053899379_3053899381_0,65,65,60,24.66725265052376,5,53.45139126167464,1,3,1,1
30253977_3601250399_0,65,65,60,62.396373684419366,3,0.0,2,4,17,1
412454889_412454890_0,55,55,50,18.568197399112293,5,87.63860501522949,1,3,1,1
412454890_412454889_0,55,55,50,18.568197399112293,5,87.63860501522949,1,3,1,1
2891400538_2888259002_0,75,70,65,12.424218115896531,4,0.0,8,5,4,1
30685341_30237630_0,65,65,60,99.26173256766344,5,0.0,10,4,17,2
3945299721_3945299711_0,65,65,60,142.2991219802115,5,298.82333488585607,3,2,3,1
2020374107_2020374114_0,55,55,50,46.7311571087889,6,209.5205400577233,1,2,1,2
2869959990_2869959988_0,65,65,60,32.84049974353131,5,41.6226298708119,1,4,1,1
568495538_3881127454_0,50,50,45,36.763090746686814,5,135.13410935506707,1,2,1,1
2482663903_2983305741_0,65,60,55,7.723737841604486,4,15.72411033956002,4,7,1,1
1001107275_1001107281_0,60,55,50,62.235128385557495,5,237.76795894230057,1,3,5,1
1225083291_408908795_0,70,65,60,55.62785959325792,2,0.0,4,4,2,1
30312839_1940905182_0,65,65,60,54.84678764304685,4,127.65288366743266,3,3,2,1
30294335_30558555_0,50,50,45,34.54702386317783,4,11.353156934242527,1,3,5,1
1736660279_689444890_0,55,50,50,54.71722803023671,5,112.81222756417274,1,2,1,2
1377225877_30333344_0,55,50,45,85.29476436535671,6,138.784439484365,1,4,19,1
4192143115_544223032_0,55,55,50,67.09955718428955,4,332.3716734704908,2,3,1,1
1375265179_269375412_0,55,55,50,79.49368421559552,5,121.67738810522216,2,2,8,1
269375412_1375265179_0,55,55,50,79.49368421559554,5,121.67738810522216,2,2,8,1
8195951201_31286310_0,65,65,60,55.58928978095488,5,18.678330841821257,4,8,3,4
364827699_1376141830_0,60,60,55,45.35584019611699,5,152.42207257672675,1,4,5,1
30247166_30247167_0,65,65,60,133.66271275879947,5,131.12857228486675,2,2,22,1
1400723069_1400723068_0,65,65,60,1.548943220150809,6,328.5576018748353,2,2,15,1
242284801_21638891_1,65,65,60,166.24872053242674,4,149.78497559368716,9,5,38,1
465497902_4653143521_0,0,0,0,294.56791975885744,5,474.17050189310567,1,2,1,1
619422387_597933814_0,55,55,50,131.96144357253627,5,71.27846864264717,2,2,1,1
30237700_30237701_0,75,70,65,130.78847895021863,3,0.0,4,5,21,1
359234345_359234346_0,60,60,55,42.4394682939333,4,617.7702901317782,4,2,2,1
359234346_359234345_0,60,60,55,42.4394682939333,4,617.7702901317782,4,2,2,1
30558253_30558252_0,70,70,65,49.11456687810813,5,14.693235396072543,3,3,2,1
387127746_1695282555_0,65,60,55,96.87831026441786,4,408.28807977237255,6,3,5,1
1695282555_387127746_0,65,60,55,96.87831026441788,4,408.28807977237255,6,3,5,1
1940905182_30312840_0,65,65,60,75.47118285882432,4,137.00215540011493,2,4,1,1
366213478_5100987047_0,40,40,0,229.80332455476344,6,194.10617527004695,1,7,1,1
1400723068_13134439132_0,65,65,60,86.88114296075825,6,241.93383741355123,2,2,22,1
2650778329_2650778327_0,70,70,65,19.919188716484356,4,9.216488063601751,5,6,1,1
2650778327_2650778329_0,70,70,65,19.919188716484356,4,9.216488063601751,5,6,1,1
11881540551_9436508648_0,65,60,55,410.6007279752312,5,452.0773199127002,4,2,1,1
2264591782_2264591839_0,65,65,60,128.6529566685806,6,180.47325762018284,3,4,23,4
2707139547_1116318859_0,65,65,60,67.36316273020401,2,0.0,2,5,4,1
256484325_2707139547_0,65,65,60,60.33739714319983,5,0.0,5,5,2,1
30238026_30238025_0,70,70,65,130.8310661350721,5,0.0,3,8,28,1
426673039_12923224032_0,65,65,60,32.11574588487656,3,0.0,6,6,1,1
747482566_1622039339_0,55,55,50,65.3429122490161,5,113.117861710629,1,2,2,1
30254326_30556754_0,70,70,65,29.474368920231903,3,0.0,4,3,23,2
30297382_1940905185_0,60,60,55,63.30412888974825,5,136.42443770199938,4,2,1,1
10266016765_4554626934_0,65,60,55,1.4357141187987026,4,228.9924855948396,1,4,6,7
10174522837_1044510638_0,55,55,50,1.952676685349584,6,87.53963137417446,1,2,11,3
572064577_572064583_0,50,50,45,21.001621125321456,5,170.76914879889327,1,2,1,1
572064583_572064577_0,50,50,45,21.001621125321456,5,170.76914879889327,1,2,1,1
30237483_30251200_0,70,65,60,117.22874975822528,2,0.0,5,6,10,1
364670907_12405205104_0,55,55,50,30.761407402496687,4,185.98799748378397,1,7,3,1
356295291_13752754617_0,65,60,55,9.639184383158613,4,343.0623316696965,7,4,5,1
4111220659_4111220654_0,0,0,0,27.321444379512585,5,412.9526059409183,1,2,1,1
574969114_574969091_0,60,60,55,94.32593275577456,5,0.0,4,4,1,1
877366722_364670659_0,65,60,55,107.21122238857924,3,0.0,1,4,1,1
364670659_877366722_0,65,60,55,107.21122238857924,3,0.0,1,4,1,1
30237588_30237587_0,60,60,55,131.12544100024743,5,131.03211737659544,6,2,4,3
12643851486_535233433_0,65,60,55,69.15388027948275,5,0.0,4,3,4,2
1933578159_1933578155_0,55,55,50,42.24423143437406,6,254.85296036241743,1,2,2,1
539147473_539147472_0,55,50,45,8.953188245637062,6,260.8641629651487,1,2,6,1
539147472_539147473_0,55,50,45,8.953188245637062,6,260.8641629651487,1,2,6,1
1071400892_416114584_0,60,55,50,133.41617876474473,5,0.0,1,2,1,1
416114584_1071400892_0,60,55,50,133.41617876474473,5,0.0,1,2,1,1
317926474_317926487_0,65,65,60,35.03063565252883,1,0.0,1,2,1,1
11305988004_5162734736_0,60,60,55,127.83949775027462,2,0.0,8,6,9,1
30555019_618404475_0,65,65,60,71.84543291121997,6,134.60262261247007,5,2,3,1
242284800_243345435_0,65,60,55,20.68123043714736,4,101.88552835751666,3,8,5,1
2473393884_2767286491_0,65,65,60,18.56547583166027,5,119.65655759840386,6,2,27,1
30248594_30248595_0,65,65,60,36.31237276471988,4,49.54504298239128,1,4,16,1
12405205104_9127835473_0,55,50,45,20.440334790610912,4,202.10345960661027,1,6,3,1
8132079780_8132079779_0,55,55,50,64.82060552180927,5,0.0,1,2,1,1
8132079779_8132079780_0,55,55,50,64.82060552180927,5,0.0,1,2,1,1
541644038_8132079779_0,55,55,50,46.34802533569082,3,0.0,1,2,1,1
5306386378_4397169306_0,65,60,60,9.807339501534898,4,378.4771416171397,1,3,13,1
4600193561_2983345317_0,70,65,60,30.41889502444089,5,14.320924679304746,8,5,1,1
2983345305_4600193561_0,70,65,60,32.19555467698298,4,14.320924679304746,8,5,1,1
243347086_243336862_0,60,60,55,68.3152858952114,5,295.2520086136436,5,4,12,1
364716778_364716820_0,60,60,55,111.04808399423264,5,293.6281551795682,1,3,8,3
364716820_364716778_0,60,60,55,111.04808399423264,5,293.6281551795682,1,3,8,3
30689524_30689525_0,55,55,60,62.14576017933683,5,76.92309690058075,1,5,6,2
1933546252_1933546261_0,60,60,55,121.31798532000664,5,347.8166534906728,1,2,1,1
1933546261_1933546252_0,60,60,55,121.31798532000664,5,347.8166534906728,1,2,1,1
21638845_13175411896_0,60,60,55,615.6550945267398,5,738.8278685605177,14,8,18,4
13175411896_21638845_0,60,60,55,615.6550945267401,5,738.8278685605177,14,8,18,4
442540293_6086753445_0,70,65,60,15.774214742749066,4,52.6535777618793,5,6,17,1
9429582992_574969048_0,60,60,55,240.4186819679026,5,38.64740196550512,1,3,1,1
574969048_9429582992_0,60,60,55,240.41868196790267,5,38.64740196550512,1,3,1,1
2687171811_2687171810_0,60,60,50,19.780213111923437,5,200.8239332293652,1,3,2,1
598224001_2687171810_0,60,60,50,50.47736315448844,5,163.1462975745282,2,4,2,1
2936643039_30296147_0,65,65,60,12.163685708746648,3,0.0,7,5,1,1
412464271_9420716633_0,65,65,60,29.240191969623705,3,0.0,5,4,2,1
1002675944_30558214_0,65,65,60,60.04653506591898,5,0.0,3,3,1,1
30254350_2781080542_0,70,70,65,70.61904371732211,2,0.0,7,8,12,1
269383883_3191418776_0,70,65,60,111.21400544162692,3,0.0,8,8,8,1
412449353_2458217839_0,55,55,50,2.293368186744545,5,142.20000197764855,1,2,1,1
30343573_30343534_0,55,50,45,30.00878530888054,5,331.2143797935118,1,2,26,2
364670496_414683108_0,70,70,65,28.887438060890744,5,0.0,1,5,1,1
30243879_4834212396_0,65,65,60,127.64055348780474,5,134.5147420653756,6,9,11,2
1303430180_30295408_0,60,55,50,102.3935820811328,5,89.1533582328451,1,2,6,1
30312485_30313062_0,60,60,55,164.47685050046823,5,176.74674859765412,4,4,3,1
30243322_555187275_0,70,70,65,68.17013762065008,5,63.00216059129633,1,2,29,1
535228359_7223673630_0,65,65,60,119.91505397461924,5,16.262045706470595,7,3,1,1
1526596969_288023677_0,50,50,45,92.16579764217929,5,328.82492347748365,1,2,1,1
557230563_59850116_0,60,60,55,59.85031356701698,3,0.0,4,2,16,1
126803324_30243210_0,70,70,65,125.62617296886734,2,0.0,6,4,19,1
13811285390_30243206_0,60,60,55,60.04229744558225,5,132.38641927367698,5,7,16,2
126803336_30243203_0,65,60,55,111.96397582360916,5,0.0,5,7,12,3
30243202_30243203_0,65,60,55,161.66879699268344,4,111.95292672723625,2,3,22,4
30243116_1303457386_0,70,70,65,67.44172048280126,3,0.0,3,2,9,1
30227160_30227139_0,65,65,60,53.42546299005555,6,283.4945272336356,1,2,12,1
30227139_30227160_0,65,65,60,53.42546299005555,6,283.4945272336356,1,2,12,1
3214268719_30246773_0,65,60,55,189.2433632182344,6,136.8578013625823,2,3,22,1
30314640_687897181_0,70,70,60,62.865772140621495,4,0.0,9,5,6,2
250793737_30242871_0,65,65,60,128.2367728624538,5,132.92831799697765,10,5,22,4
30296601_4251794054_0,70,65,60,13.953221201794555,5,50.13739201421601,1,2,1,1
12643382289_30296601_0,70,65,60,104.61772405876783,5,55.02529589147545,1,2,1,2
213942769_30242812_0,65,65,60,127.70990036117388,5,95.62036849848106,5,2,8,3
668486347_940878250_0,55,55,50,31.6256783570663,5,0.0,2,2,2,1
667387223_667387213_0,65,60,55,41.73924430761532,4,314.9850302418743,2,4,2,1
412438222_2888259002_0,70,65,60,132.23888275644563,4,12.418037856260492,20,8,7,2
30689533_30689532_0,70,65,60,181.23045812602828,4,95.7708604112772,5,7,2,1
1861908431_1861908434_0,45,40,0,14.130231870835852,6,82.64013605519699,1,2,13,1
1861908434_1861908431_0,45,40,0,14.130231870835852,6,82.64013605519699,1,2,13,1
13228605046_30237703_0,70,65,60,114.07343559686323,3,0.0,5,2,33,1
390878338_30617602_0,65,60,55,9.762683815431265,4,139.01902617970148,1,3,1,1
30617602_390878338_0,65,60,55,9.762683815431265,4,139.01902617970148,1,3,1,1
600466272_600466273_0,50,50,45,41.90691002156211,5,16.91157672569735,7,3,1,1
1912198617_1912198618_0,55,55,50,27.6632171538806,4,750.0,1,2,1,1
1912198618_1912198617_0,55,55,50,27.66321715388061,4,750.0,1,2,1,1
30298959_30264232_0,65,60,55,32.895605549216704,5,140.38520133415784,1,2,4,1
30264232_30298959_0,65,60,55,32.895605549216704,5,140.38520133415784,1,2,4,1
4840145821_30246778_0,65,60,55,129.86555456041307,5,134.35579053962158,5,2,9,1
1863725886_1863725900_0,55,50,45,80.80275642370377,5,0.0,1,4,1,1
1863725900_1863725886_0,55,50,45,80.80275642370377,5,0.0,1,4,1,1
269369082_442540235_0,65,65,60,130.32677457819983,6,10.15454211115746,15,16,12,1
26057312_3229689808_0,70,70,65,15.61603831872166,2,0.0,13,13,6,1
1311773884_30237634_0,65,60,55,43.67865381832466,3,0.0,2,4,14,1
30238385_4834501669_0,60,60,55,78.89352904034428,3,0.0,7,12,19,1
6815991619_600112315_0,70,70,65,12.47890452136746,4,18.133205575546317,6,2,1,1
8400776901_126699973_0,65,60,55,3.120500768850637,6,274.5423554327914,1,2,14,1
1935827759_622350685_0,60,60,55,5.51259778078181,5,71.90641486922773,1,2,2,1
622350685_1935827759_0,60,60,55,5.51259778078181,5,71.90641486922773,1,2,2,1
365565831_4385152385_0,60,55,50,112.37373021905648,6,286.3408956361084,2,3,3,1
250794421_559794886_0,70,65,60,18.200808895308786,4,0.0,4,5,4,1
2706990678_2706990672_0,50,45,40,52.37774805646714,5,368.3659456504525,1,4,1,1
430764775_6695182350_0,60,60,55,45.24092748653366,5,208.74145247657268,1,3,1,1
6695182350_430764775_0,60,60,55,45.24092748653365,5,208.74145247657268,1,3,1,1
30243349_3144669232_0,65,65,60,6.9829124498161725,3,0.0,4,2,1,1
71709940_3808237581_0,60,60,55,104.28907534560054,4,152.9262915421492,8,7,6,1
530676957_30294451_0,70,65,60,45.64228961627212,4,11.998278746170604,10,7,9,1
4431636963_560025958_0,60,60,55,84.72150648777807,5,13.603603216192049,8,2,1,1
560025958_4431636963_0,60,60,55,84.72150648777804,5,13.603603216192049,8,2,1,1
618404478_10926004935_0,65,65,60,37.34730956926555,5,135.99064969101096,4,4,4,1
429742255_429742254_0,50,50,45,70.6158291129323,5,498.6463622480489,1,6,1,1
560025958_30254783_0,60,60,55,14.367894380343367,5,92.45162234493984,3,2,1,1
30254783_560025958_0,60,60,55,14.367894380343367,5,92.45162234493984,3,2,1,1
974261539_4708182445_0,60,60,55,25.237769384537067,3,0.0,23,3,1,1
3007591790_3007591791_0,50,50,45,131.13739495079489,5,119.96222282279798,1,6,5,1
13737340254_4575453078_0,60,60,55,3.027398583666926,6,312.80255103234884,1,2,3,1
1774503368_414920300_0,45,40,0,5.8119591196927765,5,463.010335788933,1,3,1,1
12961323926_12961323927_0,65,65,60,16.782700050040454,4,42.94814067201314,6,2,1,1
12961323927_12961323926_0,65,65,60,16.782700050040454,4,42.94814067201314,6,2,1,1
30312935_30312934_0,60,55,50,132.57279339873477,4,0.0,7,4,1,1
30618097_2689486042_0,60,55,50,138.04638026599915,3,0.0,2,2,1,1
2077484253_627782770_0,65,65,60,30.60935568265156,5,16.687022580687547,1,2,1,1
366065835_338936663_0,60,60,55,70.25339581648386,5,107.90844515284138,1,7,1,1
401795296_401795297_0,65,60,55,101.00192141570028,3,0.0,2,3,1,1
10177414048_30246771_0,65,65,60,114.20800094223549,5,149.56258420989397,1,2,5,1
11236573946_11215517493_0,60,55,50,9.426175291137556,6,14.25622300619508,2,2,1,1
556051517_556051729_0,50,45,45,49.821551334280045,4,107.1526947323024,1,2,1,1
530924810_530924812_0,60,55,50,35.89493570934047,5,334.02827381326176,1,5,12,1
30618096_769906819_0,60,55,50,51.59340358149237,4,73.88325909066019,1,3,1,1
604937943_425768614_0,65,60,55,68.54126908779453,4,10.371563683873427,7,3,1,1
4471652094_4471652114_0,65,65,60,97.11610950940468,3,0.0,1,2,1,1
4470467226_481122454_0,70,65,60,16.884315577205946,5,0.0,3,2,1,1
410301867_410301862_0,40,40,0,206.56515898247204,5,750.0,1,3,1,1
12644016479_256484325_0,65,65,60,47.20745570848951,2,0.0,4,5,2,1
8173071606_30247093_0,65,65,60,18.10820268826004,4,133.0775778797887,5,8,5,1
5476467950_1483861162_0,65,65,60,23.98231761306389,4,193.9327231982008,1,6,1,1
556364033_556364163_0,60,60,55,97.83224393925278,5,21.32631881244909,2,2,1,1
1017920156_903833811_0,60,60,55,73.76694802929609,2,0.0,4,3,2,1
604943442_604943444_0,70,70,65,12.465253804121843,3,0.0,6,4,1,1
30294516_418162911_0,45,45,40,50.13491581183688,6,157.52568198687254,1,2,9,1
385664091_347353578_0,65,60,55,135.5816673271126,3,0.0,3,4,4,1
2582773743_412437310_0,45,45,40,27.31698722500269,5,302.47259864564273,1,2,1,1
2582773743_2582773744_0,45,45,40,69.25429384403355,5,271.5444204320749,1,2,1,2
2606686566_323169610_0,65,65,60,46.51923875431138,3,0.0,4,5,1,1
448703647_11158624378_0,60,60,55,13.25095413459754,4,0.0,4,2,5,1
347340794_243342788_0,55,55,50,43.66065924429678,5,145.5625453322238,2,3,5,1
2264591895_30243062_0,70,65,60,62.99764199959995,5,82.05156135515884,4,2,3,1
904641358_1011403991_0,60,60,55,53.02175665174329,5,190.62182113155544,5,4,1,1
952967310_952967413_0,65,60,55,145.0585587660581,4,10.518754550104378,9,3,6,1
30617390_126683892_0,55,55,50,72.46342727219876,5,175.37125748035464,1,2,4,1
30294466_3754949353_0,60,60,55,5.807742788516776,4,140.2699178551441,12,3,7,1
12947788312_1337087205_0,70,70,65,11.526664112565424,5,9.186136986952668,5,3,1,1
412453236_1337087205_0,70,70,65,16.85031641309797,4,9.186136986952668,5,3,1,1
1312053337_1312053305_0,55,55,50,47.48254402171341,6,245.7028235688421,1,3,1,2
3053899378_847726909_0,65,65,60,63.75454809846144,4,9.434273117524835,7,5,1,1
847726909_3053899378_0,65,65,60,63.75454809846144,4,9.434273117524835,7,5,1,1
4995013507_4995013503_0,55,50,45,23.714527685307797,5,197.8679556690921,1,4,1,1
603995064_603995066_0,65,65,60,1.3420445931337597,2,0.0,9,3,1,1
8086245582_8086245581_0,50,50,45,2.783737443253937,6,120.13692307488454,1,2,1,2
8086245581_8086245582_0,50,50,45,2.783737443253937,6,120.13692307488454,1,2,1,2
1357271773_412452564_0,45,40,0,54.77218320266497,6,705.6913351090342,1,2,1,1
597933809_30243352_0,60,60,55,122.03512817540592,5,269.81752884195527,6,3,4,1
30243352_30243353_0,60,60,55,64.1658461984072,5,271.3256802238232,2,2,3,1
2334441924_542641435_0,65,60,55,61.02092003429779,5,189.90555017389607,1,2,3,1
576583031_12955993786_0,65,65,60,118.19546898249558,3,0.0,1,2,1,1
390057403_823781718_0,60,60,55,18.055512514693383,2,0.0,4,8,1,2
823781718_390057403_0,60,60,55,18.055512514693383,2,0.0,4,8,1,2
598221107_598224001_0,65,65,60,38.593522981622456,5,139.22954050739267,2,4,1,1
7078045348_2111273207_0,70,70,65,12.193066783174851,5,40.36357587009263,6,8,1,1
12516839218_10896052335_0,60,60,55,23.12810444742093,6,137.31058903133416,1,2,5,3
10896052335_12516839218_0,60,60,55,23.12810444742093,6,137.31058903133416,1,2,5,3
4826990970_30243449_0,70,65,60,144.00395655305175,4,0.0,10,2,2,1
1125511774_10045031263_0,60,60,55,4.817468378353095,5,268.2956702317021,6,2,2,1
1840721019_269381314_0,70,70,65,8.64719683069478,3,0.0,2,6,9,1
4471652091_4471652094_0,65,65,60,33.02673054776815,3,0.0,1,2,1,1
30227159_30227131_0,60,60,55,30.834716924518077,6,245.8353175845458,1,2,7,1
30227131_30227159_0,60,60,55,30.834716924518077,6,245.8353175845458,1,2,7,1
2707017764_616880477_0,65,65,60,25.20626745417477,5,495.92826024834727,1,2,2,1
2473393628_12920888195_0,65,65,60,5.632223205961323,4,191.98344374137884,5,2,8,1
2473393641_2473393628_0,65,65,60,55.10057048052211,5,192.00885913866583,6,2,10,1
442540237_33098957_0,65,65,60,15.414012266919404,2,0.0,5,16,11,1
126683892_30295108_0,65,60,55,41.28543876234979,5,140.03584522343178,1,2,1,1
2473393922_2473393938_0,65,65,60,15.555612907632336,3,0.0,3,2,21,1
9507066653_430767511_1,55,50,45,40.02994215255241,5,359.4549426202448,1,4,1,1
430767511_9507066653_1,55,50,45,40.029942152552415,5,359.4549426202448,1,4,1,1
364829686_269379909_0,65,65,60,49.38301299767689,3,0.0,6,3,2,1
269379909_364829686_0,65,65,60,49.38301299767689,3,0.0,6,3,2,1
2087205007_2087205008_0,70,65,60,66.47781980761971,4,0.0,4,4,1,1
2954961669_1852768630_0,70,70,65,10.5200910989879,5,8.070654552140127,1,6,1,1
3577569658_3577569654_0,50,45,40,16.05826709401075,5,166.2475033438421,1,2,1,1
2495575748_1282870801_0,65,65,60,17.755106940511524,4,0.0,5,12,14,1
1282870801_2495575748_0,65,65,60,17.755106940511524,4,0.0,5,12,14,1
6376850717_3762069417_0,60,60,55,18.67506555185673,4,432.5435769065148,1,5,1,1
482505212_2684144699_0,65,65,60,12.626930340506922,5,186.1720023928753,3,2,1,2
1311619514_1311619363_0,70,70,65,67.2606920473088,3,0.0,18,10,12,1
30237630_30246712_0,70,70,65,55.94000521148968,2,0.0,4,4,18,3
1622039316_4338262500_0,55,50,45,30.059272980838376,5,66.26513124226707,1,2,1,1
4338262500_1622039316_0,55,50,45,30.059272980838376,5,66.26513124226707,1,2,1,1
126683897_402883109_0,60,60,55,23.905473436024327,5,59.0169624341482,3,3,2,1
12947788312_6898609742_0,65,60,55,14.594037066819991,5,17.371681498980937,5,3,1,1
903833811_1017920189_0,65,65,60,48.5808550400281,2,0.0,3,3,1,1
366065823_415402206_0,60,55,50,143.79480226393525,4,175.63439287819756,6,3,7,1
4587763085_4587763084_0,55,50,45,76.12842739918078,5,0.0,5,4,1,1
4587763084_4587763085_0,55,50,45,76.1284273991808,5,0.0,5,4,1,1
442540281_30253862_0,70,65,60,66.33134631421697,3,0.0,5,4,3,1
1305741256_1305741260_0,65,65,60,75.5205260000512,6,0.0,5,4,3,1
30312837_2473393790_0,65,65,60,113.0841069424346,4,260.92508068880306,5,3,23,4
539147472_539147474_0,55,50,45,10.458218611442105,6,269.80896146937675,1,2,7,1
21638918_8371290346_0,70,65,60,4.561202314469305,3,0.0,7,6,1,1
8371290346_21638918_0,70,65,60,4.561202314469305,3,0.0,7,6,1,1
2810558860_30295477_0,65,65,60,20.851185776785066,6,0.0,1,2,2,1
2020384028_30295477_0,65,65,60,25.572756804531945,6,12.783969993716296,2,2,2,1
30295477_2810558860_0,65,65,60,20.851185776785066,6,0.0,1,2,2,1
409506495_30558246_0,60,60,55,73.58381146665033,5,176.95323036388393,1,2,1,1
3005325716_597933809_0,60,60,55,62.90473191626786,4,269.81752884195527,4,3,3,1
30297369_30297370_0,60,60,55,121.67677193272648,5,404.8886386267951,4,4,3,1
4127392690_4127392691_0,70,70,65,29.964037566861897,4,12.999209831065006,1,2,1,1
543552991_560025956_0,60,55,50,93.32904896776344,5,0.0,9,6,2,1
560025956_543552991_0,60,55,50,93.32904896776344,5,0.0,9,6,2,1
366065788_4625178488_0,60,55,50,37.23058372431143,5,367.5137047291378,1,5,1,1
1002710274_30237682_0,70,65,60,108.65004730454932,4,0.0,5,4,2,1
8269583404_2965670790_0,55,55,50,12.278393992036492,5,750.0,1,2,2,1
30296020_2936643039_0,65,65,60,47.896506515727495,3,0.0,12,5,1,1
1479334732_1479334811_0,65,60,55,97.42850088282869,5,135.00128093961322,7,3,3,1
30297530_2473393839_0,65,65,60,21.097695749250757,4,254.74071952060572,3,2,19,3
1809063155_1374370379_0,45,45,40,19.3036338042307,4,436.377584892277,1,2,1,1
1350465982_1350466429_0,40,40,0,16.254753670906254,5,181.31800085707164,1,2,1,1
1350466429_1350465982_0,40,40,0,16.254753670906254,5,181.31800085707164,1,2,1,1
1400448338_301573130_0,70,70,65,22.278429966015764,2,0.0,11,5,17,1
168330707_168515978_0,60,60,55,33.186974593155234,4,750.0,1,4,1,1
168515978_168330707_0,60,60,55,33.186974593155234,4,750.0,1,4,1,1
8132079775_8132079773_0,55,55,50,38.10299182011103,5,56.03572852480167,1,2,1,1
8132079775_8132079776_0,55,55,50,66.59632137400119,5,46.55870909621972,1,2,1,1
1381889414_1313793458_0,55,50,45,6.807272059484409,5,750.0,1,2,2,1
690679209_430540359_0,65,65,60,85.66513979288317,5,4.469494314082217,1,5,1,1
1357271811_412371000_0,65,65,55,77.53525620510146,2,0.0,7,3,6,2
1365781111_4151671157_0,65,65,60,29.996189552739715,4,525.109589582152,3,3,1,1
26198831_30246772_0,70,70,65,18.82242349509726,5,0.0,4,4,5,1
376744330_1292128461_0,70,70,65,31.565288888618458,4,12.104547519237206,1,8,2,1
190981834_11369675074_0,65,65,60,5.004462859129409,3,0.0,9,6,2,1
390227105_390227092_0,70,65,60,26.34770353961069,2,0.0,10,3,4,1
9769889195_1736660242_0,50,50,45,103.1868760468294,5,151.31206139075317,1,3,1,1
1483860745_359235505_0,65,60,55,34.80140710399207,4,169.40901220340277,2,3,1,1
8246157429_1400723038_0,70,65,65,1.3920592895648962,6,524.6907492913361,1,6,27,1
30243357_689442392_0,60,60,55,57.24559982670493,5,326.15428648603483,2,3,1,1
8162667555_8162667556_0,55,55,50,3.867693853858576,4,573.2391976864377,4,3,1,1
1857472218_1857472210_0,55,50,45,57.83679718151071,5,170.85453942967632,1,4,1,1
1292134749_5914119632_0,45,45,40,15.723516349860512,5,127.05092036260446,1,5,1,1
8974093833_256680779_0,65,65,60,61.87773298074778,3,0.0,1,2,1,1
412451016_1310620195_0,60,60,55,37.93611150748615,5,713.8943409668085,3,8,4,1
1310620195_412451016_0,60,60,55,37.93611150748615,5,713.8943409668085,3,8,4,1
420051087_10001393038_0,65,60,55,16.556435318741038,5,179.6120846725409,5,6,1,1
60200335_257940879_0,65,65,60,56.06236424460387,5,144.76015602312734,1,2,1,1
559794889_536418264_0,65,65,55,127.61063725342272,4,18.497563350933422,11,8,5,1
4554626933_2264150807_0,65,60,55,8.363537272091431,4,218.6429531799697,1,4,5,7
481122427_12953261545_0,60,60,55,94.89554330932177,3,0.0,6,4,1,1
1784743530_7039662348_0,60,55,50,59.176249986628825,4,467.8551255026335,1,2,3,1
1313997603_1313997605_0,55,50,45,48.94834936032287,5,482.0278764932527,1,2,1,1
1313997605_1313997603_0,55,50,45,48.94834936032287,5,482.0278764932527,1,2,1,1
478861422_1700930631_0,65,65,60,38.75067304546367,2,0.0,1,3,1,1
1710758986_30689525_0,60,60,60,69.20430068791994,5,136.84278502775928,1,5,7,2
4473060899_30618097_0,60,55,50,221.12955855466177,3,0.0,5,4,1,1
540312592_540312590_0,55,55,50,119.80657604071632,5,107.966061975448,1,2,5,1
8148449127_126753810_0,70,65,60,22.58172197934178,4,171.90520649949914,5,4,6,1
344992884_1400442248_0,65,65,60,14.93735486373668,5,71.36843946384586,5,11,5,1
1400442248_559032149_0,65,65,60,132.44292122457887,6,0.0,18,16,9,1
1374757788_359234339_0,65,60,55,34.22802740894014,4,515.0379868301409,1,2,1,1
359234339_1374757788_0,65,60,55,34.22802740894015,4,515.0379868301409,1,2,1,1
269369082_1311770050_0,65,60,55,31.520983993421176,4,10.15454211115746,13,11,6,1
6815925056_1857472197_0,65,60,55,14.515109702478208,5,33.01043557388545,1,5,1,1
1002675914_1002675916_0,65,60,55,120.88076531702303,2,0.0,9,5,1,1
618431747_559415597_0,60,55,50,38.10366113527816,5,134.26569338252045,4,2,1,1
620148190_618431747_0,60,55,50,12.995589510289951,5,134.26569338252045,2,2,1,1
947908702_30617836_0,70,65,60,6.7747024842799615,3,0.0,4,8,2,1
30297273_1313997603_0,55,55,50,36.65802316092682,5,529.6898306408259,2,3,1,1
423831232_430757822_0,60,60,55,56.17023493731801,5,198.5121429242556,1,3,1,1
430757822_423831232_0,60,60,55,56.170234937318014,5,198.5121429242556,1,3,1,1
30246772_30243880_0,65,65,60,127.62415667286623,5,18.82204170076577,4,6,7,1
30298886_2264456446_0,70,65,60,10.626072959275543,4,212.79060187879116,15,2,9,1
2264456446_30298886_0,70,65,60,10.626072959275543,4,212.79060187879116,15,2,9,1
9429582962_566748387_0,55,55,50,35.02746219283648,5,274.5959722936824,1,2,1,1
9429582924_566748387_0,55,55,50,62.49784156952708,5,293.575229245173,1,2,1,1
566748387_9429582924_0,55,55,50,62.49784156952708,5,293.575229245173,1,2,1,1
1840721007_364829704_0,65,65,60,40.83401476921642,3,0.0,6,8,1,1
1046599674_1046599575_0,70,65,60,44.43081091570423,3,0.0,4,4,10,1
30617836_30617835_0,65,65,60,17.698221898627928,3,0.0,4,8,1,1
30617835_30617836_0,65,65,60,17.698221898627928,3,0.0,4,8,1,1
9029647953_358505175_0,70,65,60,10.087439272977248,4,12.360238009992656,6,6,1,1
598221965_1313997587_0,60,55,50,57.14269092913917,4,353.0810781951724,7,3,7,1
1313997587_598221965_0,60,55,50,57.14269092913917,4,353.0810781951724,7,3,7,1
567474424_1279276759_0,55,55,50,2.450281991886333,4,6.082863260544245,6,5,1,1
12945382588_12945382589_0,65,65,60,5.32381911655162,4,0.0,6,4,1,1
12884439770_12884439772_0,70,65,60,6.989407644891112,4,0.0,17,8,5,1
8473849086_4708182435_0,60,60,55,32.99081036283234,5,124.77773496527996,1,2,1,1
8473846976_8473849086_0,60,60,55,52.832849849241526,5,72.04072688975704,1,2,1,1
247637112_243338874_0,65,65,60,51.057855511552766,4,79.51807327880489,3,6,2,1
8119424276_8529602573_0,60,55,50,128.0943841847595,4,465.2048545236103,5,3,1,1
242337128_190986445_0,70,65,60,713.3386018671871,4,0.0,5,9,27,1
190986445_242337128_0,70,65,60,713.3386018671871,4,0.0,5,9,27,1
687897111_687897113_0,55,55,50,155.4581833231905,4,25.61434940500263,14,11,1,1
126812841_126812844_0,70,70,65,29.91087630967194,2,0.0,8,5,8,1
301573106_301573130_0,65,65,65,139.29979172451172,5,0.0,16,4,29,1
4338253064_1622039316_0,55,50,45,47.7059584866027,5,92.41838926005232,1,2,1,1
1622039316_4338253064_0,55,50,45,47.7059584866027,5,92.41838926005232,1,2,1,1
30556738_30556739_0,65,65,60,36.93298688638923,5,393.7903670340608,2,2,9,2
425611711_1610134825_0,60,60,55,28.31877596885795,5,718.4757242057902,14,5,1,1
415955417_2463014352_0,65,65,60,120.64060549418458,2,0.0,6,4,5,1
5264614128_7223680633_0,65,65,60,18.137690734039968,3,0.0,3,3,5,1
667380524_877366727_0,70,65,60,31.761803501465035,4,138.1373494643201,3,3,5,1
1371719281_2704791825_0,60,60,55,119.8554029029794,6,472.0217505945241,1,4,1,1
2704791825_1371719281_0,60,60,55,119.8554029029794,6,472.0217505945241,1,4,1,1
3044253138_6988326935_0,50,50,45,8.887986438971275,6,244.23347398909576,1,2,1,1
1454439253_412462146_0,70,65,60,28.738424092288795,3,0.0,1,10,1,1
7252348261_7252348266_0,65,65,60,33.771081987787305,4,1.581530323135966,5,4,2,1
905811222_4538123409_0,60,55,50,20.2973395621243,5,0.0,12,7,15,1
530924812_532408931_0,60,55,50,48.40036517942688,5,334.02827381326176,2,6,10,1
301572132_301572243_0,65,65,60,136.19283237777978,5,0.0,14,5,29,1
30294517_1584415327_0,55,55,50,38.61787330645222,6,46.0723267546132,1,6,2,1
858024531_364996615_0,60,55,50,89.9077052529763,4,493.3136278025956,1,2,1,1
364996615_858024531_0,60,55,50,89.90770525297629,4,493.3136278025956,1,2,1,1
553047602_553047600_0,55,55,50,395.36560682171057,5,70.33991376316078,1,2,1,1
553047600_553047602_0,55,55,50,395.3656068217106,5,70.33991376316078,1,2,1,1
1768889590_1768889587_0,65,60,55,71.38059845888925,4,371.5498518732831,11,2,3,1
253934676_427959783_0,40,0,0,89.80098752273679,5,378.2377062428358,1,2,1,1
317922808_323162210_0,60,60,55,131.36962954882492,1,0.0,1,2,1,1
59850116_7223680627_0,70,65,60,52.298614709827305,3,0.0,4,3,15,1
537827467_568117147_0,65,60,55,2.36153203912162,4,9.251311015512528,5,5,1,1
541643986_541644027_0,65,60,55,137.88048327270033,5,112.31027790900012,3,3,1,1
344992884_1400442249_0,65,65,60,102.91442198322864,4,31.72903138726811,12,16,8,1
1400442249_344992884_0,65,65,60,102.91442198322864,4,31.72903138726811,12,16,8,1
597933808_559410524_0,60,60,55,135.53767684390533,4,269.96516705064613,8,5,5,1
2473393790_2473393788_0,65,65,60,6.968562127137171,4,260.92508068880306,3,2,17,3
12923224011_604943434_0,70,65,60,6.219118906923361,4,0.0,6,6,1,1
30313444_30294522_0,55,55,50,7.032392093804913,6,317.764185206696,1,5,3,1
1912611122_1912611151_0,55,55,50,72.04066573054006,5,173.16884314343793,1,2,1,1
1912611151_1912611122_0,55,55,50,72.04066573054007,5,173.16884314343793,1,2,1,1
7252331255_414683100_0,70,65,60,13.340813066554842,2,0.0,4,4,2,1
13859746865_13859746868_0,60,55,50,11.584304377289566,5,209.8086908184843,1,2,2,1
627782738_13859746868_0,60,55,50,16.611036760729995,5,209.8086908184843,1,2,2,1
13203541702_1840721017_0,65,60,55,15.25406138111184,5,93.09532218500092,1,2,1,1
1840721017_13203541702_0,65,60,55,15.25406138111184,5,93.09532218500092,1,2,1,1
4111220657_410301832_0,0,0,0,45.9674617069856,5,415.2041190550101,1,2,1,1
13607758976_1622039363_0,65,60,55,90.15848494185884,4,152.4531627974401,6,5,1,1
1845692295_1845692293_0,55,55,50,79.6008177351042,6,0.0,1,2,26,2
126781133_674790896_0,60,60,55,142.2142912826673,4,2.371130732481962,6,5,2,1
192284952_5908351895_0,70,70,60,76.62568874340359,3,0.0,11,3,1,1
219009557_1479161523_0,65,60,55,194.9856775429792,4,177.9667325037591,10,6,7,2
9233468280_541643976_0,70,65,60,11.154435313756007,5,0.0,5,3,2,1
1623558813_2293736615_0,70,70,65,105.33898083423166,4,0.0,6,2,1,1
8246157429_1400723037_0,70,65,65,3.9964146259999858,6,526.0519113804685,1,6,26,1
359236003_6100210208_0,60,60,50,39.68018431667404,5,641.0270895743588,1,2,1,1
2267504221_126781114_0,60,55,50,64.89842589143355,6,0.0,2,3,5,2
8119755202_418737419_0,50,50,45,4.599876584698749,5,181.0934679528149,1,2,1,1
418737419_8119755202_0,50,50,45,4.599876584698749,5,181.0934679528149,1,2,1,1
1312339733_478875996_0,55,55,50,86.9856230520737,5,202.5392629183553,1,2,1,1
434471880_12953470706_0,65,65,60,93.22464153417545,3,0.0,8,2,5,1
412436523_412437295_0,65,60,55,8.857333679885638,4,159.09705573412856,19,5,2,2
30246820_30238018_0,60,60,55,128.30331437403123,5,133.13192278310723,4,2,7,1
243047500_30253376_0,65,65,55,118.17811892929284,5,0.0,16,2,7,1
412437506_3857584858_0,60,60,55,144.6533954643199,4,117.96896479528556,29,5,4,3
6100210206_3196795880_0,55,55,50,169.24491036070586,5,491.3777776281121,1,2,1,1
951467903_5794183354_0,65,60,55,107.56915146221328,5,0.0,8,8,23,3
5794183354_951467903_0,65,60,55,107.5691514622133,5,0.0,8,8,23,3
620148180_559415593_0,65,65,60,43.143607957394494,3,0.0,5,4,1,1
1592978370_30295290_0,60,60,55,90.8637328002892,5,0.0,3,2,4,2
30332593_1623838327_0,65,60,55,97.81538193372472,4,42.38246912152096,5,9,3,1
1623838327_30332593_0,65,60,55,97.81538193372472,4,42.38246912152096,5,9,3,1
1377225908_30254436_0,50,50,45,84.42477942847566,6,368.1567893491053,1,2,29,3
10778099645_8119755202_0,50,50,45,90.95514889685558,5,181.0934679528149,1,2,1,1
2511679138_2511679139_0,65,65,60,103.70933311646388,5,12.136022764174546,13,3,12,1
30238031_30254348_0,70,65,60,90.16999494392216,3,0.0,11,2,20,3
4431636963_4431636973_0,60,60,55,15.398055706174064,5,0.0,6,2,1,1
253795579_253795580_0,60,55,50,124.84173277075423,4,159.09650152477155,9,4,9,1
330415541_31285428_0,60,55,50,28.08527023101353,4,325.05077918046584,2,2,2,1
257048025_257048040_0,55,55,50,19.65909615741931,5,69.42483729670265,1,4,1,1
420058159_2111273194_0,70,70,65,17.291821883092027,5,33.51077512559529,6,7,1,1
1479334811_340193179_0,65,65,60,37.47048259108433,4,133.71575949745375,2,3,3,2
262250645_4826578393_0,65,60,55,23.65195878507706,3,0.0,3,5,4,1
13203541701_1840721017_0,65,60,55,140.9728286982625,6,39.53545886006871,1,4,4,1
2123195996_2123195997_0,50,50,45,24.93604202108179,5,750.0,1,2,1,1
4965780373_1853174684_0,65,65,60,44.8858443301187,5,42.728926874233736,1,3,1,1
681936382_681936376_0,70,70,65,178.0782016701815,2,0.0,12,8,4,1
681936376_681936382_0,70,70,65,178.0782016701815,2,0.0,12,8,4,1
30312919_30312934_0,55,55,50,39.13914144098018,5,132.4867189416837,3,2,2,1
30243449_10207081166_0,65,60,55,9.566595591649929,5,134.26774268305698,3,2,1,1
981699961_4471207535_0,65,65,60,133.0062155512598,1,0.0,1,3,1,2
8132079773_8132079774_0,55,55,50,67.41621405237068,5,45.21775755041613,1,3,1,1
9429582929_9429582930_0,55,50,45,46.89403117552259,5,246.1053340288888,1,2,1,1
9429582930_9442064201_0,55,50,45,22.643391411937188,5,223.64321373392343,1,2,1,1
8144185801_8144185804_0,40,40,0,41.37290120019849,6,88.56986781468683,1,2,1,1
8144185804_8144185801_0,40,40,0,41.3729012001985,6,88.56986781468683,1,2,1,1
12278745938_6780590097_0,55,55,50,41.39807637322333,6,269.3401685466153,1,2,1,1
6780590097_12278745938_0,55,55,50,41.39807637322333,6,269.3401685466153,1,2,1,1
412446052_4475342368_0,60,60,55,161.2713335001532,4,27.129188007188706,6,8,10,1
4475342368_412446052_0,60,60,55,161.2713335001532,4,27.129188007188706,6,8,10,1
7159373371_30253314_0,65,65,60,16.167167941544136,3,0.0,2,2,1,1
31285431_31285430_0,60,60,55,83.26066642524061,4,180.7888538298816,2,3,1,1
2344314667_1613654079_0,60,60,60,38.545859284643264,3,0.0,6,2,1,1
430765606_6695182350_0,60,55,50,24.270878729507483,5,243.9868646329029,1,3,1,1
365549375_26057388_0,65,65,60,17.503867273128957,5,0.0,5,4,6,1
412453236_12947788312_0,70,70,65,11.89243719298804,5,9.300786081426583,4,3,1,1
9447318561_9447318562_0,50,45,45,2.072526014935368,4,378.5871788579309,1,2,1,1
2264456451_4834501656_0,60,60,60,24.27026602775505,3,0.0,9,3,24,1
8144185801_30264559_0,50,45,0,8.130196390981697,5,83.79324572034766,1,2,1,1
30264559_8144185801_0,50,45,0,8.130196390981697,5,83.79324572034766,1,2,1,1
4587765894_12926491138_0,50,50,45,17.228908234043953,5,20.075518601264974,1,3,1,1
390227137_1311619294_0,70,70,65,113.13140086746604,2,0.0,5,2,1,1
1046607404_1695282709_0,65,60,55,85.14706940624683,4,497.4914389339713,5,11,1,3
1695282709_1046607404_0,65,60,55,85.14706940624683,4,497.4914389339713,5,11,1,3
1311770048_442540238_0,70,70,65,17.118449726220824,4,131.89302776932243,1,7,7,1
8162667553_598221306_0,65,60,55,149.06759158231498,4,546.7499843974496,14,5,1,1
364670904_12405205112_0,50,50,45,95.03019829662394,4,202.98740993807849,1,8,3,1
559032149_559787231_0,70,70,65,174.64476428335203,5,0.0,16,16,14,2
312682309_168330678_0,65,60,55,47.96761544668567,4,464.2988372313077,1,5,1,1
6100210214_6100210189_0,55,55,50,3.5352584122776034,5,628.7857681723787,1,2,1,1
6100210189_6100210188_0,55,55,50,3.1436050859998725,5,631.4570744887174,1,2,1,1
366065821_366065841_0,60,55,50,34.89981224570274,5,130.7427811128034,1,4,1,1
7254110670_243346367_0,65,60,60,195.8978506238646,4,338.60300899830094,5,5,15,1
243346367_3592009292_0,65,60,60,88.41181053826597,4,338.34108969106273,3,4,10,1
4319117015_4319117014_0,60,60,55,17.82779785403302,6,453.3351732694959,1,2,1,1
8930700698_553047600_0,55,55,50,41.34882683665957,5,465.69105099646384,1,2,1,1
1139082290_2059776287_0,65,65,60,206.17286475704384,2,0.0,13,26,10,1
31286309_387127706_0,70,70,65,71.99252356051211,2,0.0,7,9,3,1
387127706_31286309_0,70,70,65,71.99252356051211,2,0.0,7,9,3,1
5767709820_430764140_0,60,60,55,98.67361816066752,5,66.62123637070951,1,5,1,1
312682308_168330671_0,65,65,60,61.71929583032114,4,328.0928528081907,1,3,1,1
168521919_168529698_0,65,60,55,154.28227086510765,5,615.1115026759479,1,4,1,1
168529698_168521919_0,65,60,55,154.28227086510765,5,615.1115026759479,1,4,1,1
6985462291_6985462317_0,65,60,55,121.561677652107,4,0.0,18,3,4,1
6815925054_1857472197_0,65,60,55,8.221014291810125,5,37.12155604152768,1,5,1,1
3209362420_8162660649_0,45,45,40,32.764902545818224,5,350.1932427034695,1,2,1,1
8162660649_6788067150_0,45,45,40,51.18374627676619,5,350.1932427034695,2,5,1,1
412453115_412453116_0,65,60,55,5.274798055155596,4,128.393854974538,3,5,3,1
3040074835_1297490058_0,60,55,50,39.12703707071434,5,388.0384580070032,6,2,4,1
6210812030_269379908_0,70,70,65,67.7018449636328,2,0.0,3,4,2,1
30253983_412444660_0,65,60,55,37.46698218357583,2,0.0,11,5,1,1
557237989_1708943540_0,65,65,60,95.6110031961983,3,0.0,14,2,1,1
2344314669_2344314670_0,60,60,60,32.172964728647806,3,0.0,12,2,1,1
2687171809_1303363181_0,65,65,60,24.904980288702205,4,222.39979651374856,3,4,8,1
1303363181_2687171809_0,65,65,60,24.904980288702205,4,222.39979651374856,3,4,8,1
323169610_2983305215_0,65,65,60,31.139410091363413,3,0.0,3,6,1,1
4995013505_4995013515_0,60,55,50,15.236451438223083,5,179.9785122614123,1,3,1,1
417976269_417976918_0,40,40,0,48.614351425560926,5,208.4343603836213,1,2,1,1
417976918_417976269_0,40,40,0,42.65333318903557,5,214.6625331434472,1,2,1,1
3407038841_30253401_0,55,55,50,58.46704755115355,5,74.90820874128697,2,2,1,1
667387217_667387220_0,65,60,55,46.621896004652974,4,321.21996725890125,1,4,2,1
30295139_126544770_0,65,65,60,68.07107654395793,5,269.2944941549729,1,8,11,1
1940905183_30297383_0,55,55,50,53.51045482691728,5,125.73800605728556,2,2,6,1
1400442249_559032149_0,65,65,60,33.23023182504186,4,0.0,14,12,5,1
13182294709_532430853_0,50,50,45,24.19981377276564,4,396.7150184293566,2,5,3,1
532430853_13182294709_0,50,50,45,24.19981377276564,4,396.7150184293566,2,5,3,1
1884132167_532430853_0,50,50,45,11.526940656136407,6,414.25958108577134,2,5,2,1
2344314672_2344314669_0,60,60,60,66.8847318771283,5,0.0,6,2,1,1
30238017_30246860_0,60,60,55,130.22008271140393,3,0.0,4,4,6,3
126803340_30553758_0,65,65,60,46.89161682297644,4,153.21152216601908,5,4,11,1
126803340_126803336_0,65,65,60,153.23617101428795,4,0.0,8,7,11,1
1613639987_2344314668_0,55,50,50,31.161923078183765,5,51.01397388164676,1,2,1,1
442540239_30243371_0,65,60,55,17.293303815530237,3,0.0,5,3,5,1
5946251199_2852358816_0,60,55,50,167.02747150803603,6,266.9001723009851,1,4,2,1
427959783_3088674065_0,40,0,0,42.26438687483404,5,387.0615664918557,1,2,1,1
412437788_126781114_0,60,55,50,157.70570540480102,3,0.0,11,3,6,1
317922804_317922808_0,70,65,60,58.82408726342446,1,0.0,1,2,1,1
4397168781_5306386384_0,65,60,60,14.231975308901593,4,296.99827877453833,1,3,28,1
3040074835_3040074834_0,60,55,50,38.65171652833822,6,427.15634587864616,4,2,4,1
253795220_253795221_0,60,55,50,124.98485842686996,4,178.2529609105671,8,3,9,1
561249956_392351456_0,60,60,55,134.8636436656245,4,97.64302535244266,7,4,1,1
567451703_412449780_0,65,65,60,105.53471466444216,6,47.44202294147502,4,13,18,1
420061795_415991021_0,60,60,55,90.86378949470584,5,322.45002056896976,2,5,1,1
2709095336_4436378470_0,60,60,55,10.471156190134844,4,0.0,5,3,1,1
3994528963_4579720206_0,60,55,50,36.14352008874637,6,328.83786786367347,1,3,2,1
4579720206_3994528963_0,60,55,50,36.14352008874637,6,328.83786786367347,1,3,2,1
35120259_35120262_0,50,50,45,73.54907007105648,5,269.9419173023506,1,3,2,1
4538123364_903233293_0,70,65,60,14.857388868938544,3,0.0,5,3,21,1
13750214001_6099715638_0,65,65,60,147.08610102155163,5,195.10054985677257,1,2,1,1
1699441361_4684141170_0,60,60,55,9.569745551503765,4,451.6018532369247,1,2,1,1
250793733_30243058_0,65,65,60,125.59342239517318,5,101.3750381478037,4,4,14,1
4395509064_12643382289_0,70,70,65,15.97758918741463,5,55.02529589147545,1,2,1,1
4395509060_4395509064_0,70,70,65,13.445043945726658,5,43.44253530436522,2,2,1,1
12645522467_534332086_0,70,65,60,29.564111098634903,4,17.426036660772258,1,2,1,1
1420002195_1305741265_0,60,60,55,37.145285352144775,5,532.9630422219099,1,2,1,1
3005325720_3005325724_0,60,60,55,127.72600139302112,5,342.443679247367,1,4,5,1
481122027_8530300631_0,65,60,55,81.52142168428263,3,0.0,7,4,1,1
11256490152_126658000_0,65,65,60,10.329590429497689,6,339.231325140435,1,3,8,1
126658000_11256490152_0,65,65,60,10.329590429497689,6,339.231325140435,1,3,8,1
30312934_347340794_0,60,55,50,133.46335145337193,4,132.54056476251472,5,4,5,1
3196795880_358505141_0,55,55,50,93.03443619607908,5,400.0320485674816,1,2,1,1
31285424_324231840_0,60,55,50,95.25875120014469,4,546.244365982481,2,2,1,1
269745636_4183724165_0,50,50,45,11.821269752160092,4,736.4858656262411,1,4,1,1
1092685773_4538123416_0,60,60,55,20.439852266994315,4,0.0,11,3,25,3
6428574628_4127392698_0,60,55,50,71.11035027190819,5,89.0459935426735,1,2,1,1
30243353_3005325716_0,60,60,55,124.3396550105534,5,331.9389971741657,1,2,5,1
364670896_376805027_0,55,55,50,10.037806755106086,4,134.97387383295572,1,6,1,1
376805027_364670896_0,55,55,50,10.037806755106086,4,134.97387383295572,1,6,1,1
168529698_1751329358_0,65,60,55,20.496774378318214,5,715.9828061734271,1,3,1,1
13859746854_13859746847_0,55,55,50,2.9922759875749563,5,223.8122442426914,1,2,2,1
13859746862_13859746847_0,55,55,50,5.443571287623535,5,220.6510856230342,1,2,2,1
540312592_8121510021_0,60,55,50,13.331043565507956,5,164.0132161554771,1,2,3,1
1622002024_71709881_0,60,60,55,219.39138398646324,4,172.4061225137269,9,5,8,1
5100987047_1853174754_0,50,50,45,56.40790456289412,6,335.5372534677404,1,5,1,1
269376403_31285267_0,60,55,55,126.01495039331196,5,173.9235514501118,2,2,11,1
30243370_301572399_0,70,70,65,74.83920212821265,3,0.0,3,2,11,1
658169292_3385754231_0,65,60,55,25.657882834640866,5,0.0,5,7,1,1
658169292_566450878_0,65,60,55,37.636903091075546,3,0.0,7,7,1,1
3385754231_658169292_0,65,60,55,25.65788283464086,5,0.0,5,7,1,1
566450878_658169292_0,65,60,55,37.636903091075546,3,0.0,7,7,1,1
1622039347_559410532_0,65,60,55,90.9360769287278,4,154.9909641259481,4,3,1,1
390227095_390227097_0,70,65,60,39.46787289194117,2,0.0,10,3,1,1
30294181_30294183_0,60,55,50,72.6320972515179,5,101.57200442168016,1,3,8,1
442540252_301572279_0,75,70,65,148.34314838744095,2,0.0,10,18,17,1
12945311545_269376044_0,65,65,60,74.50001256436164,4,7.16391978285234,6,4,4,1
1193548816_26057050_0,70,65,60,10.012430699543245,2,0.0,4,12,9,1
1303430020_1043834173_0,60,60,55,5.662027904199503,5,126.34654344028338,1,2,1,2
1043834173_1303430020_0,60,60,55,5.662027904199503,5,126.34654344028338,1,2,1,2
1840721009_667387217_0,65,65,60,24.67762580263415,4,346.5149690348512,1,4,2,1
253707075_2264591895_0,60,55,50,62.41181523593061,5,19.639760009512933,6,2,7,1
2706190138_951016291_0,65,60,55,212.17214026653568,5,545.3324994113476,2,4,3,1
11258759944_1306211567_0,50,50,45,77.11987315807784,5,15.244409276095848,4,3,4,1
390057407_1311619294_0,70,70,65,174.05621794842074,2,0.0,14,4,1,1
1311619294_390057407_0,70,70,65,174.05621794842074,2,0.0,14,4,1,1
387127748_848241511_0,70,70,65,24.09578217328573,4,25.66514435733537,7,5,1,1
848241511_387127748_0,70,70,65,24.09578217328573,4,25.66514435733537,7,5,1,1
462694080_634646785_0,55,55,50,15.126878945331056,4,199.6447097582134,1,4,1,1
30251873_9429582924_0,55,55,50,29.517369437018317,5,319.0613034665036,1,2,1,1
690424479_690431146_0,55,55,50,40.44406347763972,5,0.0,2,7,1,1
690431146_690424479_0,55,55,50,40.44406347763972,5,0.0,2,7,1,1
553061209_553064974_0,55,50,50,40.49253226095679,4,545.1667109474188,1,3,1,1
5241929669_269381073_0,65,65,60,17.98958571034007,3,0.0,3,9,7,1
667387220_667387223_0,65,60,55,35.411584549839674,4,316.53559129772026,2,4,2,1
126798005_3761510949_0,70,65,60,9.014162544748856,3,0.0,15,6,8,1
3577569664_4111795676_0,50,45,40,31.519931656375864,5,173.6012549809429,1,2,1,1
2757833228_598224744_0,60,60,55,22.63349472717304,5,17.695088168656273,1,2,1,1
387127612_1116318834_0,65,65,60,62.63587193979171,2,0.0,1,6,5,1
4834501688_7039662359_0,55,55,50,14.135664253500144,4,391.1178888366136,1,4,3,1
364916639_371056608_0,65,60,55,12.048077845546764,5,90.58990698555662,1,5,1,1
371056608_364916639_0,65,60,55,12.048077845546764,5,90.58990698555662,1,5,1,1
2239890983_7254110670_0,65,65,60,22.38869076251317,4,317.1510993413117,5,3,7,1
9056235029_1500032696_0,70,65,60,24.32592773126808,2,0.0,6,8,2,1
2344314668_30251592_0,55,50,50,167.08385550997986,5,51.00928785604911,1,2,1,1
30251592_2344314668_0,55,50,50,167.08385550997986,5,51.00928785604912,1,2,1,1
3643929105_13175411896_0,60,55,55,2.3771129374539512,5,738.8278685605177,6,3,14,4
13175411896_3643929105_0,60,55,55,2.3771129374539512,5,738.8278685605177,6,3,14,4
89148866_192039415_0,70,65,60,86.78562244429592,3,0.0,12,8,38,1
553047571_553047574_0,55,55,50,18.108321374261585,4,510.691054203003,1,3,1,1
1088579987_30264262_0,65,60,55,127.33085627582652,5,109.7577895192255,1,2,2,1
4253067750_366213480_0,55,55,50,260.49857810565464,5,109.66976836916167,3,11,1,1
511123413_30237520_0,60,60,55,61.563959445648,5,91.48896587872164,1,4,3,1
30251873_9429582929_0,55,50,45,26.062620214755416,5,292.9987607915232,1,2,1,1
9429582929_30251873_0,55,50,45,26.062620214755416,5,292.9987607915232,1,2,1,1
1770738311_1770738301_0,60,60,55,43.3914758794124,4,82.47738183838119,1,2,1,1
358505134_359237300_0,65,60,55,67.69242440332096,4,573.8581960273536,6,2,1,1
1654368576_797407458_0,65,65,60,8.277036844450143,4,130.57646257070718,13,11,2,1
1311833057_219029432_0,65,65,60,32.29985975557985,3,0.0,7,5,12,1
30295811_4470467231_0,65,60,55,20.55498603811392,5,16.00479075807814,1,2,1,1
7233634040_690679249_0,65,65,60,14.993381974210685,4,42.832456611850944,7,2,1,1
2111498724_2111498722_1,60,55,50,15.178889332702996,5,357.623259827447,1,3,1,1
2869959988_30295288_0,60,60,55,31.10909545391621,5,72.72013185406671,1,4,1,1
1840720982_269381078_0,70,65,60,9.066426430283837,3,0.0,5,10,9,1
3386536280_4538123419_0,65,65,60,19.82226885928996,5,0.0,9,3,24,1
366215465_366218442_0,55,55,50,194.28743883122655,5,349.87209450241164,1,8,1,1
1599256248_1599256170_0,60,60,55,15.368603773418837,5,230.8477718375243,1,2,1,1
30553758_30243202_0,65,65,60,65.04432291951474,4,163.06256998880642,2,3,14,1
3191418780_2087205007_0,70,65,60,76.39216503583106,2,0.0,6,5,1,1
603995072_603995063_0,65,65,60,1.5706309318150709,2,0.0,8,2,1,1
557237888_1926251010_0,65,60,55,380.15128716080665,3,0.0,24,8,1,1
1926251010_1708943451_0,65,60,55,14.41063282445577,3,0.0,9,2,1,1
1613639987_2344314672_0,55,50,50,30.881418686921368,5,29.797703475490515,1,2,1,1
2344314668_2344314672_0,55,50,50,27.964871670706632,5,29.797703475490515,1,2,1,1
30254197_442540276_0,75,70,65,34.11705018142507,5,0.0,7,3,8,1
10253033785_30254197_0,75,70,65,67.00741989145523,2,0.0,6,2,7,1
1425252289_10782483583_0,55,55,50,122.36146867409892,5,294.037003811177,1,3,1,1
2473393756_2473393744_0,60,55,55,15.375628260667511,5,284.6204836821365,1,2,11,1
12945382588_30242971_0,65,65,60,7.9387062941776705,4,0.0,6,4,1,1
4538123412_30246668_0,60,60,55,20.906007833957972,5,0.0,6,4,11,1
7866434044_5278618281_0,65,60,55,134.83111647531612,4,136.57340413774423,7,4,9,1
1094870540_430764140_0,60,55,50,113.56416024180842,5,66.62123637070951,1,3,1,1
430764140_1094870540_0,60,55,50,113.56416024180844,5,66.62123637070951,1,3,1,1
2252583126_6898609745_0,65,60,55,7.58360014029157,5,9.131594703203463,5,5,1,1
11513563617_431100342_0,60,60,55,15.9934617044072,3,0.0,4,2,8,2
600112315_393394107_0,70,70,65,27.86122787398552,4,0.0,5,2,1,1
6100210214_6100210188_0,55,55,50,6.08477837838204,5,628.7857681723787,1,2,1,1
442540250_30243370_0,70,70,65,83.96579578692021,3,0.0,5,4,8,1
4471652093_416524190_0,65,65,60,71.55498210079338,3,0.0,1,2,1,1
2473393741_2473393779_0,55,55,50,20.40995456018572,5,260.9837501204429,1,2,11,1
168319807_11009796684_0,65,65,60,373.1440012680235,4,0.0,34,21,2,1
2059755036_2059755031_0,50,50,45,44.52471034118422,5,126.68219748534504,1,2,1,1
7294793970_6103772408_0,45,40,0,4.262931589433945,5,750.0,1,4,1,1
6103772408_7294793970_0,45,40,0,4.262931589433945,5,750.0,1,4,1,1
506223414_1305741255_0,55,55,50,39.57278850041786,5,137.6021462979622,1,2,1,1
2473393679_2473393657_0,60,60,55,16.91171739445418,5,261.08833779012497,2,2,7,1
2984928319_2984928320_0,65,65,60,20.68380183971444,3,0.0,14,3,1,1
30243158_1303465743_0,65,60,55,65.46791693692785,5,66.69643047049476,3,2,7,1
412437504_412438222_0,65,60,55,157.26911019105313,4,80.40264490058411,28,5,4,4
8417604897_364991626_0,65,60,55,23.903219265533693,3,0.0,6,6,7,2
559787232_30254350_0,65,65,60,12.320514295845305,3,0.0,5,7,10,1
4850190675_4850190676_0,65,65,60,1.541574862162395,4,16.798115396871328,7,7,1,1
13308485110_3871616985_0,60,60,55,22.35173188634208,3,0.0,5,3,1,1
13308485110_12953490449_0,60,60,55,4.751458735981258,4,0.0,5,3,1,1
412437296_3856010099_0,60,55,50,167.6883405742722,4,204.0394510663212,9,7,6,2
834395618_4251653386_0,55,55,50,110.22838486029733,5,362.6940372218661,2,6,2,1
4431660097_560025956_0,60,55,50,3.1401301344616157,5,93.31196435325454,5,3,2,1
4592704400_6218586069_0,65,65,60,5.995376940265158,4,8.398264258679594,8,4,1,1
417605950_417604839_0,65,65,60,10.035675300141069,2,0.0,4,2,4,2
981699928_30294654_0,65,65,55,212.20080345677212,4,0.0,8,4,1,1
2936643034_1120489442_0,70,70,65,17.900029510838184,2,0.0,12,4,1,1
598221321_1313997602_0,60,60,55,417.0703779818954,4,116.9342295798985,18,7,1,1
2686522116_1379023475_0,65,65,60,22.66452801217067,3,0.0,6,14,8,1
168491440_1699441361_0,60,60,55,20.16708780598288,4,447.1802490898242,1,2,1,1
3592009292_7037843960_0,65,65,60,86.56856918448833,4,286.20712931103384,8,5,3,1
4112026236_3333594462_0,60,60,55,256.2662916833962,3,0.0,1,2,1,1
615815435_1295286769_0,70,70,65,10.492396445354704,4,14.465405919306669,4,7,1,1
553061228_553061207_0,55,50,50,43.07057019383399,4,545.1575132693115,1,3,1,1
364716619_359237786_0,65,65,60,60.27718036065182,4,188.8065236915624,1,3,4,1
4558542630_412437506_0,65,60,55,4.315996707522783,4,131.65400325588212,20,5,2,3
9442064201_3577569660_0,50,45,40,85.59598278457418,5,138.05195915372678,1,2,1,1
10042802553_11246122385_0,60,60,55,71.3884472213264,4,99.93459803202764,4,3,1,1
559052405_30297359_0,60,55,50,122.19584174771477,3,0.0,8,3,2,1
604943444_604943448_0,70,65,60,8.291486740940188,3,0.0,6,4,1,1
4112026222_4112026236_0,60,60,55,99.083555463529,3,0.0,1,2,1,1
561521685_12952468148_0,65,65,55,16.62299574666475,3,0.0,12,6,1,1
12952468148_12952468147_0,65,65,55,9.883307053500026,4,0.0,11,6,1,1
412449780_8498379926_0,60,60,55,63.1136530772584,6,62.93289548298779,1,4,8,1
8119424269_1377933441_0,60,60,55,93.19012574933934,4,243.10559831833453,5,4,6,1
10135472436_10135472422_0,45,0,60,13.684529081573514,4,750.0,7,2,1,1
8974093841_8974093834_0,65,65,60,5.560440895949554,3,0.0,1,2,1,1
8974093851_8974093834_0,65,65,60,7.771177317424601,3,0.0,1,2,1,1
9424968296_4112026222_0,60,60,55,301.8067439380279,3,0.0,1,2,1,1
6873411834_1088579987_0,60,60,55,44.49417453361309,5,121.98109536588969,1,2,2,1
1708943375_557237888_0,65,60,55,79.34678715028694,3,0.0,9,2,1,1
425612117_425612130_0,60,60,55,20.7126500336959,5,737.5191089403974,11,5,1,1
430758157_430757951_0,40,40,0,8.082635622550523,5,282.2935215114464,1,5,1,1
1613677358_559911553_0,60,60,55,118.27124117213624,4,0.0,1,2,1,1
598219762_3306168425_0,55,50,45,101.545551456781,5,292.331705378368,1,3,1,1
3306168425_598219762_0,55,50,45,101.545551456781,5,292.331705378368,1,3,1,1
442540276_10253033785_0,70,70,65,74.57328901931253,5,0.0,8,3,8,1
10782483583_6148227547_0,60,55,50,6.8832397768580265,5,293.23415178696195,1,2,1,1
6148227547_6449314872_0,60,55,50,8.493271709395726,5,293.23415178696195,1,2,1,1
981699983_1480306510_0,70,70,65,86.89978059571953,4,10.73882015191111,1,7,1,1
960996568_687897080_0,55,55,50,129.6961151760719,5,538.5144312063189,3,2,6,1
6091986825_30556161_0,65,65,60,177.11971377084873,2,0.0,5,4,1,1
219029434_126798005_0,70,65,60,21.00258083365237,4,0.0,13,6,8,1
1708943349_1770773502_0,65,60,55,13.490822188409808,3,0.0,12,2,1,1
797407445_797407425_0,65,65,60,1.845341302137805,4,103.53579315579314,15,10,1,1
2111273203_2111273205_0,65,60,55,7.033970197665786,5,45.94774461787392,6,6,1,1
387127708_848241511_0,70,70,65,15.39963353442992,4,45.55019581218375,6,5,1,1
848241511_387127708_0,70,70,65,15.39963353442992,4,45.55019581218375,6,5,1,1
412453116_412453120_0,65,60,55,130.59616252699277,4,119.81798123007566,9,7,3,2
11243529761_21638922_0,65,60,55,10.348093245556216,3,0.0,10,6,1,1
690679104_356295200_0,65,65,60,65.45491344501667,4,3.4503816116492003,1,5,1,1
8974093851_8974093830_0,65,65,60,7.736724943534482,3,0.0,1,2,1,1
8974093835_8974093851_0,65,65,60,27.491836715115056,3,0.0,1,2,1,1
8974093841_8974093851_0,65,65,60,5.925676883937038,3,0.0,1,2,1,1
9549447205_425611711_0,60,55,50,39.32452023901281,5,705.2364334802259,11,5,1,1
252850929_318589941_0,65,65,60,300.51472528159934,1,0.0,1,3,1,1
11843560339_600466270_0,55,50,45,36.12546927575205,3,0.0,7,3,1,1
600466270_600466268_0,55,50,45,23.63104153153207,5,0.0,7,3,1,1
1458200694_364670659_0,65,60,55,134.06306932940203,3,0.0,8,14,8,1
415402216_478855288_0,70,65,60,125.5287692884348,4,0.0,9,4,1,1
4834501648_4834501649_0,65,65,60,88.59780848562181,3,0.0,15,4,36,2
1912571839_1699441362_0,60,60,55,17.79136216565466,4,456.3032713999071,1,2,1,1
13859746865_627782738_0,55,55,50,16.2131561823097,5,216.36025199709695,1,2,2,1
1402987469_2239890983_0,65,65,60,98.4539596051153,6,317.1510993413117,5,3,7,1
2881600611_7376904297_0,70,70,65,19.188713463098303,2,0.0,4,5,7,1
1116318736_12644016479_0,65,65,60,49.80807781688182,2,0.0,2,4,2,1
8473849046_8473846976_0,60,60,55,17.26186391322625,5,72.04072688975704,1,2,1,1
376748008_981699983_0,70,70,65,101.1059949525823,4,10.773597154674784,1,8,1,1
573484619_530924818_0,60,60,55,12.146767854229962,4,468.1343932719562,3,4,12,1
530924818_573484619_0,60,60,55,12.146767854229962,4,468.1343932719562,3,4,12,1
1377806835_693196413_0,65,60,55,3.057330041760672,4,16.28865452639111,6,4,2,1
818710835_1716858625_0,70,70,60,59.52261759879843,4,164.11037689174643,6,4,9,2
1716858625_818710835_0,70,70,60,59.52261759879843,4,164.11037689174643,6,4,9,2
30960813_12643851486_0,65,60,55,4.953442362263144,5,0.0,4,2,4,2
12643851486_1357271811_0,65,60,55,10.841822382983423,3,0.0,4,2,4,2
11009796679_11009796691_0,65,60,55,19.858730678304905,4,374.2979175577835,9,2,1,1
391086097_12645522467_0,70,65,60,8.001224437519992,4,16.832409984108864,1,2,1,1
330412974_4600193562_0,70,65,60,20.56035845812494,5,0.0,10,5,1,1
4549272595_26057076_0,70,70,60,24.06666478858301,3,0.0,7,4,1,1
190949833_4549272595_0,70,70,60,211.9999112928894,3,0.0,8,5,1,1
690679240_7233634031_0,65,60,55,28.56614446719945,4,57.0236111678178,7,4,1,1
11276298354_1311619517_0,65,65,60,8.02553946825822,3,0.0,17,9,5,1
2510614172_1418737335_0,65,60,55,129.2576923869877,3,0.0,9,3,11,3
50101968_1437748518_0,55,55,50,42.906356443380986,5,219.8624514333254,1,2,2,1
412453955_3091102867_0,65,65,60,224.39025926453576,4,16.26487267814875,8,4,1,1
9425413590_26057079_0,70,70,60,30.486394895833232,3,0.0,8,2,1,1
427955471_427955475_0,60,55,50,40.2353981192427,4,282.4234558252134,1,2,1,1
1297790607_2128042603_0,55,55,50,13.937556916660954,4,203.07819976110397,2,7,1,1
2128042603_2128039905_0,55,55,50,14.082037177475565,5,203.07819976110397,2,7,1,1
627782755_627782752_0,65,65,60,58.154596702610064,5,67.6380693667036,2,2,1,1
30297293_561521689_0,60,60,55,123.73912405729877,4,0.0,14,2,1,1
2128039898_2128039881_0,45,45,40,3.251562620034558,4,213.9296020367541,2,4,1,1
523781529_523781538_0,65,65,60,61.297696872237545,3,0.0,8,2,1,1
523781538_523781529_0,65,65,60,61.29769687223754,3,0.0,8,2,1,1
35120262_2077949595_0,60,60,55,92.37730990483236,5,219.22269834562283,12,2,1,1
13406594113_323191073_0,70,65,60,38.16271990571028,2,0.0,2,8,1,1
323191073_13406594113_0,70,65,60,38.16271990571028,2,0.0,2,8,1,1
258562660_1116318602_0,70,65,60,14.207372082648458,2,0.0,6,2,1,1
5476467951_359235508_0,65,65,60,12.578366581960342,4,191.09034724357943,2,2,1,1
392351069_1261315828_0,65,65,60,15.412912817676933,4,578.8220332190156,3,3,1,1
690679249_690679246_0,65,65,60,4.206405969012122,4,48.11725110868856,7,2,1,1
11242746353_11239790234_0,65,65,60,6.543822417958307,6,149.23241854728235,4,4,1,1
11239790234_11242746353_0,65,65,60,6.543822417958307,6,149.23241854728235,4,4,1,1
30960813_1357271811_0,65,60,55,13.204100882446465,2,0.0,4,2,4,2
9447318562_556431154_0,50,45,45,44.79757785671755,4,380.6585868222126,1,2,1,1
251543446_1555628857_0,60,60,55,164.7709637965206,5,228.7506616314688,12,3,2,1
572086736_572086738_0,60,60,55,29.14538065868505,3,0.0,5,6,1,1
5278618160_7866434044_0,60,60,55,86.36886004082653,4,136.66667489535834,12,4,8,1
30297198_598221318_0,60,60,55,238.65118767578292,5,431.8584017333136,13,4,1,1
574969096_8816467872_0,65,65,60,12.809335373352102,5,46.66953925336624,1,3,1,1
4111796210_8816467872_0,65,65,60,40.25502186691483,5,44.43127307102122,1,3,1,1
430764812_1533311123_0,65,60,55,30.37664593222694,5,42.39403625610654,1,8,6,1
1533311123_430764812_0,65,60,55,30.37664593222694,5,42.39403625610654,1,8,6,1
561521685_12952468147_0,55,55,50,16.483805388487472,3,0.0,12,5,1,1
30297370_3005325720_0,60,60,55,62.75727969670935,4,342.73696723625915,4,4,3,1
243343113_347353584_0,60,60,55,347.52135310314065,3,0.0,10,7,1,1
1374370366_1374370842_0,45,40,0,103.48074448875418,5,672.4682544361499,1,6,1,1
1374370842_1374370366_0,45,40,0,103.48074448875418,5,672.4682544361499,1,6,1,1
2017294208_629306492_0,60,55,50,42.91607406747789,2,0.0,7,4,1,1
35120242_1867637223_0,55,55,50,38.893534144057874,5,637.4677466463164,4,3,4,1
6100210191_6100210206_0,55,55,50,14.703861867577578,5,625.6655595907968,1,2,1,1
6100210208_6100210206_0,55,55,50,16.919757359641146,5,625.6655595907968,1,2,1,1
5164902089_3049188203_0,70,70,65,18.04968865922743,2,0.0,4,3,5,1
243336865_1479161502_0,65,60,55,68.42253979716101,4,224.029840916368,11,4,3,1
427955475_427955476_0,60,55,50,13.414184821310869,4,304.5509127855685,1,2,1,1
604943427_604943437_0,65,65,60,7.642014471059462,3,0.0,6,5,1,1
12923224032_604943437_0,65,65,60,4.434841199020112,3,0.0,6,5,1,1
410301862_693817750_0,40,40,0,47.658723049856576,5,750.0,1,2,1,1
4558516077_947196720_0,45,45,40,7.630616555593163,5,240.25623976506355,2,5,1,1
947196720_4558516077_0,45,45,40,7.630616555593163,5,240.25623976506355,2,5,1,1
2235259451_2235259437_0,65,60,55,3.162898351852636,4,272.1434294021461,3,2,1,1
13117171034_13117171043_0,45,40,0,12.808661666551735,5,472.3985982039328,1,2,1,1
1479422538_690803431_0,70,65,60,84.59494844257009,2,0.0,8,8,1,2
687897152_687897156_0,60,60,55,29.43728171057609,4,395.7955276016377,15,3,1,1
6100210202_6100210194_0,60,60,50,11.24711719922355,5,641.2295595716407,1,2,1,1
26057076_9425413590_0,70,70,60,41.65084859393264,3,0.0,7,4,1,1
347712484_347712502_0,60,60,55,8.687563643804378,3,0.0,3,3,1,1
13406594113_1771982098_0,70,65,60,57.39337738051832,2,0.0,8,8,1,1
1771982098_13406594113_0,70,65,60,57.3933773805183,2,0.0,8,8,1,1
390227097_390227098_0,65,65,60,11.061877998695874,2,0.0,11,2,1,1
9425426928_2984928319_0,65,65,60,13.797749596352824,3,0.0,10,3,1,1
4436353872_837485698_0,55,55,50,6.597898179573747,5,86.71214385097771,3,2,1,1
2189800381_30617336_0,50,50,45,50.128694716816376,5,331.6760600299121,1,2,1,1
30617336_2189800381_0,50,50,45,50.128694716816376,5,331.6760600299121,1,2,1,1
558752237_553061185_0,65,60,55,457.7583018432579,5,57.31695305788732,1,2,1,1
11009796684_11009796682_0,65,65,60,9.6879230505356,4,358.9989174596226,15,2,1,1
9178309451_1912611029_0,60,60,55,172.8700864627452,5,255.79511391808023,1,2,1,1
5286242896_561521683_0,65,60,55,93.33617870248288,4,141.02804249446987,6,5,1,1
8990275789_552884692_0,65,65,60,206.9527261728084,3,0.0,3,3,1,1
12955884765_12955884764_0,65,60,60,32.60117491660662,3,0.0,10,2,1,1
6916767944_561521686_0,65,60,55,11.99358862754195,4,0.0,12,6,1,1
561521686_8267495882_0,65,60,55,9.07090738445026,3,0.0,10,5,1,1
566748388_9442009768_0,60,60,55,28.74719764511622,3,0.0,5,2,1,1
1520175201_1075628122_0,65,60,55,46.01251978498926,3,0.0,6,4,1,1
71709908_3592013495_0,65,65,60,8.173412600462814,4,316.13368965678376,5,3,7,1
1708943363_9424968296_0,60,60,55,107.87295365138574,3,0.0,18,2,1,1
2128039905_2128039887_0,45,45,40,2.525745427722058,4,211.76397590475068,2,5,1,1
1853174725_1852044990_0,60,60,55,35.335524084010544,5,359.24764052798656,1,5,1,1
1479161502_5278618160_0,65,60,55,91.1392631983979,4,162.19050316210024,13,5,8,1
323190135_323190137_0,70,65,60,21.037606214092257,3,0.0,8,5,3,1
12643382282_12643382289_0,70,65,60,10.512455501727104,5,50.71656913847541,1,2,1,1
2915525921_760332214_0,65,65,60,50.2646593192031,4,8.740788759687668,14,3,5,1
600061448_1086926758_0,60,60,50,352.44724583907873,5,0.0,3,2,1,1
323190146_323190133_0,65,65,60,12.62338359355238,3,0.0,8,4,2,1
1193548761_1193548816_0,70,65,60,49.20723800046861,2,0.0,5,16,15,1
693196413_1375272349_0,65,60,55,77.68029852162218,4,18.831619246809883,6,5,4,1
30618112_30618113_0,60,60,55,61.34812036944423,5,355.29915111952977,7,3,3,1
30618112_4758438067_0,60,60,55,26.30716487982233,5,409.11360869785614,5,3,1,1
4111795669_3577569658_0,50,45,40,31.522316785473087,5,146.22957501979323,1,2,1,1
1457780270_412398706_0,65,65,60,12.59450409496227,3,0.0,4,2,8,2
9873768080_1313997591_0,65,65,60,92.8970825419692,4,23.10266122831505,8,5,1,1
258562674_4416582821_0,65,65,60,46.078570252724326,2,0.0,5,4,1,1
323190133_323190135_0,65,65,60,16.146662642566476,3,0.0,9,4,3,1
10135472431_10135472434_0,45,0,60,14.292280658032604,4,750.0,7,2,1,1
959409813_558752237_0,65,60,55,95.68580364422172,5,0.0,1,2,1,1
412453127_9420716633_0,65,60,55,13.327110068706084,3,0.0,5,3,1,1
9420716633_412453127_0,65,60,55,13.327110068706084,3,0.0,5,3,1,1
3871616985_4473060899_0,60,55,50,11.686056994871382,3,0.0,5,4,1,1
1126998911_4554543618_0,65,65,60,160.69978468008023,3,0.0,6,8,1,1
4395509060_4251794057_0,70,70,65,43.46490540211443,5,0.0,3,2,1,1
4251794057_4395509060_0,70,70,65,43.46490540211443,5,0.0,3,2,1,1
11258759969_11258759944_0,60,60,55,8.475882778521775,5,9.945375311559872,4,3,1,1
9251526562_420058262_0,55,55,50,52.12849093256101,5,469.827827110766,1,3,1,1
13859746862_13859746854_0,55,55,50,3.3036754519807023,5,220.6510856230342,1,2,2,1
4395509060_12643382282_0,70,70,65,9.60578781787519,5,43.44253530436522,2,2,1,1
601047991_3664065160_0,60,55,50,33.11893142344786,3,0.0,1,2,1,1
2111268450_2111268464_0,60,60,55,111.63714336629558,6,371.8911694782551,1,5,1,1
2111268473_2111268464_0,60,60,55,93.70124068777504,6,371.8911694782551,1,5,1,1
190943216_190949833_0,70,65,60,93.08243777167112,3,0.0,3,2,1,1
692247839_1377806812_0,65,65,60,8.059395496348836,4,10.853073075603374,3,3,1,1
13182294709_11516978571_0,50,50,45,13.998960268250237,4,384.7797155892709,2,4,1,1
6788605451_1613639990_0,60,60,55,24.464070838191198,5,148.78630794570125,1,2,1,1
4592704423_4600193563_0,65,65,60,9.622233609595565,5,14.137150423358076,10,4,1,1
12856608727_412453955_0,65,65,60,22.359569015645956,4,198.9808730447033,3,3,1,1
4834501639_4834501641_0,65,60,55,40.200244072618005,3,0.0,11,4,14,1
4549311789_560025943_0,60,60,55,1.0900847002816971,5,108.71195766514413,5,3,1,1
2473393709_2473393679_0,55,55,50,100.7650640887238,5,274.50229379531584,2,2,11,1
411290662_1496385013_0,55,55,50,25.851925727391343,5,61.32983064599436,1,2,1,1
556051468_556431968_0,55,55,55,124.99879602863228,4,202.320756274502,1,3,1,1
1613639993_6788605451_0,60,60,55,28.249196118308795,5,148.78630794570125,1,2,1,1
1613654102_6788605451_0,60,60,55,15.969746821763142,5,132.97411358443443,1,2,1,1
11843560339_600466268_0,55,50,45,23.46252149844795,5,0.0,5,3,1,1
12405205112_9127817655_0,55,50,45,8.456451707199337,4,198.26416907770613,1,7,3,1
364718311_692247833_0,65,60,55,24.274039319076778,3,0.0,6,5,1,1
634519979_634646779_0,65,65,60,15.14999370564544,4,222.9951767323676,1,4,1,1
1381852561_402875797_0,65,60,55,65.76830355614227,2,0.0,9,8,1,1
418737420_7159551275_0,60,60,55,9.486221860579809,5,25.00202505959257,2,10,1,1
7159551275_418737420_0,60,60,55,9.486221860579809,5,25.00202505959257,2,10,1,1
323190145_323190146_0,65,65,60,5.985975744191002,3,0.0,8,3,1,1
557237901_9424968274_0,60,60,55,87.33564241321618,3,0.0,16,2,1,1
2589060116_3376229198_0,65,60,55,101.47491788834216,4,13.766445772302577,7,4,1,2
3376229198_2589060116_0,65,60,55,101.47491788834212,4,13.766445772302577,7,4,1,2
7038518576_3376229198_0,65,60,55,84.2261690188318,6,9.585800820860856,4,3,1,2
1613682427_959409813_0,65,65,60,478.8941255220699,3,0.0,1,3,1,1
26057116_216350784_0,65,65,60,159.37369335229013,3,0.0,8,22,12,1
576583036_4111795596_0,55,55,50,211.8755786873972,5,23.621170163034066,1,2,1,1
390227101_1309411137_0,65,65,60,13.60189370907197,2,0.0,14,3,2,1
126781115_390227101_0,65,65,60,38.3733536013448,2,0.0,16,3,1,1
7305839412_1297790607_0,45,45,40,9.34277338675784,4,204.95269919813737,2,6,1,1
13117171043_13117171034_0,45,40,0,26.861197675569294,5,472.26608520067686,1,2,1,1
552884809_9520553515_0,65,65,60,105.7202872642242,3,0.0,29,4,1,1
7305804171_2123195997_0,50,50,45,7.319905924611845,5,750.0,1,2,1,1
1912198617_1912198609_0,55,55,50,34.6487010951234,4,750.0,1,2,1,1
604943427_12923224032_0,65,65,60,4.853286743655315,4,0.0,6,5,1,1
7305804171_2123195996_0,50,50,45,26.61185538044115,5,750.0,1,2,1,1
598221318_598221321_0,65,60,55,13.370263625890516,4,517.4828730798122,11,4,1,1
4111796210_574969097_0,65,65,60,32.42196036369368,5,44.43127307102122,1,3,1,1
7302038099_2498390691_0,65,65,60,23.421570519529865,5,64.86517219340632,1,2,1,1
7302038104_2498390691_0,65,65,60,51.6517975305357,5,49.61177905242602,1,2,1,1
687897100_687897144_0,65,60,55,147.2263596873555,4,220.7425073425504,26,3,1,1
6100210208_6100210191_0,55,55,50,7.336124517832156,5,635.5569772523688,1,2,1,1
1305741260_1001228568_0,60,60,55,21.97228193229511,6,43.68990932689061,1,3,3,1
1374370366_1374370548_0,45,40,0,62.32254211450214,5,678.0618499823817,1,5,1,1
1374370548_1374370366_0,45,40,0,62.32254211450214,5,678.0618499823817,1,5,1,1
4592704409_3922954360_0,60,60,55,2.830579798068994,4,8.16349477010463,8,4,1,1
481122454_252850941_0,60,60,55,240.6455068716918,2,0.0,5,20,4,1
7243531434_3145262115_0,55,55,50,22.40356075577263,4,712.7738326506097,1,3,1,1
687897182_4476005036_0,65,60,55,99.87805889569074,4,120.33496926710428,20,2,2,1
430764812_430764812_0,65,60,55,68.39643169644705,5,41.89425896857709,1,5,7,1
3299255723_3299255724_0,65,65,60,20.7646942918648,4,69.40294161340282,6,2,4,1
1309411137_390227104_0,65,65,60,28.11405698264234,2,0.0,17,3,4,1
2473393788_2473393793_0,60,60,55,15.6123923147645,4,265.9250106562761,3,2,16,3
2473393793_2473393756_0,60,60,55,101.72751836879516,5,276.5839748460847,3,2,17,3
1768889587_5286242896_0,65,60,55,201.9197092607976,4,234.2376446171453,11,5,2,1
1500032696_2510477873_0,65,65,60,108.46551006767804,2,0.0,9,9,2,1
323190137_2707390543_0,65,65,60,18.391182628457265,3,0.0,7,6,2,1
554162152_553061171_0,60,60,60,917.9206527282628,5,40.866750543926486,5,2,1,1
2473393781_30297530_0,60,60,55,106.5499043164032,5,265.7491681852861,3,2,18,3
573420821_687897107_0,60,60,55,54.11798790078896,5,380.25398201483785,4,5,1,1
1613639964_1613639990_0,60,55,55,92.35676534737422,5,84.84807578997997,1,2,1,1
3207273319_8338986129_0,70,70,65,13.865327283501108,3,0.0,8,3,4,1
1120489442_7663721759_0,70,70,65,24.397847847218504,2,0.0,12,4,1,1
8473849046_552884809_0,65,65,60,81.13254088781567,5,0.0,20,3,1,1
415402218_323190145_0,65,65,60,17.332812121657053,3,0.0,7,4,2,1
7233634023_690679240_0,65,60,55,1.877976168089759,4,57.0236111678178,7,4,1,1
556541665_557237874_0,60,60,55,120.0303533249159,3,0.0,1,2,1,1
253790691_6376850717_0,60,60,55,14.082154637649824,4,422.90779312845575,1,5,1,1
1297790607_2128039905_0,45,45,40,5.058988618167541,4,207.3245795022105,2,6,1,1
688393808_1496385006_0,50,50,45,25.76105646861043,5,75.06243979214564,1,2,1,1
1613639993_1613654102_0,60,60,55,36.80613854074277,5,132.97411358443443,1,2,1,1
10778099644_10778099645_0,55,55,50,4.506502820887594,5,272.0377922390847,1,2,1,1
2480495525_2881600611_0,70,65,60,16.05911548288165,2,0.0,5,5,7,1
2881600611_1479422555_0,70,65,60,21.39303541115405,5,0.0,6,5,7,1
553047710_9446689097_0,60,60,60,23.97486766489232,5,517.8880316055848,1,2,1,1
553047710_553047564_0,60,60,60,26.90008111973667,4,528.1807928899664,1,2,1,1
1930254000_5678341335_0,60,60,55,15.305276409692928,5,358.50483260036964,4,4,1,1
5678341335_1930254000_0,60,60,55,15.305276409692928,5,358.50483260036964,4,4,1,1
390227138_416523685_0,65,65,60,154.84076429143968,4,25.52122606303796,13,12,1,1
8930700701_558752232_0,60,60,55,157.57840971815335,4,504.1978506370835,1,3,1,1
4708182435_8473849046_0,55,55,50,73.61342128694994,5,80.81986909723813,1,2,1,1
559911564_553061209_0,60,60,55,922.1234508104174,4,92.69541360445348,1,5,1,1
6100210202_6100210193_0,60,60,50,17.433535138431683,5,647.2293563852493,1,2,1,1
553061185_553064821_0,55,55,55,190.4684670974252,4,506.1207153717929,1,3,1,1
558752232_9444287955_0,65,60,55,517.9768888108862,5,0.0,1,2,1,1
2111273207_2111273198_0,70,70,65,7.565872563102177,5,46.39463172394398,6,7,1,1
1400448339_11466476299_0,65,65,60,13.207809836025913,5,0.0,9,5,19,1
2473393905_2473393875_0,65,60,55,107.83202521861092,5,0.0,9,2,31,2
13859746860_13859746862_0,55,55,50,7.291921922032946,5,213.4894843829225,1,2,2,1
2235259412_2235259451_0,65,60,55,3.035139788002104,4,269.7143012821671,3,2,1,1
11282472027_1311619517_0,65,65,60,6.9836821773817945,4,0.0,16,9,5,1
2235259424_378214298_0,65,60,55,3.1907672398281943,4,263.14075873222254,3,2,1,1
1817382347_8974093841_0,65,65,60,6.0259385996607655,3,0.0,1,2,1,1
168529411_1751329341_0,55,55,50,22.93815178146241,5,693.8982735769638,1,3,1,1
1751329358_168529411_0,55,55,50,23.33326725786567,5,693.8982735769638,1,3,1,1
9446689099_8930700701_0,60,60,55,28.12362211783542,5,515.7657168739499,1,3,1,1
553047582_8930700701_0,60,60,55,28.05267771269356,4,528.1359160813553,1,3,1,1
687897144_687897164_0,65,60,55,24.84597595555356,4,355.95120367905395,17,3,1,1
1930253996_5678341335_0,55,50,45,147.0224770817261,5,371.938608794786,4,4,1,1
634646779_7024426870_0,50,50,45,282.1725390480907,5,182.0725368764528,1,5,1,1
553047564_553047566_0,60,60,60,6.17411553034674,4,522.2008298472466,1,2,1,1
219029429_219029432_0,65,65,60,19.12364366193975,4,0.0,7,5,10,1
574969052_9429582959_0,60,60,55,8.044332408747433,5,239.87705166411573,1,3,1,1
553047574_553047582_0,60,60,55,7.810419501731095,4,520.5851304358923,1,3,1,1
2473393838_2767286491_0,60,60,55,108.40363467503308,5,134.62730169069212,9,2,29,4
493812457_6802966816_0,70,65,60,335.32955483661,5,7.544783916912871,1,5,1,1
4251794054_12643382282_0,70,65,60,105.95049250159254,5,50.13739201421601,1,2,1,2
553061207_8930700694_0,55,55,55,161.0118080041838,4,533.5789516011798,1,3,1,1
427955476_427955477_0,60,60,55,8.902902679879427,4,313.83392462262003,1,2,1,1
1708943451_556051517_0,60,60,55,110.58950576910198,4,0.0,12,2,1,1
552885018_552884819_0,65,65,60,38.61590649027472,3,0.0,10,2,1,1
4708182445_552885018_0,65,60,55,99.88881299242922,3,0.0,17,2,1,1
8267495895_561521688_0,55,55,50,13.905615748515542,3,0.0,13,4,1,1
3683481331_9258535584_0,65,65,60,105.57945481569072,3,0.0,29,4,1,1
904641331_12856608727_0,60,60,55,17.069152344851535,5,213.71079089746328,3,3,1,1
12856608727_904641331_0,60,60,55,17.069152344851535,5,213.71079089746328,3,3,1,1
2235259412_10778099645_0,55,55,50,298.96331419164,5,269.7143012821671,3,3,1,2
10778099645_2235259412_0,55,55,50,298.96331419163994,5,269.7143012821671,3,3,1,2
8930700703_553047540_0,60,60,55,24.86542804066404,4,544.0079434060397,1,4,1,1
553047540_11750142227_0,60,60,55,14.15336625355334,4,544.0079434060397,1,4,1,1
11750142228_553047553_0,60,60,60,13.199819660307426,4,544.0239348719647,1,2,1,1
553047553_553047669_0,60,60,60,27.592599240393927,4,544.0239348719647,1,2,1,1
5163670097_4558542629_0,65,60,55,67.97416102643044,4,134.5297746387946,33,6,3,3
523781538_528811398_0,65,60,55,16.320466614612343,3,0.0,2,3,1,1
528811398_523781538_0,65,60,55,16.320466614612343,3,0.0,2,3,1,1
347353584_2268659706_0,60,60,55,5.661190365721428,3,0.0,5,2,1,1
553064821_553061231_0,55,55,55,39.19200127965615,4,528.8150475959462,1,2,1,1
553061171_8930700703_0,60,60,55,165.108237869849,4,528.8998373077842,1,4,1,1
8930700703_11750142227_0,60,60,55,32.46640380283255,5,544.0655806914073,1,4,1,1
301572132_2495598155_0,65,65,60,127.56345700424038,2,0.0,22,13,20,1
1377806863_1377806827_0,65,65,60,11.492566867430243,3,0.0,5,4,1,1
4538123405_12945165124_0,70,65,60,24.13100158122948,3,0.0,10,4,18,1
290060063_4345461389_0,60,60,55,29.81775899101237,3,0.0,5,7,1,1
4436378458_2709095334_0,60,60,55,11.695320587950288,4,18.334173903680824,5,3,1,1
4436378458_2709095335_0,60,60,55,14.90056767852242,4,22.682671669990867,5,3,1,1
3856010100_3856010099_0,50,45,40,136.13214566061944,6,204.0394510663212,4,7,6,2
3683481343_3683481331_0,65,65,60,63.95122196827376,5,0.0,9,4,1,1
412453120_1011403944_0,60,60,55,24.98373098655217,4,184.2975354616216,5,5,1,1
30618113_30618100_0,55,50,45,325.0983932873641,5,126.52658759484696,4,3,4,1
8119755207_1930253996_0,55,50,45,4.453104868729958,5,381.93314671579,1,2,1,1
553047669_4111508836_0,60,60,60,149.8294933548982,4,400.03811360242247,1,2,1,1
258562655_258562660_0,70,65,60,57.24774173630525,2,0.0,5,2,1,1
7252348260_7252348261_0,65,60,55,8.957094807230227,4,3.3756993179507475,5,4,2,1
12945165124_4538123400_0,65,65,60,132.8467457805519,3,0.0,17,6,26,1
7302038099_7302027436_0,65,65,60,43.33949119538615,5,65.07435504272934,1,2,1,1
4111508833_4111508831_0,60,60,55,48.37180840674866,4,134.63670823790684,1,2,1,1
366218442_366222911_0,45,45,40,232.8767161964946,5,453.8409942679697,1,4,1,1
2319508640_574969048_0,60,60,55,44.39235471213462,5,38.64740196550512,1,2,1,1
574969048_574969043_0,60,60,55,45.84465847341808,5,26.773651375569575,1,2,1,1
10218940989_4111795643_0,60,60,55,251.4554228459595,5,41.08912160385126,6,6,1,1
10218940989_4111795620_0,65,65,60,3.5504875302089918,5,46.47696726947276,5,2,1,1
4111795620_10218940989_0,65,65,60,3.5504875302089918,5,46.47696726947276,5,2,1,1
4554375438_4554375436_0,65,60,55,21.077556856060927,4,149.3196535427699,13,12,2,1
7302038104_7302038099_0,65,65,60,71.227830303333,5,49.511639496764055,1,2,1,1
899314388_2686522116_0,70,65,60,155.61885857807496,3,0.0,12,21,6,1
1116318859_13324378812_0,70,65,60,81.2092042432379,2,0.0,1,5,3,1
2344645253_2235259412_0,65,60,55,16.61374935374027,4,255.160619056692,3,2,1,2
5678341335_8119755207_0,55,50,45,147.21018881134458,5,371.938608794786,4,4,1,1
30264559_303635779_0,40,40,0,50.874063690467885,6,83.79324572034766,1,2,1,1
8930700699_9446689099_0,55,55,50,16.521098390445147,5,504.6369505223526,1,3,1,1
8930700699_9446738721_0,55,55,50,8.810552682449574,5,504.6369505223526,1,3,1,1
559052401_3358594835_0,70,65,60,114.75404926212632,4,0.0,8,3,1,1
9446738720_553047568_0,55,55,50,8.30411676434884,5,511.5069887142218,1,2,1,1
553047566_553047568_0,55,55,50,16.50113070254989,4,511.5069887142218,1,2,1,1
10782483584_10782483583_0,60,55,50,18.546232599468752,5,294.037003811177,1,2,1,1
10782483583_10782483584_0,60,55,50,18.546232599468752,5,294.037003811177,1,2,1,1
9424968274_1708943375_0,65,60,55,22.711492870959017,3,0.0,15,2,1,1
627782769_627782756_0,70,70,65,26.78046546898815,5,38.68817712007117,1,2,1,1
627782756_627782755_0,70,70,65,30.33103567493866,5,38.68817712007117,1,2,1,1
393394107_6815991627_0,70,70,65,21.1240830871982,4,0.0,4,2,1,1
561521651_3289914607_0,65,60,55,17.10683342758795,4,383.0164966184676,6,3,2,1
3299255725_2915525921_0,65,65,60,12.448860769226767,4,56.48921739173621,7,2,4,1
959409835_9444287955_0,65,60,55,29.19608119809405,3,0.0,1,2,1,1
4111508836_4111508834_0,60,60,60,37.89755893038168,4,362.1565112648917,1,2,1,1
2480495525_1479422555_0,70,65,60,10.869133574630222,5,0.0,6,5,7,1
8974093830_1817382347_0,65,65,60,5.709294249498127,5,0.0,1,2,1,1
4307026178_290060007_0,60,60,55,29.59085975570429,3,0.0,5,3,2,1
13117180429_430540359_0,65,65,60,87.08940114228197,5,16.121876236192684,1,5,1,1
430540359_13117180429_0,65,65,60,87.08940114228197,5,16.121876236192684,1,5,1,1
7302027473_2319508646_0,65,65,60,663.8849972317181,5,39.1852720751718,2,7,1,1
9429582953_9429582962_0,55,55,50,36.28652992295546,5,252.46250964852672,1,3,1,1
12644016500_1479422538_0,70,65,60,27.987542175982504,2,0.0,3,8,1,2
8119755207_10778099645_0,55,55,50,109.88871833470478,5,272.0458888768304,1,2,1,1
3299255724_3299255725_0,65,65,60,15.33589181238748,4,63.36938924183677,7,2,4,1
4112026259_4112026217_0,65,65,60,73.40213058468045,3,0.0,4,4,1,1
4112026217_557237989_0,65,65,60,69.38857109461559,3,0.0,1,2,1,1
9442009768_4112026259_0,65,65,60,768.607138732594,3,0.0,8,8,1,1
7507211789_1603753674_0,70,65,60,35.689856462605576,4,0.0,4,10,18,1
574969115_30315492_0,65,65,60,126.6893332789272,3,0.0,4,3,1,1
1708943419_574969115_0,65,65,60,326.5190184356353,3,0.0,7,8,1,1
574969096_574969140_0,65,65,60,180.63010628287083,5,57.13357550781085,1,3,1,1
2709095334_2709095336_0,60,60,55,10.084413752250368,4,10.10513262336882,5,3,1,1
4431636973_4346093747_0,60,60,55,110.89091394068028,3,0.0,10,6,1,1
1311619294_126769419_0,70,70,65,127.73623297237847,2,0.0,5,2,1,1
7160883598_4880337149_0,65,60,55,326.0544601677587,3,0.0,18,10,26,1
4416582821_4416582822_0,60,60,55,10.623405716207444,2,0.0,2,3,1,1
8267495882_561521689_0,55,55,50,24.412020056143355,3,0.0,11,4,1,1
1935827811_1935827826_0,55,50,45,107.44167458909862,5,137.91979210804118,1,2,1,1
779227747_4397168781_0,60,60,55,16.5883697181192,4,296.55560134189466,1,3,30,1
4111733889_4112026265_0,50,50,45,655.6642421458243,5,69.84863576985256,1,2,1,1
4112026265_4111733889_0,50,50,45,655.6642421458243,5,69.84863576985256,1,2,1,1
3333594462_959409822_0,65,65,60,47.37104770985128,3,0.0,1,2,1,1
11750142227_553047542_0,45,45,40,1.5877365505975785,4,557.1646763090644,1,4,1,1
4111795602_7302027436_0,65,65,60,36.736965032842576,5,58.48868035160593,1,2,1,1
3207273319_1126848552_0,70,70,65,20.33076828279362,4,0.0,8,4,5,1
1126848552_3207273319_0,70,70,65,20.33076828279362,4,0.0,8,4,5,1
13117180464_13117180429_0,65,65,60,18.03953156940569,5,24.19173083316888,1,3,1,1
687897145_687897143_0,65,60,55,10.839040400282084,4,368.7848951212769,13,3,1,1
420051104_2129606046_0,70,65,60,14.806471781261584,5,76.983373537642,3,2,1,1
9446738721_553047574_0,55,55,50,8.656585898732477,5,512.6809606392695,1,3,1,1
9446738721_9446689099_0,55,55,50,9.097269076479632,5,512.6809606392695,1,3,1,1
993061632_9769889198_0,65,65,60,32.58275365863763,4,225.06239976330733,5,4,1,1
553047566_9446738720_0,60,60,60,10.038500902640836,5,513.0051420799393,1,2,1,1
7302027436_574969014_0,65,65,60,38.67132834560199,5,48.33496889540011,1,2,1,1
1297470708_262250621_0,60,60,55,26.98805236897893,3,0.0,13,5,5,1
552864292_552884638_0,65,65,60,95.39241127433384,3,0.0,7,2,1,1
9446689097_8930700698_0,55,55,50,19.7244854466298,5,504.7941412231553,1,2,1,1
9446738720_8930700698_0,55,55,50,8.961458599052634,5,504.7941412231553,1,2,1,1
574969097_574969096_0,65,65,60,8.823470662516382,5,57.13357550781085,1,3,1,1
1382873574_8417604897_0,70,65,60,15.927887346436403,3,0.0,6,6,5,2
2709095335_2709095334_0,60,60,55,17.08724908934441,4,18.334173903680824,5,3,1,1
8957891342_8957891340_0,65,65,60,45.45181948552035,5,15.740348633052738,1,3,1,1
8957891340_8957891342_0,65,65,60,45.45181948552035,5,15.740348633052738,1,3,1,1
1708943494_1708943419_0,65,65,60,1036.7314750449264,3,0.0,15,10,1,1
30315492_552884648_0,65,65,60,209.2356821693344,3,0.0,2,3,1,1
3683481330_9178801032_0,60,60,55,276.57319841531927,5,176.33884984076292,1,4,1,1
1479422496_1479422555_0,70,70,65,34.2715078623494,2,0.0,6,6,7,1
2993804551_412437323_0,70,65,60,105.12421037540634,5,16.344267977463026,1,3,1,1
412437323_412437321_0,70,65,60,176.23151460165136,5,16.344267977463026,1,4,1,1
4111795612_7302038104_0,65,65,60,41.13301517961071,5,45.15417770946562,3,2,1,1
3683481330_4309638843_0,60,60,55,112.49544229867232,5,176.33884984076292,1,3,1,1
4111795630_4111795612_0,65,65,60,113.35938047803177,5,35.71050862166648,5,2,1,1
412444617_5254788638_0,65,65,60,117.90083244309302,2,0.0,8,10,8,1
3049188200_3049188205_0,70,70,65,81.42386100005379,5,7.870309063317629,9,3,7,1
262250617_262250618_0,65,65,55,1.9460590185358675,3,0.0,13,5,2,1
561521688_561521685_0,55,55,50,17.55371772679504,3,0.0,13,5,1,1
9446689097_9446738720_0,60,60,60,12.114027604833794,5,513.0051420799393,1,2,1,1
553047550_11750142228_0,45,45,40,1.6642483370401628,4,556.4209007409737,1,2,1,1
13117180429_13117180485_0,65,65,60,9.79886294316975,5,28.91146143848634,1,3,1,1
402875797_402875805_0,65,65,60,32.03680082999024,2,0.0,5,8,1,1
7663721759_323168908_0,70,70,65,34.267955860968435,4,0.0,9,4,1,1
1935827826_1935827830_0,60,60,55,21.54836311129504,5,155.73631962541216,1,2,1,1
1935827830_1935827826_0,60,60,55,21.54836311129504,5,155.73631962541216,1,2,1,1
11332260680_11332260681_0,70,70,65,21.838712662753775,5,21.45321728696033,1,2,1,1
219029432_219029434_0,70,65,60,14.845411900758652,3,0.0,11,6,9,1
13117180485_13117180464_0,65,65,60,10.807346623470064,5,30.512796282116707,1,3,1,1
1479422555_412442631_0,70,70,60,7.549848367147384,5,0.0,5,5,7,1
574969045_4111795630_0,65,65,60,928.8588788736024,5,25.54853703436605,2,8,1,1
4346093747_290060062_0,60,60,55,27.379793255350776,3,0.0,5,5,1,1
3308698041_701887661_0,65,65,60,2.623793882150091,2,0.0,6,5,1,1
4416582822_258562655_0,70,70,65,30.83818132774043,2,0.0,4,4,1,1
1613639990_1613639993_0,60,60,55,56.34173998009463,5,163.67848570644685,1,2,1,1
1520175201_1926251141_0,65,60,55,663.9209682991808,3,0.0,26,7,1,1
3244020217_2508776477_0,60,55,50,183.1480677463999,5,12.974190296157794,1,2,1,1
4111220654_4111220655_0,0,0,0,4.190546101707668,5,412.9526059409183,1,2,1,1
4111220655_4111220654_0,0,0,0,4.190546101707668,5,412.9526059409183,1,2,1,1
12859738687_904641331_0,60,60,55,13.66868478179554,5,229.0762181521858,3,3,1,1
904641331_12859738692_0,60,60,55,28.429774989565075,5,229.0762181521858,3,3,1,1
904641331_12859738687_0,60,60,55,13.66868478179554,5,229.0762181521858,3,3,1,1
12859738692_904641331_0,60,60,55,28.429774989565075,5,229.0762181521858,3,3,1,1
701887661_2017294208_0,65,65,60,36.3341918181383,2,0.0,6,5,1,1
574969045_2319508646_0,70,70,65,31.707615472814997,5,25.54853703436605,1,2,1,1
1926250821_1770760017_0,65,60,55,462.6901872926201,3,0.0,30,8,1,1
574969043_11332260680_0,70,70,65,1.297129144396546,5,26.01483592055516,1,2,1,1
616512963_1305741260_0,70,70,65,42.361466129024606,6,40.19634848805652,3,4,3,1
4005924750_574969009_0,70,65,60,36.49454077956422,4,26.617084642071585,1,2,1,1
2319508640_574969043_0,70,70,65,27.029374368021013,5,26.773651375569575,1,2,1,1
4111220654_604527107_0,0,0,0,102.21179405724158,5,377.45221820706695,1,2,1,1
604527107_4111220654_0,0,0,0,102.21179405724158,5,377.45221820706695,1,2,1,1
4112026233_4112026265_0,60,60,55,94.97143673050522,5,22.368199122026617,1,2,1,1
13117183609_13117180485_0,65,65,60,100.47456784798884,5,36.36456493830124,1,3,1,1
574969013_4111795602_0,65,60,55,6.399357776163944,4,52.14188135073191,1,2,1,1
4111795602_574969014_0,65,60,55,17.19550793105067,4,48.33496889540011,1,2,1,1
4005924748_574969013_0,65,65,60,31.557270748273524,4,32.0872171722163,1,2,1,1
4127392697_627782758_0,70,70,65,27.45973597262453,5,60.82007875616652,1,2,1,1
627782758_4127392705_0,70,70,65,20.162716703761514,5,60.82007875616652,1,2,1,1
2869959998_412444488_0,65,60,55,81.62677080086831,2,0.0,9,5,1,1
412444488_412444617_0,65,60,55,131.1579675588929,2,0.0,9,5,1,1
412444660_2869959998_0,65,60,55,14.549737492951778,2,0.0,8,5,1,1
4127392697_4127392705_0,70,65,60,11.988611086350003,5,68.01577974988966,1,2,1,1
2319508646_2319508640_0,60,60,55,35.68636504026004,5,51.72551003505928,1,2,1,1
316877741_252850929_0,70,65,60,864.7611042182106,1,0.0,15,14,1,1
627782769_627782755_0,70,70,65,39.11791653285479,5,47.0262303519953,1,2,1,1
552884648_8990275789_0,65,65,60,66.06003645788834,3,0.0,1,3,1,1
323169030_323169032_0,65,60,55,26.137349778986817,3,0.0,5,3,1,1
1374370975_4180259989_0,45,45,40,40.98515673812769,5,451.08028410997287,1,2,1,1
1374370182_1374370975_0,45,45,40,99.09548526676704,5,451.08028410997287,1,2,1,1
8396779114_5331033797_0,60,55,50,4.572578346004301,5,51.36392060043557,1,4,4,1
4112026265_4112026241_0,60,60,55,74.83106064581692,5,27.91007276531231,1,2,1,1
6428574628_1001441852_0,70,65,60,17.83491352735654,5,87.57258511493163,1,2,1,1
574969001_4005924748_0,65,65,60,20.47151732433229,4,32.0872171722163,1,2,1,1
1770760017_1770760054_0,65,60,55,6.401034119613221,3,0.0,5,2,1,1
3199153776_316877741_0,60,60,55,119.52794219526773,1,0.0,1,5,1,1
8396779114_8396779116_0,60,55,50,32.09816266447813,5,43.35295622252326,1,4,4,1
8396779116_8396779114_0,60,55,50,32.09816266447813,5,43.35295622252326,1,4,4,1
12859738639_8381461070_0,60,60,55,7.974213558117458,5,251.3881445280724,1,2,1,1
8381461070_12859738639_0,60,60,55,7.974213558117458,5,251.3881445280724,1,2,1,1
4127392705_6428574628_0,60,55,50,36.45196997140526,5,68.01577974988966,1,2,1,1
8396779114_5331033629_0,60,55,50,51.01813089596352,5,55.935524272460746,1,4,4,1
5331033629_8396779114_0,60,55,50,51.01813089596352,5,55.935524272460746,1,4,4,1
9441779068_1075627885_0,65,60,55,7.120856157873317,3,0.0,4,2,1,1
12859738692_12859738691_0,60,60,55,4.395778964689052,5,253.1571327790917,1,3,1,1
4111795643_7302027473_1,65,60,55,74.95460146080404,5,40.52439275639895,2,5,1,1
6802966816_629756642_0,70,65,60,34.521735600592464,4,36.76053562878344,1,3,1,1
1770738333_1613682462_0,70,70,60,51.23560890099188,4,75.50020786287774,1,2,1,1
1613682462_1770738360_0,70,70,60,43.26779122921922,4,80.02044778738596,1,2,1,1
574969014_4005924750_0,65,65,60,4.658215812966102,4,43.76651602309156,1,2,1,1
1770738333_1770738360_0,60,60,55,35.37237987097935,4,78.64357617611826,1,2,1,1
253761937_629756705_0,70,65,60,90.81599458181542,4,57.835490689080856,1,3,1,1
629756678_629756705_0,70,65,60,36.940499178981874,4,57.835490689080856,1,3,1,1
1401592250_1401592166_0,70,65,60,61.16296636864668,5,21.115709597344463,3,6,1,1
1401592250_364997573_0,70,65,60,245.5994289900204,5,21.115709597344463,1,8,1,1
4309638843_3683481343_0,55,55,50,146.64731225569042,5,63.95120400670654,1,6,1,1
364997570_1401592166_0,70,70,60,241.5473118955003,5,25.7782580090512,3,9,1,1
456868915_1075627980_0,65,60,55,32.787750066382024,3,0.0,6,2,1,1
456846815_1075627980_0,65,60,55,328.0216345144576,3,0.0,6,4,1,1
1912611122_1912611111_0,55,55,50,39.79147044480609,5,155.26935166170665,1,2,1,1
1912611119_1912611122_0,55,50,45,18.545605355878504,5,156.51840495384442,1,2,1,1
312680845_1484164576_0,50,45,45,101.49240470472527,6,330.4664621461775,1,2,1,1
1484164576_312680845_0,50,45,45,101.49240470472526,6,330.4664621461775,1,2,1,1
456868915_456846802_0,65,60,55,343.3568194232298,3,0.0,12,4,1,1
1912611111_1912611119_0,60,60,55,14.544262567508284,5,153.4978489933748,1,2,1,1
2128036087_7305839386_0,50,50,40,14.021744168326236,5,745.4398338876288,1,2,1,1
7305839386_2128036087_0,50,50,40,21.589568358569988,5,738.5396527706981,1,2,1,1
9436508648_9436508648_0,65,60,55,39.98835007417424,5,440.9740276760138,1,2,1,1
13117183629_13117183609_0,65,65,60,10.082313739886072,5,130.81188649214064,1,2,1,1
253761937_5405608626_0,70,65,60,28.51483253648383,4,142.7145582776659,1,3,1,1
2239782909_253761937_0,70,65,60,34.30655178275529,4,144.43078469035513,1,3,1,1
588014356_2239782909_0,70,65,60,34.94877285231607,4,171.92796475406016,1,3,1,1
588014356_8244634502_0,70,65,60,83.10901309317042,4,196.54371468811004,1,2,1,1
8244634502_588014356_0,70,65,60,83.10901309317042,4,196.54371468811004,1,2,1,1
364997573_364997570_0,70,65,60,42.79926819001248,5,265.78315461171064,1,4,1,1
364997573_364997570_1,70,65,60,204.85334171550048,5,265.78315461171064,1,4,2,1
1259351650_8244634502_0,70,65,60,916.3352448494996,4,279.112043574554,2,4,1,1
8244634502_1259351650_0,70,65,60,916.3352448494994,4,279.112043574554,2,4,1,1
456846815_456846802_0,65,60,55,41.9919286714619,3,0.0,1,3,1,1
456846784_456846815_0,65,60,55,57.39898679500878,3,0.0,1,3,1,1
456846802_456846784_0,55,55,50,49.17928131146928,3,0.0,1,3,1,1
21638845_885308258_0,60,60,55,28.292091941222647,5,750.0,3,4,2,1
885308314_21638845_0,60,60,55,31.25781938826478,5,750.0,3,4,2,1
885308314_885308258_0,60,60,55,22.009756343228705,5,750.0,3,4,2,1
2239783567_885308314_0,60,60,55,123.95254634906904,5,750.0,6,5,4,1
885308258_885308166_0,60,60,55,119.29294615200642,5,750.0,7,5,4,1
2239783567_885308166_0,60,60,55,26.51885705098516,5,750.0,4,3,2,1
885308166_2239783361_0,60,60,55,10.361650342602232,5,750.0,5,3,2,1
4577282718_2239783567_0,60,60,55,10.13680585171524,5,750.0,5,3,2,1
2239783361_4577282718_0,60,60,55,30.91457483233223,5,750.0,5,3,2,1
2239783361_885307899_0,60,60,55,111.79316710272803,5,750.0,5,3,2,1
885307964_4577282718_0,60,60,55,112.32889757889664,5,750.0,5,3,2,1
885307964_885307899_0,60,60,55,26.890053888326115,5,750.0,1,2,1,1
885307899_885307964_0,60,60,55,52.89935571022015,5,750.0,1,2,1,1
