road_id,lden_db_true,pred_linear,pred_xgboost,pred_random
10371529_743371634_0,65.0,61.47,62.82,64.55
10371529_743371622_0,65.0,58.13,62.91,64.1
10371530_267873043_0,65.0,61.63,60.59,58.4
13595397_271096577_0,65.0,72.36,64.87,65.8
13595397_344814479_0,65.0,70.95,62.36,65.1
13595397_8383189623_0,65.0,68.9,68.06,67.47
13598756_245474388_0,65.0,71.85,63.85,64.05
13598756_243908533_0,65.0,66.84,61.0,62.14
13598788_13919627_0,65.0,67.6,64.27,62.75
13598788_12452780553_0,65.0,69.26,63.94,63.15
13919619_28836311_0,65.0,65.06,60.9,58.4
13919619_28836319_0,65.0,65.27,62.69,60.3
13919627_169693523_0,65.0,66.1,63.35,62.55
13919627_29089629_0,65.0,68.69,64.08,60.7
13919638_90597716_0,65.0,62.64,55.44,56.45
13919638_29750051_0,65.0,63.26,59.83,57.96
13919638_2795860839_0,65.0,64.01,62.02,61.99
13919640_615044973_0,60.0,69.62,63.44,64.03
13919640_28836318_0,65.0,66.81,62.81,63.3
13919640_582645232_0,65.0,68.17,63.98,64.5
13919646_153561901_0,65.0,66.4,63.56,62.0
13919646_2739072743_0,65.0,62.72,60.24,61.05
13919646_29749837_0,65.0,62.55,63.67,61.8
13919649_53723978_0,65.0,66.01,64.67,63.4
13919649_169693523_0,65.0,64.9,59.79,61.65
13919649_169694475_0,65.0,63.64,58.48,60.5
13919653_31333462_0,60.0,65.42,59.29,58.55
13919653_674738386_0,60.0,64.86,60.05,57.05
13919747_21225882_0,65.0,70.03,63.22,63.86
13919747_95766256_0,65.0,67.87,64.57,63.95
13919747_31333461_0,65.0,70.77,61.72,64.8
13919748_285092984_0,65.0,69.08,65.1,63.2
13919748_245474392_0,65.0,69.12,66.3,63.05
13919748_13598788_0,65.0,66.63,62.6,61.3
13919749_169694476_0,65.0,66.38,61.34,61.2
13919749_245474390_0,65.0,68.69,64.77,63.4
13919749_169694616_0,65.0,65.67,62.41,59.94
21225800_21226989_0,60.0,72.56,59.13,58.25
21225800_21226778_0,60.0,77.68,56.38,60.95
21225801_729314001_0,60.0,76.29,59.33,56.7
21225803_21226395_0,65.0,64.49,61.92,63.75
21225803_21226754_0,65.0,65.57,62.01,62.65
21225803_12812222607_0,65.0,65.82,62.04,62.55
21225808_21226838_0,60.0,71.87,54.28,53.2
21225808_2720690359_0,60.0,72.23,58.43,56.2
21225808_2720690361_0,60.0,71.74,56.03,53.6
21225811_21226321_0,60.0,72.58,62.74,64.0
21225817_21226870_0,65.0,68.13,69.92,61.35
21225818_313322380_0,65.0,78.19,60.14,63.45
21225818_618006657_0,65.0,82.08,62.87,65.1
21225818_1477831867_0,60.0,80.63,62.82,64.4
21225818_2565024928_0,65.0,81.76,59.98,64.75
21225819_279703106_0,60.0,67.63,58.91,58.95
21225819_21226575_0,60.0,66.8,55.58,54.4
21225819_21227246_0,60.0,69.2,61.68,57.65
21225819_21226844_0,60.0,69.29,64.74,64.25
21225824_21226824_0,65.0,78.81,68.61,67.85
21225824_280227747_0,60.0,75.69,62.51,64.9
21225824_3976104945_0,65.0,79.76,61.35,67.35
21225825_21226608_0,65.0,77.45,63.38,65.35
21225825_21226061_0,60.0,75.98,60.84,63.35
21225826_21226048_0,65.0,68.47,58.45,62.05
21225829_21227082_0,65.0,81.8,70.42,67.15
21225829_21227302_0,65.0,81.01,69.86,67.6
21225829_27560402_0,65.0,77.11,65.98,64.3
21225833_11051128466_0,60.0,70.29,64.87,65.05
21225834_281691016_0,65.0,67.02,53.78,57.3
21225836_21226404_0,65.0,72.39,56.91,58.75
21225836_3976104945_0,65.0,72.55,55.91,61.85
21225843_21226848_0,65.0,72.54,60.22,63.95
21225843_1253812997_0,65.0,72.47,65.35,63.55
21225843_2564459446_0,65.0,72.2,61.21,60.65
21225847_5429839588_0,65.0,77.25,65.24,66.1
21225848_9398135553_0,65.0,73.73,63.47,65.75
21225848_1479249878_0,65.0,73.4,62.12,65.7
21225850_21226159_0,65.0,81.29,62.77,67.65
21225850_21227119_0,65.0,81.56,63.04,68.4
21225852_5429836161_0,65.0,77.45,68.41,65.89
21225853_21226105_0,65.0,81.01,63.86,65.55
21225853_561071396_0,65.0,78.51,62.45,63.65
21225853_2565027896_0,65.0,76.9,61.94,64.1
21225854_2940260706_0,60.0,70.7,63.59,65.52
21225854_2940260710_0,60.0,63.57,59.08,61.95
21225855_260580000_0,65.0,75.69,63.09,63.05
21225855_21226668_0,65.0,77.52,60.48,63.2
21225855_21226073_0,65.0,73.2,59.81,62.95
21225860_21226455_0,60.0,62.32,64.88,62.46
21225860_27552409_0,65.0,68.28,64.52,64.85
21225862_21226199_0,65.0,76.59,68.6,67.77
21225865_21226262_0,65.0,72.8,63.61,64.1
21225865_21227236_0,65.0,71.14,64.95,65.35
21225865_21226629_0,65.0,70.88,63.31,64.6
21225867_21227022_0,65.0,71.56,66.0,62.75
21225867_21226377_0,60.0,71.34,58.11,56.6
21225869_281801263_0,65.0,81.33,60.99,63.85
21225871_3371765471_0,65.0,70.48,62.44,63.65
21225871_31107254_0,65.0,70.48,63.34,62.95
21225872_21226209_0,60.0,61.54,54.3,52.65
21225872_12694865805_0,60.0,62.01,53.05,55.15
21225882_27560180_0,65.0,68.01,65.28,63.9
21225882_21663192_0,65.0,70.11,62.88,64.25
21225882_13919747_0,65.0,70.03,63.22,63.86
21225885_2092324665_0,65.0,68.79,62.09,64.3
21225885_28848502_0,60.0,70.96,65.17,64.8
21225885_1725740922_0,60.0,70.48,66.18,65.0
21225887_21226571_0,55.0,71.58,59.49,58.05
21225887_21227280_0,60.0,71.2,56.68,58.45
21225887_21226404_0,60.0,72.3,56.99,58.8
21225888_21227155_0,60.0,68.93,62.05,58.2
21225888_21227116_0,65.0,69.6,58.76,59.45
21225888_21226810_0,65.0,70.04,59.73,59.5
21225890_21227299_0,60.0,60.41,54.02,53.4
21225891_21226718_0,65.0,73.42,66.95,65.0
21225891_21227246_0,60.0,70.7,63.45,63.9
21225896_21226895_0,65.0,82.27,68.06,70.25
21225896_21227167_0,65.0,80.46,67.94,68.75
21225898_21226622_0,65.0,80.15,67.11,67.5
21225899_21493991_0,65.0,79.22,65.98,68.45
21225899_29462547_0,65.0,82.16,64.92,70.65
21225900_258002853_0,65.0,65.5,65.7,65.4
21225900_21226557_0,65.0,67.56,63.86,65.0
21225900_21226841_0,65.0,71.24,64.19,64.4
21225901_21227074_0,65.0,68.84,60.26,58.43
21225902_2567747154_0,65.0,69.66,60.07,62.8
21225902_245396078_0,65.0,66.71,55.46,62.6
21225903_2535076404_0,65.0,65.89,62.36,63.45
21225903_21227198_0,65.0,65.62,62.66,64.15
21225903_2535072393_0,65.0,66.58,62.47,62.05
21225911_21226295_0,65.0,71.23,57.62,59.45
21225911_21226670_0,65.0,72.13,64.07,63.4
21225916_21226524_0,65.0,71.74,61.67,62.7
21225916_21226764_0,65.0,74.3,65.52,63.65
21225918_21227132_0,65.0,74.28,68.2,67.7
21225918_2463244832_0,65.0,75.95,66.95,66.25
21225919_21226636_0,65.0,73.66,65.44,63.75
21225919_2583464067_0,65.0,72.0,66.25,64.25
21225931_21226659_0,60.0,72.82,68.35,65.45
21225931_21226718_0,65.0,76.49,67.31,64.95
21225931_2896900080_0,60.0,75.9,67.69,65.45
21225931_21226609_0,65.0,73.17,67.03,65.55
21225933_10275637387_0,65.0,79.17,60.93,62.8
21225936_21227124_0,65.0,72.08,62.88,61.75
21225936_21227008_0,65.0,71.51,62.42,60.1
21225938_21227265_0,65.0,69.57,64.38,62.85
21225938_29137388_0,65.0,69.13,63.83,60.35
21225939_21227144_0,65.0,66.07,63.61,65.2
21225939_291888153_0,65.0,67.3,65.04,65.85
21225943_21227203_0,60.0,60.64,51.52,53.9
21225945_21225916_0,65.0,73.22,65.12,64.75
21225945_21227097_0,65.0,74.16,62.5,63.3
21225947_21226702_0,65.0,73.55,65.16,63.1
21225947_21225843_0,65.0,72.76,58.26,63.75
21225950_737464385_0,65.0,69.13,65.01,61.45
21225950_2783003727_0,65.0,65.56,65.13,63.2
21225951_1396421847_0,60.0,74.37,63.87,63.85
21225951_21227142_0,60.0,74.36,67.8,65.15
21225952_21226928_0,65.0,71.96,64.5,61.05
21225952_21226807_0,60.0,71.44,56.83,58.2
21225955_21227153_0,65.0,67.47,57.49,56.55
21225955_21310616_0,65.0,69.71,53.37,57.65
21225955_266326064_0,65.0,70.09,52.31,57.85
21225957_28848566_0,65.0,60.46,62.53,62.2
21225962_21257039_0,60.0,68.4,56.5,58.0
21225962_21226379_0,65.0,69.17,58.26,58.5
21225962_21227146_0,65.0,68.91,58.37,58.9
21225969_21226212_0,60.0,71.95,59.12,58.6
21225969_21227298_0,65.0,73.05,63.5,64.1
21225969_21226504_0,65.0,71.76,61.15,62.05
21225973_206145062_0,65.0,73.1,68.89,69.0
21225973_258170033_0,65.0,70.49,67.31,68.0
21225974_564456388_0,65.0,68.65,65.35,64.65
21225974_21226351_0,65.0,70.03,65.19,65.9
21225978_2781431568_0,65.0,68.59,61.59,62.55
21225978_1234747209_0,65.0,68.27,58.36,58.65
21225979_3231455597_0,60.0,78.61,62.85,62.3
21225979_21226049_0,60.0,78.74,64.64,61.3
21225980_21226390_0,65.0,78.34,63.64,65.85
21225980_13902882534_0,65.0,75.44,65.09,61.08
21225980_13192046590_0,65.0,75.41,63.72,66.65
21225981_21226801_0,60.0,72.97,58.68,57.15
21225981_21227131_0,60.0,72.97,58.1,56.25
21225981_21225808_0,60.0,72.68,56.87,56.96
21225987_28848565_0,65.0,66.51,63.84,62.9
21225988_430951186_0,60.0,67.51,57.85,57.35
21225988_1322862659_0,60.0,67.73,61.49,58.55
21225988_21257039_0,65.0,69.22,61.17,61.85
21225993_21226105_0,65.0,81.0,63.8,65.6
21225993_29461088_0,65.0,79.14,62.79,64.9
21225993_21226323_0,65.0,76.41,62.54,64.05
21225997_21225833_0,65.0,70.25,65.08,64.45
21225997_418363198_0,65.0,66.96,62.55,64.5
21226000_21227195_0,60.0,66.61,59.72,57.85
21226002_21226340_0,65.0,74.17,65.88,63.5
21226002_21226051_0,65.0,72.56,60.35,58.3
21226003_1885423987_0,65.0,78.39,66.95,67.15
21226003_21226739_0,65.0,76.85,65.19,66.7
21226003_27552277_0,65.0,79.22,68.91,67.5
21226007_21225973_0,65.0,75.4,68.39,70.0
21226007_273097904_0,65.0,70.96,67.0,67.95
21226012_259982243_0,65.0,68.27,64.9,58.65
21226012_1942841533_0,65.0,66.77,62.08,63.4
21226013_21227301_0,60.0,71.44,57.84,57.55
21226017_21226280_0,60.0,75.27,60.63,63.15
21226021_245473637_0,65.0,69.81,62.05,64.9
21226021_2898725338_0,65.0,67.61,62.67,63.95
21226021_308668493_0,65.0,67.85,59.64,63.8
21226022_21226340_0,65.0,72.05,65.95,66.1
21226022_21226563_0,65.0,67.8,62.19,64.4
21226022_21227047_0,65.0,69.99,62.25,63.66
21226026_21226936_0,65.0,75.16,59.11,64.95
21226026_21227182_0,65.0,73.22,59.78,64.55
21226029_21225952_0,65.0,72.16,62.23,63.7
21226029_380589276_0,65.0,74.09,64.23,63.8
21226033_21226045_0,65.0,71.39,64.22,64.86
21226033_21226977_0,60.0,71.61,64.35,64.46
21226033_4466317462_0,60.0,67.34,61.81,63.7
21226035_21226633_0,60.0,73.38,55.53,56.37
21226035_21226545_0,60.0,79.0,61.59,62.3
21226036_1542124785_0,65.0,72.01,61.89,63.9
21226036_21226825_0,65.0,72.43,64.89,63.8
21226038_21226170_0,65.0,69.93,59.12,60.0
21226038_21226577_0,65.0,76.39,63.04,65.6
21226039_21227270_0,65.0,76.56,61.97,64.35
21226041_27626615_0,60.0,76.4,64.9,64.25
21226041_21227269_0,65.0,77.89,65.92,65.4
21226041_12697305983_0,65.0,74.49,63.62,64.05
21226044_2784803196_0,65.0,78.36,66.14,68.05
21226044_21226821_0,65.0,75.31,68.47,66.75
21226045_21226033_0,65.0,71.39,64.22,64.86
21226045_21226964_0,65.0,71.08,64.0,64.86
21226045_21226340_0,65.0,68.09,66.54,65.55
21226045_10926106324_0,65.0,68.56,62.84,64.16
21226048_21225882_0,65.0,70.98,60.73,64.0
21226049_21226623_0,60.0,76.45,61.36,60.6
21226049_21226619_0,60.0,79.12,62.46,61.15
21226051_21226144_0,65.0,67.25,59.68,59.1
21226051_21226417_0,65.0,73.18,67.45,64.81
21226051_21226002_0,65.0,72.56,60.35,58.3
21226052_21226318_0,65.0,74.62,67.99,65.45
21226052_21227275_0,65.0,73.84,63.3,63.2
21226055_21226504_0,65.0,72.33,60.73,63.0
21226057_21227219_0,60.0,71.88,58.45,57.45
21226057_21226989_0,60.0,72.07,58.76,57.58
21226061_21227026_0,60.0,74.81,62.82,62.55
21226061_560978370_0,60.0,74.76,61.18,61.8
21226062_21227080_0,65.0,65.12,61.42,61.4
21226062_24576308_0,65.0,64.96,63.84,61.3
21226064_21226373_0,65.0,72.98,62.94,60.9
21226064_21306398_0,65.0,71.36,60.97,59.75
21226065_3983670597_0,65.0,79.62,67.85,67.0
21226068_21226185_0,65.0,76.73,68.13,66.05
21226068_21227295_0,65.0,77.22,63.7,67.15
21226070_21226778_0,60.0,80.66,61.07,59.75
21226070_257679438_0,60.0,77.36,60.59,61.15
21226072_21226974_0,65.0,64.38,55.29,55.95
21226073_21226824_0,65.0,73.93,62.26,63.75
21226073_21225855_0,65.0,73.2,59.81,62.95
21226073_311819228_0,65.0,72.09,61.4,61.85
21226074_21226404_0,65.0,72.64,57.69,59.15
21226074_21226571_0,60.0,72.26,57.16,58.5
21226074_21226438_0,65.0,72.54,56.07,59.3
21226076_21226216_0,60.0,75.01,59.88,58.15
21226076_21225825_0,60.0,75.2,60.5,62.65
21226077_21227146_0,60.0,68.26,62.02,59.45
21226077_2815051770_0,60.0,68.63,61.17,60.7
21226083_2075241344_0,60.0,64.59,66.82,60.0
21226087_29462479_0,65.0,78.93,62.6,60.7
21226090_4592902291_0,65.0,71.49,61.46,60.0
21226090_4592902288_0,65.0,71.65,62.83,60.65
21226091_21226753_0,65.0,65.38,58.17,59.8
21226091_2177270847_0,65.0,66.06,56.85,61.3
21226092_21226052_0,65.0,72.99,65.26,63.6
21226092_27560410_0,60.0,72.25,60.89,62.5
21226092_2805748825_0,65.0,71.35,62.82,61.55
21226093_21227211_0,65.0,82.24,67.4,65.18
21226093_21226306_0,65.0,81.04,64.44,64.88
21226094_21257015_0,65.0,70.68,61.63,61.5
21226094_21226364_0,65.0,70.67,62.15,59.5
21226096_21226076_0,60.0,74.83,58.15,56.85
21226099_21226187_0,65.0,77.78,67.5,67.55
21226099_27552282_0,65.0,76.89,71.3,69.6
21226100_21226512_0,65.0,74.12,64.54,63.6
21226100_21226984_0,65.0,74.0,64.96,63.25
21226102_21227184_0,65.0,69.27,58.62,59.05
21226102_21226230_0,60.0,69.16,57.9,58.65
21226105_21225993_0,65.0,81.0,63.8,65.6
21226105_21225853_0,65.0,81.01,63.86,65.55
21226105_1172258013_0,65.0,80.25,64.88,63.9
21226105_2565027894_0,65.0,79.95,63.48,62.65
21226106_21226656_0,60.0,70.91,62.58,60.0
21226106_4592902288_0,65.0,71.95,63.05,60.3
21226106_21227075_0,65.0,71.35,60.96,62.2
21226110_258001420_0,60.0,62.91,59.97,60.65
21226110_21226557_0,65.0,62.72,59.01,60.05
21226112_21226363_0,65.0,79.81,64.26,65.95
21226112_21227040_0,65.0,75.95,62.67,64.7
21226113_21226232_0,65.0,76.8,66.42,66.99
21226113_21226500_0,65.0,77.73,66.93,66.95
21226114_2782967710_0,65.0,75.8,66.08,66.65
21226117_21227191_0,60.0,76.79,63.85,62.4
21226121_27555340_0,60.0,68.62,59.49,60.75
21226121_1251595190_0,60.0,68.85,59.73,60.45
21226129_29749477_0,65.0,65.43,64.14,59.75
21226129_1726846033_0,65.0,68.51,60.33,60.2
21226130_205742372_0,65.0,67.75,60.28,62.67
21226130_8426860823_0,65.0,76.16,70.29,70.3
21226130_2690531302_0,65.0,74.62,67.04,68.45
21226134_21298376_0,60.0,69.39,63.53,58.9
21226136_1856296884_0,65.0,71.98,64.09,64.45
21226136_21306385_0,65.0,72.34,66.71,64.3
21226137_21226682_0,65.0,78.84,63.95,61.55
21226137_21226922_0,65.0,80.7,59.13,61.35
21226138_2799014134_0,65.0,68.91,63.77,62.35
21226139_560979001_0,65.0,82.2,62.36,63.85
21226140_2715718807_0,65.0,79.75,60.95,60.1
21226141_21227119_0,65.0,81.03,62.1,67.15
21226144_2889531048_0,65.0,67.25,57.23,58.3
21226144_21226172_0,65.0,67.34,60.67,61.3
21226149_21226138_0,65.0,68.54,60.45,58.13
21226150_32430748_0,65.0,67.54,66.14,64.99
21226150_1301081248_0,65.0,69.51,65.17,64.25
21226150_152196342_0,65.0,67.04,64.65,65.56
21226151_330117074_0,65.0,67.86,60.14,58.15
21226151_320999864_0,65.0,71.37,61.18,61.0
21226156_21226157_0,65.0,79.95,67.39,68.2
21226157_21225896_0,65.0,80.02,67.57,69.05
21226158_21663193_0,65.0,69.66,66.76,66.75
21226158_27560187_0,65.0,68.17,65.22,64.55
21226158_21227057_0,65.0,69.77,67.71,65.85
21226159_21226944_0,65.0,77.59,61.7,68.8
21226164_3983670598_0,65.0,79.56,68.09,65.65
21226165_21226512_0,60.0,73.84,64.96,63.55
21226167_2784823342_0,65.0,74.72,63.3,64.15
21226167_21226402_0,65.0,74.42,63.86,63.1
21226168_21226090_0,65.0,72.65,62.58,65.3
21226168_21225945_0,65.0,74.34,65.63,64.05
21226169_21226893_0,65.0,76.04,67.04,69.6
21226169_205732307_0,60.0,70.05,63.75,66.65
21226170_21226134_0,65.0,68.64,56.39,58.05
21226172_21226144_0,65.0,67.33,60.67,61.3
21226172_21226553_0,65.0,67.55,61.05,60.9
21226173_21226775_0,65.0,80.13,64.78,65.15
21226173_2564472944_0,65.0,76.12,65.85,63.3
21226173_2887053904_0,65.0,74.74,70.31,62.9
21226174_27654244_0,65.0,64.88,59.12,64.35
21226174_1112456214_0,65.0,61.98,59.77,61.05
21226174_35081186_0,65.0,64.26,59.4,63.85
21226177_581014672_0,65.0,68.97,63.1,62.2
21226177_21227242_0,65.0,68.43,63.78,62.4
21226178_21226377_0,65.0,73.03,64.02,63.7
21226178_21226301_0,65.0,77.46,68.45,66.2
21226178_27541705_0,65.0,79.13,64.76,66.3
21226184_2529643836_0,65.0,75.26,66.2,65.45
21226185_21226722_0,65.0,78.14,67.54,65.95
21226185_21227295_0,65.0,78.39,67.84,66.7
21226186_30047471_0,65.0,74.32,61.29,62.05
21226186_21226137_0,65.0,80.36,62.1,61.05
21226187_21226099_0,65.0,77.78,67.5,67.55
21226187_1145293067_0,65.0,70.51,60.92,63.85
21226187_1885423987_0,65.0,77.1,69.63,67.65
21226196_21226733_0,65.0,80.5,68.2,68.25
21226196_21225896_0,65.0,83.32,67.88,69.45
21226199_1251634500_0,65.0,75.6,68.72,67.6
21226199_21226250_0,65.0,76.53,68.64,67.5
21226201_560978370_0,60.0,73.56,62.74,62.4
21226201_21227026_0,65.0,74.77,62.47,61.95
21226201_1253819881_0,65.0,73.35,62.47,63.25
21226203_21227108_0,65.0,78.77,60.87,65.05
21226209_21225872_0,60.0,61.54,54.3,52.65
21226210_21227088_0,65.0,78.72,62.75,64.9
21226210_21227108_0,65.0,81.16,60.91,68.25
21226212_1542124815_0,60.0,72.58,60.14,59.3
21226212_21226993_0,60.0,71.63,56.56,59.45
21226212_21225969_0,60.0,71.95,59.12,58.6
21226213_2889616965_0,65.0,70.05,63.85,65.9
21226213_21226446_0,65.0,69.91,63.03,65.9
21226213_21226908_0,65.0,73.74,64.67,64.1
21226213_21226567_0,65.0,73.68,65.23,63.95
21226215_2784803193_0,65.0,77.73,65.84,65.95
21226216_21226076_0,60.0,75.01,59.88,58.15
21226216_21226811_0,60.0,72.73,55.66,60.25
21226216_21226425_0,60.0,75.78,60.67,62.65
21226217_21226338_0,65.0,74.94,62.69,63.1
21226217_21226055_0,65.0,73.28,64.27,63.4
21226218_787822236_0,65.0,74.83,62.15,64.7
21226218_468943069_0,60.0,70.26,60.2,63.1
21226225_1831778011_0,65.0,67.41,64.86,64.55
21226225_21227115_0,65.0,64.95,64.55,63.35
21226228_21227122_0,65.0,69.58,59.47,59.5
21226228_281588755_0,65.0,69.63,60.83,60.55
21226230_21227282_0,60.0,69.23,57.03,58.55
21226230_21227184_0,60.0,69.22,56.59,57.3
21226232_752858433_0,65.0,76.52,63.82,65.55
21226232_21226500_0,65.0,77.37,65.39,67.0
21226237_21226262_0,65.0,71.98,66.22,63.1
21226237_1003229693_0,65.0,75.78,64.34,65.85
21226239_787822266_0,65.0,69.98,65.12,66.6
21226239_21294869_0,65.0,68.68,64.48,63.25
21226241_2801260056_0,65.0,74.54,61.04,60.55
21226241_21493742_0,60.0,76.7,62.16,61.0
21226247_21226558_0,65.0,75.98,65.82,65.64
21226248_21226655_0,65.0,74.47,67.65,67.34
21226250_21225918_0,65.0,76.42,69.92,67.85
21226252_21226021_0,65.0,67.05,60.25,64.95
21226252_1308281474_0,65.0,64.43,55.83,57.9
21226254_308668491_0,60.0,65.37,58.16,57.4
21226254_1308294060_0,60.0,65.65,57.79,57.25
21226254_245473638_0,60.0,65.62,57.42,57.15
21226257_21227116_0,65.0,69.55,59.05,58.85
21226257_21226532_0,65.0,69.07,57.64,58.25
21226259_561070738_0,65.0,74.92,64.92,64.9
21226259_1542124815_0,60.0,74.3,60.52,59.85
21226259_10301339718_0,60.0,74.1,64.89,63.9
21226260_1253831619_0,65.0,81.62,63.7,64.1
21226261_2770307197_0,65.0,75.06,65.0,65.65
21226261_282640467_0,65.0,71.41,63.51,63.6
21226261_21226742_0,65.0,77.46,63.9,65.75
21226261_24576311_0,65.0,71.34,61.77,64.55
21226262_21225865_0,65.0,72.8,63.61,64.1
21226262_21226489_0,65.0,73.42,63.48,63.45
21226263_1315084770_0,65.0,67.36,61.47,58.05
21226263_21226454_0,60.0,67.47,54.76,54.9
21226263_21226652_0,65.0,68.24,56.87,61.1
21226264_259985803_0,65.0,69.9,62.37,62.45
21226264_27555075_0,65.0,73.58,62.71,64.6
21226265_21226670_0,65.0,74.04,62.53,63.3
21226265_21226338_0,65.0,74.57,62.42,63.3
21226265_21225911_0,65.0,71.95,63.82,63.0
21226268_312802567_0,65.0,62.93,61.21,61.22
21226274_21227209_0,65.0,70.35,66.01,61.35
21226274_21227001_0,65.0,67.12,64.78,60.6
21226274_21226844_0,65.0,68.56,60.09,60.7
21226275_21226376_0,65.0,79.04,62.7,68.0
21226276_21226620_0,65.0,73.27,61.72,61.45
21226276_21226013_0,60.0,72.21,61.06,60.6
21226279_1322862659_0,60.0,69.43,64.89,63.75
21226280_21225867_0,60.0,71.31,63.37,63.45
21226280_21226156_0,65.0,76.99,60.75,65.25
21226282_21227036_0,65.0,64.92,55.35,58.0
21226282_13665764117_0,65.0,64.54,56.29,57.9
21226288_1251157131_0,65.0,64.49,60.64,57.8
21226288_1477742994_0,65.0,68.73,58.72,59.18
21226290_590969035_0,60.0,66.39,59.96,59.75
21226290_29827540_0,60.0,66.81,59.99,60.8
21226292_21227084_0,65.0,80.7,62.58,68.0
21226292_21226422_0,65.0,78.65,64.78,65.2
21226295_21225936_0,65.0,71.89,62.79,60.3
21226295_21225911_0,65.0,71.23,57.62,59.45
21226297_2708823999_0,65.0,73.18,61.7,63.65
21226299_266323313_0,65.0,61.58,63.33,62.35
21226299_28848549_0,65.0,63.12,61.82,62.0
21226301_21227095_0,60.0,74.03,64.17,63.95
21226301_21458595_0,65.0,78.65,66.17,67.9
21226301_21226178_0,65.0,77.46,68.45,66.2
21226305_21226704_0,65.0,68.0,62.71,62.15
21226306_2720705692_0,65.0,76.11,62.27,62.0
21226308_2958408758_0,65.0,75.14,57.22,57.47
21226309_21226380_0,65.0,64.17,57.56,58.0
21226310_10883978490_0,65.0,74.93,69.27,63.45
21226310_1280231240_0,65.0,72.04,64.84,63.8
21226311_13273955307_0,65.0,67.04,55.9,57.3
21226311_27560255_0,60.0,66.43,56.75,58.0
21226311_27560107_0,65.0,66.65,54.92,57.9
21226311_4466317462_0,60.0,66.53,59.13,58.8
21226315_21663203_0,65.0,66.46,58.16,63.25
21226315_891063455_0,65.0,73.7,59.77,64.85
21226315_2776241467_0,65.0,73.33,59.95,64.65
21226318_21225829_0,65.0,79.21,69.75,66.75
21226318_1809906391_0,65.0,79.24,68.48,65.85
21226319_21226447_0,60.0,71.62,59.61,58.4
21226319_13390717049_0,60.0,71.12,57.32,58.0
21226320_946071238_0,65.0,73.27,56.86,62.95
21226320_21226112_0,65.0,77.1,63.38,64.25
21226321_21226923_0,60.0,76.1,65.03,64.4
21226321_21227296_0,60.0,77.36,63.7,64.95
21226322_21226763_0,60.0,69.27,62.15,65.01
21226322_31875766_0,65.0,68.46,62.37,64.6
21226323_29461104_0,65.0,76.46,61.22,57.1
21226323_1253963491_0,65.0,76.4,60.46,58.15
21226325_21226588_0,65.0,72.84,59.54,60.5
21226330_21225947_0,65.0,75.53,58.87,63.05
21226333_21226167_0,65.0,71.77,64.61,63.55
21226333_21226275_0,65.0,72.33,62.12,63.8
21226333_21226554_0,65.0,71.72,59.11,59.85
21226334_1253812997_0,65.0,76.31,63.36,63.55
21226338_21226055_0,65.0,72.51,65.16,63.6
21226338_21226029_0,65.0,74.29,62.76,63.4
21226340_21226022_0,65.0,72.05,65.95,66.1
21226340_21226045_0,65.0,68.09,66.54,65.55
21226340_21227209_0,65.0,74.83,65.78,64.05
21226340_21226002_0,65.0,74.17,65.88,63.5
21226344_21310635_0,65.0,71.71,58.75,62.15
21226344_21310521_0,65.0,77.16,57.02,65.45
21226348_24576286_0,60.0,65.62,57.7,58.25
21226348_1797998852_0,65.0,65.31,60.25,56.65
21226350_21663199_0,65.0,70.19,63.0,60.95
21226351_21226501_0,65.0,69.86,65.24,65.7
21226354_29797369_0,65.0,66.44,63.93,65.45
21226354_487460633_0,65.0,67.58,64.58,64.05
21226354_21225854_0,65.0,71.18,65.59,65.82
21226357_2770307279_0,65.0,79.04,70.73,66.1
21226357_1333317322_0,65.0,78.76,71.06,66.0
21226357_245477342_0,65.0,75.79,71.4,65.7
21226358_1846855002_0,65.0,68.33,63.61,62.1
21226358_21226389_0,65.0,72.47,67.51,66.1
21226361_1274131445_0,65.0,79.08,62.88,62.75
21226361_21226767_0,60.0,78.78,65.02,67.2
21226363_21225825_0,60.0,79.67,64.61,65.6
21226363_21226216_0,60.0,75.44,60.97,62.85
21226364_21226639_0,65.0,70.11,59.7,59.15
21226364_21226846_0,65.0,70.84,59.12,58.15
21226366_245473639_0,65.0,69.73,65.43,64.45
21226366_245473642_0,65.0,69.01,61.89,63.35
21226366_21389434_0,65.0,67.59,60.34,63.4
21226370_1993822986_0,65.0,64.31,63.12,62.6
21226370_21227277_0,65.0,61.5,61.2,61.1
21226370_13665854464_0,65.0,64.04,63.13,62.25
21226373_21227225_0,65.0,73.73,60.03,61.4
21226373_21226652_0,65.0,69.97,63.22,60.93
21226376_21226928_0,65.0,79.18,65.91,68.9
21226376_21226807_0,65.0,72.64,60.83,64.15
21226377_21227006_0,60.0,71.83,57.17,57.67
21226379_2815051762_0,65.0,69.57,59.77,58.0
21226380_21226781_0,65.0,64.03,54.6,57.5
21226380_21226637_0,65.0,63.69,55.41,58.15
21226389_31013185_0,65.0,71.97,66.05,65.7
21226389_252225087_0,65.0,73.26,67.31,66.1
21226390_21225980_0,65.0,78.34,63.64,65.85
21226390_21226459_0,65.0,75.88,59.29,60.15
21226390_13135974972_0,65.0,74.22,60.21,64.95
21226393_21226774_0,60.0,70.28,62.49,64.45
21226393_27560358_0,60.0,69.29,60.61,62.05
21226393_2935703803_0,65.0,70.72,64.28,64.4
21226395_21225957_0,65.0,65.3,62.27,63.1
21226395_13665854464_0,65.0,65.38,64.13,63.05
21226396_9496006175_0,65.0,72.33,68.65,68.15
21226396_8426860823_0,65.0,73.79,67.43,68.35
21226396_535218096_0,65.0,70.01,64.81,67.55
21226401_29766184_0,65.0,79.06,66.83,68.2
21226401_5039336255_0,65.0,72.46,66.68,63.6
21226402_21226459_0,65.0,76.79,65.08,63.4
21226402_21225980_0,65.0,75.39,62.45,61.0
21226404_21226074_0,65.0,72.64,57.69,59.15
21226404_21225836_0,65.0,72.39,56.91,58.75
21226409_29089661_0,65.0,71.58,61.76,61.65
21226409_306422873_0,65.0,69.14,61.72,62.0
21226410_2781431568_0,65.0,71.56,63.77,62.75
21226410_2781431560_0,65.0,71.71,62.77,62.55
21226411_21226767_0,65.0,83.06,67.79,66.9
21226411_357266482_0,65.0,81.7,64.45,67.95
21226411_21226574_0,65.0,78.36,64.09,66.0
21226413_21226871_0,65.0,77.05,64.29,63.45
21226416_29461115_0,65.0,81.51,62.49,64.25
21226417_35080737_0,60.0,72.33,63.55,64.51
21226417_35080735_0,65.0,68.59,65.96,64.86
21226417_21226833_0,65.0,68.8,66.79,64.81
21226417_21226051_0,65.0,73.18,67.45,64.81
21226419_21225962_0,60.0,68.74,56.4,58.45
21226419_21226379_0,65.0,69.24,56.5,57.35
21226422_21227252_0,65.0,77.11,62.43,63.95
21226423_21227097_0,65.0,78.06,65.96,66.25
21226423_21225916_0,65.0,74.04,62.31,62.85
21226425_21226545_0,60.0,80.9,60.82,59.85
21226425_729313998_0,60.0,77.56,61.89,61.0
21226427_21227211_0,65.0,81.98,65.06,65.4
21226428_21226237_0,65.0,75.96,63.66,65.3
21226428_27784942_0,65.0,72.52,63.82,63.85
21226429_574897018_0,65.0,73.99,55.61,55.15
21226429_21227039_0,65.0,75.32,56.25,57.35
21226430_21227137_0,65.0,69.65,61.61,62.7
21226433_2770307269_0,65.0,75.57,63.22,63.6
21226433_2770307236_0,65.0,78.85,63.76,64.35
21226433_715855950_0,65.0,79.1,64.37,65.75
21226438_21226940_0,65.0,73.68,64.8,61.65
21226438_21226074_0,65.0,72.54,56.07,59.3
21226446_21226553_0,65.0,68.76,62.3,63.6
21226446_21226213_0,65.0,69.91,63.03,65.9
21226446_21226908_0,65.0,68.79,63.09,65.55
21226447_21226581_0,60.0,75.35,62.13,61.25
21226448_21389426_0,65.0,70.82,65.58,64.05
21226448_21225919_0,65.0,72.99,62.64,64.3
21226454_21226263_0,60.0,67.47,54.76,54.9
21226455_21227204_0,60.0,60.75,52.53,53.6
21226456_268651484_0,65.0,68.76,63.89,64.9
21226456_21227171_0,65.0,72.39,64.02,62.1
21226456_21226657_0,60.0,73.29,66.58,64.75
21226457_21227084_0,65.0,78.61,65.11,64.95
21226459_21226402_0,65.0,76.79,65.08,63.4
21226459_2784823342_0,65.0,74.68,62.57,63.25
21226461_21225871_0,65.0,71.82,61.48,63.0
21226461_32918279_0,60.0,68.77,60.13,62.34
21226463_21226325_0,65.0,77.32,56.98,62.25
21226464_259980981_0,65.0,73.39,65.79,65.15
21226464_258001422_0,60.0,64.57,65.15,63.35
21226464_258003506_0,65.0,68.24,64.97,64.82
21226466_21226686_0,60.0,73.32,61.57,58.5
21226466_729313997_0,60.0,76.31,60.36,57.6
21226467_2719450865_0,60.0,72.19,57.73,56.8
21226467_21226571_0,55.0,71.84,57.12,58.35
21226467_21227219_0,60.0,71.86,57.43,57.0
21226468_21226239_0,65.0,70.41,64.92,64.6
21226474_6325918758_0,65.0,69.28,60.12,59.05
21226474_1355480658_0,65.0,69.52,60.87,58.55
21226476_21306400_0,65.0,72.66,64.71,67.12
21226476_2613616044_0,65.0,73.08,64.13,67.32
21226486_3235855855_0,65.0,67.09,63.64,62.3
21226486_3844594545_0,65.0,70.69,64.22,63.65
21226488_3727521276_0,65.0,73.7,59.05,57.25
21226488_21226427_0,65.0,78.62,63.64,62.45
21226489_245477342_0,65.0,75.44,64.83,64.45
21226489_21226262_0,65.0,73.45,63.48,63.35
21226491_1843088178_0,65.0,61.75,62.34,59.95
21226491_21226921_0,65.0,60.2,62.62,59.65
21226494_1009311770_0,65.0,72.15,63.56,67.2
21226497_29462554_0,65.0,75.38,60.87,60.58
21226497_250969609_0,65.0,73.27,59.02,60.65
21226498_2045244649_0,65.0,63.97,62.66,61.45
21226498_1477913090_0,65.0,64.9,63.18,62.7
21226500_5429839587_0,65.0,78.71,67.51,67.22
21226501_245396090_0,65.0,69.21,65.1,65.35
21226501_21226835_0,65.0,67.82,64.79,63.35
21226502_21227014_0,65.0,64.07,63.05,61.8
21226502_260481319_0,65.0,62.08,64.74,62.9
21226504_21225952_0,65.0,71.57,61.37,62.6
21226504_21226993_0,60.0,72.14,61.73,64.4
21226509_78470775_0,65.0,67.76,58.6,59.82
21226509_3371765470_0,65.0,72.3,60.46,63.56
21226511_21226781_0,65.0,64.94,60.14,63.05
21226511_21226757_0,65.0,68.04,66.94,65.55
21226511_2898864727_0,65.0,67.34,63.42,65.3
21226512_21227141_0,60.0,73.33,63.72,63.55
21226512_21226620_0,60.0,71.98,62.17,63.7
21226512_21226100_0,65.0,74.12,64.54,63.6
21226515_373102701_0,65.0,69.83,61.52,65.9
21226515_21227185_0,65.0,70.21,61.63,66.22
21226524_13390717049_0,65.0,71.31,58.27,57.55
21226524_21226915_0,65.0,70.92,55.04,55.9
21226525_21227096_0,60.0,62.27,54.9,52.2
21226525_654538418_0,55.0,63.65,49.43,53.3
21226526_8930784140_0,55.0,71.18,58.68,57.25
21226526_21225887_0,60.0,71.61,57.46,58.15
21226529_2567747160_0,65.0,74.27,57.65,64.45
21226529_2776241467_0,65.0,73.74,61.46,65.2
21226529_2898886782_0,65.0,71.38,55.98,64.85
21226532_21226102_0,60.0,69.07,57.61,57.75
21226533_252635778_0,65.0,68.74,58.21,64.15
21226533_2494980684_0,60.0,71.51,64.03,64.25
21226536_21226309_0,65.0,64.26,57.6,58.05
21226537_21226563_0,65.0,65.3,55.56,57.5
21226537_3106827581_0,65.0,65.43,56.66,58.0
21226538_21226818_0,65.0,71.66,58.51,63.75
21226538_1539802952_0,65.0,71.58,59.01,61.45
21226542_2799014118_0,65.0,72.86,62.75,62.41
21226545_21226070_0,60.0,82.28,60.71,59.8
21226545_2564455914_0,55.0,76.27,60.39,60.85
21226546_21227259_0,65.0,81.66,66.04,65.18
21226546_21226139_0,65.0,82.87,66.36,65.3
21226547_21227286_0,65.0,77.8,61.19,68.45
21226551_546264282_0,60.0,59.33,56.79,58.45
21226551_27738517_0,60.0,61.33,64.46,61.95
21226553_21226446_0,65.0,68.76,62.3,63.6
21226553_21226988_0,65.0,66.99,55.88,59.15
21226553_21226172_0,65.0,67.55,61.05,60.9
21226554_21226402_0,65.0,72.74,60.81,63.8
21226554_13192046590_0,65.0,74.14,62.76,62.98
21226555_27626626_0,60.0,72.67,62.05,63.25
21226555_21226854_0,65.0,73.85,66.59,64.55
21226557_258000742_0,65.0,66.95,59.42,60.4
21226558_1308281601_0,65.0,74.92,65.5,67.48
21226558_21225862_0,65.0,76.28,66.21,67.68
21226559_21226575_0,60.0,67.27,58.92,54.75
21226559_21226659_0,60.0,69.15,66.73,63.75
21226559_21227246_0,60.0,67.82,59.48,55.8
21226561_27529337_0,60.0,72.21,61.05,60.8
21226561_27626608_0,65.0,76.97,61.7,61.3
21226563_21226022_0,65.0,67.8,62.19,64.4
21226563_21226537_0,65.0,65.3,55.56,57.5
21226563_308668493_0,65.0,66.28,60.34,63.95
21226567_21226446_0,65.0,69.0,64.35,66.1
21226567_21226213_0,65.0,73.68,65.23,63.95
21226567_27560192_0,65.0,72.07,64.48,64.25
21226571_21225887_0,55.0,71.58,59.49,58.05
21226571_8930784140_0,55.0,71.74,60.32,58.25
21226572_21226334_0,65.0,74.58,64.08,63.8
21226572_1006057388_0,65.0,74.53,62.39,63.6
21226574_21226411_0,65.0,78.36,64.09,66.0
21226574_1003229685_0,65.0,79.4,64.52,65.9
21226574_27541583_0,65.0,74.36,64.48,64.45
21226575_21226559_0,60.0,67.26,58.92,54.75
21226575_21226713_0,60.0,66.88,63.99,64.9
21226575_21225819_0,60.0,66.8,55.58,54.4
21226577_114329115_0,65.0,73.54,64.7,66.15
21226577_21226044_0,65.0,77.34,66.77,67.55
21226581_21227301_0,60.0,72.14,65.38,62.7
21226581_21227296_0,60.0,75.85,64.35,64.0
21226583_2763574637_0,65.0,68.34,61.06,59.35
21226583_2763574622_0,65.0,70.49,61.63,59.8
21226585_21227075_0,65.0,72.32,62.14,62.45
21226585_21227051_0,65.0,72.44,61.64,65.05
21226586_21226203_0,65.0,76.52,57.56,62.95
21226586_21226772_0,60.0,71.55,59.27,59.65
21226587_259588180_0,65.0,79.15,69.37,66.7
21226588_1504049350_0,65.0,72.79,56.41,60.48
21226589_21226045_0,60.0,67.95,61.95,63.81
21226589_27560377_0,60.0,67.15,65.18,64.1
21226590_245396100_0,65.0,69.48,57.82,65.4
21226590_21226026_0,65.0,71.86,58.46,64.85
21226594_266380582_0,65.0,64.64,61.27,57.2
21226594_574701291_0,65.0,68.43,65.6,64.6
21226597_21226106_0,65.0,70.6,60.27,62.05
21226597_21226639_0,65.0,69.72,58.72,60.65
21226597_21227075_0,65.0,71.02,61.4,61.7
21226597_21227143_0,65.0,70.06,58.53,62.0
21226602_250969612_0,65.0,71.94,56.9,59.65
21226602_2713743844_0,65.0,75.84,56.94,61.75
21226605_9962137213_0,65.0,73.81,63.65,61.8
21226605_21306363_0,65.0,69.64,61.6,61.15
21226605_898415281_0,65.0,70.53,59.96,61.27
21226607_21227282_0,65.0,70.41,59.61,58.5
21226607_2853231336_0,65.0,72.27,61.72,61.85
21226608_21226112_0,65.0,79.43,64.96,65.4
21226608_21226621_0,65.0,75.24,64.24,63.9
21226609_27784942_0,65.0,72.32,66.29,64.5
21226609_21226718_0,65.0,72.54,66.66,65.35
21226609_268651525_0,60.0,69.13,59.05,60.8
21226612_21226297_0,60.0,71.15,58.44,63.65
21226612_21310635_0,60.0,70.97,56.09,61.6
21226614_3373790851_0,60.0,62.14,49.8,52.7
21226614_2875165077_0,60.0,62.01,52.74,52.3
21226618_21226087_0,65.0,80.46,61.82,57.05
21226618_2565027893_0,65.0,78.61,59.71,58.25
21226619_2747568359_0,65.0,79.75,64.54,62.1
21226620_21226512_0,60.0,71.98,62.17,63.7
21226620_21227117_0,65.0,72.56,61.9,62.7
21226621_946071250_0,65.0,77.61,61.84,62.75
21226622_21227176_0,65.0,78.56,63.62,67.35
21226622_21226196_0,65.0,80.71,66.53,69.15
21226623_21226619_0,60.0,76.54,61.71,60.1
21226623_21227095_0,60.0,74.43,61.29,59.88
21226624_21226996_0,60.0,60.67,53.53,54.35
21226625_21458333_0,65.0,70.65,62.1,64.96
21226625_21555785_0,65.0,71.38,67.0,65.28
21226625_21555835_0,65.0,73.08,67.71,65.53
21226628_21226210_0,65.0,78.33,60.52,67.65
21226629_2935703803_0,65.0,72.28,64.4,65.7
21226629_21227236_0,65.0,73.82,63.76,64.05
21226629_21225865_0,65.0,70.88,63.31,64.6
21226633_21226888_0,55.0,72.75,56.16,55.95
21226633_21227131_0,55.0,73.04,55.75,55.32
21226636_21226448_0,65.0,74.31,65.92,63.8
21226636_2583463225_0,65.0,74.35,66.43,63.95
21226637_21226282_0,65.0,64.41,57.01,57.75
21226639_21257023_0,60.0,69.48,57.48,56.25
21226639_21257026_0,65.0,69.24,56.57,57.9
21226640_654538440_0,65.0,72.46,61.91,62.55
21226640_2889345658_0,65.0,71.83,63.0,62.2
21226645_21226743_0,65.0,72.55,64.92,62.07
21226645_259986143_0,65.0,71.48,65.34,59.6
21226649_21225943_0,60.0,60.78,52.37,54.4
21226649_2719954819_0,60.0,60.47,53.34,53.65
21226652_21227225_0,65.0,70.07,61.93,61.48
21226652_21226263_0,65.0,68.24,56.87,61.1
21226653_21226776_0,65.0,72.52,63.3,64.25
21226653_2817459217_0,60.0,71.49,61.82,63.95
21226655_21294896_0,65.0,75.29,69.72,67.49
21226656_21226106_0,60.0,70.91,62.58,60.0
21226656_21226810_0,60.0,70.54,61.14,61.5
21226657_1308281601_0,65.0,75.47,66.55,65.45
21226657_21225862_0,65.0,74.72,65.76,64.6
21226657_13927904688_0,65.0,70.95,65.86,63.85
21226659_21225931_0,60.0,72.82,68.35,65.45
21226659_21226559_0,60.0,69.15,66.73,63.75
21226660_21226779_0,65.0,74.93,59.17,60.8
21226660_262372581_0,65.0,73.07,56.65,59.7
21226662_266326064_0,65.0,67.45,52.84,57.1
21226662_3371595498_0,65.0,66.89,50.94,56.4
21226662_21225978_0,60.0,67.54,61.63,57.75
21226668_2784803193_0,65.0,75.29,63.49,65.55
21226668_21225855_0,65.0,77.52,60.48,63.2
21226668_2715733316_0,65.0,73.49,61.28,64.0
21226670_21227051_0,65.0,75.22,63.56,63.9
21226672_21226546_0,65.0,81.4,65.83,65.03
21226674_2784818762_0,65.0,82.68,65.31,69.15
21226677_29462482_0,65.0,76.9,62.61,59.8
21226677_29270173_0,65.0,79.1,64.97,60.8
21226678_27560383_0,65.0,76.61,65.47,65.75
21226678_21225847_0,65.0,77.22,66.45,66.35
21226682_250969606_0,65.0,75.11,61.04,62.45
21226682_21226850_0,65.0,81.33,62.78,61.95
21226686_2720690359_0,60.0,72.44,59.84,58.1
21226686_21226466_0,60.0,73.32,61.57,58.5
21226694_3623097110_0,65.0,81.94,67.47,69.0
21226694_21226577_0,65.0,74.25,64.94,66.5
21226702_21226572_0,65.0,74.52,63.9,63.15
21226704_21226930_0,65.0,68.02,60.78,59.95
21226704_13273955307_0,65.0,67.1,55.68,57.1
21226705_2805748825_0,60.0,70.81,60.2,59.0
21226705_2805748819_0,65.0,70.7,58.74,59.05
21226708_21298393_0,65.0,75.32,63.42,65.75
21226709_21226628_0,65.0,76.58,63.75,68.8
21226711_35080724_0,65.0,69.1,60.45,60.75
21226711_1765142906_0,65.0,68.94,62.14,60.55
21226713_21226844_0,60.0,68.07,61.51,63.6
21226713_27560369_0,60.0,67.62,64.0,64.55
21226713_21226575_0,60.0,66.88,63.99,64.9
21226713_27560377_0,60.0,67.3,64.84,64.55
21226718_21225931_0,65.0,76.48,67.31,64.95
21226718_21225891_0,65.0,73.42,66.95,65.0
21226718_21226982_0,65.0,75.31,67.29,65.1
21226718_21226609_0,65.0,72.54,66.66,65.35
21226718_21226659_0,60.0,71.64,66.82,64.55
21226719_1253846605_0,60.0,75.45,58.57,58.74
21226722_669180237_0,65.0,79.23,68.33,66.2
21226723_21226743_0,65.0,67.86,62.64,62.6
21226723_21227253_0,65.0,66.64,62.25,61.3
21226728_1143719821_0,65.0,68.97,63.55,61.85
21226728_2614057254_0,65.0,71.26,63.75,61.05
21226733_10301339718_0,65.0,77.49,69.67,65.85
21226733_21226039_0,65.0,79.02,67.44,66.75
21226735_21226551_0,60.0,60.61,62.1,61.05
21226735_27653861_0,65.0,60.5,59.67,61.85
21226739_249454604_0,65.0,76.5,68.21,65.25
21226739_21226555_0,65.0,75.11,67.72,65.05
21226742_21389431_0,65.0,79.47,67.0,65.7
21226742_21226261_0,65.0,77.45,63.9,65.75
21226742_21226261_1,65.0,77.11,64.47,65.65
21226742_1251634349_0,65.0,77.85,68.33,67.6
21226743_2696090763_0,65.0,71.36,60.53,62.0
21226743_21226723_0,65.0,67.87,62.76,62.6
21226749_21226165_0,60.0,74.36,66.67,63.7
21226749_27560420_0,65.0,77.0,67.1,64.3
21226752_21257039_0,65.0,70.5,60.66,63.1
21226752_21227143_0,65.0,70.87,59.31,61.55
21226752_2853231339_0,65.0,72.43,61.18,63.4
21226753_582646754_0,65.0,65.3,60.42,60.4
21226753_31875517_0,65.0,64.88,58.12,59.2
21226754_28848569_0,65.0,61.55,61.13,61.9
21226754_21225803_0,65.0,65.53,62.09,62.55
21226754_12812222607_0,65.0,65.28,62.92,62.0
21226757_21226511_0,65.0,68.04,66.94,65.55
21226757_21226833_0,65.0,67.83,66.33,65.8
21226763_246996384_0,60.0,68.76,63.3,60.95
21226763_21226322_0,60.0,69.27,62.15,65.01
21226764_21226168_0,65.0,78.77,65.58,65.25
21226764_21227298_0,65.0,76.0,62.76,64.0
21226767_21226411_0,65.0,83.06,67.79,66.9
21226767_21226301_0,65.0,79.63,68.11,67.35
21226767_21226361_0,60.0,78.78,65.02,67.2
21226772_21226944_0,60.0,71.45,60.65,63.75
21226772_29766181_0,65.0,71.28,56.34,58.67
21226774_21226629_0,65.0,74.19,64.56,64.35
21226774_21227038_0,65.0,73.98,66.29,64.7
21226775_21227191_0,60.0,76.75,64.45,64.05
21226775_21310621_0,65.0,79.04,64.71,64.8
21226776_21226653_0,65.0,72.52,63.3,64.25
21226776_29137388_0,65.0,70.32,65.14,64.2
21226776_29137368_0,65.0,70.93,62.26,63.1
21226778_21226425_0,60.0,82.3,60.55,59.65
21226778_21227222_0,60.0,75.99,59.45,61.15
21226779_21226497_0,65.0,74.4,59.58,60.75
21226781_21226637_0,65.0,64.01,56.02,57.5
21226781_21226511_0,65.0,64.94,60.14,63.05
21226782_21225945_0,65.0,71.61,62.81,63.55
21226784_21226950_0,65.0,79.01,66.01,65.05
21226784_27541583_0,65.0,74.56,62.69,64.25
21226786_2566234784_0,65.0,81.64,63.81,64.6
21226786_281804032_0,65.0,83.7,59.68,64.5
21226787_21226455_0,65.0,60.64,63.77,56.15
21226787_1831778011_0,60.0,61.42,61.25,61.51
21226789_3575085504_0,65.0,68.62,65.04,64.3
21226789_1275734991_0,65.0,65.5,67.75,63.2
21226793_21310661_0,65.0,71.91,55.61,60.3
21226793_345367919_0,65.0,80.33,65.03,70.1
21226794_21257037_0,60.0,67.47,59.49,58.1
21226794_21226752_0,65.0,68.63,59.79,60.92
21226795_615041446_0,65.0,73.0,61.66,63.1
21226795_560985548_0,65.0,71.75,64.32,63.5
21226800_35080724_0,65.0,70.58,67.93,65.75
21226800_21256780_0,65.0,72.52,70.23,65.19
21226801_21225981_0,60.0,72.97,58.68,57.15
21226801_2228378150_0,60.0,72.56,57.89,56.4
21226801_2564453160_0,60.0,73.0,60.5,59.3
21226801_21226838_0,60.0,72.32,54.92,54.9
21226807_21226333_0,60.0,71.27,56.28,58.9
21226810_21226656_0,60.0,70.54,61.48,61.5
21226810_21227152_0,65.0,69.68,58.37,57.55
21226810_21225888_0,65.0,69.95,59.07,59.65
21226811_21226216_0,60.0,72.73,55.66,60.25
21226811_21226117_0,60.0,71.98,56.45,57.0
21226814_21226794_0,65.0,70.14,61.09,62.42
21226814_21257032_0,65.0,71.61,60.86,63.35
21226814_21257029_0,65.0,74.21,61.8,63.8
21226818_21226538_0,65.0,71.66,58.51,63.75
21226818_250969606_0,65.0,71.6,62.81,58.65
21226818_6451575125_0,60.0,71.94,59.11,64.25
21226820_21225890_0,60.0,60.29,53.98,53.45
21226820_21226624_0,60.0,60.55,54.38,53.65
21226821_3354696752_0,65.0,71.63,64.41,64.8
21226821_21226694_0,65.0,78.15,69.22,67.05
21226824_21225824_0,65.0,78.81,68.61,67.85
21226824_21226073_0,65.0,73.93,62.26,63.75
21226824_9285870789_0,65.0,79.2,62.95,67.4
21226825_561070738_0,65.0,78.34,61.69,67.75
21226833_21226417_0,65.0,68.8,66.79,64.81
21226833_21226757_0,65.0,67.86,66.33,65.8
21226835_245396090_0,65.0,70.23,62.04,66.3
21226835_21226861_0,65.0,69.93,64.59,65.75
21226836_21227277_0,65.0,60.98,64.82,62.7
21226836_21225803_0,65.0,65.31,62.35,62.75
21226838_249599282_0,65.0,71.9,54.81,53.8
21226838_21225808_0,60.0,71.87,54.28,53.2
21226838_21226801_0,60.0,72.32,54.92,54.9
21226838_21310618_0,60.0,71.13,52.1,53.1
21226840_2817459233_0,60.0,70.5,64.87,63.6
21226841_21225900_0,65.0,71.24,64.19,64.4
21226841_442028931_0,65.0,65.97,64.13,65.3
21226841_442028928_0,65.0,68.45,65.56,65.0
21226844_21226713_0,60.0,68.07,61.51,63.6
21226844_2896922078_0,65.0,69.22,63.71,63.15
21226844_21225819_0,60.0,69.29,64.74,64.25
21226844_21226274_0,65.0,68.56,60.09,60.7
21226846_21226295_0,65.0,71.46,59.42,58.4
21226846_21227075_0,65.0,71.13,61.63,61.25
21226848_1253819881_0,65.0,72.99,59.02,62.55
21226848_21225843_0,65.0,72.54,60.22,63.95
21226848_21227176_0,65.0,73.44,63.12,65.55
21226850_21226186_0,65.0,78.7,62.3,61.0
21226850_10275637388_0,65.0,80.98,61.63,61.0
21226851_29766168_0,60.0,71.02,59.71,61.0
21226851_21226141_0,65.0,77.58,62.11,68.55
21226854_21226795_0,65.0,73.2,64.32,62.55
21226857_260785178_0,65.0,72.19,54.49,61.4
21226857_271759829_0,60.0,69.04,56.44,58.72
21226857_2706701501_0,65.0,72.53,55.49,61.15
21226857_788379557_0,65.0,74.07,52.99,60.8
21226861_21227031_0,65.0,69.62,65.3,65.3
21226861_21225974_0,65.0,68.05,62.76,63.7
21226863_645389883_0,55.0,64.06,51.74,50.1
21226863_249455219_0,55.0,62.64,49.78,51.05
21226863_1467391636_0,60.0,62.56,50.17,50.2
21226870_21226962_0,65.0,68.72,56.3,56.75
21226871_21226334_0,65.0,76.26,64.51,63.9
21226871_946071238_0,65.0,72.8,65.17,63.25
21226872_291888152_0,65.0,62.17,56.26,54.1
21226872_13471057145_0,65.0,64.07,56.76,54.85
21226872_90563688_0,65.0,63.53,61.0,61.2
21226876_21227045_0,55.0,63.94,59.26,62.2
21226876_369229557_0,55.0,61.01,56.5,56.6
21226881_21227220_0,60.0,72.56,64.35,62.15
21226883_258326078_0,65.0,79.08,62.2,67.25
21226883_2697801623_0,65.0,79.02,62.05,68.6
21226885_21227038_0,60.0,75.82,66.41,66.15
21226885_21227283_0,60.0,76.21,68.03,66.87
21226888_21226686_0,60.0,72.43,58.3,55.65
21226893_416880249_0,65.0,74.15,64.99,67.95
21226893_205735065_0,65.0,72.25,65.34,67.2
21226895_21227022_0,65.0,79.11,65.2,67.75
21226908_21226213_0,65.0,73.74,64.67,64.1
21226908_35080737_0,65.0,72.64,64.07,64.16
21226908_2889616965_0,65.0,69.19,63.87,66.5
21226912_574899887_0,65.0,72.89,56.82,60.75
21226915_21226524_0,65.0,70.92,55.04,55.9
21226917_250859597_0,65.0,73.43,62.96,62.8
21226917_21226983_0,65.0,76.56,58.81,63.9
21226921_1477885983_0,65.0,59.93,62.21,58.2
21226921_21227002_0,65.0,61.93,61.79,60.9
21226922_21226140_0,65.0,80.76,60.46,60.9
21226923_21226017_0,60.0,75.56,61.91,61.85
21226927_21226237_0,65.0,75.01,65.02,65.5
21226927_243908656_0,65.0,69.98,61.83,62.6
21226928_561070740_0,65.0,77.43,60.75,64.95
21226930_10926123470_0,65.0,67.67,61.55,59.65
21226930_13208767739_0,65.0,69.09,61.8,63.15
21226931_259980979_0,65.0,63.13,63.02,62.35
21226931_2411169391_0,65.0,68.65,65.44,64.3
21226936_21226026_0,65.0,75.16,59.11,64.95
21226936_253288768_0,65.0,66.39,59.53,62.6
21226936_2567747160_0,65.0,75.06,58.14,65.25
21226939_21227229_0,60.0,65.25,59.64,58.95
21226939_21256778_0,60.0,67.63,63.15,64.05
21226939_1765142933_0,65.0,65.91,59.89,60.45
21226939_31333467_0,65.0,66.84,60.96,60.85
21226940_280227748_0,60.0,76.65,67.14,62.25
21226940_21226975_0,65.0,75.36,64.72,61.15
21226942_2609516253_0,65.0,72.59,65.87,65.4
21226942_4167561708_0,65.0,71.74,64.79,65.0
21226942_4163576989_0,65.0,72.46,64.33,64.45
21226944_29766180_0,65.0,77.52,57.48,64.95
21226950_2661091140_0,65.0,80.74,65.25,65.45
21226950_1003229750_0,65.0,75.12,66.55,64.0
21226954_249454604_0,65.0,72.0,66.69,64.05
21226954_1209230612_0,65.0,69.22,62.95,63.32
21226955_257988346_0,60.0,62.49,59.41,59.25
21226955_258000740_0,65.0,62.77,59.47,60.2
21226958_35081100_0,65.0,64.88,58.88,63.95
21226958_28848534_0,65.0,62.82,64.94,62.0
21226959_21227239_0,65.0,69.11,59.56,58.95
21226962_245570214_0,65.0,68.21,59.9,58.15
21226963_21227094_0,65.0,75.57,65.88,69.7
21226963_21306379_0,65.0,74.46,66.33,67.65
21226964_3296694163_0,60.0,70.27,63.67,64.2
21226964_21226033_0,60.0,71.64,63.73,64.41
21226972_2563155552_0,65.0,83.24,70.42,68.9
21226974_21226091_0,65.0,65.6,60.4,58.35
21226975_280227747_0,65.0,75.64,66.22,59.35
21226975_21225836_0,65.0,72.96,60.35,58.4
21226975_21225824_0,65.0,75.73,62.74,65.0
21226977_21226589_0,60.0,68.96,61.93,63.66
21226977_21226045_0,60.0,71.19,63.52,64.81
21226978_281588758_0,65.0,70.01,57.22,58.55
21226982_21226718_0,65.0,75.31,67.29,65.1
21226982_21225891_0,60.0,71.4,64.72,65.15
21226982_268651524_0,60.0,72.62,65.36,65.15
21226983_21226321_0,65.0,76.53,63.31,63.95
21226984_21226164_0,65.0,76.1,70.14,65.2
21226984_21226092_0,65.0,73.36,65.1,64.05
21226988_27560192_0,65.0,66.62,63.2,59.95
21226988_1520401441_0,65.0,67.38,59.41,58.65
21226988_27560187_0,65.0,67.11,56.6,58.55
21226989_21225800_0,60.0,72.56,59.13,58.25
21226989_21226057_0,60.0,72.07,58.76,57.58
21226989_8930784140_0,55.0,71.93,56.33,58.75
21226990_91560022_0,65.0,66.77,64.76,62.8
21226990_21226468_0,65.0,69.91,65.31,64.45
21226993_21226212_0,60.0,71.63,56.56,59.45
21226993_21226036_0,60.0,71.94,60.03,64.0
21226996_21226649_0,60.0,60.8,54.69,53.9
21226996_21225943_0,60.0,60.71,52.98,54.25
21227001_9218173280_0,65.0,71.8,62.59,60.7
21227001_21227209_0,65.0,72.74,65.72,61.9
21227002_21227277_0,65.0,60.97,60.57,61.5
21227002_27738517_0,65.0,60.56,61.52,60.3
21227006_21226923_0,60.0,71.82,61.88,60.25
21227006_21225811_0,60.0,71.66,59.76,59.3
21227008_4350619055_0,65.0,71.69,60.44,63.0
21227008_21226094_0,65.0,70.97,61.11,60.9
21227013_380521239_0,60.0,64.1,58.85,59.6
21227013_2974482393_0,65.0,62.6,56.76,56.1
21227013_1942874527_0,60.0,63.55,57.26,61.95
21227014_21663247_0,60.0,65.88,60.93,65.05
21227022_21226178_0,65.0,78.45,62.89,66.55
21227026_21226608_0,65.0,76.07,62.89,63.3
21227026_1253819987_0,65.0,73.27,63.8,62.95
21227030_21226587_0,65.0,76.42,68.3,65.2
21227030_705535114_0,65.0,71.82,68.41,65.5
21227031_21225974_0,65.0,69.04,62.74,62.8
21227031_1308294064_0,65.0,69.56,64.06,65.0
21227031_1308294066_0,65.0,67.92,64.57,64.15
21227036_308668118_0,65.0,65.78,57.54,58.8
21227036_2896764545_0,65.0,65.72,56.1,57.8
21227037_21227085_0,65.0,66.72,59.18,58.3
21227037_21226000_0,60.0,66.48,58.81,57.95
21227038_21226885_0,60.0,75.82,66.41,66.15
21227038_21226774_0,65.0,73.98,66.29,64.7
21227039_271758551_0,65.0,76.11,60.13,60.9
21227040_21226413_0,65.0,76.65,65.84,65.0
21227040_21227213_0,65.0,77.11,66.51,65.05
21227045_21226787_0,60.0,61.19,59.25,61.54
21227045_21226225_0,65.0,63.87,62.67,64.55
21227047_21226002_0,65.0,67.3,58.84,58.05
21227047_21227036_0,65.0,66.04,58.24,59.65
21227051_21227298_0,65.0,78.46,63.47,64.5
21227051_21226585_0,65.0,72.44,61.64,65.05
21227051_21226168_0,65.0,76.03,64.13,64.4
21227055_21226786_0,65.0,83.95,61.85,64.85
21227055_21226416_0,65.0,81.6,63.42,63.85
21227057_245474385_0,65.0,72.96,68.21,67.09
21227057_1911373030_0,65.0,70.97,67.76,67.5
21227057_21256778_0,65.0,70.3,67.91,65.81
21227057_21226158_0,65.0,69.77,67.71,65.85
21227059_27560282_0,65.0,76.17,68.75,66.6
21227059_27583090_0,65.0,71.36,65.39,65.75
21227065_21226376_0,65.0,75.33,66.73,66.3
21227065_311821258_0,65.0,80.11,64.45,68.35
21227074_21226149_0,65.0,70.37,57.96,55.38
21227075_21226597_0,65.0,71.02,61.4,61.7
21227075_21226585_0,65.0,72.32,62.14,62.45
21227075_21226846_0,65.0,71.13,61.63,61.25
21227075_21226106_0,65.0,71.35,60.96,62.2
21227077_21310572_0,65.0,73.07,58.35,61.95
21227077_21226709_0,65.0,72.3,57.24,62.3
21227080_480913573_0,60.0,65.34,60.54,61.15
21227080_21226062_0,65.0,65.12,61.42,61.4
21227080_1835259967_0,65.0,63.55,63.62,60.15
21227082_21225829_0,65.0,81.8,70.42,67.15
21227082_715855959_0,65.0,78.11,74.46,65.25
21227082_1809906391_0,65.0,79.6,71.84,67.8
21227083_21226093_0,65.0,80.79,65.53,64.78
21227084_21226547_0,60.0,79.64,60.74,68.9
21227085_1520401441_0,60.0,67.33,60.21,58.8
21227085_21226172_0,65.0,66.88,57.41,58.85
21227085_21227037_0,65.0,66.72,59.18,58.3
21227088_250969608_0,65.0,76.09,59.04,63.65
21227089_21227152_0,65.0,70.33,59.59,57.5
21227089_21226978_0,65.0,70.44,59.13,60.05
21227090_21226955_0,65.0,62.92,62.52,60.05
21227090_256506079_0,65.0,67.82,66.49,64.6
21227092_2583467639_0,65.0,69.81,62.55,60.1
21227092_1006191585_0,60.0,68.62,61.79,59.85
21227092_24576311_0,65.0,69.59,63.54,61.15
21227092_430951081_0,60.0,70.45,64.29,60.5
21227094_2782967676_0,65.0,70.68,66.8,66.15
21227094_976903482_0,65.0,68.88,61.6,60.9
21227094_21226038_0,65.0,74.67,62.31,66.45
21227095_21226301_0,60.0,74.03,64.17,63.95
21227095_2564472940_0,65.0,73.61,65.22,61.75
21227095_21310673_0,60.0,73.74,62.94,61.65
21227095_21226623_0,60.0,74.43,61.29,59.88
21227096_12694865858_0,60.0,61.49,49.2,52.9
21227096_21226614_0,60.0,62.01,50.99,52.55
21227097_21227089_0,65.0,72.12,62.02,63.25
21227097_21227100_0,65.0,74.67,62.54,63.6
21227100_21227141_0,65.0,73.36,62.34,62.85
21227100_21226100_0,65.0,73.52,63.37,63.65
21227102_2548738074_0,60.0,66.53,59.0,61.77
21227102_535495568_0,60.0,71.69,64.81,68.6
21227103_729314002_0,65.0,81.28,61.73,63.6
21227108_21225850_0,65.0,79.47,60.79,67.35
21227115_3476460368_0,65.0,65.7,61.66,61.45
21227115_28848541_0,65.0,61.37,61.99,60.25
21227116_21225888_0,65.0,69.6,58.76,59.45
21227116_21226532_0,60.0,68.87,57.5,58.05
21227117_21226983_0,65.0,77.2,64.36,64.9
21227117_21226749_0,60.0,75.81,62.42,64.35
21227119_21226292_0,65.0,79.65,59.19,67.7
21227122_1251595192_0,65.0,69.26,57.76,59.65
21227122_2815051774_0,65.0,68.79,57.09,57.95
21227123_2749628487_0,65.0,70.78,62.35,65.05
21227123_258393968_0,65.0,71.19,59.13,64.8
21227124_21226029_0,65.0,76.09,64.71,63.55
21227124_21226265_0,65.0,74.35,63.45,63.4
21227125_21225853_0,65.0,76.89,62.58,64.1
21227131_21225981_0,60.0,72.97,58.1,56.25
21227131_21226888_0,60.0,72.86,57.19,54.9
21227131_2719476437_0,60.0,73.38,58.02,58.15
21227132_1308294064_0,65.0,70.4,63.69,64.75
21227132_2463244832_0,65.0,73.37,66.64,65.75
21227136_632927290_0,65.0,70.77,61.75,61.22
21227136_256704429_0,65.0,72.16,61.14,60.42
21227137_21293716_0,65.0,67.89,64.61,63.55
21227137_21226990_0,65.0,70.86,64.91,64.1
21227140_2480173113_0,60.0,68.57,59.63,60.2
21227140_21226794_0,65.0,68.56,60.99,60.55
21227141_21226013_0,60.0,71.53,63.6,61.95
21227141_21226423_0,60.0,74.59,61.86,63.4
21227142_21227232_0,60.0,77.72,67.6,66.4
21227143_21226752_0,65.0,70.87,59.31,61.55
21227143_21227140_0,65.0,69.15,59.03,61.0
21227143_21226597_0,65.0,70.06,58.53,62.0
21227144_21225939_0,65.0,66.07,63.61,65.2
21227144_2898864727_0,65.0,66.76,59.69,60.7
21227146_21226121_0,60.0,68.52,58.04,59.65
21227146_21225962_0,65.0,68.91,58.37,58.9
21227152_21226782_0,60.0,70.38,55.04,56.85
21227152_21227089_0,65.0,70.33,59.59,57.5
21227152_21226810_0,65.0,69.68,58.37,57.55
21227152_21226959_0,65.0,69.08,61.63,60.3
21227153_21226662_0,65.0,67.08,56.07,57.35
21227153_2763574637_0,65.0,66.81,58.17,61.85
21227155_21226106_0,60.0,70.48,61.77,60.45
21227158_669180239_0,65.0,78.14,65.42,66.45
21227161_27626610_0,65.0,77.68,66.13,66.7
21227161_2565087002_0,65.0,79.92,68.91,67.6
21227167_21226622_0,65.0,82.52,66.67,70.05
21227167_1253813110_0,65.0,80.26,65.54,67.5
21227171_268651524_0,65.0,72.4,65.14,62.1
21227171_21226456_0,65.0,72.38,64.02,62.1
21227175_27560420_0,65.0,79.4,67.07,65.8
21227175_21226917_0,65.0,78.1,64.44,64.25
21227176_21227065_0,65.0,80.33,62.57,69.0
21227176_21226848_0,65.0,73.44,63.12,65.55
21227177_232855799_0,60.0,66.88,61.21,60.45
21227177_11025932898_0,65.0,69.55,60.39,60.2
21227182_2567747154_0,65.0,72.58,59.73,64.1
21227182_21226590_0,65.0,71.66,60.44,64.75
21227182_21226026_0,65.0,73.17,59.66,64.55
21227184_21226419_0,65.0,69.19,55.83,58.65
21227185_6411055657_0,65.0,68.41,60.5,64.4
21227185_356695347_0,65.0,72.17,63.53,65.9
21227191_21226363_0,60.0,76.11,62.65,64.4
21227191_21227213_0,60.0,81.15,67.64,66.8
21227195_10926106333_0,60.0,67.27,63.61,64.9
21227195_10926070834_0,65.0,66.14,54.99,57.15
21227197_21226881_0,60.0,71.53,60.07,60.75
21227197_21227270_0,65.0,71.63,64.41,62.2
21227198_259980639_0,65.0,65.87,62.06,62.15
21227198_21225903_0,65.0,65.62,62.66,64.15
21227199_1931339581_0,65.0,74.75,68.44,70.0
21227199_21226396_0,65.0,73.61,64.1,68.95
21227201_21226320_0,65.0,75.6,64.81,63.85
21227201_21226621_0,65.0,76.97,63.43,62.6
21227202_10275637381_0,65.0,81.11,60.66,60.85
21227203_2719954709_0,60.0,60.75,51.77,53.3
21227203_2955598144_0,60.0,60.51,53.62,53.75
21227204_28848523_0,60.0,60.68,56.97,55.65
21227204_27552405_0,60.0,60.5,62.65,57.05
21227206_21226705_0,60.0,69.98,59.49,58.75
21227206_1809940499_0,65.0,69.63,57.53,58.5
21227206_21663199_0,65.0,70.07,60.22,60.55
21227209_21226274_0,65.0,70.35,66.01,61.35
21227209_21227001_0,65.0,72.74,65.72,61.9
21227209_21226340_0,65.0,74.83,65.78,64.05
21227211_21226546_0,65.0,82.85,66.87,65.1
21227211_21227103_0,65.0,82.28,66.13,65.1
21227213_21226173_0,65.0,76.5,64.47,63.45
21227213_21226413_0,65.0,78.55,64.83,65.65
21227217_31508816_0,65.0,63.54,63.64,61.25
21227219_21226057_0,60.0,71.88,58.45,57.45
21227219_21226096_0,60.0,72.06,58.53,57.25
21227219_21226467_0,60.0,71.86,57.43,57.0
21227220_10147777229_0,60.0,70.85,58.05,59.85
21227220_21227292_0,60.0,72.86,63.94,61.85
21227222_21226057_0,60.0,72.71,55.48,57.4
21227222_21226096_0,60.0,75.12,55.85,56.9
21227225_10276448052_0,65.0,72.71,60.1,60.75
21227225_21226151_0,65.0,72.31,61.91,61.55
21227229_2177270847_0,65.0,66.64,59.88,62.4
21227230_27583996_0,60.0,65.95,60.63,57.05
21227230_27560145_0,60.0,67.65,60.23,59.65
21227232_21226113_0,65.0,77.9,65.72,65.65
21227232_27529350_0,65.0,73.25,66.15,63.65
21227233_259981068_0,60.0,64.5,60.66,61.05
21227233_255321448_0,60.0,65.58,58.58,60.4
21227233_1763153055_0,65.0,64.13,55.23,61.0
21227233_1737460985_0,65.0,64.61,60.57,61.4
21227236_13030891061_0,65.0,74.62,65.39,65.15
21227236_21226393_0,65.0,70.31,62.87,64.7
21227236_2935703803_0,65.0,74.2,66.39,65.15
21227239_21226257_0,65.0,69.67,57.98,58.65
21227242_1726819060_0,65.0,68.69,62.56,62.45
21227246_21225891_0,60.0,70.7,63.45,63.9
21227246_21227171_0,60.0,68.52,62.27,60.35
21227246_21225819_0,60.0,69.2,61.68,57.65
21227251_21226883_0,65.0,77.83,60.04,67.05
21227251_249593735_0,65.0,76.28,60.11,66.85
21227252_29766168_0,60.0,71.02,60.06,58.8
21227252_21226719_0,60.0,75.96,57.82,62.65
21227253_260019099_0,65.0,66.66,61.95,60.35
21227253_21226348_0,60.0,66.06,59.8,59.85
21227253_1529845004_0,65.0,66.59,64.02,59.15
21227258_257898094_0,65.0,66.81,60.39,56.9
21227258_266380646_0,65.0,62.53,63.1,58.1
21227258_2762613404_0,65.0,68.25,64.63,64.5
21227259_21226093_0,65.0,81.87,66.54,65.23
21227259_21226260_0,65.0,81.86,64.66,65.33
21227265_21226840_0,65.0,70.03,63.92,62.8
21227265_21226636_0,65.0,69.91,65.01,63.2
21227267_21225939_0,65.0,62.78,66.93,60.95
21227267_291888152_0,65.0,61.65,56.91,53.65
21227268_2605798311_0,65.0,67.73,62.53,59.5
21227268_27560180_0,65.0,67.29,61.19,59.85
21227269_21226068_0,65.0,77.42,66.25,66.85
21227270_21226447_0,60.0,74.99,61.41,62.35
21227275_21226318_0,65.0,74.47,68.27,65.6
21227275_27560410_0,65.0,73.72,66.15,63.7
21227277_21227002_0,65.0,60.97,60.57,61.5
21227277_21226370_0,65.0,61.5,61.2,61.1
21227277_21226551_0,65.0,59.94,59.36,60.85
21227280_21225887_0,60.0,71.2,56.68,58.45
21227282_21226230_0,60.0,69.23,57.03,58.55
21227282_21226607_0,65.0,70.41,59.61,58.5
21227282_21227155_0,60.0,69.79,60.05,59.1
21227283_2797912444_0,60.0,77.96,68.36,65.4
21227286_21310654_0,65.0,76.78,63.93,68.95
21227286_21226628_0,65.0,78.96,62.06,68.85
21227292_21225969_0,60.0,71.58,59.36,59.4
21227292_21226764_0,65.0,73.17,64.02,64.9
21227293_2896922077_0,65.0,70.48,63.55,65.05
21227293_2896922079_0,65.0,73.23,64.75,64.65
21227293_1322862525_0,60.0,73.68,64.79,65.0
21227293_2896922078_0,65.0,70.71,63.36,64.6
21227295_21493969_0,65.0,75.52,67.11,64.65
21227295_21226722_0,65.0,78.18,66.99,66.05
21227296_21227117_0,65.0,75.94,63.32,63.6
21227296_21226276_0,60.0,72.74,62.26,63.15
21227298_21227051_0,65.0,78.46,63.47,64.5
21227298_21225969_0,65.0,73.08,63.85,64.1
21227298_21226217_0,65.0,75.27,63.6,63.95
21227299_21226316_0,60.0,61.56,55.89,52.75
21227299_21226209_0,60.0,61.25,53.89,53.3
21227300_21226048_0,65.0,73.03,63.72,63.95
21227300_31333461_0,65.0,74.77,65.63,64.5
21227301_21226319_0,65.0,71.48,59.14,57.55
21227301_21226423_0,65.0,72.41,60.79,63.58
21227302_2770307272_0,65.0,81.14,71.86,67.9
21227302_21227082_0,65.0,81.08,69.86,67.79
21256778_21226939_0,60.0,67.63,63.15,64.05
21256778_21227057_0,65.0,70.3,67.91,65.81
21256778_31875520_0,65.0,67.69,62.92,63.6
21256780_21256778_0,65.0,68.44,66.37,66.3
21256780_245474385_0,65.0,71.85,68.44,65.75
21257013_21257019_0,60.0,70.43,61.55,63.95
21257013_13916792354_0,60.0,71.45,58.54,59.75
21257015_21226094_0,65.0,70.67,61.63,61.5
21257015_21257018_0,65.0,71.68,61.6,61.65
21257015_21257023_0,60.0,71.14,59.85,61.65
21257015_1282696945_0,60.0,70.45,61.25,62.05
21257018_10092338953_0,65.0,71.97,58.56,65.75
21257018_21257015_0,65.0,71.68,61.6,61.65
21257019_21257018_0,60.0,70.7,57.11,58.1
21257020_21257021_0,60.0,69.55,58.94,58.25
21257020_1281219630_0,60.0,69.74,60.82,62.1
21257021_1947907220_0,60.0,70.72,63.33,61.25
21257022_21257021_0,60.0,69.47,62.03,57.5
21257022_13916792354_0,60.0,70.52,59.62,58.8
21257023_21257020_0,60.0,69.82,59.17,58.25
21257023_21257015_0,60.0,71.14,59.85,61.6
21257023_5039336248_0,60.0,70.17,57.93,57.6
21257026_21227140_0,65.0,68.67,61.3,60.0
21257029_266326264_0,65.0,71.63,59.83,63.32
21257029_21226814_0,65.0,74.21,61.8,63.8
21257029_4242932837_0,65.0,72.29,60.11,64.25
21257030_2747928835_0,65.0,67.44,59.02,58.75
21257030_2747928836_0,65.0,68.24,57.57,58.1
21257030_21257035_0,65.0,67.88,58.67,58.8
21257031_663382431_0,65.0,67.03,58.46,59.6
21257031_21225988_0,65.0,68.03,59.58,58.0
21257032_12400544935_0,65.0,68.82,62.22,60.35
21257032_1836647438_0,65.0,68.39,61.64,58.55
21257032_21226814_0,65.0,71.61,60.86,63.35
21257035_21257030_0,65.0,67.88,58.67,58.8
21257035_1836647438_0,65.0,67.87,59.61,58.2
21257035_1836647446_0,65.0,68.17,61.1,60.0
21257037_21257035_0,65.0,67.79,61.17,57.9
21257039_21226752_0,65.0,70.51,60.66,63.15
21257039_21257037_0,65.0,67.82,59.05,60.8
21257039_21225988_0,65.0,69.22,61.17,61.85
21257042_21257045_0,60.0,67.87,60.05,57.3
21257043_21257032_0,65.0,69.3,61.07,60.5
21257043_21257042_0,60.0,68.83,59.79,62.95
21257045_21298354_0,60.0,68.91,62.16,60.95
21257046_21226814_0,65.0,71.54,59.62,63.18
21257046_266326264_0,65.0,72.05,63.3,63.2
21257046_21257043_0,65.0,71.43,63.34,63.15
21293704_308836020_0,65.0,69.75,67.49,65.89
21293704_25543581_0,65.0,73.8,67.15,66.4
21293705_21293709_0,65.0,66.61,63.98,63.89
21293705_21294886_0,65.0,70.01,63.76,64.05
21293706_21293707_0,65.0,77.29,66.04,65.0
21293706_251434972_0,65.0,66.8,65.84,65.55
21293706_21555835_0,65.0,74.82,63.99,64.15
21293707_1677491063_0,65.0,75.54,63.28,64.5
21293707_251435167_0,65.0,69.18,64.48,66.15
21293707_21293706_0,65.0,77.29,66.04,65.0
21293709_1538547258_0,65.0,67.21,64.26,61.75
21293712_154783233_0,65.0,65.36,62.22,61.9
21293712_53758473_0,60.0,66.82,62.74,62.3
21293716_21227137_0,65.0,67.89,64.61,63.55
21293716_21294879_0,65.0,67.48,62.7,61.7
21293718_787746975_0,60.0,72.72,66.96,66.65
21293718_250291808_0,60.0,67.43,66.46,64.25
21293718_249104086_0,60.0,70.95,64.43,66.15
21293721_21294867_0,65.0,77.86,60.35,59.75
21293721_358878995_0,65.0,74.31,66.86,61.75
21293721_78462264_0,65.0,73.18,61.89,60.95
21293722_251487844_0,65.0,71.49,65.5,68.45
21293722_21294864_0,65.0,72.01,69.5,65.7
21293723_90641056_0,65.0,69.61,64.17,63.95
21293723_309007305_0,65.0,73.11,64.16,62.0
21293727_250228483_0,65.0,68.99,66.01,67.35
21293727_269349454_0,65.0,69.17,66.98,68.65
21293728_90223776_0,65.0,66.5,64.12,61.65
21293728_839183790_0,65.0,74.42,68.74,68.15
21293729_2533407661_0,65.0,75.48,68.42,68.7
21293729_257998808_0,65.0,75.61,73.69,68.35
21293729_479975901_0,65.0,73.41,66.53,66.6
21293732_1896734001_0,65.0,74.32,70.38,69.05
21293732_1896734006_0,65.0,74.72,69.73,68.55
21293736_90224722_0,65.0,62.18,61.71,59.85
21293736_306367368_0,65.0,64.38,64.49,62.4
21293736_234727573_0,60.0,63.67,63.77,62.26
21294859_2533296113_0,65.0,75.53,69.89,69.05
21294859_306427883_0,65.0,70.95,69.29,68.7
21294861_839183816_0,65.0,74.25,69.31,68.6
21294861_361385587_0,65.0,74.65,71.94,68.6
21294863_269356362_0,65.0,66.05,64.83,66.05
21294863_1893394051_0,65.0,63.06,58.76,59.65
21294864_31333347_0,65.0,74.16,66.27,67.85
21294864_257532985_0,65.0,70.89,66.1,65.12
21294865_21293723_0,65.0,73.19,65.13,61.4
21294865_358879000_0,65.0,72.19,64.56,62.2
21294866_21293722_0,65.0,74.77,67.66,68.9
21294866_267212120_0,65.0,70.91,65.7,65.35
21294867_21293721_0,65.0,77.86,60.35,59.75
21294867_1178990322_0,65.0,73.35,65.95,61.3
21294867_2550279489_0,65.0,72.64,61.74,61.75
21294869_309006092_0,65.0,67.36,62.58,61.95
21294869_21294870_0,65.0,69.55,63.8,62.75
21294870_309006095_0,65.0,69.73,62.18,63.25
21294870_21294872_0,65.0,69.66,62.44,62.65
21294872_21226430_0,65.0,69.71,63.57,63.0
21294877_154783235_0,65.0,65.08,61.65,61.15
21294877_1485009472_0,65.0,67.56,61.93,61.6
21294879_1322633094_0,65.0,68.97,64.15,61.3
21294879_21294881_0,65.0,65.32,62.43,61.95
21294881_21294879_0,65.0,65.31,62.43,61.95
21294881_250749897_0,65.0,65.88,61.01,62.6
21294881_1485007646_0,65.0,64.7,59.75,60.05
21294882_13359124941_0,65.0,63.6,61.43,61.5
21294886_31489450_0,65.0,69.76,67.48,64.3
21294886_1322627674_0,65.0,69.69,65.25,63.75
21294888_21294891_0,65.0,70.53,67.03,67.22
21294888_25543667_0,65.0,71.97,66.57,67.36
21294889_21293704_0,65.0,72.93,68.66,66.45
21294891_13359124944_0,65.0,72.01,67.68,67.2
21294896_29089610_0,65.0,72.55,69.03,68.01
21294896_243907667_0,65.0,70.11,65.8,66.5
21298308_21298309_0,60.0,69.95,62.79,62.3
21298308_4885413470_0,60.0,71.28,62.14,62.8
21298308_21298376_0,65.0,70.62,63.2,62.05
21298309_21298340_0,60.0,67.9,59.66,55.6
21298309_21298311_0,60.0,68.97,59.57,58.15
21298309_21298308_0,60.0,69.95,62.79,62.3
21298311_21298314_0,65.0,68.92,56.76,57.4
21298311_21298309_0,60.0,68.97,59.57,58.15
21298314_21298316_0,65.0,69.04,58.3,57.45
21298316_21298319_0,65.0,70.01,59.22,57.8
21298316_343148219_0,65.0,68.09,54.06,56.3
21298319_21298320_0,65.0,69.75,60.33,58.2
21298320_21298328_0,60.0,67.96,59.79,58.65
21298320_21298311_0,65.0,69.01,60.08,58.35
21298328_21298330_0,60.0,67.42,57.76,57.85
21298328_21298320_0,60.0,67.96,59.79,58.65
21298330_21298328_0,60.0,67.43,62.08,57.9
21298330_21298333_0,60.0,67.38,55.61,58.4
21298333_21298336_0,65.0,67.34,58.29,58.5
21298336_13376142940_0,65.0,67.45,56.98,57.65
21298337_340178381_0,65.0,69.54,61.35,60.55
21298337_13376142940_0,65.0,68.52,60.59,58.5
21298338_21298333_0,60.0,67.17,55.35,53.8
21298338_21298336_0,65.0,67.12,57.91,55.4
21298339_21298338_0,60.0,68.36,56.93,57.9
21298339_21298308_0,60.0,69.08,59.0,59.05
21298340_21298328_0,60.0,67.56,56.98,56.85
21298340_21298338_0,60.0,67.37,55.64,54.0
21298348_21298339_0,60.0,70.09,58.11,61.65
21298348_2817507681_0,65.0,73.62,59.08,64.0
21298354_5270092040_0,60.0,73.31,59.73,62.0
21298358_2784839435_0,60.0,73.74,60.99,62.45
21298363_31107192_0,65.0,72.55,63.04,61.78
21298376_21226134_0,60.0,69.39,63.53,58.9
21298376_114329059_0,65.0,70.23,55.83,63.3
21298376_2798072023_0,65.0,72.39,63.81,63.8
21298379_1296097678_0,65.0,70.59,59.88,61.35
21298379_3354696745_0,65.0,69.95,58.87,59.1
21298388_9587437542_0,65.0,69.3,59.59,60.35
21298393_2702238183_0,65.0,76.3,60.14,58.95
21298396_21225933_0,65.0,71.51,60.69,60.32
21298396_2713743831_0,65.0,69.54,57.23,56.62
21298439_307666788_0,65.0,71.02,63.09,60.25
21298439_21663217_0,65.0,71.48,61.37,61.3
21306359_21306392_0,65.0,70.39,62.77,60.5
21306360_21306389_0,65.0,77.54,68.08,70.25
21306360_1200503313_0,65.0,76.67,67.57,69.45
21306361_337940467_0,65.0,72.3,61.23,59.65
21306361_251709527_0,65.0,75.61,63.0,59.3
21306363_21306387_0,65.0,69.97,63.16,60.65
21306368_2781457811_0,65.0,75.19,66.64,64.9
21306369_251622721_0,65.0,72.3,62.17,60.25
21306370_27552293_0,65.0,78.11,66.81,69.1
21306370_21306360_0,65.0,75.07,66.62,67.75
21306379_21306370_0,65.0,77.64,69.6,69.1
21306379_31107295_0,65.0,75.14,65.77,66.75
21306381_53763220_0,65.0,75.48,59.91,65.3
21306381_1178990324_0,65.0,73.25,57.61,61.93
21306382_3371595497_0,65.0,69.78,60.81,60.45
21306385_31013184_0,60.0,72.42,64.81,65.35
21306387_21306369_0,65.0,70.65,63.15,60.95
21306389_31107194_0,65.0,76.42,65.32,68.9
21306389_21306379_0,65.0,74.21,65.74,66.75
21306392_21306382_0,65.0,69.86,61.9,60.2
21306397_21293704_0,65.0,70.64,67.71,66.7
21306398_251622724_0,65.0,71.85,59.71,59.0
21306398_21226373_0,65.0,71.97,60.64,61.65
21306400_2613616065_0,65.0,70.53,65.37,66.78
21306400_25543769_0,65.0,72.95,67.09,67.03
21306401_21293705_0,65.0,69.3,67.27,65.05
21306403_21306361_0,65.0,75.25,63.31,59.4
21306403_1497233545_0,65.0,72.66,62.15,59.22
21310492_21310618_0,65.0,70.9,53.64,53.45
21310495_21310661_0,65.0,72.56,60.55,62.05
21310495_1273633806_0,65.0,73.88,60.03,63.23
21310505_21310546_0,65.0,71.96,60.95,60.4
21310505_21226538_0,65.0,71.48,59.06,63.35
21310506_370450213_0,65.0,77.22,58.11,63.3
21310509_21225981_0,60.0,73.99,59.01,62.9
21310509_2564453159_0,60.0,78.13,60.74,62.65
21310521_21226709_0,65.0,79.13,58.36,64.4
21310521_21310572_0,65.0,72.12,57.99,61.05
21310527_102750737_0,60.0,71.91,58.94,57.6
21310527_21310654_0,65.0,71.61,61.22,62.25
21310534_21310604_0,65.0,76.71,59.39,61.25
21310545_21310661_0,65.0,72.16,56.28,59.3
21310545_21310669_0,60.0,72.95,59.66,61.0
21310546_21310505_0,65.0,71.96,60.95,60.4
21310546_21226297_0,60.0,71.35,58.61,60.05
21310546_21310551_0,60.0,71.11,58.66,60.35
21310551_21310635_0,65.0,71.35,55.62,58.3
21310551_21310572_0,60.0,71.23,57.98,61.65
21310551_21310546_0,60.0,71.11,58.66,60.3
21310560_249599277_0,65.0,73.58,55.77,54.95
21310560_21310574_0,65.0,73.84,55.62,54.7
21310572_21227077_0,65.0,73.07,58.35,61.95
21310572_1539802954_0,65.0,71.4,56.27,60.9
21310572_21310551_0,60.0,71.24,57.98,61.65
21310574_21310611_0,60.0,73.9,57.03,57.8
21310574_21310560_0,60.0,73.87,56.76,54.75
21310600_21310615_0,60.0,75.55,57.46,61.35
21310600_29461182_0,60.0,75.4,56.11,61.2
21310604_370492055_0,65.0,75.71,60.66,60.5
21310611_21663202_0,65.0,74.31,61.4,58.15
21310611_21310574_0,60.0,73.89,57.03,57.8
21310611_249599268_0,65.0,73.88,61.99,56.75
21310611_249599275_0,65.0,73.79,55.87,57.4
21310615_2564453158_0,60.0,77.21,58.09,61.35
21310615_2564452286_0,60.0,73.91,57.18,61.3
21310616_21226151_0,65.0,68.1,63.86,59.4
21310616_21310652_0,65.0,69.33,60.73,59.0
21310616_21225955_0,65.0,69.71,53.37,57.65
21310618_21310492_0,65.0,70.9,53.64,53.45
21310618_21226838_0,60.0,71.13,52.1,53.1
21310621_2958408764_0,65.0,77.5,62.33,62.45
21310622_2564452286_0,60.0,72.52,59.18,59.55
21310623_2564472944_0,65.0,74.09,64.76,63.45
21310623_21310628_0,65.0,73.37,61.56,61.6
21310624_29462464_0,60.0,74.4,57.82,61.0
21310628_21458595_0,65.0,72.93,64.58,64.15
21310628_27626638_0,65.0,73.49,64.96,62.45
21310628_21310623_0,65.0,73.37,61.56,61.6
21310635_21310551_0,65.0,71.33,55.62,58.3
21310635_21226612_0,60.0,70.97,56.09,61.6
21310635_21226344_0,65.0,71.71,58.75,62.15
21310647_21310670_0,65.0,73.49,55.83,59.3
21310647_3721541167_0,65.0,73.38,59.62,59.8
21310650_21310673_0,60.0,73.27,57.62,60.15
21310652_21310616_0,65.0,69.33,60.73,59.0
21310654_21310527_0,65.0,71.6,61.22,62.25
21310654_21226793_0,65.0,77.39,58.6,65.4
21310657_31011523_0,65.0,83.11,64.89,65.7
21310657_258326069_0,65.0,81.3,61.08,65.25
21310660_3721541153_0,65.0,77.75,58.25,59.4
21310661_21310545_0,65.0,72.16,56.28,59.3
21310661_21226793_0,65.0,71.91,55.61,60.3
21310661_21310495_0,65.0,72.56,60.55,62.05
21310661_21310527_0,60.0,72.18,57.72,59.32
21310665_21310650_0,55.0,72.96,58.88,56.2
21310665_3231455564_0,55.0,74.56,60.4,59.4
21310669_2564453158_0,60.0,75.25,56.37,62.47
21310670_21310665_0,60.0,73.47,55.46,59.65
21310673_21227095_0,60.0,73.74,62.94,61.65
21310673_3721541176_0,60.0,73.65,57.59,61.8
21310675_21310509_0,60.0,78.41,60.21,63.36
21310675_2564455920_0,60.0,79.48,61.28,61.8
21389407_9587437542_0,65.0,69.42,57.86,60.2
21389410_316068659_0,65.0,70.14,57.77,59.55
21389421_21440488_0,65.0,74.96,66.31,65.35
21389421_4201970001_0,65.0,74.35,64.81,64.8
21389426_29137366_0,60.0,67.4,60.59,57.1
21389426_21389427_0,65.0,71.09,60.85,56.1
21389427_29138058_0,65.0,71.75,62.1,64.5
21389431_21226742_0,65.0,79.47,67.0,65.7
21389431_2529643834_0,65.0,76.37,66.0,65.9
21389431_560867112_0,65.0,73.89,62.32,65.6
21389433_21389434_0,65.0,68.08,59.21,62.3
21389433_21226247_0,65.0,72.03,65.6,65.35
21389434_21389433_0,65.0,68.08,59.21,61.7
21389434_2896922077_0,60.0,68.11,63.55,62.9
21389434_21226366_0,65.0,67.59,60.34,63.2
21440488_2696090769_0,65.0,72.61,62.54,63.8
21440488_21555669_0,65.0,71.45,66.05,64.45
21458290_92164141_0,60.0,60.05,57.68,56.15
21458294_3358131353_0,65.0,66.11,60.02,62.42
21458294_5878293590_0,65.0,65.44,64.54,61.18
21458298_31333338_0,65.0,71.25,65.5,64.89
21458303_27551170_0,60.0,69.15,61.94,61.95
21458303_250051828_0,70.0,67.53,62.17,60.73
21458313_2707357980_0,65.0,59.9,59.27,56.2
21458313_909096379_0,65.0,59.98,55.73,59.8
21458323_246096297_0,65.0,64.17,63.1,66.6
21458323_289645055_0,65.0,62.66,61.57,64.4
21458323_250902114_0,65.0,67.74,64.48,66.6
21458324_92164137_0,60.0,60.61,59.42,61.58
21458324_92164170_0,65.0,60.17,56.88,56.15
21458328_1610856081_0,65.0,61.0,61.11,62.69
21458333_90626661_0,65.0,65.77,62.59,63.9
21458333_21226625_0,65.0,70.65,62.1,64.96
21458333_252632613_0,65.0,70.68,62.33,65.41
21458340_154777183_0,65.0,63.23,56.33,54.7
21458340_154772874_0,60.0,64.88,57.74,57.4
21458583_255895473_0,65.0,70.05,62.49,57.3
21458583_1505193837_0,65.0,68.3,62.71,57.2
21458583_596370824_0,65.0,69.88,63.74,57.15
21458586_21458587_0,65.0,67.01,58.06,56.9
21458586_684201207_0,60.0,66.54,57.24,59.43
21458587_1271151782_0,65.0,67.27,56.71,56.8
21458587_3782582101_0,65.0,67.03,56.06,57.3
21458590_21306360_0,65.0,74.49,67.79,68.15
21458593_338806024_0,60.0,66.76,62.14,61.05
21458593_255323918_0,60.0,65.48,57.38,58.95
21458593_11182853587_0,60.0,67.72,57.66,63.35
21458594_232890306_0,65.0,70.76,60.37,57.65
21458594_31107189_0,65.0,71.13,59.06,57.85
21458595_21310628_0,65.0,72.93,64.58,64.15
21458595_21227167_0,65.0,80.19,70.69,69.2
21493742_3231455564_0,60.0,77.11,61.92,60.55
21493748_21555445_0,65.0,74.68,64.06,65.4
21493748_21555496_0,65.0,73.35,63.53,63.55
21493827_21227158_0,65.0,76.83,66.96,66.85
21493827_669180238_0,65.0,78.54,69.5,66.35
21493949_29461095_0,65.0,75.02,59.44,57.85
21493949_29461088_0,65.0,78.95,59.91,59.95
21493949_29461106_0,65.0,78.88,59.79,57.65
21493969_27626635_0,65.0,73.58,66.61,64.7
21493969_27626630_0,65.0,70.51,64.61,62.45
21493969_21227295_0,65.0,75.52,67.11,64.65
21493991_21226883_0,65.0,82.37,62.18,68.65
21493991_1273633810_0,65.0,78.74,60.17,67.9
21494007_1877665483_0,65.0,70.67,73.0,69.7
21555343_2879316853_0,65.0,70.84,72.28,70.35
21555347_1699886632_0,65.0,62.55,62.28,60.99
21555347_304776028_0,65.0,63.01,62.85,59.55
21555353_738900713_0,60.0,64.89,60.06,56.25
21555362_249176550_0,65.0,65.29,63.62,62.85
21555362_31508814_0,65.0,66.54,61.77,64.9
21555427_2271828987_0,65.0,67.74,62.06,60.8
21555427_850880294_0,60.0,67.68,60.21,59.7
21555436_1477751191_0,65.0,71.41,64.03,64.2
21555436_2820730583_0,65.0,70.23,64.83,61.7
21555445_27560323_0,60.0,69.18,62.55,63.05
21555445_21555919_0,65.0,72.51,65.03,64.2
21555457_13384457584_0,65.0,69.92,65.27,66.75
21555479_256991582_0,60.0,65.03,59.58,57.65
21555479_29137409_0,65.0,68.43,61.53,61.75
21555496_1396421847_0,65.0,73.66,65.47,64.05
21555496_21225847_0,65.0,77.11,66.01,66.0
21555517_21555776_0,65.0,68.91,62.28,61.95
21555521_21227217_0,65.0,65.74,63.38,63.4
21555521_31508825_0,65.0,67.2,63.49,65.35
21555521_1596494671_0,65.0,68.49,64.39,66.7
21555521_1931890083_0,65.0,67.29,62.96,64.5
21555579_27626629_0,65.0,69.97,60.28,60.2
21555579_21493748_0,65.0,70.05,63.36,62.65
21555588_21494007_0,65.0,72.94,73.76,68.6
21555632_24576291_0,65.0,67.69,60.63,62.7
21555632_2902591499_0,65.0,69.99,58.18,63.2
21555657_253242452_0,65.0,74.99,64.56,67.0
21555657_2955819032_0,65.0,72.97,64.3,66.6
21555657_251564543_0,65.0,73.89,64.05,66.75
21555657_2633722461_0,65.0,73.11,61.83,66.0
21555669_1938444227_0,65.0,72.69,63.46,63.6
21555669_13266396367_0,65.0,71.81,61.63,62.8
21555669_232886575_0,65.0,70.69,64.56,62.7
21555695_306427884_0,65.0,65.13,65.3,64.45
21555695_11318281384_0,65.0,74.18,69.94,69.6
21555752_21555869_0,55.0,63.71,58.56,57.4
21555752_1584878455_0,65.0,66.5,56.94,62.5
21555776_2820734806_0,65.0,68.7,60.88,59.85
21555785_252635198_0,65.0,70.38,63.81,64.16
21555835_21555785_0,65.0,72.32,67.07,65.31
21555835_21293706_0,65.0,74.82,63.99,64.15
21555835_21226625_0,65.0,73.08,67.71,65.53
21555869_21555752_0,55.0,63.71,60.53,57.4
21555869_21555353_0,60.0,64.35,57.24,55.7
21555918_918919090_0,65.0,67.36,61.86,60.05
21555918_2271834000_0,65.0,67.86,63.35,61.5
21555919_27626635_0,65.0,73.88,64.74,64.95
21555919_29089657_0,65.0,72.84,65.85,64.8
21555919_2858888468_0,65.0,68.7,61.12,61.95
21663192_27560157_0,65.0,69.03,62.64,62.58
21663192_246991591_0,65.0,71.16,66.37,64.9
21663193_308670931_0,65.0,74.84,69.61,65.6
21663194_21227268_0,65.0,68.33,61.15,62.88
21663194_27560217_0,65.0,68.73,60.52,63.18
21663194_245474386_0,65.0,71.34,65.03,66.05
21663197_21663201_0,65.0,70.81,62.78,62.5
21663197_2817361526_0,65.0,75.41,64.9,64.4
21663197_2817361521_0,65.0,74.97,64.22,64.7
21663198_1251595187_0,65.0,69.28,61.25,61.05
21663199_3996462469_0,65.0,70.85,60.62,60.35
21663201_21663198_0,60.0,69.3,58.91,58.85
21663201_24576319_0,60.0,69.64,59.29,61.6
21663201_21663197_0,65.0,70.81,62.78,62.6
21663202_21310611_0,65.0,74.29,61.4,58.15
21663202_2689698969_0,65.0,77.26,58.31,60.7
21663202_29461185_0,65.0,74.74,56.05,59.5
21663203_21226315_0,65.0,66.43,57.83,63.15
21663203_245396077_0,65.0,64.73,57.74,58.9
21663208_21663209_0,60.0,65.02,58.88,56.5
21663208_241470728_0,60.0,65.33,62.35,61.45
21663209_21663208_0,60.0,65.02,58.88,56.5
21663209_258934377_0,60.0,65.76,57.45,58.3
21663212_1718051292_0,65.0,65.74,59.47,58.25
21663212_268592570_0,60.0,65.46,58.03,58.4
21663213_21663214_0,65.0,73.26,64.79,63.9
21663213_560862695_0,65.0,69.83,63.41,60.6
21663214_268593576_0,65.0,70.35,65.41,63.85
21663214_268593604_0,65.0,70.42,63.73,60.15
21663217_259986020_0,65.0,66.99,59.24,57.1
21663217_21298439_0,65.0,71.48,61.37,61.3
21663217_3054612864_0,65.0,71.58,60.53,59.05
21663221_12607454220_0,60.0,64.88,60.43,57.95
21663221_1530212271_0,60.0,65.25,58.57,59.6
21663241_29089658_0,60.0,61.41,64.11,60.1
21663241_277425400_0,60.0,61.26,59.14,59.45
21663243_21663244_0,60.0,60.89,53.13,54.25
21663244_21663249_0,55.0,60.66,60.78,63.2
21663244_251293525_0,55.0,60.01,57.28,55.1
21663245_21663243_0,60.0,61.32,60.69,60.4
21663245_35081019_0,60.0,62.99,60.15,62.95
21663245_21663248_0,60.0,62.77,62.76,61.5
21663247_31333883_0,65.0,63.81,61.89,62.4
21663247_31333882_0,65.0,65.57,63.45,64.75
21663248_28848529_0,65.0,61.34,61.92,60.15
21663248_21663245_0,60.0,62.77,62.76,61.5
21663248_21226958_0,65.0,64.34,59.92,64.05
21663249_21663248_0,65.0,63.94,61.4,63.25
24576281_1530058570_0,65.0,65.51,59.49,58.55
24576281_1797998853_0,65.0,65.95,61.28,60.15
24576286_91532536_0,60.0,65.63,60.05,59.6
24576286_1529845004_0,60.0,66.43,62.33,60.45
24576291_232881506_0,60.0,66.39,62.97,58.1
24576291_232879844_0,65.0,66.95,62.87,59.5
24576291_21555632_0,65.0,67.67,60.77,62.85
24576303_24576306_0,65.0,63.57,59.9,60.25
24576306_24576325_0,65.0,64.57,61.96,60.0
24576306_24576329_0,65.0,63.37,58.52,59.7
24576308_626841126_0,65.0,64.58,65.24,61.35
24576308_114343995_0,65.0,63.17,63.22,60.5
24576311_21227092_0,65.0,69.59,63.54,61.15
24576311_21226261_0,65.0,71.35,61.77,64.55
24576319_1251586321_0,65.0,69.13,59.66,58.3
24576319_21663201_0,60.0,69.64,59.29,61.6
24576319_2817361520_0,65.0,69.07,58.81,59.55
24576323_24576327_0,60.0,68.27,59.45,59.8
24576325_2318058144_0,65.0,67.69,64.9,60.95
24576325_2760375562_0,65.0,66.17,62.05,60.05
24576327_2817361514_0,60.0,68.45,59.47,58.9
24576327_430951081_0,60.0,68.87,57.98,60.3
24576329_21226062_0,60.0,63.25,57.38,60.2
25543504_309671252_0,60.0,68.78,63.23,63.75
25543504_25543549_0,65.0,69.25,60.88,62.7
25543508_102240830_0,65.0,69.72,61.19,59.95
25543508_102224102_0,60.0,68.75,58.84,58.05
25543515_25543541_0,65.0,70.91,61.01,61.25
25543525_2696461250_0,60.0,64.93,59.25,57.2
25543530_1496276403_0,65.0,71.94,62.32,64.8
25543530_102218980_0,65.0,78.84,68.04,69.3
25543535_25543508_0,65.0,69.41,61.6,60.4
25543535_102240830_0,65.0,69.49,61.3,59.6
25543541_334525515_0,65.0,69.71,57.24,59.76
25543541_251709436_0,65.0,70.56,61.49,59.45
25543546_292647587_0,65.0,65.89,62.12,62.8
25543546_251629751_0,65.0,69.55,62.5,60.95
25543549_258155918_0,65.0,70.8,63.37,63.0
25543559_102224102_0,60.0,68.75,57.72,57.68
25543559_25543898_0,65.0,72.96,58.36,59.4
25543577_251622052_0,65.0,68.74,61.22,60.4
25543577_25543608_0,65.0,72.19,62.26,60.7
25543581_21306401_0,65.0,73.94,67.53,67.07
25543581_25543667_0,65.0,73.1,68.73,67.86
25543608_5454702272_0,65.0,74.39,61.77,60.78
25543624_25543675_0,65.0,78.13,73.38,69.1
25543629_1111714806_0,65.0,68.93,62.92,64.6
25543649_308843283_0,55.0,63.83,56.93,57.05
25543663_25543577_0,65.0,71.78,62.03,60.15
25543665_3780487418_0,65.0,72.98,59.47,59.45
25543667_21294891_0,65.0,72.42,68.39,68.46
25543667_21294889_0,65.0,72.3,68.13,67.89
25543675_139248016_0,65.0,75.46,72.48,66.45
25543688_471847459_0,65.0,66.16,62.46,61.5
25543688_232822671_0,65.0,65.41,60.81,60.5
25543695_3455715403_0,65.0,71.04,60.0,64.75
25543695_244522102_0,65.0,67.24,56.14,63.15
25543711_102200056_0,60.0,72.28,67.28,59.75
25543717_2698680784_0,65.0,69.19,61.89,62.5
25543717_27551129_0,65.0,69.35,63.39,63.05
25543749_2940260710_0,60.0,61.97,60.59,59.07
25543749_28848511_0,60.0,61.13,57.87,57.5
25543749_28848509_0,60.0,62.51,63.52,62.5
25543749_27552400_0,60.0,61.44,62.27,59.65
25543759_307000136_0,65.0,69.75,65.31,68.4
25543759_334396350_0,65.0,69.26,65.08,66.5
25543760_2801342042_0,65.0,70.91,65.06,68.35
25543760_1731215564_0,65.0,70.53,64.61,67.8
25543769_25543813_0,65.0,72.49,64.32,66.92
25543769_787885735_0,65.0,72.43,63.85,67.28
25543777_252123139_0,65.0,79.51,71.9,71.0
25543813_21226476_0,65.0,73.09,65.28,67.47
25543813_2613616051_0,65.0,71.91,64.81,67.32
25543832_306376315_0,65.0,67.71,64.43,66.35
25543832_3911250741_0,65.0,69.14,62.09,67.75
25543832_275045475_0,65.0,76.93,63.91,68.5
25543849_25543880_0,65.0,71.32,62.49,63.1
25543849_27552415_0,65.0,68.14,60.08,63.5
25543849_27552411_0,60.0,68.11,57.35,62.15
25543872_25543954_0,60.0,63.94,59.92,57.0
25543872_25543899_0,60.0,64.24,58.72,57.25
25543872_1938126705_0,60.0,64.69,58.8,56.8
25543880_25543849_0,65.0,71.32,62.49,63.1
25543880_3105497573_0,65.0,72.23,62.56,62.3
25543880_1938126686_0,60.0,71.43,60.97,63.3
25543880_442095658_0,60.0,72.21,62.11,62.0
25543887_10967495238_0,65.0,73.31,58.96,61.3
25543887_1935805172_0,65.0,72.05,59.33,61.0
25543887_534883979_0,65.0,71.68,61.08,59.62
25543893_102212770_0,65.0,79.8,68.5,69.45
25543893_1272557823_0,65.0,79.89,67.65,68.9
25543893_2721545919_0,65.0,77.66,67.51,68.7
25543896_2152998316_0,65.0,79.82,71.09,67.45
25543897_250824521_0,65.0,65.26,57.42,56.85
25543898_1738264923_0,60.0,73.37,56.59,59.9
25543898_102203870_0,60.0,69.49,62.96,59.5
25543899_250827719_0,60.0,64.06,59.52,57.8
25543899_308843284_0,60.0,63.93,57.71,57.5
25543916_3911250733_0,60.0,72.64,64.83,64.35
25543916_4526747657_0,65.0,71.22,64.72,65.25
25543930_250825666_0,65.0,65.15,56.22,56.85
25543930_9511205992_0,65.0,65.24,58.51,57.5
25543942_102207161_0,60.0,69.69,63.28,60.65
25543950_114354737_0,60.0,69.27,58.6,58.55
25543950_25543942_0,60.0,69.62,58.08,61.25
25543954_25543872_0,60.0,63.94,59.92,57.0
27529335_27626633_0,65.0,70.77,60.41,59.2
27529335_27529354_0,60.0,70.2,56.92,57.35
27529335_12697305984_0,65.0,71.16,61.88,61.15
27529336_27529346_0,60.0,71.22,60.52,61.0
27529336_21226041_0,60.0,72.26,61.15,63.2
27529337_27626600_0,60.0,72.06,58.19,58.6
27529337_27529336_0,60.0,71.19,58.94,58.77
27529337_27529344_0,60.0,72.09,58.4,58.85
27529338_2954403516_0,65.0,70.48,59.77,59.55
27529338_27529339_0,60.0,70.78,61.3,61.45
27529339_27529338_0,60.0,70.78,61.3,61.45
27529339_1396421847_0,60.0,73.82,62.79,63.1
27529343_27529344_0,55.0,72.6,56.24,58.25
27529343_1255239251_0,60.0,73.55,62.38,61.2
27529344_27529337_0,60.0,72.09,58.4,58.85
27529344_27529345_0,60.0,72.23,56.18,56.15
27529344_27529358_0,60.0,71.01,58.84,56.35
27529345_27529360_0,55.0,71.77,57.05,56.25
27529345_27529347_0,55.0,72.16,59.83,61.7
27529345_27529344_0,60.0,72.23,56.18,56.15
27529346_12697329801_0,60.0,71.5,58.22,60.1
27529346_27529356_0,60.0,71.24,60.77,60.55
27529347_27529345_0,55.0,72.16,59.83,61.7
27529347_27529348_0,60.0,72.62,61.78,62.3
27529347_27529357_0,60.0,71.15,58.79,59.85
27529347_3093756560_0,55.0,72.16,60.77,60.35
27529348_27529349_0,65.0,73.17,61.42,61.9
27529348_27529352_0,60.0,71.09,60.6,61.2
27529348_27529347_0,60.0,72.64,61.78,62.15
27529349_27529348_0,65.0,73.17,61.42,61.9
27529349_1003229750_0,65.0,73.55,60.48,61.95
27529349_2770307269_0,65.0,73.87,59.05,62.55
27529349_27529351_0,60.0,71.79,59.1,61.25
27529350_752858433_0,65.0,71.31,64.23,64.45
27529350_27529351_0,60.0,70.49,60.31,60.2
27529351_27529350_0,60.0,70.49,60.31,60.2
27529351_27529349_0,60.0,71.79,59.1,61.25
27529351_27529352_0,60.0,70.71,60.32,61.35
27529352_27529339_0,60.0,70.25,60.53,60.75
27529352_27529353_0,60.0,70.64,61.21,61.8
27529353_752878057_0,60.0,72.66,60.51,61.0
27529353_27529357_0,60.0,71.07,60.02,61.2
27529354_27529356_0,60.0,70.42,59.22,57.15
27529355_9164553002_0,65.0,76.43,63.67,61.4
27529355_1333317322_0,65.0,77.45,68.01,66.05
27529355_21226489_0,65.0,72.0,64.75,63.5
27529356_27529357_0,60.0,71.05,60.52,61.0
27529356_27529359_0,60.0,70.36,56.09,54.0
27529357_27529347_0,60.0,71.15,58.79,59.85
27529357_27529353_0,60.0,71.07,60.02,61.2
27529358_27529359_0,60.0,70.55,59.35,56.9
27529358_27529346_0,60.0,70.93,60.16,58.7
27529359_27529345_0,60.0,70.62,55.97,52.9
27529360_27529343_0,55.0,73.26,57.13,57.9
27529361_27529360_0,55.0,72.78,59.61,58.85
27529361_27541453_0,60.0,75.24,58.9,61.1
27529361_3093756552_0,60.0,74.17,58.69,60.65
27529362_27529348_0,60.0,72.35,58.57,63.1
27529362_27529361_0,60.0,73.07,58.69,61.85
27529362_27541460_0,65.0,73.47,59.79,61.7
27530083_27541445_0,60.0,73.19,58.03,58.0
27530087_2661069714_0,65.0,77.99,64.33,65.95
27530087_2661069717_0,65.0,77.42,64.93,65.1
27530092_27530083_0,65.0,73.5,60.7,59.3
27530092_27541539_0,65.0,79.02,64.12,67.35
27530093_27530092_0,65.0,78.25,63.22,63.6
27530094_27530093_0,65.0,79.62,63.99,66.95
27541445_27541497_0,60.0,72.23,57.29,57.8
27541445_27541453_0,60.0,72.81,59.93,58.3
27541453_27541489_0,60.0,73.49,58.88,60.45
27541453_27541460_0,60.0,73.15,58.26,61.9
27541453_27529361_0,60.0,75.24,58.9,61.1
27541460_27530087_0,65.0,73.49,63.54,63.9
27541460_27529362_0,65.0,73.47,59.79,61.7
27541482_27530094_0,65.0,77.12,63.36,67.2
27541482_27541489_0,65.0,74.69,58.4,62.35
27541489_2805653455_0,65.0,72.78,60.59,58.6
27541489_27541453_0,60.0,73.49,58.88,60.45
27541489_27541482_0,65.0,74.69,58.4,62.35
27541497_27530093_0,65.0,72.89,60.8,59.85
27541497_2805653458_0,65.0,72.8,58.31,58.55
27541539_5433028503_0,65.0,82.48,67.45,67.5
27541545_259506063_0,65.0,77.76,66.44,66.9
27541545_259506064_0,65.0,72.67,62.46,63.42
27541552_259506067_0,60.0,75.26,65.68,65.55
27541552_7701029209_0,65.0,80.72,71.26,67.45
27541583_27541591_0,65.0,72.83,61.36,61.65
27541591_250859597_0,65.0,71.95,58.66,60.0
27541591_27541705_0,60.0,72.49,61.25,62.2
27541591_21225811_0,60.0,71.75,58.81,61.2
27541705_21226411_0,65.0,80.12,63.85,66.85
27551109_513324442_0,65.0,74.03,64.2,68.9
27551109_2543182113_0,65.0,72.49,64.13,67.5
27551111_2951299746_0,65.0,73.06,64.64,65.45
27551111_205732578_0,65.0,69.7,62.0,63.2
27551112_2781321344_0,60.0,71.19,62.83,63.35
27551113_27551111_0,65.0,71.01,64.27,63.9
27551113_2951299746_0,65.0,70.24,64.76,63.75
27551115_2787924645_0,65.0,75.52,66.02,65.2
27551115_2698680766_0,65.0,73.98,65.01,64.1
27551116_244298507_0,65.0,67.82,60.66,63.95
27551116_27551117_0,65.0,73.02,62.9,64.35
27551117_2787924645_0,65.0,71.72,62.85,64.0
27551117_29765458_0,65.0,71.72,61.86,63.05
27551117_114306900_0,65.0,71.5,61.72,63.1
27551118_1521051653_0,65.0,74.34,64.28,65.1
27551118_2787924645_0,65.0,72.0,65.32,64.55
27551120_27551118_0,65.0,71.34,61.81,63.95
27551121_27551128_0,60.0,65.59,62.54,58.75
27551121_27551120_0,65.0,69.0,60.05,59.4
27551128_27551121_0,60.0,65.59,62.54,58.75
27551128_3747625829_0,60.0,65.15,60.98,58.05
27551129_232822670_0,65.0,70.78,64.33,63.95
27551129_206175956_0,65.0,74.41,63.61,64.57
27551129_25543717_0,65.0,69.35,63.39,63.05
27551131_27551132_0,55.0,64.5,57.28,57.6
27551131_1483625817_0,60.0,66.92,59.93,57.9
27551132_27551131_0,55.0,64.5,57.28,57.6
27551132_206174306_0,55.0,63.35,58.93,56.1
27551133_259780851_0,65.0,61.76,58.25,62.0
27551133_309382837_0,65.0,58.11,61.9,62.1
27551140_263788230_0,65.0,59.21,61.77,60.88
27551140_264155211_0,65.0,60.96,59.84,62.08
27551140_263798698_0,65.0,61.41,62.06,62.16
27551143_332588112_0,60.0,58.88,62.95,60.4
27551143_256577727_0,65.0,60.31,59.11,61.62
27551143_279798578_0,65.0,61.2,58.25,61.92
27551144_264641073_0,65.0,58.41,58.18,59.25
27551144_264641059_0,65.0,60.76,61.1,61.2
27551144_5499744278_0,65.0,60.96,61.66,61.13
27551147_1110303944_0,65.0,58.47,52.52,57.6
27551147_27551150_0,60.0,60.03,61.24,57.2
27551147_8526287262_0,65.0,57.67,59.72,55.65
27551149_1110303955_0,65.0,62.4,59.98,58.85
27551149_576703243_0,60.0,64.04,57.35,62.9
27551150_27551147_0,60.0,60.03,61.24,57.2
27551150_5162046348_0,65.0,64.11,56.28,60.54
27551150_308930649_0,60.0,63.8,58.04,61.81
27551158_1890336267_0,65.0,65.41,54.56,57.95
27551158_1744150142_0,65.0,66.43,65.87,57.25
27551170_21458303_0,60.0,69.15,61.94,61.95
27551170_5863507542_0,60.0,65.25,65.08,61.88
27551170_289648935_0,60.0,65.41,62.59,63.45
27551171_289647180_0,65.0,64.52,65.42,63.35
27551171_1171087560_0,65.0,64.19,65.64,61.58
27552209_2719997027_0,65.0,61.92,51.14,54.8
27552217_259599333_0,65.0,66.71,61.66,59.5
27552217_648653690_0,60.0,63.41,57.62,58.65
27552217_2395321637_0,60.0,65.68,57.23,59.35
27552223_249381671_0,60.0,64.13,58.4,58.38
27552223_259599330_0,60.0,64.6,52.31,56.9
27552229_335770822_0,55.0,66.36,57.67,58.63
27552229_249455213_0,55.0,65.86,55.67,55.3
27552229_648653704_0,55.0,66.21,55.89,58.65
27552235_27552236_0,60.0,68.05,56.68,60.7
27552235_648653704_0,55.0,67.4,57.78,60.65
27552236_942642264_0,60.0,68.16,57.72,61.1
27552239_27552244_0,60.0,67.1,59.34,60.1
27552239_2807019287_0,60.0,66.88,56.14,56.4
27552244_249455272_0,60.0,69.46,60.31,59.2
27552244_2807019287_0,55.0,67.4,59.46,60.65
27552269_249454559_0,65.0,69.22,60.53,59.98
27552269_11021680914_0,65.0,71.52,60.8,62.52
27552269_2888818213_0,65.0,71.24,61.86,62.02
27552274_7798245563_0,65.0,69.51,60.91,59.0
27552274_27552277_0,60.0,76.45,67.89,66.45
27552277_21226003_0,65.0,79.22,68.91,67.5
27552277_243910472_0,60.0,78.38,65.2,67.85
27552279_243910472_0,65.0,77.24,66.33,67.85
27552279_27552280_0,65.0,77.29,65.94,67.5
27552280_1254057353_0,65.0,72.62,67.71,66.65
27552280_27552281_0,65.0,77.22,67.87,69.25
27552280_27552279_0,65.0,77.29,65.94,67.5
27552281_27552280_0,65.0,77.22,67.87,69.25
27552281_27552282_0,65.0,78.61,70.43,69.4
27552282_249454708_0,65.0,75.57,64.66,66.23
27552282_21226099_0,65.0,76.86,71.17,69.55
27552282_27552281_0,65.0,78.61,70.43,69.4
27552293_279124984_0,65.0,74.49,66.87,66.85
27552302_27552317_0,65.0,69.7,66.48,66.05
27552302_114310886_0,65.0,69.56,65.91,66.1
27552302_127814157_0,65.0,72.52,67.94,69.1
27552304_353283776_0,65.0,67.76,62.49,64.1
27552304_27552302_0,65.0,73.89,62.91,68.3
27552306_27552304_0,65.0,73.94,62.21,68.1
27552317_114310886_0,65.0,74.37,64.72,68.6
27552317_27552319_0,65.0,69.37,68.02,66.55
27552319_597406829_0,65.0,67.81,63.23,64.85
27552331_435137475_0,65.0,72.84,58.67,64.05
27552353_1505194060_0,65.0,69.98,66.52,65.85
27552353_260478934_0,65.0,78.14,70.05,68.15
27552357_2907294401_0,65.0,71.14,64.59,66.85
27552362_206177104_0,65.0,73.43,66.62,67.65
27552362_27552363_0,65.0,73.89,66.49,68.55
27552363_794971364_0,65.0,74.21,64.35,68.85
27552400_27552401_0,60.0,62.78,62.34,62.25
27552400_28848511_0,60.0,61.2,58.82,58.4
27552400_25543749_0,60.0,61.44,62.27,59.65
27552401_31348011_0,60.0,66.8,60.99,63.05
27552401_27552400_0,60.0,62.78,62.34,62.25
27552401_27552402_0,60.0,66.37,62.33,61.2
27552402_27552403_0,60.0,62.77,63.62,63.75
27552403_1479162081_0,65.0,68.66,63.58,63.9
27552403_1831279342_0,65.0,65.72,62.65,63.8
27552403_28848509_0,60.0,67.46,63.1,64.45
27552404_6753411942_0,55.0,61.14,52.9,54.85
27552404_1942944065_0,60.0,62.12,57.8,57.5
27552405_369229557_0,55.0,59.83,57.17,54.65
27552405_21226787_0,55.0,60.09,61.59,56.1
27552405_21227204_0,60.0,60.51,62.65,57.05
27552406_28848519_0,55.0,60.42,56.74,56.2
27552406_27552405_0,55.0,60.5,57.28,57.1
27552407_27552409_0,65.0,64.96,67.09,62.25
27552407_21226299_0,65.0,64.59,65.45,63.35
27552409_28848512_0,65.0,66.53,63.88,64.95
27552410_21663245_0,60.0,61.8,67.16,63.35
27552410_21226958_0,60.0,64.4,61.14,63.6
27552411_2610501035_0,65.0,66.64,62.21,60.8
27552411_25543849_0,60.0,68.11,57.35,62.15
27552411_232851088_0,65.0,66.81,56.72,62.55
27552415_2610501036_0,65.0,70.07,61.31,64.1
27555075_362576405_0,65.0,68.65,62.59,64.15
27555338_27555341_0,60.0,70.73,61.66,60.4
27555338_21226077_0,60.0,69.25,62.96,60.95
27555339_673412995_0,60.0,70.58,62.09,60.95
27555340_27555338_0,60.0,70.09,61.09,60.15
27555341_24576323_0,60.0,68.65,60.31,59.75
27555341_27555339_0,60.0,71.09,62.26,60.25
27560107_27583996_0,60.0,65.77,54.16,58.05
27560107_27560145_0,65.0,66.72,53.44,57.7
27560129_27583996_0,60.0,65.52,53.36,56.7
27560129_21226311_0,60.0,66.56,57.03,57.65
27560145_13273955306_0,65.0,67.64,57.75,58.0
27560157_27560174_0,65.0,66.25,59.25,58.2
27560157_27560163_0,65.0,67.15,61.05,59.25
27560163_21663194_0,65.0,68.53,61.04,62.63
27560174_27560163_0,65.0,66.0,58.18,58.6
27560180_21225882_0,65.0,68.01,65.28,63.9
27560180_27560174_0,65.0,66.56,59.7,55.4
27560180_21227268_0,65.0,67.29,61.19,59.85
27560187_27560203_0,65.0,66.35,56.69,58.0
27560187_27560192_0,65.0,66.41,61.03,59.5
27560187_21226158_0,65.0,68.17,65.22,64.55
27560187_21226988_0,65.0,67.11,56.6,58.55
27560192_27560187_0,65.0,66.41,61.03,59.6
27560192_35080728_0,65.0,66.41,62.56,58.95
27560192_308670931_0,65.0,71.83,65.93,64.8
27560192_21226567_0,65.0,72.07,64.48,64.25
27560197_27560213_0,65.0,66.56,55.24,54.45
27560197_27560217_0,65.0,67.14,58.07,55.6
27560197_27560203_0,65.0,66.71,57.74,57.95
27560203_27560187_0,65.0,66.35,56.69,58.0
27560203_27560197_0,65.0,66.71,57.74,57.95
27560213_27560197_0,65.0,66.56,55.24,54.45
27560213_27560203_0,65.0,66.26,58.07,54.75
27560217_21226158_0,65.0,68.75,64.51,63.95
27560217_27560197_0,65.0,67.14,58.07,55.6
27560220_27560364_0,65.0,71.85,61.68,64.65
27560220_27560248_0,60.0,68.42,61.45,64.45
27560220_27560223_0,65.0,68.87,63.34,64.35
27560223_27560231_0,65.0,69.29,63.81,64.75
27560223_27560282_0,65.0,69.89,64.54,65.85
27560231_2609522919_0,65.0,69.99,64.14,64.7
27560234_2609516252_0,65.0,70.23,66.57,65.9
27560234_27560237_0,65.0,68.02,61.66,64.15
27560234_565657938_0,65.0,68.02,63.07,64.0
27560237_565657962_0,65.0,67.23,54.06,58.3
27560237_27560248_0,60.0,67.27,58.86,63.1
27560248_27560261_0,60.0,67.18,60.56,63.25
27560255_27560261_0,60.0,66.71,60.97,58.8
27560255_21226977_0,60.0,67.17,60.72,63.15
27560261_27560237_0,60.0,66.5,53.39,57.15
27560265_27560273_0,65.0,71.91,63.6,66.03
27560273_29089657_0,65.0,71.85,66.29,66.3
27560276_27560289_0,65.0,70.78,65.59,64.9
27560276_27583089_0,65.0,75.33,67.37,65.2
27560282_27560231_0,65.0,69.46,62.96,65.7
27560282_2609516220_0,65.0,72.39,64.06,66.0
27560289_27560276_0,65.0,70.78,65.59,64.9
27560289_27560316_0,65.0,68.37,61.28,62.85
27560316_27560335_0,60.0,66.84,53.09,54.15
27560316_27560289_0,65.0,68.37,61.28,62.8
27560316_27560319_0,65.0,68.29,55.14,57.7
27560319_27560385_0,60.0,69.54,61.31,61.59
27560319_27560323_0,60.0,68.08,58.63,60.35
27560319_27560349_0,60.0,67.63,55.01,56.8
27560319_27560316_0,65.0,68.29,55.14,57.7
27560323_27560289_0,65.0,68.18,63.74,62.8
27560335_27560349_0,60.0,67.2,53.13,52.6
27560335_27560339_0,60.0,66.37,54.95,54.8
27560335_27560364_0,60.0,67.12,60.33,62.7
27560339_27560345_0,60.0,66.07,55.14,52.45
27560339_27560366_0,60.0,65.86,53.9,51.4
27560345_27560339_0,60.0,66.07,55.14,52.45
27560349_27560335_0,60.0,67.2,53.13,52.6
27560349_27560319_0,60.0,67.63,55.01,56.8
27560349_27560358_0,60.0,67.85,55.4,54.4
27560355_27560358_0,60.0,67.92,53.22,53.6
27560358_27560355_0,60.0,67.92,53.22,53.7
27560358_27560349_0,60.0,67.84,55.4,54.4
27560358_21226393_0,60.0,69.29,60.61,62.05
27560364_27560220_0,65.0,71.85,61.68,64.65
27560364_27560335_0,60.0,67.12,60.33,62.65
27560364_27560366_0,60.0,67.16,61.22,63.9
27560366_21226713_0,60.0,67.14,63.25,64.85
27560369_27560220_0,60.0,67.26,61.99,64.1
27560377_27560369_0,60.0,67.09,61.01,63.65
27560377_21226589_0,60.0,67.15,65.18,64.1
27560377_21226713_0,60.0,67.29,64.84,64.55
27560383_21555445_0,65.0,73.03,66.15,63.6
27560385_27560319_0,60.0,69.54,61.31,61.84
27560385_27560383_0,60.0,71.48,62.0,64.4
27560402_27560404_0,65.0,75.6,65.4,64.0
27560402_21225829_0,65.0,77.11,65.98,64.3
27560404_27560402_0,65.0,75.6,65.4,64.0
27560404_2805748828_0,65.0,75.87,68.03,65.05
27560404_27560406_0,60.0,71.03,62.55,64.0
27560406_27560410_0,60.0,71.81,61.28,59.7
27560406_2817355929_0,60.0,71.19,60.5,59.35
27560410_27560406_0,60.0,71.81,61.28,59.7
27560410_27560402_0,60.0,71.69,61.32,63.55
27560410_21227275_0,65.0,73.72,66.15,63.7
27560420_21226065_0,65.0,79.44,67.85,66.9
27583089_27583090_0,65.0,71.41,68.47,66.05
27583089_21227059_0,65.0,74.34,67.43,65.55
27583090_27560364_0,65.0,70.04,65.13,64.8
27583996_27560107_0,60.0,65.77,54.16,58.05
27583996_27560129_0,60.0,65.52,53.79,56.7
27584083_21663192_0,65.0,72.32,64.35,63.05
27584083_13919747_0,65.0,69.9,62.82,63.8
27588812_2898886782_0,65.0,68.58,58.12,64.55
27588812_21663203_0,65.0,65.87,57.57,63.55
27588812_539462816_0,65.0,69.97,57.72,65.4
27588812_304775620_0,65.0,65.25,59.3,63.35
27626588_27626593_0,60.0,70.86,58.67,59.05
27626588_27626615_0,60.0,72.81,62.19,62.9
27626588_27626616_0,60.0,70.7,58.17,58.05
27626589_27626599_0,55.0,70.23,56.84,56.1
27626589_27626591_0,60.0,70.49,55.4,55.25
27626591_27626600_0,60.0,71.18,56.74,58.8
27626592_27529336_0,60.0,71.31,59.73,57.79
27626592_27626591_0,60.0,70.83,56.53,58.34
27626593_27626589_0,60.0,70.48,60.05,56.45
27626593_27626592_0,60.0,71.45,59.92,61.25
27626595_27626616_0,60.0,69.93,56.91,57.3
27626595_27626593_0,55.0,71.32,61.12,60.35
27626596_27626597_0,65.0,69.87,56.7,55.55
27626596_27626618_0,60.0,69.91,60.26,59.0
27626596_27626595_0,60.0,70.9,59.19,56.95
27626597_27626604_0,65.0,70.76,59.56,61.07
27626597_27626596_0,65.0,69.87,56.7,55.55
27626599_27626595_0,60.0,70.11,59.46,56.75
27626599_27626597_0,60.0,69.79,57.81,55.75
27626600_27529337_0,60.0,72.06,58.19,58.6
27626600_27626602_0,60.0,71.39,57.26,59.25
27626600_27626608_0,65.0,71.97,60.53,61.02
27626602_27626600_0,60.0,71.39,57.26,59.25
27626602_27626603_0,60.0,71.38,57.84,58.4
27626603_27626604_0,60.0,71.78,63.11,64.55
27626603_27626610_0,65.0,71.69,60.59,59.4
27626603_27626602_0,60.0,71.38,57.84,58.4
27626604_27626603_0,60.0,71.78,63.11,64.55
27626604_27626613_0,65.0,71.89,65.11,64.85
27626604_27626611_0,65.0,74.62,67.16,66.75
27626604_27626597_0,65.0,70.76,59.56,61.07
27626608_29924820_0,65.0,76.99,62.5,61.18
27626610_27626603_0,65.0,71.69,60.59,59.4
27626610_27626611_0,65.0,77.87,64.61,66.7
27626611_27626613_0,65.0,77.73,66.45,66.6
27626611_27626604_0,65.0,74.62,67.16,66.75
27626611_249454708_0,65.0,80.04,66.91,68.9
27626613_27626623_0,65.0,75.62,61.73,60.4
27626615_27626592_0,60.0,72.42,60.69,62.55
27626615_21226041_0,60.0,76.4,64.9,64.25
27626615_27626588_0,60.0,72.81,62.19,62.9
27626616_28836335_0,60.0,69.68,56.36,57.1
27626616_27626618_0,60.0,70.59,59.04,61.05
27626616_27626588_0,60.0,70.7,58.17,58.05
27626618_28836339_0,60.0,70.23,59.41,60.85
27626618_27626596_0,60.0,69.91,60.26,59.0
27626618_27626626_0,60.0,70.49,61.97,60.15
27626618_27626616_0,60.0,70.59,59.04,61.05
27626619_1145293067_0,65.0,72.89,66.74,65.85
27626619_27626620_0,65.0,71.05,62.97,63.0
27626619_27626626_0,65.0,71.27,59.47,61.48
27626620_27626622_0,65.0,70.25,59.5,61.75
27626622_27626613_0,65.0,69.55,60.32,58.15
27626622_27626596_0,65.0,70.53,58.15,57.05
27626623_27626620_0,65.0,69.32,59.64,59.65
27626623_21226099_0,65.0,75.56,66.2,66.2
27626626_560985377_0,60.0,71.48,61.01,62.3
27626626_27626619_0,65.0,71.27,59.47,61.48
27626626_27626618_0,60.0,70.49,61.97,60.15
27626626_21226555_0,60.0,72.67,62.05,63.25
27626629_27626633_0,65.0,70.23,59.06,58.2
27626629_7872571958_0,65.0,69.93,59.15,57.95
27626630_21555579_0,65.0,70.4,63.79,61.6
27626633_27529335_0,65.0,70.77,60.41,59.2
27626633_2954403516_0,65.0,70.64,60.34,59.65
27626635_21555919_0,65.0,73.88,64.74,64.95
27626635_21493748_0,65.0,72.7,63.2,64.1
27626635_21493969_0,65.0,73.58,66.61,64.7
27626638_1487629790_0,65.0,77.23,66.13,63.65
27653861_21226370_0,65.0,60.38,61.39,62.25
27653885_8177939789_0,65.0,62.8,58.42,59.65
27653885_1766730093_0,65.0,61.5,59.26,60.35
27653904_1550365201_0,65.0,62.33,57.96,61.05
27653908_27653904_0,65.0,59.99,59.32,57.2
27653908_1799538882_0,65.0,60.84,56.87,57.35
27653915_1350644853_0,65.0,59.62,60.76,57.15
27653915_1550346057_0,65.0,61.65,58.0,57.8
27653918_27738480_0,60.0,63.92,57.29,59.65
27653919_3396938718_0,60.0,61.25,54.97,57.65
27653919_27653918_0,60.0,61.2,55.46,57.7
27653923_27653925_0,60.0,60.95,53.36,57.4
27653923_27653919_0,60.0,60.76,54.27,57.3
27653924_1766730093_0,60.0,61.53,59.02,58.9
27653924_27653923_0,60.0,60.75,53.6,57.3
27653925_268591106_0,60.0,60.59,51.55,57.1
27653925_27653924_0,60.0,61.53,56.66,58.5
27653926_27732698_0,65.0,62.51,64.1,58.4
27653929_27732697_0,60.0,63.3,58.04,59.1
27653929_800181759_0,60.0,62.39,57.93,57.5
27653930_27653929_0,60.0,62.48,59.96,58.0
27653931_27653930_0,60.0,61.72,59.29,56.9
27653931_27654225_0,60.0,61.47,57.36,57.25
27653931_27653932_0,60.0,61.57,62.94,57.4
27653932_304777278_0,60.0,61.57,59.2,56.5
27653932_27653934_0,55.0,61.51,54.18,53.35
27653934_27653935_0,60.0,62.54,60.13,55.6
27653934_574417688_0,60.0,62.37,62.68,58.5
27653935_27653939_0,55.0,62.12,58.34,56.15
27653936_27653935_0,60.0,63.25,60.28,59.45
27653939_27653940_0,55.0,61.87,58.14,57.95
27653940_304777278_0,55.0,62.61,59.92,60.85
27653940_1550365213_0,60.0,63.42,61.78,62.3
27653945_1550365269_0,65.0,63.2,62.36,60.45
27653947_27653945_0,65.0,61.45,57.75,57.25
27653947_587710951_0,60.0,61.65,62.83,59.8
27653950_27653955_0,60.0,60.92,59.71,57.8
27653951_27653945_0,65.0,61.39,63.13,58.9
27653951_268591070_0,65.0,61.56,56.58,59.2
27653951_587710951_0,60.0,60.69,56.6,57.65
27653952_27653954_0,60.0,63.95,57.85,60.3
27653952_268591070_0,60.0,61.29,53.97,59.6
27653954_27653950_0,60.0,61.8,55.92,59.95
27653954_27653925_0,60.0,61.77,56.44,60.2
27653954_27653918_0,60.0,64.12,60.34,60.5
27653955_27653932_0,60.0,60.75,61.57,58.3
27653955_27653954_0,60.0,60.87,53.64,57.8
27654224_1584881539_0,65.0,66.1,62.78,63.3
27654224_27738480_0,65.0,65.33,67.15,64.35
27654225_27653955_0,60.0,61.45,59.84,57.6
27654244_27654255_0,65.0,64.22,62.94,60.8
27654244_303028414_0,65.0,64.86,58.17,64.75
27654245_251292274_0,65.0,58.75,59.94,56.5
27654245_251292226_0,65.0,61.37,59.06,56.75
27654245_251290024_0,65.0,58.99,61.46,55.5
27654246_303381450_0,65.0,62.47,60.63,64.0
27654246_35080844_0,65.0,59.46,63.04,62.5
27654249_2796158763_0,65.0,58.98,63.26,61.5
27654249_2497238688_0,65.0,58.79,61.52,62.3
27654250_251290084_0,65.0,57.75,60.08,56.5
27654250_2497238688_0,65.0,60.89,63.12,63.45
27654250_27654251_0,65.0,60.29,63.01,59.5
27654251_9236561044_0,65.0,60.71,64.89,64.0
27654255_303028415_0,60.0,61.98,58.13,58.15
27654256_2794625975_0,60.0,60.81,52.17,53.2
27654256_263048752_0,65.0,61.36,54.39,54.75
27654256_263048754_0,65.0,61.05,57.19,53.75
27654259_1521649989_0,65.0,64.27,61.61,62.58
27654259_35081113_0,65.0,67.71,62.17,63.55
27654259_242938125_0,60.0,69.05,61.17,63.6
27714892_21310660_0,65.0,76.67,58.02,60.95
27717266_29461089_0,65.0,75.22,59.69,58.7
27717266_21226618_0,65.0,79.36,63.25,57.05
27732697_27732698_0,60.0,62.03,57.73,56.3
27732697_1822037790_0,60.0,63.46,61.86,63.2
27732698_27653926_0,65.0,62.53,62.13,58.4
27732698_27653931_0,60.0,62.07,61.0,56.05
27738480_27654225_0,60.0,62.12,61.18,57.95
27738480_27654224_0,65.0,65.33,67.15,64.35
27738514_1946725803_0,65.0,63.09,64.29,57.9
27738514_1843088179_0,65.0,63.72,63.31,61.4
27738514_1843088178_0,65.0,63.61,64.44,59.7
27738517_21226491_0,60.0,62.75,63.79,62.55
27784942_21226927_0,65.0,71.61,66.37,63.25
27784942_21226609_0,65.0,72.32,66.29,64.5
28836310_13919653_0,60.0,65.31,58.13,58.6
28836310_90603144_0,60.0,66.08,61.84,59.94
28836311_28836318_0,65.0,65.43,60.12,59.15
28836311_28836310_0,60.0,65.18,60.47,59.3
28836314_13919619_0,65.0,65.41,60.19,59.05
28836314_12222894791_0,65.0,65.4,60.35,59.95
28836318_28836311_0,65.0,65.43,60.12,59.15
28836318_1009312094_0,60.0,65.48,58.54,59.1
28836318_28836319_0,65.0,65.34,60.0,60.35
28836318_13919640_0,65.0,66.81,62.81,63.3
28836319_582645233_0,65.0,65.8,60.33,59.3
28836319_28836318_0,65.0,65.35,60.0,60.35
28836319_13919619_0,65.0,65.27,62.69,60.3
28836323_690708934_0,60.0,68.88,63.52,60.25
28836323_946166318_0,65.0,68.52,60.14,59.85
28836323_1145309693_0,65.0,69.05,60.34,60.1
28836323_690710484_0,65.0,68.59,61.02,59.95
28836325_28836330_0,65.0,67.68,59.28,58.05
28836328_7889488709_0,60.0,69.74,63.02,62.3
28836330_28836339_0,60.0,68.7,59.94,59.65
28836330_28836331_0,65.0,68.61,58.51,59.5
28836331_28836333_0,65.0,68.9,58.62,59.85
28836331_28836335_0,60.0,68.96,59.04,59.35
28836333_28836325_0,65.0,67.91,58.61,59.35
28836333_680554346_0,65.0,68.69,62.2,59.85
28836334_28836338_0,65.0,69.53,60.7,62.6
28836334_21493827_0,65.0,74.54,65.91,63.85
28836335_27626616_0,60.0,69.68,56.36,57.1
28836335_28836338_0,60.0,69.83,57.73,57.8
28836338_27626588_0,60.0,70.47,57.87,57.95
28836338_21227158_0,60.0,72.11,61.42,62.3
28836339_560985377_0,60.0,69.34,61.02,59.4
28836339_28836335_0,60.0,69.43,58.41,59.35
28836339_28836330_0,60.0,68.7,59.94,59.65
28836339_27626618_0,60.0,70.23,59.41,60.85
28848502_21225885_0,60.0,70.96,65.17,64.8
28848502_1523604745_0,60.0,68.76,61.67,64.3
28848506_518745691_0,60.0,60.98,60.16,58.1
28848509_21225854_0,60.0,67.2,64.75,63.95
28848511_25543749_0,60.0,61.13,57.87,57.5
28848511_10173926330_0,60.0,61.15,56.61,59.7
28848512_1479175188_0,65.0,65.42,63.75,64.1
28848512_31348010_0,65.0,67.38,64.83,65.6
28848515_28848517_0,60.0,59.82,51.38,53.55
28848515_28848520_0,55.0,59.68,51.38,53.5
28848517_28848519_0,60.0,59.66,50.4,53.05
28848519_1942944015_0,60.0,60.68,54.77,55.45
28848520_28848517_0,60.0,59.57,51.28,53.6
28848520_28848523_0,55.0,59.87,59.96,54.95
28848523_21227204_0,60.0,60.68,56.97,55.65
28848523_1757298692_0,60.0,61.19,58.53,57.4
28848528_12879736322_0,65.0,60.11,61.11,58.75
28848528_28848529_0,65.0,61.03,60.79,62.2
28848529_21663248_0,65.0,61.34,61.92,60.15
28848529_28848528_0,65.0,61.03,60.79,62.2
28848529_303370476_0,60.0,61.97,59.52,60.8
28848529_28848534_0,65.0,61.27,59.55,60.3
28848534_251293116_0,65.0,60.85,57.51,59.1
28848534_35081012_0,65.0,60.52,62.12,58.6
28848538_28848541_0,65.0,59.73,60.34,57.15
28848538_303370476_0,65.0,60.5,61.09,59.31
28848538_2579907208_0,65.0,59.66,61.55,56.9
28848541_28848544_0,65.0,59.71,60.09,58.35
28848544_251292755_0,65.0,58.82,59.7,59.05
28848544_1558250492_0,65.0,58.85,56.46,57.15
28848549_21227115_0,65.0,63.92,65.54,61.2
28848549_3476460368_0,65.0,63.83,65.07,61.2
28848560_21226395_0,65.0,60.88,60.3,59.75
28848560_28848569_0,60.0,59.92,56.61,56.2
28848561_2798464161_0,60.0,61.31,60.02,61.15
28848561_4029459313_0,65.0,59.13,59.2,59.65
28848565_2798464165_0,65.0,64.25,61.17,61.2
28848565_1477913088_0,65.0,62.74,63.02,61.9
28848566_28848560_0,65.0,59.82,58.41,58.9
28848566_21225987_0,65.0,62.5,61.05,62.7
28848569_21226754_0,65.0,61.56,61.15,61.9
28848569_271347948_0,65.0,60.73,57.73,57.3
28848569_28848560_0,60.0,59.94,56.42,56.1
28848580_28848582_0,65.0,62.23,59.99,58.2
28848580_21227013_0,60.0,62.41,60.65,56.9
28848582_1942908030_0,65.0,61.64,61.25,57.85
28848583_28848589_0,60.0,67.2,61.22,62.9
28848589_479241929_0,60.0,66.53,56.59,62.8
28848589_271358446_0,60.0,69.19,65.04,62.05
28848591_241470728_0,65.0,66.47,60.64,61.9
28848591_21663209_0,60.0,65.78,62.61,61.75
29089546_29089547_0,65.0,68.77,60.94,63.05
29089546_205737741_0,65.0,67.37,56.63,62.55
29089546_251755010_0,65.0,69.43,59.13,62.95
29089547_29089546_0,65.0,68.77,60.94,63.05
29089547_250830594_0,65.0,68.57,58.15,62.8
29089547_250830638_0,65.0,67.94,60.12,61.75
29089549_29797325_0,60.0,60.5,53.61,57.15
29089551_2542782607_0,65.0,66.51,59.04,61.85
29089551_2781141780_0,65.0,67.19,61.02,63.15
29089554_2542326968_0,65.0,70.22,65.09,66.3
29089554_1934442765_0,65.0,71.47,65.16,65.9
29089554_29089567_0,65.0,66.95,64.05,64.35
29089555_29089557_0,65.0,64.58,58.32,58.8
29089555_29089561_0,65.0,65.41,59.71,58.4
29089557_473063019_0,60.0,64.72,61.42,59.3
29089557_10137333033_0,65.0,64.92,58.82,59.95
29089561_331082759_0,65.0,65.19,58.48,59.85
29089561_306427879_0,60.0,64.55,60.06,60.5
29089567_206144668_0,65.0,66.83,62.12,64.75
29089567_481385788_0,65.0,66.64,59.18,64.55
29089610_11158829018_0,65.0,69.64,67.31,67.6
29089610_31774816_0,65.0,73.58,66.41,66.35
29089615_564684732_0,65.0,64.09,64.99,60.75
29089615_29089616_0,65.0,70.3,65.95,64.65
29089616_29270513_0,65.0,72.53,65.98,64.08
29089617_9062334360_0,65.0,69.7,64.83,66.0
29089617_29089618_0,65.0,71.46,64.14,63.85
29089618_564684695_0,65.0,66.99,65.23,63.75
29089618_29089619_0,65.0,71.1,64.83,64.13
29089619_29270512_0,65.0,68.46,62.64,64.25
29089621_31367753_0,65.0,69.29,63.75,64.75
29089624_2562061740_0,65.0,71.45,68.26,64.9
29089627_29750051_0,65.0,63.7,61.58,58.35
29089627_1525051631_0,65.0,71.07,65.75,66.6
29089629_53723978_0,65.0,69.88,65.48,65.4
29089632_246989939_0,65.0,63.86,65.81,61.8
29089632_29089633_0,65.0,70.49,66.08,64.45
29089633_29089618_0,65.0,67.93,66.42,65.0
29089633_29089624_0,65.0,69.36,66.72,64.05
29089636_13919627_0,65.0,67.49,64.55,60.25
29089636_582644507_0,65.0,66.97,64.95,60.65
29089636_4080163989_0,65.0,73.55,62.97,66.85
29089639_2660994650_0,65.0,66.64,59.52,61.25
29089639_95766260_0,65.0,65.51,61.62,60.28
29089639_2660994645_0,60.0,66.42,60.74,60.42
29089643_2799810632_0,65.0,69.79,62.02,62.2
29089646_29089647_0,65.0,74.28,63.04,63.2
29089646_7778156984_0,65.0,69.91,60.41,62.5
29089647_21227300_0,65.0,74.33,63.41,63.35
29089647_2609516251_0,65.0,72.95,61.4,64.05
29089657_27560276_0,65.0,72.86,66.06,66.2
29089657_21555919_0,65.0,72.84,65.85,64.8
29089658_29089659_0,65.0,65.37,60.73,59.15
29089659_256506548_0,65.0,65.46,59.04,58.7
29089659_256506702_0,65.0,65.73,59.57,59.1
29089661_21226728_0,65.0,70.52,63.15,61.45
29089661_29089663_0,65.0,69.85,60.75,61.65
29089663_306422872_0,65.0,67.98,62.59,60.6
29089663_1780527777_0,65.0,70.45,61.97,61.4
29137365_29137374_0,60.0,66.43,59.94,62.75
29137365_29137366_0,60.0,66.5,61.41,58.5
29137365_29137405_0,60.0,66.42,62.15,62.5
29137366_29137365_0,60.0,66.5,61.41,58.5
29137366_21389427_0,65.0,67.64,63.05,57.95
29137367_21226653_0,65.0,71.36,62.77,63.25
29137368_29137369_0,65.0,71.04,61.44,61.15
29137369_232886575_0,65.0,67.76,63.21,62.85
29137369_21440488_0,65.0,72.1,63.47,62.2
29137370_29137386_0,65.0,67.0,61.08,63.1
29137370_29137367_0,65.0,71.47,64.6,62.7
29137373_29137381_0,60.0,65.49,62.02,58.0
29137373_29137365_0,60.0,65.76,60.44,61.2
29137374_29137375_0,60.0,66.42,58.8,57.95
29137375_29137376_0,65.0,66.01,58.21,56.8
29137375_21226653_0,65.0,67.31,65.35,64.3
29137376_29137367_0,65.0,66.5,63.03,58.55
29137376_2696090781_0,65.0,65.68,59.78,56.35
29137380_29137374_0,60.0,65.26,54.13,54.4
29137380_29137381_0,60.0,65.39,58.48,57.65
29137381_29137380_0,60.0,65.39,58.48,57.65
29137381_29137383_0,60.0,65.5,61.54,57.15
29137383_4201970001_0,65.0,67.93,63.41,63.45
29137383_232880166_0,65.0,65.57,60.76,56.55
29137386_2696090781_0,65.0,65.89,58.11,57.45
29137386_738953327_0,65.0,65.9,58.27,57.25
29137388_21226776_0,65.0,70.31,65.14,63.95
29137388_21225938_0,65.0,69.13,63.83,60.35
29137388_12719098165_0,65.0,70.41,63.6,62.15
29137388_4202125044_0,65.0,71.07,63.94,61.85
29137390_29137393_0,65.0,70.72,64.53,64.25
29137393_2583464067_0,60.0,70.57,66.01,64.35
29137393_21225919_0,60.0,71.85,63.34,63.65
29137394_2583467640_0,65.0,72.8,61.48,58.75
29137394_2583467639_0,65.0,69.73,62.83,58.6
29137396_29137366_0,60.0,66.98,60.05,58.0
29137396_29137398_0,60.0,66.77,57.67,58.3
29137396_29137402_0,60.0,66.82,62.82,57.95
29137396_29138058_0,65.0,67.84,64.39,65.25
29137397_560867112_0,65.0,70.23,59.2,60.75
29137397_304777376_0,65.0,69.37,60.47,59.8
29137398_29137402_0,60.0,66.5,57.68,55.5
29137398_29137397_0,60.0,66.78,61.63,59.1
29137402_29137396_0,60.0,66.82,62.82,57.95
29137402_304777377_0,60.0,65.91,59.13,54.8
29137405_29137365_0,60.0,66.42,62.15,62.75
29137405_304777377_0,60.0,65.86,61.14,62.45
29137405_6438797308_0,60.0,67.06,60.75,61.4
29137409_21555479_0,65.0,68.43,61.53,61.75
29137409_6438797308_0,60.0,68.12,60.47,61.24
29137409_21555632_0,65.0,71.57,61.61,64.2
29137410_29137409_0,60.0,69.05,64.3,64.45
29137411_29137410_0,60.0,65.74,63.6,59.25
29137413_29137421_0,60.0,65.41,55.6,61.05
29137413_29137411_0,60.0,65.41,58.75,57.85
29137414_29137413_0,60.0,65.46,55.88,55.65
29137415_29137414_0,60.0,66.43,60.2,59.5
29137415_253288768_0,65.0,68.34,55.53,58.2
29137415_2902504931_0,65.0,69.51,62.15,60.75
29137418_2902504931_0,65.0,70.3,58.32,63.55
29137418_29137422_0,65.0,68.83,66.57,65.15
29137418_2902502447_0,65.0,71.13,62.71,62.55
29137418_2902502456_0,65.0,72.6,67.55,64.75
29137421_29137410_0,60.0,68.44,57.28,63.95
29137422_29137421_0,60.0,68.72,60.68,64.75
29137422_29137414_0,65.0,65.42,59.72,62.7
29137433_2666699621_0,65.0,66.39,58.87,58.55
29137433_29137438_0,65.0,67.11,59.89,58.9
29137438_8279985592_0,65.0,67.81,59.15,58.3
29137438_29137439_0,65.0,67.54,57.67,58.3
29137439_29137441_0,65.0,69.33,60.98,58.35
29137441_29137443_0,65.0,68.75,61.61,57.6
29137441_2781507959_0,65.0,67.95,60.79,62.15
29137442_29137443_0,65.0,69.14,59.95,57.2
29137442_29137439_0,65.0,68.93,58.98,57.2
29137443_29137442_0,65.0,69.14,59.95,57.2
29137443_29137445_0,65.0,68.43,59.32,60.4
29137444_29137445_0,65.0,72.21,63.38,61.45
29137444_29137442_0,65.0,68.27,58.98,60.4
29137445_29137444_0,65.0,72.21,63.38,61.45
29137445_1935805303_0,65.0,70.7,61.86,62.2
29137449_260479516_0,65.0,68.94,68.46,66.1
29137449_29137452_0,60.0,67.55,63.8,61.95
29137449_343078013_0,65.0,70.43,64.35,63.25
29137452_29137449_0,60.0,67.55,63.8,61.95
29137452_114336661_0,60.0,66.17,56.3,55.2
29137453_255323417_0,65.0,65.21,59.77,59.85
29137453_114336661_0,65.0,65.69,58.77,58.15
29137453_29137457_0,55.0,63.81,52.48,54.2
29137454_29137457_0,60.0,63.57,53.36,53.55
29137454_29137459_0,60.0,63.86,54.41,53.7
29137455_29137458_0,60.0,63.68,56.1,55.3
29137455_29137456_0,60.0,65.29,57.29,55.15
29137455_29137454_0,60.0,64.15,55.88,54.65
29137456_29137455_0,60.0,65.29,57.29,55.15
29137456_29137455_1,65.0,64.93,57.79,55.7
29137456_29137452_0,60.0,65.56,55.63,59.35
29137457_29137454_0,60.0,63.57,53.36,53.55
29137457_29137456_0,60.0,64.35,54.45,54.15
29137457_29137453_0,55.0,63.81,52.48,54.2
29137458_234685725_0,65.0,63.18,49.2,49.75
29137458_617164726_0,65.0,62.65,52.71,49.25
29137458_29137459_0,60.0,63.56,52.26,54.55
29137459_617163989_0,60.0,64.69,53.54,54.05
29137459_29137454_0,60.0,63.85,54.41,53.65
29138058_1322862574_0,65.0,72.81,67.41,65.4
29138058_29137396_0,65.0,67.84,64.39,65.25
29270165_29270171_0,60.0,74.94,58.81,57.45
29270165_29270166_0,60.0,74.28,56.62,56.05
29270166_2921123995_0,65.0,74.24,55.01,55.9
29270171_29270165_0,60.0,74.94,58.81,57.45
29270171_29270172_0,60.0,79.38,58.88,58.05
29270171_29461096_0,60.0,79.65,59.71,57.6
29270172_29270166_0,65.0,75.4,60.43,57.7
29270172_618006657_0,65.0,80.03,59.86,63.5
29270172_29270171_0,60.0,79.38,58.88,58.05
29270173_1009312166_0,65.0,79.68,66.14,61.1
29270174_2801275969_0,65.0,79.0,64.29,59.4
29270512_564684696_0,65.0,65.33,64.16,61.05
29270512_29089621_0,65.0,68.45,63.85,62.15
29270513_29749836_0,65.0,67.87,62.13,64.1
29270513_29089617_0,65.0,72.37,65.8,64.72
29461087_994916579_0,65.0,76.5,60.47,58.3
29461087_29462531_0,65.0,74.4,55.45,56.95
29461087_29461095_0,65.0,74.65,56.64,56.6
29461088_29461090_0,65.0,75.6,60.01,59.95
29461088_21225993_0,65.0,79.14,62.79,64.9
29461088_21493949_0,65.0,78.95,59.91,59.95
29461089_29461090_0,65.0,74.8,59.61,58.0
29461089_2565027894_0,65.0,77.67,64.9,63.7
29461089_21225993_0,65.0,76.49,63.21,64.55
29461090_29461088_0,65.0,75.6,60.01,59.95
29461090_29461089_0,65.0,74.8,59.61,58.0
29461090_994916579_0,65.0,74.84,59.5,58.25
29461093_2566246599_0,65.0,74.33,56.65,55.75
29461093_306596758_0,65.0,74.08,56.16,55.7
29461094_29270165_0,60.0,74.38,55.98,55.4
29461094_29461096_0,60.0,75.58,59.86,56.35
29461095_29461097_0,60.0,74.18,55.38,56.15
29461095_29461087_0,65.0,74.65,56.64,56.6
29461096_29270171_0,60.0,79.65,59.71,57.6
29461096_29461106_0,60.0,79.49,60.57,57.2
29461097_29461094_0,60.0,74.14,53.46,55.65
29461097_29461129_0,60.0,73.74,56.79,55.95
29461097_29461095_0,60.0,74.18,55.38,56.15
29461098_29461106_0,65.0,76.11,61.1,58.55
29461098_29461103_0,65.0,75.65,58.3,59.6
29461100_29461098_0,65.0,75.12,56.0,58.0
29461100_560979000_0,65.0,74.27,61.76,56.55
29461100_29461093_0,65.0,74.45,56.3,57.25
29461103_29461104_0,65.0,75.63,59.36,58.7
29461103_29461100_0,65.0,74.68,56.63,58.2
29461103_29461098_0,65.0,75.65,58.3,59.6
29461104_29461103_0,65.0,75.63,59.36,58.7
29461104_560979001_0,65.0,76.6,59.96,58.45
29461106_29461098_0,65.0,76.1,61.52,58.55
29461106_29461096_0,60.0,79.49,60.57,57.2
29461106_21493949_0,65.0,78.9,59.6,57.55
29461109_29461114_0,60.0,76.57,58.34,59.9
29461110_29461112_0,65.0,74.92,57.22,60.0
29461110_29461093_0,60.0,74.91,58.96,56.9
29461110_13300434449_0,60.0,76.53,58.64,59.15
29461112_29461113_0,65.0,76.58,59.48,59.75
29461112_29461110_0,65.0,74.92,57.22,60.0
29461113_21225869_0,65.0,77.32,62.57,61.9
29461114_29461110_0,60.0,76.51,57.64,60.25
29461115_29461109_0,65.0,77.65,59.2,60.7
29461119_29461126_0,60.0,76.04,61.54,60.6
29461119_257681639_0,65.0,78.4,63.32,61.4
29461121_248225101_0,60.0,76.11,60.96,57.15
29461121_1538535470_0,60.0,77.31,62.71,61.75
29461123_29461124_0,60.0,74.08,53.65,55.5
29461124_1122407342_0,60.0,74.83,57.55,57.35
29461124_29461130_0,60.0,74.96,58.05,58.65
29461126_2921123982_0,60.0,73.98,53.21,56.35
29461126_595321645_0,60.0,74.84,56.52,57.05
29461129_2799529677_0,60.0,73.06,54.59,56.55
29461129_2921123987_0,60.0,74.08,55.49,56.15
29461129_29461097_0,60.0,73.73,56.79,55.95
29461130_2566234782_0,60.0,78.75,64.02,61.9
29461130_2566234779_0,60.0,79.63,61.51,60.15
29461130_29461124_0,60.0,74.96,58.05,58.65
29461132_2689678713_0,65.0,74.48,54.01,55.65
29461132_2566234782_0,65.0,74.74,56.81,58.17
29461132_29461133_0,60.0,72.24,55.25,53.15
29461133_29461132_0,60.0,72.24,55.25,53.15
29461133_29461136_0,60.0,71.93,59.0,53.05
29461136_29461139_0,55.0,71.41,54.22,54.1
29461136_2696669600_0,55.0,72.6,55.96,56.0
29461136_29461133_0,60.0,71.93,59.0,53.05
29461138_29461139_0,55.0,72.35,56.17,57.38
29461138_2696669581_0,60.0,72.25,58.47,58.0
29461139_29461138_0,55.0,72.35,56.17,57.38
29461139_29461143_0,55.0,71.39,53.9,56.7
29461139_29461136_0,55.0,71.41,54.22,54.1
29461140_29461141_0,65.0,71.47,57.15,57.72
29461140_29461144_0,55.0,71.8,57.86,55.6
29461140_2696669581_0,65.0,71.94,57.89,58.35
29461141_29461140_0,65.0,71.47,57.15,57.72
29461141_29461145_0,55.0,71.21,56.55,56.25
29461141_29461142_0,65.0,71.17,57.86,57.92
29461142_29461149_0,60.0,71.47,54.76,56.7
29461142_29461141_0,65.0,71.17,57.86,57.92
29461142_2696669575_0,65.0,70.99,55.73,58.12
29461143_29461139_0,55.0,71.37,54.24,56.7
29461143_29461144_0,55.0,71.22,54.87,56.85
29461144_29461145_0,55.0,70.66,55.14,56.5
29461144_29461140_0,55.0,71.8,57.86,55.6
29461144_29461143_0,55.0,71.22,54.87,56.85
29461145_29461144_0,55.0,70.66,55.14,56.5
29461145_29461141_0,55.0,71.21,56.55,56.25
29461145_29461199_0,55.0,70.47,57.01,56.7
29461146_29461199_0,55.0,72.25,57.73,56.9
29461147_29461156_0,55.0,70.66,58.21,56.2
29461147_29461146_0,55.0,71.62,56.5,55.45
29461148_249593663_0,55.0,70.93,54.65,55.65
29461148_29461147_0,55.0,70.99,57.67,55.3
29461149_249593657_0,55.0,70.94,57.53,55.9
29461149_2697801695_0,60.0,71.12,56.85,56.15
29461150_249593692_0,60.0,71.18,59.15,57.1
29461150_2697801694_0,60.0,71.11,57.2,57.7
29461150_29461151_0,55.0,71.24,57.02,57.65
29461151_2697801688_0,55.0,70.72,54.46,56.9
29461151_29461150_0,55.0,71.24,57.02,57.65
29461151_29461152_0,55.0,70.92,58.05,57.35
29461152_249593662_0,55.0,70.67,55.63,57.0
29461152_29461153_0,55.0,70.57,56.2,56.65
29461152_29461151_0,55.0,70.92,58.05,57.35
29461153_29461155_0,55.0,70.48,55.78,56.7
29461153_29461152_0,55.0,70.57,56.2,56.65
29461153_2697801671_0,55.0,70.61,56.09,56.38
29461154_29461155_0,55.0,71.08,57.0,56.75
29461154_29461156_0,55.0,70.77,57.49,57.05
29461154_249593662_0,55.0,70.87,55.45,56.95
29461155_29461154_0,55.0,71.08,57.0,56.75
29461155_2697801670_0,55.0,71.03,55.65,57.05
29461155_29461153_0,55.0,70.48,55.78,56.7
29461156_29461147_0,55.0,70.66,58.21,56.2
29461156_29461154_0,55.0,70.77,57.49,57.05
29461156_29461157_0,55.0,71.09,56.51,56.85
29461157_29461146_0,55.0,70.97,59.97,57.65
29461157_29461156_0,55.0,71.09,56.51,56.85
29461158_29461157_0,55.0,72.18,56.19,57.9
29461158_29461163_0,55.0,70.56,55.22,56.85
29461159_249593757_0,55.0,70.79,56.33,58.65
29461159_249593754_0,60.0,70.74,54.46,57.15
29461159_29461158_0,55.0,70.74,54.17,58.05
29461160_29461163_0,55.0,70.52,57.53,57.55
29461160_29461161_0,55.0,71.45,53.44,57.05
29461160_249593757_0,55.0,71.43,53.85,57.3
29461161_29461162_0,55.0,71.61,54.12,58.05
29461161_29461160_0,55.0,71.45,53.44,57.05
29461161_2697801670_0,55.0,70.93,55.06,58.0
29461162_1456842892_0,55.0,71.32,55.96,58.35
29461162_29461161_0,55.0,71.61,54.12,58.05
29461162_2697801671_0,55.0,70.66,55.56,58.25
29461163_29461160_0,55.0,70.52,57.53,57.55
29461163_2697801670_0,55.0,70.7,56.73,57.5
29461163_29461158_0,55.0,70.56,55.22,56.85
29461164_29461165_0,60.0,75.05,60.05,56.75
29461164_29461166_0,65.0,74.6,57.62,60.35
29461164_2696669600_0,60.0,73.65,57.67,56.5
29461165_29461164_0,60.0,75.05,60.05,56.75
29461165_29462465_0,60.0,72.76,57.12,57.25
29461165_249595719_0,60.0,74.68,56.01,56.45
29461166_29462464_0,65.0,77.56,59.0,63.7
29461166_2696669578_0,65.0,74.73,58.19,61.0
29461176_29461182_0,60.0,73.1,58.81,57.45
29461176_29462465_0,60.0,72.69,58.62,57.8
29461182_2564443787_0,60.0,75.74,58.88,62.0
29461183_29461133_0,60.0,73.45,55.44,56.15
29461183_29461164_0,60.0,75.44,58.13,56.5
29461185_21663202_0,60.0,74.74,56.05,59.5
29461185_29461183_0,60.0,76.06,59.74,58.8
29461185_2689678713_0,65.0,74.65,59.06,58.85
29461187_29461189_0,55.0,71.54,56.02,55.5
29461187_249593775_0,60.0,72.83,57.99,57.05
29461188_29461190_0,55.0,71.44,58.1,56.17
29461189_29461188_0,55.0,71.44,50.14,54.15
29461189_29461192_0,60.0,72.31,56.77,56.85
29461190_29461189_0,55.0,71.57,53.06,54.7
29461190_29461143_0,55.0,71.31,56.02,55.92
29461192_370683693_0,60.0,73.32,57.69,57.25
29461192_29461193_0,60.0,74.88,57.4,57.55
29461193_1498817407_0,60.0,76.13,60.38,57.2
29461193_29461194_0,60.0,74.08,58.82,57.45
29461194_29461188_0,60.0,71.81,56.61,56.85
29461194_29461193_0,60.0,74.08,58.82,57.45
29461196_29461194_0,60.0,73.57,59.04,56.05
29461196_257678339_0,60.0,78.37,61.02,60.09
29461199_249593771_0,55.0,71.56,61.01,56.35
29461199_29461145_0,55.0,70.47,57.01,56.7
29462464_29461166_0,65.0,77.56,59.0,63.7
29462464_29461165_0,60.0,74.66,59.37,60.65
29462464_2564443787_0,60.0,77.69,58.4,63.95
29462465_29461165_0,60.0,72.76,57.12,57.25
29462465_29461176_0,60.0,72.69,58.62,57.8
29462465_2228378150_0,60.0,72.71,54.34,57.75
29462472_29462485_0,60.0,73.86,57.92,57.8
29462473_1254028153_0,60.0,76.16,56.77,58.75
29462473_2801278511_0,60.0,74.22,59.56,59.15
29462473_29462472_0,60.0,74.12,60.51,59.65
29462479_21226677_0,65.0,79.59,63.58,60.1
29462479_561071399_0,65.0,74.92,60.21,58.0
29462480_29462485_0,60.0,74.41,58.29,62.1
29462480_1009311899_0,60.0,77.77,62.87,63.9
29462482_29462480_0,65.0,76.24,61.91,61.75
29462485_29462480_0,60.0,74.42,58.29,62.05
29462485_29462486_0,60.0,74.12,56.31,57.45
29462485_29462482_0,65.0,74.54,62.69,61.05
29462486_561071399_0,60.0,74.33,55.47,58.35
29462486_2801278509_0,60.0,74.25,55.42,57.65
29462486_2801278511_0,60.0,74.13,56.58,58.3
29462486_29462485_0,60.0,74.12,56.31,57.45
29462487_259506506_0,65.0,78.48,63.39,65.35
29462487_248291941_0,65.0,78.95,66.17,66.15
29462490_1253989991_0,65.0,77.1,62.08,63.5
29462494_29462495_0,65.0,82.46,65.91,67.7
29462494_259506505_0,65.0,77.3,59.89,63.55
29462495_245557040_0,65.0,78.7,63.46,64.8
29462495_248291945_0,65.0,81.15,65.95,67.05
29462506_29270173_0,65.0,76.56,61.26,60.1
29462523_29462525_0,65.0,73.61,56.81,59.0
29462523_2565128959_0,65.0,72.21,55.81,58.6
29462525_29462526_0,65.0,73.72,55.87,57.55
29462525_729314012_0,65.0,73.39,56.76,58.25
29462526_29462528_0,65.0,73.72,55.68,57.1
29462526_29462495_0,65.0,75.31,60.05,63.25
29462528_29462523_0,65.0,74.2,56.4,59.65
29462528_1254038098_0,65.0,73.17,54.17,57.3
29462531_248291940_0,65.0,74.68,59.27,61.2
29462531_29462542_0,65.0,75.04,60.32,60.55
29462535_281014577_0,65.0,77.71,61.48,64.25
29462538_3725908719_0,65.0,73.15,53.91,55.2
29462541_3725908719_0,65.0,73.65,53.39,55.45
29462541_29462531_0,65.0,74.04,54.97,56.85
29462542_29270174_0,65.0,76.8,61.0,59.55
29462544_21226463_0,65.0,79.67,59.52,65.3
29462544_21225899_0,65.0,78.77,62.31,68.45
29462545_29462547_0,65.0,75.35,63.12,65.07
29462545_29462544_0,65.0,77.1,59.85,64.25
29462547_21226344_0,65.0,79.93,62.6,69.9
29462551_21226612_0,65.0,70.91,58.8,59.9
29462551_29462545_0,65.0,72.99,58.01,61.15
29462554_2708823951_0,65.0,75.41,61.32,60.53
29462554_21226660_0,65.0,74.29,59.34,60.85
29462556_29462554_0,65.0,73.57,55.46,60.35
29462822_29462823_0,65.0,75.28,58.29,64.3
29462822_3981659801_0,65.0,74.41,60.23,63.55
29462823_29462825_0,65.0,73.78,58.1,63.66
29462823_1340912980_0,65.0,73.93,56.74,61.9
29462825_1273633806_0,65.0,75.67,57.64,62.65
29462828_29462822_0,65.0,75.31,56.94,62.5
29749450_29749470_0,60.0,63.25,58.06,54.7
29749450_562679457_0,55.0,62.48,56.04,54.3
29749450_29749461_0,55.0,62.93,58.32,53.7
29749456_562679467_0,55.0,62.07,51.82,54.6
29749456_1500710675_0,55.0,61.49,50.24,54.15
29749459_29749450_0,60.0,62.99,56.9,55.05
29749460_1942874511_0,60.0,64.88,61.19,62.95
29749460_29797380_0,60.0,64.38,61.41,58.2
29749461_29797383_0,60.0,63.18,59.04,54.95
29749461_29749460_0,60.0,63.42,56.87,53.95
29749466_29749467_0,65.0,64.39,59.74,58.0
29749467_29749483_0,65.0,64.73,66.58,61.2
29749467_29749461_0,60.0,63.46,58.7,56.85
29749467_29749470_0,65.0,63.61,56.57,55.8
29749470_29749472_0,60.0,63.61,57.54,56.7
29749470_29749450_0,60.0,63.25,58.06,54.7
29749470_2392720163_0,65.0,64.57,58.62,59.95
29749472_29749478_0,65.0,64.29,58.42,57.25
29749472_29749459_0,60.0,63.2,55.86,55.85
29749472_266381343_0,60.0,63.59,54.36,56.3
29749477_21226129_0,65.0,65.43,64.14,59.75
29749477_29749478_0,65.0,64.59,61.6,60.0
29749478_1726846033_0,65.0,65.0,58.65,58.4
29749478_3235855855_0,65.0,64.76,61.81,61.2
29749482_3844594545_0,65.0,66.81,64.51,62.65
29749482_29749483_0,65.0,64.96,60.71,60.85
29749483_581014672_0,65.0,66.98,63.48,62.5
29749483_29749484_0,65.0,65.41,64.33,61.8
29749484_2138169418_0,65.0,65.56,63.42,57.75
29749484_29749466_0,65.0,64.92,63.7,57.45
29749484_2138169413_0,65.0,65.67,59.4,58.15
29749489_29749490_0,65.0,68.33,58.87,64.35
29749490_1477716477_0,60.0,68.58,62.75,58.6
29749490_29749494_0,65.0,68.42,63.47,63.9
29749494_29749496_0,60.0,67.93,62.21,60.3
29749494_29749499_0,60.0,69.54,63.8,62.8
29749496_2781507959_0,65.0,68.09,65.17,61.45
29749499_1935805291_0,65.0,73.12,62.87,62.15
29749499_1935805296_0,65.0,73.22,58.32,64.35
29749836_29749837_0,65.0,67.14,64.13,64.4
29749837_29749838_0,65.0,66.3,65.18,65.1
29749837_13919646_0,65.0,62.55,63.67,61.8
29749837_1839808458_0,65.0,67.39,69.96,65.0
29749838_168374865_0,65.0,65.29,55.09,57.87
29749841_9062334360_0,65.0,62.61,62.93,59.7
29749841_29089617_0,65.0,68.4,63.81,64.25
29750051_582644507_0,65.0,64.45,60.47,58.97
29750051_13919638_0,65.0,63.26,59.83,57.96
29750051_29089627_0,65.0,63.7,61.58,58.35
29765443_260021002_0,65.0,65.56,62.16,58.75
29765443_21663221_0,60.0,64.74,61.83,58.3
29765443_260018198_0,65.0,66.11,60.56,60.0
29765446_29765449_0,60.0,65.46,59.87,59.0
29765446_259986019_0,65.0,65.79,60.22,59.3
29765446_29765443_0,65.0,65.61,61.19,59.7
29765447_260018606_0,65.0,66.74,59.05,58.8
29765447_29765446_0,65.0,66.36,60.66,60.05
29765448_29765447_0,65.0,66.13,62.47,60.25
29765448_1935856950_0,65.0,67.12,62.79,62.9
29765449_29765448_0,60.0,65.93,61.77,61.4
29765451_21226723_0,65.0,67.0,64.06,62.7
29765451_91532536_0,65.0,65.74,62.21,59.3
29765455_114306900_0,65.0,71.15,62.9,63.65
29765455_305600493_0,60.0,66.87,61.78,62.65
29765455_251755099_0,60.0,67.31,59.99,60.1
29765458_29765459_0,65.0,70.45,60.28,62.15
29765459_1731215528_0,65.0,70.54,62.84,59.6
29765459_531580221_0,65.0,69.6,63.96,59.8
29765459_27551120_0,65.0,69.44,66.06,59.85
29765467_206145063_0,65.0,69.3,66.94,67.1
29765467_244298505_0,65.0,72.14,65.27,67.85
29765468_306427875_0,60.0,63.2,59.14,56.05
29765468_29765469_0,60.0,63.01,61.03,60.2
29765469_258000734_0,60.0,62.75,62.66,60.75
29765469_258001420_0,60.0,63.03,61.09,61.0
29765469_257994947_0,60.0,63.37,62.51,62.2
29765470_29765471_0,65.0,62.32,61.87,59.45
29765470_797447111_0,65.0,65.49,62.45,61.05
29765471_29089658_0,65.0,65.23,60.42,59.1
29766168_21226526_0,60.0,71.13,56.74,57.65
29766180_29766181_0,65.0,71.5,54.66,62.1
29766180_21226824_0,65.0,79.35,62.61,66.75
29766181_274953935_0,65.0,71.5,56.43,58.3
29766181_29766182_0,65.0,71.74,58.69,58.75
29766182_30047472_0,60.0,73.6,58.45,58.3
29766182_29766183_0,65.0,74.45,57.54,58.1
29766183_311820392_0,65.0,71.25,57.98,58.1
29766183_311820332_0,65.0,74.26,58.81,58.4
29766184_13902882534_0,65.0,74.25,66.52,64.65
29766184_9285870788_0,65.0,82.73,70.02,70.2
29797325_29797326_0,60.0,59.67,54.44,57.0
29797326_207131235_0,65.0,58.76,54.52,56.15
29797326_283859847_0,60.0,60.24,60.42,56.7
29797326_250951333_0,60.0,58.8,54.99,54.2
29797334_308843282_0,65.0,64.44,56.28,57.65
29797334_25543688_0,65.0,65.4,59.69,60.65
29797334_2698680784_0,65.0,65.48,61.45,55.55
29797338_114306900_0,65.0,70.78,62.44,63.25
29797338_517348112_0,65.0,66.44,59.6,62.7
29797338_517358918_0,65.0,67.28,61.68,62.9
29797349_21226655_0,65.0,75.44,70.4,67.94
29797349_1652774787_0,65.0,71.41,69.0,66.5
29797362_21226248_0,65.0,74.36,68.43,67.53
29797362_1790586954_0,65.0,74.54,66.41,65.4
29797362_251435034_0,65.0,74.79,68.01,65.0
29797368_29765470_0,65.0,62.6,63.2,60.65
29797368_257988192_0,65.0,64.47,64.45,61.25
29797369_21226354_0,65.0,66.44,63.93,65.45
29797369_418363161_0,65.0,65.6,63.4,64.55
29797369_255322750_0,65.0,69.65,63.82,64.7
29797370_255322752_0,65.0,67.7,65.34,64.35
29797370_29797369_0,65.0,66.5,64.49,64.65
29797373_21226789_0,65.0,66.77,62.06,63.45
29797374_1275734991_0,65.0,64.37,61.02,62.2
29797374_260480831_0,60.0,63.16,57.25,57.7
29797374_1942944046_0,65.0,62.49,57.72,58.4
29797375_29827512_0,60.0,67.08,61.13,62.2
29797375_10101376605_0,60.0,67.57,59.92,65.85
29797380_29797383_0,60.0,63.74,56.82,56.5
29797383_562679467_0,55.0,62.26,54.74,54.85
29827512_29827514_0,60.0,64.25,64.39,61.4
29827512_266380586_0,65.0,67.71,64.43,62.85
29827512_29797375_0,60.0,67.08,61.13,62.2
29827513_29827515_0,65.0,64.57,62.4,57.3
29827513_1974252476_0,60.0,64.93,63.09,60.65
29827514_266380584_0,60.0,63.84,59.11,59.55
29827514_29827513_0,60.0,63.83,62.93,58.65
29827515_1974252439_0,65.0,70.25,68.74,63.6
29827534_270255247_0,60.0,64.38,49.4,53.5
29827534_2820206945_0,65.0,63.97,46.94,51.35
29827540_259985828_0,60.0,67.94,62.12,61.25
29827540_559773488_0,65.0,66.92,59.2,61.1
29924820_21227161_0,60.0,78.56,64.43,66.25
29924820_27626602_0,60.0,71.37,59.53,59.7
30047445_30047471_0,65.0,70.81,59.58,58.15
30047445_21298396_0,65.0,70.15,57.62,58.5
30047471_29766183_0,65.0,73.77,57.83,58.6
30047471_30047472_0,65.0,71.53,60.19,58.65
30047472_21226772_0,60.0,71.31,60.03,59.1
30047472_21226137_0,65.0,74.24,62.3,61.15
31010995_31011258_0,65.0,67.68,59.98,58.02
31011020_31010995_0,65.0,68.16,56.01,58.15
31011022_234706566_0,65.0,70.68,64.0,68.8
31011022_279131346_0,65.0,74.69,68.22,68.55
31011034_279131348_0,65.0,75.02,67.76,67.6
31011034_31011022_0,65.0,75.08,65.3,67.95
31011038_31011253_0,65.0,68.94,60.7,56.77
31011246_31011248_0,65.0,69.69,59.22,58.37
31011248_336126962_0,65.0,67.68,60.52,58.57
31011248_31011251_0,65.0,69.39,59.11,58.6
31011251_2781396779_0,65.0,71.22,59.05,58.27
31011253_31011255_0,65.0,69.53,53.2,56.72
31011255_336126956_0,65.0,67.69,53.3,56.77
31011255_31011258_0,65.0,68.81,56.47,58.1
31011258_5429288961_0,65.0,68.9,60.47,59.12
31011261_10967495238_0,65.0,69.43,61.89,65.15
31011262_31334345_0,65.0,67.79,62.43,62.15
31011262_344318997_0,65.0,64.02,61.43,61.98
31011269_234708738_0,60.0,61.82,54.79,54.6
31011269_234707784_0,60.0,62.46,55.24,54.25
31011270_335604896_0,60.0,63.06,55.01,55.35
31011298_595334474_0,65.0,78.44,58.57,61.8
31011298_595338330_0,65.0,76.54,57.61,60.65
31011300_258326069_0,65.0,81.89,65.57,64.15
31011300_281814650_0,65.0,80.46,61.47,65.05
31011306_370666431_0,60.0,74.79,61.51,60.85
31011306_370666438_0,65.0,72.79,55.93,58.5
31011306_262373023_0,65.0,76.89,60.52,60.9
31011309_370666493_0,60.0,74.39,59.5,61.4
31011309_31011306_0,65.0,76.84,61.38,60.25
31011523_260820511_0,65.0,86.5,64.82,68.25
31012772_2915815356_0,65.0,74.39,67.33,61.55
31012772_90641060_0,65.0,74.39,59.05,60.8
31012773_8132708209_0,65.0,71.98,60.21,65.45
31012773_21227123_0,65.0,70.38,63.3,65.9
31012774_2699721036_0,65.0,70.47,59.51,63.55
31012774_6629903099_0,65.0,75.73,62.72,62.95
31013184_31013185_0,65.0,74.56,67.99,65.72
31013184_574987348_0,60.0,68.37,62.98,64.9
31013184_21226358_0,65.0,73.43,68.03,66.55
31013185_31013184_0,65.0,74.56,67.99,65.72
31013185_21226136_0,65.0,71.98,66.65,64.25
31013185_306424257_0,65.0,74.04,66.96,65.22
31013212_31013214_0,65.0,71.22,63.46,65.0
31013212_2778465384_0,65.0,71.52,61.72,64.55
31013212_1839136758_0,65.0,73.21,61.57,62.45
31013214_2542799121_0,65.0,67.4,61.9,63.35
31013214_25543546_0,65.0,69.88,63.48,60.05
31013214_31013212_0,65.0,71.22,63.46,65.0
31013216_273098629_0,60.0,64.68,62.07,62.35
31013216_306426502_0,60.0,64.93,64.73,62.9
31013216_31013218_0,60.0,64.26,60.05,59.65
31013216_1938093368_0,60.0,64.63,61.14,63.0
31013218_2535076404_0,65.0,64.72,60.3,62.7
31013218_273098626_0,65.0,63.9,58.66,56.35
31013218_31013216_0,60.0,64.26,60.05,59.65
31013267_232820991_0,65.0,78.43,70.71,69.85
31013267_2533446692_0,65.0,75.83,71.27,68.0
31013268_258052209_0,65.0,66.51,59.62,59.25
31013268_306370672_0,65.0,69.51,59.8,61.45
31013269_206146959_0,65.0,66.73,62.87,62.4
31013269_2542694158_0,65.0,67.58,61.81,62.0
31013269_1722395915_0,60.0,67.51,62.37,63.6
31013270_31013271_0,65.0,71.62,61.81,65.75
31013271_31013272_0,65.0,66.0,62.97,64.05
31013271_234731795_0,65.0,72.77,67.37,69.05
31013272_2518495050_0,65.0,66.05,59.43,62.4
31013272_258053041_0,65.0,65.76,57.6,57.8
31013279_441917634_0,65.0,73.2,69.49,69.4
31013279_258075794_0,65.0,73.05,63.81,67.3
31107189_31107203_0,65.0,68.48,63.62,57.8
31107189_31107192_0,65.0,71.47,62.82,61.66
31107189_21458594_0,65.0,71.13,59.06,57.85
31107192_31107189_0,65.0,71.47,62.82,61.66
31107192_21298363_0,65.0,72.55,63.04,61.78
31107194_2782967599_0,65.0,76.08,58.63,64.65
31107194_1542326940_0,65.0,70.51,60.19,62.1
31107202_976903502_0,65.0,68.1,58.73,61.35
31107202_1542326940_0,65.0,68.4,57.94,61.7
31107203_31107202_0,65.0,67.83,60.26,62.75
31107203_7801199717_0,60.0,67.73,58.65,61.45
31107254_21306368_0,65.0,72.35,64.11,64.25
31107254_2781431566_0,65.0,68.0,61.66,58.3
31107295_3371765471_0,65.0,70.96,65.07,63.6
31107295_21306368_0,65.0,74.88,68.77,65.7
31274841_2795798837_0,65.0,69.76,60.22,58.05
31274841_2794836566_0,60.0,68.47,64.66,59.45
31274844_692073216_0,65.0,70.3,63.73,58.0
31331613_249555841_0,60.0,65.51,63.58,67.45
31331613_31331628_0,65.0,71.43,63.29,68.75
31331616_2543533871_0,65.0,58.5,59.94,56.8
31331616_1461224570_0,65.0,63.63,61.86,57.9
31331616_31331617_0,65.0,63.78,62.28,57.0
31331617_31331671_0,65.0,64.15,60.8,57.35
31331617_31331616_0,65.0,63.78,62.28,57.0
31331628_2804374522_0,65.0,70.99,64.41,68.35
31331628_31331633_0,65.0,69.54,64.6,67.5
31331631_31331632_0,65.0,73.18,72.65,68.35
31331631_2807108901_0,65.0,70.44,69.22,66.7
31331631_345435847_0,65.0,74.87,70.08,68.75
31331632_31331631_0,65.0,73.18,72.65,68.35
31331632_345435907_0,65.0,75.8,69.21,66.9
31331632_3400307597_0,65.0,69.9,69.54,66.95
31331633_95759933_0,65.0,65.77,64.66,66.75
31331633_31331634_0,65.0,71.3,64.56,66.65
31331634_1331430653_0,65.0,61.22,65.56,61.0
31331634_78427963_0,65.0,67.49,68.98,67.2
31331634_31331613_0,65.0,69.6,62.94,66.45
31331671_256078689_0,65.0,63.08,62.28,57.95
31331672_31331673_0,65.0,63.46,60.17,58.65
31331673_5432159850_0,65.0,62.57,58.3,58.3
31331673_256037205_0,60.0,58.94,55.89,56.35
31331689_245555949_0,65.0,66.9,61.27,62.9
31331689_705722239_0,65.0,69.34,66.52,63.88
31331690_31331699_0,65.0,66.93,63.82,63.05
31331699_2880043545_0,65.0,66.56,57.61,60.1
31331701_31331689_0,65.0,67.53,64.07,63.45
31331701_2880043545_0,65.0,65.58,61.02,57.85
31331704_292667651_0,65.0,66.01,60.85,61.5
31331710_1948088631_0,65.0,68.36,60.15,59.15
31331710_31331712_0,65.0,68.91,61.64,60.65
31331712_5423471493_0,65.0,69.26,59.96,60.15
31331813_9414077223_0,65.0,71.73,65.17,63.2
31331813_251786805_0,65.0,69.02,66.14,63.35
31331832_339239205_0,65.0,74.35,60.39,60.9
31331835_9413455583_0,65.0,73.02,62.66,61.45
31331835_9413455583_1,65.0,72.49,62.66,61.3
31331841_31331842_0,60.0,74.84,62.42,62.4
31331842_339239199_0,60.0,74.99,63.68,62.85
31331842_9413455586_0,65.0,73.59,60.5,61.85
31333335_31333336_0,65.0,73.0,66.81,68.27
31333335_2701464592_0,65.0,68.72,63.4,68.1
31333336_250291804_0,65.0,72.21,64.72,67.95
31333336_31333337_0,65.0,72.08,70.89,68.45
31333337_78465049_0,65.0,70.89,66.82,65.55
31333337_31333338_0,65.0,73.97,67.61,68.73
31333338_96886741_0,65.0,72.62,64.91,67.1
31333338_31333335_0,65.0,72.12,67.54,67.77
31333339_31333348_0,65.0,61.64,53.66,59.55
31333339_96889389_0,65.0,66.42,53.17,58.32
31333343_232882598_0,65.0,67.41,53.84,62.05
31333345_31333357_0,65.0,61.27,55.23,57.95
31333345_31333343_0,65.0,66.06,53.89,58.36
31333347_31333345_0,65.0,69.21,67.7,68.1
31333347_21294866_0,65.0,72.03,66.45,64.85
31333348_4545525694_0,65.0,62.23,56.4,62.05
31333357_31333358_0,65.0,60.97,51.9,56.85
31333357_247058208_0,65.0,60.5,53.68,56.5
31333358_31333343_0,65.0,61.11,51.03,58.55
31333358_240591793_0,65.0,60.9,53.84,56.35
31333361_232882607_0,65.0,61.7,57.65,62.1
31333366_12207207026_0,65.0,68.48,65.87,67.75
31333370_295546856_0,65.0,71.09,62.95,66.03
31333370_549904750_0,65.0,66.8,61.56,64.65
31333372_1279803167_0,65.0,65.19,65.37,65.4
31333372_31333375_0,65.0,67.43,67.98,67.4
31333372_416767871_0,65.0,70.22,64.71,66.45
31333375_31333378_0,65.0,68.52,73.92,70.05
31333378_31331613_0,65.0,67.58,68.55,67.4
31333378_1084012821_0,65.0,68.31,68.84,66.95
31333461_29089646_0,65.0,73.76,64.49,63.25
31333461_29089643_0,65.0,70.19,61.76,63.5
31333462_13919653_0,60.0,65.42,59.29,58.55
31333462_95766226_0,60.0,65.8,57.19,56.7
31333462_1145304580_0,60.0,66.61,58.5,57.05
31333466_31333467_0,65.0,66.29,58.18,61.95
31333466_2211960462_0,65.0,66.39,56.26,62.15
31333466_2177270847_0,65.0,68.09,59.83,63.63
31333467_21226939_0,65.0,66.84,60.96,60.85
31333467_2211960462_0,65.0,66.28,58.33,60.5
31333705_258936535_0,60.0,65.21,59.16,58.3
31333705_27653936_0,60.0,63.85,61.06,58.15
31333705_1530281817_0,60.0,63.47,56.48,54.5
31333882_31333883_0,60.0,61.7,64.61,60.9
31333882_1479175188_0,60.0,65.65,64.17,63.25
31334345_31334346_0,65.0,67.77,65.74,62.4
31334345_2770632705_0,65.0,67.71,62.56,62.6
31334346_207121124_0,65.0,67.87,62.42,62.15
31334346_2770547530_0,65.0,64.4,64.86,62.42
31334616_2779757675_0,60.0,71.12,65.63,69.15
31334620_10967412794_0,65.0,71.44,65.8,68.75
31334620_334396630_0,65.0,70.04,64.86,66.25
31334823_1702493913_0,65.0,70.78,63.11,65.7
31334823_31335106_0,65.0,72.14,58.56,66.85
31335106_3818659507_0,65.0,70.53,65.13,66.3
31335106_2721473175_0,65.0,72.72,61.44,67.2
31348010_1479164111_0,65.0,65.64,65.51,64.65
31348010_31348011_0,65.0,66.46,63.74,64.5
31348011_27552401_0,60.0,66.8,60.99,63.05
31348011_27552402_0,65.0,66.38,61.36,63.55
31348011_31348010_0,65.0,66.46,63.74,64.5
31367180_31367307_0,65.0,66.57,65.68,56.7
31367274_31367492_0,65.0,70.32,61.75,51.0
31367277_2785844419_0,65.0,70.73,63.83,61.3
31367307_574922639_0,65.0,67.44,65.01,56.8
31367386_173034991_0,65.0,69.17,60.61,60.05
31367492_31367277_0,65.0,71.05,66.32,61.15
31367672_31011298_0,65.0,78.0,59.68,61.7
31367672_260784618_0,65.0,76.18,57.81,60.5
31367737_249660176_0,65.0,76.72,66.59,65.3
31367745_21227030_0,65.0,75.54,70.23,67.25
31367748_248460656_0,65.0,62.59,59.72,60.0
31367748_564684732_0,65.0,63.17,60.31,60.9
31367748_31367751_0,65.0,63.57,61.13,60.45
31367748_90318745_0,65.0,62.72,59.44,60.05
31367749_90318745_0,65.0,62.26,60.16,59.25
31367749_90318753_0,65.0,62.36,60.46,59.65
31367749_248460356_0,65.0,61.53,57.35,58.2
31367750_31367751_0,65.0,65.11,61.09,62.1
31367750_246991603_0,65.0,73.09,66.02,66.0
31367751_31367752_0,65.0,67.06,66.0,63.05
31367751_90318737_0,65.0,63.19,59.07,59.95
31367751_31367748_0,65.0,63.57,61.13,60.45
31367752_31367753_0,65.0,71.14,64.66,65.9
31367752_29089615_0,65.0,70.63,66.18,65.25
31367753_246991602_0,65.0,72.82,65.28,66.15
31367753_2690009510_0,65.0,69.27,65.95,66.25
31367763_169694476_0,65.0,64.08,60.69,60.15
31367763_2690009452_0,60.0,64.06,59.92,60.5
31367763_243908538_0,65.0,63.9,56.78,60.15
31367763_246989945_0,65.0,63.51,63.47,60.12
31367764_246991595_0,65.0,66.62,59.78,61.0
31367764_427571205_0,65.0,67.0,59.94,61.05
31367764_243908528_0,60.0,64.83,61.48,60.85
31367765_151411158_0,65.0,65.43,59.48,60.45
31367765_1988745180_0,60.0,65.42,58.34,60.9
31367769_2690009458_0,60.0,64.76,61.12,61.6
31367769_246989947_0,65.0,63.89,58.47,60.0
31367769_564684696_0,65.0,64.68,60.61,60.7
31367770_246991601_0,65.0,65.07,62.78,62.75
31367770_2585236265_0,60.0,66.62,61.93,60.8
31367770_2690009458_0,60.0,65.02,62.53,62.3
31367772_151411147_0,60.0,63.9,58.51,59.85
31367772_1652760363_0,65.0,65.48,60.29,62.05
31367789_10092208904_0,65.0,64.87,60.29,59.2
31367789_427580449_0,60.0,63.87,58.5,59.85
31367789_4207086394_0,65.0,64.42,59.95,59.6
31370766_2100510505_0,65.0,59.6,50.66,54.25
31370766_250148043_0,65.0,59.71,52.39,54.0
31370770_250154678_0,60.0,60.58,51.55,53.9
31370770_31370771_0,60.0,60.58,49.5,53.85
31370771_250154658_0,60.0,61.65,53.66,55.2
31370771_31370766_0,65.0,60.26,48.38,54.25
31370772_251618341_0,65.0,66.3,65.83,66.75
31370772_251497846_0,65.0,70.31,66.43,70.85
31370772_269704788_0,65.0,65.77,63.4,66.3
31370858_264008374_0,60.0,59.17,57.4,59.15
31370858_100939338_0,65.0,59.78,56.77,58.0
31370858_575946007_0,60.0,59.54,59.22,59.6
31370859_264008364_0,65.0,67.72,66.23,68.35
31370859_100939338_0,65.0,60.2,64.59,60.05
31370860_250227860_0,65.0,65.82,67.39,66.48
31370860_9335947376_0,65.0,60.86,66.86,63.4
31370860_315285584_0,65.0,69.13,67.04,67.3
31370862_100945630_0,65.0,68.08,62.52,67.9
31370865_250228305_0,65.0,61.1,49.86,53.95
31370865_9335943722_0,65.0,59.56,53.72,54.4
31489433_90647602_0,65.0,68.21,67.86,66.15
31489433_3780909788_0,65.0,68.65,69.5,67.35
31489433_251318676_0,65.0,67.22,69.4,67.55
31489436_3906192255_0,65.0,64.29,63.67,57.6
31489436_90579834_0,65.0,65.71,62.27,64.25
31489441_2721737862_0,65.0,64.34,61.7,57.7
31489441_31489443_0,65.0,64.63,66.49,57.2
31489443_31489444_0,65.0,65.39,61.14,60.8
31489444_90579870_0,65.0,61.22,63.07,59.1
31489444_10924625445_0,65.0,65.81,63.72,60.6
31489447_31489450_0,65.0,68.42,66.67,63.95
31489450_21294888_0,65.0,67.97,64.68,65.97
31489452_252637834_0,65.0,68.82,60.75,64.85
31489452_382937733_0,65.0,65.0,58.57,62.6
31489453_31489454_0,65.0,69.41,62.26,65.8
31489453_90626663_0,65.0,69.08,62.8,64.55
31489453_9398083918_0,65.0,67.44,61.97,65.45
31489454_31489453_0,65.0,69.41,62.26,65.8
31489454_726905038_0,65.0,68.7,64.54,64.5
31489454_726905043_0,65.0,72.91,65.07,65.25
31508814_21555362_0,65.0,66.54,61.77,64.9
31508814_31508825_0,65.0,65.9,60.88,64.65
31508816_31508814_0,65.0,63.66,62.23,59.1
31508816_31508825_0,65.0,62.21,57.75,60.4
31508825_21555521_0,65.0,67.23,63.62,65.4
31508825_31508814_0,65.0,65.9,60.88,64.65
31508872_1931890106_0,65.0,66.62,64.66,64.05
31508872_1931361009_0,65.0,66.37,60.95,63.0
31509002_242937155_0,60.0,62.88,62.45,61.88
31509002_31509003_0,65.0,64.73,62.57,62.4
31509003_1938165334_0,65.0,71.5,59.45,64.6
31509003_1598193910_0,65.0,68.14,59.17,65.2
31509003_1602707311_0,60.0,70.66,60.63,63.5
31509004_31509005_0,60.0,63.07,59.55,61.6
31509004_241474645_0,65.0,62.86,61.07,61.05
31509005_252631070_0,60.0,62.0,54.95,55.9
31509005_1251659581_0,65.0,63.13,60.57,62.0
31509007_33197799_0,65.0,65.12,61.76,60.5
31509007_382937732_0,65.0,64.75,60.59,61.9
31509029_2792536452_0,65.0,69.25,66.7,66.05
31509029_252634863_0,60.0,63.14,65.64,64.8
31774774_283056705_0,65.0,68.06,59.95,60.2
31774774_426857972_0,65.0,65.09,60.09,59.45
31774774_1303432793_0,65.0,65.14,60.42,60.2
31774816_310277493_0,65.0,75.52,67.3,65.45
31774816_7653029265_0,65.0,70.34,64.54,66.6
31774817_426858370_0,60.0,64.51,54.33,54.6
31774817_283056709_0,60.0,64.72,59.34,59.15
31774878_426858370_0,65.0,64.83,57.09,58.8
31774878_283056709_0,65.0,64.7,58.27,59.25
31823032_31875517_0,65.0,64.76,57.44,59.95
31823032_2798584154_0,65.0,65.48,61.24,61.0
31823037_31774817_0,60.0,65.01,56.94,58.85
31823037_31823032_0,65.0,65.7,57.82,60.15
31875517_294744680_0,65.0,65.46,61.82,60.05
31875517_292638523_0,65.0,65.45,57.79,58.85
31875520_2211960462_0,60.0,66.37,58.17,58.95
31875520_1652760347_0,65.0,68.21,62.54,63.98
31875748_1988995341_0,65.0,68.68,63.7,61.95
31875748_32430741_0,65.0,66.7,65.7,65.36
31875766_31875767_0,65.0,64.44,62.23,60.75
31875766_21226322_0,65.0,68.46,62.37,64.6
31875766_2894903549_0,65.0,69.02,62.88,64.6
31875767_21226322_0,60.0,65.83,64.06,63.25
31875767_31875748_0,65.0,65.74,62.45,60.55
31875767_31875768_0,65.0,64.99,59.95,60.35
31875768_1993620498_0,65.0,66.16,63.55,61.3
31875768_35080724_0,65.0,65.12,60.5,59.4
32046908_306367368_0,65.0,65.74,62.28,63.55
32046908_1584985782_0,65.0,66.18,63.63,65.9
32046908_2542890181_0,65.0,65.95,65.27,63.92
32046908_1503407478_0,65.0,66.4,64.34,63.88
32047204_11422490375_0,65.0,72.98,61.73,62.65
32123865_13036966390_0,65.0,73.61,60.38,59.36
32123865_13036966348_0,65.0,73.56,61.09,59.26
32430741_1301081231_0,65.0,68.83,64.41,64.8
32430748_21226150_0,65.0,67.54,66.14,64.99
32430748_485983967_0,65.0,68.42,66.1,65.65
32918272_279123954_0,65.0,68.8,63.23,60.9
32918274_78472471_0,65.0,66.9,56.2,55.4
32918274_279123938_0,60.0,66.19,53.64,55.35
32918274_266325967_0,65.0,66.57,54.9,55.75
32918275_32918279_0,65.0,66.76,58.54,57.35
32918275_279123938_0,60.0,65.67,58.11,55.22
32918279_335604897_0,65.0,66.49,59.45,57.72
32918279_32918275_0,65.0,66.76,58.54,57.35
32918279_9833629850_0,65.0,67.71,60.68,56.85
33197499_33197505_0,65.0,63.31,62.01,57.3
33197499_252639688_0,65.0,63.46,63.97,61.95
33197501_252640948_0,65.0,65.12,67.38,63.5
33197505_1648345223_0,65.0,62.98,63.58,57.1
33197505_31509007_0,65.0,63.77,58.3,58.1
33197505_1251659573_0,65.0,62.37,61.48,59.9
33197630_291897323_0,60.0,62.23,58.88,56.25
33197630_252631070_0,60.0,62.4,61.27,57.2
33197630_33197631_0,60.0,62.67,61.38,63.2
33197631_446294232_0,60.0,62.52,60.64,62.05
33197631_1956589483_0,60.0,62.53,60.62,61.65
33197631_291897326_0,60.0,62.71,60.36,60.75
33197632_1938165331_0,65.0,65.05,64.88,62.7
33197632_241475060_0,65.0,63.67,58.66,59.95
33197799_1251659576_0,60.0,64.6,62.8,60.1
33197799_33197801_0,60.0,63.87,58.85,60.65
33197801_1331404612_0,60.0,67.08,62.38,64.35
35080724_21226711_0,65.0,69.1,60.45,60.75
35080724_21226800_0,65.0,70.58,67.93,65.75
35080726_2889616965_0,65.0,68.12,61.93,63.6
35080726_35080736_0,65.0,66.54,57.91,58.1
35080728_1993620498_0,65.0,66.64,61.11,61.25
35080732_435117594_0,65.0,66.45,56.63,57.45
35080735_1302782508_0,65.0,65.88,59.24,56.15
35080735_21226417_0,65.0,68.59,65.96,64.86
35080735_1988995309_0,65.0,67.69,61.25,60.1
35080736_1302782508_0,65.0,66.51,58.56,57.7
35080737_21226417_0,60.0,72.34,63.55,64.51
35080737_35080736_0,60.0,66.8,61.04,58.7
35080737_21226908_0,65.0,72.64,64.07,64.16
35080830_35080844_0,65.0,57.94,56.74,56.4
35080843_27654245_0,65.0,61.37,59.08,56.6
35080844_35080864_0,65.0,58.44,58.28,58.5
35080844_435194431_0,65.0,58.47,60.08,57.1
35080844_27654246_0,65.0,59.46,63.04,62.5
35080844_35080830_0,65.0,57.94,56.74,56.4
35080862_35080843_0,65.0,62.45,58.22,55.9
35080862_35080864_0,65.0,60.27,62.07,58.0
35080864_35080844_0,65.0,58.44,58.28,58.5
35080864_2796158763_0,65.0,60.5,62.61,63.45
35080891_7031980134_0,65.0,58.7,56.22,53.45
35080891_27654249_0,65.0,57.45,59.95,57.85
35081012_35081016_0,65.0,59.46,58.33,56.6
35081012_35081016_1,65.0,59.68,58.78,57.05
35081016_28848528_0,65.0,59.81,60.03,57.65
35081019_21663245_0,60.0,62.99,60.15,62.95
35081019_35081020_0,60.0,63.07,61.02,61.7
35081020_10962015676_0,60.0,62.36,61.71,62.45
35081020_306422874_0,60.0,64.09,61.13,60.8
35081020_35081019_0,60.0,63.07,61.02,61.7
35081021_10962015676_0,60.0,62.08,58.01,62.4
35081021_295916253_0,65.0,65.33,59.6,58.75
35081034_27552407_0,65.0,68.85,67.42,62.85
35081100_1183357802_0,65.0,61.03,55.76,60.4
35081100_21226174_0,65.0,65.49,59.23,65.05
35081104_35081142_0,60.0,60.94,54.85,52.9
35081104_35081181_0,55.0,60.98,56.07,53.75
35081106_35081107_0,60.0,62.2,57.39,56.4
35081106_35081113_0,60.0,63.69,60.46,62.85
35081106_35081142_0,60.0,61.44,55.85,53.15
35081107_35081106_0,60.0,62.19,57.39,56.4
35081107_35081108_0,60.0,62.03,58.64,56.7
35081108_512260591_0,65.0,61.38,59.08,56.8
35081108_2783003726_0,65.0,63.54,61.79,60.2
35081108_35081107_0,60.0,62.03,58.64,56.7
35081113_35081106_0,60.0,63.69,60.46,62.85
35081113_27654259_0,65.0,67.71,62.17,63.55
35081113_35081186_0,65.0,66.79,62.0,64.35
35081142_1183357802_0,60.0,60.78,56.71,53.15
35081142_35081106_0,60.0,61.44,55.85,53.15
35081142_35081104_0,60.0,60.94,54.85,52.9
35081181_35081107_0,60.0,61.04,54.43,53.5
35081181_512260591_0,55.0,61.24,57.45,55.3
35081183_35081184_0,60.0,62.15,62.26,61.3
35081183_10962015680_0,60.0,63.31,61.63,62.25
35081184_1143719821_0,65.0,66.94,59.47,60.2
35081184_2614057254_0,65.0,69.2,61.69,62.1
35081186_27654255_0,65.0,63.95,62.3,61.7
35081186_35081113_0,65.0,66.79,62.0,64.35
35081186_21226174_0,65.0,64.26,59.4,63.85
53723978_13919649_0,65.0,66.02,64.67,63.4
53723978_246989935_0,65.0,69.25,66.62,65.35
53758470_243907645_0,65.0,63.11,59.66,61.22
53758470_21294882_0,60.0,63.66,60.93,60.8
53758473_53758470_0,60.0,63.45,61.45,60.75
53758473_53758477_0,60.0,67.39,65.32,62.2
53758477_1322627707_0,60.0,63.04,60.39,59.3
53758477_2093480249_0,65.0,65.49,62.95,61.55
53763220_21226218_0,65.0,75.32,61.17,64.2
53763220_53763229_0,65.0,69.19,63.02,62.35
53763229_53763233_0,65.0,65.82,57.62,57.05
53763233_320078006_0,65.0,66.24,58.03,56.9
53763233_2892146080_0,65.0,66.13,56.85,57.75
78420001_1294003457_0,70.0,61.31,59.05,58.1
78420001_4065295693_0,65.0,59.76,55.94,56.45
78420001_78420056_0,65.0,61.33,59.88,58.2
78420006_4065295693_0,65.0,60.09,59.93,57.1
78420006_1558615215_0,65.0,60.75,59.08,56.95
78420047_13350978959_0,65.0,60.57,57.42,58.13
78420047_1123373814_0,65.0,61.26,62.4,57.85
78420056_78420059_0,65.0,61.64,62.45,58.35
78420056_78420001_0,65.0,61.33,59.88,58.2
78420059_78420056_0,65.0,61.64,62.45,58.35
78420059_78420063_0,60.0,59.96,60.25,58.8
78420063_78420059_0,60.0,59.96,60.25,58.8
78420063_78420067_0,60.0,59.93,61.57,58.8
78420067_78420073_0,65.0,60.17,61.54,59.85
78420067_78420063_0,60.0,59.93,61.57,58.8
78420073_78420067_0,65.0,60.17,61.54,59.85
78420073_78420139_0,65.0,59.76,58.28,59.45
78420084_2704119902_0,65.0,60.75,56.03,58.2
78420120_1123373814_0,65.0,65.38,58.87,57.75
78420120_78420136_0,65.0,62.5,57.54,58.25
78420136_78420139_0,65.0,61.21,58.47,58.35
78420136_78420120_0,65.0,62.5,57.54,58.25
78420139_78420149_0,65.0,60.21,59.09,59.65
78420139_78420136_0,65.0,61.21,58.47,58.35
78420149_278200765_0,65.0,60.05,59.59,59.25
78420149_2704114613_0,60.0,60.09,58.15,59.4
78420234_78427958_0,65.0,59.3,59.89,59.85
78420234_1525253053_0,65.0,62.41,61.17,60.75
78420288_5081135573_0,65.0,59.42,62.21,57.65
78420296_95750643_0,70.0,59.25,56.36,55.5
78420297_78420303_0,70.0,60.26,59.74,58.3
78420297_95750643_0,70.0,59.93,57.07,56.45
78420303_78420304_0,70.0,59.77,61.16,58.25
78420304_95752306_0,70.0,58.81,59.13,57.25
78423082_78423091_0,60.0,56.19,50.44,53.25
78423091_78424266_0,60.0,56.39,52.79,55.5
78423091_4552183430_0,60.0,56.95,49.69,53.9
78423105_252207834_0,65.0,56.75,54.84,54.6
78423105_78423101_0,65.0,57.19,54.26,52.4
78423105_252207831_0,60.0,56.54,52.99,54.3
78423113_252204443_0,60.0,57.78,58.62,58.75
78423114_252204158_0,65.0,68.62,65.49,67.25
78423118_78423123_0,65.0,55.04,49.68,50.05
78427935_78427953_0,60.0,60.01,60.57,59.85
78427935_78427937_0,65.0,62.31,61.83,61.55
78427937_3898065668_0,65.0,62.81,64.8,62.0
78427937_78427935_0,65.0,62.31,61.83,61.55
78427940_31333375_0,65.0,63.96,61.49,60.55
78427953_2707229744_0,65.0,59.64,62.52,60.55
78427953_78427958_0,65.0,59.02,57.35,57.68
78427958_78420234_0,65.0,59.3,59.89,59.85
78427958_3610814092_0,60.0,58.28,57.16,59.05
78427963_3596122488_0,65.0,67.34,70.72,68.05
78431950_1279803182_0,65.0,69.2,64.79,67.1
78439634_1010803742_0,65.0,68.26,67.1,66.3
78439634_309010350_0,65.0,69.56,65.97,67.25
78439648_78439650_0,65.0,65.5,67.7,64.5
78439648_281725753_0,65.0,68.61,62.8,65.1
78439648_1366398684_0,65.0,65.98,65.96,65.4
78439650_251329936_0,65.0,64.34,63.42,63.1
78439650_256785168_0,65.0,65.04,64.45,63.65
78439657_251335673_0,65.0,64.7,59.06,62.72
78439665_2656255691_0,65.0,64.8,61.76,63.72
78439687_243907647_0,60.0,63.52,59.18,59.45
78439687_78439694_0,60.0,64.57,62.71,63.2
78439694_295543326_0,65.0,66.17,63.59,62.18
78439694_251469995_0,65.0,64.98,63.53,61.38
78439694_309010352_0,65.0,67.2,64.83,63.9
78439701_8083969641_0,65.0,63.57,61.13,63.9
78439701_3876198702_0,65.0,68.07,64.33,64.75
78439701_295543327_0,65.0,69.14,65.23,62.95
78451562_1295159016_0,65.0,62.09,56.73,58.06
78451562_1295159017_0,65.0,60.81,51.34,55.3
78456350_4348614897_0,65.0,68.55,64.95,64.8
78462264_78462265_0,60.0,73.29,62.03,63.1
78462264_21293721_0,65.0,73.18,61.89,60.95
78462265_78462276_0,60.0,68.23,62.4,63.55
78462265_1602512889_0,65.0,72.99,54.78,61.5
78462265_78462264_0,60.0,73.28,62.03,63.1
78462267_78462276_0,65.0,67.3,63.08,60.55
78462267_1471896719_0,65.0,65.54,65.78,59.7
78462267_306427889_0,65.0,65.53,62.55,60.95
78462267_251437009_0,65.0,67.17,65.51,62.55
78462271_78462275_0,65.0,67.28,59.79,57.9
78462271_1471896719_0,65.0,66.59,57.19,57.95
78462275_78462264_0,65.0,68.12,66.34,63.65
78462275_1178990321_0,65.0,67.74,66.28,59.9
78462276_78462267_0,65.0,67.3,63.08,60.55
78462276_2699721036_0,65.0,68.76,60.56,61.0
78462276_251437449_0,65.0,66.54,63.78,59.9
78462279_787822276_0,65.0,69.51,56.01,60.9
78462279_282557078_0,65.0,70.99,57.28,61.8
78465049_309006096_0,65.0,73.77,63.91,62.06
78465049_250291809_0,65.0,73.77,62.84,62.06
78465054_249104085_0,60.0,68.48,61.43,63.3
78465054_135879479_0,60.0,64.04,61.52,60.92
78470772_78470773_0,65.0,70.49,59.08,58.4
78470773_78470775_0,65.0,69.48,58.3,59.95
78470773_898415281_0,65.0,67.24,59.48,59.72
78470775_21226583_0,65.0,70.08,59.58,59.95
78472471_32918274_0,65.0,66.92,56.17,55.15
78472471_9959975207_0,65.0,67.46,60.39,62.85
78472471_279123936_0,65.0,65.98,58.58,57.55
78472471_251893208_0,65.0,66.56,61.35,58.4
78476351_2915929258_0,60.0,59.91,52.74,53.8
78476351_248460356_0,65.0,60.41,53.65,54.98
78476361_153566712_0,65.0,60.42,56.9,55.55
78476361_2915929277_0,65.0,60.29,55.23,55.75
86878877_253312239_0,65.0,64.95,62.24,62.2
86878877_253310981_0,65.0,62.91,63.0,62.02
86878877_253310978_0,65.0,63.31,60.34,63.52
87810233_251165308_0,65.0,66.72,65.14,66.0
87810233_289647179_0,65.0,67.13,64.0,66.1
87810235_87810233_0,65.0,71.23,63.85,69.93
87810235_87993636_0,65.0,66.64,65.97,67.9
87810239_88058735_0,60.0,61.89,62.14,62.73
87810241_88239414_0,60.0,66.05,63.58,61.92
87993636_286819541_0,65.0,67.4,67.88,68.8
87993636_286819540_0,65.0,67.56,68.03,68.45
87993637_88020278_0,60.0,59.5,56.92,54.85
87993637_92162690_0,60.0,61.56,61.66,57.15
88020278_88020279_0,60.0,60.72,54.9,59.25
88020279_286819541_0,65.0,64.75,63.34,65.3
88020279_286820480_0,65.0,59.27,58.71,63.05
88020279_88020278_0,60.0,60.72,54.9,59.25
88057746_87993636_0,65.0,67.59,68.87,68.45
88057746_87810233_0,65.0,66.57,65.49,66.93
88057747_289646176_0,65.0,62.1,64.76,65.65
88058735_88057747_0,60.0,60.26,62.72,57.75
88058735_1744786346_0,60.0,62.4,56.85,62.36
88229196_1575660482_0,65.0,61.64,51.37,56.4
88229196_1864652762_0,65.0,63.33,58.4,57.6
88238932_578278053_0,65.0,55.16,53.75,53.95
88238932_3358131371_0,65.0,55.62,49.21,52.95
88238944_10214405503_0,60.0,55.73,52.56,51.7
88239414_21458294_0,65.0,64.92,64.0,62.6
90222470_250050213_0,60.0,60.63,60.17,56.0
90222470_2225549127_0,60.0,63.19,65.29,62.82
90222470_250152856_0,60.0,63.21,62.12,61.63
90222497_1579436501_0,70.0,60.2,57.97,60.88
90223762_269347359_0,65.0,64.46,61.16,61.2
90223762_480683105_0,65.0,63.85,59.78,58.88
90223762_21293727_0,65.0,66.59,65.57,64.4
90223775_2550308090_0,65.0,66.67,63.31,61.35
90223775_269909525_0,65.0,68.02,63.4,62.45
90223776_1694954641_0,65.0,65.99,62.98,60.9
90224722_1851687410_0,65.0,62.69,59.14,61.0
90224730_90224722_0,65.0,61.51,55.94,56.5
90318737_31367751_0,65.0,63.19,59.07,59.95
90318737_90318753_0,65.0,62.59,60.04,59.95
90318745_90318737_0,65.0,62.58,59.24,59.7
90318745_31367749_0,65.0,62.26,60.16,59.25
90318745_31367748_0,65.0,62.72,59.44,60.05
90318753_31367749_0,65.0,62.36,60.46,59.65
90318753_305136996_0,65.0,62.28,61.68,60.45
90563672_1157980281_0,65.0,66.95,59.27,63.4
90563672_293342684_0,65.0,70.48,68.41,65.45
90563678_21555457_0,65.0,69.08,63.55,65.8
90563678_344804869_0,65.0,70.55,64.91,65.45
90563684_90583876_0,65.0,67.13,60.95,65.7
90563684_2918756665_0,65.0,67.73,62.14,64.35
90563688_1932040076_0,65.0,71.57,64.77,65.25
90563688_21226872_0,65.0,63.53,61.0,61.2
90563688_2918756665_0,65.0,68.48,65.43,65.5
90563688_2952597866_0,65.0,68.01,67.32,63.98
90579834_31489436_0,65.0,65.72,62.35,64.25
90579834_253748543_0,65.0,66.4,60.2,64.6
90579840_90579870_0,65.0,62.07,63.04,59.45
90579840_2721737865_0,65.0,66.3,63.21,64.0
90579870_90579879_0,65.0,61.94,58.94,57.68
90579870_1656865969_0,65.0,62.38,59.63,58.35
90579879_90579834_0,65.0,62.97,59.92,63.1
90583876_539462834_0,65.0,72.09,62.43,64.62
90583881_90583884_0,65.0,70.98,61.36,65.0
90583881_13471057145_0,65.0,65.31,64.24,61.9
90583881_539462837_0,65.0,69.21,59.55,65.55
90583884_539462825_0,65.0,71.97,61.43,65.8
90593917_31011034_0,65.0,74.93,64.98,67.65
90593917_255323418_0,65.0,74.74,64.98,67.95
90593921_21458590_0,65.0,76.22,65.92,68.95
90593921_90593923_0,65.0,67.59,60.3,59.95
90593923_301981835_0,60.0,65.37,54.68,55.1
90593923_114323991_0,65.0,65.58,54.99,54.0
90597057_1839808458_0,65.0,66.37,61.56,65.45
90597057_90597059_0,65.0,66.52,62.95,63.7
90597057_2795860839_0,65.0,66.59,63.82,63.8
90597059_95760095_0,65.0,65.55,61.25,64.5
90597059_90597057_0,65.0,66.52,62.95,63.7
90597059_2739069900_0,65.0,61.36,59.76,62.75
90597713_90597716_0,65.0,61.84,61.21,57.75
90597713_2795860841_0,65.0,66.0,61.41,64.55
90597716_13919638_0,65.0,62.64,55.44,56.45
90597716_95759935_0,65.0,61.9,57.41,57.0
90597716_90597713_0,65.0,61.84,61.21,57.75
90597716_95759941_0,65.0,62.5,59.02,55.95
90600911_2807195094_0,65.0,71.47,71.8,67.95
90603144_8118826460_0,65.0,67.91,57.94,63.08
90603144_28836310_0,60.0,66.08,61.84,59.94
90612285_269356359_0,65.0,69.84,66.7,64.05
90612285_309628875_0,65.0,75.05,64.67,65.25
90626652_90626661_0,65.0,65.05,58.23,59.65
90626652_90626663_0,65.0,64.91,61.04,60.2
90626661_1322875379_0,65.0,64.31,63.33,59.45
90626663_21458333_0,65.0,69.02,63.19,63.16
90641056_309658922_0,65.0,65.42,64.93,60.68
90641056_1602479949_0,65.0,70.61,64.25,61.65
90641060_2915815357_0,65.0,72.49,68.38,60.15
90641060_2066845477_0,65.0,73.41,59.49,59.2
90641066_359599368_0,65.0,66.08,59.79,57.75
90641066_309658925_0,65.0,66.29,57.13,58.3
90647596_295546865_0,65.0,70.54,64.04,67.55
90647596_1334032148_0,65.0,67.68,62.71,65.05
90647602_31489433_0,65.0,68.21,67.86,66.15
90647602_1473306625_0,65.0,68.96,69.13,67.9
90647602_1366398684_0,65.0,66.87,67.01,65.65
90647606_1474073395_0,65.0,69.24,69.42,67.35
91532532_24576291_0,65.0,66.1,63.57,58.5
91532533_91532534_0,60.0,66.08,55.51,58.1
91532533_91532532_0,65.0,66.17,57.01,58.25
91532534_78456350_0,65.0,65.59,59.79,62.7
91532536_91532534_0,60.0,65.6,59.3,58.9
91532536_91532532_0,65.0,65.58,59.8,58.65
91560022_1474104319_0,65.0,66.15,63.21,60.85
91560022_1538544073_0,65.0,66.27,58.21,61.05
92162690_246099088_0,60.0,62.52,58.19,62.22
92162690_254893279_0,60.0,62.26,61.91,56.25
92164137_1171087305_0,60.0,63.67,58.23,65.08
92164137_11059838865_0,60.0,60.86,59.22,62.35
92164137_21458324_0,60.0,60.61,59.42,61.58
92164141_92164170_0,65.0,60.03,57.44,56.15
92164170_21458313_0,65.0,59.77,61.41,55.85
92164170_21458324_0,65.0,60.17,56.88,56.15
92556417_2719954684_0,60.0,61.21,52.58,56.7
92556422_2395321664_0,60.0,60.88,49.52,55.45
92556422_583223041_0,60.0,61.05,50.7,54.7
95750570_95750577_0,65.0,58.8,58.96,58.05
95750577_320528857_0,65.0,58.98,58.96,58.05
95750584_1276478002_0,65.0,59.43,59.18,58.2
95750584_95750593_0,65.0,58.6,59.02,55.55
95750593_281437124_0,65.0,58.46,59.73,55.7
95750627_95750636_0,70.0,60.2,58.46,57.7
95750627_1219588805_0,70.0,60.41,58.17,57.35
95750636_95750638_0,70.0,60.44,58.34,57.85
95750638_78420297_0,70.0,60.42,58.0,58.2
95750638_78420303_0,70.0,60.28,59.0,58.15
95750643_78420296_0,70.0,59.25,56.36,55.5
95750643_95750646_0,70.0,58.64,53.72,54.45
95750643_78420297_0,70.0,59.93,57.07,56.45
95750646_95750643_0,70.0,58.63,53.88,54.4
95752286_95752357_0,65.0,58.76,55.4,56.08
95752286_95752309_0,65.0,59.44,59.78,58.76
95752306_95750593_0,65.0,58.57,56.83,55.75
95752309_281435525_0,65.0,60.04,55.67,55.3
95752309_1088279509_0,65.0,58.9,62.15,58.83
95752315_95752318_0,65.0,60.51,55.41,57.3
95752315_1088279509_0,70.0,58.8,64.4,61.08
95752318_292679479_0,70.0,60.94,56.75,57.3
95752350_95752315_0,70.0,60.74,63.32,56.2
95752357_10905232342_0,65.0,57.69,54.62,55.13
95759932_95759933_0,65.0,61.61,57.99,58.95
95759932_31331634_0,60.0,66.17,63.21,66.85
95759932_1331430653_0,65.0,60.45,58.47,58.7
95759933_90597713_0,65.0,65.08,58.08,59.12
95759933_705535133_0,65.0,61.07,58.41,58.15
95759933_95759932_0,65.0,61.61,57.99,58.95
95759935_95759951_0,65.0,61.62,56.99,56.9
95759935_705535133_0,65.0,61.38,55.04,58.0
95759940_705535134_0,65.0,68.16,64.87,67.35
95759941_90597716_0,65.0,62.5,59.02,55.95
95759941_1937808726_0,65.0,63.73,59.01,57.25
95759944_95759948_0,65.0,63.15,65.91,63.95
95759944_95759940_0,65.0,68.09,64.54,67.5
95759948_95759951_0,65.0,61.98,58.01,56.45
95759948_95759941_0,65.0,62.71,60.95,56.35
95759951_95759940_0,65.0,62.1,63.23,68.95
95760095_95760096_0,65.0,60.36,61.6,57.5
95760095_95759932_0,65.0,64.6,58.19,59.35
95760096_95760095_0,65.0,60.38,61.49,57.6
95766226_674738386_0,60.0,65.22,58.07,59.25
95766226_29089639_0,60.0,65.99,62.24,60.0
95766235_245474392_0,65.0,69.33,66.19,63.15
95766235_12222894791_0,65.0,70.76,67.53,62.43
95766239_1599239214_0,65.0,66.03,62.51,61.04
95766239_95766226_0,65.0,64.55,61.13,57.6
95766244_1599239211_0,65.0,69.45,64.49,62.9
95766244_1599239213_0,65.0,68.59,62.71,62.85
95766244_245474390_0,65.0,68.74,64.75,63.6
95766250_95766273_0,65.0,65.46,59.17,56.4
95766250_27584083_0,65.0,68.45,62.65,62.89
95766256_2660989360_0,65.0,66.44,57.57,55.95
95766256_13919747_0,65.0,67.87,64.57,63.95
95766256_2660989364_0,65.0,66.7,59.46,58.9
95766260_1599239213_0,65.0,67.66,62.87,61.09
95766260_95766273_0,65.0,65.66,59.37,61.15
95766260_29089639_0,65.0,65.51,61.62,60.28
95766273_95766256_0,65.0,66.01,60.54,58.3
95769545_1757298679_0,60.0,65.14,59.82,59.35
95769557_1757298689_0,60.0,65.84,57.38,58.85
95771041_21226743_0,65.0,71.14,62.67,60.4
95771085_1588766962_0,60.0,61.99,62.23,57.75
95771085_1588766948_0,65.0,62.17,59.09,57.35
95771085_1521649992_0,60.0,61.67,61.33,57.45
96882681_309007001_0,65.0,64.87,59.84,62.18
96882681_2947268070_0,65.0,67.85,61.91,62.65
96886739_2704118613_0,65.0,68.76,61.65,62.5
96886741_135876363_0,65.0,70.87,64.71,67.85
96886741_250291805_0,65.0,67.59,69.34,65.9
96889389_21294866_0,65.0,69.23,63.97,67.55
96891745_1498664226_0,60.0,75.0,69.77,70.05
96891745_1746151215_0,60.0,73.53,68.83,68.3
96891756_234732685_0,65.0,70.58,63.82,63.75
96891756_96891774_0,65.0,70.92,61.61,64.55
96891756_245054289_0,65.0,71.75,64.61,66.25
96891756_206144638_0,65.0,74.33,63.14,67.1
96891774_2530478481_0,65.0,67.83,61.51,60.8
96891774_96891756_0,65.0,70.92,61.61,64.55
96891774_2530478473_0,65.0,70.97,63.6,64.7
100939337_309617493_0,65.0,61.02,57.93,58.6
100939337_265656602_0,65.0,61.77,63.1,58.7
100939338_31370859_0,65.0,60.2,64.59,60.05
100939338_31370858_0,65.0,59.78,56.77,58.0
100943119_1584980566_0,65.0,63.52,65.34,61.65
100943119_100939337_0,65.0,62.63,60.1,59.0
100943119_2755769718_0,65.0,63.18,62.5,59.15
100944195_309617495_0,65.0,60.44,61.08,59.25
100944195_100946647_0,65.0,59.65,59.46,59.95
100944197_257779592_0,65.0,61.49,59.47,58.95
100944197_265656600_0,65.0,61.75,58.57,60.2
100945630_308238907_0,65.0,69.4,68.93,69.4
100945630_309672310_0,65.0,63.3,62.43,64.25
100945630_2688520694_0,65.0,66.79,66.2,68.2
100946647_100939338_0,65.0,59.63,61.06,58.55
101534327_102510352_0,60.0,72.43,57.65,59.85
101534467_727410024_0,60.0,72.28,63.63,58.2
101534467_25543711_0,60.0,72.99,63.19,60.05
101534876_3815277094_0,60.0,74.54,62.58,62.15
101534876_1272557519_0,60.0,76.26,63.12,61.45
101534877_101534876_0,60.0,77.68,63.09,61.05
101534880_102510307_0,55.0,76.36,61.25,60.45
101534880_102199142_0,60.0,73.06,59.55,61.7
101535381_114310724_0,60.0,71.76,56.55,58.85
101535381_1738264923_0,60.0,72.17,61.79,59.2
101538314_25543942_0,60.0,70.33,61.56,59.8
101538314_349896366_0,60.0,72.86,69.21,59.5
101538688_574832151_0,65.0,73.71,65.0,67.4
102199142_102233671_0,55.0,71.77,56.91,58.55
102199142_102199144_0,60.0,71.12,54.74,58.5
102199142_101534880_0,60.0,73.06,59.55,61.7
102199144_102510352_0,60.0,71.75,60.73,58.35
102199144_13917118284_0,60.0,72.6,57.74,60.55
102199453_114310720_0,60.0,70.78,56.25,58.3
102199453_25543711_0,60.0,71.78,62.06,59.05
102200056_102200477_0,65.0,72.38,65.88,60.8
102200477_2714864033_0,65.0,71.14,70.77,65.3
102200477_2548905137_0,65.0,72.38,68.04,61.0
102202411_102199144_0,60.0,73.82,62.87,58.25
102203252_727410020_0,55.0,72.51,59.61,60.25
102203252_2716069589_0,60.0,70.68,55.28,59.05
102203252_114310724_0,60.0,72.09,59.2,60.35
102203253_102203252_0,60.0,70.92,57.03,57.85
102203253_1272057769_0,55.0,72.93,60.65,59.8
102203253_727410012_0,55.0,73.49,62.01,58.8
102203870_25543950_0,60.0,69.62,57.4,59.35
102207161_25543559_0,65.0,73.18,57.7,61.7
102212761_1504990220_0,65.0,75.46,65.26,68.25
102212761_25543893_0,65.0,81.1,67.98,68.95
102212766_3808366788_0,65.0,80.98,68.31,69.3
102212768_2721545883_0,65.0,77.11,66.91,68.75
102212768_102212766_0,65.0,77.72,71.09,69.4
102212770_355233754_0,65.0,74.59,71.46,68.35
102212770_102212768_0,65.0,80.09,72.35,69.8
102213839_2548905137_0,65.0,71.26,64.97,68.45
102213839_729314053_0,65.0,77.44,71.1,70.85
102215711_127696310_0,65.0,71.54,60.33,62.0
102215711_2608167282_0,65.0,71.71,63.16,65.4
102218645_102219159_0,65.0,74.72,63.45,64.08
102218645_102218656_0,65.0,74.33,64.72,64.2
102218646_102218645_0,65.0,75.15,64.63,65.28
102218648_102218646_0,65.0,75.93,65.5,66.6
102218648_430775591_0,65.0,73.25,62.12,64.6
102218651_101538688_0,65.0,75.09,67.13,66.75
102218651_139248016_0,65.0,75.0,65.47,67.4
102218656_2888636653_0,65.0,74.62,63.09,64.38
102218980_127696305_0,65.0,80.64,70.68,69.55
102218980_1496276403_0,65.0,74.09,64.52,68.1
102219159_102277643_0,65.0,71.65,59.58,62.55
102219159_102218656_0,65.0,74.53,63.84,64.03
102220064_5427643461_0,65.0,72.81,66.79,64.55
102220068_1943114041_0,65.0,66.83,60.16,59.95
102220068_1523280073_0,65.0,71.97,62.83,63.85
102220070_3216535345_0,65.0,70.85,66.31,64.03
102220649_265742658_0,65.0,65.55,56.47,57.15
102220649_250510794_0,65.0,67.12,65.7,61.3
102220650_2699941004_0,65.0,68.58,55.69,56.65
102220650_265742658_0,65.0,66.31,58.65,58.75
102220650_1973583750_0,65.0,68.06,57.17,57.05
102223647_10536668635_0,65.0,70.65,58.0,57.6
102224101_574834152_0,65.0,69.17,62.4,61.7
102224101_430803905_0,65.0,74.84,62.01,64.3
102224102_250328322_0,65.0,68.09,59.49,59.15
102224102_25543508_0,60.0,68.75,58.84,58.05
102224102_25543559_0,60.0,68.75,57.72,57.68
102224102_430803919_0,60.0,68.51,63.63,56.95
102224825_25543530_0,65.0,75.5,67.15,68.45
102228605_102229836_0,60.0,64.02,56.77,58.4
102228605_1281605647_0,65.0,63.47,56.85,56.7
102228606_2700518154_0,65.0,62.45,59.63,56.8
102228606_102228605_0,60.0,64.35,59.26,57.15
102228938_258890776_0,65.0,63.37,60.16,57.55
102228938_9372852942_0,65.0,63.94,59.28,58.8
102228939_258890042_0,65.0,63.11,55.95,58.0
102228939_102229314_0,65.0,65.42,56.97,56.7
102229314_257356213_0,65.0,65.61,61.51,56.55
102229832_598281600_0,65.0,69.77,61.82,67.7
102229836_2470860001_0,65.0,65.84,55.7,56.9
102229836_102231613_0,60.0,64.92,52.23,57.9
102230157_306415032_0,60.0,62.39,56.21,56.9
102230648_258889210_0,65.0,63.12,54.52,57.15
102230648_257898623_0,65.0,62.83,57.21,58.6
102231587_206145285_0,65.0,67.27,70.15,66.75
102231587_258889210_0,65.0,64.37,63.58,64.0
102231587_102229832_0,65.0,69.42,64.46,66.75
102231613_1281605663_0,60.0,64.58,52.5,56.5
102231613_102229836_0,60.0,64.92,52.23,57.9
102233671_1272557763_0,60.0,73.53,58.74,59.65
102233671_727410012_0,60.0,73.66,63.77,59.1
102236087_5252352955_0,65.0,73.76,66.24,64.95
102236087_2152998318_0,65.0,75.72,66.45,64.0
102236087_2209718107_0,65.0,74.7,64.65,63.0
102236303_4054637859_0,65.0,72.46,63.48,60.8
102236303_2152998319_0,65.0,72.11,61.48,58.7
102239743_102240412_0,60.0,66.97,56.25,57.55
102239743_250328260_0,65.0,69.87,58.53,59.15
102239743_1367027621_0,60.0,69.8,58.23,59.4
102239743_1367017436_0,65.0,70.5,58.27,59.4
102240023_2702724788_0,70.0,64.87,58.08,58.9
102240023_566145069_0,65.0,64.7,52.91,56.47
102240023_255895171_0,65.0,64.61,56.18,59.05
102240412_1245605364_0,60.0,65.94,58.73,57.48
102240412_1245605376_0,65.0,65.24,55.85,57.4
102240412_102239743_0,60.0,66.97,56.25,57.55
102240414_1367027686_0,60.0,67.3,59.15,61.75
102240417_5411147021_0,65.0,76.58,66.32,68.65
102240830_10536668680_0,65.0,68.79,58.75,59.8
102240830_102215711_0,65.0,68.97,59.29,58.75
102240830_25543508_0,65.0,69.72,61.19,59.95
102251009_102240414_0,65.0,66.2,57.67,56.8
102253464_2406966016_0,65.0,71.46,66.19,62.95
102253464_432441441_0,65.0,72.08,64.25,61.22
102253467_2714782037_0,60.0,67.25,61.03,59.75
102277643_102219159_0,65.0,71.65,59.58,62.55
102277643_480709539_0,65.0,69.13,56.35,58.52
102277684_1251181334_0,65.0,72.79,64.92,63.42
102277684_1251157216_0,70.0,70.06,62.35,60.85
102277769_206173571_0,65.0,64.63,49.69,50.8
102510307_2716231007_0,55.0,77.9,61.94,60.6
102510311_101534880_0,60.0,76.5,63.06,60.7
102510311_102510307_0,55.0,78.14,61.42,60.35
102510312_102510311_0,60.0,77.09,62.59,60.7
102510352_351923834_0,60.0,73.44,58.84,58.3
102750737_21226547_0,60.0,71.67,63.72,64.4
102750737_1253869910_0,55.0,71.86,57.22,60.6
114306900_29765455_0,65.0,71.15,62.9,63.65
114306900_29797338_0,65.0,70.78,62.44,63.25
114306900_258170037_0,65.0,70.9,61.15,63.15
114306900_27551117_0,65.0,71.5,61.72,63.1
114306901_345314075_0,65.0,76.35,71.63,70.8
114306901_114306902_0,65.0,75.74,68.61,68.85
114306901_517358919_0,65.0,72.35,67.99,68.15
114306902_205742369_0,65.0,73.28,68.59,67.8
114306902_205744875_0,65.0,77.04,68.88,69.6
114306902_114306901_0,65.0,75.74,68.61,68.85
114310720_727410026_0,60.0,73.73,59.47,59.08
114310721_102200056_0,60.0,70.89,62.25,59.6
114310724_101535381_0,60.0,71.76,56.55,58.85
114310724_102203870_0,60.0,70.0,55.28,58.9
114310724_102203252_0,60.0,72.09,59.2,60.35
114310868_262505431_0,65.0,64.46,58.82,62.27
114310868_306997530_0,65.0,64.03,62.41,59.35
114310868_2779757673_0,65.0,67.88,57.95,60.85
114310868_2779757671_0,65.0,68.37,58.89,63.55
114310886_262505337_0,65.0,73.79,64.23,68.25
114317128_1279480960_0,65.0,68.4,66.68,65.35
114317128_269792773_0,65.0,66.26,64.04,63.75
114317128_344804869_0,65.0,69.18,64.21,64.47
114317181_139264778_0,65.0,61.37,64.38,63.15
114317201_260094595_0,65.0,60.41,63.47,58.25
114317241_1584826190_0,65.0,61.56,60.66,59.45
114317241_3877994959_0,60.0,62.8,61.31,60.25
114317241_260094570_0,65.0,62.14,64.95,62.4
114317300_114317310_0,60.0,67.81,63.64,63.4
114317300_10543376263_0,65.0,70.5,62.79,64.4
114317310_1251664594_0,60.0,66.45,60.55,63.75
114317310_1277284758_0,65.0,67.41,61.8,63.9
114317320_10543156044_0,60.0,62.34,58.81,58.5
114317320_114317327_0,65.0,66.37,59.81,62.95
114317327_95771085_0,60.0,62.26,58.54,59.6
114317327_1588766948_0,65.0,63.41,61.32,59.15
114319637_309671252_0,65.0,75.11,65.24,68.65
114319637_114319655_0,65.0,72.08,65.43,66.65
114319645_114319637_0,65.0,74.56,64.86,68.9
114319655_25543549_0,65.0,69.75,63.12,61.15
114323991_90593923_0,65.0,65.58,54.99,54.0
114323991_21458590_0,65.0,67.39,62.83,59.8
114323991_11182853589_0,60.0,66.83,54.95,58.6
114329059_114329115_0,65.0,71.04,60.74,62.8
114329059_21226044_0,65.0,72.36,63.5,64.75
114329115_21226170_0,65.0,71.72,61.66,63.8
114336661_114336671_0,65.0,65.91,64.2,62.1
114336661_29137453_0,65.0,65.69,58.77,58.15
114336661_29137452_0,60.0,66.17,56.3,55.2
114336671_255323409_0,65.0,73.02,69.66,69.65
114343995_569784538_0,65.0,65.2,62.22,60.95
114343995_24576329_0,60.0,63.0,58.42,58.8
114354737_727410021_0,55.0,70.18,58.14,57.35
114354737_349896366_0,60.0,70.69,60.69,57.65
115595341_153566034_0,65.0,59.02,53.91,55.75
115595341_1261889401_0,65.0,58.88,51.4,54.5
127696234_25543896_0,65.0,78.33,70.87,67.45
127696234_5252352955_0,65.0,74.12,67.7,65.75
127696305_2608167292_0,65.0,77.1,67.07,68.05
127696305_2714776988_0,65.0,75.69,63.23,67.5
127696310_2173540942_0,65.0,71.06,62.0,62.25
127696310_250287947_0,65.0,70.78,59.38,60.88
127718923_2703068227_0,60.0,64.68,57.17,57.35
127718923_4064369865_0,60.0,64.02,55.94,56.75
127718967_1417001100_0,60.0,70.36,65.86,66.5
127718967_1271169049_0,60.0,66.3,62.44,63.7
127718967_871600536_0,65.0,71.32,65.66,68.05
127722271_127814152_0,65.0,76.04,66.56,70.0
127722271_432804943_0,65.0,71.86,65.36,68.45
127814124_262977812_0,65.0,65.94,55.02,54.45
127814124_1942795230_0,65.0,67.01,64.71,62.1
127814147_597406854_0,65.0,72.72,64.1,68.75
127814147_127814157_0,65.0,74.44,69.82,70.45
127814152_127814147_0,65.0,75.3,67.72,70.5
127814152_597406901_0,65.0,74.21,66.42,68.25
127814157_127722271_0,65.0,76.02,69.87,70.4
127814157_871600537_0,65.0,75.12,67.08,70.05
130850407_253309968_0,60.0,55.58,48.4,49.5
130852590_250163644_0,60.0,57.19,52.67,54.85
130852590_309100912_0,55.0,58.45,52.57,51.95
130852590_309100916_0,60.0,57.52,50.28,52.55
135868795_909096392_0,65.0,58.07,60.12,55.05
135868812_249782146_0,65.0,57.22,55.24,54.8
135868812_250151561_0,65.0,57.48,58.22,55.1
135868815_250151736_0,65.0,57.56,50.85,53.7
135868849_282358574_0,70.0,61.72,57.44,58.95
135868849_250152880_0,65.0,62.18,58.5,60.94
135876363_246815936_0,65.0,68.03,64.23,65.5
135876363_247056170_0,65.0,69.5,62.48,66.7
135876363_139176102_0,65.0,71.98,62.16,67.8
135876369_2704118613_0,65.0,66.6,65.7,63.13
135876369_135876374_0,65.0,69.24,63.78,61.85
135876374_309006089_0,65.0,71.05,62.01,61.85
135876374_96886739_0,65.0,72.34,64.25,61.7
135876384_135876419_0,65.0,69.98,62.05,62.95
135876384_244208071_0,65.0,69.52,66.95,62.4
135876419_244208071_0,65.0,69.64,66.4,62.45
135876419_787822266_0,65.0,68.42,63.76,64.0
135879479_259849972_0,60.0,62.5,60.88,59.6
135879479_247056174_0,60.0,63.25,57.12,59.35
135879479_2533452131_0,60.0,62.35,58.59,61.7
137112311_2634929400_0,65.0,66.8,54.17,56.15
137112311_267403667_0,65.0,66.77,52.72,55.6
137112311_2796755374_0,60.0,67.31,53.59,56.11
137112311_2796690046_0,65.0,68.25,53.27,55.2
139176102_223444070_0,65.0,67.75,62.02,65.25
139176102_135876363_0,65.0,71.98,62.16,67.8
139176102_250291805_0,65.0,71.16,64.94,67.6
139248016_3786057234_0,65.0,74.9,66.02,67.4
139257685_250748406_0,65.0,67.0,68.44,67.4
139261570_139262340_0,60.0,68.98,64.0,65.15
139261570_252635778_0,65.0,71.85,63.46,64.75
139262340_3448551014_0,60.0,65.61,61.64,63.75
139262341_1251659576_0,60.0,65.25,61.47,59.55
139262341_12639825005_0,60.0,62.88,62.37,61.65
139264778_251289218_0,65.0,59.99,60.03,62.3
139264778_114317201_0,65.0,60.64,66.13,61.7
139264778_929810815_0,65.0,59.84,63.42,59.35
141499796_154780179_0,65.0,65.73,58.29,59.95
151407015_151407024_0,65.0,62.45,54.37,61.8
151407024_1108957932_0,65.0,64.3,49.27,61.3
151407147_10001208204_0,65.0,64.17,53.1,61.4
151407147_2566633454_0,65.0,59.32,60.34,61.75
151407166_259786168_0,65.0,55.78,50.65,57.1
151407166_1108887423_0,65.0,60.65,48.3,58.63
151407166_151407015_0,65.0,63.7,50.73,60.53
151411147_31367765_0,60.0,64.82,59.21,59.5
151411158_151411168_0,65.0,65.04,61.91,59.35
151411158_359460441_0,65.0,66.36,60.68,62.55
151411158_2305210638_0,65.0,67.06,60.0,61.95
151411168_151411147_0,65.0,64.16,56.65,59.4
152196342_567851256_0,65.0,66.38,59.57,63.26
152196342_389532761_0,65.0,65.86,57.84,62.75
152196342_21226150_0,65.0,67.03,64.65,65.5
152379052_151407147_0,65.0,63.51,60.39,63.47
153558266_153558269_0,65.0,58.82,51.26,54.4
153558266_2915929270_0,65.0,59.2,53.34,52.4
153558269_1804973814_0,65.0,58.93,48.2,53.95
153558269_153558266_0,65.0,58.87,50.39,54.4
153561901_13919646_0,65.0,66.4,63.56,62.0
153561901_305140504_0,65.0,61.71,63.58,60.3
153561901_153566712_0,65.0,61.82,64.59,60.33
153561902_2739064996_0,65.0,61.12,54.08,56.0
153561902_2739069924_0,65.0,60.74,57.58,56.8
153561904_392260998_0,65.0,59.5,55.98,57.98
153561904_2060552767_0,65.0,58.89,56.56,52.68
153566034_115595341_0,65.0,59.02,53.91,55.75
153566034_304984163_0,65.0,59.35,54.17,55.85
153566034_153566712_0,65.0,59.76,55.46,56.25
153566034_304984160_0,65.0,59.42,53.65,56.15
153566712_78476361_0,65.0,60.42,56.9,55.55
153566712_153561901_0,65.0,61.82,64.59,60.33
154772874_2491530964_0,60.0,64.81,58.8,57.45
154772874_141499796_0,65.0,65.27,58.78,59.35
154773100_2488582283_0,60.0,67.05,64.42,60.65
154775190_154775191_0,65.0,62.56,56.36,51.85
154775191_309663774_0,65.0,62.62,56.44,55.85
154775191_154775192_0,65.0,62.33,53.77,55.45
154775192_154775984_0,65.0,62.71,57.51,55.45
154775192_154777183_0,65.0,62.33,58.31,54.55
154775192_21293709_0,65.0,63.19,60.96,60.12
154775984_154772874_0,60.0,63.83,59.21,56.45
154777183_154775984_0,65.0,63.14,56.26,55.55
154780178_309663774_0,65.0,63.48,57.63,56.85
154780178_154775190_0,65.0,62.96,58.61,56.1
154780179_8194481709_0,65.0,64.1,57.75,58.85
154780179_91560022_0,65.0,65.71,56.89,61.0
154780179_1538544073_0,65.0,66.08,59.01,59.48
154783233_1538545379_0,65.0,64.77,59.2,60.4
154783233_1485009472_0,65.0,65.79,62.15,61.65
154783235_154783233_0,65.0,64.36,59.59,60.05
154783235_53758470_0,65.0,64.27,61.82,61.15
168374865_168375250_0,65.0,60.4,57.23,56.7
168374865_90597059_0,65.0,66.48,60.43,64.05
168375250_168375627_0,65.0,60.21,55.73,57.15
168375627_305140504_0,65.0,60.26,54.79,54.35
168375627_29749838_0,65.0,60.32,54.9,54.6
168375627_13919646_0,65.0,61.8,60.62,59.9
169686413_248460656_0,65.0,61.47,57.97,56.8
169686413_29749836_0,65.0,61.77,59.39,58.55
169686413_31367748_0,65.0,62.54,60.35,59.85
169693523_169694475_0,65.0,65.19,62.59,61.6
169693523_285092984_0,65.0,68.82,65.42,62.25
169693523_13919649_0,65.0,64.9,59.79,61.65
169694475_246989938_0,65.0,64.51,61.64,60.2
169694476_13919749_0,65.0,66.38,61.34,61.2
169694476_2799694229_0,65.0,66.47,62.51,62.3
169694476_243908536_0,65.0,65.16,60.85,60.3
169694476_31367763_0,65.0,64.08,60.69,60.15
169694477_246991594_0,65.0,70.96,63.21,64.6
169694477_13598756_0,65.0,69.61,62.99,64.2
169694616_169694475_0,65.0,63.81,60.53,60.75
169694616_285092984_0,65.0,65.24,62.57,62.45
171206283_560429704_0,65.0,54.29,52.89,57.85
171206283_2764334440_0,65.0,60.49,56.38,57.73
171206283_3624932129_0,65.0,60.36,61.45,66.7
171206293_2571094821_0,60.0,62.43,63.44,65.15
171206293_343485128_0,60.0,66.5,61.19,68.5
171206293_2571094822_0,60.0,68.41,61.52,68.75
171206295_1728244056_0,65.0,67.65,62.48,66.8
171206295_255895531_0,60.0,65.93,60.68,64.85
173034991_2700658128_0,65.0,70.48,60.97,60.5
173037199_2268397685_0,65.0,70.41,60.97,55.65
173041653_2786316665_0,70.0,70.01,59.08,58.7
173041653_2786316730_0,70.0,68.71,57.55,58.55
175969702_255193506_0,60.0,64.2,62.1,59.8
175969702_495985869_0,60.0,63.25,60.71,59.25
175969702_251745285_0,60.0,63.57,57.9,59.9
175971288_251745286_0,65.0,64.0,63.65,63.85
175971288_1851687426_0,65.0,65.9,64.54,65.3
175971288_655274410_0,65.0,65.5,62.46,61.3
175971288_175975659_0,65.0,63.94,61.48,63.75
175971289_175975659_0,60.0,63.14,59.96,61.45
175971289_249586563_0,65.0,62.66,59.58,61.55
175971289_393856104_0,60.0,62.3,59.85,59.4
175971291_234725659_0,65.0,62.39,59.8,61.15
175973026_504582282_0,65.0,62.15,58.44,57.6
175973026_175973028_0,65.0,62.56,57.78,59.83
175973028_175975658_0,60.0,62.63,58.22,58.65
175973028_655274027_0,65.0,64.43,57.48,58.93
175975658_175975659_0,60.0,62.88,61.09,59.65
175975659_175971289_0,60.0,63.14,59.96,61.45
175975659_175971288_0,65.0,63.94,61.48,63.75
205694963_2702299898_0,65.0,66.86,59.63,60.5
205694963_1942841565_0,65.0,66.91,62.73,62.15
205694967_205694968_0,65.0,65.49,61.19,62.95
205694968_257897060_0,65.0,65.89,59.69,63.15
205694968_205694969_0,65.0,65.52,59.2,62.4
205694969_257897101_0,60.0,65.47,57.37,60.95
205694969_241469521_0,60.0,66.34,58.14,63.55
205694970_2702311811_0,60.0,68.27,63.14,61.9
205694970_2702299898_0,65.0,66.5,58.13,61.5
205694970_259982474_0,65.0,65.86,61.74,60.75
205694970_257897101_0,65.0,67.41,60.19,61.3
205696203_1735811632_0,65.0,65.69,63.42,59.15
205696203_259982777_0,65.0,69.11,64.78,60.15
205696203_3610861130_0,65.0,66.46,64.71,60.05
205732033_308843200_0,60.0,66.27,63.31,62.85
205732033_205732307_0,65.0,66.58,62.62,62.75
205732033_258154619_0,60.0,69.6,60.7,62.4
205732307_273097008_0,60.0,66.11,62.74,61.85
205732307_244300358_0,60.0,68.03,62.19,61.8
205732502_27551112_0,65.0,69.27,61.59,62.65
205732502_205732578_0,65.0,69.38,64.37,64.45
205732578_205732033_0,65.0,68.69,61.42,62.95
205732578_308843201_0,60.0,67.09,60.2,63.25
205735065_2638359956_0,65.0,75.1,65.12,68.85
205735065_258157344_0,65.0,69.26,64.59,66.25
205735070_114319637_0,65.0,71.57,64.16,67.15
205735070_499565252_0,65.0,73.71,62.41,68.35
205737741_260134305_0,65.0,64.24,58.05,57.65
205737741_205737742_0,65.0,67.34,58.88,62.3
205737742_273977892_0,65.0,70.22,65.4,64.5
205737742_260134306_0,65.0,65.39,58.03,60.57
205737742_783764787_0,65.0,65.85,60.51,61.37
205737748_273097275_0,65.0,62.74,55.3,57.05
205737749_251755102_0,65.0,63.82,58.75,57.75
205737749_205737748_0,65.0,63.03,57.65,58.35
205737750_205737749_0,65.0,63.51,59.55,58.87
205737751_205737750_0,65.0,64.11,65.03,64.35
205737753_205737751_0,65.0,67.58,67.4,65.7
205737753_535495566_0,65.0,73.97,69.24,69.7
205738822_21226007_0,65.0,71.3,64.64,67.45
205738822_205742363_0,65.0,64.72,58.15,60.4
205742363_273097929_0,65.0,64.63,60.82,58.1
205742363_205738822_0,65.0,64.72,58.15,60.4
205742363_2325709145_0,60.0,64.75,56.1,57.85
205742369_114306902_0,65.0,73.28,68.59,67.8
205742369_2632468950_0,65.0,72.69,62.19,62.9
205742369_275585448_0,65.0,68.87,62.76,63.9
205742369_205744874_0,65.0,68.95,63.15,63.9
205742372_21226130_0,65.0,67.75,60.28,62.67
205742372_205742374_0,65.0,67.3,58.71,62.4
205742372_273098151_0,60.0,66.69,58.66,58.8
205742374_536653663_0,60.0,67.68,60.53,64.2
205742374_205742372_0,65.0,67.3,58.71,62.4
205742374_9511343510_0,65.0,68.78,59.22,61.4
205742374_2690531299_0,65.0,69.05,58.19,64.1
205742377_205742379_0,60.0,64.95,64.54,63.85
205742379_535495568_0,65.0,65.64,65.6,65.45
205742379_205742380_0,65.0,67.64,63.31,65.35
205742380_2282177927_0,65.0,71.43,65.48,68.6
205744874_273098151_0,65.0,67.14,57.95,61.57
205744874_205744875_0,65.0,69.33,64.97,65.8
205744874_205742369_0,65.0,68.95,63.15,63.9
205744875_205744877_0,65.0,71.7,67.26,66.75
205744875_273098194_0,65.0,75.02,66.67,68.85
205744877_114306901_0,65.0,76.3,71.2,70.75
205744877_2701112369_0,60.0,68.44,66.95,66.05
205746148_250327683_0,65.0,70.43,63.43,62.35
205746148_567863080_0,65.0,66.26,55.66,57.55
205746148_674813196_0,65.0,67.22,56.88,58.1
205746149_262698796_0,65.0,72.65,60.18,62.55
205746149_363911337_0,65.0,69.11,58.03,62.3
205746149_265742660_0,65.0,69.56,56.48,59.4
205748236_9587594421_0,55.0,64.54,57.07,60.6
205748236_2701614261_0,55.0,61.49,57.84,60.2
205748236_206146658_0,55.0,65.44,57.5,60.88
205749469_9511205997_0,55.0,64.32,58.97,58.2
205749470_205749471_0,55.0,65.04,59.67,57.1
205749471_250826846_0,55.0,63.65,59.5,57.1
205749471_2696461252_0,55.0,65.06,60.07,57.0
206143962_114317300_0,65.0,65.26,62.01,64.85
206144052_242937155_0,65.0,63.29,56.58,58.65
206144052_2614751149_0,60.0,63.26,58.27,58.85
206144093_475948959_0,65.0,69.22,60.75,64.8
206144093_206144095_0,65.0,70.46,59.36,64.95
206144095_31012773_0,65.0,72.4,60.08,66.3
206144095_206144164_0,65.0,70.26,60.78,64.65
206144162_252631066_0,65.0,67.75,61.65,63.3
206144162_6411055640_0,65.0,68.74,59.15,62.95
206144164_306427886_0,65.0,65.93,63.73,62.0
206144164_206144165_0,65.0,69.84,60.7,62.05
206144165_206144166_0,65.0,70.34,59.64,60.35
206144166_251566732_0,65.0,66.84,64.57,61.75
206144166_6629903100_0,65.0,72.72,59.7,61.45
206144168_309624083_0,65.0,70.25,60.93,63.6
206144168_1171155363_0,65.0,77.13,62.93,63.57
206144205_251565226_0,65.0,65.95,60.7,61.1
206144205_2535438965_0,65.0,69.47,61.3,61.35
206144234_31012772_0,65.0,74.52,62.3,63.15
206144491_2915807145_0,65.0,79.13,63.02,66.0
206144491_582642231_0,65.0,72.91,65.24,64.85
206144566_2549436299_0,65.0,67.56,65.64,63.9
206144566_269354354_0,65.0,72.68,64.17,61.9
206144566_582642212_0,65.0,72.1,63.74,62.3
206144635_245053489_0,65.0,66.75,59.87,59.75
206144635_306426497_0,65.0,65.98,58.88,60.5
206144635_206144636_0,65.0,65.75,56.78,58.75
206144636_245053488_0,65.0,66.2,58.84,60.75
206144636_251698295_0,65.0,65.65,59.93,60.3
206144638_96891774_0,65.0,69.09,62.78,62.55
206144638_96891756_0,65.0,74.33,63.14,67.1
206144638_9470916476_0,60.0,75.65,69.07,66.0
206144668_253242307_0,65.0,66.34,58.55,64.1
206144668_258052620_0,65.0,66.62,64.07,65.7
206144668_481385788_0,65.0,66.62,60.49,64.7
206144669_31013271_0,65.0,72.25,65.31,66.6
206144669_206144670_0,65.0,71.85,65.52,67.3
206144670_258052093_0,65.0,72.93,68.26,68.55
206145062_345288112_0,65.0,72.16,67.22,69.1
206145062_258174946_0,65.0,68.06,70.97,66.1
206145063_306427873_0,65.0,66.07,63.16,64.15
206145063_258174469_0,65.0,71.12,63.98,68.5
206145273_2907294443_0,65.0,73.72,70.51,69.7
206145281_250328831_0,65.0,63.76,57.93,61.9
206145281_320363900_0,65.0,64.65,59.67,62.35
206145281_250327611_0,60.0,69.23,56.94,61.35
206145283_257356212_0,65.0,69.73,65.37,68.45
206145283_306419189_0,65.0,62.36,56.09,59.8
206145284_206145285_0,65.0,69.52,65.29,67.9
206145284_2330779332_0,65.0,64.69,63.05,61.5
206145285_102231587_0,65.0,67.27,70.15,66.75
206145285_2907294443_0,65.0,70.29,68.01,68.7
206146391_256985156_0,55.0,66.16,58.94,61.2
206146391_2934287651_0,55.0,66.22,59.52,62.18
206146391_206146658_0,55.0,70.12,63.15,62.48
206146658_2614546118_0,55.0,66.43,59.43,61.32
206146658_206146391_0,55.0,70.12,63.15,62.48
206146658_205748236_0,55.0,65.44,57.5,60.92
206146662_1847085554_0,65.0,64.59,61.32,61.99
206146662_2701873211_0,60.0,65.45,63.03,61.05
206146662_504663228_0,65.0,66.17,58.72,61.85
206146811_256985162_0,60.0,65.98,56.11,60.8
206146811_11070778551_0,60.0,66.51,62.65,61.3
206146811_2614544863_0,60.0,65.12,58.2,61.18
206146812_206146391_0,55.0,66.52,58.32,62.28
206146836_244522102_0,60.0,66.12,63.56,64.8
206146836_206146959_0,65.0,68.21,59.5,64.45
206146836_232820237_0,60.0,66.58,62.25,61.7
206146959_206146836_0,65.0,68.21,59.5,64.45
206146959_296625285_0,65.0,66.71,59.62,65.0
206146960_232820237_0,65.0,71.54,62.91,63.25
206146960_206146959_0,65.0,67.4,62.66,62.35
206146961_1722395908_0,60.0,71.49,63.68,63.2
206146961_1839136762_0,60.0,66.08,60.47,59.95
206147109_273985635_0,60.0,64.62,59.86,59.85
206147109_273982895_0,65.0,69.68,63.05,62.8
206147109_2653901148_0,60.0,65.77,63.69,63.1
206147119_9873875177_0,65.0,60.94,58.21,58.8
206147134_1665262469_0,65.0,65.47,62.22,58.7
206173571_6298994308_0,65.0,66.13,68.41,65.5
206174306_27551132_0,55.0,63.35,58.93,56.1
206174306_250828632_0,55.0,63.27,54.61,55.37
206174306_250826846_0,55.0,63.37,57.93,55.95
206175280_344667115_0,55.0,59.1,50.9,51.85
206175280_2701614261_0,55.0,58.86,51.43,54.5
206175280_1492499679_0,55.0,59.07,52.11,55.65
206175956_232825360_0,65.0,70.96,62.44,63.8
206175956_27551129_0,65.0,74.41,63.61,64.57
206175956_2781060418_0,65.0,70.6,61.23,62.7
206175965_2289308756_0,60.0,74.27,64.01,64.05
206175965_2533496844_0,65.0,72.52,64.27,63.75
206175975_2714249071_0,65.0,72.7,63.27,64.4
206175975_2703054437_0,65.0,72.05,61.22,62.5
206176491_2702771660_0,65.0,69.2,62.42,60.45
206176492_255192944_0,65.0,67.28,61.91,62.5
206176492_286311975_0,65.0,69.26,60.84,63.4
206176492_256501199_0,65.0,66.44,61.01,61.75
206176495_207135879_0,65.0,70.57,62.4,62.4
206176495_2614492907_0,65.0,68.14,60.27,61.75
206176495_504582282_0,65.0,63.52,60.77,58.89
206176497_255192645_0,65.0,63.5,61.53,57.35
206176497_2025005580_0,65.0,63.37,61.17,59.35
206177104_206177208_0,65.0,67.17,59.01,61.15
206177104_439183366_0,65.0,72.97,59.41,62.55
206177208_206177209_0,65.0,66.2,57.31,60.0
206177208_1460519081_0,65.0,66.65,59.06,61.75
206177209_255895171_0,65.0,65.46,56.34,59.15
206177209_1460519081_0,65.0,66.17,57.58,60.05
206391888_13229923005_0,65.0,70.28,64.85,63.3
206391888_207141124_0,65.0,67.25,61.8,63.55
207121074_207121088_0,65.0,61.02,58.46,59.25
207121074_2770547481_0,65.0,63.07,58.38,61.58
207121094_2770547481_0,65.0,60.73,57.47,59.4
207121124_31011262_0,65.0,67.41,61.32,62.1
207121124_2770632691_0,65.0,66.78,59.33,60.8
207121153_2665624762_0,60.0,60.36,60.08,58.25
207121291_1561732864_0,60.0,56.36,58.31,53.45
207121302_1561732902_0,60.0,59.64,52.81,55.25
207121302_2665624762_0,60.0,60.37,55.42,56.5
207129978_250951333_0,60.0,57.61,49.33,52.05
207129978_207131235_0,60.0,58.13,50.3,54.3
207131235_1483706483_0,60.0,60.05,55.38,56.65
207131235_207129978_0,60.0,58.14,50.12,54.15
207134106_207134108_0,65.0,58.98,59.61,56.95
207134108_1935868529_0,65.0,59.4,62.0,58.1
207134108_264671366_0,65.0,58.31,61.28,58.1
207135879_206176495_0,65.0,70.57,62.4,62.4
207135879_251745287_0,65.0,66.49,60.86,60.9
207135879_655274410_0,65.0,69.32,61.55,62.25
207141124_2614484399_0,65.0,68.05,61.03,63.7
207141124_206391888_0,65.0,67.25,61.8,63.55
223444070_240832800_0,60.0,65.99,61.77,63.65
223444070_139176102_0,65.0,67.75,62.02,65.25
223444070_250196660_0,65.0,65.49,66.89,66.25
223453443_1171087836_0,65.0,65.16,56.38,63.8
229620131_229620140_0,65.0,63.44,57.49,60.75
229620131_223444070_0,65.0,63.43,61.04,65.65
229620140_139176102_0,65.0,69.48,62.88,66.9
232814347_2494994072_0,65.0,74.69,68.37,70.25
232814347_258052209_0,65.0,66.51,62.67,61.7
232820237_232820244_0,65.0,68.9,60.89,63.55
232820237_232820239_0,65.0,69.84,63.52,63.95
232820239_232820241_0,65.0,70.15,62.85,63.35
232820241_232820244_0,60.0,68.74,62.9,64.0
232820241_357240983_0,65.0,66.21,62.63,62.95
232820244_206146961_0,65.0,69.91,62.87,63.8
232820244_357240985_0,60.0,66.46,60.82,62.9
232820447_5434288674_0,65.0,72.08,61.61,62.6
232820991_306377053_0,65.0,76.18,71.03,68.85
232820991_832846978_0,65.0,77.61,70.49,69.8
232822668_206175956_0,65.0,70.52,64.33,64.3
232822668_2698680820_0,65.0,70.34,63.75,63.05
232822670_27551131_0,60.0,66.03,59.75,62.15
232822670_232822668_0,65.0,70.64,63.23,62.8
232822671_471847460_0,60.0,64.78,60.78,57.85
232822671_253234445_0,60.0,64.37,59.24,58.05
232825354_258073611_0,65.0,65.98,58.79,62.7
232825359_27551129_0,65.0,71.16,63.87,64.25
232825359_2698680803_0,65.0,70.51,62.9,63.25
232825360_258076032_0,65.0,67.45,62.64,63.5
232825360_232825359_0,65.0,70.6,63.13,63.3
232825361_258053231_0,65.0,66.48,60.05,61.65
232836838_258163081_0,60.0,64.29,56.9,58.4
232836838_258161575_0,60.0,64.06,56.25,56.95
232838336_269349445_0,60.0,67.21,60.84,62.4
232839154_1143755631_0,65.0,67.38,57.19,58.85
232839154_269354354_0,65.0,72.08,64.66,61.9
232839154_314610268_0,65.0,69.82,58.68,58.95
232851084_1938093358_0,65.0,69.93,60.4,64.7
232851088_232851084_0,65.0,68.0,57.15,63.05
232851088_27552411_0,65.0,66.81,56.72,62.55
232851088_2944545696_0,60.0,66.27,60.7,62.2
232851092_232851088_0,65.0,67.65,59.53,64.3
232851092_2610501061_0,65.0,68.72,59.88,61.15
232852364_252237087_0,65.0,66.01,63.29,64.1
232852364_252235547_0,65.0,66.71,61.93,63.4
232852364_258174467_0,65.0,66.28,61.73,64.8
232852894_252237079_0,60.0,65.77,59.03,64.85
232852894_273098652_0,60.0,66.32,61.72,65.15
232852894_252237087_0,60.0,65.66,59.58,65.1
232852894_273098629_0,60.0,65.53,61.07,64.45
232852901_2781141777_0,65.0,72.36,65.33,63.75
232852901_2781141780_0,65.0,70.68,65.24,64.35
232852901_1938093378_0,65.0,70.81,65.21,64.5
232853494_252237079_0,65.0,66.58,57.46,65.3
232853494_252237084_0,65.0,65.24,60.26,62.8
232853494_3911250732_0,60.0,67.91,63.01,63.75
232855765_258393988_0,65.0,69.22,60.91,64.25
232855765_21226515_0,65.0,69.65,60.19,65.25
232855776_232855765_0,65.0,69.3,60.91,64.4
232855776_2606300219_0,65.0,70.59,60.19,64.85
232855786_5305417544_0,65.0,76.13,67.03,65.95
232855786_1856296904_0,65.0,73.73,64.19,66.1
232855786_306424257_0,65.0,74.69,68.43,65.85
232855799_306426507_0,65.0,63.15,61.46,62.15
232855799_306427877_0,65.0,65.48,62.71,59.2
232856404_2606300219_0,65.0,68.3,63.76,64.5
232856404_232855776_0,65.0,69.36,61.45,64.15
232868021_6452588900_0,65.0,64.26,64.69,60.75
232868021_232868023_0,65.0,68.0,60.75,63.75
232868023_539454670_0,65.0,72.21,62.72,66.25
232868023_304775620_0,65.0,69.43,62.86,65.7
232879844_24576291_0,65.0,66.92,62.87,59.6
232879844_21389421_0,65.0,68.7,66.08,63.6
232880166_232881506_0,60.0,65.8,56.71,56.35
232880166_232879844_0,60.0,65.7,63.56,58.3
232881506_29137373_0,60.0,65.56,60.31,56.45
232882598_232882607_0,65.0,63.18,54.58,60.95
232882598_229620140_0,65.0,69.26,59.08,63.15
232882607_229620131_0,65.0,63.03,57.82,63.95
232882607_321990635_0,60.0,61.71,56.89,60.85
232886575_12719098165_0,65.0,70.09,65.32,63.1
232886575_29137369_0,65.0,67.76,63.21,62.85
232886575_5360549547_0,65.0,66.51,60.16,55.35
232886575_21555669_0,65.0,70.69,64.56,62.7
232890306_21458594_0,65.0,70.76,60.37,57.65
232890306_1941210489_0,65.0,71.15,60.18,60.05
232890306_338806022_0,65.0,69.0,60.81,56.75
232896346_1502807853_0,65.0,69.83,58.31,59.5
232901823_344514735_0,65.0,63.81,47.66,50.42
234685725_29137458_0,65.0,63.18,49.2,49.75
234706566_234707779_0,65.0,64.03,55.81,56.2
234706566_234709080_0,65.0,70.12,63.24,67.55
234707779_234709080_0,65.0,63.75,59.67,60.3
234707779_279124986_0,60.0,63.64,51.45,53.8
234707780_234708729_0,60.0,62.72,53.06,54.45
234707780_234707782_0,65.0,62.98,52.84,55.7
234707780_279124986_0,65.0,63.05,51.03,54.6
234707782_2781457750_0,60.0,63.54,50.81,52.65
234707782_234707780_0,65.0,62.98,52.84,55.7
234707784_335604896_0,60.0,62.41,55.75,54.55
234707784_335604896_1,60.0,62.06,54.61,53.4
234708729_31011269_0,60.0,61.78,54.47,54.65
234708729_234707780_0,60.0,62.72,53.06,54.45
234708738_234708729_0,65.0,61.7,54.44,54.5
234708738_31011269_0,60.0,61.82,54.79,54.6
234708738_279131726_0,65.0,62.01,58.15,58.82
234709080_279131344_0,65.0,67.32,62.51,65.85
234709080_31011038_0,65.0,69.88,61.55,68.35
234720687_234720688_0,65.0,65.74,63.46,58.65
234720687_535218096_0,65.0,68.95,62.93,59.65
234720687_308843203_0,65.0,67.95,61.86,62.0
234720688_273097333_0,60.0,65.0,61.7,64.1
234725308_524322445_0,65.0,64.37,61.92,59.75
234725308_2917530873_0,65.0,64.4,61.67,59.75
234725308_3455849698_0,65.0,64.03,61.93,60.15
234725659_9783566241_0,65.0,61.71,61.7,60.95
234727569_264638692_0,65.0,67.16,61.54,64.22
234727569_1930637784_0,65.0,62.9,61.18,61.43
234727569_2759209388_0,65.0,62.18,60.49,61.45
234727573_1499419556_0,65.0,61.24,58.54,58.95
234727573_1930637784_0,65.0,63.51,60.84,62.13
234727573_21293736_0,60.0,63.68,63.77,62.26
234729344_258054474_0,65.0,69.33,58.78,61.25
234729344_232836838_0,60.0,64.6,59.48,58.05
234729346_2645692103_0,65.0,66.58,65.13,61.6
234729346_1722395967_0,65.0,65.53,60.27,59.5
234731792_31013272_0,65.0,65.8,59.9,62.4
234731792_234729346_0,65.0,66.55,60.96,64.1
234731795_234731792_0,65.0,67.43,66.84,65.9
234731795_232814347_0,65.0,74.01,68.6,70.25
234732685_2542750817_0,60.0,67.65,61.96,63.6
234732685_306377052_0,65.0,67.37,61.17,62.0
234732685_96891756_0,65.0,70.58,63.82,63.75
234732685_2542750816_0,60.0,70.83,63.45,64.55
234735615_1931981424_0,65.0,64.26,59.02,59.5
234735615_251568388_0,65.0,64.52,69.46,62.65
234735828_306425826_0,65.0,63.33,56.65,58.5
234735828_252222901_0,65.0,65.65,65.17,63.3
235571100_2703189319_0,60.0,64.4,63.81,60.25
235571100_235571125_0,60.0,62.31,59.86,60.5
235571100_240832800_0,60.0,64.62,61.13,60.4
235571125_274800257_0,60.0,61.95,55.7,59.9
235571224_235571262_0,60.0,61.98,61.57,60.7
235571224_9530192689_0,60.0,62.15,63.47,60.75
235571262_1171087836_0,65.0,64.02,60.46,63.5
235571262_9530192689_0,65.0,64.2,63.72,59.85
240591778_4368935433_0,65.0,60.83,56.1,56.92
240591778_2533468123_0,65.0,60.76,54.98,57.15
240591778_241019667_0,60.0,60.84,53.27,56.85
240591783_241019657_0,60.0,61.86,52.5,58.85
240591783_229620131_0,60.0,61.95,58.17,61.3
240591787_4368935433_0,60.0,60.4,54.62,56.98
240591787_2533462379_0,60.0,60.54,53.25,56.55
240591793_2533468123_0,65.0,60.74,52.86,57.1
240591793_31333361_0,65.0,61.06,53.58,56.0
240591814_2533462403_0,60.0,60.27,52.96,58.18
240591814_240591828_0,60.0,60.43,53.11,55.25
240591823_2533462403_0,60.0,60.25,53.92,57.4
240591823_240591828_0,60.0,60.17,53.26,57.35
240591828_240591787_0,60.0,60.33,54.88,55.35
240832749_249549357_0,60.0,60.85,52.79,58.28
240832749_240832793_0,60.0,60.85,55.74,59.41
240832749_240832762_0,60.0,60.81,53.64,57.85
240832762_1988318650_0,60.0,61.86,57.06,60.5
240832762_9530192699_0,60.0,60.87,54.67,57.45
240832793_240832749_0,60.0,60.85,55.74,59.41
240832793_243479234_0,60.0,61.24,56.72,59.37
240832793_243667951_0,60.0,60.43,56.67,59.96
240832800_223444070_0,60.0,65.99,61.77,63.65
240832800_240591783_0,60.0,62.5,59.95,61.1
240832800_235571100_0,60.0,64.62,61.13,60.4
241019657_274800257_0,60.0,61.64,53.52,58.15
241019657_241019662_0,60.0,61.77,53.34,58.1
241019662_241019672_0,60.0,61.34,54.56,59.12
241019667_241019662_0,60.0,61.24,55.83,57.9
241019667_321990635_0,60.0,60.89,53.32,57.6
241019672_240591783_0,60.0,61.84,53.8,59.09
241468254_241468255_0,65.0,71.1,66.09,66.7
241468255_27552353_0,65.0,74.61,70.57,67.75
241468255_1736732463_0,65.0,74.72,68.46,68.05
241468354_1915632562_0,65.0,71.72,66.25,67.05
241468354_241468255_0,65.0,78.21,69.22,67.65
241468486_250809677_0,65.0,66.78,61.47,61.15
241468632_257897054_0,65.0,73.48,71.18,67.2
241468632_9287919140_0,65.0,72.81,67.11,67.25
241468633_241468632_0,65.0,73.65,70.71,67.65
241468633_266380580_0,65.0,69.93,67.21,64.0
241468633_266380574_0,65.0,69.58,69.36,67.4
241469211_1736732469_0,65.0,66.8,63.52,65.25
241469324_241469211_0,65.0,66.21,57.73,58.4
241469324_257897068_0,60.0,65.32,57.2,59.35
241469355_241469324_0,60.0,66.6,63.98,64.2
241469424_430787420_0,65.0,67.33,64.75,62.75
241469424_3497485583_0,65.0,65.6,63.84,62.55
241469425_257897070_0,65.0,71.44,62.45,67.8
241469521_1993811468_0,65.0,68.48,62.47,63.65
241469521_9317575316_0,60.0,66.4,59.48,63.5
241469521_205694969_0,60.0,66.34,58.14,63.55
241469875_266384277_0,60.0,64.58,58.34,57.0
241469875_258035808_0,60.0,65.38,56.82,58.85
241469875_257897063_0,60.0,64.96,57.15,58.81
241469910_241469968_0,65.0,75.67,67.12,69.25
241469910_2704243447_0,65.0,68.29,65.95,66.35
241469968_432804943_0,65.0,69.29,67.15,66.45
241469968_430796542_0,65.0,70.88,65.11,67.55
241470728_479241928_0,65.0,66.72,61.14,60.89
241470728_1942874517_0,65.0,64.99,59.05,61.55
241474338_31509004_0,60.0,64.05,60.68,63.2
241474448_1938165328_0,60.0,66.95,63.36,65.7
241474448_1277284753_0,65.0,70.25,62.31,64.65
241474590_241474643_0,65.0,64.92,61.21,61.8
241474590_21227185_0,65.0,70.44,63.44,65.8
241474643_252631064_0,65.0,64.14,58.23,59.7
241474643_6411055657_0,65.0,65.71,61.83,62.2
241474644_241474645_0,60.0,62.97,60.39,58.6
241474644_252631064_0,65.0,63.34,59.73,58.6
241474645_252631061_0,60.0,62.06,57.56,55.9
241474645_3307148707_0,60.0,63.84,61.0,61.55
241474728_252635784_0,65.0,67.72,58.36,64.1
241474729_260484047_0,65.0,68.7,60.33,63.45
241474729_1725740892_0,65.0,71.22,61.35,64.05
241475060_1938165328_0,65.0,62.51,62.74,61.2
241475060_241475062_0,65.0,62.76,60.11,62.9
241475060_33197632_0,65.0,63.69,58.66,59.9
241475062_291897326_0,60.0,64.15,64.84,63.3
241475062_241475060_0,65.0,62.76,60.11,62.9
241475062_260094570_0,65.0,63.56,62.71,62.63
242937155_206144052_0,65.0,63.27,56.45,58.65
242937155_252637106_0,65.0,63.89,62.23,58.35
242937412_251568432_0,65.0,64.28,65.01,61.55
242937535_251629620_0,65.0,66.42,62.94,64.9
242937535_251563428_0,65.0,70.89,64.06,61.45
242937535_251630028_0,65.0,70.27,64.84,61.45
242937554_242938867_0,65.0,72.41,62.94,62.95
242937554_3844484305_0,65.0,73.19,64.97,63.15
242938125_27654259_0,60.0,69.05,61.17,63.6
242938125_574987348_0,60.0,67.66,61.58,64.7
242938660_1588766969_0,65.0,65.5,58.87,61.05
242938660_241474448_0,60.0,67.5,63.34,63.35
242938867_252231625_0,65.0,66.26,64.33,62.4
242938867_242937554_0,65.0,72.41,62.94,62.95
242938867_242939068_0,65.0,66.81,66.33,62.55
242938867_2933870244_0,65.0,74.11,65.92,63.1
242939068_242939069_0,65.0,65.77,60.25,58.45
242939068_306425820_0,65.0,65.77,60.6,59.65
242939069_242939071_0,65.0,64.9,57.66,58.4
242939071_1953219563_0,65.0,65.09,60.57,61.4
242939071_306425822_0,65.0,64.24,57.87,58.85
242939499_252225087_0,65.0,73.06,67.51,64.8
242939499_21226389_0,65.0,71.78,67.34,64.35
242940006_499514769_0,65.0,64.29,65.57,63.55
242940006_306427876_0,65.0,66.81,61.83,60.4
243479233_1171087500_0,65.0,63.5,58.55,62.9
243479233_2701567566_0,60.0,62.91,59.52,63.45
243479233_243479234_0,60.0,60.59,59.34,61.38
243479234_240832793_0,60.0,61.24,56.49,59.37
243667605_250285817_0,60.0,62.51,61.6,57.65
243667605_243716438_0,65.0,61.61,61.96,59.4
243667951_240832793_0,60.0,60.43,56.67,59.96
243667951_243744441_0,55.0,58.87,55.06,55.55
243667951_243718476_0,55.0,58.86,54.43,55.8
243668173_1585761966_0,65.0,62.0,58.25,62.27
243668173_243717269_0,65.0,63.68,60.38,64.45
243668179_243717269_0,65.0,63.09,62.65,63.5
243668179_1171087822_0,60.0,64.68,59.03,64.8
243668379_252645870_0,60.0,64.78,59.67,63.8
243668379_249782802_0,60.0,62.01,62.46,62.77
243668623_243668625_0,65.0,60.17,55.79,61.0
243668625_243671597_0,65.0,60.53,60.34,63.75
243668625_289641304_0,65.0,59.02,59.63,57.92
243668628_243668623_0,60.0,60.24,57.4,62.93
243668628_243671597_0,65.0,63.47,57.56,61.55
243668628_243671401_0,65.0,61.13,55.61,61.7
243670904_1585759517_0,65.0,61.83,63.17,59.25
243670905_243670904_0,60.0,62.13,63.28,59.95
243670905_1270568901_0,60.0,62.15,63.7,60.05
243670909_243670911_0,65.0,62.23,62.47,59.7
243670911_250200771_0,65.0,62.9,62.91,67.05
243670911_243670914_0,65.0,62.53,63.39,59.65
243670914_243670905_0,60.0,62.47,62.81,59.6
243671401_1585761948_0,60.0,60.22,60.04,60.0
243671401_1270568901_0,60.0,61.09,63.45,59.55
243671401_243668628_0,65.0,61.13,55.61,61.7
243671596_246099087_0,60.0,62.19,63.65,62.68
243671596_309103729_0,65.0,65.55,60.69,63.32
243671596_1514313049_0,65.0,59.13,57.94,60.3
243671597_1720965204_0,65.0,61.34,59.41,62.92
243671597_253310247_0,65.0,62.87,58.77,62.35
243671597_243668628_0,65.0,63.47,57.56,61.55
243715812_243715819_0,60.0,59.5,55.54,54.88
243715812_246098156_0,60.0,59.25,55.87,57.85
243715815_246815516_0,65.0,57.48,51.57,52.95
243715815_243717022_0,65.0,58.01,54.93,53.25
243715819_243715812_0,60.0,59.48,55.88,54.92
243715819_243716438_0,60.0,59.76,60.88,59.85
243715820_243670909_0,65.0,61.76,61.64,59.85
243715820_10982037584_0,60.0,61.66,62.68,59.75
243716438_10982037584_0,65.0,61.57,62.92,60.1
243716438_243715819_0,60.0,59.8,60.87,59.85
243716438_243667605_0,65.0,61.61,61.96,59.4
243716439_246098158_0,60.0,60.23,63.65,63.9
243716439_303967703_0,65.0,66.35,68.45,67.9
243716439_303967700_0,65.0,65.32,64.93,65.9
243716439_246100081_0,65.0,66.34,64.16,67.3
243716607_243715812_0,60.0,59.98,54.77,57.5
243717022_243715815_0,65.0,58.03,55.86,53.25
243717022_246098160_0,65.0,58.63,54.82,57.05
243717073_243717074_0,65.0,57.91,54.61,56.4
243717073_1585759517_0,65.0,59.41,63.85,59.35
243717074_243718709_0,65.0,58.38,55.15,58.6
243717269_243668179_0,65.0,63.09,62.65,63.5
243717269_1171087500_0,65.0,63.37,57.21,63.25
243717269_243668173_0,65.0,63.68,60.38,64.45
243718092_246815071_0,60.0,60.6,54.31,54.9
243718092_250048271_0,60.0,61.27,56.53,57.87
243718092_247057122_0,65.0,60.64,52.91,54.8
243718471_243718481_0,55.0,58.7,56.32,55.4
243718471_249782802_0,60.0,59.71,56.94,58.57
243718471_249782938_0,55.0,59.22,57.27,56.15
243718476_1487249937_0,60.0,58.81,52.62,55.55
243718476_243744440_0,55.0,58.55,52.64,54.35
243718478_249782936_0,60.0,58.23,54.61,55.3
243718481_243718478_0,60.0,58.49,54.5,54.55
243718481_252648644_0,60.0,58.28,52.4,54.95
243718709_1720965164_0,65.0,60.76,58.16,60.46
243718709_1720965210_0,65.0,60.5,59.43,60.55
243743713_3935592768_0,65.0,57.73,56.23,54.2
243743713_243743727_0,65.0,58.23,58.43,55.5
243743723_1221611740_0,65.0,57.73,54.21,53.9
243743723_243743713_0,65.0,57.61,58.28,54.6
243743725_243743727_0,65.0,58.57,55.42,54.75
243743725_1221611706_0,65.0,58.29,53.47,54.95
243743727_1487249937_0,60.0,58.68,52.33,54.9
243744440_243744441_0,55.0,59.05,54.34,55.3
243744440_249782936_0,60.0,58.44,54.21,54.55
243744441_243667951_0,55.0,58.87,55.06,55.55
243744441_249782938_0,55.0,59.22,57.7,56.1
243745001_250291810_0,65.0,72.14,65.15,68.85
243745001_246100078_0,65.0,71.23,63.86,68.3
243745001_2394469869_0,65.0,71.04,64.52,69.3
243907645_7952362835_0,60.0,61.98,58.5,58.4
243907645_21294882_0,65.0,62.7,61.11,59.7
243907645_2165336702_0,60.0,62.57,59.74,58.6
243907647_250749935_0,65.0,63.47,60.08,59.45
243907647_78439687_0,60.0,63.52,59.18,59.45
243907667_2575601452_0,65.0,71.52,63.75,63.75
243908528_243908538_0,65.0,64.38,59.04,61.6
243908528_31367764_0,60.0,64.83,61.48,60.85
243908528_243908531_0,65.0,64.61,58.84,59.95
243908528_246989947_0,65.0,63.7,61.16,59.9
243908531_169694477_0,65.0,66.3,61.89,62.55
243908531_243908528_0,65.0,64.61,58.84,59.95
243908531_243908533_0,65.0,65.04,57.47,60.85
243908533_13919749_0,65.0,65.59,60.52,59.45
243908533_243908531_0,65.0,65.04,58.27,60.85
243908536_542417408_0,65.0,64.17,59.16,60.5
243908536_243908531_0,65.0,65.31,60.01,61.25
243908538_542417408_0,65.0,63.66,58.06,59.85
243908538_31367763_0,65.0,63.9,56.78,60.15
243908538_243908528_0,65.0,64.38,59.04,61.6
243908656_243908657_0,65.0,69.7,61.27,61.9
243908656_21226927_0,65.0,69.98,61.83,62.75
243908656_1333322575_0,65.0,69.7,60.05,59.6
243908657_243908656_0,65.0,69.7,61.27,61.9
243908657_243908657_0,65.0,70.11,60.09,61.8
243909216_243910468_0,65.0,77.38,69.03,66.55
243910438_259588186_0,65.0,78.99,71.16,66.35
243910438_243910479_0,65.0,74.13,71.85,66.05
243910440_259511001_0,60.0,77.79,68.8,66.95
243910440_243910442_0,65.0,77.19,72.21,67.2
243910442_243910468_0,65.0,78.88,68.72,66.75
243910442_243910460_0,60.0,75.27,66.22,65.14
243910460_1885423982_0,60.0,74.1,63.48,62.0
243910460_2807067718_0,60.0,71.61,60.12,60.75
243910462_259508755_0,60.0,70.94,59.44,60.95
243910462_259508759_0,60.0,74.57,62.49,62.65
243910468_243910438_0,65.0,77.77,71.3,66.95
243910468_2806962202_0,65.0,80.3,73.01,69.2
243910472_2889413711_0,60.0,77.32,64.62,67.5
243910472_27552277_0,60.0,78.38,65.2,67.85
243910472_27552279_0,65.0,77.24,66.33,67.85
243910479_259588185_0,65.0,73.15,69.93,65.25
243910479_9455078032_0,60.0,70.22,59.87,62.55
243910486_27552274_0,65.0,76.05,68.73,66.8
243910488_2806962203_0,60.0,76.57,63.39,65.7
243910488_2806962236_0,60.0,69.55,58.78,59.35
243910524_259588184_0,60.0,68.84,60.72,58.65
243910524_11001234677_0,65.0,68.86,58.5,58.9
243910526_3493251230_0,65.0,71.84,61.31,62.4
243910526_249454865_0,65.0,70.19,63.5,63.41
243910530_259588266_0,65.0,72.93,62.43,63.85
243910530_2806797209_0,65.0,70.99,63.35,62.45
243910530_2806842444_0,65.0,71.62,61.75,63.05
243910541_21226587_0,65.0,72.92,67.75,65.95
244208010_250747968_0,65.0,65.78,64.97,66.2
244208010_31333337_0,65.0,72.87,66.24,67.93
244208071_249103038_0,65.0,69.95,66.62,62.35
244208131_309006098_0,65.0,65.31,63.73,63.58
244208131_96886741_0,65.0,65.82,64.98,66.3
244298505_258168994_0,60.0,65.29,63.15,61.5
244298505_21226169_0,60.0,73.71,68.02,67.4
244298507_29797338_0,65.0,67.5,60.92,62.85
244300357_244300358_0,60.0,65.97,64.01,61.6
244300357_273097009_0,60.0,65.48,61.23,59.45
244300358_205732502_0,65.0,68.76,60.9,62.5
244301340_244301341_0,65.0,62.61,62.79,61.7
244301340_1780527777_0,65.0,66.6,63.38,63.9
244301341_3752997870_0,65.0,63.06,63.9,62.95
244301341_258000738_0,65.0,62.62,60.24,59.25
244301343_506825648_0,65.0,64.46,60.25,63.5
244301343_257994947_0,60.0,63.66,57.29,62.0
244301343_258003192_0,60.0,63.42,62.76,63.9
244301344_259980757_0,60.0,64.27,61.23,60.65
244301344_244301345_0,65.0,64.38,64.72,62.8
244301345_258174467_0,65.0,65.88,64.47,65.0
244301345_306427871_0,60.0,65.66,61.47,62.25
244301345_273096982_0,65.0,64.8,62.1,61.95
244301347_206145063_0,65.0,71.84,65.54,68.5
244522102_1938093369_0,60.0,66.58,57.5,59.6
244522102_25543695_0,65.0,67.24,56.14,63.15
244522102_258073006_0,60.0,66.42,63.79,62.6
245053488_245053489_0,65.0,66.12,58.06,58.5
245053488_253238667_0,65.0,67.61,59.26,60.75
245053488_206144636_0,65.0,66.2,58.84,60.75
245053489_245053490_0,60.0,66.06,58.68,60.9
245053489_1521065924_0,65.0,66.75,62.51,63.12
245053490_1521065938_0,60.0,66.35,65.68,62.35
245053490_1521054401_0,65.0,66.78,59.87,61.25
245054067_251563355_0,65.0,65.31,60.64,60.5
245054068_315279345_0,60.0,64.42,58.63,62.55
245054068_306426493_0,60.0,65.52,57.81,59.65
245054289_9093668158_0,65.0,66.46,61.04,63.2
245054289_251698023_0,65.0,71.66,64.44,65.75
245054289_96891756_0,65.0,71.75,64.61,66.25
245178949_1801176332_0,65.0,59.59,64.0,63.12
245178949_252208197_0,65.0,64.51,63.95,64.47
245178949_245178950_0,65.0,62.92,60.5,62.9
245178950_253750443_0,65.0,62.3,60.48,64.28
245178950_254613467_0,65.0,56.58,61.23,58.5
245178950_245178949_0,65.0,62.92,60.5,62.9
245178952_254608716_0,65.0,63.52,57.49,63.08
245178952_253754853_0,65.0,63.56,60.82,60.1
245178955_746024554_0,60.0,57.5,61.06,58.3
245178955_1556217867_0,60.0,59.81,63.78,61.18
245178955_251787415_0,60.0,59.69,51.02,55.95
245178958_2725054151_0,65.0,65.19,57.43,60.0
245178958_748031464_0,65.0,61.63,60.13,60.05
245396070_245396071_0,65.0,64.18,57.29,58.35
245396070_21226536_0,65.0,64.32,57.66,57.9
245396071_245396084_0,65.0,65.11,57.12,58.5
245396071_4062058665_0,65.0,64.27,54.89,58.9
245396077_4062058665_0,65.0,65.75,56.81,59.35
245396077_21226309_0,65.0,64.38,55.91,59.0
245396077_13098606939_0,65.0,64.44,53.63,58.85
245396078_4062058665_0,65.0,65.12,55.47,60.25
245396078_245396080_0,65.0,65.65,57.37,60.05
245396078_245396084_0,65.0,66.01,58.58,62.95
245396078_21225902_0,65.0,66.71,55.46,62.6
245396080_1531740605_0,65.0,65.91,55.47,58.65
245396080_2843831498_0,65.0,66.04,60.26,61.9
245396080_245396078_0,65.0,65.65,57.37,60.05
245396080_245396085_0,65.0,65.36,57.42,57.45
245396084_245396459_0,65.0,65.74,56.65,61.8
245396084_245396098_0,65.0,68.22,59.11,63.55
245396084_245396078_0,65.0,66.01,58.58,62.95
245396085_245396462_0,65.0,65.42,56.61,57.4
245396085_245396097_0,60.0,65.32,57.54,57.3
245396085_245396080_0,65.0,65.39,57.42,57.65
245396087_245396088_0,60.0,66.75,61.16,61.8
245396087_245396094_0,60.0,66.07,57.52,57.5
245396088_1308294066_0,65.0,68.42,62.94,62.05
245396088_245396095_0,65.0,68.25,62.33,63.0
245396090_21226835_0,65.0,70.23,62.04,66.3
245396090_2843831494_0,65.0,69.18,63.55,64.0
245396090_1531740593_0,65.0,68.99,60.77,65.55
245396094_245396463_0,60.0,65.99,56.86,56.95
245396095_245396094_0,60.0,67.33,62.67,62.95
245396095_245473639_0,65.0,69.77,65.8,64.5
245396095_245396088_0,65.0,68.25,62.33,63.0
245396097_245396461_0,65.0,65.25,57.28,57.2
245396097_245396085_0,60.0,65.32,57.54,57.3
245396097_245473638_0,60.0,65.63,57.72,57.1
245396098_245396070_0,65.0,66.81,61.32,64.6
245396098_245396084_0,65.0,68.22,59.11,63.55
245396098_245473637_0,65.0,69.8,61.68,64.7
245396100_21226590_0,65.0,69.48,57.82,65.4
245396100_1531740593_0,65.0,69.69,57.42,63.5
245396100_1531740605_0,65.0,66.58,55.67,62.1
245396459_245396461_0,65.0,65.11,58.84,58.7
245396459_245396085_0,65.0,65.11,58.54,60.35
245396461_245396098_0,65.0,67.41,61.31,64.1
245396462_245396087_0,60.0,65.91,57.02,57.35
245396463_245396462_0,60.0,65.51,57.62,56.85
245396463_245396097_0,60.0,65.56,55.08,57.1
245473637_21226021_0,65.0,69.81,62.05,64.9
245473637_245473638_0,65.0,66.89,63.06,62.85
245473637_1308281474_0,65.0,67.52,59.58,64.4
245473637_245396098_0,65.0,69.8,61.68,64.7
245473638_245473637_0,65.0,66.89,63.06,62.85
245473638_245473639_0,60.0,66.8,63.06,62.55
245473638_245396097_0,60.0,65.63,57.72,57.1
245473638_21226254_0,60.0,65.62,57.42,57.15
245473639_21226366_0,65.0,69.73,65.43,64.45
245473639_4062057945_0,65.0,68.69,61.8,63.45
245473639_245473638_0,60.0,66.8,63.06,62.55
245473639_245396095_0,65.0,69.77,65.8,64.5
245473642_2817417795_0,65.0,72.11,62.71,64.85
245473642_4062057945_0,65.0,72.13,62.03,64.5
245474385_2889616524_0,65.0,71.22,64.9,65.8
245474385_21227057_0,65.0,72.96,68.21,67.09
245474385_21663193_0,65.0,72.76,69.24,65.34
245474386_21663194_0,65.0,71.34,65.03,66.05
245474386_1911373030_0,65.0,71.42,67.11,67.0
245474386_1652760347_0,65.0,74.51,67.67,66.6
245474386_246991591_0,65.0,71.18,65.29,65.95
245474388_245474390_0,65.0,70.58,66.42,64.15
245474388_246991591_0,65.0,74.42,68.27,65.99
245474388_27584083_0,65.0,71.67,63.32,64.05
245474390_13919749_0,65.0,68.69,64.77,63.4
245474390_245474388_0,65.0,70.58,66.42,64.15
245474390_245474392_0,65.0,69.19,66.59,64.05
245474390_95766244_0,65.0,68.74,64.75,63.6
245474392_246993202_0,65.0,71.15,62.71,65.5
245474392_95766235_0,65.0,69.33,66.19,63.15
245474392_245474390_0,65.0,69.19,66.59,64.05
245474392_13919748_0,65.0,69.12,66.3,63.05
245476638_245476640_0,60.0,65.89,57.95,59.95
245476638_21226351_0,65.0,67.41,62.02,62.7
245476640_245476638_0,60.0,65.89,57.95,59.95
245477342_1333317322_0,65.0,74.45,65.55,65.9
245477342_21226357_0,65.0,75.79,71.4,65.7
245477342_21226489_0,65.0,75.44,64.83,64.45
245479464_29137394_0,65.0,72.16,65.42,65.0
245555949_245555951_0,70.0,66.85,60.25,62.58
245555949_705722226_0,65.0,67.26,60.3,63.1
245555951_255508200_0,65.0,69.92,60.61,62.74
245555951_245555949_0,70.0,66.85,60.25,62.58
245555961_4042455153_0,65.0,71.33,63.07,64.6
245555961_2807263923_0,65.0,70.14,64.82,63.3
245555961_1756208675_0,65.0,72.51,63.27,65.25
245555961_4042465801_0,65.0,71.15,65.48,64.05
245555965_1547169447_0,65.0,69.88,65.99,62.98
245555965_691057141_0,65.0,68.23,63.83,63.3
245555967_691028789_0,65.0,69.58,63.65,62.9
245555967_691028770_0,65.0,66.83,66.32,62.05
245555968_248460850_0,65.0,70.21,69.89,66.15
245555968_1274759877_0,65.0,74.63,68.56,66.75
245557031_259507511_0,65.0,73.35,61.1,57.9
245557031_259509037_0,60.0,70.93,58.73,57.95
245557031_267250278_0,65.0,71.12,59.33,58.2
245557033_245557037_0,65.0,74.62,55.15,58.35
245557033_2799102913_0,60.0,72.27,55.32,56.6
245557035_3215730970_0,65.0,71.66,53.12,54.8
245557035_245557037_0,65.0,72.58,55.17,56.15
245557037_575950974_0,65.0,74.64,56.96,58.25
245557037_259508075_0,65.0,73.77,56.21,59.15
245557040_595327336_0,65.0,80.08,62.19,63.75
245557040_2799636703_0,65.0,77.16,61.31,64.2
245557040_267406840_0,65.0,74.09,57.66,60.25
245557055_10276448052_0,65.0,71.79,56.92,59.2
245557374_632927290_0,65.0,69.89,61.0,61.6
245557374_249453729_0,65.0,69.7,60.58,61.65
245569644_245569645_0,65.0,64.12,60.55,57.02
245569645_245569646_0,60.0,65.15,59.86,57.45
245569645_245569644_0,65.0,64.12,60.55,57.02
245569645_658877744_0,60.0,65.41,57.65,56.12
245569646_245569645_0,60.0,65.15,59.86,57.45
245570214_245570215_0,65.0,68.68,60.77,60.7
245570217_245570219_0,65.0,68.52,64.35,65.28
245570219_365312389_0,65.0,69.69,62.99,65.22
245570225_387677075_0,65.0,67.06,59.18,62.45
245570225_271096420_0,70.0,70.57,63.45,67.38
245570225_245570226_0,65.0,70.93,63.43,64.38
245570226_245570228_0,65.0,69.33,70.74,64.6
245570228_693913363_0,65.0,69.67,64.47,68.1
245570230_21226494_0,65.0,72.66,70.8,68.4
245570234_245570235_0,65.0,71.97,67.23,67.35
245570235_245570243_0,70.0,73.23,67.67,64.98
245570235_2514838419_0,70.0,72.78,65.25,66.6
245570241_245570219_0,65.0,65.67,61.79,63.6
245570241_993952340_0,65.0,65.54,59.97,62.25
245570243_1260843030_0,65.0,73.69,66.23,64.93
245570243_1260842689_0,65.0,74.85,67.6,66.55
246096297_88057746_0,65.0,67.2,66.81,68.2
246096297_310575740_0,65.0,64.7,64.12,65.15
246096297_286819541_0,65.0,69.61,65.12,69.15
246098156_246098158_0,60.0,58.8,56.21,58.08
246098156_246100081_0,60.0,60.14,63.16,60.5
246098157_243717073_0,60.0,59.06,57.61,58.93
246098157_309106535_0,60.0,58.92,55.75,57.85
246098158_475238682_0,60.0,58.26,54.03,57.52
246098158_246098157_0,60.0,59.17,57.34,59.3
246098160_243715815_0,65.0,57.42,52.73,53.1
246098160_246098161_0,65.0,57.88,55.73,59.8
246098161_246098157_0,60.0,57.95,56.29,57.2
246098161_475255621_0,60.0,57.83,55.54,56.2
246099086_253310252_0,60.0,57.83,57.7,56.3
246099086_253310247_0,65.0,61.91,56.41,63.38
246099086_250166714_0,65.0,61.54,58.46,57.4
246099087_243671596_0,60.0,62.19,63.65,62.68
246099087_289641336_0,65.0,58.14,61.74,56.7
246099087_250166714_0,65.0,61.54,59.44,59.0
246099088_92162690_0,60.0,62.52,58.19,62.22
246099088_1766604855_0,60.0,63.19,58.31,61.55
246100078_252327295_0,65.0,72.44,64.6,69.15
246100078_243716607_0,60.0,61.48,61.61,61.7
246100078_243745001_0,65.0,71.23,63.86,68.3
246100080_2700238602_0,65.0,69.12,57.08,63.9
246100080_2700238601_0,65.0,63.44,56.92,61.7
246100080_252327295_0,65.0,67.59,55.68,65.3
246100081_2700238602_0,65.0,66.51,62.55,66.55
246100081_243716439_0,65.0,66.34,64.16,67.3
246100082_243717022_0,65.0,59.17,58.6,57.91
246100082_246816053_0,65.0,58.96,57.52,59.12
246100082_1860872118_0,65.0,63.82,61.47,62.6
246100082_475238681_0,60.0,63.06,56.3,59.11
246513149_2206656617_0,65.0,74.01,75.43,64.25
246815071_240591814_0,60.0,60.44,55.34,55.78
246815072_309013544_0,65.0,68.43,63.02,63.05
246815072_257533048_0,65.0,69.31,62.01,62.8
246815072_247058210_0,65.0,63.33,57.6,59.12
246815516_243715815_0,65.0,57.48,51.57,52.95
246815516_246815517_0,65.0,57.47,52.72,53.0
246815516_246815518_0,65.0,57.52,53.34,53.3
246815517_246815518_0,65.0,57.26,52.15,52.95
246815517_246815516_0,65.0,57.47,52.72,53.0
246815518_246098161_0,65.0,57.25,55.8,54.85
246815518_246815516_0,65.0,57.52,53.34,53.3
246815936_135876363_0,65.0,68.01,64.12,65.5
246815936_270729076_0,65.0,64.11,62.04,64.2
246815936_309006098_0,65.0,67.25,62.64,64.55
246815938_2533452131_0,65.0,62.2,56.02,61.85
246816053_246100082_0,65.0,58.96,57.52,59.12
246817935_246817941_0,60.0,62.67,55.43,56.8
246817935_267212119_0,60.0,63.58,56.63,58.7
246817935_259849972_0,60.0,62.55,56.14,59.85
246817939_246817941_0,55.0,63.43,59.3,56.75
246817939_267212123_0,65.0,67.26,66.92,61.85
246817941_267210670_0,60.0,64.69,63.25,60.92
246989929_246989938_0,65.0,62.9,57.89,57.8
246989929_246989935_0,65.0,63.33,64.78,61.5
246989935_29089632_0,65.0,69.02,67.03,65.1
246989938_2799694228_0,65.0,64.49,61.24,60.52
246989939_2690009452_0,60.0,63.62,61.11,59.45
246989939_29089632_0,65.0,63.86,65.81,61.8
246989939_246989945_0,60.0,63.23,60.37,59.75
246989945_246989946_0,65.0,63.79,61.15,60.7
246989945_31367763_0,65.0,63.51,63.47,60.12
246989946_246989945_0,65.0,63.79,61.15,60.7
246989946_564684695_0,65.0,64.5,60.94,61.98
246989947_246989946_0,65.0,63.6,57.18,59.3
246989947_243908528_0,65.0,63.7,61.16,59.9
246991591_245474386_0,65.0,71.18,65.29,65.95
246991591_245474388_0,65.0,74.42,68.27,65.99
246991591_246991592_0,65.0,71.11,63.13,65.1
246991592_246991594_0,65.0,69.31,62.93,64.55
246991592_13598756_0,65.0,70.03,63.33,62.45
246991594_1988745156_0,65.0,66.94,65.51,62.55
246991594_427571202_0,65.0,67.72,59.58,63.8
246991595_31367764_0,65.0,66.62,59.78,61.0
246991595_2661012132_0,65.0,68.23,61.59,60.15
246991595_1988745180_0,60.0,65.04,59.19,61.15
246991601_31367770_0,65.0,65.07,62.78,62.75
246991601_31367772_0,60.0,64.62,61.63,62.3
246991601_2796128018_0,65.0,66.31,61.7,61.65
246991602_12994113224_0,65.0,72.13,62.64,65.15
246991602_246991603_0,65.0,70.93,64.41,65.6
246991603_31367752_0,65.0,74.78,65.6,66.1
246991603_31367751_0,65.0,67.41,64.87,63.05
246993189_345435857_0,65.0,71.17,62.16,63.8
246993189_246993192_0,65.0,73.08,63.12,65.2
246993192_345435857_0,65.0,70.68,58.79,64.1
246993192_3400307597_0,65.0,70.69,61.11,65.4
246993192_246993195_0,65.0,73.86,60.83,65.55
246993192_246993202_0,65.0,73.41,63.0,67.0
246993195_4055309195_0,65.0,74.38,64.61,67.2
246993201_1937726697_0,65.0,69.19,62.1,63.95
246993201_246993202_0,65.0,73.89,62.86,67.1
246993202_246993192_0,65.0,73.41,63.0,67.0
246993202_12452780553_0,65.0,73.83,62.35,67.05
246993202_245474392_0,65.0,71.15,62.71,65.5
246993203_13919627_0,65.0,72.64,63.75,67.1
246993203_4080163989_0,65.0,73.24,63.4,66.65
246995020_292638523_0,65.0,65.53,60.85,59.4
246995020_7653029265_0,65.0,67.08,60.08,62.5
246995020_294744688_0,65.0,65.56,58.05,58.9
246996384_1765142916_0,60.0,69.03,61.26,61.45
246996384_1765142933_0,60.0,65.52,59.72,60.35
247056170_270729076_0,65.0,63.88,54.98,60.2
247056170_31333339_0,65.0,67.79,51.21,61.9
247056174_135879479_0,60.0,63.25,57.12,59.35
247056174_249104085_0,60.0,63.69,60.64,59.85
247056174_309006098_0,60.0,64.69,62.29,63.3
247057122_1828906199_0,65.0,60.76,51.28,56.1
247057643_250048268_0,65.0,59.75,54.12,55.3
247057643_2478217300_0,65.0,58.94,58.53,54.8
247057888_31333357_0,65.0,60.99,52.11,56.85
247058208_309013545_0,65.0,61.56,54.53,56.45
247058208_250048270_0,65.0,61.83,60.44,61.85
247058210_309013545_0,65.0,61.74,54.45,58.45
247058210_250048269_0,65.0,61.2,53.61,57.2
247058210_246815072_0,65.0,63.33,57.6,59.12
247058211_247057888_0,65.0,61.96,53.74,59.05
248225098_2689678713_0,65.0,74.27,58.5,56.9
248225098_2689678734_0,65.0,80.46,58.09,61.8
248225098_13461281596_0,60.0,79.41,57.48,61.4
248225101_3723498586_0,65.0,78.17,61.53,62.84
248225101_29461121_0,60.0,76.11,60.96,57.15
248225528_248292118_0,65.0,78.16,63.82,62.8
248225528_267409312_0,65.0,76.31,57.67,62.88
248225544_248225547_0,65.0,71.25,66.77,66.25
248225547_2634944481_0,65.0,67.46,66.7,57.5
248225547_31274844_0,65.0,70.51,67.88,57.7
248226724_267879826_0,65.0,60.15,63.82,64.6
248226738_2791372669_0,65.0,76.45,67.22,67.8
248226738_9396365809_0,60.0,69.72,66.56,64.3
248226742_747373708_0,65.0,69.72,57.6,57.58
248226744_2634941957_0,60.0,69.41,60.33,57.45
248226747_745947093_0,65.0,69.66,57.3,57.25
248226755_2634929216_0,60.0,70.93,56.77,56.1
248226755_990617728_0,60.0,68.6,54.27,57.12
248226755_745947111_0,60.0,68.36,55.0,56.1
248226757_248226758_0,65.0,75.58,63.54,62.25
248226757_1134228275_0,65.0,73.47,63.48,62.85
248226757_257909185_0,65.0,75.68,63.43,62.25
248226758_2796752646_0,60.0,75.55,63.84,62.35
248226758_1724440276_0,60.0,75.45,62.6,60.8
248226760_745947002_0,65.0,76.73,61.45,64.9
248226760_3783105845_0,65.0,75.98,60.87,59.92
248289504_2796755377_0,60.0,74.83,59.02,58.02
248289504_248290714_0,60.0,74.14,57.69,56.8
248289682_248289504_0,60.0,74.49,62.16,59.85
248289859_2868472134_0,60.0,74.48,62.81,59.95
248290105_248290106_0,60.0,73.15,58.56,58.44
248290106_2796801755_0,60.0,73.74,58.19,58.44
248290493_692073198_0,60.0,74.34,57.97,59.22
248290493_248290714_0,60.0,74.11,56.87,57.3
248290714_248290105_0,60.0,73.26,58.33,56.85
248290714_248290717_0,60.0,74.04,59.19,58.95
248290717_248290719_0,60.0,73.29,62.83,59.7
248290717_248289682_0,60.0,74.64,61.77,61.0
248290719_2796752613_0,60.0,73.94,58.23,60.0
248291937_29462490_0,65.0,76.46,61.55,62.01
248291937_248291941_0,65.0,78.79,64.46,65.55
248291940_248291945_0,65.0,79.25,65.49,65.75
248291940_29462531_0,65.0,74.68,59.27,61.2
248291941_1009311899_0,65.0,80.29,65.3,67.3
248291941_29462490_0,65.0,78.79,64.03,65.5
248291944_248291947_0,65.0,78.45,63.75,66.35
248291944_29462494_0,65.0,81.61,65.29,67.0
248291945_248291944_0,65.0,80.93,67.39,67.65
248291945_29462542_0,65.0,77.63,62.12,63.45
248291947_29462506_0,65.0,74.63,61.94,61.0
248291947_248291937_0,65.0,76.91,62.19,64.25
248291949_3725908719_0,65.0,74.2,62.86,59.45
248291949_248291940_0,65.0,76.55,63.07,61.6
248291950_248226760_0,65.0,78.87,60.91,64.35
248291950_295275484_0,65.0,74.05,59.7,60.4
248291950_267402508_0,65.0,76.21,56.97,61.52
248291954_248225528_0,65.0,77.48,64.28,63.55
248291954_292845113_0,65.0,78.73,61.91,64.05
248291955_560976661_0,65.0,79.61,63.65,63.95
248291955_248291949_0,65.0,76.64,62.51,61.75
248292112_260785652_0,65.0,73.14,59.5,58.3
248292114_292844984_0,65.0,78.51,58.75,62.45
248292116_295560672_0,65.0,76.36,60.49,61.98
248292118_257911456_0,65.0,77.73,63.27,62.14
248292118_248291954_0,65.0,78.47,62.82,64.05
248292122_5118615630_0,65.0,77.11,62.37,56.7
248292122_267410917_0,65.0,76.62,63.09,63.15
248292124_267410914_0,65.0,74.24,60.68,56.85
248292124_2799122102_0,65.0,79.53,60.91,57.85
248292124_5118615630_0,65.0,77.48,61.7,57.55
248292124_257681671_0,65.0,74.9,62.43,58.2
248460356_31367749_0,65.0,61.53,57.35,58.2
248460356_78476351_0,65.0,60.41,53.65,54.98
248460656_169686413_0,65.0,61.47,57.97,56.8
248460656_248460356_0,65.0,61.06,57.83,56.15
248460656_2739072744_0,65.0,61.57,58.75,60.1
248460788_248460789_0,65.0,65.72,71.03,65.35
248460788_1937808726_0,65.0,64.75,61.94,59.05
248460788_345435905_0,65.0,64.96,63.87,59.2
248460789_2987656912_0,65.0,71.29,69.86,70.35
248460789_1937808730_0,65.0,73.0,66.08,67.65
248460850_1274759953_0,65.0,73.44,69.69,67.65
248460850_3268056592_0,65.0,67.32,68.84,65.4
248461235_90600911_0,65.0,65.85,69.86,69.2
248461235_248461236_0,65.0,65.92,59.8,59.3
248461235_345435850_0,65.0,65.15,61.22,59.2
248461236_248461235_0,65.0,65.93,59.8,59.3
248461236_417409058_0,65.0,66.43,61.29,59.0
249103038_250291807_0,65.0,67.93,65.14,63.3
249103038_309006088_0,65.0,70.84,63.15,63.3
249104085_250291806_0,60.0,69.93,64.36,62.6
249104086_787822266_0,65.0,70.57,63.21,65.85
249104086_21293718_0,60.0,70.95,64.43,66.15
249104086_309664744_0,65.0,67.39,69.63,62.8
249106107_249106108_0,65.0,60.86,59.09,59.0
249106107_9783566263_0,65.0,61.39,60.76,59.55
249106108_249106488_0,65.0,60.56,58.04,57.75
249106108_1851687435_0,65.0,61.61,59.58,60.8
249106488_249106108_0,65.0,60.56,58.04,57.75
249106488_564420484_0,65.0,60.2,53.12,56.55
249107247_234727573_0,65.0,61.61,62.95,57.95
249109306_564420487_0,65.0,60.22,53.3,57.0
249109308_2759209388_0,65.0,62.16,59.01,59.25
249109308_2549099404_0,65.0,60.25,56.06,56.35
249112878_252206196_0,65.0,57.06,62.51,59.45
249112878_252204310_0,65.0,61.56,66.02,64.2
249112878_3731611410_0,65.0,60.6,63.5,60.3
249112878_251699777_0,60.0,58.34,65.56,59.75
249156831_249159341_0,65.0,60.66,58.54,55.45
249156831_249159397_0,65.0,59.43,57.54,56.6
249159341_249156831_0,65.0,60.66,58.54,55.45
249159397_1584826161_0,65.0,58.89,61.84,56.45
249163903_1476588224_0,65.0,64.11,65.64,59.65
249163903_1550365201_0,65.0,65.37,65.13,60.5
249167226_1828995193_0,60.0,60.88,61.29,59.35
249167226_1550365233_0,65.0,61.76,58.97,59.5
249167657_249167226_0,65.0,61.05,58.83,59.1
249168109_1550365234_0,60.0,61.88,60.94,59.3
249168109_249167657_0,60.0,61.09,58.82,57.95
249169494_12523059194_0,65.0,62.46,64.31,59.9
249169494_249168109_0,60.0,62.63,60.58,60.05
249169496_569783791_0,60.0,63.35,62.06,59.9
249169496_569784522_0,65.0,63.51,61.07,59.95
249169497_569783791_0,65.0,62.61,62.63,61.0
249176456_31489453_0,65.0,71.04,64.78,65.85
249176456_252637837_0,65.0,67.24,64.49,64.55
249176456_726905043_0,65.0,73.53,65.5,64.05
249176550_252639690_0,65.0,64.78,62.33,62.0
249176550_1251661395_0,65.0,62.05,60.04,60.2
249176934_3706551499_0,65.0,66.92,63.08,65.25
249176934_1757676924_0,65.0,67.03,62.44,65.55
249176934_3712009610_0,65.0,62.07,62.69,61.35
249177464_285649183_0,60.0,58.49,49.81,55.3
249177464_2701873211_0,60.0,60.25,54.47,56.27
249177464_283840203_0,65.0,57.16,47.28,49.75
249177473_2701578578_0,55.0,59.96,51.04,52.8
249177473_283840346_0,55.0,59.89,52.63,55.13
249177473_285649183_0,55.0,59.11,49.0,52.2
249360988_2720033967_0,60.0,63.28,57.78,57.8
249360988_249377221_0,60.0,63.17,57.48,57.8
249360989_249361931_0,60.0,63.17,62.49,62.83
249360989_1178999482_0,55.0,60.66,54.22,57.1
249360989_249377221_0,55.0,62.94,56.71,57.6
249360989_249372883_0,60.0,61.02,58.97,57.3
249361931_249377220_0,55.0,63.4,59.95,63.03
249361931_2720761561_0,60.0,63.03,57.64,59.1
249361931_249381418_0,60.0,65.04,59.09,63.1
249362074_2719980170_0,55.0,68.05,64.67,63.52
249362074_2719976611_0,60.0,65.49,60.5,62.92
249364811_2395321664_0,55.0,61.18,54.13,57.88
249364811_2330486817_0,60.0,60.86,54.2,56.2
249364811_2719954819_0,60.0,60.97,53.31,54.7
249364892_2889082892_0,55.0,59.96,52.77,57.15
249364892_2330486817_0,60.0,60.55,56.0,57.55
249367448_249362074_0,60.0,65.21,63.52,62.5
249367448_249381661_0,60.0,64.41,56.98,58.0
249372198_249372881_0,55.0,62.47,50.74,55.45
249372198_8050341537_0,60.0,62.01,53.36,55.65
249372202_582872229_0,55.0,58.66,54.97,56.4
249372881_249372198_0,55.0,62.47,50.74,55.45
249372883_249360989_0,60.0,61.02,58.97,57.3
249377220_249381292_0,55.0,62.6,57.83,57.55
249377220_249381290_0,55.0,64.11,57.03,56.95
249377221_249360989_0,55.0,62.94,56.71,57.6
249377221_249360988_0,60.0,63.17,57.48,57.8
249381290_249381292_0,55.0,62.01,55.22,58.15
249381290_249377220_0,55.0,64.11,57.03,56.95
249381290_2719980170_0,60.0,63.88,60.93,61.68
249381290_249381302_0,55.0,61.37,51.99,52.9
249381292_249381290_0,55.0,62.01,55.22,58.15
249381292_249377221_0,60.0,61.87,56.12,58.0
249381302_249381290_0,55.0,61.37,51.99,52.9
249381309_249381310_0,60.0,59.73,45.88,52.55
249381310_249381309_0,60.0,59.73,45.88,52.55
249381310_660867319_0,60.0,60.24,46.05,54.5
249381310_1467602584_0,60.0,59.5,46.43,51.75
249381312_1467602584_0,55.0,59.76,43.26,52.65
249381312_249381313_0,60.0,60.71,47.88,54.35
249381312_249381313_1,60.0,60.73,47.32,54.25
249381313_249381314_0,60.0,61.49,54.09,57.75
249381313_249381312_0,60.0,60.73,47.88,54.35
249381314_249381313_0,60.0,61.49,54.09,57.75
249381314_2634944481_0,55.0,63.59,60.97,58.05
249381314_249381354_0,60.0,64.73,57.87,56.9
249381354_249381357_0,60.0,62.21,59.67,58.0
249381354_249381358_0,60.0,64.41,58.28,56.85
249381354_249381314_0,60.0,64.73,57.87,56.9
249381357_249381358_0,60.0,62.39,57.25,58.3
249381357_13762887789_0,60.0,61.3,55.45,56.6
249381358_249381418_0,60.0,64.4,58.99,62.13
249381358_249381354_0,60.0,64.41,58.28,56.85
249381413_249381431_0,60.0,60.6,54.25,55.95
249381418_249381358_0,60.0,64.4,58.99,62.13
249381418_249361931_0,60.0,64.73,59.42,63.7
249381431_6419699897_0,60.0,60.05,53.61,55.0
249381431_2720761561_0,60.0,61.99,58.28,56.05
249381431_249381413_0,60.0,60.61,54.25,55.9
249381639_2395321637_0,60.0,63.33,55.14,56.2
249381639_249381645_0,55.0,62.92,51.85,52.45
249381643_249381639_0,60.0,62.09,48.91,51.5
249381643_2613211234_0,60.0,64.04,59.98,57.55
249381643_249381645_0,55.0,63.67,52.8,52.0
249381645_249381661_0,60.0,64.08,61.16,56.5
249381645_249381639_0,55.0,62.92,51.85,52.45
249381645_249381643_0,55.0,63.67,52.8,52.0
249381661_249381645_0,60.0,64.08,61.16,56.5
249381661_249367448_0,60.0,64.41,56.98,58.0
249381661_249455204_0,60.0,65.82,57.12,57.5
249381671_259599288_0,60.0,65.39,59.81,58.75
249381671_2613211577_0,60.0,64.27,58.61,58.68
249381671_2613211234_0,60.0,66.24,63.76,59.1
249389759_249390413_0,65.0,62.74,54.62,55.4
249389759_249390232_0,70.0,63.6,52.44,56.0
249390232_12694865810_0,60.0,61.69,56.59,54.7
249390232_249389759_0,70.0,63.6,52.44,56.0
249390413_249390130_0,65.0,63.93,54.74,55.55
249390413_249389759_0,65.0,62.9,55.13,55.55
249390413_2807570329_0,60.0,61.63,56.18,54.4
249390532_334512973_0,65.0,70.01,50.86,61.25
249390532_334512961_0,65.0,66.24,51.43,59.25
249390532_582868507_0,65.0,69.36,55.0,61.85
249390933_249449192_0,65.0,62.8,67.48,70.6
249448203_249449374_0,65.0,62.83,67.98,70.7
249449108_249449758_0,65.0,62.88,67.48,70.6
249449192_249449444_0,65.0,62.64,67.95,70.6
249449234_249449108_0,65.0,62.7,67.95,70.6
249449374_249449234_0,65.0,62.63,68.39,70.7
249449444_249449476_0,65.0,62.63,68.64,70.7
249449476_275595386_0,65.0,62.66,68.91,70.7
249453729_249453747_0,65.0,68.86,59.98,59.0
249453729_245557374_0,65.0,69.7,60.58,61.65
249453729_947224714_0,65.0,69.2,60.05,58.55
249453741_1027163153_0,60.0,67.21,55.66,54.3
249453741_648626680_0,65.0,67.1,58.66,54.9
249453747_249453786_0,65.0,68.16,57.65,57.7
249453747_1027163153_0,65.0,67.87,51.85,57.9
249453776_31274841_0,60.0,69.6,57.32,57.2
249453776_2795798837_0,65.0,69.34,59.39,57.4
249453777_249453776_0,65.0,69.47,57.85,57.2
249453786_249453777_0,65.0,67.73,59.27,57.75
249453786_2987557917_0,60.0,67.83,59.01,59.45
249453835_11021680914_0,65.0,70.48,61.27,61.5
249453835_11013685396_0,65.0,71.82,62.92,62.18
249453837_2888838174_0,65.0,71.98,64.07,62.35
249453837_610317117_0,65.0,69.65,61.62,62.6
249453847_655335158_0,60.0,64.87,62.46,56.6
249453847_648626770_0,60.0,67.08,60.43,59.1
249454313_648626767_0,60.0,68.33,61.04,58.95
249454313_653771347_0,60.0,69.71,59.96,58.8
249454552_654538414_0,65.0,69.93,60.63,58.6
249454552_654538409_0,60.0,68.89,60.76,58.7
249454552_634639641_0,65.0,69.92,59.41,60.0
249454554_653771343_0,60.0,69.2,58.25,60.0
249454558_249454559_0,60.0,65.28,60.63,55.0
249454559_27552269_0,65.0,69.22,60.53,59.98
249454559_648626680_0,65.0,68.58,58.59,59.7
249454559_249454558_0,60.0,65.28,60.63,55.0
249454604_1209230613_0,65.0,74.93,67.44,66.2
249454708_27626611_0,65.0,80.04,66.91,68.9
249454708_2565087002_0,65.0,77.68,64.46,67.45
249454708_259589850_0,65.0,73.3,66.92,65.95
249454717_259507499_0,60.0,71.89,57.11,56.5
249454717_259506069_0,60.0,72.74,58.6,57.65
249454717_259506074_0,65.0,71.73,58.52,61.9
249454717_259506738_0,60.0,72.34,58.28,57.3
249454720_259506732_0,65.0,77.76,64.98,64.15
249454720_2565039814_0,65.0,74.43,60.24,61.45
249454720_259592092_0,65.0,77.08,62.67,64.0
249454765_2943338504_0,65.0,80.27,64.43,69.2
249454765_3093774916_0,65.0,78.12,64.82,67.9
249454865_243910530_0,65.0,73.18,60.77,63.65
249454865_243910541_0,65.0,70.91,64.07,62.05
249454920_539069966_0,65.0,72.27,55.49,58.6
249454920_660867310_0,65.0,72.59,59.35,57.55
249454926_654538329_0,65.0,71.7,55.96,56.9
249454926_654538346_0,65.0,71.46,55.21,57.0
249455204_942642282_0,60.0,66.69,56.79,58.45
249455204_249381661_0,60.0,65.82,57.12,57.5
249455204_335770822_0,55.0,65.41,60.3,57.6
249455213_335770822_0,55.0,66.17,55.68,56.3
249455213_2807580465_0,55.0,64.22,54.74,56.65
249455213_2613211236_0,60.0,64.79,53.97,55.95
249455218_2754952312_0,60.0,64.64,57.67,57.23
249455218_2807580465_0,55.0,63.96,55.18,55.3
249455219_3373790852_0,60.0,63.62,57.19,55.81
249455219_2875165077_0,60.0,62.22,51.51,52.1
249455219_21226863_0,55.0,62.64,49.78,51.05
249455263_300877915_0,60.0,65.6,50.26,52.05
249455263_649739581_0,60.0,64.62,47.16,53.1
249455272_1467391607_0,55.0,68.2,56.74,57.45
249455272_632903254_0,60.0,70.63,56.84,58.3
249455272_27552244_0,60.0,69.43,60.31,59.1
249455371_660867351_0,65.0,74.59,64.01,61.38
249455371_582869054_0,65.0,76.6,63.1,61.6
249455378_245570243_0,65.0,71.96,66.92,66.65
249455886_312793567_0,70.0,69.01,62.12,58.6
249455886_506373871_0,65.0,71.23,63.46,59.65
249455888_249455890_0,70.0,71.82,64.58,60.85
249455888_2872769313_0,65.0,71.26,60.99,62.7
249455888_312793567_0,70.0,69.08,57.48,59.3
249455890_249455888_0,70.0,71.82,64.58,60.85
249455890_344817033_0,70.0,70.99,62.21,60.55
249455892_13036966390_0,65.0,71.66,59.59,61.05
249455892_261283494_0,65.0,71.12,62.51,61.48
249455892_344814453_0,65.0,69.76,67.01,59.75
249455922_263250741_0,65.0,71.25,66.47,66.72
249455922_249455923_0,70.0,71.63,69.64,64.85
249455923_2876532972_0,70.0,71.95,64.45,64.18
249549357_240832749_0,60.0,60.85,52.79,58.28
249549357_240591823_0,60.0,59.95,55.86,57.0
249555006_250048271_0,65.0,60.16,54.05,53.77
249555841_2514862546_0,60.0,66.68,57.91,63.8
249555841_249555902_0,60.0,60.0,61.02,59.0
249555841_256036218_0,65.0,67.75,64.4,62.0
249555902_249555841_0,60.0,60.0,61.02,59.0
249555902_249556057_0,60.0,58.69,57.42,56.25
249555902_256031087_0,60.0,58.13,55.17,54.62
249556057_249555902_0,60.0,58.69,57.42,56.25
249556057_2514866049_0,65.0,57.96,51.57,53.47
249556057_260551944_0,60.0,58.98,51.75,55.62
249586563_175971289_0,65.0,62.66,59.58,61.55
249586563_255192666_0,65.0,62.2,61.53,61.1
249588611_11178875046_0,65.0,65.46,62.0,60.25
249588611_1836632664_0,65.0,62.59,62.35,60.55
249588611_9783566239_0,65.0,64.17,63.51,61.8
249593657_29461148_0,55.0,71.38,57.35,55.2
249593657_2697801691_0,55.0,70.63,56.99,55.45
249593658_249593733_0,60.0,71.39,54.7,58.3
249593658_1456842893_0,55.0,72.7,54.45,57.6
249593658_249593660_0,60.0,72.42,53.71,57.78
249593660_3981659801_0,65.0,73.24,57.9,61.41
249593660_249593658_0,60.0,72.42,53.71,57.78
249593660_2697801679_0,65.0,71.83,52.9,58.55
249593662_249593663_0,55.0,70.57,57.4,57.0
249593662_29461152_0,55.0,70.67,55.63,57.0
249593662_29461154_0,55.0,70.87,55.45,56.95
249593663_2697801688_0,55.0,70.74,58.7,57.1
249593663_249593662_0,55.0,70.57,57.4,57.0
249593663_29461148_0,55.0,70.93,54.65,55.65
249593692_29461150_0,60.0,71.18,59.15,57.1
249593692_249593714_0,60.0,70.87,57.51,57.15
249593692_2697801689_0,60.0,70.71,54.78,56.8
249593714_249593733_0,60.0,70.88,56.88,57.4
249593714_249593692_0,60.0,70.87,57.51,57.15
249593714_2697801686_0,60.0,70.56,54.1,56.95
249593733_249593714_0,60.0,70.88,56.88,57.4
249593733_2697801671_0,55.0,71.11,55.15,57.6
249593733_2697801679_0,60.0,70.75,55.45,57.25
249593733_249593658_0,60.0,71.39,54.7,58.3
249593735_249593739_0,65.0,73.83,63.48,65.7
249593739_249593744_0,65.0,71.95,55.39,59.45
249593739_249593735_0,65.0,73.83,63.48,65.7
249593744_1456842889_0,60.0,71.85,54.7,58.4
249593744_249593747_0,60.0,72.59,54.32,60.47
249593747_29462823_0,65.0,75.29,59.8,64.68
249593748_249593749_0,60.0,71.1,59.83,58.7
249593749_249593739_0,60.0,71.8,58.23,59.2
249593749_249593750_0,60.0,71.25,61.62,63.1
249593750_1456821100_0,65.0,71.43,60.65,62.95
249593752_249593764_0,65.0,71.29,59.36,63.6
249593752_1761357997_0,65.0,77.29,58.84,64.95
249593754_249593755_0,60.0,70.58,56.66,57.4
249593754_249593761_0,60.0,70.42,57.54,57.75
249593754_29461159_0,60.0,70.74,54.46,57.15
249593755_249593756_0,55.0,70.79,57.34,58.1
249593756_249593750_0,60.0,70.77,61.3,61.5
249593756_249593748_0,55.0,71.07,55.97,57.75
249593757_249593755_0,55.0,70.84,55.4,58.15
249593757_29461159_0,55.0,70.8,56.33,58.65
249593757_29461160_0,55.0,71.43,53.85,57.3
249593759_249593760_0,60.0,70.65,56.27,57.5
249593759_249593761_0,55.0,70.65,54.98,57.05
249593759_249593762_0,55.0,71.12,57.27,58.95
249593760_249593759_0,60.0,70.65,56.27,57.5
249593760_249593763_0,65.0,71.27,58.16,59.25
249593760_249593764_0,60.0,70.83,56.95,57.4
249593761_249593764_0,60.0,70.52,56.2,57.5
249593761_249593759_0,55.0,70.65,54.98,57.05
249593761_249593754_0,60.0,70.42,57.54,57.75
249593762_249593763_0,60.0,71.78,57.62,59.4
249593762_249593759_0,55.0,71.12,57.27,58.95
249593762_249603649_0,55.0,72.34,60.66,58.0
249593763_249593762_0,60.0,71.78,57.62,59.4
249593763_249593760_0,65.0,71.27,58.16,59.25
249593763_249593765_0,60.0,71.76,59.03,61.05
249593764_249593761_0,60.0,70.52,56.2,57.5
249593764_249593752_0,65.0,71.29,59.36,63.6
249593764_249593760_0,60.0,70.83,56.95,57.4
249593765_249593763_0,60.0,71.76,59.03,61.05
249593765_1761352313_0,65.0,77.9,58.46,63.75
249593771_29461187_0,55.0,72.11,57.77,56.5
249593771_249593773_0,55.0,72.11,57.77,56.05
249593773_249593771_0,55.0,72.11,57.77,56.05
249593775_29461192_0,60.0,74.58,57.12,56.7
249593775_282538267_0,60.0,73.33,59.95,57.75
249595719_249595720_0,60.0,72.71,57.0,57.35
249595719_21663202_0,60.0,75.7,59.55,58.75
249595720_249599282_0,60.0,71.49,58.61,53.15
249599268_2566246584_0,65.0,79.16,51.81,59.7
249599268_2566246562_0,65.0,78.9,56.6,58.8
249599275_249599277_0,65.0,72.97,54.91,54.05
249599275_21310618_0,65.0,72.1,52.43,54.7
249599275_21310611_0,65.0,73.79,55.87,57.4
249599277_249599282_0,65.0,72.31,56.98,53.65
249599277_21310560_0,65.0,73.58,55.77,54.95
249599282_249599277_0,65.0,72.26,58.53,53.65
249599282_21226838_0,65.0,71.9,54.81,53.8
249603649_262384799_0,65.0,74.77,61.23,57.75
249603649_249593762_0,55.0,72.34,60.66,58.0
249603649_249593775_0,60.0,74.57,61.65,57.95
249660176_615032359_0,65.0,75.34,68.12,67.25
249660176_615032356_0,65.0,74.41,70.85,66.55
249778751_1037266557_0,65.0,61.64,61.92,58.9
249778751_249778817_0,65.0,61.03,61.64,57.4
249778817_249782077_0,65.0,57.85,57.76,56.8
249778817_251163437_0,65.0,61.29,61.45,62.3
249779075_249782077_0,65.0,56.56,57.64,55.65
249779075_249779374_0,65.0,56.97,55.55,54.8
249779314_249779075_0,65.0,56.72,57.2,55.5
249779374_249779377_0,65.0,56.77,55.68,54.35
249779374_249779075_0,65.0,56.97,55.55,54.8
249779374_309106534_0,60.0,58.41,62.53,62.6
249779377_249779374_0,65.0,56.77,55.68,54.35
249779447_1610856081_0,65.0,61.71,61.81,58.35
249779447_310575747_0,65.0,61.28,59.97,62.81
249779447_249779448_0,65.0,58.82,61.74,56.8
249779448_249779447_0,65.0,58.82,61.74,56.8
249779637_252645383_0,65.0,61.74,63.42,63.5
249779637_249779639_0,65.0,58.83,59.99,58.7
249779637_1037266557_0,65.0,61.27,60.75,59.2
249779639_249779640_0,65.0,58.44,56.34,54.95
249779639_249779988_0,65.0,58.33,54.53,54.9
249779640_249782801_0,65.0,59.11,56.09,58.02
249779988_252648643_0,65.0,57.99,54.0,55.05
249782077_250051782_0,65.0,56.09,58.06,55.35
249782077_249778817_0,65.0,57.85,57.76,56.8
249782078_250051782_0,65.0,56.7,57.04,55.6
249782104_250051782_0,65.0,55.96,60.41,55.3
249782146_135868812_0,65.0,57.23,55.33,54.8
249782801_249782802_0,60.0,60.44,56.57,61.27
249782801_243718481_0,60.0,59.1,54.89,57.97
249782802_243718471_0,60.0,59.71,56.94,58.57
249782802_252645870_0,60.0,61.45,64.02,64.25
249782936_249782938_0,55.0,58.98,54.36,55.2
249782938_243744441_0,55.0,59.22,57.7,56.1
249782938_243718471_0,55.0,59.22,57.27,56.15
249784254_90222497_0,65.0,59.85,56.39,59.76
250048268_250048269_0,65.0,60.2,56.9,57.0
250048268_250050261_0,60.0,60.39,53.57,55.4
250048269_247058210_0,65.0,61.2,53.61,57.2
250048269_250048270_0,65.0,61.7,58.29,58.17
250048270_250048271_0,65.0,64.36,62.41,60.07
250048270_250048269_0,65.0,61.71,58.29,58.17
250048270_247057643_0,65.0,61.1,56.92,59.39
250048271_243718092_0,60.0,61.27,56.53,57.87
250048271_250048270_0,65.0,64.36,62.41,60.07
250048271_249555006_0,65.0,60.16,54.05,53.77
250050213_90222470_0,60.0,60.63,60.17,56.0
250050213_250050218_0,65.0,59.06,48.06,52.8
250050213_250152363_0,65.0,58.64,52.14,53.65
250050218_250050222_0,65.0,59.16,50.73,55.1
250050218_3935592764_0,65.0,57.77,52.02,51.1
250050222_250050261_0,60.0,60.44,51.27,54.7
250050222_250050224_0,60.0,61.09,56.94,55.75
250050224_2225549093_0,60.0,64.97,58.13,62.26
250050261_2225549093_0,60.0,61.79,57.09,58.42
250050505_580018633_0,60.0,64.88,52.01,54.3
250050505_250148040_0,65.0,60.8,55.57,53.8
250050505_250157945_0,60.0,59.82,51.83,53.5
250051782_249782104_0,65.0,55.96,60.41,55.3
250051782_249782078_0,65.0,56.7,57.04,55.6
250051782_249779314_0,65.0,56.47,61.35,56.0
250051783_249784254_0,65.0,59.49,53.26,58.06
250051783_2701537327_0,70.0,57.97,60.34,55.05
250051783_249779314_0,65.0,57.51,56.57,55.75
250148040_250050505_0,65.0,60.8,55.57,53.8
250148040_250148042_0,70.0,59.3,51.68,55.4
250148042_250152845_0,65.0,59.45,52.96,53.65
250148042_250148040_0,65.0,59.32,51.49,55.55
250148043_250153484_0,65.0,59.27,50.77,53.5
250148043_31370770_0,65.0,60.29,49.07,53.65
250148043_31370766_0,65.0,59.67,52.65,53.8
250151559_250151561_0,65.0,58.16,53.86,54.05
250151559_4193188214_0,65.0,60.1,56.37,60.4
250151559_580018632_0,60.0,62.33,54.74,61.78
250151561_250151559_0,65.0,58.16,53.86,54.05
250151561_135868812_0,65.0,57.61,56.9,55.2
250151734_580018632_0,65.0,67.14,59.39,61.82
250151734_250050505_0,65.0,61.36,57.03,54.75
250151734_250151736_0,65.0,59.47,54.62,55.35
250151734_282358576_0,65.0,62.2,58.45,61.77
250151736_1525272012_0,65.0,57.44,54.68,52.95
250152363_135868831_0,65.0,57.79,48.71,51.37
250152845_250153766_0,65.0,59.24,53.47,53.1
250152845_250153484_0,60.0,59.52,50.23,55.2
250152845_250148042_0,65.0,59.44,52.96,53.65
250152856_250152880_0,65.0,64.59,59.66,60.72
250152856_250152867_0,65.0,62.6,60.51,59.2
250152856_90222470_0,60.0,63.21,62.12,61.63
250152867_250152880_0,65.0,61.46,61.87,58.1
250152867_250153488_0,65.0,61.49,55.44,57.95
250152867_250152856_0,65.0,62.6,60.51,59.2
250152880_250152856_0,65.0,64.59,59.66,60.72
250152880_135868849_0,65.0,62.2,58.5,60.89
250153484_250153768_0,60.0,59.21,52.0,54.65
250153484_250152845_0,60.0,59.51,50.23,55.2
250153484_250148043_0,65.0,59.26,50.77,53.5
250153484_279818307_0,65.0,58.89,48.02,52.9
250153488_250152867_0,65.0,61.49,55.44,57.95
250153488_250153766_0,65.0,59.43,52.76,54.7
250153488_250153768_0,60.0,58.91,53.37,54.7
250153766_250152845_0,65.0,59.24,53.47,53.1
250153766_250153768_0,60.0,58.59,55.03,53.75
250153766_250153488_0,65.0,59.43,52.76,54.7
250153768_250153766_0,60.0,58.59,55.03,53.75
250153768_250153484_0,60.0,59.21,52.0,54.65
250153768_250153488_0,60.0,58.92,53.37,54.7
250154658_31370771_0,60.0,61.65,53.66,55.2
250154658_267772611_0,65.0,62.0,52.9,55.3
250154660_250154678_0,60.0,61.34,50.12,54.2
250154660_251497844_0,65.0,61.56,51.63,54.7
250154663_250154678_0,60.0,59.88,51.51,51.65
250154663_250154663_0,65.0,59.86,51.77,50.65
250154678_250154663_0,60.0,59.88,51.51,51.65
250154678_31370770_0,60.0,60.58,51.55,53.9
250154678_250154660_0,60.0,61.34,50.12,54.2
250155747_580018633_0,65.0,59.27,51.02,55.7
250157045_315278871_0,65.0,62.12,54.32,56.6
250157045_250169279_0,65.0,62.59,54.62,56.15
250157046_251498029_0,65.0,64.43,60.55,61.6
250157046_250169287_0,65.0,72.82,62.52,69.55
250157945_250050505_0,60.0,59.81,51.93,52.7
250161165_289643842_0,65.0,66.94,57.24,63.52
250161165_289641338_0,65.0,63.67,57.36,62.65
250162729_253310368_0,65.0,56.61,50.84,53.9
250162729_2696488768_0,65.0,57.54,49.76,54.2
250162729_2696488767_0,60.0,56.42,55.87,55.6
250162730_1766615611_0,60.0,63.88,60.12,58.25
250162730_251311498_0,60.0,60.82,58.52,62.35
250162731_250162842_0,60.0,56.59,49.83,51.1
250162842_250162731_0,60.0,56.59,49.83,51.1
250162842_250162844_0,55.0,57.19,46.09,49.95
250162842_309100916_0,55.0,56.95,49.46,50.85
250162844_250162842_0,55.0,57.19,46.09,49.95
250162844_1446873002_0,60.0,59.38,60.42,58.95
250162844_309100912_0,60.0,58.37,52.61,54.2
250163644_130852590_0,60.0,57.19,52.67,54.85
250163644_250164168_0,60.0,57.2,54.9,52.7
250163645_250166712_0,60.0,56.04,53.11,53.85
250163645_253310075_0,60.0,54.66,52.63,52.9
250164167_250166712_0,60.0,57.03,50.86,53.0
250164168_250163644_0,60.0,57.2,54.9,52.7
250164168_251311679_0,60.0,57.97,51.51,54.7
250164173_251311678_0,60.0,62.14,60.42,58.6
250164173_251311498_0,60.0,61.48,59.23,61.72
250166157_253962110_0,60.0,58.54,55.07,55.1
250166166_13448639734_0,65.0,61.97,59.22,62.02
250166166_1766604855_0,60.0,61.71,59.77,58.15
250166712_250164167_0,60.0,57.03,50.86,53.0
250166712_250166714_0,60.0,57.84,58.89,56.65
250166714_246099087_0,65.0,61.54,59.44,59.0
250166714_246099086_0,65.0,61.54,58.46,57.4
250169278_490671374_0,65.0,63.32,54.86,55.8
250169278_251497845_0,65.0,62.87,54.7,55.1
250169278_267772611_0,65.0,62.63,54.89,54.7
250169279_250169286_0,65.0,62.91,54.45,56.1
250169279_250169280_0,65.0,64.62,56.88,59.52
250169280_250169286_0,65.0,64.75,57.08,61.52
250169280_280084361_0,65.0,64.85,58.39,62.1
250169284_309013543_0,65.0,67.92,61.96,62.55
250169284_280084361_0,65.0,67.23,60.44,64.2
250169284_257532323_0,65.0,66.4,59.56,62.82
250169286_251497959_0,65.0,63.53,59.51,59.95
250169286_250169280_0,65.0,64.74,57.08,61.52
250169287_309621132_0,65.0,72.35,63.04,69.25
250196660_250285815_0,65.0,63.42,60.76,63.4
250197135_250291811_0,60.0,64.99,64.83,64.4
250197135_250291804_0,65.0,68.01,65.2,66.2
250197612_223453443_0,65.0,62.97,60.09,64.7
250197612_250200770_0,65.0,62.23,60.09,64.75
250197613_2701464594_0,65.0,66.22,63.11,66.25
250197613_250285816_0,65.0,62.34,62.13,65.1
250200770_2965746472_0,65.0,63.06,61.4,66.4
250200770_243668173_0,65.0,62.93,63.06,66.95
250200771_250200773_0,65.0,64.46,65.32,68.5
250200773_250291797_0,65.0,63.78,65.44,67.85
250200773_250197613_0,65.0,62.74,59.82,66.3
250200782_250200771_0,65.0,63.29,63.74,67.1
250227860_31370860_0,65.0,65.82,67.39,66.48
250227860_31370862_0,65.0,68.02,60.79,67.9
250228305_31370865_0,65.0,61.1,49.86,53.95
250228305_250228348_0,65.0,60.89,54.45,57.5
250228305_250228351_0,65.0,60.49,52.54,58.2
250228348_2550284520_0,65.0,60.02,56.12,58.1
250228351_1893394156_0,65.0,61.29,54.2,58.05
250228351_250228305_0,65.0,60.49,52.54,58.2
250228409_315283511_0,60.0,62.69,57.85,61.85
250228409_1893394156_0,65.0,61.14,57.05,58.75
250228483_250228735_0,65.0,64.91,61.37,63.8
250228483_480684492_0,65.0,69.89,68.78,70.4
250228529_250228690_0,65.0,64.32,55.53,62.35
250228690_1941134542_0,65.0,62.06,57.5,59.15
250228690_1893394002_0,65.0,64.89,59.89,62.6
250228735_250228529_0,65.0,63.99,56.0,61.85
250228773_250228802_0,65.0,62.8,60.72,60.4
250228773_250228483_0,65.0,69.33,66.82,68.55
250228802_250228773_0,65.0,62.8,60.72,60.4
250228802_250228735_0,65.0,61.8,56.54,58.9
250228857_2914311734_0,65.0,72.61,66.85,68.7
250228857_269358169_0,65.0,64.45,59.65,60.7
250228905_2688421894_0,65.0,70.79,66.41,68.95
250285815_250197612_0,65.0,62.12,59.29,63.1
250285816_250285817_0,65.0,61.93,62.66,58.85
250285816_250197135_0,65.0,63.73,61.36,64.55
250285817_243667605_0,60.0,62.51,61.6,57.65
250285817_250291811_0,65.0,63.77,61.8,63.3
250287947_563283796_0,65.0,70.85,58.36,58.3
250291795_250291797_0,65.0,67.87,62.89,70.95
250291795_250200782_0,65.0,63.29,64.16,66.65
250291796_250291795_0,65.0,63.49,64.52,66.7
250291796_1585761952_0,65.0,69.05,63.65,69.8
250291797_250291798_0,65.0,63.57,63.43,66.75
250291797_2701464594_0,65.0,68.11,62.19,68.3
250291798_250291796_0,65.0,67.78,65.07,70.9
250291798_250200770_0,65.0,63.12,63.97,67.8
250291804_2703269795_0,65.0,71.35,66.35,67.8
250291804_244208010_0,65.0,67.54,68.95,66.45
250291805_31333335_0,65.0,73.05,66.1,68.35
250291805_250196660_0,65.0,68.21,66.8,66.08
250291806_2301760111_0,65.0,70.69,65.1,62.9
250291806_135876374_0,65.0,70.75,65.76,60.8
250291807_1171155359_0,60.0,65.83,61.37,61.65
250291807_249104086_0,65.0,67.07,66.4,62.95
250291808_2915886806_0,60.0,64.96,60.14,58.55
250291809_96882681_0,65.0,72.74,60.15,62.09
250291809_251815912_0,65.0,71.06,63.83,64.95
250291810_243745001_0,65.0,72.14,65.15,68.85
250291810_309007001_0,65.0,64.45,62.71,63.6
250291810_267344559_0,65.0,71.71,64.44,67.45
250291811_250285817_0,65.0,63.77,61.8,63.3
250291811_2703269795_0,65.0,66.89,64.3,65.35
250327227_262699077_0,60.0,64.65,58.25,58.8
250327227_306412918_0,65.0,65.56,58.17,57.45
250327571_440390944_0,65.0,68.69,67.56,66.4
250327571_440390942_0,65.0,72.84,67.2,68.6
250327583_257358318_0,65.0,63.72,58.62,60.35
250327611_1480169044_0,65.0,63.84,61.36,60.85
250327611_306418318_0,65.0,70.06,56.87,61.75
250327683_205746148_0,65.0,70.43,63.43,62.35
250327683_306412918_0,65.0,69.82,63.05,62.05
250327683_1523280103_0,65.0,70.79,60.17,60.9
250327683_429187981_0,65.0,70.0,59.37,61.55
250327918_250327945_0,60.0,68.24,60.52,58.5
250327918_2704846803_0,65.0,69.07,57.75,57.45
250327918_10315954887_0,60.0,69.49,58.21,59.6
250327945_250328322_0,60.0,68.23,60.15,59.0
250328260_968906909_0,65.0,69.51,58.18,57.8
250328260_250328320_0,65.0,68.45,60.06,56.7
250328260_102239743_0,65.0,69.87,58.53,59.15
250328320_250328321_0,65.0,68.25,57.7,56.7
250328321_250327918_0,65.0,68.22,56.44,57.37
250328322_25543535_0,65.0,68.64,61.93,59.2
250328322_250328321_0,65.0,68.02,57.88,58.25
250328486_206145281_0,65.0,70.11,58.32,62.0
250328562_250328486_0,65.0,64.13,58.97,60.2
250328562_250328831_0,65.0,64.02,56.55,57.6
250328831_1480169044_0,60.0,64.38,62.04,61.05
250328831_2700537615_0,65.0,62.79,58.37,56.65
250510794_102220068_0,65.0,71.31,64.95,63.73
250747967_309007002_0,65.0,62.13,59.09,61.4
250747968_250291809_0,65.0,69.17,62.37,65.1
250748405_250747967_0,65.0,62.26,57.58,60.65
250748405_1656865996_0,65.0,62.6,62.22,61.65
250748406_250747967_0,65.0,62.0,65.12,60.6
250748406_250748495_0,65.0,68.2,64.94,68.0
250748495_252327296_0,65.0,69.06,63.25,68.45
250749897_21226430_0,65.0,65.89,63.02,61.75
250749935_154783235_0,65.0,64.1,59.72,60.1
250796978_250796979_0,65.0,65.87,59.65,59.3
250796978_567870060_0,65.0,67.36,60.07,60.3
250796979_787822264_0,65.0,66.7,59.33,60.9
250809677_241469424_0,65.0,66.96,63.56,62.85
250809677_257897069_0,65.0,65.4,59.7,61.9
250824521_9511205992_0,60.0,65.45,60.62,58.2
250824521_25543930_0,65.0,65.58,56.85,57.25
250825665_1938126721_0,65.0,61.38,57.91,55.4
250825665_29797325_0,60.0,59.95,54.75,55.2
250825665_283859877_0,60.0,61.27,55.5,56.3
250825666_250827807_0,65.0,63.31,58.93,57.6
250825666_25543930_0,65.0,65.15,56.22,56.85
250825666_1938126711_0,65.0,67.11,58.66,62.8
250826846_205749471_0,55.0,63.65,59.5,57.1
250826846_206174306_0,55.0,63.37,57.93,55.95
250827717_250831285_0,60.0,64.81,57.89,58.15
250827717_250831241_0,65.0,64.58,57.05,57.9
250827717_250830595_0,65.0,65.19,58.21,57.7
250827719_25543897_0,60.0,63.57,59.63,57.65
250827807_1938126713_0,60.0,63.69,56.6,56.95
250827807_283859877_0,65.0,62.63,55.59,58.35
250827960_1938126715_0,60.0,64.37,60.56,57.35
250827960_29089547_0,65.0,67.99,57.32,62.3
250828119_1938126720_0,65.0,63.91,58.98,61.45
250828119_205737742_0,65.0,68.17,66.64,62.25
250828119_250827960_0,60.0,67.47,61.35,61.25
250828632_206174306_0,55.0,63.27,54.61,55.37
250828632_471847460_0,60.0,63.47,56.89,57.8
250828633_1938126686_0,60.0,67.57,58.9,62.2
250828633_1938126705_0,60.0,67.13,60.49,58.9
250830211_250951335_0,55.0,59.8,56.13,55.95
250830594_250830595_0,65.0,65.86,61.68,62.17
250830594_29089547_0,65.0,68.57,58.15,62.8
250830594_1938126711_0,65.0,67.14,62.41,62.75
250830595_250827717_0,65.0,65.19,58.21,57.7
250830595_250830638_0,60.0,65.03,58.89,56.65
250830595_250830594_0,65.0,65.86,61.68,62.17
250830638_250830595_0,60.0,65.03,58.89,56.65
250830638_27551121_0,65.0,66.78,60.38,58.4
250830863_3455794291_0,65.0,65.27,55.29,56.6
250830863_3455795418_0,60.0,65.01,58.79,56.5
250831240_250831283_0,60.0,64.82,59.48,58.25
250831240_2044871319_0,60.0,64.7,58.72,55.7
250831240_442569595_0,65.0,65.03,58.56,56.4
250831241_1938126718_0,65.0,67.91,57.14,57.6
250831241_250831283_0,65.0,65.52,57.66,57.7
250831283_250831240_0,60.0,64.82,59.48,58.25
250831283_250831285_0,60.0,64.44,56.12,57.7
250831283_250831241_0,65.0,65.52,57.66,57.7
250831285_250827717_0,60.0,64.81,57.89,58.15
250831285_3747625829_0,60.0,64.81,60.4,57.85
250859596_974650026_0,65.0,74.94,61.46,63.2
250859597_974650026_0,65.0,74.1,61.98,63.4
250902114_309106533_0,65.0,62.94,63.89,65.05
250902114_286820480_0,65.0,62.97,63.78,63.85
250902114_21458323_0,65.0,67.74,64.48,66.6
250951333_533903004_0,60.0,59.34,52.88,56.0
250951335_29797325_0,60.0,59.38,54.81,55.55
250951335_250830211_0,55.0,59.8,56.13,55.95
250951335_1492499679_0,55.0,60.85,53.97,56.05
250956975_251699777_0,65.0,59.5,59.69,60.0
250969606_29462556_0,65.0,73.53,58.56,59.05
250969608_6451575125_0,65.0,71.54,57.42,59.62
250969608_2715718805_0,65.0,75.79,56.46,62.8
250969609_250969611_0,65.0,70.88,62.87,59.0
250969609_21226850_0,65.0,75.29,60.71,61.45
250969610_250969611_0,60.0,69.49,55.75,56.3
250969611_250969612_0,65.0,70.08,57.38,56.25
250969611_250969610_0,60.0,69.49,55.75,56.3
250969611_250969609_0,65.0,70.88,62.87,59.0
250969612_2713743831_0,65.0,69.56,59.08,57.25
250969612_250969611_0,65.0,70.08,57.38,56.25
250989675_250989676_0,60.0,54.86,60.61,53.5
250989676_280044194_0,60.0,55.05,57.02,52.5
250989676_250989677_0,60.0,56.51,54.07,55.55
250989677_330722598_0,65.0,59.86,58.12,58.8
250989681_432596664_0,65.0,70.05,67.01,69.05
250989681_432596665_0,65.0,65.34,61.22,66.85
250989681_330722598_0,65.0,64.08,64.12,64.12
251163343_289643803_0,65.0,57.36,51.49,54.2
251163437_251165846_0,65.0,61.01,60.8,57.65
251163620_289643825_0,65.0,62.84,67.23,66.7
251163620_21458323_0,65.0,63.04,65.05,66.2
251163804_289645055_0,65.0,59.26,63.29,61.2
251163811_251164246_0,65.0,57.36,55.58,57.05
251163811_251165867_0,60.0,59.05,62.58,62.55
251164246_251163804_0,65.0,57.49,56.33,54.95
251164334_251164246_0,65.0,58.28,61.01,57.7
251164334_560857478_0,65.0,60.27,62.96,63.25
251165308_2727077765_0,65.0,67.03,63.52,65.85
251165308_286819556_0,65.0,68.92,65.43,67.83
251165308_289647180_0,65.0,65.77,61.93,63.75
251165846_560857476_0,60.0,59.13,65.21,58.4
251165846_309106534_0,65.0,61.2,62.24,62.08
251165867_560857478_0,60.0,60.33,63.4,61.4
251288802_9490182767_0,65.0,64.25,63.05,62.15
251288802_251288994_0,65.0,64.09,60.17,60.75
251288994_269792773_0,65.0,64.77,61.76,61.8
251289218_251289639_0,65.0,58.95,58.76,55.4
251289218_1584826214_0,65.0,59.62,61.99,61.4
251289421_1584826220_0,65.0,63.49,63.81,62.95
251289421_1584826079_0,65.0,60.72,62.66,58.55
251289489_251289537_0,65.0,63.3,57.84,59.7
251289489_1584842185_0,65.0,63.27,65.28,59.25
251289537_251289421_0,65.0,62.08,62.78,61.45
251289537_1584842183_0,60.0,60.52,59.75,57.6
251289639_1584826086_0,65.0,58.73,60.94,56.4
251289639_114317201_0,65.0,59.16,60.24,56.1
251290024_251291706_0,65.0,59.67,57.95,53.35
251290024_251290025_0,65.0,59.14,58.83,56.1
251290025_251291732_0,65.0,59.39,62.27,56.45
251290084_27654251_0,65.0,58.23,60.68,56.55
251291706_548663892_0,60.0,59.34,52.45,53.6
251291732_251291804_0,65.0,59.69,54.52,55.2
251291732_1584826241_0,65.0,61.87,62.47,60.6
251291804_548663892_0,60.0,59.25,58.2,53.45
251291804_251291706_0,65.0,59.53,57.12,53.65
251292224_251292274_0,65.0,58.9,56.24,57.15
251292226_251292224_0,65.0,58.61,58.18,55.45
251292226_27654244_0,65.0,63.02,58.37,60.65
251292274_27654246_0,65.0,59.32,63.43,59.65
251292739_1479183769_0,65.0,59.32,59.07,56.2
251292755_8844423934_0,65.0,58.18,57.65,55.4
251292755_28848544_0,65.0,58.82,59.7,59.05
251293116_28848534_0,65.0,60.85,57.51,59.1
251293458_251293525_0,60.0,60.45,62.92,62.55
251293458_21663249_0,65.0,64.05,60.23,64.6
251293525_35081034_0,65.0,61.76,66.07,61.3
251293525_28848549_0,65.0,60.81,58.46,60.7
251309423_253971473_0,65.0,58.89,58.33,58.8
251309423_5440433373_0,65.0,60.91,59.89,60.85
251309426_253971505_0,65.0,56.06,48.6,52.05
251309426_251309427_0,65.0,54.85,50.01,52.65
251309427_309102859_0,65.0,55.54,50.19,49.65
251309427_251309426_0,65.0,54.9,50.01,53.05
251310201_253978732_0,60.0,57.51,53.12,50.8
251310201_254609353_0,60.0,57.0,54.58,52.2
251310761_2701537377_0,60.0,60.46,58.32,62.48
251311049_251310761_0,60.0,60.5,54.18,60.45
251311049_3371971546_0,60.0,57.64,58.08,53.85
251311498_251311623_0,65.0,59.43,57.71,60.8
251311498_250164173_0,60.0,61.48,59.23,61.72
251311498_250162730_0,60.0,60.82,58.52,62.35
251311623_251311625_0,60.0,57.47,56.41,56.55
251311623_253310667_0,65.0,57.89,56.86,56.65
251311625_251311626_0,60.0,58.54,56.92,56.35
251311625_13193582563_0,60.0,57.87,53.85,54.15
251311626_253961619_0,60.0,62.3,60.84,57.8
251311626_253962110_0,60.0,60.81,60.43,58.85
251311678_250164173_0,60.0,62.14,60.42,58.6
251311678_251311679_0,60.0,59.98,60.64,58.4
251311678_253961619_0,60.0,60.74,60.39,58.85
251311679_250164173_0,60.0,59.21,60.57,58.35
251311679_250164168_0,60.0,57.97,51.51,54.65
251312050_253964623_0,60.0,57.51,52.15,53.75
251312050_251312176_0,60.0,57.85,53.03,53.0
251312050_253966227_0,60.0,57.05,51.32,53.4
251312052_251312176_0,65.0,59.76,49.6,50.7
251312176_251312052_0,65.0,59.76,49.6,50.7
251312176_253964622_0,60.0,58.08,54.58,50.25
251312176_251312050_0,60.0,57.85,53.03,53.0
251312177_251312189_0,60.0,57.77,49.4,50.55
251312177_253963417_0,65.0,58.98,56.19,56.2
251312189_251312177_0,60.0,57.77,49.4,50.55
251318243_251329825_0,65.0,68.35,64.38,67.3
251318243_251330302_0,65.0,59.29,60.5,62.2
251318243_252204895_0,65.0,67.03,62.57,65.3
251318533_252213585_0,60.0,57.12,53.2,58.25
251318533_252205605_0,60.0,56.81,57.31,58.4
251318533_251330302_0,60.0,56.89,52.31,58.25
251318534_253237105_0,65.0,57.22,59.43,59.55
251318534_251330301_0,65.0,57.42,55.29,58.1
251318676_251330752_0,65.0,62.48,62.96,65.7
251318676_251329937_0,65.0,65.99,63.77,66.45
251329825_278203989_0,70.0,66.88,61.58,65.8
251329936_278203939_0,65.0,60.36,58.12,57.7
251329936_251330234_0,70.0,64.23,62.36,62.1
251329937_251318243_0,65.0,68.49,62.48,65.15
251330234_78439657_0,70.0,68.47,62.35,62.4
251330235_251329825_0,70.0,67.92,58.76,67.0
251330236_251330235_0,70.0,70.29,60.86,66.28
251330301_251330302_0,65.0,57.65,56.74,56.45
251330301_251318676_0,65.0,58.85,62.08,60.95
251330302_251318243_0,65.0,59.29,60.5,62.2
251330302_251318533_0,60.0,56.89,52.31,58.25
251330752_278203942_0,65.0,61.04,64.31,64.3
251330752_1366398689_0,65.0,66.51,67.18,68.3
251330753_253748780_0,65.0,59.65,56.71,57.45
251330753_251335674_0,65.0,60.54,57.82,59.05
251331785_1890385235_0,65.0,60.58,57.91,59.35
251335673_78439665_0,65.0,63.75,58.66,61.3
251335674_1366400717_0,65.0,59.63,65.44,57.6
251335674_295543321_0,65.0,60.85,59.8,62.42
251335827_251330236_0,65.0,66.82,60.91,66.95
251434972_259846273_0,65.0,64.24,60.99,60.5
251434972_259846269_0,65.0,64.99,60.74,60.35
251434972_21293706_0,65.0,66.8,65.84,65.55
251434974_259845992_0,60.0,66.35,62.6,61.25
251434974_308835843_0,60.0,65.3,58.93,60.65
251435034_2723757650_0,60.0,71.29,62.92,64.65
251435066_1652741004_0,65.0,67.42,67.49,61.35
251435066_251435034_0,60.0,68.86,65.7,65.55
251435167_1677491063_0,65.0,71.32,66.24,65.6
251435167_1322139811_0,65.0,70.8,65.39,65.6
251435250_1324144979_0,65.0,65.26,62.14,59.5
251435250_1990246106_0,65.0,64.54,64.01,60.1
251436871_787746975_0,60.0,72.43,62.74,66.7
251436871_251436876_0,60.0,66.37,61.71,61.25
251436871_2550279489_0,60.0,74.22,63.62,64.25
251436876_251436871_0,60.0,66.37,62.28,61.25
251437009_2725364796_0,65.0,67.58,61.52,59.2
251437009_78462267_0,65.0,67.17,65.51,62.55
251437385_251437593_0,65.0,67.61,59.97,61.8
251437385_25543629_0,65.0,69.63,62.13,63.15
251437448_306427889_0,65.0,65.24,57.69,58.0
251437448_2095552623_0,65.0,65.63,57.14,54.05
251437449_1602512883_0,65.0,66.96,60.87,60.9
251437449_251437385_0,65.0,66.31,60.14,60.35
251437593_306427889_0,65.0,65.33,60.32,58.25
251437593_282557080_0,65.0,65.06,60.79,58.75
251443225_1272557402_0,60.0,74.13,57.63,59.0
251443225_3815277087_0,65.0,73.75,62.36,57.9
251443400_251443402_0,60.0,66.61,53.37,56.2
251443400_1496405744_0,55.0,67.0,55.87,58.25
251443400_310056623_0,55.0,67.1,55.17,56.3
251443402_996747027_0,65.0,66.99,56.4,57.6
251443402_251443400_0,60.0,66.61,53.37,56.2
251443753_3397928346_0,60.0,71.23,61.04,57.5
251443753_3815796873_0,55.0,68.83,61.75,57.55
251469995_1656865967_0,65.0,62.26,58.14,60.62
251470093_253748779_0,65.0,65.2,63.67,64.1
251470093_253748543_0,65.0,65.75,61.35,64.6
251482114_267212124_0,65.0,63.71,56.68,59.55
251487844_309621134_0,65.0,72.75,63.17,68.7
251487844_309012686_0,65.0,65.03,62.54,62.45
251497844_250154658_0,60.0,61.82,56.46,54.5
251497845_251498069_0,65.0,63.34,55.31,61.6
251497845_250157045_0,65.0,62.78,54.64,56.35
251497846_250157046_0,65.0,71.3,65.53,70.0
251497959_250169287_0,65.0,65.07,59.04,64.55
251498029_251497959_0,65.0,63.5,58.82,62.75
251498029_251498069_0,65.0,63.56,58.67,63.25
251498029_250157045_0,65.0,63.01,58.19,61.95
251498069_269704787_0,65.0,63.66,54.86,59.25
251498069_251498090_0,65.0,64.31,55.79,60.95
251498090_490671373_0,65.0,64.85,55.26,61.65
251498090_269704788_0,65.0,64.08,57.38,61.6
251498276_269347380_0,65.0,65.16,65.86,61.32
251498276_2935978700_0,65.0,64.92,60.58,60.7
251563355_245054068_0,65.0,65.91,61.29,60.0
251563428_306426491_0,65.0,66.01,64.61,63.7
251563428_1935893981_0,65.0,73.78,66.47,63.25
251563428_242937535_0,65.0,70.89,64.06,61.45
251564397_251564446_0,65.0,65.04,61.21,61.6
251564397_314432643_0,65.0,64.81,59.34,60.3
251564409_2535438965_0,65.0,71.2,63.14,62.65
251564446_2633770183_0,65.0,67.12,59.11,62.3
251564446_1846898956_0,65.0,66.63,60.28,61.3
251564543_306426494_0,65.0,66.23,65.36,63.75
251564543_21555657_0,65.0,73.89,64.05,66.75
251564543_251630028_0,65.0,71.27,64.92,65.05
251564544_251566731_0,65.0,66.31,58.49,59.9
251565106_234735615_0,65.0,63.86,66.22,61.5
251565226_251566407_0,65.0,65.35,58.01,59.45
251565226_306427885_0,65.0,65.28,58.51,59.85
251565226_306426499_0,65.0,64.96,58.03,58.8
251565226_206144205_0,65.0,65.95,60.7,61.1
251566398_309624083_0,65.0,66.19,60.08,60.75
251566398_251566732_0,65.0,67.59,60.01,60.1
251566407_251565226_0,65.0,65.35,58.01,59.45
251566407_251564544_0,65.0,66.96,59.77,60.55
251566731_251566398_0,65.0,67.43,59.66,60.25
251566732_2542835940_0,65.0,67.01,59.16,60.1
251566815_1476095579_0,65.0,68.34,62.51,62.8
251566979_251564409_0,65.0,65.58,59.2,60.75
251566979_251564397_0,65.0,64.87,60.51,60.15
251567268_306425826_0,65.0,63.82,58.76,60.45
251567268_252222514_0,65.0,63.8,61.07,59.05
251568387_8007871597_0,65.0,66.34,56.19,56.35
251568387_306425825_0,65.0,63.66,56.56,56.9
251568387_306425827_0,65.0,64.05,58.61,59.45
251568388_234735828_0,65.0,63.72,63.32,59.35
251568432_251565106_0,65.0,63.37,65.96,58.55
251568432_306425821_0,65.0,63.42,58.27,58.65
251616910_5107500006_0,65.0,68.25,58.32,58.6
251616910_262510634_0,65.0,72.06,60.58,60.52
251616910_1944100728_0,65.0,73.59,61.47,60.1
251618171_102240412_0,70.0,66.83,54.63,57.15
251618171_251618172_0,65.0,68.24,56.52,59.4
251618171_566145061_0,65.0,65.44,56.55,58.55
251618172_251618171_0,65.0,68.23,56.52,59.25
251618172_293784383_0,65.0,69.73,59.38,60.62
251618172_1367017436_0,70.0,72.34,59.27,59.15
251618328_1973604213_0,70.0,67.22,55.3,54.3
251618340_482665291_0,65.0,67.34,63.26,62.35
251618341_31370772_0,65.0,66.3,65.83,66.75
251618341_251498276_0,65.0,64.06,58.33,60.4
251622051_259173646_0,60.0,65.32,55.28,59.75
251622052_251885827_0,65.0,67.42,57.95,60.3
251622056_251622074_0,60.0,65.82,56.78,58.45
251622058_251709454_0,65.0,70.17,62.54,61.03
251622058_251622066_0,60.0,68.9,57.56,59.9
251622058_251622064_0,60.0,65.36,56.61,58.9
251622060_251622061_0,60.0,64.84,57.91,57.75
251622060_251622064_0,60.0,64.68,54.65,56.9
251622064_251622060_0,60.0,64.68,54.65,56.9
251622064_251622058_0,60.0,65.36,56.61,58.9
251622064_5340954132_0,60.0,64.56,55.17,54.55
251622066_266325819_0,65.0,65.15,59.23,54.95
251622066_251622067_0,60.0,65.02,56.82,55.05
251622066_25543663_0,65.0,68.88,55.4,60.95
251622067_251622066_0,60.0,65.02,56.82,55.05
251622067_5340954132_0,60.0,64.55,54.26,54.7
251622068_251622067_0,60.0,65.32,56.74,59.05
251622074_251622077_0,60.0,63.15,53.36,54.52
251622074_251622060_0,60.0,65.19,55.53,55.03
251622077_251622074_0,60.0,63.14,53.36,54.52
251622084_335593072_0,60.0,67.6,58.94,57.75
251622084_1184628587_0,60.0,67.54,59.03,57.3
251622085_262385115_0,60.0,67.52,53.05,56.55
251622085_251622093_0,60.0,66.17,50.83,53.15
251622085_251622088_0,60.0,68.41,50.13,56.8
251622088_251622085_0,60.0,68.41,50.13,56.8
251622088_251622116_0,60.0,66.98,53.09,53.7
251622088_251622090_0,65.0,69.08,53.26,58.62
251622090_1764266277_0,65.0,71.44,56.2,59.02
251622090_251622088_0,65.0,69.08,53.26,58.62
251622090_251622098_0,65.0,69.3,53.61,57.4
251622091_251622093_0,60.0,65.09,53.06,52.15
251622091_251622093_1,60.0,65.11,52.36,52.1
251622091_6382834092_0,55.0,64.49,50.71,52.2
251622093_251622085_0,60.0,66.17,50.83,53.15
251622093_251622091_0,60.0,65.09,53.06,52.15
251622093_251622091_1,60.0,65.11,52.36,52.1
251622098_251622116_0,65.0,67.09,56.57,55.55
251622098_251622123_0,65.0,69.17,64.98,56.8
251622098_251622090_0,65.0,69.3,53.61,57.4
251622099_259173649_0,60.0,71.59,61.6,61.95
251622099_251622115_0,60.0,71.27,61.59,61.32
251622099_251622105_0,60.0,66.17,57.35,59.6
251622105_251622115_0,55.0,65.92,57.02,57.95
251622105_251622099_0,60.0,66.17,57.35,59.6
251622115_1184628570_0,60.0,67.91,58.73,61.15
251622116_251622088_0,60.0,66.98,53.09,53.7
251622116_251622125_0,65.0,66.49,54.13,54.85
251622120_21226064_0,60.0,68.08,58.14,60.35
251622120_251622121_0,65.0,66.99,59.54,60.12
251622121_3610707694_0,60.0,66.46,58.25,57.25
251622121_251622129_0,60.0,66.26,58.66,56.2
251622121_251622120_0,65.0,66.99,59.54,60.12
251622123_251622131_0,65.0,69.26,66.33,58.8
251622123_251622098_0,65.0,69.17,64.98,56.8
251622124_251622125_0,65.0,66.15,51.23,55.65
251622124_251622123_0,65.0,66.92,52.03,53.8
251622125_251622127_0,60.0,66.15,56.87,55.65
251622125_251622124_0,65.0,66.14,51.07,55.7
251622126_251622124_0,60.0,66.19,53.44,54.95
251622126_251622127_0,60.0,66.03,54.6,55.05
251622127_251622130_0,60.0,66.03,56.98,55.3
251622127_251622126_0,60.0,66.03,54.6,55.05
251622129_251622126_0,60.0,66.11,54.1,54.75
251622129_251622130_0,60.0,65.88,56.66,55.6
251622130_251622129_0,60.0,65.88,56.66,55.6
251622130_3610707694_0,60.0,66.12,56.86,56.5
251622131_251622123_0,65.0,69.26,66.33,58.8
251622131_330117076_0,65.0,69.33,61.01,57.1
251622721_21306403_0,65.0,75.4,62.8,59.55
251622721_251622724_0,65.0,72.65,60.98,60.7
251622724_21306398_0,65.0,71.85,59.71,59.0
251622724_1497233569_0,60.0,72.21,58.74,60.0
251629620_251563428_0,60.0,66.31,60.57,63.75
251629620_4062335201_0,60.0,65.74,60.75,60.25
251629620_472689949_0,65.0,65.53,61.55,61.1
251629683_10137333033_0,65.0,65.75,62.23,60.4
251629683_2542791797_0,65.0,65.99,63.07,60.5
251629751_2542791797_0,60.0,67.15,62.48,64.0
251629751_1935893981_0,65.0,71.67,62.84,60.7
251629929_258340933_0,65.0,65.67,58.74,57.7
251629929_2542782616_0,65.0,66.57,61.55,62.45
251629929_2542331127_0,65.0,66.4,58.57,60.1
251630028_472689949_0,65.0,65.76,66.23,60.15
251630028_251564543_0,65.0,71.27,64.92,65.05
251630028_242937535_0,65.0,70.27,64.84,61.45
251630030_258340932_0,65.0,64.91,57.23,56.8
251630030_258340933_0,65.0,65.28,57.42,56.9
251698023_269351984_0,65.0,67.15,65.06,64.2
251698023_253242452_0,65.0,73.54,61.74,67.35
251698023_245054289_0,65.0,71.66,64.44,65.75
251698295_206144636_0,65.0,65.65,59.93,60.3
251698295_269351985_0,65.0,65.96,61.05,60.5
251699570_251699571_0,60.0,60.0,60.34,58.45
251699570_1485871236_0,65.0,68.53,62.65,63.45
251699570_253236781_0,65.0,64.17,67.16,64.65
251699571_253236782_0,65.0,60.13,52.02,56.3
251699777_250956975_0,65.0,59.5,59.69,60.0
251699777_1841427341_0,65.0,59.3,60.67,59.0
251700025_1841427335_0,65.0,59.87,57.46,60.85
251700025_253236782_0,65.0,60.16,55.27,58.3
251700025_251700027_0,60.0,60.04,60.76,61.45
251700026_251700027_0,65.0,59.43,65.38,55.0
251700027_610286541_0,60.0,59.72,61.12,63.0
251700027_251700025_0,60.0,60.04,60.76,61.45
251700027_251700026_0,65.0,59.43,65.38,55.0
251709436_251709441_0,65.0,70.75,59.79,60.45
251709441_251893207_0,65.0,66.39,57.22,59.02
251709441_251709442_0,65.0,69.81,61.98,61.05
251709442_251709443_0,65.0,71.66,60.05,61.25
251709443_266325819_0,65.0,69.11,58.98,61.75
251709443_25543663_0,65.0,71.01,60.47,59.9
251709454_251622058_0,65.0,70.17,62.54,61.03
251709454_334502089_0,65.0,70.55,61.43,61.55
251709454_266325807_0,65.0,65.54,58.96,58.62
251709527_251622721_0,65.0,75.87,61.74,60.15
251709527_914427327_0,65.0,72.41,61.95,60.25
251745085_256985156_0,60.0,64.92,59.68,59.2
251745085_256986661_0,60.0,65.36,59.26,62.15
251745086_259788847_0,65.0,56.05,59.43,59.16
251745086_264635230_0,65.0,55.08,54.74,52.9
251745086_309386006_0,65.0,57.32,56.27,58.5
251745094_255156199_0,65.0,58.27,59.12,57.1
251745094_255191385_0,65.0,56.47,66.12,58.0
251745097_255191385_0,60.0,56.83,61.43,58.0
251745097_259786167_0,65.0,54.93,51.89,51.55
251745097_255191390_0,60.0,56.94,61.65,58.3
251745285_1851687414_0,65.0,62.74,59.57,59.55
251745285_251745286_0,65.0,63.6,56.14,61.1
251745285_175969702_0,60.0,63.58,57.9,59.9
251745286_175971288_0,65.0,64.0,63.65,63.85
251745286_251745287_0,65.0,63.6,59.08,59.3
251745286_251745285_0,65.0,63.6,56.14,61.1
251745287_306370313_0,60.0,66.2,60.08,58.75
251755010_5068644319_0,65.0,65.87,60.27,63.85
251755010_260134311_0,65.0,67.65,57.34,62.1
251755010_29089546_0,65.0,69.43,59.13,62.95
251755099_251755100_0,65.0,66.15,58.21,58.4
251755099_29765458_0,65.0,67.23,60.1,61.8
251755100_531580221_0,65.0,68.17,58.12,58.95
251755100_1839136732_0,65.0,65.44,56.65,57.35
251755100_3704673916_0,60.0,67.15,60.48,60.4
251755102_531595669_0,60.0,64.96,57.05,60.02
251755102_205737749_0,65.0,63.82,58.75,57.75
251755102_234720688_0,60.0,64.81,58.4,59.67
251755105_1839136730_0,65.0,65.41,58.95,57.45
251755105_3704674157_0,60.0,66.02,59.7,59.7
251760162_242938125_0,60.0,63.97,59.44,60.45
251760162_21225950_0,65.0,67.31,63.46,60.2
251786675_292683551_0,65.0,65.36,57.78,60.25
251786675_292683546_0,65.0,63.69,51.75,54.4
251786677_292683556_0,55.0,64.46,59.97,57.45
251786680_292683556_0,60.0,66.55,61.56,61.34
251786680_590020602_0,60.0,66.7,60.08,59.95
251786804_292683551_0,60.0,66.67,62.47,61.35
251786804_9611794996_0,60.0,64.6,62.12,60.5
251786804_292683556_0,60.0,66.24,59.87,61.0
251786805_9414077223_0,65.0,70.23,66.55,62.4
251786805_292683551_0,65.0,69.53,63.69,62.1
251787403_251787415_0,60.0,59.78,56.58,57.35
251787403_251787404_0,60.0,58.26,57.05,56.55
251787403_1028342312_0,65.0,59.0,54.33,54.9
251787404_265960246_0,60.0,58.37,56.61,58.2
251787404_251787403_0,60.0,58.26,57.05,56.55
251787406_1856089832_0,65.0,63.76,61.72,60.22
251787415_251787403_0,60.0,59.78,56.58,57.35
251787415_245178955_0,60.0,59.69,51.02,55.95
251815912_309006096_0,65.0,74.19,62.03,62.79
251815912_250749897_0,65.0,70.42,62.48,63.8
251885817_251888705_0,65.0,65.59,56.87,57.5
251885817_339025546_0,65.0,65.95,56.28,59.22
251885818_251885829_0,60.0,65.44,57.35,58.9
251885818_251888705_0,65.0,64.06,57.69,57.2
251885818_8282233352_0,60.0,63.34,55.63,54.75
251885827_5340954133_0,65.0,69.28,59.85,61.75
251885827_251885834_0,65.0,69.69,58.87,62.25
251885827_251885838_0,60.0,67.33,56.18,60.5
251885829_251885834_0,65.0,69.07,59.68,61.75
251885829_251885818_0,60.0,65.44,57.35,58.9
251885831_25543608_0,65.0,68.9,59.93,60.41
251885833_251885834_0,60.0,67.29,57.22,60.45
251885834_251885829_0,65.0,69.07,59.68,61.75
251885834_251885827_0,65.0,69.69,58.87,62.25
251885834_251885831_0,65.0,67.41,57.98,60.2
251885838_251622051_0,60.0,67.72,56.78,60.68
251888705_251885817_0,65.0,65.59,56.87,57.5
251888705_251885818_0,65.0,64.06,57.69,57.2
251888711_251888779_0,55.0,59.57,55.38,54.7
251888714_251888727_0,55.0,56.31,48.34,52.3
251888727_251888729_0,55.0,62.22,56.51,55.0
251888727_251888714_0,55.0,56.31,48.34,52.3
251888729_251888727_0,55.0,62.22,56.51,55.0
251888732_251888826_0,60.0,54.95,48.76,54.8
251888761_268403440_0,60.0,58.33,55.73,55.3
251888779_251888774_0,55.0,55.55,49.48,53.25
251888779_251888711_0,55.0,59.59,55.38,54.65
251888793_251888727_0,60.0,57.76,48.89,55.95
251888826_2763712877_0,55.0,57.17,51.1,54.5
251888826_2763712876_0,55.0,58.19,53.29,57.0
251888826_251888732_0,60.0,54.98,48.88,54.8
251888834_2763712877_0,55.0,53.74,51.05,54.45
251892951_1184628615_0,60.0,65.26,59.47,59.65
251892951_259173646_0,60.0,67.03,57.81,57.1
251892958_251885833_0,60.0,67.74,58.51,60.18
251893207_279123942_0,65.0,66.11,59.08,60.67
251893207_251709442_0,65.0,66.66,57.73,59.07
251893208_266325967_0,60.0,65.95,55.53,56.85
251893208_279123942_0,60.0,65.88,57.83,57.35
251893208_78472471_0,65.0,66.56,61.35,58.4
252123139_252123142_0,65.0,79.08,66.77,70.55
252123165_252123166_0,65.0,75.01,57.93,57.55
252123165_1182870742_0,65.0,74.9,58.18,57.75
252123166_252123165_0,65.0,75.01,57.93,57.55
252123166_9761760506_0,65.0,71.23,60.68,57.95
252204158_295543875_0,65.0,70.88,63.39,66.63
252204158_252204159_0,65.0,60.1,61.64,62.05
252204159_252204186_0,60.0,59.15,58.93,55.85
252204159_252204187_0,65.0,59.38,60.37,59.9
252204159_252204193_0,65.0,58.78,56.68,57.1
252204161_2707236773_0,65.0,58.47,58.55,59.2
252204186_252204159_0,60.0,59.15,58.93,55.85
252204186_78423114_0,65.0,59.67,60.69,57.65
252204187_252204159_0,65.0,59.38,60.37,59.9
252204187_2701893583_0,65.0,62.4,62.56,62.05
252204193_252206484_0,60.0,58.43,56.7,55.55
252204193_1806319813_0,60.0,58.52,59.49,60.78
252204193_1474088228_0,65.0,61.59,60.06,62.75
252204310_252204311_0,65.0,56.62,59.59,56.85
252204310_249112878_0,65.0,61.56,66.02,64.2
252204310_253237490_0,65.0,61.13,59.74,61.5
252204311_252204310_0,65.0,56.62,59.59,56.85
252204443_252204444_0,65.0,57.62,56.84,57.46
252204443_252204186_0,65.0,57.87,55.43,58.1
252204444_252209197_0,60.0,56.73,50.29,52.6
252204445_252205606_0,60.0,56.88,55.52,57.38
252204445_252204444_0,60.0,56.95,55.07,57.48
252204536_252204541_0,55.0,56.32,49.48,51.7
252204536_252204576_0,55.0,55.29,51.02,51.35
252204541_252206804_0,60.0,57.05,53.84,56.7
252204541_252204542_0,60.0,56.67,56.2,56.55
252204541_78423113_0,60.0,57.15,54.87,56.4
252204542_252206341_0,55.0,57.62,54.57,56.15
252204542_252206804_0,60.0,56.93,55.57,56.95
252204576_78423105_0,65.0,56.28,47.57,52.3
252204596_252204954_0,60.0,56.62,58.39,59.4
252204596_252213910_0,60.0,58.32,59.16,56.45
252204895_252209766_0,60.0,57.6,56.51,54.85
252204895_252209756_0,65.0,65.19,59.6,61.25
252204954_310281102_0,60.0,55.41,56.5,56.55
252204954_252209196_0,60.0,56.35,55.83,57.45
252204970_1801176332_0,65.0,58.55,60.11,61.72
252204970_252214034_0,65.0,58.62,58.41,59.65
252205341_267116283_0,65.0,62.82,54.93,55.5
252205476_2746602004_0,65.0,57.2,59.15,56.75
252205476_252208361_0,65.0,60.86,60.31,61.45
252205476_253237490_0,65.0,61.48,59.63,62.0
252205478_254116424_0,65.0,57.61,50.45,54.2
252205605_251318533_0,60.0,56.81,57.31,58.4
252205605_1486113818_0,60.0,56.24,56.08,57.65
252205606_252204954_0,60.0,56.74,58.14,59.4
252205606_252205605_0,60.0,56.65,53.12,55.76
252205696_1295523758_0,60.0,55.34,54.85,56.65
252205696_310281103_0,65.0,56.03,55.84,57.85
252205696_1295523747_0,60.0,55.54,58.26,56.9
252206196_251318534_0,65.0,56.29,58.49,58.6
252206196_252213590_0,60.0,56.3,57.44,57.85
252206197_252208286_0,65.0,55.24,57.42,58.34
252206198_252206196_0,60.0,55.82,59.44,58.2
252206198_253237490_0,65.0,55.61,63.67,59.4
252206198_310283740_0,65.0,54.88,55.12,55.48
252206201_1219615441_0,60.0,58.29,62.3,56.0
252206201_1486120727_0,60.0,57.8,59.74,56.25
252206203_252206204_0,65.0,55.03,55.0,52.95
252206204_2719773422_0,65.0,55.24,54.87,53.55
252206282_1486120727_0,60.0,57.24,60.38,58.95
252206282_1219614996_0,60.0,56.58,57.29,58.8
252206282_1295523747_0,60.0,55.4,56.84,56.7
252206341_252204542_0,55.0,57.62,54.57,56.15
252206341_252206342_0,55.0,55.02,52.17,55.4
252206341_252207831_0,55.0,56.61,54.15,55.7
252206342_252206341_0,55.0,54.99,52.17,55.35
252206484_2701893609_0,65.0,57.96,56.1,55.83
252206484_3610812232_0,65.0,59.0,61.6,61.2
252206804_1806319813_0,60.0,57.25,53.45,56.6
252206804_78423113_0,60.0,57.39,53.63,56.55
252206804_252204542_0,60.0,56.93,56.12,56.95
252207829_252207832_0,60.0,57.13,53.75,55.33
252207829_252204161_0,60.0,57.33,53.69,56.56
252207831_78423105_0,60.0,56.54,52.99,54.3
252207831_252206341_0,55.0,56.61,54.15,55.7
252207832_4143390101_0,60.0,56.72,53.66,53.4
252207832_252207834_0,60.0,56.79,54.33,54.4
252207832_252207831_0,60.0,56.8,52.97,54.5
252207834_252204161_0,65.0,57.18,53.94,54.45
252208197_252206197_0,65.0,57.64,61.12,60.2
252208197_245178949_0,65.0,64.51,63.95,64.47
252208197_252208361_0,65.0,62.78,62.58,64.38
252208285_252208362_0,60.0,54.07,55.05,54.28
252208285_252206198_0,60.0,54.83,55.58,55.82
252208286_1219614996_0,60.0,54.87,58.18,58.3
252208361_310283740_0,65.0,55.5,60.74,57.18
252208361_252205476_0,65.0,60.86,60.31,61.45
252208361_252208197_0,65.0,62.78,62.58,64.38
252208362_252208286_0,60.0,54.33,54.66,54.88
252209196_252204444_0,60.0,56.21,52.85,53.05
252209197_252209761_0,60.0,57.04,49.0,52.9
252209197_252209766_0,60.0,56.72,47.92,52.05
252209756_256066355_0,65.0,59.0,58.92,57.25
252209756_256066347_0,65.0,65.88,59.18,61.0
252209756_2719821941_0,65.0,64.72,60.09,60.85
252209761_7103194880_0,60.0,56.71,52.03,53.0
252209761_252209197_0,60.0,57.04,49.0,52.9
252209761_256066324_0,60.0,57.2,51.22,52.85
252209766_252204445_0,60.0,56.54,51.37,54.2
252213585_252213590_0,60.0,56.06,53.5,56.12
252213585_251318534_0,60.0,57.11,52.47,56.42
252213590_252213585_0,60.0,56.06,53.5,56.12
252213590_1219615356_0,60.0,55.47,54.98,56.75
252213910_1388804939_0,60.0,56.43,57.43,56.3
252213910_913291481_0,60.0,58.43,63.11,55.55
252214034_2719773422_0,65.0,57.54,56.36,59.41
252214119_252206203_0,65.0,56.47,51.42,53.1
252214119_1363483814_0,65.0,59.97,53.86,56.4
252222514_2609558196_0,65.0,68.1,60.87,63.5
252222514_251567268_0,65.0,63.8,61.07,59.05
252222897_252222901_0,65.0,67.21,64.05,62.7
252222897_356695343_0,65.0,71.28,63.1,65.05
252222901_2609558199_0,65.0,67.14,60.53,61.95
252222901_232856404_0,65.0,68.81,62.69,62.55
252225087_357251292_0,65.0,73.31,65.75,65.1
252230119_252230122_0,65.0,64.66,59.31,58.85
252230119_6420547633_0,60.0,66.04,63.69,63.35
252230122_252230119_0,65.0,64.7,59.9,58.8
252231064_2542790080_0,60.0,66.93,62.73,64.25
252231064_1938093366_0,65.0,64.71,65.4,58.0
252231625_252231064_0,60.0,65.3,63.03,58.0
252231625_252230119_0,60.0,65.96,63.31,60.75
252232136_1839136757_0,65.0,70.55,66.38,62.5
252232136_31013212_0,65.0,70.66,62.82,64.8
252235547_21225903_0,65.0,66.09,60.89,62.3
252237079_232853494_0,65.0,66.58,57.46,65.3
252237079_232852894_0,60.0,65.77,59.03,64.85
252237081_252237079_0,60.0,64.93,62.71,62.35
252237081_273098629_0,60.0,64.48,60.93,61.8
252237084_252237081_0,65.0,64.47,62.31,63.25
252237087_232852364_0,65.0,66.01,63.29,64.1
252237087_273098621_0,65.0,65.02,62.85,65.9
252237087_232852894_0,60.0,65.66,59.58,65.1
252327295_246100078_0,65.0,72.44,64.6,69.15
252327295_246100080_0,65.0,67.59,55.68,65.3
252327296_250291810_0,65.0,71.14,64.88,68.35
252373958_252373959_0,65.0,66.3,59.36,60.8
252373958_1652183466_0,65.0,66.63,62.97,63.0
252373959_1652733229_0,65.0,66.18,60.15,60.45
252376346_1303432793_0,65.0,65.22,59.63,59.15
252376346_2798584143_0,65.0,67.51,61.18,62.1
252392147_280074755_0,65.0,57.67,56.74,58.35
252392147_432596664_0,65.0,60.27,52.19,62.7
252392149_417737700_0,60.0,57.49,57.28,55.6
252392152_268763286_0,65.0,56.98,60.12,57.58
252392152_268760417_0,65.0,57.37,59.94,57.33
252392154_252392152_0,65.0,55.8,59.65,56.15
252392154_567871827_0,65.0,56.02,61.52,55.55
252392156_252392154_0,65.0,54.92,56.06,56.9
252392156_567871274_0,60.0,55.34,62.29,58.35
252392159_268763050_0,65.0,55.64,57.22,58.7
252392159_256579776_0,60.0,54.63,60.85,59.25
252392162_269523646_0,60.0,64.14,63.06,67.45
252392164_268762397_0,55.0,57.92,60.88,56.25
252392164_268760443_0,55.0,59.28,57.58,55.55
252430909_1251157179_0,60.0,65.72,60.41,59.35
252430909_1251157288_0,65.0,69.78,62.6,61.85
252565666_252566330_0,65.0,65.58,62.82,59.3
252565666_11046749348_0,65.0,66.77,59.08,59.85
252565667_252565668_0,65.0,64.98,61.01,60.2
252565667_252565666_0,65.0,65.01,57.77,60.2
252565667_257897058_0,65.0,64.8,59.77,58.6
252565668_429251599_0,65.0,66.68,61.2,63.25
252565668_10925861941_0,65.0,65.79,60.01,62.75
252565668_252565669_0,65.0,64.87,61.26,61.7
252565669_252565670_0,65.0,64.47,61.19,57.35
252565669_444382209_0,65.0,64.42,61.88,60.15
252565670_206145285_0,65.0,64.97,62.11,64.65
252565670_444382211_0,65.0,64.97,59.46,61.4
252566330_252565666_0,65.0,65.58,62.82,59.3
252566330_9287919191_0,65.0,68.22,62.22,63.1
252566561_205696203_0,65.0,68.29,64.79,62.6
252566561_2762602021_0,65.0,74.46,68.08,67.8
252566561_9287919191_0,65.0,76.76,66.36,67.45
252566566_259982827_0,65.0,70.33,60.58,64.25
252566566_260478477_0,65.0,66.44,61.18,65.05
252612015_1245595368_0,60.0,64.91,53.13,54.79
252612015_309918944_0,60.0,65.78,53.78,56.58
252612015_3780440230_0,65.0,67.39,60.45,57.25
252631061_241474645_0,60.0,62.06,57.56,55.9
252631062_252631063_0,65.0,63.16,59.77,57.4
252631062_241474590_0,65.0,67.84,61.98,64.95
252631063_252631065_0,65.0,63.22,57.32,57.25
252631063_252631062_0,65.0,63.16,59.77,57.4
252631063_252631064_0,65.0,63.3,59.33,58.7
252631064_241474643_0,65.0,64.12,58.9,59.7
252631064_252631063_0,65.0,63.3,59.33,58.7
252631064_241474644_0,65.0,63.34,59.73,58.6
252631065_252631063_0,65.0,63.23,57.32,57.2
252631065_241474644_0,60.0,63.11,60.94,58.85
252631066_1598193910_0,65.0,71.41,58.7,62.95
252631066_206144162_0,65.0,67.75,61.65,63.3
252631066_252631067_0,65.0,63.99,62.44,61.85
252631067_241474338_0,65.0,63.23,59.39,57.55
252631067_241474644_0,65.0,62.91,58.22,59.35
252631068_33197630_0,65.0,62.79,60.05,57.95
252631070_252631068_0,65.0,63.22,57.41,58.25
252632608_13786691471_0,65.0,64.31,62.85,64.25
252632613_252632608_0,65.0,65.48,61.17,64.36
252632613_13786691471_0,65.0,68.19,62.44,63.66
252634863_33197799_0,65.0,62.44,60.91,57.8
252634871_252634863_0,60.0,62.43,60.54,57.7
252634871_33197801_0,65.0,63.83,61.35,63.75
252635198_1652242698_0,60.0,65.9,61.33,60.35
252635198_31489454_0,60.0,70.48,64.59,64.35
252635778_139262340_0,65.0,70.12,63.3,64.05
252635778_241474728_0,65.0,67.1,56.86,64.3
252635778_241474729_0,65.0,71.92,60.21,63.95
252635784_241474729_0,65.0,68.55,60.37,63.55
252635784_1725740892_0,65.0,65.84,61.34,62.9
252637106_252637108_0,65.0,65.32,59.36,60.2
252637106_242937155_0,65.0,63.88,62.23,58.5
252637106_6411055640_0,65.0,65.46,61.76,62.35
252637107_1745715324_0,65.0,68.79,66.22,65.6
252637108_252637110_0,65.0,66.03,61.48,63.55
252637108_252637107_0,65.0,66.95,64.25,64.2
252637110_356695347_0,65.0,70.71,62.47,64.75
252637834_252637836_0,65.0,66.03,59.96,58.55
252637834_31489452_0,65.0,68.82,60.75,64.85
252637836_252637834_0,65.0,66.03,59.96,58.55
252637836_252637847_0,65.0,67.21,56.81,58.5
252637836_9398083918_0,65.0,65.66,57.13,58.5
252637837_252637834_0,65.0,66.6,61.5,60.15
252637839_90626652_0,65.0,64.96,57.95,59.3
252637839_9398083918_0,65.0,67.74,55.08,59.2
252637847_252637837_0,65.0,65.25,56.27,58.75
252637847_252637836_0,65.0,67.21,56.81,58.5
252638503_1931361003_0,65.0,62.08,61.04,60.65
252639688_269926086_0,60.0,66.3,58.56,61.85
252639690_252639692_0,65.0,64.91,53.62,61.1
252639690_252639688_0,65.0,66.37,55.94,61.8
252639692_252639698_0,65.0,63.51,56.6,60.0
252639692_252639690_0,65.0,64.91,53.62,61.1
252639696_252639692_0,65.0,62.22,54.81,60.35
252639698_252639692_0,65.0,63.51,56.6,60.0
252639698_3148947135_0,65.0,62.54,56.24,55.0
252639698_3148947136_0,65.0,62.71,56.0,54.75
252640948_31508872_0,65.0,65.62,64.22,64.75
252645382_1585761969_0,65.0,61.7,63.06,61.32
252645383_249779637_0,65.0,61.74,63.42,63.5
252645383_2701175496_0,65.0,62.41,63.01,63.85
252645392_2701175492_0,65.0,62.71,60.6,63.45
252645870_2701175496_0,65.0,63.43,64.3,63.8
252645870_249782801_0,65.0,60.91,62.8,62.22
252645870_252645383_0,65.0,63.0,60.66,63.9
252648643_243718478_0,60.0,57.82,57.42,55.3
252648643_252648644_0,65.0,57.98,54.66,54.75
252648644_249779640_0,65.0,58.59,54.99,54.95
252648644_249779988_0,65.0,57.91,54.32,55.25
252820377_1009312065_0,65.0,80.4,63.46,66.0
252820377_259592092_0,65.0,76.31,61.75,64.45
252820377_2661069721_0,65.0,78.06,63.0,62.3
253234442_253234445_0,60.0,64.29,61.29,61.45
253234442_232822670_0,65.0,68.78,61.61,62.65
253234445_253234442_0,60.0,65.62,63.03,62.08
253234445_253234442_1,60.0,64.29,61.29,61.45
253236781_251699570_0,65.0,64.17,67.16,64.65
253236781_253237105_0,65.0,63.38,62.62,62.7
253236782_251700025_0,65.0,60.16,55.27,58.3
253236782_251699571_0,65.0,60.13,52.02,56.3
253236782_253236781_0,65.0,59.67,62.67,58.95
253237105_1517888856_0,65.0,62.29,59.68,61.0
253237105_253236781_0,65.0,63.38,62.62,62.7
253237490_252204310_0,65.0,61.13,59.74,61.5
253237490_252205476_0,65.0,61.48,59.63,62.0
253238205_31489433_0,65.0,72.0,67.57,67.75
253238206_1485871229_0,65.0,70.24,65.11,65.25
253238206_31489433_0,65.0,69.86,67.39,66.15
253238667_253238669_0,65.0,66.09,58.95,60.1
253238667_1521058266_0,65.0,65.77,56.49,60.9
253238667_245053488_0,65.0,67.61,59.26,60.75
253238669_253238671_0,65.0,65.76,58.93,59.6
253238669_253238668_0,60.0,66.47,60.23,61.48
253238671_206144636_0,65.0,65.72,59.82,60.5
253242307_251698023_0,65.0,66.78,62.43,64.3
253242307_2517398577_0,65.0,66.45,60.83,63.9
253242452_2377778960_0,65.0,68.19,63.72,63.55
253242452_251698023_0,65.0,73.54,61.74,67.35
253242452_21555657_0,65.0,74.99,64.56,67.0
253243310_206144668_0,65.0,66.07,60.69,58.9
253243381_331085627_0,60.0,66.65,59.15,60.35
253243381_472747955_0,65.0,66.69,60.64,60.65
253243382_331085627_0,60.0,66.13,57.05,60.2
253243382_331082761_0,65.0,65.56,57.52,62.15
253245479_331085622_0,60.0,65.7,55.91,59.25
253288768_304777376_0,60.0,68.72,59.02,59.25
253288768_21226936_0,65.0,66.39,59.53,62.6
253288768_29137415_0,65.0,68.34,55.53,58.2
253309968_253309971_0,60.0,55.94,47.77,52.2
253309968_253309971_1,60.0,55.57,48.86,51.75
253309968_130850407_0,60.0,55.58,48.4,49.5
253309971_253309968_0,60.0,55.94,47.77,52.2
253309971_331073433_0,60.0,56.25,51.49,53.0
253310074_253310079_0,60.0,55.21,49.96,52.35
253310074_130850407_0,65.0,54.9,50.09,51.4
253310075_331073433_0,60.0,56.02,52.92,53.3
253310075_250163645_0,60.0,54.66,52.63,52.9
253310075_253310076_0,60.0,55.6,51.68,52.9
253310076_253310079_0,60.0,55.57,48.83,52.45
253310076_253310079_1,60.0,54.04,48.94,51.75
253310076_253310075_0,60.0,55.6,51.68,52.9
253310079_253310076_0,60.0,55.57,48.83,52.45
253310079_253310074_0,60.0,55.21,49.96,52.35
253310247_253310251_0,60.0,58.49,59.02,58.4
253310247_246099086_0,65.0,61.91,56.41,63.38
253310247_243671597_0,65.0,62.87,58.77,62.35
253310249_253310251_0,65.0,56.5,49.39,52.0
253310251_253310249_0,65.0,56.5,49.39,52.0
253310251_253310247_0,60.0,58.49,59.02,58.4
253310251_253310252_0,65.0,56.13,52.7,52.7
253310252_253310251_0,65.0,56.13,52.7,52.7
253310252_253310074_0,60.0,55.81,51.91,51.6
253310368_250162729_0,65.0,56.61,50.84,53.9
253310368_309097368_0,65.0,58.14,54.96,55.15
253310368_331073433_0,60.0,56.35,50.76,52.85
253310556_309100920_0,60.0,56.17,53.87,53.3
253310667_253310668_0,65.0,57.25,54.5,55.0
253310667_286820479_0,65.0,58.91,62.57,60.0
253310668_286820478_0,65.0,56.74,50.22,55.85
253310978_254893279_0,65.0,62.99,60.14,56.55
253310978_86878877_0,65.0,63.31,60.34,63.52
253310980_87993637_0,65.0,61.9,60.04,58.1
253310980_576280841_0,65.0,59.99,60.56,57.2
253310981_286819539_0,65.0,64.64,66.03,63.98
253311193_589999860_0,55.0,61.21,52.65,54.0
253311193_253311749_0,60.0,60.38,53.74,54.75
253311193_253311352_0,60.0,60.73,50.27,54.55
253311345_253311350_0,60.0,61.35,52.92,54.8
253311345_589999848_0,60.0,60.68,54.16,53.95
253311348_253311349_0,60.0,61.61,54.28,54.85
253311348_1482587762_0,60.0,61.16,48.39,54.1
253311348_589999860_0,60.0,61.3,50.62,54.25
253311349_589999848_0,60.0,61.32,53.4,53.85
253311349_253311350_0,60.0,61.38,52.24,53.5
253311349_253311348_0,60.0,61.61,54.28,54.85
253311350_253311345_0,60.0,61.35,52.92,54.8
253311350_589999860_0,60.0,61.67,52.92,54.6
253311351_253311352_0,55.0,61.13,53.97,55.1
253311351_589999860_0,60.0,61.02,50.68,54.05
253311352_253311636_0,60.0,61.05,58.31,55.25
253311352_365547371_0,60.0,61.41,57.74,56.55
253311352_253311193_0,60.0,60.73,50.27,54.55
253311353_253311634_0,65.0,62.0,58.65,60.75
253311634_253311635_0,60.0,63.62,62.89,64.9
253311634_286819539_0,65.0,61.76,67.82,64.8
253311634_286819556_0,65.0,65.45,66.33,63.95
253311635_253311636_0,60.0,61.17,55.91,58.3
253311635_365547371_0,60.0,61.85,55.87,58.7
253311636_6388709435_0,65.0,60.59,56.64,56.85
253311636_253311353_0,65.0,61.48,57.0,59.15
253311749_253311193_0,60.0,60.38,53.74,54.75
253311749_253311778_0,60.0,61.18,55.43,55.25
253311778_253311749_0,60.0,61.09,54.79,55.35
253311778_253311780_0,60.0,60.09,53.27,53.8
253311780_253311778_0,60.0,60.09,53.27,53.8
253312191_3994375156_0,65.0,60.67,59.04,56.6
253312191_253312239_0,65.0,62.99,61.49,61.68
253312239_86878877_0,65.0,64.95,62.24,62.2
253312239_253632223_0,65.0,62.82,61.35,61.7
253632216_253632231_0,65.0,63.55,61.04,62.15
253632218_253312191_0,65.0,62.52,61.08,56.55
253632223_253632218_0,65.0,62.75,62.25,57.45
253632223_253632225_0,65.0,62.91,62.96,58.15
253632225_1585751008_0,65.0,64.3,61.6,62.92
253632231_253632225_0,65.0,62.78,64.53,57.95
253632231_253632218_0,65.0,62.7,62.38,57.5
253647555_253647556_0,65.0,59.25,58.48,55.65
253647555_250163645_0,60.0,57.29,58.66,55.6
253647556_309100929_0,65.0,59.92,59.48,56.6
253647556_2690373433_0,60.0,57.1,55.5,55.1
253647556_243671596_0,65.0,58.95,54.53,58.15
253747756_253747766_0,65.0,59.93,60.57,57.65
253747756_295543321_0,65.0,64.16,61.39,62.95
253747766_1366402961_0,65.0,60.22,58.13,57.35
253747766_253748200_0,65.0,61.58,59.94,63.05
253748189_253748191_0,65.0,61.41,58.62,60.65
253748189_1366402961_0,65.0,60.4,62.25,59.95
253748191_253748197_0,65.0,66.81,65.34,67.6
253748194_253748191_0,65.0,66.54,58.66,63.95
253748194_253748189_0,65.0,61.03,58.88,61.8
253748197_253748200_0,65.0,67.03,64.22,64.57
253748197_90647596_0,65.0,69.27,62.09,67.5
253748200_1334032148_0,65.0,67.16,63.68,63.12
253748444_253748445_0,65.0,59.77,56.81,55.3
253748444_253747766_0,65.0,60.25,55.29,55.05
253748445_253748444_0,65.0,59.77,56.81,55.3
253748445_253748445_0,65.0,59.43,54.73,54.85
253748543_251330753_0,65.0,61.21,62.43,63.4
253748543_251470093_0,65.0,65.75,61.35,64.6
253748543_90579834_0,65.0,66.4,60.2,64.6
253748779_251470093_0,65.0,65.2,63.67,64.1
253748779_281725753_0,65.0,65.9,62.79,63.75
253748780_253748779_0,65.0,59.71,60.26,58.45
253748780_251330753_0,65.0,59.65,56.71,57.45
253750443_253973133_0,65.0,61.46,59.96,61.4
253750443_253750449_0,65.0,56.2,65.06,56.65
253750443_245178950_0,65.0,62.3,60.48,64.28
253750449_253750443_0,65.0,56.21,65.06,56.65
253750452_253973133_0,65.0,61.37,60.85,61.4
253750452_253750569_0,65.0,56.89,55.56,55.6
253750452_253750570_0,65.0,61.03,60.0,60.45
253750457_2158839321_0,60.0,56.53,53.71,50.8
253750569_253750570_0,65.0,56.78,57.03,56.0
253750569_253761174_0,65.0,57.08,55.41,53.2
253750570_253750571_0,65.0,61.01,60.23,62.6
253750570_253750452_0,65.0,61.03,60.0,60.45
253750571_253750572_0,65.0,55.33,57.51,56.5
253750571_253973143_0,65.0,62.05,58.77,62.68
253750571_253750570_0,65.0,61.01,60.23,62.6
253750572_253750571_0,65.0,55.33,57.51,56.5
253752169_1555859669_0,65.0,63.44,57.43,58.77
253752169_949734422_0,65.0,63.09,62.55,62.33
253752176_949734422_0,65.0,65.77,59.27,59.64
253752176_253752274_0,65.0,64.09,60.24,62.09
253752181_253752182_0,60.0,59.06,58.67,58.8
253752274_253974132_0,65.0,63.52,59.49,59.65
253752274_253752176_0,65.0,64.08,60.24,62.09
253752361_254608718_0,60.0,61.47,59.38,61.9
253752361_253767851_0,65.0,65.01,58.23,62.77
253752361_253974132_0,65.0,64.2,57.6,63.5
253752364_253754852_0,65.0,60.02,60.67,61.28
253752562_311471747_0,65.0,62.62,53.36,59.45
253752563_253752562_0,65.0,60.4,59.95,59.65
253753550_322559519_0,65.0,61.95,60.38,60.8
253753552_311471747_0,65.0,66.94,59.07,63.16
253754849_253754861_0,60.0,57.74,54.74,54.88
253754850_254608713_0,65.0,57.81,57.16,55.75
253754852_1544856083_0,65.0,60.05,61.05,59.85
253754853_254607235_0,65.0,63.03,59.35,60.0
253754853_254607232_0,65.0,58.78,56.55,56.05
253754853_245178952_0,65.0,63.56,60.82,60.1
253754861_253754850_0,60.0,57.63,54.77,54.83
253754864_253754963_0,65.0,59.23,56.1,57.25
253754864_253754965_0,60.0,58.42,52.2,54.25
253754963_253754864_0,65.0,59.23,56.1,57.25
253754963_266210036_0,65.0,60.7,59.34,61.1
253754963_3924356171_0,65.0,64.87,57.96,61.3
253754963_3392234027_0,65.0,64.52,57.48,62.62
253754965_254608715_0,55.0,58.27,54.13,54.6
253754965_253754849_0,60.0,58.41,53.85,54.63
253754965_253754864_0,60.0,58.42,52.2,54.25
253758339_253758340_0,55.0,57.31,48.78,51.15
253758339_309100912_0,60.0,57.74,48.84,51.8
253758340_253758339_0,55.0,57.31,48.78,51.15
253758340_253758340_0,55.0,55.89,48.63,49.5
253761163_253761174_0,65.0,57.51,58.37,56.15
253761163_1555859669_0,65.0,61.06,57.79,60.9
253761163_253973143_0,65.0,61.75,59.97,62.88
253761174_253750457_0,65.0,56.94,57.63,52.4
253767849_253767850_0,60.0,58.19,56.66,55.05
253767849_253754852_0,60.0,58.31,61.08,57.35
253767850_253767849_0,60.0,58.19,56.66,55.05
253767850_309108921_0,60.0,58.6,54.29,54.7
253767850_254608714_0,55.0,58.2,55.59,54.75
253767851_253752361_0,65.0,65.01,58.23,62.77
253767851_254602514_0,65.0,63.79,59.67,62.58
253961619_253961626_0,60.0,58.03,57.05,54.85
253961619_251311678_0,60.0,60.74,60.39,58.85
253961619_251311626_0,60.0,62.3,60.84,57.8
253961626_253961626_0,55.0,55.84,51.95,51.05
253961626_253961619_0,60.0,58.03,57.05,54.85
253962110_251311626_0,60.0,60.81,60.43,58.85
253962110_13448639734_0,60.0,62.31,61.61,61.72
253962111_250166157_0,60.0,56.28,46.89,49.05
253962111_3372116788_0,55.0,55.91,47.05,46.7
253963417_1322833621_0,65.0,64.41,57.92,63.1
253963417_1521106880_0,65.0,63.07,59.36,62.88
253963425_1521106900_0,60.0,58.52,57.44,57.15
253963425_253963418_0,65.0,57.34,57.01,55.75
253963662_253978186_0,60.0,57.21,54.22,54.25
253963662_2561281028_0,60.0,57.56,52.48,52.55
253964622_253964623_0,60.0,57.82,53.39,53.2
253964622_253964639_0,60.0,58.14,52.89,51.05
253964623_253964639_0,60.0,57.59,49.85,51.25
253964639_251312177_0,60.0,57.98,48.59,50.5
253966227_253966236_0,55.0,56.41,48.47,51.35
253966236_253967086_0,60.0,59.33,59.84,59.84
253966236_6379955738_0,60.0,58.69,57.36,56.2
253967086_12899818810_0,65.0,61.24,66.32,61.9
253967086_253966236_0,60.0,59.33,59.84,59.84
253967086_1521106905_0,65.0,62.7,60.66,61.86
253967089_2645429148_0,60.0,59.8,57.24,54.75
253967089_253968184_0,60.0,59.71,56.28,55.5
253967096_1439242069_0,60.0,57.76,51.0,53.85
253968184_253968186_0,65.0,59.66,54.79,54.65
253968184_1030280439_0,70.0,61.8,66.02,58.3
253968186_253968184_0,65.0,59.66,54.79,54.65
253971473_253971505_0,65.0,58.24,51.37,52.35
253971473_251309423_0,65.0,58.89,58.33,58.8
253971474_1490628237_0,65.0,57.78,51.65,52.2
253971489_253971486_0,65.0,61.91,58.02,58.35
253971505_726427458_0,65.0,56.91,51.71,51.95
253971505_253971473_0,65.0,58.24,51.37,52.35
253971505_251309426_0,65.0,56.06,48.6,52.05
253971704_734058541_0,65.0,57.91,60.54,59.5
253971869_1753249588_0,65.0,56.99,52.22,55.65
253971869_734058538_0,65.0,59.34,58.0,60.25
253973133_253750452_0,65.0,61.37,60.85,61.4
253973133_253750443_0,65.0,61.46,59.96,61.4
253973133_253973140_0,65.0,56.4,63.8,56.55
253973137_253973291_0,65.0,59.52,58.52,58.25
253973139_253973551_0,65.0,56.3,55.13,54.4
253973139_253973140_0,70.0,56.97,52.71,55.55
253973140_252206203_0,65.0,55.47,52.67,52.0
253973140_253973133_0,65.0,56.4,63.8,56.55
253973143_253761163_0,65.0,61.75,59.97,62.88
253973143_253750571_0,65.0,62.05,58.77,62.68
253973148_320540316_0,65.0,62.84,59.21,57.33
253973148_2165076234_0,70.0,59.09,56.61,56.25
253973182_253973148_0,70.0,62.66,61.76,57.48
253973291_253973137_0,65.0,59.52,58.52,58.25
253973551_253973552_0,65.0,55.06,52.15,52.9
253973551_253973143_0,65.0,56.79,58.5,58.8
253973552_253973550_0,65.0,56.62,56.03,54.1
253974000_6925083996_0,65.0,55.72,53.63,48.05
253974132_253752274_0,65.0,63.52,59.49,59.65
253974132_253974133_0,65.0,58.33,56.15,56.9
253974132_253752361_0,65.0,64.2,57.6,63.5
253974133_253974134_0,60.0,57.56,50.99,52.7
253974133_253973136_0,65.0,57.12,52.87,52.45
253974134_253974133_0,60.0,57.54,50.83,52.7
253978186_1030280441_0,65.0,59.49,60.78,60.97
253978186_253978732_0,60.0,57.05,52.64,54.8
253978732_254896320_0,60.0,56.85,51.29,53.2
253978732_401526011_0,65.0,57.57,55.74,55.8
254073135_254073137_0,60.0,58.17,63.97,59.8
254073137_311472221_0,60.0,57.12,59.34,55.7
254073137_254073139_0,60.0,58.3,65.53,59.75
254073139_254073311_0,60.0,59.75,61.72,61.3
254073158_1432231024_0,65.0,63.97,53.99,58.5
254073158_9600682521_0,65.0,64.81,62.01,60.45
254073174_258328195_0,60.0,59.68,66.57,60.9
254073311_664155007_0,60.0,63.68,63.23,62.2
254073311_254073174_0,60.0,60.1,64.3,61.05
254116424_250956975_0,65.0,58.4,52.59,55.6
254602211_253752361_0,60.0,61.17,62.11,60.28
254602514_254603136_0,60.0,59.13,58.56,58.2
254602514_254608716_0,65.0,64.4,59.95,62.52
254602514_253767851_0,65.0,63.81,59.67,62.52
254602515_254609078_0,60.0,58.91,55.37,56.65
254603124_3163232430_0,65.0,65.9,63.91,61.75
254603124_254603133_0,65.0,61.49,61.43,60.95
254603124_254607235_0,65.0,63.91,61.53,61.65
254603126_254604859_0,65.0,61.54,59.32,58.0
254603128_254603134_0,60.0,58.99,55.41,54.85
254603128_254603126_0,65.0,60.79,58.05,58.4
254603133_254603128_0,60.0,61.11,54.65,58.85
254603134_254603133_0,60.0,58.94,55.67,56.0
254603134_245178952_0,65.0,58.93,58.24,56.2
254603136_254603134_0,60.0,58.0,49.52,51.4
254603136_254609070_0,60.0,59.06,49.69,53.25
254604859_254602515_0,60.0,59.73,55.74,57.1
254604867_281439790_0,65.0,55.31,50.11,54.4
254605800_254602211_0,60.0,60.35,56.96,57.15
254607230_3239543960_0,65.0,58.9,48.3,53.05
254607230_1579330641_0,65.0,60.21,57.75,56.25
254607232_254607233_0,65.0,58.69,50.91,53.05
254607232_253754965_0,65.0,58.58,53.0,54.15
254607233_3239543960_0,65.0,59.03,50.35,53.5
254607233_254607235_0,65.0,59.43,58.09,57.3
254607233_254607232_0,65.0,58.69,50.91,53.05
254607235_253754853_0,65.0,63.03,59.35,60.0
254607235_254603124_0,65.0,63.91,61.53,61.65
254607239_322561790_0,65.0,64.31,52.56,53.95
254608713_254608714_0,60.0,57.85,53.64,55.86
254608713_253767849_0,60.0,58.03,56.23,55.91
254608714_253754849_0,55.0,57.92,53.73,55.6
254608714_254608715_0,55.0,58.14,53.07,55.05
254608715_254608716_0,60.0,58.92,56.61,57.95
254608715_309108921_0,60.0,58.52,53.07,53.7
254608716_254602514_0,65.0,64.4,59.95,62.52
254608716_245178952_0,65.0,63.52,57.49,63.08
254608718_1544856050_0,60.0,60.57,61.95,59.25
254609070_254609074_0,60.0,58.19,49.17,53.2
254609070_254602515_0,60.0,58.27,54.58,52.8
254609074_2032424273_0,60.0,57.76,50.9,53.35
254609074_254609078_0,60.0,57.81,55.67,53.0
254609078_254605800_0,60.0,59.47,57.86,57.1
254609353_254896316_0,60.0,56.57,50.79,53.25
254609353_254609362_0,60.0,56.36,46.23,51.7
254609355_251310201_0,60.0,56.38,53.73,51.4
254609362_310987102_0,60.0,56.15,47.51,51.0
254613467_245178950_0,65.0,56.57,61.23,58.45
254893279_254893285_0,60.0,59.62,58.08,54.95
254893279_253310978_0,65.0,62.99,60.14,56.55
254893279_92162690_0,60.0,62.26,61.91,56.25
254893289_254898855_0,60.0,57.5,49.48,51.95
254893289_309107701_0,60.0,58.23,49.71,53.35
254893935_246099088_0,60.0,60.56,59.65,61.62
254893938_254893935_0,60.0,58.98,51.39,54.18
254894854_254894867_0,65.0,56.79,46.21,50.45
254894861_2561281028_0,60.0,59.21,50.78,53.3
254894861_2561281020_0,60.0,59.58,50.82,52.8
254894867_254894854_0,65.0,56.79,46.21,50.45
254894867_254894868_0,60.0,56.38,48.38,51.55
254894867_2561281043_0,60.0,57.52,50.15,51.3
254894868_254894867_0,60.0,56.38,48.38,51.55
254895366_251310201_0,60.0,57.04,55.63,52.15
254895366_401526011_0,60.0,57.9,58.95,58.81
254896316_254609362_0,60.0,56.42,47.59,52.2
254896316_254896320_0,60.0,56.58,50.12,51.65
254896316_309107701_0,60.0,57.74,50.81,52.95
254896320_253963662_0,60.0,56.61,50.73,49.6
254898855_254898857_0,60.0,57.14,45.09,50.55
254898855_2561281100_0,60.0,57.78,48.68,50.25
254898857_254898855_0,60.0,57.14,45.09,50.55
255137148_255137262_0,65.0,63.87,58.33,63.62
255137148_297543451_0,65.0,63.38,55.9,63.11
255137262_255137264_0,65.0,59.07,59.72,63.4
255137262_255191422_0,65.0,63.97,53.92,60.78
255137264_255191421_0,65.0,59.03,51.12,58.0
255137264_255191552_0,65.0,59.11,55.01,58.7
255137281_255137303_0,65.0,56.49,53.6,52.1
255137281_255155565_0,65.0,57.64,52.21,57.35
255137303_255137395_0,60.0,56.08,51.4,52.5
255137394_259788851_0,60.0,55.34,44.59,49.75
255137395_255191438_0,60.0,56.9,55.37,54.85
255155565_255137394_0,65.0,56.72,49.3,56.25
255155567_259788851_0,60.0,54.44,44.49,47.95
255155568_255155567_0,60.0,53.43,56.72,50.3
255156199_255156219_0,65.0,58.04,56.7,56.7
255156219_259780858_0,65.0,58.27,58.76,56.2
255156219_259780913_0,60.0,57.56,59.25,56.95
255191385_251745097_0,60.0,56.83,61.43,58.0
255191385_255191388_0,60.0,54.77,46.76,51.2
255191385_251745094_0,65.0,56.47,66.12,58.0
255191388_255191385_0,60.0,54.78,46.76,51.25
255191388_255191390_0,65.0,55.3,44.84,51.25
255191390_2566633454_0,65.0,57.94,60.24,63.25
255191390_251745097_0,60.0,56.94,61.65,58.3
255191419_259782092_0,60.0,53.21,50.71,49.0
255191421_255191422_0,65.0,59.32,54.51,56.85
255191421_255137281_0,65.0,58.9,52.52,58.35
255191422_255191423_0,65.0,64.28,56.26,61.83
255191422_1108957943_0,65.0,63.4,55.58,62.16
255191423_255137148_0,65.0,63.79,54.76,60.98
255191438_2208094327_0,60.0,56.01,50.26,52.4
255191438_255191552_0,60.0,58.91,50.24,59.65
255191552_255191421_0,65.0,59.24,52.92,56.8
255191552_255191438_0,60.0,58.91,50.24,59.65
255192611_655260128_0,65.0,62.63,60.61,60.5
255192645_206176497_0,65.0,63.5,61.53,57.35
255192645_255192686_0,60.0,63.04,59.0,57.8
255192666_9783566251_0,65.0,62.38,57.9,61.2
255192666_249586563_0,65.0,62.23,61.19,61.0
255192686_655252572_0,65.0,63.15,58.34,58.25
255192686_175973026_0,65.0,62.23,55.63,57.8
255192686_255192666_0,60.0,61.66,59.87,57.75
255192856_255192881_0,65.0,64.98,62.23,61.1
255192856_2533504790_0,65.0,70.2,60.19,62.85
255192881_255193479_0,60.0,64.57,57.98,61.7
255192881_255193506_0,60.0,64.34,59.32,61.85
255192944_206176492_0,65.0,67.28,61.91,62.5
255192944_2702771663_0,65.0,68.06,59.79,62.6
255193479_255192881_0,60.0,64.57,57.98,61.7
255193479_1722079176_0,60.0,65.62,61.98,63.4
255193506_1851687408_0,60.0,63.37,58.16,58.65
255193506_175969702_0,60.0,64.2,62.1,59.8
255193506_255192881_0,60.0,64.34,59.32,61.85
255321075_1942968946_0,60.0,62.98,58.96,59.95
255321075_257355990_0,60.0,62.76,56.51,58.45
255321075_255322433_0,65.0,63.18,56.67,60.95
255321448_21227233_0,60.0,65.58,58.58,60.4
255321448_259980769_0,60.0,64.57,59.38,61.35
255321454_2411481278_0,60.0,63.46,52.62,57.0
255321454_257358736_0,60.0,62.21,55.64,56.45
255321456_2700266019_0,60.0,61.33,54.93,56.85
255321712_1974252474_0,65.0,66.02,65.64,61.1
255321920_257355992_0,65.0,62.46,57.83,56.65
255321920_255322394_0,60.0,62.35,55.04,57.1
255321948_11046749348_0,65.0,66.12,58.46,59.95
255321949_11046749348_0,65.0,66.78,59.05,59.45
255321949_257897057_0,60.0,64.74,57.56,60.2
255321949_255322404_0,60.0,64.22,56.48,59.85
255321950_10925861941_0,60.0,68.43,62.84,62.05
255322271_1762621286_0,65.0,65.21,60.27,60.0
255322364_255322402_0,65.0,65.02,59.49,61.85
255322364_252565670_0,65.0,64.75,63.96,61.9
255322364_2330779332_0,65.0,65.47,61.83,62.32
255322394_255322431_0,60.0,62.53,55.47,58.0
255322394_309902909_0,60.0,62.28,55.83,57.95
255322394_306417617_0,60.0,62.34,54.77,58.1
255322402_255322364_0,65.0,65.01,59.49,61.8
255322402_10925861939_0,60.0,66.94,62.26,62.02
255322404_255322405_0,65.0,63.88,57.33,58.55
255322404_1765639656_0,60.0,63.32,57.58,57.02
255322404_255321949_0,60.0,64.22,56.48,59.85
255322405_255322406_0,65.0,63.79,64.49,61.85
255322405_255321948_0,65.0,64.91,59.01,58.25
255322405_257355992_0,65.0,63.25,59.65,56.95
255322406_255321712_0,65.0,65.83,64.85,61.7
255322406_306417591_0,65.0,65.23,62.21,60.95
255322431_255322394_0,60.0,62.53,55.47,58.0
255322431_306418323_0,60.0,62.2,56.24,58.75
255322431_560877195_0,60.0,62.32,55.03,57.45
255322433_259980911_0,60.0,63.61,60.59,61.15
255322433_255321075_0,65.0,63.18,56.67,60.95
255322433_1737461034_0,60.0,63.72,62.04,61.4
255322433_259981068_0,65.0,63.87,59.36,61.65
255322436_1511838184_0,65.0,64.63,64.05,60.9
255322436_1850143064_0,65.0,64.75,62.97,61.15
255322750_259980911_0,65.0,64.37,63.76,63.0
255322750_255322752_0,65.0,66.38,64.41,64.35
255322750_29797369_0,65.0,69.65,63.82,64.7
255322752_259980837_0,65.0,64.21,64.15,63.05
255322752_2584765451_0,65.0,66.37,66.43,63.75
255322753_29797368_0,65.0,64.51,64.76,61.1
255322753_257994949_0,65.0,64.98,63.0,60.75
255323409_90593917_0,65.0,74.5,68.39,68.05
255323409_301980781_0,65.0,73.54,70.22,70.4
255323417_301980826_0,65.0,68.53,64.98,66.3
255323417_255323418_0,65.0,67.05,62.59,63.65
255323417_29137453_0,65.0,65.21,59.77,59.85
255323418_90593921_0,65.0,72.55,63.6,67.25
255323918_301981835_0,60.0,64.84,53.85,56.5
255323918_270255247_0,60.0,65.64,54.3,56.25
255323918_21458593_0,60.0,65.48,57.38,58.95
255495874_344814474_0,65.0,66.89,59.35,57.95
255495874_2807263923_0,65.0,68.79,62.12,59.8
255495874_256709508_0,65.0,69.25,62.8,62.25
255496709_401350923_0,65.0,64.62,63.33,58.45
255496709_344814475_0,65.0,65.82,57.16,59.8
255496710_255497780_0,65.0,63.67,58.45,57.6
255496710_255497133_0,65.0,63.84,57.47,57.6
255497133_344814474_0,65.0,64.76,58.95,58.55
255497780_401350927_0,65.0,63.68,57.53,57.35
255506956_256035589_0,60.0,61.42,54.99,55.67
255506956_256033469_0,65.0,63.0,58.47,58.25
255506956_255507765_0,60.0,63.39,57.07,57.92
255506957_1977699917_0,60.0,60.17,57.15,55.15
255506957_256034437_0,60.0,59.8,59.81,57.1
255506957_256037205_0,60.0,59.5,56.38,55.25
255507765_255506956_0,60.0,63.39,57.07,57.92
255507765_255507980_0,60.0,63.47,59.49,58.38
255507765_1944647030_0,65.0,63.94,60.11,59.6
255507979_1944647027_0,65.0,65.61,61.79,61.5
255507979_344814474_0,65.0,65.37,59.3,59.25
255507979_2807263923_0,65.0,66.3,65.32,58.55
255507980_256031729_0,60.0,63.71,59.4,56.42
255507980_255507765_0,60.0,63.47,59.49,58.38
255508199_256031729_0,60.0,63.64,59.45,56.67
255508199_256036691_0,65.0,62.82,59.97,57.15
255508199_256038505_0,65.0,64.22,61.67,57.67
255508199_256225833_0,65.0,63.44,57.91,56.82
255508200_245555951_0,65.0,69.92,60.61,62.74
255508200_705722216_0,65.0,66.23,60.13,60.7
255508200_1944647053_0,65.0,67.62,56.37,60.64
255508200_705722212_0,65.0,67.53,59.3,61.15
255895171_206177209_0,65.0,65.46,56.34,59.15
255895171_1460519078_0,65.0,65.04,57.89,58.3
255895171_102240023_0,65.0,64.61,56.18,59.05
255895457_566145069_0,65.0,64.32,54.57,55.15
255895457_10956402328_0,65.0,64.66,53.45,55.4
255895473_596370827_0,65.0,69.82,62.11,57.4
255895473_21458583_0,65.0,70.05,62.49,57.3
255895473_260479139_0,65.0,70.56,61.22,62.75
255895519_262505954_0,65.0,74.78,67.29,66.9
255895519_659518109_0,65.0,69.73,64.83,66.0
255895523_262505959_0,65.0,69.08,62.22,59.5
255895523_306997474_0,65.0,67.86,62.3,59.95
255895529_2779844249_0,65.0,62.86,57.13,56.5
255895529_964081045_0,60.0,63.57,57.19,56.4
255895529_2701579937_0,60.0,63.74,56.54,58.77
255895531_1236466535_0,60.0,68.54,63.7,68.3
255895531_1236466560_0,60.0,63.23,60.33,61.6
255895531_171206295_0,60.0,65.93,60.68,64.85
255895613_508468645_0,65.0,64.49,58.11,60.85
255895613_3782743892_0,65.0,60.14,59.16,58.2
255949473_1110165223_0,65.0,55.5,55.87,57.25
256029974_256036691_0,65.0,61.82,55.75,54.75
256029974_256031085_0,60.0,61.43,55.74,54.45
256029974_256035233_0,60.0,61.14,54.72,54.7
256029976_256031085_0,60.0,61.07,55.14,56.3
256031085_256029976_0,60.0,61.07,55.14,56.3
256031085_7294905813_0,60.0,62.14,53.43,54.2
256031085_256034377_0,60.0,61.15,53.37,52.6
256031087_249555902_0,60.0,58.13,55.17,54.62
256031087_2514866049_0,65.0,57.39,49.4,52.35
256031729_7294905813_0,60.0,62.86,56.39,54.95
256031729_255508199_0,60.0,63.64,59.45,56.67
256031729_255507980_0,60.0,63.71,59.4,56.42
256031888_2516127373_0,65.0,62.18,52.74,56.55
256031888_256031889_0,65.0,63.52,57.41,57.75
256031889_256031888_0,65.0,63.52,57.41,57.75
256031889_256039873_0,65.0,64.27,57.91,59.8
256031889_256039109_0,65.0,65.98,60.34,59.95
256032840_1944647041_0,65.0,63.52,59.91,59.55
256032840_256034420_0,60.0,63.01,56.65,58.38
256032840_1944651134_0,65.0,63.41,58.17,58.35
256032840_256032846_0,65.0,62.0,53.52,55.85
256032843_256032846_0,65.0,61.22,59.18,57.4
256032843_256034424_0,60.0,64.35,61.09,61.78
256032843_256041122_0,65.0,63.73,64.21,60.6
256032846_256034423_0,60.0,61.1,55.76,54.2
256032846_256032843_0,65.0,61.22,59.18,57.4
256032846_256032840_0,65.0,62.0,53.52,55.85
256032849_256039657_0,60.0,60.03,50.76,52.85
256033466_256033469_0,60.0,61.89,59.2,56.3
256033466_256034423_0,60.0,60.92,53.33,53.3
256033466_256039657_0,60.0,60.7,52.57,52.35
256033469_255506956_0,65.0,63.0,58.47,58.25
256033469_256034422_0,65.0,64.22,57.32,59.9
256034377_256031085_0,60.0,61.15,53.37,52.6
256034420_256032840_0,60.0,63.01,56.65,58.38
256034420_256034422_0,60.0,63.04,56.02,59.9
256034422_736901116_0,60.0,62.64,58.67,58.4
256034422_256033469_0,65.0,64.22,57.32,59.9
256034422_256034420_0,60.0,63.04,56.02,59.9
256034422_256034425_0,60.0,62.93,56.28,57.2
256034423_256033466_0,60.0,60.92,53.33,53.3
256034423_736901116_0,60.0,61.61,54.68,55.0
256034423_256034424_0,60.0,60.75,55.88,54.95
256034424_256039658_0,60.0,64.16,58.16,57.1
256034424_2543515501_0,65.0,59.65,54.96,52.85
256034424_256034423_0,60.0,60.75,55.88,54.95
256034425_1944647034_0,65.0,63.21,59.97,57.7
256034425_1944647036_0,60.0,63.36,60.7,59.95
256034425_256034422_0,60.0,62.93,56.28,57.2
256034437_31331672_0,65.0,63.54,61.58,58.65
256035233_1937808756_0,65.0,60.98,56.8,60.6
256035233_582770725_0,60.0,60.76,52.98,53.95
256035233_256029974_0,60.0,61.14,54.72,54.7
256035589_1977699917_0,60.0,60.23,54.88,54.55
256035589_255506956_0,60.0,61.42,54.99,55.67
256035589_256039404_0,60.0,60.32,53.93,52.3
256036018_2514862546_0,65.0,67.02,62.38,61.8
256036018_256037446_0,60.0,60.23,60.0,60.5
256036018_256036218_0,65.0,66.65,57.91,63.75
256036218_249555841_0,65.0,67.75,64.4,62.0
256036218_1937808758_0,60.0,61.93,60.78,59.7
256036218_31331628_0,60.0,65.31,63.0,67.5
256036690_256038505_0,65.0,65.37,58.54,56.4
256036690_256036691_0,65.0,62.89,58.09,55.7
256036691_256029974_0,65.0,61.82,55.75,54.75
256036691_255508199_0,65.0,62.82,59.97,57.15
256037203_582770721_0,60.0,59.67,58.87,57.55
256037203_256037205_0,60.0,59.57,52.48,55.92
256037205_255506957_0,60.0,59.49,56.49,55.25
256037205_31331673_0,60.0,58.94,55.89,56.35
256037446_256037203_0,60.0,59.85,52.32,56.48
256037446_8871204317_0,65.0,59.67,53.49,56.22
256037858_256205273_0,65.0,63.69,55.89,57.6
256037858_256205284_0,65.0,63.85,58.08,57.3
256037860_1944647032_0,65.0,63.16,57.45,57.85
256038505_256068737_0,65.0,65.92,60.44,57.67
256038852_95759944_0,65.0,69.51,67.5,67.85
256038852_1937808732_0,65.0,69.62,67.17,67.5
256039109_256031889_0,65.0,65.98,60.34,59.95
256039109_705722212_0,65.0,66.03,58.87,59.81
256039404_1977699916_0,60.0,59.92,52.38,52.0
256039404_256035589_0,60.0,60.32,53.93,52.3
256039404_582770725_0,60.0,60.48,52.3,53.75
256039657_256039659_0,60.0,60.22,57.72,54.75
256039657_256033466_0,60.0,60.7,52.57,52.35
256039657_256032849_0,60.0,60.03,50.76,52.85
256039658_256039659_0,60.0,61.66,57.2,55.45
256039658_256039660_0,65.0,64.5,58.15,57.0
256039659_256039660_0,60.0,61.19,55.95,54.8
256039660_256034437_0,65.0,63.84,58.52,58.35
256039870_256040622_0,65.0,66.03,61.36,61.58
256039873_256039870_0,65.0,62.48,57.86,56.05
256039873_1944651134_0,65.0,64.01,55.96,58.5
256039873_256031889_0,65.0,64.27,57.91,59.8
256040622_727802734_0,65.0,65.23,64.15,60.65
256040622_256032843_0,65.0,64.7,61.51,61.5
256041092_256041094_0,65.0,57.68,56.73,54.8
256041092_2514869970_0,65.0,57.75,61.19,56.35
256041092_1457572520_0,60.0,56.87,55.15,54.25
256041092_5118555727_0,60.0,57.6,56.41,54.32
256041094_256041098_0,65.0,57.59,53.13,53.7
256041094_1461224570_0,65.0,58.49,60.52,56.15
256041098_256041094_0,65.0,57.62,53.55,53.75
256041098_256041101_0,65.0,57.27,50.51,52.05
256041101_256041102_0,65.0,56.6,50.51,50.6
256041101_256041098_0,65.0,57.23,50.67,52.3
256041102_256041101_0,65.0,56.62,50.51,50.6
256041109_256041101_0,65.0,57.41,53.64,53.0
256041109_256041111_0,60.0,58.06,57.0,54.2
256041111_736901147_0,60.0,57.81,49.82,52.2
256041111_2442374977_0,65.0,56.84,52.58,52.45
256041122_256032843_0,65.0,63.73,64.21,60.6
256041122_727802734_0,65.0,64.27,62.25,61.12
256066324_3599073310_0,60.0,57.42,52.58,52.05
256066324_256066355_0,60.0,57.69,54.34,53.5
256066324_252209761_0,60.0,57.2,51.22,52.85
256066347_78423114_0,65.0,66.47,58.86,60.9
256066347_256066352_0,65.0,59.91,56.49,54.55
256066352_256066347_0,65.0,59.93,55.72,54.45
256066352_3599073310_0,60.0,58.64,54.56,54.6
256066355_252209756_0,65.0,59.0,58.92,57.25
256066355_256066324_0,60.0,57.69,54.34,53.5
256068737_256069581_0,65.0,64.37,61.75,61.4
256068737_1937808751_0,65.0,65.53,62.76,56.57
256068737_1937808735_0,65.0,63.84,60.51,57.03
256069581_256225835_0,65.0,64.63,61.55,60.85
256077438_256041109_0,60.0,58.28,56.55,55.65
256077438_2543533863_0,60.0,58.47,57.72,54.95
256078689_256077438_0,65.0,58.66,61.44,55.3
256078689_2543515501_0,65.0,63.15,58.87,57.15
256205273_256037858_0,65.0,63.69,55.89,57.55
256205273_256205276_0,65.0,63.72,55.76,56.28
256205273_256225833_0,65.0,63.82,56.72,57.6
256205276_256205284_0,65.0,63.72,57.59,57.05
256205276_1944647024_0,65.0,64.91,62.31,61.0
256205276_256205279_0,65.0,63.22,56.56,55.68
256205279_256205276_0,65.0,63.22,56.56,55.68
256205280_1756208675_0,65.0,73.62,64.63,64.7
256205280_256205285_0,65.0,70.71,63.55,62.35
256205280_245555965_0,65.0,70.08,64.9,63.03
256205284_256227376_0,65.0,65.25,58.6,60.45
256205285_5025267950_0,65.0,66.94,63.12,58.35
256205285_256205280_0,65.0,70.71,63.55,62.35
256205285_256205287_0,65.0,71.18,61.78,62.95
256205286_256205287_0,65.0,70.73,63.4,63.4
256205286_691028793_0,65.0,67.46,69.44,61.5
256205287_345435917_0,65.0,70.58,63.58,63.5
256205287_256205285_0,65.0,71.18,61.78,62.95
256205287_2807108901_0,65.0,69.6,65.65,64.65
256205288_5025267951_0,65.0,65.35,62.01,61.05
256205288_256205273_0,65.0,64.48,60.73,60.15
256216288_256226634_0,65.0,67.58,65.2,68.15
256219864_1457572523_0,65.0,56.34,50.1,51.1
256219864_1457572520_0,65.0,56.43,54.2,53.1
256225833_256225835_0,65.0,63.84,61.05,59.0
256225833_256205273_0,65.0,63.79,56.84,57.65
256225833_255508199_0,65.0,63.44,57.91,56.82
256225835_256205288_0,65.0,65.11,62.05,61.3
256226634_1937808757_0,60.0,61.12,63.81,66.1
256226634_256038852_0,65.0,67.85,66.6,68.2
256227376_1944647023_0,65.0,66.23,59.81,61.15
256227376_344814472_0,65.0,68.92,63.0,62.25
256227376_8117633127_0,65.0,68.06,64.45,62.45
256227378_1937808735_0,65.0,62.14,55.24,56.6
256227378_256038852_0,60.0,62.31,65.77,63.45
256283744_2820471915_0,65.0,74.45,62.34,58.35
256463925_2614490861_0,65.0,61.41,59.18,58.7
256463925_1935884063_0,65.0,61.52,58.11,58.7
256464240_256987157_0,65.0,61.25,59.42,58.1
256466643_256466710_0,60.0,63.94,60.12,58.6
256466643_2701873214_0,65.0,64.11,57.68,61.48
256466710_275257914_0,60.0,64.59,59.73,58.9
256466710_256466643_0,60.0,63.94,60.12,58.6
256466710_206146811_0,60.0,65.94,58.04,61.96
256485084_35081019_0,60.0,61.14,61.5,61.4
256485084_21663243_0,60.0,60.83,58.32,56.4
256501199_286311972_0,60.0,67.01,58.82,60.95
256501199_2614482935_0,60.0,64.45,55.3,57.92
256506070_1479164104_0,65.0,69.37,66.69,66.7
256506070_487081076_0,65.0,68.79,65.75,66.2
256506079_306422868_0,65.0,66.18,64.69,64.5
256506079_282180522_0,65.0,71.52,66.18,66.9
256506548_257988192_0,65.0,62.48,66.35,61.55
256506548_29765470_0,65.0,65.69,63.69,61.15
256506702_487081073_0,65.0,66.64,62.81,62.75
256507890_1479157415_0,65.0,69.56,64.54,65.15
256507890_2584765451_0,65.0,72.48,65.76,67.45
256570792_256066355_0,60.0,58.55,53.02,54.25
256575027_13743647596_0,65.0,68.72,72.29,67.55
256575027_256575035_0,65.0,67.79,75.0,68.35
256575035_256575027_0,65.0,67.79,75.0,68.35
256575035_592354664_0,65.0,68.47,74.53,67.7
256575039_592354637_0,65.0,67.04,68.42,65.95
256575041_256575042_0,65.0,67.85,74.39,67.65
256575042_592354664_0,65.0,68.59,74.77,67.6
256575042_256575035_0,65.0,67.79,74.15,68.25
256575176_1110291171_0,65.0,66.58,60.71,59.5
256575176_263796532_0,65.0,64.14,61.95,59.7
256575567_576703243_0,60.0,61.49,58.45,59.8
256575567_27551149_0,60.0,60.61,56.34,58.6
256577727_264641075_0,65.0,57.64,53.67,58.35
256577727_27551143_0,65.0,60.31,59.11,61.62
256577727_256578687_0,65.0,59.53,56.12,58.0
256578684_256579432_0,55.0,53.47,56.19,53.4
256578687_256578899_0,60.0,59.23,57.71,57.75
256578687_256577727_0,65.0,59.53,56.12,58.0
256578899_264155287_0,60.0,56.84,57.28,56.15
256578899_256578687_0,60.0,59.22,57.62,57.8
256578899_264155211_0,65.0,58.98,61.99,58.15
256578967_263777387_0,65.0,63.33,60.72,59.85
256578967_718766601_0,65.0,60.8,59.52,58.25
256578967_263798698_0,65.0,60.36,63.13,59.5
256579432_264641072_0,60.0,54.7,56.22,55.65
256579432_578256340_0,60.0,54.71,52.16,54.4
256579776_268799366_0,60.0,54.99,61.61,57.93
256579776_280078814_0,65.0,54.64,62.74,57.95
256579778_252392156_0,65.0,55.04,63.72,57.0
256579778_279790764_0,65.0,55.99,58.93,57.35
256704429_21227136_0,65.0,72.16,61.14,60.42
256704429_1279803199_0,65.0,66.64,58.39,54.65
256704429_634639621_0,65.0,70.39,62.12,59.45
256709508_344814475_0,65.0,67.51,62.64,61.65
256709508_474849968_0,65.0,67.48,63.26,61.57
256709508_297920724_0,65.0,68.94,61.1,61.72
256709508_255495874_0,65.0,69.25,62.8,62.25
256709512_1944647050_0,65.0,63.18,60.73,58.6
256709529_2815624598_0,65.0,69.74,60.52,63.62
256709650_4042488397_0,65.0,64.6,56.89,58.25
256785168_281725753_0,65.0,65.21,62.9,64.1
256785168_253748780_0,65.0,60.78,61.91,61.18
256985156_251745085_0,60.0,64.92,59.68,59.2
256985156_206146391_0,55.0,66.16,58.94,61.2
256985156_256985159_0,55.0,63.14,57.53,58.8
256985159_879440478_0,60.0,63.2,52.24,57.8
256985159_256985156_0,55.0,63.17,57.53,59.1
256985162_256986664_0,65.0,63.23,53.89,57.52
256985162_206146811_0,60.0,65.98,56.11,60.8
256986661_2614492907_0,65.0,71.6,60.42,62.92
256986661_256986666_0,65.0,62.97,59.15,59.0
256986661_251745085_0,60.0,65.36,59.26,62.15
256986662_3455846082_0,65.0,61.91,58.3,58.0
256986662_256464240_0,65.0,61.79,55.64,57.45
256986664_256986662_0,65.0,61.16,58.07,56.9
256986664_256985162_0,65.0,63.23,53.89,57.52
256986664_2549284819_0,65.0,61.21,60.05,58.1
256986666_256464240_0,65.0,62.04,59.13,58.05
256986666_3455846082_0,65.0,62.07,59.05,58.45
256987157_2549284824_0,65.0,61.23,60.86,58.9
256987157_2703132053_0,65.0,61.46,59.26,58.85
256990496_738900713_0,55.0,63.25,58.15,54.9
256990496_256990668_0,55.0,62.65,57.11,55.0
256990497_256990496_0,55.0,62.24,59.31,53.6
256990668_574417688_0,60.0,62.36,59.21,57.4
256990668_800181759_0,60.0,62.56,59.73,56.85
256991582_95769545_0,60.0,65.1,59.09,57.9
256991582_31333705_0,55.0,64.62,58.01,58.2
257044212_1322833621_0,65.0,58.79,65.1,56.42
257355990_520374160_0,65.0,62.9,58.85,59.4
257355990_1855957347_0,65.0,62.98,64.7,61.15
257355992_308843359_0,60.0,63.18,55.55,58.35
257355994_266322016_0,60.0,63.99,61.41,59.2
257355994_2338460290_0,60.0,64.41,59.51,60.95
257356211_306418315_0,60.0,61.9,53.98,56.0
257356211_255321456_0,60.0,61.88,54.91,57.5
257356212_2480553441_0,65.0,69.09,63.97,66.85
257356213_102228606_0,65.0,64.84,56.49,57.1
257356335_320364510_0,65.0,69.48,62.1,67.2
257358318_258890647_0,60.0,63.32,56.56,58.1
257358318_102228938_0,65.0,63.78,60.51,59.6
257358318_258889848_0,65.0,63.66,57.71,60.2
257358736_257356211_0,60.0,62.37,54.91,57.65
257362711_1765317182_0,65.0,70.32,65.25,63.25
257362711_257897058_0,65.0,66.59,59.73,62.05
257532323_2225549127_0,65.0,63.57,58.1,62.05
257532323_280084349_0,65.0,65.28,59.61,61.7
257532984_251497959_0,65.0,63.83,63.41,61.6
257532984_257532990_0,65.0,64.55,61.74,62.0
257532985_257532984_0,65.0,64.78,62.58,63.32
257532985_257532990_0,65.0,66.36,61.45,63.45
257532990_309013544_0,65.0,69.31,63.58,63.05
257533046_478823697_0,65.0,64.33,63.09,62.02
257533046_2705771993_0,65.0,66.86,60.9,63.5
257533047_257533046_0,65.0,64.42,64.81,61.22
257533048_257533047_0,65.0,64.68,58.9,60.95
257533048_2705771993_0,65.0,66.37,62.2,64.55
257604867_2717075446_0,60.0,65.08,62.76,64.53
257678251_257678274_0,60.0,81.42,55.81,60.75
257678251_1122407342_0,60.0,78.17,56.93,62.22
257678253_257909190_0,60.0,80.71,59.12,61.05
257678253_1137778203_0,60.0,75.5,63.16,59.8
257678253_257678274_0,60.0,78.6,54.9,61.6
257678274_257678251_0,60.0,81.42,55.81,60.75
257678274_2796832693_0,60.0,76.44,57.41,59.65
257678274_257678253_0,60.0,78.6,54.9,61.6
257678311_257678339_0,65.0,85.3,59.19,60.3
257678311_2696621686_0,65.0,79.02,61.5,60.0
257678339_2696621728_0,65.0,83.43,60.59,59.8
257678339_2696621732_0,60.0,81.9,59.92,61.5
257678748_29461123_0,65.0,75.21,55.62,58.05
257678748_13300434438_0,65.0,77.57,58.57,56.7
257679426_1253870017_0,60.0,71.94,59.53,58.6
257679438_1253846132_0,60.0,75.87,60.14,59.27
257681614_1009311800_0,65.0,78.82,67.24,63.2
257681614_257681671_0,65.0,76.24,63.22,63.35
257681614_248291955_0,65.0,80.51,63.83,65.85
257681639_29461121_0,65.0,77.43,63.92,61.65
257681671_280675954_0,65.0,74.14,55.4,56.45
257681671_248292124_0,65.0,74.9,62.43,58.2
257779592_265656603_0,60.0,61.62,55.1,57.0
257779592_264005686_0,65.0,61.24,50.42,56.45
257779594_100943119_0,65.0,63.69,59.99,61.05
257897052_257897056_0,65.0,72.11,67.44,67.4
257897052_2935192659_0,65.0,74.32,67.37,68.1
257897054_257898109_0,65.0,72.22,69.25,66.7
257897054_241468633_0,65.0,74.96,68.56,68.5
257897056_1942841565_0,65.0,70.65,66.43,64.8
257897056_2762602018_0,65.0,75.1,67.33,68.0
257897057_252565667_0,65.0,64.36,59.16,58.65
257897057_255321950_0,65.0,65.75,60.85,62.15
257897058_252566330_0,65.0,66.04,62.47,60.0
257897060_1993811476_0,65.0,65.9,58.84,58.8
257897060_3610870225_0,65.0,65.59,64.64,60.55
257897062_430796549_0,60.0,65.54,62.53,63.05
257897062_257897063_0,60.0,65.27,61.33,58.15
257897063_291211296_0,60.0,65.26,57.56,57.2
257897063_430796552_0,60.0,65.61,60.0,64.55
257897065_9317575316_0,65.0,66.29,59.13,58.5
257897065_257897066_0,65.0,66.25,59.66,59.75
257897065_1736732468_0,65.0,66.44,59.26,61.4
257897066_205694969_0,60.0,65.56,60.31,62.2
257897066_257897067_0,60.0,65.71,57.17,57.75
257897067_257897068_0,65.0,65.35,58.6,57.7
257897067_241469211_0,65.0,65.03,56.27,58.5
257897068_2702311813_0,65.0,65.56,60.39,60.75
257897068_257897069_0,65.0,65.05,60.5,59.85
257897069_2945626673_0,60.0,65.55,64.45,63.9
257897069_250809677_0,65.0,65.4,59.7,61.9
257897070_257897071_0,65.0,72.42,67.16,67.45
257897070_2702321640_0,65.0,71.11,71.87,67.0
257897071_241468354_0,65.0,74.18,64.29,67.65
257897101_205694967_0,65.0,65.62,61.49,60.65
257897101_205694970_0,65.0,67.41,60.19,61.3
257897101_205694969_0,60.0,65.47,57.37,60.95
257898094_21227258_0,65.0,66.81,60.39,56.9
257898094_257898099_0,65.0,66.67,61.79,64.05
257898099_2779145456_0,65.0,67.6,63.67,64.35
257898099_257898107_0,65.0,63.38,59.35,61.85
257898107_255321712_0,65.0,65.32,63.87,61.45
257898109_257898110_0,65.0,67.63,64.7,63.1
257898109_2762613404_0,65.0,73.6,68.29,67.1
257898109_257898094_0,65.0,68.18,63.48,64.25
257898110_257897052_0,65.0,70.54,65.37,64.75
257898623_102230648_0,65.0,62.83,57.21,58.6
257898623_257898624_0,65.0,66.13,59.26,58.95
257898624_441058568_0,65.0,63.31,57.0,58.7
257898624_257898623_0,65.0,66.13,59.26,58.95
257898625_257356335_0,65.0,71.31,68.07,68.85
257909180_248226758_0,60.0,75.4,63.26,61.4
257909185_582875048_0,65.0,76.34,62.52,60.9
257909190_257678253_0,60.0,80.71,59.12,61.05
257909190_260784675_0,60.0,75.76,60.59,59.6
257909190_4136919236_0,60.0,78.21,55.8,61.2
257911456_248225101_0,60.0,77.75,61.54,62.69
257911456_749915466_0,60.0,73.11,58.86,57.4
257988192_306422868_0,65.0,63.72,63.41,61.05
257988192_487447920_0,65.0,65.59,63.91,64.5
257988346_255322753_0,65.0,63.04,65.9,61.8
257988346_257988348_0,60.0,62.52,59.61,59.85
257988348_2702631544_0,60.0,62.01,56.0,59.25
257988348_257988350_0,60.0,62.19,58.95,59.6
257988350_258000736_0,60.0,62.42,58.73,58.55
257994947_29765469_0,60.0,63.37,62.51,62.2
257994947_244301343_0,60.0,63.66,57.29,62.0
257994947_258003174_0,60.0,63.17,61.82,60.4
257994949_257988350_0,65.0,63.04,64.89,60.65
257994949_244301340_0,65.0,64.62,63.2,61.6
257998800_306370006_0,65.0,73.3,70.27,68.15
257998800_21293732_0,65.0,73.98,67.74,68.4
257998802_257998808_0,65.0,74.09,67.55,68.1
257998802_257998800_0,65.0,74.56,69.99,68.05
257998808_308239254_0,65.0,75.41,69.66,67.65
257998808_21294861_0,65.0,74.08,70.86,68.75
257998808_21293729_0,65.0,75.61,73.69,68.35
258000734_257988346_0,60.0,62.65,60.47,60.75
258000734_21226110_0,60.0,62.31,57.72,57.1
258000736_258000734_0,60.0,62.38,56.57,59.6
258000736_257994947_0,60.0,62.75,58.2,59.4
258000738_258000736_0,65.0,62.89,58.76,58.95
258000738_244301343_0,60.0,63.05,56.88,58.95
258000740_258000742_0,65.0,62.65,58.74,59.65
258000740_21226110_0,60.0,62.64,56.81,57.62
258000742_21227090_0,65.0,67.06,62.33,59.1
258001420_258002853_0,65.0,63.23,59.72,62.45
258001420_29765469_0,60.0,63.03,61.09,61.0
258001420_258002856_0,65.0,63.06,58.26,61.05
258001422_306427874_0,60.0,63.47,64.84,62.2
258001422_21226464_0,60.0,64.57,65.15,63.35
258001422_306427871_0,60.0,64.68,64.91,62.0
258002853_258002856_0,60.0,63.03,57.97,60.5
258002853_21225900_0,65.0,65.5,65.7,65.4
258002853_258001420_0,65.0,63.23,59.72,62.45
258002856_306427875_0,60.0,62.56,57.55,57.25
258003174_258003192_0,60.0,63.97,61.01,62.45
258003192_244301344_0,65.0,64.22,59.69,61.95
258003506_21225900_0,60.0,67.14,65.4,63.95
258003506_21226931_0,65.0,67.11,65.81,63.65
258035808_241469875_0,60.0,65.38,56.82,58.85
258035808_259983114_0,60.0,65.66,59.49,59.25
258035808_257897062_0,60.0,65.53,60.27,59.95
258035808_596789929_0,65.0,66.01,57.31,58.4
258036316_1942841547_0,65.0,68.9,64.89,63.4
258036316_339444986_0,65.0,69.21,64.2,62.6
258052093_31013279_0,65.0,76.05,68.87,71.7
258052093_2637568703_0,65.0,73.82,69.55,70.25
258052093_2538853161_0,65.0,73.89,64.04,69.4
258052209_234731792_0,65.0,65.35,60.01,62.3
258052620_258052621_0,65.0,67.74,67.04,65.3
258052620_9093668157_0,65.0,66.38,62.87,65.2
258052620_2543156458_0,65.0,67.79,63.29,64.05
258052621_234731795_0,65.0,70.99,67.72,66.65
258052621_1923848116_0,65.0,72.98,67.97,69.35
258053041_1722078995_0,65.0,65.59,60.66,61.55
258053175_2543345275_0,65.0,61.68,60.54,57.88
258053176_2543345275_0,65.0,64.64,58.28,57.95
258053230_1722078926_0,65.0,65.43,58.76,60.2
258053231_306374069_0,65.0,65.85,59.04,59.15
258053536_232814347_0,65.0,72.47,68.85,67.0
258053536_2543156456_0,65.0,77.4,70.4,70.85
258054473_1488486008_0,65.0,66.71,66.76,65.0
258054473_1722396009_0,60.0,65.57,58.53,60.0
258054474_1722395973_0,65.0,72.62,62.96,61.75
258073006_258073497_0,65.0,66.83,59.78,61.95
258073006_244522102_0,60.0,66.42,63.79,62.6
258073122_258073006_0,60.0,67.08,60.07,62.15
258073122_1483635269_0,65.0,68.86,55.6,59.55
258073497_4083404166_0,60.0,65.86,58.42,60.6
258073497_258073006_0,65.0,66.83,59.78,61.95
258073611_258074592_0,65.0,66.5,60.76,58.4
258074592_1483686535_0,65.0,66.86,54.88,59.05
258074592_25543849_0,65.0,68.0,61.8,63.1
258074592_3105497573_0,65.0,69.12,61.18,58.85
258074620_2944626970_0,65.0,72.54,60.31,66.05
258074620_2719343202_0,60.0,68.39,57.92,65.7
258075792_2542782616_0,65.0,69.49,61.64,63.45
258075792_2542782607_0,65.0,68.9,62.73,62.6
258075792_2542782613_0,65.0,68.87,62.73,62.65
258075794_25543832_0,65.0,73.26,65.77,67.75
258076032_206146961_0,60.0,67.01,59.66,62.15
258076032_357240985_0,65.0,65.74,58.05,60.9
258093212_29089546_0,65.0,67.29,59.25,61.95
258095291_2667777540_0,65.0,68.03,62.73,63.55
258096839_2667777538_0,65.0,68.69,65.93,63.1
258099206_308843200_0,60.0,65.69,62.4,65.75
258099206_258154619_0,60.0,67.21,61.55,63.1
258154618_258099206_0,60.0,66.34,59.94,61.0
258154618_258155918_0,65.0,67.55,59.7,63.35
258154618_258155920_0,65.0,68.82,66.56,64.95
258154619_21226893_0,65.0,70.48,64.06,66.1
258155918_258154618_0,65.0,67.55,59.7,63.35
258155918_258096839_0,65.0,69.27,63.1,62.9
258155920_258154618_0,65.0,68.82,66.56,64.95
258155920_114319645_0,65.0,73.64,64.23,67.65
258155920_416880251_0,65.0,70.69,62.47,67.25
258157344_513307590_0,65.0,65.45,62.43,62.65
258157344_232852364_0,65.0,67.14,60.94,62.9
258157346_205735070_0,65.0,69.17,63.59,64.4
258161549_258161588_0,65.0,70.21,62.72,62.45
258161549_258161562_0,60.0,64.89,59.28,58.47
258161562_258161611_0,65.0,64.61,61.72,58.85
258161575_258161562_0,65.0,64.33,61.0,58.35
258161575_258161588_0,60.0,64.3,60.37,57.6
258161588_234729344_0,65.0,69.25,61.88,62.2
258161611_2533496844_0,65.0,67.3,61.21,63.15
258161611_1722079176_0,65.0,67.33,63.2,62.9
258163081_1722396009_0,60.0,65.36,60.82,60.1
258163081_258165528_0,60.0,65.21,61.25,60.0
258163081_1584985783_0,60.0,64.37,59.35,60.6
258165525_839161516_0,65.0,69.5,59.52,62.3
258165525_1584983317_0,60.0,69.11,63.58,64.5
258165528_258165531_0,60.0,65.01,59.23,62.2
258165528_258161575_0,65.0,64.22,57.23,59.05
258165528_258163081_0,60.0,65.21,61.25,60.0
258165531_258165528_0,60.0,65.01,59.23,62.2
258165531_1584985785_0,60.0,64.45,60.32,59.6
258165531_1722079176_0,65.0,66.03,61.45,63.65
258168369_353193611_0,60.0,65.03,62.27,63.1
258168369_258168371_0,65.0,69.61,63.03,62.1
258168371_258168996_0,60.0,70.32,61.28,63.4
258168696_2781321344_0,60.0,66.9,63.03,63.2
258168696_244298507_0,65.0,66.01,61.57,60.15
258168994_308843192_0,60.0,65.19,60.16,59.7
258168994_273097008_0,60.0,65.37,59.69,60.55
258168996_21225973_0,65.0,71.22,68.36,68.45
258170033_308843198_0,65.0,64.8,65.07,64.7
258170033_29765467_0,65.0,71.36,64.14,68.0
258170037_3061381597_0,65.0,67.62,65.76,63.75
258170037_114306900_0,65.0,70.9,61.15,63.15
258170037_517358919_0,65.0,69.66,67.67,63.45
258174467_244301345_0,65.0,65.88,64.47,65.0
258174467_232852364_0,65.0,66.28,61.73,64.8
258174467_258174943_0,65.0,66.57,60.7,61.7
258174469_258170033_0,65.0,67.37,68.79,66.4
258174469_441898750_0,65.0,69.79,68.68,67.7
258174943_258157344_0,65.0,65.16,66.11,61.85
258174943_27551109_0,65.0,69.21,61.78,66.3
258174946_441898749_0,60.0,63.86,59.78,59.1
258174946_21226464_0,60.0,67.99,66.59,64.3
258325051_258326080_0,65.0,81.53,65.83,67.35
258325051_249603649_0,65.0,75.05,62.94,65.95
258326069_262373017_0,65.0,78.91,55.6,63.25
258326069_335611725_0,65.0,83.65,62.85,66.5
258326070_2700098937_0,65.0,78.24,59.58,63.0
258326075_258325051_0,65.0,80.25,66.01,66.8
258326075_1761352315_0,65.0,79.57,62.04,67.35
258326076_1761358000_0,65.0,77.34,59.62,64.5
258326076_1839766229_0,65.0,71.64,60.48,62.5
258326078_21225899_0,65.0,82.64,66.28,70.55
258326078_21226463_0,65.0,78.68,60.15,67.6
258326079_258326075_0,65.0,83.35,64.24,68.65
258326079_313367131_0,65.0,75.5,63.1,66.25
258326080_258326079_0,65.0,80.38,66.01,66.8
258326080_2700098938_0,65.0,80.53,63.01,67.4
258326081_282538879_0,65.0,72.16,57.3,60.9
258326081_335611729_0,65.0,77.94,58.84,64.2
258327397_274927619_0,60.0,63.55,56.87,59.6
258328195_258328198_0,60.0,58.34,64.11,60.0
258328198_1276320618_0,60.0,58.22,64.62,59.8
258328437_311472221_0,60.0,55.99,57.81,51.45
258328437_265956041_0,55.0,55.3,51.21,52.25
258340537_2542799123_0,65.0,66.22,61.38,60.3
258340537_2542799121_0,65.0,66.07,60.81,60.3
258340823_306427879_0,60.0,65.22,61.55,59.75
258340823_331082759_0,65.0,65.05,61.53,62.6
258340932_309670937_0,65.0,65.63,63.57,62.3
258340933_258340823_0,65.0,65.48,61.14,62.95
258340934_309670937_0,65.0,66.66,62.48,64.45
258340934_31013214_0,65.0,72.28,62.91,62.35
258390921_281821736_0,65.0,66.81,63.5,59.55
258390921_2892146080_0,65.0,66.27,60.99,57.5
258393968_2606308890_0,65.0,68.69,59.97,64.6
258393988_3521852377_0,65.0,67.45,62.3,62.6
258393988_258394002_0,65.0,67.83,63.2,62.1
258394002_1479249878_0,65.0,67.01,60.56,63.6
258889210_102230648_0,65.0,63.11,54.52,57.2
258889210_102231587_0,65.0,64.37,63.58,64.0
258889210_563283438_0,65.0,63.88,56.28,57.22
258889848_257358318_0,65.0,63.66,57.71,60.2
258889848_258890040_0,60.0,63.02,55.71,58.85
258889848_1764266544_0,65.0,63.38,56.53,60.45
258889849_258890040_0,60.0,62.25,54.1,55.8
258890040_258889848_0,60.0,62.99,55.9,58.95
258890040_258890647_0,60.0,62.51,52.61,55.85
258890040_258889849_0,60.0,62.25,54.1,55.8
258890042_258890776_0,65.0,63.49,55.01,56.65
258890042_258890345_0,65.0,62.95,54.9,55.95
258890042_102228939_0,65.0,63.11,55.95,58.0
258890344_258890345_0,60.0,62.6,54.69,55.6
258890345_258890344_0,60.0,62.6,54.69,55.6
258890345_258890647_0,65.0,62.77,53.21,55.65
258890345_258890042_0,65.0,62.96,54.9,55.95
258890584_1737460963_0,65.0,66.57,58.43,61.45
258890584_250327583_0,65.0,64.74,60.46,60.9
258890647_258890040_0,60.0,62.51,52.61,55.85
258890647_258890345_0,65.0,62.77,53.21,55.65
258890776_258890042_0,65.0,63.49,55.01,56.65
258890776_102228938_0,65.0,63.37,60.16,57.55
258890777_258890776_0,65.0,63.1,53.0,56.35
258890828_1759883460_0,65.0,64.46,61.52,59.6
258890828_258890910_0,65.0,64.94,58.22,59.75
258890828_258890777_0,65.0,63.75,59.77,57.05
258890910_258890828_0,65.0,64.94,58.22,59.75
258890910_258890911_0,65.0,64.44,58.57,58.2
258890910_1760433259_0,65.0,66.13,61.99,58.79
258890911_258890910_0,65.0,64.42,58.6,58.2
258890911_258890777_0,65.0,63.22,52.16,56.32
258934377_21663212_0,65.0,65.53,60.33,58.35
258934377_3455552271_0,65.0,67.37,54.45,62.65
258934759_480913571_0,60.0,63.76,57.33,59.95
258936535_31333705_0,60.0,65.21,59.16,58.3
258936535_95769545_0,60.0,64.88,59.86,58.7
258937003_1935856938_0,65.0,75.24,62.52,63.72
258937168_1935856943_0,65.0,72.75,62.47,60.95
259173646_1184628612_0,60.0,68.76,57.08,57.1
259173649_251622099_0,60.0,71.59,61.6,61.95
259173649_21306361_0,60.0,69.15,58.63,59.05
259173649_2721090541_0,60.0,66.31,58.59,59.7
259506063_27541552_0,65.0,80.19,70.46,67.25
259506064_259506065_0,60.0,72.3,62.47,61.85
259506064_259506063_0,65.0,72.8,64.57,61.1
259506065_259506064_0,60.0,72.3,62.47,61.85
259506065_259506068_0,60.0,71.81,58.22,57.4
259506067_1255239332_0,60.0,73.03,61.61,61.6
259506067_259506072_0,60.0,75.28,63.11,63.25
259506068_259589848_0,60.0,72.66,61.81,61.0
259506068_259506074_0,60.0,71.42,58.2,60.85
259506069_249454717_0,60.0,72.73,58.6,57.65
259506069_259506073_0,60.0,72.52,56.53,57.7
259506069_259506733_0,60.0,73.01,57.16,57.55
259506069_2565039814_0,65.0,73.84,57.05,59.4
259506071_259506505_0,65.0,73.93,55.23,56.25
259506071_259506506_0,65.0,74.32,57.09,61.6
259506071_259506733_0,65.0,73.77,55.37,56.2
259506072_259506073_0,60.0,73.16,59.04,61.5
259506072_2565039792_0,60.0,75.76,65.83,64.3
259506073_259506072_0,60.0,73.16,59.04,61.5
259506073_1255239332_0,60.0,72.23,56.56,57.0
259506073_259506069_0,60.0,72.51,56.53,57.8
259506073_259506074_0,60.0,72.11,60.77,58.95
259506074_249454717_0,65.0,71.72,58.52,61.9
259506074_259506068_0,60.0,71.42,58.2,60.85
259506074_259506073_0,60.0,72.09,60.45,58.9
259506505_259506071_0,65.0,73.88,55.51,56.15
259506505_29462528_0,65.0,74.35,56.53,59.12
259506506_29462494_0,65.0,79.59,64.02,66.55
259506506_259506071_0,65.0,74.28,57.09,61.6
259506732_259506733_0,65.0,74.94,61.7,61.65
259506732_29462487_0,65.0,79.26,63.03,66.1
259506733_259506732_0,65.0,74.94,61.7,61.65
259506733_259506738_0,60.0,73.11,56.8,57.32
259506733_259506071_0,65.0,73.77,55.37,56.2
259506733_259506069_0,60.0,73.01,56.59,57.55
259506738_1254038098_0,65.0,72.74,54.0,57.2
259506738_259506733_0,60.0,73.11,56.8,57.32
259506738_249454717_0,60.0,72.34,58.28,57.3
259507499_249454717_0,60.0,71.89,57.11,56.5
259507499_259589847_0,60.0,70.27,56.49,55.45
259507499_2801381477_0,60.0,70.95,55.93,56.6
259507505_575950615_0,60.0,72.0,54.05,57.2
259507505_729314015_0,60.0,70.88,54.45,56.8
259507507_259508088_0,65.0,77.7,63.49,61.5
259507507_259507516_0,65.0,73.49,60.8,59.75
259507507_259507518_0,65.0,73.06,57.53,59.23
259507511_245557031_0,65.0,73.35,61.1,57.9
259507511_259507515_0,60.0,71.55,58.82,58.05
259507511_2807067717_0,60.0,71.55,56.68,58.25
259507515_259507523_0,60.0,70.54,58.68,57.0
259507515_2565130884_0,60.0,71.0,58.08,57.12
259507516_2565129002_0,60.0,71.74,54.87,58.25
259507516_259507507_0,65.0,73.49,60.8,59.75
259507518_729314008_0,65.0,71.91,59.3,58.05
259507518_259507505_0,60.0,71.39,55.03,56.35
259507518_259507522_0,65.0,70.66,56.47,57.05
259507520_259507511_0,65.0,71.58,59.04,57.6
259507522_259507523_0,65.0,70.22,55.12,55.6
259507522_259507520_0,60.0,70.61,59.34,56.7
259507523_259507516_0,65.0,70.38,57.38,55.1
259508075_575952000_0,65.0,76.78,61.13,61.0
259508075_595325090_0,65.0,74.48,55.49,60.2
259508075_267251842_0,65.0,75.68,57.38,60.6
259508081_259508084_0,65.0,72.03,54.39,57.0
259508081_267409722_0,60.0,70.36,53.39,55.85
259508084_259507505_0,65.0,72.42,55.47,56.8
259508084_729314008_0,65.0,71.52,55.84,56.35
259508088_259507507_0,65.0,77.7,63.49,61.5
259508088_267405912_0,65.0,73.96,57.48,59.35
259508088_267406849_0,65.0,73.23,56.48,59.1
259508755_259508757_0,60.0,71.1,63.4,58.85
259508755_2565130878_0,60.0,71.08,61.04,58.52
259508757_259508759_0,60.0,71.84,61.22,61.6
259508759_2926224541_0,65.0,75.91,69.73,63.8
259509033_267248818_0,65.0,78.79,69.31,67.05
259509033_267248811_0,60.0,70.18,65.76,63.45
259509034_259568965_0,65.0,75.89,65.81,67.85
259509034_259509035_0,65.0,70.47,64.07,60.15
259509035_259509037_0,65.0,70.16,59.28,57.7
259509035_267250277_0,65.0,69.87,57.32,56.85
259509037_259509035_0,65.0,70.16,59.28,57.7
259509037_245557031_0,60.0,70.93,58.73,57.95
259509037_259568965_0,65.0,70.36,59.45,57.9
259510958_259510970_0,60.0,69.84,58.79,60.25
259510958_259510992_0,60.0,69.87,55.87,58.1
259510970_259510974_0,60.0,69.29,55.55,58.2
259510970_3493251233_0,60.0,70.07,58.67,59.4
259510974_259510975_0,60.0,68.59,52.73,57.4
259510974_259510989_0,60.0,68.88,59.87,57.1
259510975_259510974_0,60.0,68.58,52.73,57.4
259510989_259510991_0,65.0,68.52,62.13,59.25
259510991_2806797209_0,65.0,70.07,62.52,60.3
259510991_2838658038_0,65.0,69.99,62.36,59.0
259510992_259511001_0,60.0,70.13,52.3,58.8
259510992_243910440_0,60.0,71.83,66.51,64.25
259511001_259513864_0,60.0,76.51,62.01,60.25
259513864_259513891_0,60.0,75.97,59.9,59.55
259513864_259513866_0,60.0,69.6,58.28,58.75
259513866_259513867_0,55.0,68.77,57.0,57.55
259513867_259513888_0,55.0,68.5,55.09,58.05
259513867_259513869_0,60.0,68.99,53.7,57.95
259513869_259513867_0,60.0,68.99,53.7,57.95
259513869_259510992_0,60.0,70.07,56.9,59.05
259513871_3730510953_0,65.0,69.99,61.07,57.7
259513871_1724405696_0,65.0,68.57,60.89,56.85
259513871_2394992655_0,65.0,70.01,60.92,59.5
259513872_259513878_0,60.0,69.43,57.87,58.5
259513872_259513899_0,55.0,68.9,54.45,56.25
259513872_259513872_0,60.0,69.36,60.36,57.8
259513878_654538348_0,60.0,69.01,56.45,56.3
259513878_259513869_0,60.0,69.85,56.43,58.2
259513888_259513910_0,55.0,68.08,55.01,57.3
259513888_259513878_0,55.0,68.72,56.39,57.45
259513891_259509033_0,65.0,76.73,66.49,67.0
259513894_259513866_0,55.0,68.77,59.1,57.5
259513894_259513891_0,60.0,69.23,56.65,58.3
259513897_267248815_0,60.0,68.46,57.57,57.2
259513897_259513910_0,60.0,68.42,58.74,57.65
259513899_259513872_0,55.0,68.9,54.45,56.25
259513899_267248430_0,55.0,68.77,56.2,57.1
259513910_259513899_0,60.0,68.57,56.87,57.7
259514002_259589835_0,65.0,73.78,65.65,61.15
259514002_259589846_0,60.0,72.33,61.87,61.6
259514002_2565133341_0,60.0,71.72,59.06,58.5
259568965_259509037_0,65.0,70.36,59.45,57.9
259568965_243910442_0,65.0,76.46,63.41,66.4
259588180_243910486_0,65.0,77.69,70.88,66.9
259588180_11001234682_0,65.0,70.7,68.15,64.1
259588184_9455078031_0,60.0,70.86,61.48,60.0
259588184_3493251229_0,60.0,68.84,57.59,59.18
259588185_243910479_0,65.0,73.15,69.93,65.25
259588185_259588186_0,65.0,73.43,70.35,63.15
259588185_259510958_0,65.0,71.77,62.29,60.9
259588186_243910440_0,65.0,79.29,67.46,65.7
259588266_249454865_0,65.0,73.08,61.52,63.8
259588266_259590772_0,65.0,70.48,63.19,62.6
259588888_2565128987_0,65.0,71.21,57.08,57.6
259588888_2565129002_0,65.0,71.55,55.03,58.85
259589829_259589835_0,65.0,75.54,64.19,61.85
259589829_297700290_0,65.0,74.16,63.52,61.86
259589829_297700289_0,65.0,73.21,64.31,61.46
259589833_259514002_0,60.0,72.47,61.25,62.25
259589833_259589835_0,65.0,73.83,63.52,62.3
259589835_259589846_0,65.0,73.38,63.94,62.25
259589835_259514002_0,65.0,73.78,65.65,61.15
259589835_259589829_0,65.0,75.54,64.19,61.85
259589846_297700288_0,65.0,75.49,63.94,62.51
259589846_259589847_0,60.0,71.01,59.36,61.05
259589847_259589848_0,60.0,72.5,64.94,62.2
259589848_5433028504_0,65.0,73.3,65.19,64.75
259589848_259506068_0,60.0,72.66,61.81,61.0
259589848_259589850_0,65.0,77.4,67.13,63.5
259589850_249454708_0,65.0,73.3,66.92,65.95
259589850_297700288_0,65.0,72.27,62.98,61.75
259589850_259589848_0,65.0,77.4,67.13,63.5
259590698_259590772_0,65.0,69.98,62.29,61.6
259590698_259588266_0,65.0,72.09,59.08,62.89
259590772_243910526_0,65.0,70.92,60.49,61.9
259592092_259592142_0,65.0,76.3,60.12,61.6
259592092_249454720_0,65.0,77.08,62.67,64.0
259592142_259506067_0,65.0,74.05,65.23,63.8
259592142_7701029209_0,65.0,75.78,65.87,65.05
259599288_249381671_0,60.0,65.39,59.81,58.75
259599288_259599330_0,60.0,64.07,57.48,58.68
259599288_335770821_0,60.0,63.26,56.73,56.95
259599330_647201955_0,60.0,64.02,54.46,58.48
259599333_27552217_0,65.0,66.71,61.66,59.5
259599333_27552209_0,65.0,62.92,56.74,58.6
259780757_255155568_0,60.0,52.65,53.61,50.9
259780759_2503098094_0,65.0,47.62,53.85,43.15
259780759_259780978_0,65.0,46.51,52.0,42.55
259780771_259780968_0,65.0,46.04,59.73,55.23
259780771_2503100498_0,65.0,47.76,52.06,52.53
259780771_2503096667_0,65.0,48.23,57.6,59.66
259780776_260350386_0,65.0,48.83,59.58,56.9
259780776_1631208502_0,60.0,50.16,60.46,59.71
259780776_2503096667_0,60.0,48.33,65.91,59.88
259780783_259783030_0,60.0,48.52,54.85,51.05
259780783_259780791_0,60.0,51.44,63.44,57.73
259780783_1631208502_0,65.0,49.42,62.5,56.1
259780791_259783031_0,55.0,50.73,52.48,54.65
259780791_259780783_0,60.0,51.46,65.41,57.73
259780791_259780795_0,60.0,53.49,61.01,59.48
259780795_259780791_0,60.0,53.49,61.01,59.48
259780795_259780798_0,65.0,57.65,57.6,58.73
259780795_1820162291_0,60.0,53.11,47.81,53.88
259780798_12442007996_0,65.0,63.12,61.5,59.25
259780798_259780795_0,65.0,57.65,57.6,58.73
259780817_951535264_0,65.0,68.52,67.1,68.05
259780832_562888029_0,65.0,65.87,68.78,64.41
259780832_12442007871_0,65.0,64.57,63.13,57.35
259780851_2533541871_0,65.0,61.67,56.65,61.03
259780858_8844424309_0,65.0,58.86,63.05,57.55
259780913_259780980_0,60.0,56.38,57.09,55.63
259780934_259780978_0,65.0,45.85,48.9,39.05
259780952_259780851_0,65.0,57.39,58.86,59.75
259780968_259780771_0,65.0,46.04,59.73,55.23
259780978_2503100498_0,65.0,45.94,54.13,42.35
259780978_259780934_0,65.0,45.85,48.9,39.05
259780978_259780759_0,65.0,46.51,52.0,42.55
259780980_259780952_0,65.0,56.4,61.88,59.42
259782092_2208094327_0,60.0,54.53,52.15,52.8
259782092_259782094_0,60.0,53.88,50.42,52.15
259782092_255191419_0,60.0,53.22,50.71,49.2
259782094_259782096_0,60.0,53.24,56.71,50.95
259782094_259782092_0,60.0,53.89,50.42,52.15
259782094_259782095_0,60.0,53.45,49.97,53.7
259782095_259782094_0,60.0,53.45,49.97,53.7
259782096_259782094_0,60.0,53.23,56.71,50.95
259782115_259782116_0,60.0,59.06,51.14,54.3
259782116_259782115_0,60.0,59.06,51.14,54.3
259782422_2208094327_0,60.0,54.58,53.52,52.9
259782422_3739215079_0,60.0,54.96,49.21,55.85
259783030_1709625516_0,60.0,48.53,49.37,48.45
259783031_259780791_0,55.0,50.74,53.19,54.65
259783031_1709625516_0,60.0,49.33,48.11,49.55
259786167_259786168_0,65.0,54.95,53.16,50.8
259786167_251745097_0,65.0,54.98,52.46,51.45
259786167_259788847_0,65.0,54.89,56.25,52.4
259786168_259788849_0,65.0,54.55,53.82,52.1
259788847_259786167_0,65.0,54.88,56.25,52.4
259788847_251745086_0,65.0,56.05,59.43,59.16
259788847_2208089204_0,60.0,56.04,57.43,56.25
259788849_309386006_0,65.0,55.13,54.47,52.7
259788849_251745086_0,65.0,54.78,55.32,52.75
259788851_255191388_0,65.0,55.15,43.78,49.6
259788851_255137394_0,60.0,55.34,44.59,49.75
259788851_255155567_0,60.0,54.44,44.49,47.95
259845978_2612155730_0,65.0,68.34,60.25,57.75
259845978_259845987_0,65.0,65.34,58.49,55.3
259845980_259845984_0,65.0,66.06,62.41,58.85
259845980_259845987_0,65.0,65.42,57.93,55.05
259845984_259846268_0,65.0,65.64,62.39,58.05
259845984_259845980_0,65.0,66.06,62.41,58.85
259845984_259846273_0,65.0,64.98,59.22,58.25
259845987_259845980_0,65.0,65.42,57.93,55.05
259845987_2612155730_0,65.0,66.25,56.22,54.8
259845992_21458340_0,65.0,65.57,60.5,58.25
259845992_259845980_0,65.0,65.03,59.1,55.25
259846266_1324144979_0,65.0,64.69,61.23,57.05
259846268_259845984_0,65.0,65.64,62.39,58.05
259846268_259846269_0,65.0,64.79,61.58,59.6
259846268_1324144979_0,65.0,65.33,61.61,58.85
259846269_251434972_0,65.0,64.99,60.74,60.35
259846269_2658304772_0,65.0,63.5,59.24,55.45
259846455_259846460_0,65.0,64.37,65.04,64.8
259846455_1479259661_0,65.0,70.32,64.65,64.25
259846457_1990246106_0,65.0,63.99,60.95,60.0
259846460_259846457_0,65.0,64.34,62.26,58.8
259846460_259846467_0,65.0,64.19,59.82,58.85
259846462_259846464_0,65.0,64.29,59.38,57.2
259846462_2066388928_0,65.0,65.05,62.07,59.95
259846462_2066388944_0,65.0,66.54,59.82,58.85
259846464_259846467_0,65.0,64.44,60.35,58.0
259846464_259846457_0,65.0,64.88,58.89,58.2
259846467_2066388944_0,65.0,64.37,61.04,56.9
259849972_135879479_0,60.0,62.5,60.88,59.6
259849972_259849976_0,60.0,63.1,60.91,59.58
259849972_246817935_0,60.0,62.55,56.14,59.85
259849976_78465054_0,60.0,69.18,64.71,61.95
259980639_244301344_0,65.0,64.18,66.53,61.25
259980639_258174467_0,65.0,66.46,62.93,62.5
259980757_258003174_0,60.0,64.06,63.01,63.1
259980757_29765468_0,60.0,63.73,62.51,63.3
259980769_255321448_0,60.0,64.56,59.38,61.35
259980769_259980980_0,65.0,64.28,59.15,61.3
259980834_255321448_0,60.0,63.47,57.02,60.05
259980834_259980769_0,60.0,64.55,61.8,60.75
259980837_259980911_0,60.0,62.97,60.27,59.7
259980837_1737461034_0,65.0,63.87,58.73,62.9
259980909_259980964_0,65.0,63.01,62.28,59.95
259980909_21226841_0,65.0,67.84,65.13,63.95
259980911_257355990_0,65.0,62.55,59.15,57.75
259980911_255322433_0,60.0,63.61,60.59,61.15
259980911_255322750_0,65.0,64.37,63.76,63.0
259980943_1737461034_0,60.0,63.47,59.19,63.05
259980943_259980964_0,65.0,63.2,60.03,60.3
259980943_442028931_0,60.0,63.79,60.41,62.95
259980964_259980837_0,65.0,63.19,58.73,60.6
259980979_442028927_0,65.0,63.01,58.74,63.25
259980980_259980979_0,60.0,63.2,58.74,62.5
259980980_259980769_0,65.0,64.28,59.15,61.3
259980980_2411169387_0,65.0,64.77,62.45,62.48
259980981_21226464_0,65.0,73.39,65.79,65.15
259980981_2411169392_0,65.0,71.38,64.99,64.1
259980981_2411169387_0,65.0,68.42,64.89,63.95
259981068_21227233_0,60.0,64.5,60.66,61.05
259981068_255322433_0,65.0,63.87,59.36,61.65
259982243_583510079_0,65.0,68.17,59.81,59.15
259982474_1762621286_0,65.0,65.7,59.11,60.4
259982474_1763176364_0,65.0,65.31,60.19,60.85
259982474_205694970_0,65.0,65.86,61.74,60.75
259982480_430790260_0,65.0,67.62,63.63,62.1
259982480_1765317182_0,65.0,71.88,63.45,63.8
259982480_3610861130_0,65.0,70.8,61.72,62.45
259982777_205696203_0,65.0,69.11,64.78,60.15
259982777_9287919191_0,65.0,73.13,63.22,66.05
259982777_3610861130_0,65.0,71.77,62.07,61.5
259982827_3699664522_0,65.0,72.23,60.92,65.6
259982827_260478476_0,65.0,71.56,61.58,64.45
259983110_291211400_0,65.0,64.55,59.76,57.6
259983110_241469875_0,60.0,64.56,59.9,57.3
259983110_259983114_0,60.0,65.46,59.96,58.25
259983114_596783246_0,65.0,66.18,59.92,57.7
259983114_2704243449_0,60.0,66.04,63.74,65.7
259985370_260020856_0,60.0,64.94,60.56,58.7
259985372_259985414_0,65.0,69.66,63.98,61.88
259985372_259985370_0,55.0,65.54,59.64,60.85
259985414_1567944800_0,65.0,72.69,60.71,60.8
259985663_260020856_0,60.0,64.58,62.64,58.6
259985663_2694520748_0,60.0,64.59,57.44,56.5
259985801_2694520752_0,60.0,65.35,60.04,59.55
259985802_590969035_0,60.0,67.45,61.5,61.35
259985802_348322583_0,65.0,66.62,60.03,61.3
259985803_559773488_0,65.0,71.09,62.36,62.7
259985803_259985828_0,65.0,68.47,60.97,61.45
259985828_259985802_0,65.0,67.54,64.6,61.65
259985828_29827540_0,60.0,67.94,62.12,61.25
259986018_307666788_0,65.0,67.5,64.15,59.0
259986019_259986018_0,65.0,66.66,69.07,59.75
259986020_260018198_0,65.0,67.16,64.15,59.45
259986020_260021002_0,60.0,66.1,59.5,58.7
259986143_268616503_0,65.0,67.06,65.2,60.3
259986143_258937168_0,60.0,71.71,61.93,60.8
260018198_259986019_0,65.0,66.46,59.18,60.2
260018543_95771041_0,65.0,71.71,59.53,60.95
260018603_260018543_0,65.0,68.45,66.03,59.3
260018606_259986018_0,65.0,67.51,66.54,58.95
260018955_1935856949_0,65.0,67.24,61.88,63.15
260018955_260018603_0,65.0,67.12,62.08,59.1
260018956_260018955_0,60.0,66.27,61.15,59.55
260018956_21226348_0,60.0,65.96,60.56,60.3
260019099_95771041_0,65.0,66.7,66.62,59.15
260019099_260018955_0,65.0,67.15,62.76,59.35
260020848_259986020_0,65.0,66.7,58.85,57.95
260020848_260020874_0,60.0,66.07,56.05,57.6
260020856_260020874_0,60.0,65.06,60.77,58.4
260020874_260021002_0,60.0,65.38,61.99,58.95
260020874_260020848_0,60.0,66.07,56.05,57.6
260021002_29765443_0,65.0,65.56,62.16,58.75
260021002_260020874_0,60.0,65.38,61.99,58.95
260094557_877821154_0,65.0,66.67,64.74,63.45
260094558_260094557_0,65.0,62.78,68.32,59.35
260094558_291897328_0,65.0,62.19,64.15,58.75
260094570_241475062_0,65.0,63.64,62.18,62.48
260094570_114317241_0,65.0,62.14,64.95,62.4
260094595_1295220984_0,60.0,59.1,61.28,55.65
260094595_3877994959_0,65.0,61.9,64.19,58.95
260134305_1851687398_0,60.0,64.21,56.78,58.25
260134305_260134306_0,65.0,64.0,55.12,58.05
260134306_260134342_0,65.0,64.21,54.65,57.65
260134306_260134307_0,65.0,63.57,52.3,58.15
260134307_2788077153_0,65.0,64.51,58.45,58.0
260134307_273097275_0,65.0,62.63,54.59,57.2
260134311_260134330_0,65.0,66.84,58.8,57.45
260134311_260134305_0,65.0,64.66,58.11,57.75
260134311_251755010_0,65.0,67.65,57.34,62.1
260134330_260134311_0,65.0,66.84,58.8,57.45
260134330_308843203_0,65.0,67.44,61.51,62.1
260134342_273977889_0,65.0,63.63,56.26,57.25
260134342_531595729_0,60.0,63.69,57.79,58.35
260350386_259780776_0,65.0,48.82,59.58,56.9
260365181_27551133_0,65.0,62.02,60.91,63.42
260365181_2533528340_0,65.0,59.18,59.3,61.8
260478475_3699664522_0,65.0,66.87,59.85,63.65
260478475_432447126_0,65.0,68.9,62.92,63.7
260478476_259982827_0,65.0,71.56,61.58,64.45
260478476_260478475_0,65.0,70.74,65.63,64.0
260478476_11046749331_0,65.0,71.03,61.58,63.95
260478477_260478476_0,65.0,71.05,65.41,64.05
260478477_260478578_0,65.0,66.15,65.15,61.55
260478578_444382209_0,65.0,65.86,60.78,60.75
260478578_429251597_0,65.0,66.84,61.58,62.6
260478934_241468354_0,65.0,75.42,70.64,67.5
260478934_1736732466_0,65.0,73.47,63.59,67.55
260479139_2404068034_0,65.0,73.85,63.88,64.8
260479139_10536523797_0,65.0,71.66,63.57,63.8
260479139_596370830_0,65.0,71.71,63.54,63.85
260479506_262505353_0,65.0,70.94,58.56,60.7
260479506_1477713077_0,65.0,68.28,59.74,59.05
260479506_260479515_0,65.0,72.66,61.81,67.7
260479508_2769163349_0,60.0,69.02,59.49,63.55
260479508_534881008_0,65.0,69.75,58.3,64.3
260479515_1935805244_0,65.0,75.48,64.21,67.9
260479515_260479506_0,65.0,72.66,61.81,67.7
260479516_262978003_0,65.0,73.16,65.9,66.95
260479516_114336671_0,65.0,73.72,67.72,68.85
260480831_29797375_0,60.0,63.91,61.7,58.3
260480831_1942944013_0,55.0,63.05,58.13,59.6
260481319_21663241_0,60.0,61.59,62.34,60.25
260481319_256506702_0,60.0,61.7,62.22,60.2
260484047_21226533_0,65.0,71.75,61.04,64.0
260484047_1725740916_0,65.0,68.33,59.41,63.45
260551944_2514862862_0,65.0,60.82,58.55,60.0
260551944_5118555727_0,60.0,58.56,53.7,55.92
260551944_249556057_0,60.0,58.97,51.75,55.58
260552407_3488631704_0,65.0,69.31,59.43,59.7
260552407_693683792_0,60.0,69.67,61.91,60.15
260580000_274953935_0,65.0,71.96,61.36,58.25
260580000_29766182_0,65.0,74.2,59.42,58.15
260784618_1470957633_0,65.0,77.08,59.4,60.95
260784673_31367672_0,65.0,76.48,55.75,60.6
260784674_661757903_0,65.0,77.37,62.67,62.3
260784674_2704170482_0,65.0,73.07,61.01,60.31
260784675_2704170482_0,60.0,72.77,57.73,59.9
260784675_260784674_0,65.0,76.75,60.89,61.0
260784696_260784674_0,65.0,74.09,61.44,60.28
260784696_257678253_0,60.0,75.84,60.08,59.85
260784749_1537554882_0,60.0,75.46,54.99,63.3
260784749_271200582_0,65.0,72.15,58.11,60.57
260784749_3955892664_0,65.0,71.72,54.11,61.6
260784749_271050384_0,65.0,75.72,55.92,62.2
260785175_2722021090_0,55.0,72.22,54.78,58.6
260785175_262384655_0,55.0,74.03,55.21,62.35
260785176_1172258132_0,60.0,67.87,57.4,58.55
260785176_2787374241_0,60.0,69.13,57.54,58.85
260785177_1284927072_0,60.0,71.32,60.47,59.0
260785177_1284927137_0,60.0,71.22,57.11,58.4
260785178_574885786_0,65.0,71.99,54.98,59.25
260785178_21226857_0,65.0,72.19,54.49,61.4
260785304_1006145266_0,55.0,66.81,53.75,56.05
260785304_260785305_0,55.0,67.71,54.26,55.35
260785304_271759862_0,55.0,67.48,52.84,55.5
260785305_271759821_0,60.0,67.68,52.22,56.85
260785305_260785304_0,55.0,67.7,54.26,55.5
260785305_1137794312_0,60.0,67.95,51.09,55.8
260785305_260785435_0,55.0,67.77,54.1,56.15
260785308_2729212583_0,65.0,73.45,58.51,61.38
260785308_271198135_0,65.0,68.78,59.85,61.3
260785308_2729212585_0,60.0,73.2,55.57,61.25
260785435_2688272771_0,55.0,66.84,54.23,55.55
260785435_260785305_0,55.0,67.77,54.1,56.15
260785436_2729212656_0,60.0,67.32,52.45,54.75
260785436_2787374295_0,60.0,67.3,51.29,55.35
260785437_271759286_0,65.0,69.21,59.41,57.0
260785437_1003120151_0,60.0,68.7,56.81,57.7
260785437_13428999222_0,65.0,67.86,57.22,56.95
260785437_998947385_0,65.0,70.48,57.41,58.0
260785529_747373741_0,60.0,68.49,59.63,59.7
260785529_747373756_0,65.0,70.05,57.07,60.75
260785650_692073219_0,65.0,70.32,59.79,58.32
260785650_267402508_0,65.0,70.64,59.69,58.3
260785650_260785651_0,65.0,69.92,59.91,58.18
260785651_295564864_0,60.0,69.45,60.59,58.4
260785651_260785652_0,65.0,70.65,62.32,57.7
260785651_260785650_0,65.0,69.89,59.46,57.98
260785652_260785651_0,65.0,70.65,62.32,57.7
260785652_248291950_0,65.0,73.69,60.01,61.75
260785963_260786039_0,65.0,76.72,61.43,67.45
260785963_9308634228_0,60.0,71.05,59.09,61.1
260786039_661902208_0,65.0,78.74,65.93,68.7
260786039_3730547987_0,65.0,76.03,58.82,66.15
260786077_267407791_0,65.0,70.67,50.35,56.15
260786077_776998649_0,60.0,70.79,50.99,56.2
260786077_776998583_0,60.0,71.19,50.73,57.3
260786240_267251839_0,65.0,72.49,55.05,57.25
260786240_2806774108_0,65.0,70.46,59.05,57.9
260786240_267409728_0,65.0,70.56,56.32,57.25
260786356_575950620_0,65.0,70.04,55.53,56.8
260786356_2806774105_0,60.0,69.79,53.83,56.9
260786356_267409720_0,60.0,69.82,56.19,57.0
260820511_260820515_0,65.0,83.09,65.14,65.7
260820515_21310657_0,65.0,86.39,64.47,68.0
260820515_2706748747_0,65.0,79.69,62.91,64.5
261099406_1793514945_0,65.0,62.59,65.9,58.65
261283251_344817036_0,60.0,64.45,55.32,56.3
261283251_4622435990_0,65.0,64.03,56.69,56.6
261283251_344817050_0,60.0,65.46,58.86,58.46
261283492_2613242864_0,60.0,66.47,56.74,56.95
261283492_344817036_0,65.0,65.02,57.56,56.61
261283492_261284074_0,60.0,66.26,56.9,57.88
261283492_1856296929_0,65.0,65.49,55.62,56.29
261283494_249455892_0,65.0,71.12,62.51,61.48
261283494_344817051_0,65.0,70.59,64.77,63.22
261284074_693933538_0,65.0,68.42,56.36,59.8
261284074_261283492_0,60.0,66.26,56.9,57.88
261284074_2613237576_0,65.0,66.84,59.39,57.52
261987857_2613998018_0,65.0,64.03,55.32,56.4
261987857_262699075_0,60.0,63.53,57.19,59.05
261987950_582660121_0,60.0,66.82,57.56,57.62
261987950_2533630472_0,60.0,67.51,58.51,58.3
261990313_2701276612_0,70.0,61.61,45.67,48.95
261990313_3782542461_0,70.0,61.62,49.53,51.65
262370257_10182521297_0,60.0,70.48,55.7,52.95
262370257_2696621714_0,60.0,71.49,60.53,54.4
262370257_1839920980_0,60.0,72.71,54.6,57.2
262371125_271199666_0,60.0,65.89,61.82,58.9
262371125_692073204_0,65.0,72.87,63.02,65.65
262371741_271199838_0,65.0,65.71,56.19,57.3
262371741_267403663_0,60.0,65.34,55.55,55.8
262371741_267403644_0,65.0,67.03,62.1,61.95
262372581_313367794_0,60.0,72.0,58.99,57.25
262372581_313367643_0,60.0,73.35,56.92,56.5
262372585_262372586_0,60.0,70.85,58.94,58.7
262372585_262372857_0,60.0,72.14,58.84,58.75
262372585_313367643_0,65.0,71.54,60.16,57.05
262372586_313367794_0,60.0,70.67,59.04,62.4
262372586_262372585_0,60.0,70.86,58.94,58.6
262372586_313367792_0,60.0,70.71,57.03,60.25
262372688_313367639_0,65.0,75.73,57.83,57.5
262372688_2634856483_0,65.0,74.13,57.9,58.3
262372793_1483491542_0,65.0,73.89,58.9,57.95
262372793_273091396_0,65.0,75.7,55.39,56.25
262372857_1839766229_0,65.0,72.92,58.49,58.55
262372857_262372585_0,60.0,72.14,58.84,58.85
262372857_2634856483_0,65.0,72.53,57.98,58.95
262372896_370685043_0,65.0,72.19,53.79,58.8
262372896_258326070_0,65.0,72.52,57.89,64.15
262373017_332648824_0,65.0,82.47,63.9,60.71
262373017_11046946263_0,65.0,75.97,59.15,59.85
262373023_370500050_0,65.0,79.35,60.16,60.4
262373023_270254181_0,70.0,79.23,60.34,60.2
262373023_370497727_0,65.0,76.83,64.39,60.85
262384458_312792175_0,65.0,74.26,57.94,56.45
262384458_282530781_0,65.0,73.53,54.57,56.0
262384559_2872661072_0,65.0,68.51,56.75,54.25
262384559_1006145280_0,60.0,68.55,54.32,53.95
262384654_262384655_0,55.0,70.35,55.1,58.65
262384654_982826821_0,55.0,69.78,58.23,54.1
262384655_1537554882_0,55.0,74.42,54.0,60.3
262384655_260785175_0,55.0,74.03,55.21,62.35
262384661_2722021077_0,55.0,73.51,53.46,62.02
262384661_6460883830_0,55.0,70.15,56.77,58.75
262384661_1137778183_0,60.0,73.18,58.99,64.05
262384730_271050360_0,60.0,70.52,56.31,54.6
262384730_271200573_0,60.0,72.0,53.57,56.9
262384730_984463099_0,60.0,71.55,60.29,58.55
262384779_282536419_0,55.0,72.36,55.7,54.1
262384779_262384780_0,60.0,73.28,58.03,56.6
262384779_282531554_0,55.0,72.58,52.64,54.6
262384780_262384779_0,60.0,73.28,58.03,56.6
262384780_370683693_0,60.0,75.11,57.43,56.4
262384799_249603649_0,65.0,74.77,61.23,57.75
262384799_282537477_0,65.0,72.84,58.78,57.55
262384799_258326080_0,65.0,75.11,63.51,65.75
262385094_1764266277_0,65.0,68.76,51.3,57.8
262385094_335695203_0,65.0,69.5,54.15,58.2
262385115_251622085_0,60.0,67.52,53.05,56.55
262385115_335593072_0,60.0,67.01,55.78,57.35
262385115_262395810_0,60.0,66.45,50.31,55.1
262385259_262372688_0,65.0,75.41,60.9,57.65
262385259_21226779_0,65.0,73.17,56.98,58.0
262395810_268403387_0,60.0,65.48,54.55,57.2
262395810_262385115_0,60.0,66.45,50.31,55.1
262395810_262395823_0,60.0,65.7,49.82,53.05
262395823_262385094_0,65.0,66.36,55.86,55.3
262395823_282451681_0,65.0,65.62,49.07,51.95
262395823_262395810_0,60.0,65.69,49.82,53.1
262395847_282450858_0,65.0,67.29,50.76,53.9
262395847_269757937_0,65.0,66.88,53.24,53.45
262395848_262395847_0,65.0,68.37,57.04,54.3
262395848_282451675_0,65.0,70.84,52.94,58.35
262395848_335695203_0,65.0,69.93,59.5,57.0
262395887_269758338_0,65.0,68.08,55.47,54.9
262395887_2706764786_0,65.0,68.84,54.98,56.35
262395887_10887051086_0,65.0,68.74,57.9,56.95
262504994_8279985592_0,65.0,67.67,61.36,59.5
262504994_2920257126_0,60.0,66.48,56.91,57.87
262504994_262505038_0,65.0,68.51,57.23,61.75
262504994_2836023821_0,60.0,67.06,59.04,61.75
262504995_2836077939_0,65.0,68.53,54.26,60.9
262504995_2836023821_0,60.0,66.41,60.11,59.67
262504995_2836077908_0,60.0,67.83,54.79,61.35
262505038_1935805303_0,65.0,70.66,60.17,64.8
262505038_262504994_0,65.0,68.52,57.23,61.65
262505086_295471352_0,65.0,68.37,58.49,62.25
262505086_1477717976_0,65.0,73.97,58.67,66.15
262505335_1935805291_0,65.0,69.3,61.55,61.85
262505335_2920257126_0,60.0,67.0,57.31,59.75
262505335_262505038_0,65.0,68.23,59.02,61.85
262505337_27552304_0,65.0,71.51,64.99,67.3
262505337_262505086_0,65.0,74.26,59.82,67.95
262505338_3752130641_0,60.0,66.98,55.48,58.85
262505338_599962992_0,60.0,70.33,59.39,61.05
262505338_262505544_0,60.0,66.36,61.04,61.21
262505353_260479506_0,65.0,70.94,58.56,60.7
262505353_534880915_0,65.0,66.06,61.37,65.85
262505353_534881008_0,65.0,69.65,63.9,67.25
262505428_306997525_0,65.0,64.35,54.49,60.85
262505428_3752130651_0,65.0,65.13,57.68,60.6
262505431_306997518_0,65.0,63.94,54.91,60.55
262505431_114310868_0,65.0,64.46,58.82,62.27
262505544_353284467_0,65.0,65.87,61.19,60.83
262505544_560860192_0,65.0,68.94,59.71,61.18
262505743_2779757698_0,60.0,63.23,56.75,56.1
262505743_306997518_0,60.0,63.22,58.5,57.8
262505743_262505753_0,65.0,63.87,58.35,60.05
262505753_262505428_0,65.0,64.31,56.9,60.55
262505812_262505952_0,60.0,70.08,59.45,66.05
262505812_8294961011_0,60.0,70.33,60.58,69.0
262505952_262505812_0,60.0,70.08,59.45,66.05
262505952_3780474221_0,60.0,66.9,60.41,64.9
262505952_353289082_0,65.0,71.29,65.5,67.5
262505954_2779757675_0,65.0,75.02,66.73,67.0
262505954_25543759_0,65.0,72.42,64.55,68.2
262505959_10203732827_0,60.0,67.54,61.33,59.65
262505959_255895523_0,65.0,69.08,62.22,59.5
262505959_306997471_0,65.0,68.1,59.35,60.4
262506084_2790635605_0,65.0,63.18,53.6,53.9
262506084_1968224628_0,60.0,61.95,55.05,54.1
262506095_241469910_0,65.0,69.62,69.67,67.05
262506095_27552353_0,65.0,73.68,65.83,68.3
262507565_1150916214_0,65.0,65.6,58.16,60.8
262507565_262506095_0,65.0,65.83,67.07,64.6
262507732_10967412784_0,65.0,69.62,55.68,57.05
262508240_2701579876_0,55.0,61.15,57.18,55.1
262508240_392097328_0,60.0,60.88,56.72,53.95
262508248_262508249_0,60.0,61.79,55.4,56.1
262508249_1236466486_0,60.0,63.79,58.39,60.62
262508249_566180964_0,60.0,61.74,54.23,55.6
262508249_262508248_0,60.0,61.79,55.4,56.1
262508432_306997510_0,60.0,63.27,60.77,59.05
262508432_1850143045_0,60.0,63.18,59.57,59.28
262508432_10203732827_0,60.0,67.01,61.82,61.15
262508432_2711646163_0,65.0,66.7,62.42,60.15
262508579_4246891606_0,65.0,64.07,56.17,55.92
262508579_1943160351_0,65.0,65.24,58.03,58.55
262508581_268052108_0,60.0,68.11,58.68,60.75
262508581_2701605508_0,65.0,71.31,61.69,60.2
262509440_207121074_0,65.0,63.22,59.59,61.52
262509440_2770547512_0,65.0,61.89,57.85,59.85
262509816_2018623082_0,60.0,58.57,52.16,57.8
262509816_1236466543_0,60.0,57.98,56.94,58.35
262509817_508468685_0,60.0,58.05,50.34,52.1
262510634_6375738020_0,60.0,67.09,57.47,55.65
262510634_2704873536_0,65.0,68.72,57.77,57.85
262510634_850615779_0,65.0,72.32,55.2,58.95
262510634_251616910_0,65.0,72.06,60.58,60.52
262524850_262524938_0,60.0,66.31,61.88,60.95
262524850_439184219_0,60.0,65.64,60.5,60.01
262524850_439184218_0,60.0,65.4,58.74,60.5
262524938_262524850_0,60.0,66.31,61.88,60.95
262524938_262524963_0,60.0,65.4,60.47,56.8
262524938_1942841547_0,60.0,67.31,63.38,63.65
262524963_1942841543_0,65.0,66.11,64.78,61.25
262524963_262524964_0,60.0,65.71,60.8,61.25
262524964_430796552_0,60.0,66.75,61.12,61.25
262524964_291211296_0,60.0,65.6,60.89,63.95
262698796_205746149_0,65.0,72.65,60.18,62.55
262698796_262698797_0,65.0,72.89,61.73,62.4
262698796_1762326731_0,65.0,71.99,58.21,60.75
262698797_363911337_0,65.0,73.4,65.37,64.75
262698797_1478978837_0,65.0,71.48,63.55,63.55
262698797_2632468955_0,65.0,73.68,63.71,64.15
262698797_262698796_0,65.0,72.89,61.73,62.4
262699075_262699076_0,60.0,63.26,55.79,56.2
262699075_262699078_0,60.0,64.34,55.9,57.55
262699076_1759975511_0,65.0,63.77,59.15,60.9
262699077_306412907_0,60.0,63.57,55.63,56.75
262699077_262699076_0,60.0,63.72,56.79,60.3
262699078_261987950_0,60.0,65.16,58.02,58.38
262699848_1478974809_0,60.0,66.91,59.89,60.35
262699848_430785442_0,65.0,67.33,61.65,62.4
262699848_430785476_0,65.0,68.4,59.75,61.5
262699848_3061350783_0,65.0,66.03,59.78,61.15
262872916_258074620_0,65.0,71.8,63.48,68.2
262977812_343025125_0,60.0,65.96,57.17,54.8
262977812_127814124_0,65.0,65.94,55.02,54.45
262978003_260479515_0,65.0,77.93,67.34,69.0
262978003_262978032_0,65.0,68.87,63.23,66.05
262978032_534888441_0,65.0,67.11,61.17,64.1
262978054_534888520_0,65.0,65.13,59.46,59.7
262978054_13630266175_0,65.0,64.89,60.36,59.4
262978054_262978032_0,65.0,66.55,63.06,63.8
262978289_1417067569_0,65.0,64.38,55.46,62.5
262978289_336136075_0,65.0,64.68,60.65,63.95
262978290_1763153010_0,60.0,62.02,59.95,56.55
262978291_1504504853_0,65.0,58.95,48.72,54.0
262978291_1504504886_0,65.0,58.51,58.85,52.2
262978291_1236470076_0,65.0,58.46,53.49,54.85
262978503_566146036_0,65.0,67.32,55.89,57.75
262978516_596370830_0,65.0,67.89,57.38,60.55
262978516_262978503_0,65.0,66.76,57.77,58.9
262978516_1505194149_0,65.0,66.01,57.86,57.45
262985435_2542253792_0,65.0,57.63,53.54,59.3
262985494_1492511838_0,60.0,56.74,49.4,53.5
262985494_264673507_0,60.0,58.59,58.33,57.45
262985495_1492511838_0,60.0,55.68,50.33,51.6
262985495_262985649_0,65.0,57.16,55.09,53.15
262985496_262985495_0,60.0,55.98,52.78,54.65
262985496_262985697_0,60.0,56.55,54.42,55.5
262985497_262985496_0,60.0,56.34,55.51,55.6
262985520_283826130_0,60.0,54.81,54.48,57.1
262985520_264680403_0,60.0,54.46,56.8,55.95
262985522_262986717_0,65.0,57.02,55.15,57.6
262985522_3739336308_0,65.0,56.5,52.69,54.75
262985522_2702717598_0,65.0,58.12,61.83,57.05
262985524_12285352812_0,65.0,56.66,56.88,53.95
262985524_1492509849_0,65.0,59.34,59.52,58.65
262985524_2702717598_0,65.0,58.26,57.22,58.55
262985600_1492511825_0,65.0,58.24,58.15,58.92
262985600_12292571959_0,65.0,58.78,57.8,59.14
262985649_1492511839_0,70.0,59.5,61.51,57.75
262985649_879517293_0,70.0,60.68,58.58,59.1
262985697_262985698_0,60.0,56.52,52.26,55.15
262985698_255137148_0,65.0,58.66,62.28,63.25
262985698_879517230_0,60.0,57.38,55.0,53.35
262986717_264677678_0,65.0,57.39,61.41,58.6
262986717_262985522_0,65.0,57.02,55.15,57.6
263048752_13245914848_0,65.0,61.57,55.83,56.4
263048752_263048754_0,65.0,62.34,57.93,54.75
263048754_1521649984_0,65.0,62.13,59.89,53.95
263048754_263048752_0,65.0,62.34,57.93,54.75
263048754_27654256_0,65.0,61.05,57.19,53.75
263049304_1931981430_0,65.0,69.65,60.93,59.3
263049304_1846898956_0,65.0,66.65,60.03,62.35
263050786_21226136_0,65.0,71.96,64.96,64.0
263050786_1856296884_0,65.0,71.44,63.64,64.2
263250339_4233844886_0,65.0,64.53,59.06,57.75
263250339_275651938_0,65.0,63.89,58.06,56.22
263250686_297920470_0,65.0,68.85,61.16,59.93
263250686_8383189623_0,65.0,70.13,64.2,61.82
263250688_344818928_0,65.0,69.06,72.4,68.85
263250715_2801660602_0,65.0,67.92,60.33,61.85
263250715_344814463_0,70.0,65.93,60.52,59.05
263250715_365311374_0,65.0,67.92,60.67,61.45
263250741_245570225_0,65.0,75.24,63.04,64.5
263250741_271096746_0,65.0,71.43,64.8,64.45
263250798_474849909_0,65.0,65.02,58.31,59.4
263250798_474850403_0,65.0,67.98,59.57,61.4
263250798_679447434_0,60.0,67.58,62.69,61.05
263250903_344817034_0,70.0,65.95,58.47,58.82
263250905_343294928_0,60.0,73.48,57.19,58.55
263766041_4331783648_0,60.0,57.18,62.47,57.52
263766041_2655763312_0,60.0,57.3,58.17,56.3
263766044_263799918_0,65.0,54.72,57.46,57.45
263766051_263769833_0,65.0,54.84,65.73,58.9
263766051_263766053_0,65.0,54.03,60.51,57.3
263766053_263767114_0,65.0,54.5,61.28,57.4
263766060_263766062_0,65.0,53.95,60.18,57.8
263766062_263766053_0,65.0,54.88,59.94,58.0
263767114_263766044_0,65.0,54.66,58.91,56.6
263767114_263772304_0,65.0,54.34,59.66,56.25
263768062_263768578_0,65.0,53.31,57.57,57.55
263768064_263768580_0,65.0,54.64,55.06,51.47
263768578_263768580_0,65.0,53.13,59.36,56.8
263768580_263772305_0,65.0,53.2,59.88,57.55
263769824_263768062_0,65.0,55.71,56.98,58.9
263769824_260365181_0,65.0,57.71,67.27,64.55
263769833_263769837_0,65.0,54.75,64.26,58.9
263769833_263797540_0,65.0,55.01,63.35,58.85
263769834_264155288_0,65.0,58.33,62.93,58.05
263769834_264141740_0,65.0,60.47,62.11,58.55
263769837_264496766_0,65.0,54.54,63.56,56.95
263769837_264496765_0,65.0,54.86,64.65,57.55
263769840_263776466_0,65.0,55.69,52.82,56.0
263770662_4331783648_0,65.0,58.72,62.34,58.6
263770662_264134183_0,60.0,55.19,62.7,56.7
263771544_263770662_0,65.0,57.38,61.35,59.1
263772302_2542914878_0,65.0,57.78,61.41,59.65
263772302_2542914871_0,65.0,59.9,60.01,57.18
263772302_264141740_0,65.0,57.96,64.79,59.0
263772303_2542914358_0,60.0,56.63,57.35,51.22
263772303_2655763312_0,60.0,56.82,56.17,54.3
263772303_2542914328_0,60.0,58.31,57.8,52.35
263772304_263766060_0,65.0,53.66,58.16,57.2
263772305_263772304_0,65.0,54.01,58.75,57.05
263772305_263766044_0,65.0,54.19,58.83,57.65
263772803_264496767_0,60.0,56.67,63.9,58.5
263772804_263774311_0,65.0,55.75,60.76,56.05
263772804_1092539235_0,60.0,56.89,63.47,56.88
263772806_263774311_0,65.0,56.99,61.57,56.55
263772806_1092539235_0,65.0,61.65,61.55,64.1
263772806_264142380_0,65.0,59.61,60.02,62.38
263774311_263797541_0,65.0,55.22,63.2,56.2
263774311_264496768_0,65.0,55.33,60.94,56.0
263774312_264496770_0,60.0,56.02,57.22,55.55
263774312_263776463_0,65.0,56.3,56.04,55.55
263776299_263784852_0,65.0,57.56,48.66,56.25
263776299_263776466_0,60.0,56.27,49.18,54.25
263776463_263798698_0,65.0,57.66,58.8,58.05
263776463_263776299_0,60.0,56.46,52.47,54.75
263776463_3495156366_0,60.0,56.42,54.45,54.7
263776466_263789821_0,60.0,56.11,51.47,57.65
263776466_1558112595_0,60.0,56.13,53.74,55.35
263777387_256578967_0,65.0,63.33,60.72,59.85
263777387_263785865_0,65.0,58.38,58.74,58.8
263777387_1092286064_0,60.0,61.03,62.79,59.7
263777977_263777979_0,65.0,58.8,53.22,55.2
263777977_263827361_0,65.0,58.05,49.05,55.6
263777979_263777977_0,65.0,58.8,53.22,55.2
263784848_263827358_0,65.0,59.26,58.97,57.72
263784848_12943026286_0,65.0,60.65,53.94,57.2
263784852_263827355_0,65.0,58.23,56.69,57.38
263784852_12943026286_0,65.0,60.17,54.81,57.95
263785349_1092286284_0,60.0,62.5,58.81,59.6
263785349_2781115238_0,65.0,62.51,62.56,59.5
263785862_263785865_0,65.0,58.04,53.64,55.5
263785862_263785349_0,65.0,59.47,58.66,56.5
263785865_263777387_0,65.0,58.36,58.65,58.8
263785865_263776299_0,65.0,57.22,53.77,56.1
263788230_27551140_0,65.0,59.21,61.77,60.88
263788230_2176865413_0,65.0,56.53,58.9,57.0
263788230_264496773_0,65.0,56.54,60.9,57.15
263788230_1092539235_0,65.0,59.03,62.05,61.85
263792923_263792927_0,65.0,42.81,44.97,39.5
263794895_2781115238_0,65.0,65.57,60.15,59.55
263794895_263796842_0,60.0,64.72,62.09,62.86
263794903_8823581031_0,60.0,59.43,54.46,58.75
263794903_263777977_0,60.0,57.86,52.48,55.8
263796528_263796532_0,60.0,61.75,59.04,59.65
263796528_1110303900_0,65.0,59.8,54.19,55.2
263796532_256575176_0,65.0,64.14,61.95,59.7
263796532_1110323884_0,65.0,65.22,65.37,62.88
263796842_1383498715_0,60.0,67.33,60.1,65.5
263796842_263794895_0,60.0,64.72,62.09,62.86
263797537_264155288_0,65.0,57.77,65.17,57.3
263797537_264142380_0,65.0,59.21,59.33,57.85
263797540_263769833_0,65.0,55.01,63.35,58.85
263797541_263797537_0,65.0,55.87,61.58,58.05
263797541_264496766_0,65.0,55.02,63.55,56.8
263797541_264496765_0,65.0,55.18,64.7,57.55
263798698_27551140_0,65.0,61.41,62.06,62.16
263798698_256578967_0,65.0,60.36,63.13,59.5
263799918_263769824_0,65.0,56.36,62.78,64.55
263799918_2533541845_0,65.0,55.03,54.44,57.55
263827355_263784852_0,65.0,58.24,58.3,57.72
263827357_263784848_0,65.0,59.66,57.8,58.15
263827358_263784848_0,65.0,59.27,58.97,57.72
264005686_257779592_0,65.0,61.24,50.42,56.45
264005687_315285928_0,65.0,57.81,61.26,60.7
264005687_315285928_1,65.0,62.55,61.9,61.1
264005692_264005702_0,60.0,54.79,51.72,54.3
264005694_264132311_0,65.0,61.94,60.78,58.15
264005702_264138296_0,65.0,54.69,54.28,54.85
264005702_264137720_0,65.0,55.05,56.89,56.0
264008364_31370860_0,65.0,68.53,66.38,68.3
264008365_264008374_0,65.0,59.53,58.47,58.2
264008365_264008364_0,65.0,60.16,51.79,57.7
264008365_9335947376_0,65.0,59.92,64.3,62.72
264008374_264008365_0,65.0,59.53,58.47,58.2
264008374_31370858_0,60.0,59.17,57.4,59.15
264008375_264008373_0,65.0,57.14,57.0,55.9
264008375_264008367_0,65.0,57.2,55.69,56.2
264008376_315285587_0,65.0,59.51,61.47,64.8
264008376_9335947376_0,65.0,60.11,62.52,65.6
264008551_315286032_0,65.0,57.56,56.11,57.7
264132303_264005694_0,65.0,61.65,60.2,58.05
264132304_1584980574_0,65.0,60.82,60.52,60.9
264132304_264132303_0,65.0,61.47,55.61,58.2
264132307_264132304_0,65.0,62.39,60.67,58.05
264133200_264140606_0,60.0,55.07,57.31,56.95
264133200_2542912820_0,60.0,55.95,57.7,57.95
264134183_2542912825_0,60.0,54.47,56.64,55.55
264137342_1110222603_0,60.0,56.16,63.2,57.15
264137342_1526847259_0,65.0,57.88,57.9,61.05
264137345_264496774_0,60.0,54.64,58.16,53.95
264137345_264155212_0,60.0,56.04,64.99,56.68
264137345_264138638_0,60.0,55.42,63.97,56.43
264137346_1526847351_0,65.0,56.32,59.4,58.95
264137346_264496764_0,65.0,59.57,59.43,61.6
264137346_1526847259_0,65.0,57.96,58.72,61.7
264137347_269523485_0,65.0,63.9,63.54,68.75
264137579_264137580_0,60.0,54.93,59.29,57.8
264137579_264264066_0,60.0,55.26,60.54,57.6
264137580_264496776_0,65.0,55.32,61.17,58.1
264137720_264138297_0,65.0,54.77,58.83,55.2
264138295_2745008349_0,60.0,55.16,60.21,59.0
264138295_279809048_0,65.0,55.04,63.36,58.65
264138295_279810531_0,60.0,54.72,63.83,59.1
264138296_264496777_0,60.0,54.69,55.74,54.85
264138296_264134183_0,60.0,54.33,55.58,54.55
264138636_2542914871_0,65.0,58.91,59.89,60.84
264138636_2542914328_0,65.0,60.48,58.73,55.8
264138637_2542914348_0,60.0,57.55,57.42,56.1
264138637_264138638_0,60.0,54.96,57.17,54.45
264138638_264137345_0,60.0,55.49,64.16,56.48
264138638_264496775_0,60.0,56.02,61.21,56.45
264138969_264137720_0,65.0,55.39,54.6,55.3
264138969_264139267_0,60.0,55.5,56.17,56.05
264138976_264138979_0,60.0,55.42,58.86,55.55
264138976_264139267_0,60.0,55.61,59.56,56.95
264138979_264496775_0,55.0,55.32,56.53,57.7
264138979_2542912820_0,55.0,55.61,59.31,56.9
264139267_264496764_0,65.0,56.25,57.75,58.35
264140606_263766041_0,60.0,55.44,51.75,52.63
264140606_264140609_0,60.0,54.51,57.53,56.5
264140609_264138637_0,60.0,55.19,58.58,55.5
264141740_263769834_0,65.0,60.47,62.11,58.55
264141740_263772302_0,65.0,57.96,64.79,59.0
264142357_264155214_0,60.0,55.41,56.92,55.4
264142380_263797537_0,65.0,59.21,59.33,57.85
264142380_263772806_0,65.0,59.61,60.02,62.38
264155211_27551140_0,65.0,60.96,59.84,62.08
264155211_264496773_0,65.0,57.82,67.86,58.85
264155211_256578899_0,65.0,58.98,61.99,58.15
264155212_264141740_0,65.0,56.33,60.95,58.65
264155213_264155214_0,60.0,55.49,56.91,55.2
264155213_264142357_0,60.0,54.98,58.81,56.15
264155214_264496771_0,65.0,55.54,56.72,55.15
264155287_718766601_0,65.0,57.48,56.01,58.05
264155288_264496772_0,65.0,55.91,63.28,57.6
264155288_263769834_0,65.0,58.33,62.93,58.05
264155288_263797537_0,65.0,57.77,65.17,57.3
264230942_264263263_0,65.0,57.78,52.2,59.6
264230942_264230943_0,65.0,64.15,60.67,67.25
264230943_2569457833_0,65.0,58.52,62.35,65.0
264230943_2569457832_0,65.0,65.98,65.45,67.25
264230956_264137347_0,65.0,67.78,68.94,69.7
264230956_264230942_0,65.0,64.74,59.79,67.6
264230957_539566073_0,65.0,64.21,64.37,67.5
264230999_252392162_0,65.0,62.7,66.94,64.3
264230999_268763049_0,65.0,63.39,64.31,66.9
264263263_264137579_0,60.0,55.47,61.13,58.85
264264063_2745008343_0,60.0,55.1,55.15,58.9
264264066_2745008280_0,65.0,55.42,61.91,57.75
264264066_264263263_0,65.0,55.62,58.8,59.05
264496762_279809049_0,65.0,54.19,57.99,55.4
264496762_8341779717_0,65.0,53.7,58.43,55.05
264496762_264496763_0,65.0,54.74,54.96,55.15
264496762_264496775_0,60.0,55.11,54.74,56.0
264496763_264264066_0,60.0,54.82,54.75,58.15
264496763_264137580_0,65.0,54.64,53.25,55.7
264496764_264137346_0,65.0,59.57,59.43,61.6
264496764_264137579_0,65.0,55.73,57.1,58.45
264496764_264496776_0,65.0,57.21,60.64,61.5
264496765_263769834_0,65.0,56.25,61.59,59.9
264496765_263766053_0,65.0,54.7,63.12,59.65
264496766_264496768_0,65.0,54.84,62.52,56.65
264496766_263797540_0,65.0,54.82,63.87,58.35
264496767_264496769_0,65.0,55.33,59.41,57.35
264496767_263772804_0,65.0,55.92,61.14,56.4
264496768_263772807_0,65.0,56.97,62.8,58.7
264496768_264496767_0,65.0,56.03,60.43,57.85
264496769_263788231_0,65.0,55.55,57.12,57.05
264496769_263769840_0,65.0,55.54,55.35,57.15
264496770_264496769_0,60.0,55.68,55.45,55.15
264496770_263772804_0,65.0,55.82,57.66,56.9
264496771_264142380_0,65.0,56.47,57.26,58.55
264496771_264496772_0,65.0,56.41,60.23,57.05
264496771_264496773_0,60.0,56.61,61.45,57.35
264496772_264496774_0,65.0,55.61,59.23,53.7
264496772_264155212_0,60.0,56.22,63.45,57.45
264496773_264155213_0,65.0,56.21,56.11,56.9
264496774_264142357_0,65.0,55.24,56.52,54.55
264496774_2625802182_0,60.0,53.72,56.67,53.55
264496774_264137345_0,60.0,54.64,58.16,53.95
264496775_264138979_0,55.0,55.32,56.53,57.7
264496775_264496762_0,60.0,55.11,54.74,56.0
264496775_264496776_0,65.0,57.25,62.36,59.3
264496775_264138638_0,60.0,56.02,61.21,56.45
264496776_264138976_0,60.0,55.78,60.46,56.35
264496776_264496764_0,65.0,57.21,60.64,61.5
264496776_264496775_0,65.0,57.25,62.36,59.3
264496777_264138976_0,60.0,55.04,56.32,55.85
264496777_264138969_0,65.0,54.92,58.49,56.4
264633041_259788847_0,65.0,53.88,58.49,52.4
264633043_264633041_0,65.0,52.97,48.89,49.3
264633043_2533535171_0,65.0,52.88,53.7,49.35
264633045_264633041_0,60.0,53.27,54.19,50.65
264633045_264633046_0,65.0,53.4,54.75,51.0
264633045_264634351_0,65.0,52.56,53.44,49.85
264633046_264634348_0,65.0,54.49,58.26,51.95
264634348_259780858_0,65.0,57.81,64.28,57.9
264634351_264634951_0,65.0,52.32,48.52,47.65
264634951_264634955_0,65.0,52.63,51.24,49.75
264634951_309382837_0,65.0,54.1,58.38,57.6
264634952_264634955_0,65.0,54.13,51.53,54.9
264634952_264634348_0,65.0,56.63,58.37,58.1
264634955_264634951_0,65.0,52.63,51.24,49.75
264634955_264634952_0,65.0,54.13,51.53,54.9
264634955_264633046_0,65.0,53.08,52.63,49.1
264635230_264633043_0,65.0,53.94,48.65,53.97
264638692_234727569_0,65.0,67.16,61.54,64.22
264639176_1743189679_0,65.0,60.99,57.78,57.71
264639176_1930644455_0,65.0,60.13,60.16,57.65
264639180_264639176_0,65.0,59.51,53.61,58.25
264640357_264640359_0,65.0,57.0,52.97,55.75
264640359_264640357_0,65.0,57.0,52.97,55.75
264640359_2173547440_0,65.0,56.03,56.11,55.85
264640359_256577727_0,65.0,57.34,57.01,57.55
264640362_1092390937_0,60.0,57.09,53.11,55.55
264641059_1110303878_0,65.0,61.0,62.54,59.0
264641059_279794151_0,65.0,58.62,58.92,59.2
264641059_27551144_0,65.0,60.76,61.1,61.2
264641072_256578687_0,60.0,56.79,56.67,56.75
264641073_279794151_0,65.0,57.65,56.75,56.05
264641073_27551144_0,65.0,58.41,58.18,59.25
264641075_264641080_0,60.0,56.73,52.64,56.8
264641075_264641076_0,60.0,57.28,54.45,56.0
264641076_27551143_0,65.0,59.97,56.82,61.3
264641079_264641076_0,65.0,58.33,58.61,57.45
264641080_5166605218_0,60.0,55.75,55.99,54.9
264671366_10091649597_0,60.0,59.26,62.99,58.5
264671366_207134108_0,65.0,58.31,61.28,58.1
264672666_262985497_0,60.0,56.35,56.46,55.75
264672666_264673510_0,65.0,58.09,56.53,56.85
264673500_1492511825_0,65.0,59.33,56.92,55.95
264673500_2936500870_0,65.0,60.47,55.94,55.85
264673507_264673500_0,65.0,59.48,57.97,56.05
264673507_264672666_0,60.0,57.86,60.09,57.7
264673510_1492509849_0,65.0,58.67,54.94,58.55
264673510_1483672533_0,60.0,58.59,63.06,57.75
264677641_1454005380_0,65.0,57.29,62.59,58.9
264677641_2719035616_0,65.0,57.48,65.18,58.55
264677644_5455039813_0,65.0,57.08,62.34,58.8
264677646_264677653_0,65.0,56.86,61.61,59.1
264677646_1438494455_0,65.0,56.92,55.24,57.2
264677653_264677644_0,65.0,56.93,61.41,59.05
264677672_262986717_0,65.0,57.81,61.65,58.9
264677672_264677678_0,65.0,56.91,62.66,59.0
264677678_264677646_0,65.0,57.02,61.87,59.05
264679777_1107350350_0,65.0,57.74,52.98,55.1
264679777_3739333927_0,65.0,57.71,51.26,55.45
264680403_12320439211_0,60.0,55.58,58.71,57.85
264680405_283826133_0,60.0,55.79,56.25,56.15
264680405_264680403_0,65.0,55.1,53.41,56.5
264680408_264680405_0,65.0,56.45,50.69,54.6
264780882_3378789198_0,55.0,63.69,60.76,62.1
264780882_917395154_0,55.0,64.19,57.52,61.7
264780888_1524781687_0,60.0,64.69,56.2,57.0
264780888_3807720766_0,60.0,64.83,58.6,58.9
264780888_3378789198_0,60.0,65.36,57.34,58.62
265656600_308238912_0,65.0,63.42,59.5,61.2
265656602_100944197_0,60.0,61.62,60.62,59.95
265656603_257779594_0,65.0,63.64,56.38,58.55
265742658_102220650_0,65.0,66.32,58.65,58.75
265742658_2924746208_0,65.0,65.87,54.4,57.0
265742658_102220649_0,65.0,65.55,56.47,57.15
265742660_1251181334_0,65.0,69.52,57.77,58.95
265742660_205746149_0,65.0,69.56,56.48,59.4
265744971_102253467_0,65.0,65.33,59.16,56.9
265744971_265744975_0,65.0,64.58,60.8,56.22
265744971_265744973_0,60.0,66.17,60.95,57.97
265744973_265744975_0,65.0,66.26,55.54,58.65
265744973_265744971_0,60.0,66.17,60.95,57.82
265744974_1272557683_0,65.0,74.92,65.35,69.05
265744974_5411147021_0,65.0,77.05,67.27,70.35
265744975_265744971_0,65.0,64.58,60.8,56.22
265744975_265744973_0,65.0,66.26,55.54,58.65
265744975_265744974_0,65.0,66.94,61.76,61.15
265956041_311473968_0,55.0,54.37,51.55,52.8
265956041_915679217_0,55.0,55.96,52.48,52.85
265956042_322752963_0,60.0,57.14,49.7,52.9
265956042_330910550_0,65.0,57.63,51.2,53.2
265956042_917507984_0,65.0,57.61,50.98,53.15
265960231_281434770_0,60.0,55.46,46.55,45.7
265960232_1295159017_0,65.0,59.7,58.36,58.4
265960232_281436385_0,65.0,56.12,50.87,55.56
265960232_281434775_0,65.0,58.08,57.15,58.38
265960246_746024554_0,60.0,57.33,57.8,55.9
265960246_251787404_0,60.0,58.37,56.61,58.2
265960246_266212642_0,60.0,56.6,58.8,54.4
265960246_746024823_0,60.0,58.52,53.82,54.8
266210036_253754963_0,65.0,60.7,59.34,61.1
266210036_1276320656_0,60.0,60.06,53.91,60.15
266210037_1028283618_0,65.0,58.94,56.09,56.65
266210037_1028400259_0,65.0,58.66,56.15,54.65
266210037_1276320625_0,65.0,58.6,51.92,53.2
266211981_5423463073_0,65.0,66.8,61.55,57.75
266212642_265960246_0,60.0,56.6,58.8,54.4
266212642_6418215379_0,55.0,56.29,52.72,51.12
266212642_1277834474_0,60.0,55.77,51.06,49.05
266321972_309902915_0,60.0,62.6,58.04,61.55
266321972_257356212_0,65.0,62.5,58.92,60.15
266321985_266322015_0,65.0,63.98,56.13,58.45
266321985_206145284_0,65.0,69.79,65.1,66.6
266322015_255322364_0,60.0,64.38,61.46,61.45
266322015_266322016_0,60.0,63.13,56.73,59.8
266322016_257355994_0,60.0,63.99,61.41,59.2
266322016_309902911_0,60.0,63.17,57.86,59.95
266323313_21226299_0,65.0,61.57,63.33,62.35
266325807_251709454_0,65.0,65.51,58.96,58.72
266325807_251893208_0,65.0,65.05,59.48,56.35
266325819_251622066_0,65.0,65.15,59.23,54.95
266325819_266325807_0,65.0,64.85,60.36,56.25
266325819_251709454_0,65.0,69.24,59.99,60.85
266325967_251893208_0,60.0,65.94,55.53,56.85
266325967_279123943_0,60.0,64.53,54.39,55.55
266325967_32918274_0,65.0,66.57,54.9,55.75
266325967_9962725425_0,65.0,65.65,54.78,56.4
266326064_21225955_0,65.0,70.09,52.31,57.85
266326064_281691016_0,65.0,69.21,55.96,58.1
266326264_21257046_0,65.0,72.05,63.3,63.2
266326264_21298358_0,60.0,71.13,63.27,62.25
266380574_266380580_0,65.0,65.26,62.67,63.8
266380574_241468633_0,65.0,69.58,69.36,67.4
266380574_266380586_0,65.0,67.59,61.92,62.55
266380580_574701291_0,65.0,67.88,64.55,63.2
266380580_266380582_0,65.0,68.94,64.43,63.75
266380582_266380584_0,65.0,64.26,62.54,57.0
266380582_29827515_0,65.0,68.41,61.25,59.08
266380584_266380586_0,60.0,64.51,63.97,62.95
266380586_29827512_0,65.0,67.71,64.43,62.85
266380586_266380574_0,65.0,67.59,61.92,62.55
266380646_21227258_0,65.0,62.54,63.34,58.25
266381343_29749477_0,65.0,63.89,60.03,58.7
266381343_1974252465_0,60.0,64.41,65.7,60.3
266384277_241469875_0,60.0,64.58,58.34,57.0
266384277_291211400_0,60.0,64.23,57.91,57.35
266514074_266514075_0,65.0,59.52,55.56,58.6
266514074_10208175262_0,65.0,59.05,56.71,56.05
266514075_264679777_0,65.0,58.14,55.92,56.25
266514075_1461429116_0,65.0,60.39,59.04,58.65
266698857_1744150142_0,65.0,65.4,66.52,56.85
266698857_266698875_0,65.0,66.37,66.78,57.0
266698875_27551158_0,65.0,66.13,66.36,57.35
266698877_280503782_0,65.0,63.3,66.2,62.1
266698877_269520204_0,65.0,64.06,66.82,57.4
266698877_1744150142_0,65.0,64.59,72.6,57.4
266973911_250291807_0,65.0,64.89,65.24,59.05
266973911_267210666_0,65.0,68.72,65.59,63.0
267102008_1108957943_0,65.0,63.04,60.86,62.95
267102008_1108967420_0,65.0,59.41,59.61,63.27
267102008_255191423_0,65.0,63.34,55.56,62.81
267116283_1030280470_0,65.0,64.6,63.23,65.95
267116287_253971489_0,65.0,62.42,51.72,54.95
267210666_267210667_0,60.0,68.73,64.23,61.8
267210666_78465054_0,65.0,69.47,66.7,62.85
267210667_267210668_0,65.0,68.64,60.15,60.0
267210668_267210667_0,60.0,63.76,60.98,60.22
267210668_21294865_0,65.0,68.37,62.94,62.05
267210670_259849976_0,65.0,68.63,62.06,60.45
267210670_267210668_0,65.0,65.82,59.47,61.08
267211111_787746975_0,60.0,66.44,62.7,62.1
267212119_246817935_0,60.0,63.58,56.63,58.7
267212119_246817939_0,65.0,64.91,56.92,61.05
267212120_1328900697_0,65.0,70.72,64.18,62.8
267212120_267212124_0,65.0,66.56,61.39,63.55
267212123_269704553_0,65.0,71.84,67.21,61.35
267212124_267212119_0,65.0,64.87,60.0,62.0
267212403_573350451_0,60.0,65.81,60.18,55.45
267212403_13633603948_0,60.0,63.87,56.87,54.1
267248424_267248827_0,65.0,69.31,59.89,57.7
267248424_267248426_0,60.0,68.85,56.27,57.45
267248424_2794711837_0,60.0,69.53,59.2,58.52
267248426_267248430_0,60.0,68.84,56.02,56.9
267248426_267248429_0,60.0,68.98,57.33,56.45
267248429_259513872_0,55.0,69.35,56.63,58.8
267248430_267248426_0,60.0,68.85,56.02,56.9
267248430_259513897_0,60.0,68.69,57.01,57.9
267248811_267248424_0,60.0,69.46,60.05,58.02
267248815_259513894_0,60.0,68.37,57.0,56.65
267248815_267248811_0,60.0,68.55,58.73,57.05
267248816_267248429_0,60.0,69.46,59.15,59.2
267248816_2794696851_0,60.0,69.94,59.32,58.9
267248817_2794711839_0,60.0,69.51,58.76,57.12
267248818_267249852_0,65.0,75.79,65.66,67.25
267248827_267248424_0,65.0,69.31,59.89,57.7
267248827_267248828_0,65.0,69.49,60.19,58.12
267248827_267248978_0,65.0,69.18,56.1,57.35
267248828_267248831_0,65.0,69.0,54.76,56.75
267248828_267248818_0,65.0,70.4,61.75,60.6
267248831_267248833_0,65.0,69.31,56.47,56.4
267248833_267248978_0,65.0,69.58,58.24,57.88
267248978_1541384485_0,65.0,69.45,56.86,57.55
267248981_267248982_0,60.0,69.59,61.05,57.68
267248982_267248817_0,60.0,69.56,60.52,57.52
267248982_1541384485_0,65.0,69.59,60.42,57.4
267249852_267248831_0,65.0,69.49,53.91,57.5
267249852_3730547978_0,65.0,77.14,56.94,57.6
267250277_259509035_0,65.0,69.87,57.32,56.85
267250277_267250278_0,65.0,70.02,57.42,56.8
267250277_575950620_0,65.0,69.89,54.83,56.1
267250278_729314015_0,60.0,70.51,58.39,56.1
267250278_267250277_0,65.0,70.02,57.42,56.8
267250278_575950615_0,60.0,70.57,54.17,56.65
267251839_260786240_0,65.0,72.49,55.05,57.25
267251839_3730547991_0,65.0,72.55,56.01,57.5
267251842_2799529699_0,65.0,79.32,59.73,62.85
267251842_267410914_0,65.0,73.83,55.77,57.6
267251842_259508075_0,65.0,75.68,57.38,60.6
267344559_244208010_0,65.0,71.92,66.24,67.5
267344559_2703269795_0,65.0,68.38,66.65,66.6
267402506_2514838132_0,65.0,68.96,60.16,59.05
267402506_248292112_0,60.0,69.91,63.01,57.5
267402506_745843622_0,60.0,68.71,59.35,59.25
267402507_1009311989_0,65.0,72.52,64.15,63.8
267402508_2796755378_0,65.0,76.15,57.67,58.97
267402508_248291950_0,65.0,76.21,56.97,61.52
267402508_260785650_0,65.0,70.64,59.69,58.3
267402508_747373710_0,60.0,71.69,56.56,57.87
267403601_248226738_0,65.0,73.66,66.04,66.85
267403644_262371741_0,65.0,67.03,62.1,61.95
267403644_692073217_0,65.0,73.42,62.47,66.3
267403663_747373674_0,60.0,66.18,53.96,55.25
267403663_262371741_0,60.0,65.32,55.55,55.8
267403663_267403667_0,60.0,66.29,55.64,55.5
267403667_267403663_0,60.0,66.3,55.64,55.5
267403667_137112311_0,65.0,66.77,52.72,55.6
267403667_1869393835_0,60.0,65.85,53.32,56.25
267405912_776998543_0,65.0,72.11,54.87,56.9
267405912_267406840_0,65.0,72.9,53.94,57.4
267405912_259508088_0,65.0,73.96,57.48,59.35
267405912_575952000_0,65.0,74.02,59.61,59.35
267405914_259508084_0,65.0,70.76,53.22,56.35
267406840_267406849_0,65.0,73.18,54.8,56.95
267406849_729314012_0,65.0,74.55,55.91,57.45
267406849_29462526_0,65.0,73.42,56.08,57.1
267407791_260786077_0,65.0,70.67,50.35,56.15
267407791_2311022905_0,65.0,70.41,55.14,56.95
267407791_267409728_0,65.0,70.48,54.16,56.35
267409235_260786039_0,65.0,72.21,60.86,63.3
267409237_267409275_0,60.0,71.62,56.08,56.85
267409237_267409303_0,55.0,71.93,55.27,56.65
267409243_2943323385_0,60.0,71.85,53.25,56.8
267409245_267409248_0,60.0,71.17,58.55,56.9
267409245_776998634_0,60.0,70.73,54.88,56.4
267409248_267409264_0,60.0,71.42,57.91,57.0
267409248_267409245_0,60.0,71.25,58.29,56.95
267409248_3723443537_0,60.0,71.46,56.79,56.65
267409254_267409245_0,60.0,71.28,56.43,56.25
267409254_267409264_0,60.0,71.64,57.64,56.85
267409254_776998649_0,60.0,71.41,54.73,56.7
267409264_267410908_0,60.0,71.68,58.75,56.7
267409264_267409254_0,60.0,71.61,57.46,56.8
267409275_267409254_0,60.0,71.45,54.9,56.65
267409275_267410908_0,60.0,71.61,58.35,56.7
267409303_267409308_0,60.0,71.29,51.84,57.6
267409303_267410914_0,60.0,72.75,52.65,55.65
267409303_267409237_0,55.0,71.93,55.27,56.65
267409308_267409303_0,60.0,71.29,51.84,57.6
267409312_3112631057_0,65.0,80.12,63.23,62.65
267409720_267409728_0,55.0,69.92,56.9,57.4
267409720_260786356_0,60.0,69.82,56.19,57.0
267409722_267409720_0,55.0,70.54,54.25,56.3
267409722_575950920_0,60.0,71.51,55.51,57.05
267409728_267407791_0,65.0,70.48,54.16,56.35
267409728_260786240_0,65.0,70.56,56.32,57.25
267410908_267409237_0,60.0,71.62,58.5,56.5
267410908_267409275_0,60.0,71.66,58.35,56.55
267410908_267410912_0,65.0,72.03,54.55,56.3
267410912_865164026_0,65.0,73.19,56.24,58.68
267410912_267409303_0,60.0,72.29,53.47,55.0
267410914_267251842_0,65.0,73.83,55.77,57.6
267410914_267409303_0,60.0,72.75,52.65,55.65
267410914_776998689_0,60.0,73.58,59.31,56.8
267410917_248225528_0,65.0,77.34,63.85,63.1
267410917_776998689_0,65.0,74.25,58.02,60.1
267413278_267889014_0,55.0,51.6,60.33,57.55
267413278_275595378_0,65.0,54.31,62.39,59.3
267413392_10371529_0,65.0,63.37,66.4,59.1
267484021_21226225_0,65.0,64.54,63.5,63.8
267484021_5286582947_0,65.0,61.03,62.97,61.3
267484025_21227045_0,60.0,61.43,61.78,62.78
267484026_2302418326_0,65.0,59.52,62.1,61.1
267484026_267484025_0,60.0,59.93,61.35,58.35
267771066_279818307_0,65.0,57.53,52.17,52.3
267772611_250169278_0,65.0,62.63,54.89,54.7
267772611_250154658_0,65.0,62.0,52.9,55.3
267772614_251497844_0,65.0,61.46,52.42,55.0
267772614_251497845_0,65.0,62.18,53.63,55.15
267872957_267873043_0,70.0,66.99,70.14,66.05
267872957_262371125_0,65.0,65.79,63.13,59.65
267872957_267872964_0,65.0,62.67,69.44,60.75
267872964_1467611545_0,60.0,63.04,62.27,59.65
267872964_1467605029_0,60.0,63.63,56.53,62.28
267872964_1467611550_0,55.0,65.47,57.11,60.81
267872964_267872957_0,65.0,62.66,69.44,60.75
267872967_1467604989_0,60.0,64.2,58.94,56.85
267872967_745843774_0,60.0,62.89,59.24,57.15
267872973_1467604989_0,60.0,60.97,62.66,56.5
267872973_267872967_0,60.0,62.1,57.65,57.4
267872973_267873031_0,60.0,60.68,62.14,57.15
267873020_267872957_0,65.0,61.12,66.08,66.1
267873027_292088561_0,60.0,61.38,54.2,57.1
267873027_745843261_0,60.0,63.24,55.86,57.2
267873029_10682668548_0,60.0,62.62,60.91,58.25
267873031_267872973_0,60.0,60.68,62.14,57.15
267873043_267872957_0,70.0,66.99,70.14,66.05
267873043_2791569470_0,65.0,61.31,66.51,65.8
267876508_267954145_0,60.0,50.42,56.09,55.75
267876508_267876511_0,60.0,53.83,54.99,56.67
267876508_267889014_0,55.0,53.77,58.43,59.58
267876511_12086816365_0,60.0,54.15,56.42,61.44
267876511_267876508_0,60.0,53.83,54.99,56.67
267876517_267884290_0,60.0,57.81,60.79,57.25
267876517_2792565907_0,60.0,55.4,60.65,57.5
267876521_267879827_0,65.0,53.75,63.05,57.55
267876521_267879823_0,65.0,55.43,62.71,58.6
267876521_267884290_0,60.0,55.47,63.34,57.45
267879823_267876521_0,65.0,55.43,62.71,58.6
267879823_267879824_0,65.0,58.04,63.01,62.85
267879824_2791569542_0,65.0,59.41,63.83,66.75
267879825_267879826_0,65.0,59.82,65.0,65.9
267879825_2791569539_0,65.0,61.35,62.63,64.95
267879826_743371641_0,65.0,63.19,66.02,65.55
267879827_267876521_0,65.0,53.75,63.05,57.55
267884279_267884290_0,60.0,53.16,60.37,57.25
267884290_267876521_0,60.0,55.46,63.34,57.45
267884290_267876517_0,60.0,57.81,60.79,57.25
267884290_267884279_0,60.0,53.16,60.37,57.25
267889014_267889015_0,55.0,51.32,57.45,56.4
267889014_267413278_0,55.0,51.6,60.33,57.55
267889014_267876508_0,55.0,53.76,58.43,59.58
267889015_267889014_0,55.0,51.32,57.45,56.4
267950328_267413278_0,65.0,54.22,62.39,59.0
267950330_2759464311_0,65.0,55.88,66.91,58.75
267952401_267952409_0,70.0,56.86,62.92,56.6
267952402_267952401_0,70.0,57.22,61.18,56.15
267952403_267952402_0,65.0,57.53,62.78,56.15
267952405_267952403_0,65.0,57.69,62.24,56.3
267952409_267952429_0,70.0,56.78,61.98,56.3
267952409_2759464319_0,65.0,56.77,63.14,56.4
267952429_2759464319_0,65.0,56.81,61.31,56.5
267954145_267876508_0,60.0,50.4,57.19,55.8
268052099_392094918_0,60.0,60.32,55.45,53.8
268052100_566181111_0,65.0,68.34,60.76,61.5
268052100_2701605499_0,65.0,69.78,61.29,60.08
268052108_2739555436_0,65.0,68.09,57.99,60.55
268052109_268052100_0,65.0,68.32,59.94,60.4
268052109_508468644_0,65.0,66.68,62.04,59.8
268052112_2739760586_0,65.0,63.93,59.04,59.55
268052132_539807359_0,65.0,60.97,63.05,61.5
268052132_2768169474_0,65.0,62.41,54.77,60.1
268052132_3780407178_0,65.0,60.0,60.52,61.8
268052146_3358707593_0,65.0,60.19,61.55,61.7
268052146_2739760555_0,65.0,60.93,61.01,60.6
268052160_508468642_0,65.0,68.45,60.16,60.25
268052594_2768289070_0,65.0,77.95,63.13,61.35
268052598_268052599_0,65.0,76.55,58.92,55.1
268052599_268052594_0,65.0,76.87,61.53,59.15
268054194_3818665000_0,65.0,67.77,54.65,58.1
268054194_268052598_0,65.0,75.78,60.37,55.1
268228310_205746148_0,65.0,65.91,57.89,56.85
268228310_959903395_0,65.0,65.54,52.72,55.55
268228310_567863080_0,65.0,65.63,56.51,56.25
268228348_1737460984_0,65.0,65.03,62.55,61.3
268228348_440390942_0,65.0,66.95,67.16,67.05
268258939_29089661_0,65.0,69.33,62.03,62.2
268403387_335593071_0,60.0,63.99,54.58,52.6
268403387_2721102328_0,60.0,64.44,52.4,55.5
268403387_262395810_0,60.0,65.48,54.55,57.2
268403410_2629356453_0,60.0,60.55,58.58,56.6
268403410_1561732896_0,55.0,58.86,56.12,55.0
268403418_2665668133_0,60.0,55.01,53.69,55.1
268403420_8284367740_0,60.0,57.39,56.48,55.7
268403440_1588830220_0,60.0,58.26,54.83,54.8
268403440_2665668133_0,60.0,60.62,56.25,56.35
268405005_268405023_0,65.0,63.2,62.04,58.4
268405005_268405028_0,60.0,62.35,52.0,54.2
268405005_251885817_0,65.0,63.6,52.35,56.75
268405006_268616898_0,65.0,67.17,59.34,60.55
268405023_268405005_0,65.0,63.2,62.04,58.4
268405023_268405024_0,65.0,63.78,57.23,58.65
268405024_268616898_0,65.0,65.85,61.15,62.13
268405024_268405028_0,65.0,61.9,57.81,57.57
268405024_334534662_0,65.0,62.88,61.12,61.8
268405028_207121074_0,65.0,61.63,58.07,58.6
268405028_268405005_0,60.0,62.35,52.0,54.2
268405028_268405024_0,65.0,61.9,57.81,57.57
268405040_2924370698_0,60.0,58.78,59.56,55.8
268405040_2924372004_0,60.0,57.28,57.71,55.55
268405048_268405048_0,65.0,53.59,52.14,55.25
268405048_268405048_1,65.0,53.59,52.14,55.25
268405048_2924370698_0,60.0,55.69,56.08,54.55
268591070_27653951_0,65.0,61.56,56.58,59.2
268591070_27653908_0,60.0,60.32,56.58,57.0
268591106_27653952_0,60.0,63.09,53.49,59.85
268591106_27653904_0,65.0,62.55,53.57,59.0
268592570_1942874510_0,60.0,66.61,61.66,62.3
268592570_271355894_0,65.0,65.76,57.0,58.0
268593576_21663212_0,65.0,66.57,65.7,62.8
268593576_268593604_0,65.0,66.59,64.56,62.95
268593604_2791482184_0,65.0,73.2,63.02,62.45
268616478_268616503_0,65.0,67.03,58.7,62.3
268616478_21226645_0,65.0,69.85,60.26,63.15
268616503_1938444224_0,65.0,67.22,60.87,59.35
268616898_268405024_0,65.0,65.85,61.15,62.13
268616898_279123951_0,65.0,66.54,61.65,62.38
268616898_334534662_0,65.0,66.37,62.26,60.1
268651484_13927904688_0,65.0,69.45,65.09,63.9
268651524_21227171_0,65.0,72.4,65.14,62.1
268651524_21226982_0,60.0,72.62,65.36,65.15
268651525_268651524_0,65.0,68.98,60.92,61.3
268651525_268651484_0,65.0,68.06,61.66,61.15
268735977_2721102328_0,60.0,63.4,48.46,51.7
268760410_11071252438_0,65.0,64.71,60.46,62.28
268760410_279792895_0,65.0,62.86,61.85,61.18
268760411_417737707_0,60.0,59.34,62.03,58.35
268760411_418524069_0,65.0,57.26,62.27,55.9
268760412_268760417_0,60.0,57.76,58.59,57.1
268760417_268760412_0,60.0,57.76,58.59,57.1
268760417_268760422_0,60.0,57.58,58.25,57.38
268760422_252392149_0,60.0,57.26,55.0,56.85
268760443_1110141308_0,55.0,58.38,57.86,55.8
268760447_268764785_0,65.0,61.13,55.89,57.23
268760447_10154909334_0,65.0,62.02,57.22,55.45
268760448_291257352_0,65.0,60.72,55.34,56.35
268760448_10154909324_0,65.0,62.13,55.29,55.95
268760449_308931186_0,65.0,61.99,58.9,55.65
268762368_280077286_0,60.0,63.95,60.06,60.95
268762368_280501636_0,60.0,60.58,52.89,55.87
268762368_280077278_0,60.0,63.28,58.22,60.85
268762391_280076312_0,65.0,60.38,61.63,58.72
268762391_268764779_0,70.0,61.15,58.35,58.07
268762392_280076309_0,60.0,59.46,56.81,56.4
268762392_13289122474_0,60.0,59.62,59.09,55.75
268762395_268760422_0,60.0,56.91,58.87,57.28
268762396_252392147_0,60.0,58.46,55.45,59.45
268762397_1110141284_0,55.0,57.13,57.04,55.85
268762397_252392164_0,55.0,57.92,60.88,56.25
268762397_418524118_0,55.0,56.93,57.09,54.8
268762671_280508676_0,60.0,55.97,50.2,56.05
268762672_280508676_0,65.0,56.21,63.71,59.2
268762672_280508674_0,65.0,62.26,65.18,66.35
268762673_280044058_0,65.0,55.81,52.97,55.8
268762674_1318787593_0,65.0,66.24,68.06,69.15
268762674_268762672_0,65.0,61.68,63.01,66.35
268763049_268800301_0,65.0,61.61,66.82,66.9
268763049_268763051_0,65.0,56.23,61.6,59.4
268763050_268763051_0,65.0,55.41,64.39,58.45
268763050_264230999_0,65.0,58.69,59.37,58.62
268763051_5226484198_0,65.0,55.78,60.09,56.6
268763084_268800298_0,65.0,57.02,58.52,55.7
268763282_268800303_0,65.0,56.57,59.03,58.18
268763282_268763286_0,65.0,56.45,60.24,57.43
268763284_268763286_0,65.0,55.61,60.51,56.45
268763284_252392154_0,65.0,55.55,54.68,56.35
268763286_252392152_0,65.0,56.98,60.12,57.58
268763286_268763284_0,65.0,55.61,60.51,56.45
268763286_268763282_0,65.0,56.45,60.24,57.43
268764777_280500729_0,65.0,63.6,66.27,64.4
268764777_269520236_0,65.0,67.04,67.37,68.6
268764779_280500726_0,70.0,60.24,53.26,55.75
268764779_268764785_0,65.0,60.87,51.17,56.35
268764782_308931184_0,65.0,62.07,61.88,61.4
268764782_268764777_0,65.0,67.62,73.47,68.6
268764785_12802773163_0,65.0,60.67,61.73,59.55
268764785_268760447_0,65.0,61.13,55.89,57.23
268764785_268764779_0,65.0,60.87,51.17,56.35
268796775_280076311_0,65.0,64.42,66.52,67.5
268796775_280076309_0,60.0,59.62,66.14,62.95
268796782_268762391_0,70.0,64.84,58.74,62.87
268796782_452745662_0,70.0,70.03,65.64,68.1
268797785_268763084_0,65.0,58.08,50.84,57.75
268797785_432596664_0,65.0,65.43,62.58,66.7
268799363_279830405_0,65.0,67.59,68.15,69.75
268799363_268799364_0,65.0,57.04,54.09,58.5
268799363_264230999_0,65.0,63.97,63.37,67.75
268799364_268763050_0,65.0,55.4,60.28,58.75
268799364_256579776_0,65.0,54.99,61.74,58.3
268799365_268763284_0,65.0,55.31,58.94,56.8
268799365_567871274_0,60.0,55.26,61.83,56.55
268799366_256579778_0,60.0,55.66,59.8,57.78
268800298_268763282_0,65.0,56.23,55.22,56.65
268800298_268800300_0,65.0,56.64,58.59,59.15
268800300_268797785_0,65.0,62.96,61.2,66.55
268800301_2744643688_0,65.0,56.52,64.57,63.55
268800301_1318787593_0,65.0,62.14,64.81,66.65
268800303_5226484198_0,65.0,56.03,57.26,56.8
268800303_2744643688_0,65.0,56.7,59.29,57.78
268800840_268799363_0,65.0,63.92,66.53,68.3
268979997_8842324922_0,65.0,68.18,70.91,58.05
268980594_268979997_0,65.0,66.41,64.42,58.7
268980782_562888029_0,65.0,73.32,70.06,67.1
268980782_268985660_0,65.0,73.16,67.94,66.9
268985660_268980782_0,65.0,73.16,67.94,66.9
268985660_268987058_0,65.0,73.57,68.7,67.2
268987058_2006277456_0,65.0,75.24,67.67,66.95
268987058_268985660_0,65.0,73.57,68.7,67.2
269347359_1941134536_0,60.0,65.18,59.77,60.92
269347359_90223762_0,65.0,64.46,61.16,61.2
269347359_269349449_0,65.0,64.29,58.82,61.1
269347365_309628875_0,65.0,69.49,64.58,63.65
269347365_269349449_0,65.0,65.03,62.53,61.85
269347380_251618340_0,65.0,69.6,66.27,62.1
269347380_1602479860_0,65.0,71.61,67.61,62.35
269349445_269349458_0,65.0,67.42,60.64,61.75
269349445_9470916476_0,60.0,68.44,68.42,64.95
269349449_269347365_0,65.0,65.03,62.53,61.85
269349454_269347359_0,65.0,63.69,63.94,62.9
269349454_1941134539_0,65.0,70.4,63.69,67.65
269349457_361385587_0,65.0,75.08,69.51,69.0
269349458_269349445_0,65.0,67.42,60.64,61.75
269349458_2512719073_0,65.0,68.82,63.8,62.5
269349458_2550327080_0,65.0,68.12,63.17,61.9
269351299_269351301_0,65.0,64.89,65.64,64.05
269351299_269351302_0,65.0,69.66,65.61,62.95
269351300_2512719074_0,65.0,69.25,66.33,63.75
269351300_966264630_0,65.0,66.91,62.73,62.05
269351301_1694954645_0,65.0,65.91,62.86,60.7
269351301_269351299_0,65.0,64.89,65.64,64.05
269351301_269351302_0,65.0,64.77,62.89,60.05
269351302_21293728_0,65.0,70.0,65.56,66.75
269351984_269351985_0,65.0,66.49,59.58,60.5
269351984_306426497_0,60.0,66.66,59.12,61.2
269351985_245054289_0,65.0,66.62,63.44,63.35
269351985_269351984_0,65.0,66.49,59.58,60.5
269354354_206144566_0,65.0,72.68,64.17,61.9
269354354_232839154_0,65.0,72.08,64.66,61.9
269354354_309625445_0,65.0,67.0,60.5,59.4
269356358_966264653_0,65.0,66.83,60.07,61.6
269356359_1476095595_0,65.0,72.32,67.99,64.7
269356359_966264638_0,65.0,66.62,66.2,60.9
269356360_314610261_0,65.0,69.17,64.63,61.9
269356362_480683107_0,65.0,71.48,66.1,70.8
269358164_269358169_0,60.0,63.99,59.34,59.85
269358164_269358171_0,65.0,69.77,63.4,65.25
269358169_309652933_0,60.0,62.97,59.0,56.86
269358171_1941134540_0,65.0,70.62,67.81,67.85
269518101_280503782_0,60.0,62.99,66.45,62.95
269518197_308931181_0,70.0,60.1,65.39,58.35
269518198_280510047_0,65.0,64.5,65.12,65.9
269518200_269518198_0,65.0,66.26,61.41,66.15
269518200_308931180_0,65.0,61.02,56.45,59.27
269518202_452745662_0,70.0,70.49,70.78,70.65
269518202_452739403_0,65.0,69.86,66.68,68.3
269518949_308931186_0,65.0,63.0,61.95,58.25
269520198_269518097_0,65.0,61.89,59.23,56.45
269520201_291257350_0,65.0,73.11,65.71,69.45
269520201_269518101_0,60.0,64.1,68.98,64.1
269520201_268764782_0,65.0,68.38,65.13,66.95
269520204_266698877_0,65.0,63.29,66.43,57.05
269520228_308931182_0,65.0,60.68,58.44,56.8
269520231_308931184_0,60.0,61.45,62.52,62.5
269520231_268764777_0,65.0,61.67,61.74,59.92
269520236_269518202_0,65.0,68.15,67.35,68.45
269520241_269523491_0,65.0,57.21,58.79,57.05
269520241_264137347_0,65.0,63.17,61.23,67.7
269523483_269523491_0,65.0,57.09,56.53,56.1
269523483_269523485_0,65.0,57.53,59.3,60.9
269523485_539566073_0,65.0,64.59,66.41,69.9
269523485_269523483_0,65.0,57.53,59.3,60.9
269523485_264005687_0,65.0,62.67,63.8,67.8
269523489_269523490_0,65.0,57.06,53.51,56.05
269523489_269523483_0,65.0,56.89,55.4,56.05
269523490_269523489_0,65.0,57.34,55.51,56.25
269523491_576702785_0,65.0,57.25,62.22,57.0
269523491_269523490_0,65.0,57.25,55.39,56.5
269523491_269520241_0,65.0,57.21,58.79,57.05
269523646_2891716176_0,65.0,56.2,62.4,59.35
269523646_279830405_0,65.0,63.36,67.14,67.85
269704553_267210670_0,65.0,68.12,64.0,62.65
269704553_21294865_0,65.0,72.87,64.84,61.4
269704787_269704788_0,65.0,65.06,63.09,64.3
269704787_251497846_0,65.0,65.9,63.27,65.15
269704788_251498090_0,65.0,64.08,57.38,61.6
269704788_31370772_0,65.0,65.77,63.4,66.3
269757937_282451681_0,65.0,66.16,49.59,51.8
269757937_262395847_0,65.0,66.88,53.24,53.45
269758329_269758337_0,65.0,75.2,57.43,52.1
269758329_269758358_0,65.0,74.21,63.01,59.85
269758329_329442249_0,60.0,74.45,60.75,60.25
269758337_269758329_0,65.0,75.2,57.43,52.1
269758337_2706764619_0,65.0,71.88,59.59,55.75
269758338_262395887_0,65.0,68.08,55.47,54.9
269758338_282450858_0,65.0,67.06,55.94,54.8
269758358_583396871_0,65.0,74.42,63.0,60.65
269758365_269758337_0,65.0,73.83,58.61,56.9
269758365_269758358_0,65.0,74.04,62.39,59.25
269790651_2706803691_0,65.0,73.89,59.68,58.85
269790654_574335260_0,65.0,71.34,56.31,53.85
269790654_2706803731_0,65.0,73.2,57.2,55.25
269790658_574335254_0,60.0,71.35,60.47,59.9
269790658_574335255_0,60.0,72.57,59.42,60.3
269792726_1584878385_0,65.0,63.94,64.47,63.9
269792773_1919269702_0,65.0,65.07,63.69,61.75
269792773_792050821_0,65.0,63.15,55.55,56.95
269792773_114317128_0,65.0,66.26,64.35,63.75
269909525_232838336_0,65.0,70.04,65.76,63.55
269926086_2753506500_0,60.0,63.35,57.76,61.8
269926086_249176456_0,65.0,66.72,63.07,64.0
269982410_281434798_0,65.0,51.43,45.99,52.5
269982410_281434763_0,65.0,55.52,52.93,55.65
269982410_281434764_0,65.0,55.0,51.84,55.3
269982421_281434779_0,65.0,57.71,53.47,55.11
269982421_281434776_0,65.0,57.58,47.87,50.65
269982605_281434765_0,60.0,52.03,46.0,51.1
269982605_281434763_0,65.0,55.9,52.67,55.55
269982607_281434764_0,65.0,54.72,51.91,56.45
269982703_281434766_0,60.0,60.37,53.55,56.65
269982703_269982704_0,60.0,60.06,53.03,55.95
269982704_269982703_0,60.0,60.06,53.03,55.95
269982717_269982718_0,60.0,54.98,48.93,49.05
269982718_281434759_0,60.0,55.73,45.85,48.25
269982718_269982717_0,60.0,54.95,49.19,49.15
269982718_281434761_0,60.0,54.69,43.32,47.85
269982720_269982721_0,60.0,56.36,49.97,51.8
269982721_269982720_0,60.0,56.37,50.06,51.75
269982721_281434769_0,60.0,56.24,48.38,51.8
269982721_281434759_0,60.0,56.23,46.0,49.0
270252706_270252707_0,65.0,73.92,57.73,60.1
270252706_271197579_0,65.0,72.18,55.8,61.35
270252707_574892823_0,65.0,73.7,58.56,60.8
270252975_944504793_0,60.0,74.97,57.36,59.7
270252975_270253046_0,60.0,74.95,59.08,60.85
270252975_3709071955_0,60.0,74.05,58.58,57.65
270253046_944504752_0,60.0,75.43,57.21,60.1
270253051_270253055_0,65.0,74.16,61.45,61.45
270253051_944510308_0,65.0,75.21,59.96,61.35
270253055_270253051_0,65.0,74.16,61.45,61.45
270253055_271758556_0,65.0,74.32,60.6,61.25
270254047_21310506_0,65.0,77.25,58.61,64.15
270254179_332663800_0,65.0,78.39,58.46,57.75
270254181_31011300_0,65.0,79.03,60.9,63.4
270254966_333757729_0,65.0,66.96,56.68,56.2
270254966_299014169_0,65.0,68.1,60.18,62.05
270255247_29827534_0,60.0,64.38,49.4,53.5
270255247_255323918_0,60.0,65.62,54.03,56.25
270263522_560983818_0,70.0,69.06,63.64,60.35
270263522_2700658159_0,70.0,70.42,61.3,58.15
270263648_1006145460_0,60.0,67.04,58.23,58.3
270263648_2787241808_0,60.0,67.47,59.93,58.15
270263648_574886666_0,55.0,65.92,57.99,58.9
270729076_246815936_0,65.0,64.11,62.04,64.2
270729076_247056170_0,65.0,63.87,54.98,60.2
270729076_247056174_0,60.0,62.98,56.68,59.25
270729076_246815938_0,65.0,62.73,57.05,61.65
271050308_271050310_0,65.0,69.08,57.91,59.55
271050308_1006145382_0,65.0,69.06,58.78,57.5
271050310_574934038_0,65.0,69.69,61.47,59.65
271050310_1006145452_0,65.0,69.24,59.21,58.7
271050315_1006145395_0,60.0,68.65,58.44,58.55
271050315_1006145395_1,60.0,70.85,55.66,58.7
271050315_1006145319_0,60.0,71.13,58.62,58.1
271050316_2940305635_0,55.0,71.41,58.89,58.95
271050316_1006145319_0,60.0,71.1,55.25,61.65
271050317_1917727735_0,60.0,71.54,59.21,59.25
271050317_271759942_0,65.0,71.26,58.73,60.3
271050358_2721976415_0,55.0,69.83,54.82,53.75
271050358_982826821_0,60.0,69.41,54.41,51.9
271050358_271201225_0,60.0,70.86,58.04,55.45
271050360_262384730_0,60.0,70.54,56.31,54.65
271050360_2721976427_0,60.0,70.05,55.73,55.9
271050364_13849194958_0,60.0,74.17,57.0,57.3
271050364_4136919236_0,60.0,74.0,60.43,59.25
271050374_271200529_0,60.0,69.73,52.31,54.85
271050383_3724434392_0,65.0,75.49,56.21,59.0
271050383_13849194955_0,65.0,75.82,56.62,58.35
271050384_271050385_0,65.0,71.38,61.1,58.9
271050384_3724434392_0,65.0,75.53,55.77,58.85
271050384_260784749_0,65.0,75.72,55.92,62.2
271050385_1448467642_0,65.0,70.6,56.76,57.15
271050385_2796689978_0,60.0,69.69,56.52,58.45
271050385_271200529_0,60.0,70.36,56.24,56.0
271050402_271050406_0,60.0,72.89,59.33,61.65
271050402_260785851_0,60.0,72.91,62.51,60.65
271050406_582875048_0,60.0,74.03,63.56,61.1
271096420_249455922_0,70.0,75.44,64.68,63.92
271096420_271096421_0,70.0,71.22,64.35,63.4
271096421_271096620_0,70.0,71.17,69.19,64.2
271096421_249455922_0,70.0,71.59,67.31,64.8
271096577_13595397_0,65.0,72.36,64.87,65.8
271096577_344814458_0,65.0,73.28,63.81,64.9
271096577_344817440_0,65.0,70.71,67.91,68.12
271096619_344821932_0,70.0,70.18,65.51,65.45
271096620_271096421_0,70.0,71.17,69.19,64.2
271096620_506373287_0,70.0,70.51,64.37,62.45
271096746_245570225_0,65.0,70.49,61.05,64.35
271096746_1847293988_0,65.0,68.64,69.47,62.68
271197575_271197579_0,60.0,72.72,58.24,59.15
271197579_271197575_0,60.0,72.72,58.24,59.15
271197579_944504785_0,60.0,72.83,58.09,59.6
271197579_270252706_0,65.0,72.18,55.8,61.35
271198121_1006145440_0,65.0,71.02,53.97,55.0
271198121_765627115_0,60.0,69.77,55.45,55.65
271198135_765941688_0,60.0,65.7,55.72,51.8
271198135_4855907412_0,65.0,66.88,58.49,55.15
271198135_260785308_0,65.0,68.78,59.85,61.3
271198407_271198445_0,55.0,65.56,53.77,56.4
271198410_271198788_0,60.0,65.85,60.3,55.55
271198411_271759378_0,60.0,66.03,52.8,55.7
271198411_271198410_0,60.0,66.17,61.14,55.25
271198416_271198411_0,60.0,66.51,53.53,55.05
271198445_574886451_0,60.0,66.75,55.97,57.8
271198445_574886666_0,55.0,66.22,55.68,57.25
271198445_2688272772_0,60.0,66.19,54.41,57.2
271198445_271198407_0,55.0,65.56,53.77,56.4
271198783_270263648_0,60.0,65.89,58.49,57.5
271198788_2787265664_0,55.0,65.29,54.3,55.1
271198788_271198783_0,60.0,65.6,56.11,55.85
271198793_271198794_0,60.0,65.25,57.99,58.2
271198793_2787265664_0,55.0,65.28,58.03,57.9
271198793_281000313_0,55.0,66.99,56.73,57.55
271198793_271759288_0,60.0,67.89,60.04,57.2
271198794_2694596377_0,55.0,64.81,51.08,57.65
271198794_271198793_0,60.0,65.25,57.99,58.2
271198794_281000203_0,55.0,64.43,54.47,57.85
271198942_271199073_0,55.0,66.05,59.21,58.15
271198942_281000313_0,55.0,66.34,57.68,57.95
271198942_2609125398_0,60.0,64.48,63.03,58.25
271198945_2609126196_0,60.0,61.74,52.32,55.65
271198945_583401308_0,60.0,60.69,52.77,52.9
271198946_271198945_0,60.0,61.06,45.37,54.65
271198946_271198949_0,60.0,60.37,45.5,53.3
271198949_271198950_0,60.0,60.0,48.75,52.4
271198949_271198946_0,60.0,60.36,44.79,53.3
271198950_271198953_0,55.0,59.08,44.07,49.55
271198950_583399853_0,60.0,60.47,49.5,52.4
271198953_271198950_0,55.0,59.08,44.07,49.55
271199008_271199450_0,65.0,60.97,56.68,57.05
271199008_271199009_0,60.0,63.91,56.57,57.95
271199008_583399853_0,55.0,61.95,46.59,55.55
271199009_271199139_0,60.0,62.5,59.81,57.65
271199009_271199008_0,60.0,63.91,56.57,57.95
271199009_1011790496_0,55.0,64.67,56.82,58.0
271199009_1011790336_0,55.0,62.04,53.27,58.1
271199014_2787241871_0,55.0,67.49,58.39,62.35
271199014_2787265675_0,60.0,66.08,57.63,58.85
271199014_2787265689_0,55.0,67.43,58.9,62.25
271199014_271760333_0,55.0,66.25,57.92,60.9
271199073_271198942_0,55.0,66.05,59.21,58.15
271199073_583402304_0,55.0,63.72,57.13,58.95
271199073_2787265690_0,55.0,65.99,60.94,58.25
271199137_2787241857_0,55.0,64.69,57.14,59.1
271199137_271199138_0,55.0,63.57,56.57,55.75
271199138_271199137_0,55.0,63.57,56.57,55.75
271199138_271760333_0,55.0,63.54,57.82,58.75
271199138_292086777_0,60.0,62.49,54.12,55.8
271199139_271199138_0,55.0,62.25,55.07,55.65
271199139_271199147_0,60.0,60.55,53.39,54.9
271199147_271199139_0,60.0,60.55,53.39,54.9
271199335_292086904_0,60.0,61.1,57.57,58.2
271199335_1467611338_0,55.0,60.74,58.62,57.4
271199335_271199337_0,60.0,60.21,54.67,54.85
271199337_271199335_0,60.0,60.21,54.67,54.85
271199388_271199335_0,60.0,60.84,53.84,57.25
271199388_267873027_0,60.0,60.99,55.36,57.55
271199450_271199008_0,65.0,60.97,56.68,57.05
271199450_271199456_0,65.0,61.36,53.76,56.15
271199456_2791265015_0,55.0,62.17,58.44,57.05
271199456_292086904_0,60.0,60.83,59.25,57.55
271199456_271199450_0,65.0,61.36,53.76,56.15
271199462_3501126530_0,60.0,60.1,60.41,56.0
271199462_2791283935_0,60.0,59.63,55.61,55.03
271199466_1467605000_0,60.0,61.51,53.61,56.8
271199466_2791283928_0,60.0,61.55,50.09,55.1
271199466_743371620_0,55.0,62.33,56.92,57.45
271199535_743371620_0,55.0,63.94,57.58,56.6
271199535_1467605030_0,55.0,62.96,59.99,57.35
271199666_1549163908_0,60.0,65.1,56.75,57.0
271199666_3783105844_0,60.0,64.86,57.48,57.3
271199666_262371125_0,60.0,65.89,61.82,58.9
271199838_2634954309_0,65.0,66.82,63.17,57.55
271199838_262371741_0,65.0,65.71,56.19,57.3
271199838_1083575200_0,65.0,65.75,60.65,57.25
271199926_271200044_0,60.0,69.05,58.59,58.8
271199926_1919156579_0,60.0,70.59,58.71,58.3
271200037_2796690002_0,55.0,73.24,62.56,59.75
271200037_2796689978_0,55.0,70.72,60.83,59.35
271200040_280997939_0,60.0,68.12,56.27,58.4
271200040_1839921007_0,60.0,70.63,58.31,58.2
271200044_1919156579_0,60.0,68.95,58.32,58.45
271200044_1869393833_0,60.0,67.54,54.02,57.8
271200487_1172258220_0,60.0,67.66,50.02,56.5
271200529_271050383_0,60.0,71.21,60.54,59.2
271200573_1003229765_0,60.0,72.17,52.78,56.3
271200573_1003229723_0,65.0,71.61,54.94,55.65
271200573_262384730_0,60.0,72.0,53.57,56.9
271200582_260784749_0,65.0,72.16,58.11,60.57
271200582_990628175_0,55.0,70.51,49.56,56.2
271200582_2721976427_0,60.0,70.78,49.91,55.6
271200836_1470957648_0,60.0,69.48,53.92,54.8
271200836_1470957622_0,60.0,69.97,58.95,56.35
271200836_2872661072_0,60.0,68.92,56.75,54.35
271201225_271050358_0,60.0,70.86,58.04,55.45
271201225_661757905_0,65.0,71.65,56.31,55.45
271201225_2566593593_0,65.0,73.24,57.89,60.21
271347948_28848569_0,65.0,60.73,57.73,57.3
271355894_560862697_0,65.0,68.23,61.48,58.5
271355894_268593576_0,65.0,66.59,62.46,62.95
271358446_21226083_0,60.0,65.47,67.13,62.3
271358446_6533804591_0,60.0,68.12,60.09,61.45
271758551_270253055_0,65.0,74.22,59.22,61.7
271758551_271758556_0,65.0,76.06,59.8,61.0
271758556_271758633_0,65.0,76.18,59.16,61.0
271758633_2704178452_0,65.0,75.56,58.14,59.75
271758633_271758635_0,65.0,75.37,56.28,58.95
271758635_21226429_0,65.0,75.07,56.78,56.35
271758791_271758635_0,65.0,75.35,57.09,55.65
271758967_271759036_0,65.0,70.81,58.63,58.65
271758967_661757889_0,65.0,70.75,55.75,55.5
271758967_1470957622_0,65.0,70.29,60.06,55.85
271759036_271758967_0,65.0,70.81,58.63,58.65
271759036_271758791_0,65.0,74.3,58.08,55.55
271759176_1839920967_0,60.0,72.92,54.64,59.85
271759176_2787374139_0,60.0,71.92,53.18,57.7
271759286_260785437_0,65.0,69.21,59.41,57.0
271759286_2787374358_0,65.0,66.68,57.98,59.45
271759286_2421551762_0,65.0,68.51,60.38,57.2
271759288_1551050910_0,60.0,65.96,59.71,58.25
271759288_271198793_0,60.0,67.87,60.52,57.2
271759288_1137802567_0,60.0,69.06,63.58,58.2
271759288_8314678356_0,60.0,66.62,59.89,58.9
271759376_2421551762_0,60.0,66.63,58.27,58.7
271759376_271759286_0,65.0,66.64,58.93,58.4
271759378_8314678356_0,60.0,66.33,54.46,56.25
271759378_271198416_0,60.0,66.2,53.81,55.75
271759689_1284927020_0,65.0,72.77,54.45,58.0
271759689_2729212585_0,60.0,72.32,53.86,60.55
271759689_2609471065_0,60.0,69.28,54.73,60.15
271759694_1172257127_0,60.0,68.07,51.6,55.85
271759694_271759821_0,60.0,67.9,53.04,55.65
271759694_2729212583_0,60.0,69.69,54.41,57.82
271759734_1172257127_0,60.0,67.93,53.36,56.3
271759734_271759776_0,60.0,67.93,50.84,55.6
271759776_2787374100_0,65.0,68.8,55.24,56.7
271759776_1137794312_0,60.0,68.17,51.55,55.7
271759821_260785305_0,60.0,67.68,52.22,56.85
271759821_271759694_0,60.0,67.9,53.04,55.65
271759829_271759862_0,60.0,67.49,53.56,54.8
271759829_6383161802_0,60.0,67.83,53.32,54.55
271759829_21226857_0,60.0,69.04,56.44,58.72
271759862_271759829_0,60.0,67.49,53.56,54.8
271759862_271759935_0,55.0,66.99,55.74,54.35
271759862_260785304_0,55.0,67.48,52.84,55.5
271759935_574885786_0,60.0,68.51,57.85,60.65
271759935_1006145245_0,60.0,67.35,54.34,54.75
271759935_271759862_0,55.0,66.99,55.74,54.35
271759938_574886408_0,55.0,66.11,56.84,56.05
271759938_271759940_0,60.0,65.96,56.26,55.45
271759942_260785178_0,65.0,71.84,57.71,60.55
271760027_1947535996_0,65.0,74.55,60.05,61.2
271760031_574886004_0,60.0,66.68,54.76,55.0
271760032_1006145265_0,55.0,65.15,57.45,55.55
271760034_271760069_0,60.0,66.53,55.47,57.75
271760034_1006145460_0,55.0,66.92,54.79,57.8
271760069_1006145278_0,60.0,66.0,58.26,58.35
271760069_271760034_0,60.0,66.53,55.47,57.75
271760069_271760085_0,55.0,64.05,57.48,58.2
271760085_271760069_0,55.0,64.05,57.48,58.2
271760333_271199138_0,55.0,63.54,57.82,58.75
271760333_1011790496_0,60.0,64.52,57.67,58.2
273091396_262385259_0,65.0,71.95,56.93,57.2
273091396_262385259_1,65.0,74.75,57.66,57.35
273096982_513324447_0,65.0,65.14,64.56,63.75
273096982_244301347_0,65.0,65.04,67.14,64.65
273097008_308843193_0,60.0,65.45,59.31,59.1
273097008_244300357_0,60.0,65.39,62.08,59.75
273097009_205732502_0,60.0,66.71,60.5,61.25
273097009_517348111_0,60.0,65.73,64.29,64.15
273097275_9496173002_0,65.0,62.53,57.94,57.15
273097333_273097334_0,60.0,64.67,60.47,63.35
273097333_535218096_0,65.0,65.95,66.77,59.3
273097333_21227199_0,65.0,66.43,58.78,62.17
273097334_205737750_0,60.0,63.94,58.36,57.3
273097335_273097334_0,65.0,64.31,59.03,59.45
273097335_345314067_0,65.0,71.42,61.21,68.4
273097904_2701891653_0,65.0,66.08,61.45,62.65
273097904_273098020_0,65.0,70.15,65.53,62.35
273097929_273098013_0,60.0,64.54,58.77,57.97
273098013_2325709123_0,65.0,64.58,59.16,58.27
273098013_345314027_0,65.0,64.98,61.93,61.5
273098020_273098201_0,65.0,71.4,61.46,63.1
273098151_273098194_0,65.0,66.84,58.87,60.55
273098151_205744874_0,65.0,67.14,57.95,61.57
273098151_205742372_0,60.0,66.69,58.66,58.8
273098194_21226130_0,60.0,73.26,67.29,68.05
273098201_273098203_0,65.0,65.27,61.91,60.6
273098201_363915969_0,65.0,73.65,65.98,68.95
273098203_273098201_0,65.0,65.27,61.91,60.6
273098547_21227198_0,65.0,66.2,61.41,62.55
273098621_416880248_0,65.0,65.77,64.06,63.75
273098621_499568164_0,65.0,65.17,63.09,65.4
273098626_252237087_0,65.0,64.5,63.02,63.95
273098626_252235547_0,65.0,64.35,66.08,61.25
273098629_31013216_0,60.0,64.68,62.07,62.35
273098629_273098626_0,60.0,64.45,64.9,62.45
273098629_232852894_0,60.0,65.53,61.07,64.45
273098652_232852894_0,60.0,66.32,61.72,65.15
273098652_499565251_0,65.0,65.83,60.4,60.25
273098652_416880251_0,65.0,67.77,62.91,65.5
273512549_2268397659_0,65.0,67.97,52.37,49.05
273513007_2268397601_0,65.0,64.86,56.73,55.1
273513009_2268397701_0,65.0,64.48,57.75,55.5
273513009_273513007_0,65.0,64.51,57.79,55.0
273977889_251755102_0,65.0,64.38,56.62,59.27
273977892_273977894_0,65.0,70.19,65.44,64.5
273977894_273982883_0,65.0,66.55,61.55,61.75
273977894_250828119_0,65.0,69.94,65.31,64.6
273982883_2610493572_0,60.0,66.2,59.44,62.35
273982883_2655728781_0,65.0,65.2,60.09,57.95
273982895_2610493558_0,65.0,65.29,61.8,63.25
273982895_2134635301_0,65.0,65.81,60.32,61.95
273982895_206147109_0,65.0,69.68,63.05,62.8
273985612_2610493553_0,65.0,65.29,60.02,61.25
273985634_2610496052_0,65.0,65.09,59.72,61.67
273985634_273985612_0,65.0,68.51,62.11,62.65
273985635_283838326_0,65.0,62.98,58.24,55.8
273985645_1483718738_0,65.0,62.33,55.9,56.25
273985645_273985634_0,65.0,64.99,59.13,60.6
273987609_2015195959_0,65.0,63.47,61.02,61.85
273987609_1492499628_0,65.0,64.4,57.81,61.35
273987609_2542263370_0,65.0,64.6,60.39,62.25
274800224_243718092_0,65.0,60.67,53.03,54.8
274800224_246815071_0,60.0,60.43,54.33,56.15
274800257_274800261_0,60.0,61.86,56.48,59.28
274800261_9530192699_0,60.0,61.62,54.81,59.12
274800261_235571224_0,60.0,61.79,56.19,59.45
274921495_311473968_0,55.0,53.24,47.35,51.3
274923143_4523865939_0,60.0,58.45,50.44,55.2
274923577_274927575_0,65.0,59.14,56.87,56.05
274923577_746024841_0,65.0,57.4,52.8,56.3
274924758_307132755_0,60.0,56.25,59.04,53.25
274924838_265956042_0,60.0,56.99,53.52,54.05
274924838_307132759_0,60.0,56.7,58.09,57.82
274924838_274924852_0,60.0,56.44,57.17,52.85
274924843_274927621_0,60.0,57.06,56.21,52.0
274924843_274924838_0,60.0,57.56,53.08,54.05
274924852_1277834675_0,55.0,56.46,54.48,52.35
274927613_1539476564_0,60.0,56.13,61.82,56.43
274927619_1539476579_0,60.0,62.04,56.43,61.27
274927619_274927621_0,60.0,58.11,59.1,55.22
274927621_274927625_0,60.0,57.08,53.78,51.1
274927621_274924843_0,60.0,57.06,56.21,52.0
274927621_274927619_0,60.0,58.11,59.1,55.22
274927625_274927621_0,60.0,57.05,53.45,51.1
274927625_307132733_0,65.0,56.85,52.46,53.25
274953935_21226073_0,65.0,72.4,59.48,61.3
275045475_2725252218_0,65.0,71.03,63.13,67.8
275045475_2801342032_0,65.0,75.2,68.49,69.2
275257914_3620182347_0,65.0,61.45,63.56,59.4
275257914_256985162_0,65.0,63.39,58.62,58.47
275262958_1851687417_0,65.0,61.89,57.8,58.3
275262958_249107247_0,60.0,61.2,60.72,57.75
275585448_2632468922_0,65.0,69.37,61.34,64.6
275585448_205742369_0,65.0,68.87,62.76,63.9
275585448_2325709146_0,60.0,66.25,58.99,59.95
275592972_3911250741_0,65.0,72.22,63.84,64.65
275592972_275045475_0,65.0,70.07,65.32,68.1
275595378_275595960_0,65.0,54.95,62.98,59.3
275595393_267950328_0,65.0,54.78,62.98,59.4
275595407_2940672058_0,65.0,55.79,65.72,57.65
275595953_275595958_0,65.0,56.01,65.26,58.7
275595958_275595407_0,65.0,56.6,66.39,58.55
275595960_275595953_0,65.0,55.58,64.35,59.3
275595964_267950330_0,65.0,56.19,66.82,58.4
275616407_3782556688_0,65.0,68.87,59.53,58.45
275616407_1831388474_0,65.0,67.73,58.5,58.05
275651922_1261908112_0,65.0,63.53,54.42,55.76
275651925_1944445255_0,60.0,63.21,58.67,52.7
275651925_275651925_0,60.0,61.1,54.9,52.9
275651926_2924753448_0,65.0,63.72,57.67,56.18
275651930_3456392224_0,65.0,63.6,56.83,56.58
275651930_275651922_0,65.0,63.69,57.07,55.16
275651938_275651930_0,65.0,63.75,55.79,55.8
275651943_2079502881_0,65.0,71.55,64.1,64.8
275651958_691028794_0,65.0,65.09,59.72,58.1
275651958_275651961_0,60.0,65.19,59.97,56.95
275651958_275651960_0,65.0,64.57,58.24,57.25
275651960_1547169456_0,65.0,65.4,57.75,59.7
275651960_4233844886_0,65.0,64.86,58.11,57.45
275651961_275651958_0,60.0,65.19,59.97,56.95
275651961_245555967_0,65.0,66.07,62.07,60.2
275696373_590020602_0,60.0,66.55,65.21,60.49
275700447_275703920_0,60.0,62.95,55.77,57.1
275700447_306259447_0,60.0,65.55,60.82,60.9
275700447_275708163_0,60.0,65.88,60.26,62.25
275700473_4365676033_0,60.0,62.5,48.2,53.2
275700473_275700500_0,60.0,63.08,54.21,54.9
275700473_275703920_0,60.0,62.7,54.01,58.2
275700497_275700500_0,60.0,62.97,53.84,54.45
275700500_275700473_0,60.0,63.09,54.21,54.95
275700500_410792185_0,60.0,63.07,50.54,53.95
275703920_275703929_0,60.0,62.6,52.15,57.2
275703920_275700473_0,60.0,62.7,54.01,58.2
275703920_275700447_0,60.0,62.93,55.77,56.9
275703929_4365676033_0,65.0,62.23,52.85,55.6
275703929_275703920_0,60.0,62.6,52.15,57.2
275703986_292663121_0,60.0,62.27,54.12,58.4
275703986_717641204_0,60.0,60.54,55.79,53.75
275703986_292663048_0,60.0,65.39,59.76,63.25
275703986_2516105064_0,65.0,65.12,59.36,59.6
275703989_275703991_0,65.0,63.65,55.65,55.65
275703989_3602886105_0,65.0,64.77,61.79,63.3
275703991_292683546_0,65.0,63.08,52.49,54.01
275703991_275703989_0,65.0,63.62,55.82,55.7
275703991_714175300_0,65.0,62.88,54.37,54.91
275708161_2880565324_0,60.0,68.86,60.13,63.85
275708161_717641306_0,60.0,63.85,59.17,60.05
275708163_2880565323_0,60.0,66.67,63.28,64.75
275708163_275708161_0,60.0,68.83,61.45,63.6
275940974_275940991_0,65.0,62.28,49.17,54.05
275940991_410792185_0,60.0,62.96,49.38,53.8
275940991_275700497_0,65.0,62.34,49.77,53.65
275940991_275940974_0,65.0,62.36,48.66,54.05
276261045_78427953_0,60.0,59.31,55.98,57.5
276261045_78427937_0,65.0,59.86,62.72,60.05
277425400_295916253_0,60.0,61.58,61.95,59.5
277425400_256485084_0,60.0,61.41,61.93,59.9
278200759_278200760_0,60.0,59.59,60.34,59.2
278200759_1806319751_0,60.0,61.14,63.03,60.4
278200760_2704114616_0,60.0,58.59,56.87,56.2
278200760_278200759_0,60.0,59.5,58.83,59.2
278200765_13519595649_0,65.0,59.84,57.87,58.4
278203934_278203935_0,65.0,58.96,61.62,59.05
278203934_251330752_0,65.0,65.01,63.33,67.05
278203935_278203939_0,65.0,59.65,60.06,58.35
278203935_278203942_0,65.0,59.73,62.21,60.0
278203939_278203989_0,65.0,60.87,61.44,63.95
278203942_78439650_0,65.0,61.52,64.76,63.65
278203989_251329937_0,65.0,66.77,60.88,65.65
278203989_278203934_0,65.0,65.35,63.94,66.25
279123936_78472471_0,65.0,65.98,58.58,57.55
279123938_279123939_0,60.0,65.55,51.9,55.6
279123938_32918274_0,60.0,66.19,53.64,55.35
279123938_32918275_0,60.0,65.67,58.11,55.22
279123939_279123938_0,60.0,65.55,51.9,55.6
279123939_279123941_0,60.0,63.86,57.87,53.25
279123939_9962725425_0,65.0,65.52,54.32,54.05
279123939_279123940_0,60.0,64.5,55.78,54.8
279123940_279123939_0,60.0,64.5,55.78,54.8
279123941_9962725424_0,60.0,62.7,55.76,50.45
279123942_251893207_0,65.0,66.11,59.08,60.67
279123942_251893208_0,60.0,65.88,57.83,57.35
279123943_279123953_0,65.0,64.27,55.62,58.3
279123943_266325967_0,60.0,64.53,54.39,55.55
279123944_279123956_0,65.0,61.87,54.21,54.8
279123945_279123952_0,60.0,62.14,55.95,57.42
279123951_279123952_0,65.0,66.38,60.16,61.63
279123951_268616898_0,65.0,66.54,61.65,62.38
279123951_32918272_0,65.0,67.57,60.37,60.75
279123952_279123951_0,65.0,66.38,60.16,61.63
279123952_279123945_0,60.0,62.14,55.95,57.42
279123952_279123956_0,65.0,62.93,58.87,57.32
279123953_279123943_0,65.0,64.27,55.62,58.3
279123953_279123954_0,65.0,65.49,61.18,60.1
279123954_251709436_0,65.0,69.14,60.56,60.8
279123956_279123944_0,65.0,61.87,54.21,54.8
279123956_279123953_0,65.0,64.09,56.64,58.5
279124984_31011034_0,65.0,72.86,64.48,66.75
279124986_234707780_0,65.0,63.05,51.03,54.6
279124986_234707779_0,60.0,63.64,51.45,53.8
279131344_234709080_0,65.0,67.26,62.91,65.85
279131344_279131345_0,65.0,70.16,61.29,67.3
279131345_234706566_0,65.0,67.52,59.34,62.8
279131345_262978054_0,65.0,65.72,63.52,63.0
279131345_279131346_0,65.0,70.54,64.44,67.55
279131346_279131348_0,65.0,74.52,69.05,68.35
279131348_255323409_0,65.0,74.98,70.77,70.1
279131348_262978003_0,65.0,73.76,67.12,68.2
279131726_344314311_0,65.0,64.54,58.73,62.2
279131726_336134278_0,60.0,60.87,60.47,55.2
279131726_234708738_0,65.0,62.01,58.15,58.82
279703106_21225819_0,60.0,67.64,59.34,59.1
279703106_1322862525_0,60.0,71.75,67.68,64.9
279703106_1308281601_0,65.0,72.5,65.86,64.95
279790763_279790764_0,65.0,54.82,63.35,56.7
279790763_252392156_0,65.0,55.11,60.56,57.7
279790764_255949473_0,65.0,54.76,60.1,57.4
279790764_567871832_0,65.0,55.55,59.19,57.6
279792895_268760410_0,65.0,62.86,61.85,61.18
279792895_279811976_0,60.0,59.89,57.67,57.2
279792895_279792898_0,65.0,61.92,59.95,58.4
279792896_279792905_0,60.0,56.91,59.03,55.9
279792896_279792907_0,55.0,57.38,56.25,54.15
279792896_279792906_0,55.0,56.86,53.85,54.75
279792898_1383473527_0,65.0,61.7,58.74,58.88
279792898_279792895_0,65.0,61.92,59.95,58.4
279792901_279792903_0,55.0,58.03,51.75,55.05
279792901_279792904_0,60.0,58.5,52.32,54.7
279792901_279811976_0,55.0,58.5,50.99,54.8
279792901_279792907_0,55.0,58.28,50.76,53.95
279792903_279792901_0,55.0,58.03,51.75,55.05
279792904_279792901_0,60.0,58.5,52.32,54.7
279792904_279811975_0,60.0,59.68,52.09,55.15
279792905_279792896_0,60.0,56.91,59.03,55.9
279792905_279811882_0,60.0,58.13,55.2,55.7
279792906_279792896_0,55.0,56.86,53.85,54.75
279792907_279811882_0,60.0,57.97,55.03,55.7
279792907_279792901_0,55.0,58.28,50.76,53.95
279792907_279792896_0,55.0,57.38,56.25,54.15
279794151_5204689702_0,60.0,57.38,55.25,55.7
279794151_279798539_0,65.0,57.65,55.77,55.55
279798483_5166605218_0,60.0,55.97,58.25,54.9
279798483_264641079_0,60.0,57.59,60.6,55.6
279798539_279798578_0,65.0,58.5,60.47,55.4
279798539_279798483_0,65.0,57.44,59.13,55.4
279798578_27551143_0,65.0,61.2,58.25,61.92
279798578_1092391127_0,65.0,61.39,60.33,58.85
279798586_279798539_0,65.0,57.25,54.26,54.45
279798586_5204689702_0,65.0,55.97,54.29,55.45
279802265_27551147_0,65.0,58.17,52.01,54.5
279802265_5166344158_0,65.0,58.18,45.43,54.0
279805806_255949473_0,60.0,55.03,54.33,56.15
279809048_279809240_0,65.0,54.73,61.56,55.5
279809048_264496763_0,65.0,54.87,53.69,55.3
279809049_264496762_0,65.0,54.19,57.99,55.4
279809049_279809239_0,60.0,53.92,59.54,54.85
279809239_279810531_0,60.0,54.23,60.55,56.15
279809239_279809240_0,60.0,53.99,61.01,55.4
279809239_279809049_0,60.0,53.92,59.54,54.85
279809240_279809239_0,60.0,53.99,61.01,55.4
279809240_279809049_0,60.0,54.08,58.24,54.15
279810531_279809239_0,60.0,54.23,60.55,56.15
279810531_279810533_0,60.0,53.78,62.35,55.2
279810531_264138295_0,60.0,54.72,63.83,59.1
279810533_279810531_0,60.0,53.78,62.35,55.2
279811882_279792907_0,60.0,57.97,55.03,55.7
279811882_279792904_0,60.0,59.29,49.78,55.95
279811975_279811976_0,60.0,58.79,56.0,55.5
279811975_268760410_0,60.0,60.99,58.89,58.5
279811976_279792895_0,60.0,59.88,57.35,57.25
279811976_279811975_0,60.0,58.79,56.0,55.5
279811976_279792901_0,55.0,58.5,50.99,54.8
279814408_2569459682_0,65.0,56.55,60.51,58.95
279814408_279814671_0,65.0,56.33,61.2,57.9
279814612_2745008349_0,60.0,55.69,60.35,58.05
279814612_2745008346_0,65.0,56.17,61.57,57.9
279814671_2745008280_0,65.0,57.45,61.68,58.9
279818307_267771066_0,65.0,57.53,52.17,52.3
279818307_250153484_0,65.0,58.89,48.02,52.9
279818307_6109930449_0,65.0,57.75,49.97,52.85
279830402_279830405_0,65.0,55.74,51.03,55.6
279830405_268799363_0,65.0,67.59,68.15,69.75
279830405_576702785_0,65.0,61.92,61.49,67.0
279830405_279830402_0,65.0,55.74,51.03,55.65
280043583_280044055_0,65.0,54.66,53.81,53.55
280044055_250989675_0,65.0,53.81,52.47,52.75
280044057_280044058_0,65.0,55.68,53.98,56.15
280044057_280043583_0,60.0,55.72,49.93,55.9
280044058_268762673_0,65.0,55.81,52.97,55.8
280044058_280044059_0,65.0,55.39,52.56,56.2
280044059_280044060_0,65.0,55.39,54.41,57.15
280044059_268762674_0,65.0,56.42,57.54,59.8
280044060_280044057_0,60.0,56.36,55.58,57.75
280044194_250989676_0,60.0,55.05,57.02,52.5
280044194_575920332_0,60.0,55.66,52.21,52.9
280044194_280073392_0,65.0,54.33,59.92,51.75
280073392_280044194_0,65.0,54.33,59.92,51.75
280074754_280074755_0,60.0,57.75,60.14,58.5
280074754_268762396_0,60.0,57.9,58.15,58.65
280074755_280074754_0,60.0,57.77,60.14,58.5
280074755_252392149_0,65.0,57.53,54.63,58.85
280074770_252392164_0,55.0,59.0,61.81,56.05
280076309_268762392_0,60.0,59.46,56.81,56.4
280076309_280076310_0,65.0,59.2,54.98,56.15
280076309_268796775_0,60.0,59.67,65.45,62.9
280076310_280076311_0,65.0,59.8,64.83,59.1
280076310_280076312_0,65.0,59.61,56.8,55.8
280076311_268796782_0,65.0,65.95,64.04,67.85
280076312_268762392_0,65.0,59.43,57.05,55.7
280077278_280077281_0,60.0,60.39,59.66,60.05
280077281_12339748718_0,65.0,59.66,55.67,56.1
280077281_13289122474_0,65.0,59.63,59.31,55.45
280077285_280077286_0,60.0,63.05,59.15,60.95
280077285_280077278_0,65.0,61.09,60.46,61.15
280077286_268762368_0,60.0,63.95,60.06,60.95
280077286_1523032016_0,60.0,61.03,58.83,59.65
280078814_268800840_0,60.0,55.52,54.1,58.7
280078814_1110165069_0,60.0,54.83,63.33,60.15
280081534_4331915598_0,65.0,58.86,62.04,59.05
280081534_315285924_0,65.0,63.5,64.5,67.8
280084349_280084361_0,65.0,64.04,61.33,59.9
280084349_315278871_0,65.0,62.31,53.79,56.22
280084361_250169284_0,65.0,67.32,60.21,64.25
280084361_250169280_0,65.0,64.84,58.39,62.1
280188375_1606347252_0,60.0,67.32,61.61,56.8
280188375_2332367130_0,60.0,67.73,63.45,59.2
280188375_787746975_0,60.0,68.36,66.06,63.12
280188388_2332367130_0,60.0,66.83,59.7,57.75
280188388_1606347252_0,60.0,66.88,61.28,57.4
280227747_21226975_0,65.0,75.64,66.22,59.35
280227747_280227748_0,60.0,75.23,64.02,61.2
280227748_21226940_0,60.0,76.65,67.14,62.25
280227748_1596427961_0,60.0,75.54,64.63,61.5
280227749_311821258_0,65.0,73.29,62.91,63.85
280227749_3763159995_0,65.0,75.86,62.37,61.05
280493774_308931181_0,65.0,58.9,59.83,57.23
280493774_280498505_0,65.0,57.85,59.47,55.85
280493774_280503784_0,60.0,58.06,58.82,54.95
280498505_280503784_0,65.0,57.16,53.47,55.3
280498505_250989677_0,65.0,56.98,54.23,56.55
280500726_280500727_0,65.0,61.07,62.82,58.75
280500726_280500728_0,70.0,60.37,59.06,55.5
280500727_280500726_0,65.0,61.07,62.82,58.75
280500727_280500729_0,70.0,66.99,66.73,68.7
280500728_280500729_0,70.0,61.22,64.94,59.02
280500729_268764777_0,65.0,63.6,66.27,64.4
280500729_554198865_0,65.0,67.47,71.26,68.75
280501636_280501641_0,60.0,60.27,53.65,54.85
280501636_280501639_0,60.0,59.9,53.37,55.15
280501636_268762368_0,60.0,60.58,52.89,55.87
280501639_280501636_0,60.0,59.9,53.37,55.15
280501641_280501636_0,60.0,60.27,53.65,54.85
280503782_269518097_0,65.0,62.0,63.63,59.95
280503784_269518099_0,60.0,58.24,58.35,55.15
280508674_252392162_0,60.0,64.33,61.53,67.25
280508676_280508674_0,65.0,56.32,57.3,56.65
280508676_268762671_0,60.0,55.97,50.2,56.05
280510047_280493774_0,60.0,59.6,60.99,62.95
280510047_330722596_0,65.0,68.11,62.85,68.0
280524849_1800817428_0,60.0,73.41,54.98,56.4
280524849_29462541_0,60.0,73.51,53.42,54.9
280572160_4193188214_0,65.0,60.75,57.6,57.6
280572160_1579436520_0,65.0,61.62,57.93,56.95
280572167_280572174_0,65.0,62.76,58.08,57.7
280572174_280572179_0,65.0,62.88,57.57,58.0
280572179_1579436501_0,65.0,61.24,55.88,57.5
280572179_1579436483_0,65.0,61.82,58.24,56.65
280675954_5118615630_0,65.0,74.11,58.14,55.8
280675954_257681639_0,65.0,75.82,58.85,60.72
280981862_29089551_0,65.0,66.02,64.76,62.2
280981865_258340934_0,65.0,68.22,61.33,58.8
280981866_309670940_0,65.0,69.45,59.17,59.9
280994093_252123166_0,65.0,72.95,60.01,57.55
280997939_1839921007_0,60.0,68.15,58.64,56.7
280997939_2791241888_0,55.0,66.43,54.87,54.15
281000203_2694596381_0,55.0,63.94,53.26,56.25
281000203_2694596380_0,55.0,64.2,56.31,57.15
281000203_271198794_0,55.0,64.43,54.47,57.85
281000203_281000313_0,60.0,64.83,57.61,58.65
281000313_271198942_0,55.0,66.34,57.68,57.95
281000313_271198793_0,55.0,66.99,56.73,57.55
281000323_2694596382_0,55.0,63.29,48.57,53.75
281000323_2694596379_0,55.0,63.75,53.24,54.7
281000323_2694596380_0,55.0,63.75,53.4,55.0
281014577_560976661_0,65.0,81.69,64.83,65.55
281014577_2799529699_0,65.0,78.22,65.21,63.0
281434758_281434759_0,60.0,55.71,51.37,50.2
281434759_269982718_0,60.0,55.73,45.85,48.25
281434759_281434758_0,60.0,55.7,51.37,50.3
281434759_269982721_0,60.0,56.23,46.0,49.0
281434760_281434767_0,60.0,55.25,51.2,49.9
281434760_281434761_0,60.0,54.44,46.08,48.9
281434761_281434760_0,60.0,54.44,46.08,48.9
281434761_269982718_0,60.0,54.69,43.32,47.85
281434763_281434797_0,65.0,53.4,51.53,56.75
281434763_281434764_0,65.0,56.55,54.76,56.0
281434763_269982605_0,65.0,55.9,52.67,55.55
281434763_269982410_0,65.0,55.52,52.93,55.65
281434764_281434763_0,65.0,56.55,54.76,56.0
281434764_269982607_0,65.0,54.72,51.91,56.45
281434764_269982410_0,65.0,54.99,52.14,55.3
281434765_269982605_0,60.0,52.03,46.0,51.1
281434766_269982703_0,60.0,60.37,53.55,56.65
281434767_281434760_0,60.0,55.25,51.2,49.9
281434768_281434769_0,60.0,56.38,48.93,50.55
281434769_281434768_0,60.0,56.38,48.93,50.55
281434769_309109191_0,60.0,56.09,46.38,49.35
281434769_269982721_0,60.0,56.24,48.38,51.8
281434769_281434770_0,60.0,55.5,46.47,48.8
281434770_265960231_0,60.0,55.46,46.55,45.7
281434770_281434773_0,60.0,56.07,43.56,48.9
281434770_281434769_0,60.0,55.5,46.47,48.8
281434772_309109191_0,60.0,56.88,45.33,50.55
281434773_281434770_0,60.0,56.07,43.56,48.9
281434773_281434775_0,65.0,56.87,47.83,51.0
281434773_309109191_0,60.0,55.99,47.11,49.4
281434774_309109195_0,60.0,57.36,50.17,52.1
281434775_309109195_0,60.0,56.69,46.49,50.6
281434775_281434773_0,65.0,56.87,47.83,51.0
281434775_265960232_0,65.0,58.08,57.15,58.38
281434776_281434777_0,65.0,57.5,50.61,51.95
281434776_309109195_0,60.0,57.47,49.88,51.85
281434776_269982421_0,65.0,57.58,47.87,50.65
281434777_281434776_0,65.0,57.5,50.61,51.95
281434779_269982421_0,65.0,57.71,53.47,55.11
281434797_281434763_0,65.0,53.4,51.53,56.75
281434798_269982410_0,65.0,51.43,45.99,52.5
281435525_95752309_0,65.0,60.04,55.67,55.3
281435525_95752357_0,65.0,59.63,53.77,55.38
281436385_265960232_0,65.0,56.12,50.87,55.56
281437110_95750570_0,65.0,58.84,60.12,57.6
281437110_281439893_0,60.0,56.85,51.78,53.3
281437110_2635139103_0,65.0,59.73,61.62,61.45
281437115_251787406_0,65.0,62.43,62.11,57.55
281437124_95750570_0,65.0,58.18,59.01,55.55
281437124_281437110_0,65.0,58.28,60.09,54.9
281439790_254604867_0,65.0,55.31,50.11,54.4
281439790_281439800_0,65.0,56.28,56.84,58.45
281439790_6418215379_0,60.0,55.66,50.79,53.65
281439800_281439891_0,60.0,55.97,49.61,51.35
281439800_281439790_0,65.0,56.28,56.84,58.45
281439800_1029605717_0,65.0,55.46,48.5,53.95
281439891_281439800_0,60.0,55.97,49.61,51.35
281439891_281439903_0,60.0,57.07,51.69,51.65
281439893_281439914_0,60.0,55.94,46.49,47.7
281439893_281439891_0,60.0,55.57,48.54,48.85
281439900_1552537943_0,65.0,62.04,51.83,55.75
281439900_587529092_0,65.0,59.96,60.32,61.42
281439903_281439914_0,60.0,55.62,48.14,47.45
281439903_281439891_0,60.0,57.07,51.69,51.65
281439903_587529092_0,60.0,58.2,63.01,59.48
281439914_281439903_0,60.0,55.69,47.09,47.05
281439914_281439900_0,65.0,57.21,57.18,57.85
281444239_3726692886_0,65.0,60.46,54.8,54.9
281588748_21226978_0,65.0,70.06,58.63,60.1
281588752_2805748815_0,60.0,70.07,59.49,60.2
281588752_281588748_0,60.0,70.06,57.41,58.65
281588755_673419115_0,65.0,69.87,60.11,60.15
281588758_281588755_0,65.0,69.87,62.08,59.35
281588758_21226959_0,65.0,69.44,59.71,59.85
281691016_21225834_0,65.0,67.02,53.78,57.3
281691016_266326064_0,65.0,69.21,55.96,58.1
281713426_2394469898_0,65.0,68.25,65.32,67.8
281725753_78439648_0,65.0,68.61,62.8,65.1
281725753_1474064640_0,65.0,67.04,64.1,63.55
281725753_253748779_0,65.0,65.9,62.79,63.75
281758034_309100927_0,65.0,59.25,55.05,58.2
281758034_1766615611_0,60.0,62.28,63.86,63.08
281758034_309103729_0,65.0,65.56,60.56,62.98
281801263_281804032_0,65.0,81.1,63.87,63.6
281801263_21226786_0,65.0,81.45,64.47,64.1
281804032_2689678734_0,65.0,83.38,61.82,63.55
281814650_31011523_0,65.0,82.55,58.87,65.2
281821736_258390921_0,65.0,66.81,63.5,59.55
282010388_262384661_0,55.0,74.23,53.9,63.08
282180522_256507890_0,65.0,68.91,66.17,65.65
282180522_256506070_0,65.0,69.6,65.74,66.7
282358574_135868849_0,70.0,61.72,57.44,58.95
282358574_2562186397_0,65.0,61.37,55.42,58.35
282358576_3780580947_0,65.0,61.95,57.64,57.2
282358576_250151734_0,65.0,62.2,58.45,61.77
282450858_262395847_0,65.0,67.29,50.76,54.05
282450858_262395887_0,65.0,67.29,56.31,54.4
282451675_329442249_0,60.0,70.93,61.68,60.15
282451675_262395848_0,65.0,70.84,52.94,58.35
282451675_2706764786_0,65.0,69.79,60.72,58.7
282451681_282451682_0,60.0,65.5,48.79,51.95
282451681_269757937_0,65.0,66.16,49.59,51.8
282451681_262395823_0,65.0,65.63,49.07,51.95
282451682_282451681_0,60.0,65.5,48.79,51.9
282455192_2706764688_0,60.0,72.24,61.25,56.4
282481199_1890336267_0,65.0,63.55,54.48,57.3
282481199_1864652782_0,65.0,63.48,59.54,56.8
282530614_282530781_0,65.0,73.78,57.93,56.4
282530614_2696621683_0,65.0,78.73,58.53,61.6
282530614_312792175_0,65.0,78.77,56.35,56.5
282530781_282531402_0,60.0,73.54,56.68,56.6
282531402_282531524_0,60.0,72.47,58.38,56.7
282531402_282536878_0,65.0,73.41,58.91,60.6
282531402_370666506_0,65.0,73.13,59.34,59.59
282531450_282531451_0,55.0,72.55,52.84,54.95
282531450_282536419_0,55.0,72.09,56.45,54.6
282531451_282531554_0,60.0,73.15,54.71,56.45
282531524_282531451_0,60.0,72.93,55.46,55.0
282531524_282531450_0,55.0,72.59,52.01,54.95
282531554_282534497_0,60.0,73.17,59.67,56.8
282534497_370672722_0,65.0,74.14,60.73,57.4
282534497_262384458_0,65.0,73.4,56.85,56.8
282536419_262384779_0,55.0,72.36,55.7,54.1
282536419_3376426787_0,60.0,71.64,60.97,57.7
282536878_2696621683_0,65.0,79.68,58.21,61.6
282537477_282538244_0,55.0,71.76,54.74,57.7
282537477_262384799_0,65.0,72.84,58.78,57.55
282537477_282538879_0,65.0,72.27,52.66,58.35
282538244_370679024_0,55.0,71.98,53.61,56.0
282538244_370679029_0,60.0,72.8,56.44,57.15
282538267_370679029_0,60.0,74.94,59.79,57.6
282538267_370679040_0,60.0,73.35,59.13,57.6
282538879_3376426787_0,65.0,72.28,56.58,58.55
282538879_282537477_0,65.0,72.27,52.66,58.35
282557078_21306381_0,65.0,71.79,60.14,62.7
282557080_574968981_0,65.0,65.28,55.64,58.75
282557080_251437448_0,65.0,65.43,59.84,57.85
282640467_21226184_0,65.0,69.81,63.63,60.95
282640467_21226261_0,65.0,71.41,63.51,63.6
282640467_13927904688_0,65.0,71.44,59.77,60.4
283050541_308841202_0,65.0,65.13,60.02,60.85
283056705_31823032_0,60.0,65.31,61.16,60.0
283056709_1652183521_0,60.0,65.21,62.83,62.3
283826130_262985520_0,60.0,54.81,54.48,57.1
283826130_283826137_0,60.0,55.38,57.3,59.05
283826130_283826133_0,60.0,55.55,50.68,55.1
283826133_11066592258_0,60.0,56.08,52.56,54.55
283826135_283826137_0,60.0,55.92,52.75,56.6
283826135_3739333927_0,65.0,56.46,53.87,55.7
283826137_283826130_0,60.0,55.38,57.3,59.05
283826137_3739336306_0,60.0,56.55,55.78,60.25
283834532_2820804274_0,65.0,54.94,44.79,52.95
283834532_3815735926_0,60.0,56.81,61.13,55.3
283834532_283834537_0,65.0,54.62,50.55,50.45
283834537_283834537_0,65.0,53.56,49.28,50.7
283834537_283834537_1,65.0,53.56,49.28,50.7
283834537_283834532_0,65.0,54.62,50.55,50.45
283834629_289702908_0,65.0,62.53,55.98,56.15
283834665_283834677_0,65.0,60.75,65.93,63.3
283834665_1824860719_0,60.0,59.44,60.04,56.45
283834677_8395290519_0,65.0,65.07,71.7,65.95
283834677_8528958055_0,65.0,64.93,68.42,65.74
283834679_4064136214_0,65.0,68.71,70.16,66.7
283834679_8395290519_0,65.0,70.21,70.44,68.35
283838326_273985635_0,65.0,62.98,58.24,55.8
283838326_283838367_0,60.0,62.27,57.4,56.1
283838350_2788548271_0,65.0,64.67,56.62,57.95
283838350_283838366_0,65.0,63.41,55.65,56.55
283838350_783764791_0,65.0,64.29,56.4,61.75
283838366_2655711093_0,60.0,63.43,56.54,57.15
283838366_283838367_0,60.0,63.93,56.11,56.45
283838367_273982883_0,65.0,63.65,59.48,57.9
283838367_283838366_0,60.0,63.93,56.11,56.45
283838367_2653901148_0,60.0,64.63,60.24,60.67
283840203_249177464_0,65.0,57.16,47.28,49.75
283840346_2701614261_0,60.0,59.95,51.8,57.25
283840346_285649183_0,60.0,59.03,48.58,53.8
283840346_249177473_0,55.0,59.89,52.63,55.13
283859847_29797326_0,60.0,60.24,60.42,56.7
283859847_250825665_0,60.0,60.86,52.84,54.45
283859847_1938126723_0,65.0,61.98,58.14,58.57
283859877_1938126720_0,65.0,62.34,56.49,57.35
283859877_29089549_0,60.0,61.65,56.65,57.4
285092984_169693523_0,65.0,68.82,65.42,62.25
285092984_13919748_0,65.0,69.08,65.1,63.2
285505007_285505036_0,65.0,71.16,61.61,65.25
285505036_205737753_0,65.0,72.0,66.65,68.1
285649183_249177464_0,60.0,58.49,49.81,55.3
285649183_249177473_0,55.0,59.11,49.0,52.2
285649183_256466643_0,60.0,60.53,56.32,57.8
286310108_487089357_0,60.0,63.01,56.67,57.7
286310108_1918722708_0,60.0,62.95,52.86,57.7
286310108_487090825_0,60.0,62.4,59.6,58.05
286311972_286311975_0,65.0,65.8,58.07,60.17
286311972_562698874_0,60.0,63.69,54.74,57.02
286311975_2533507674_0,60.0,66.54,60.31,62.65
286311988_1679095252_0,60.0,63.8,57.73,58.55
286311988_251745085_0,60.0,63.23,57.16,58.85
286819538_286819540_0,65.0,61.27,64.6,65.65
286819539_87810235_0,65.0,68.11,67.03,67.53
286819539_286819538_0,65.0,61.27,63.35,64.9
286819540_253310980_0,65.0,63.84,64.1,65.25
286819540_88020279_0,60.0,62.23,65.87,66.1
286819541_250902114_0,65.0,64.12,63.25,66.05
286819541_88020279_0,65.0,64.75,63.34,65.3
286819541_246096297_0,65.0,69.61,65.12,69.15
286819556_87810235_0,65.0,66.72,63.99,66.5
286819556_251165308_0,65.0,68.92,65.43,67.83
286819556_253311634_0,65.0,65.45,66.33,63.95
286820478_253310668_0,65.0,56.74,50.22,55.85
286820478_289641339_0,65.0,60.0,65.17,61.95
286820479_309106533_0,65.0,62.05,65.95,64.25
286820479_286820478_0,65.0,59.46,58.2,61.8
286820480_250902114_0,65.0,62.97,63.78,63.85
286820480_13448639734_0,65.0,60.15,56.42,61.1
286820480_286820479_0,65.0,57.84,61.38,63.3
287939947_280044055_0,65.0,54.44,56.01,52.8
287939947_1318805317_0,65.0,54.79,50.72,54.75
289639552_1037266557_0,65.0,59.23,62.43,59.3
289641304_1585759455_0,65.0,58.74,60.15,60.77
289641332_560857470_0,65.0,58.8,61.07,58.62
289641332_289643803_0,65.0,57.56,53.32,53.65
289641336_246099087_0,65.0,58.14,61.74,56.7
289641338_250161165_0,65.0,63.67,57.36,62.65
289641338_1514313049_0,65.0,62.04,66.74,63.5
289641338_10289135710_0,65.0,62.89,60.3,58.28
289641339_281758034_0,65.0,59.98,60.17,61.4
289641339_289641338_0,65.0,62.16,65.2,63.75
289643803_251163343_0,65.0,57.36,51.49,54.2
289643803_289643824_0,65.0,58.48,56.76,56.55
289643824_251163343_0,65.0,56.09,53.9,55.7
289643824_289643825_0,65.0,58.76,57.45,57.0
289643825_289645055_0,65.0,57.67,58.95,60.75
289643825_251163811_0,65.0,59.59,66.97,65.1
289643842_250161165_0,65.0,66.94,57.24,63.52
289643842_251163620_0,65.0,64.24,59.86,64.26
289645055_251163804_0,65.0,59.26,63.29,61.2
289645055_21458323_0,65.0,62.66,61.57,64.4
289645055_289645061_0,65.0,59.28,59.39,62.6
289645061_365569679_0,65.0,58.4,55.72,54.65
289645061_289646174_0,65.0,58.61,53.67,56.25
289646174_251311049_0,65.0,59.99,59.15,60.85
289646174_1890385235_0,65.0,61.55,59.97,59.05
289646176_88057746_0,65.0,67.13,68.05,68.05
289646176_289647179_0,65.0,61.52,61.11,63.55
289647179_246099090_0,65.0,62.36,61.41,61.95
289647179_289647180_0,65.0,61.8,60.25,60.45
289647180_251165308_0,65.0,65.77,61.93,63.75
289647180_289648935_0,65.0,62.31,62.35,60.65
289647180_27551171_0,65.0,64.52,65.42,63.35
289648935_27551170_0,60.0,65.41,62.59,63.45
289702906_2015165781_0,65.0,62.65,59.91,56.35
289702908_2788239893_0,65.0,60.99,58.6,56.65
289702908_1824860723_0,65.0,62.65,56.4,56.4
289702910_289702906_0,65.0,62.76,59.54,56.35
289702910_2788239873_0,65.0,61.45,59.02,59.18
291211296_257897063_0,60.0,65.26,57.56,57.2
291211296_266384277_0,60.0,64.94,56.82,58.4
291211400_259983110_0,65.0,64.55,59.76,57.6
291211400_241469968_0,65.0,65.7,64.9,64.5
291257350_269520201_0,65.0,73.11,65.71,69.45
291257350_269518949_0,65.0,69.4,62.8,67.0
291257351_308931185_0,65.0,61.24,57.37,57.23
291257351_308931186_0,65.0,61.65,57.13,55.45
291257351_291257350_0,65.0,63.04,64.92,63.6
291257352_268760448_0,65.0,60.71,55.34,56.35
291888152_21226872_0,65.0,62.17,56.26,54.1
291888152_21227267_0,65.0,61.66,56.91,53.65
291888153_21225939_0,65.0,67.3,65.04,65.85
291888153_291888152_0,65.0,63.31,62.45,60.25
291888153_539462837_0,65.0,68.47,63.61,65.35
291897321_291897323_0,60.0,61.77,58.39,55.3
291897321_1251659573_0,65.0,62.7,62.82,62.05
291897323_877821154_0,60.0,62.32,62.55,60.75
291897326_291897328_0,65.0,62.98,60.47,62.35
291897326_33197631_0,60.0,62.71,60.36,60.75
291897326_260094557_0,65.0,64.28,64.24,63.9
291897328_291897326_0,65.0,63.03,60.22,62.3
291897328_260094570_0,65.0,61.77,63.85,58.45
292083439_2613998016_0,65.0,65.29,56.13,61.15
292083439_440390944_0,65.0,65.37,63.06,64.0
292083473_2700033561_0,65.0,65.24,57.12,57.9
292083473_1737460963_0,65.0,64.35,58.36,60.3
292086777_271199138_0,60.0,62.49,54.12,55.8
292086904_2791265015_0,55.0,60.69,57.68,57.35
292086904_271199335_0,60.0,61.11,57.57,58.2
292088561_2791283928_0,60.0,62.03,49.85,55.55
292088561_271199388_0,60.0,61.35,53.04,56.6
292638523_31823037_0,65.0,65.69,58.16,59.2
292647587_25543546_0,65.0,65.89,62.12,62.8
292647587_10137333036_0,65.0,65.87,62.98,60.4
292663048_583224920_0,60.0,62.05,57.73,58.98
292663048_1552284287_0,60.0,66.36,59.39,65.22
292663048_275703986_0,60.0,65.39,59.76,63.25
292663048_292694489_0,60.0,64.9,57.08,61.09
292663112_583223690_0,60.0,61.88,49.86,53.65
292663112_292663115_0,60.0,61.5,52.2,52.4
292663112_714175300_0,60.0,61.83,53.2,53.95
292663115_292663112_0,60.0,61.5,52.2,52.4
292663121_583223690_0,60.0,61.93,49.59,53.55
292667651_292667665_0,65.0,68.04,60.36,62.1
292667658_727751465_0,65.0,63.13,56.43,58.4
292667658_1779177643_0,60.0,62.55,56.19,54.35
292667658_727751422_0,65.0,61.73,51.34,54.05
292667664_2742028649_0,60.0,58.66,49.83,47.45
292667665_727751452_0,65.0,68.7,61.51,63.04
292667665_292667695_0,65.0,68.56,59.65,60.55
292667679_292667700_0,65.0,66.58,58.12,64.45
292667679_2516105064_0,60.0,65.82,57.18,62.45
292667695_31331710_0,65.0,68.83,62.8,62.4
292667700_292674282_0,65.0,67.94,58.72,64.68
292674282_727769700_0,65.0,67.07,58.91,64.4
292674282_292667695_0,65.0,65.56,62.69,62.55
292674307_2635077471_0,60.0,54.98,47.79,44.2
292674307_292683637_0,55.0,55.21,53.42,49.3
292674307_292688611_0,55.0,55.89,46.31,46.1
292674323_292674356_0,60.0,61.0,58.56,56.5
292674356_292674323_0,60.0,61.0,58.56,56.5
292674356_292674356_0,60.0,60.16,54.22,55.7
292679451_292679479_0,65.0,59.38,57.38,57.05
292679451_2041040326_0,65.0,57.8,55.06,56.35
292679479_292679451_0,65.0,59.38,57.38,57.05
292679479_2728695031_0,70.0,60.84,65.15,56.25
292679481_1804589962_0,65.0,54.98,41.83,45.75
292679496_1804589962_0,65.0,53.79,45.1,43.5
292683546_275703991_0,65.0,63.08,52.49,54.01
292683546_2880134092_0,60.0,62.13,55.06,53.15
292683546_251786675_0,65.0,63.69,51.75,54.4
292683551_251786804_0,60.0,66.67,62.47,61.35
292683551_251786675_0,65.0,65.36,57.78,60.25
292683551_251786805_0,65.0,69.53,63.69,62.1
292683556_251786804_0,60.0,66.24,59.87,61.0
292683556_251786680_0,60.0,66.55,61.56,61.34
292688611_717796166_0,55.0,56.4,47.54,47.0
292688611_292674307_0,55.0,55.88,46.31,46.1
292688611_717647762_0,55.0,56.5,46.62,46.6
292688614_717641346_0,55.0,57.2,49.85,46.4
292688614_717641339_0,60.0,56.9,49.56,46.75
292694484_717641331_0,55.0,56.18,45.17,43.65
292694484_725869950_0,60.0,55.93,46.21,43.4
292694484_5614122503_0,55.0,55.72,45.2,43.35
292694489_1123480989_0,60.0,63.99,54.49,59.86
292694489_1552284287_0,60.0,64.08,57.91,60.5
292694489_292663048_0,60.0,64.9,57.08,61.09
292844887_606562371_0,65.0,72.73,57.66,58.2
292844887_292844931_0,65.0,73.23,54.4,56.83
292844931_747373759_0,65.0,72.7,54.67,55.95
292844931_248292114_0,65.0,74.36,57.61,63.0
292844941_660867301_0,65.0,74.75,60.94,58.85
292844942_248292114_0,65.0,76.35,58.02,60.1
292844942_747373759_0,65.0,72.47,58.51,57.7
292844984_747373719_0,65.0,79.07,59.01,63.0
292845113_248292122_0,65.0,76.56,61.83,63.4
292851605_267873020_0,65.0,63.14,66.85,65.8
293342684_90563678_0,65.0,70.87,67.6,65.05
293781323_1271168990_0,70.0,67.28,54.88,56.25
293784383_251618172_0,65.0,69.73,59.38,60.62
293784383_566145833_0,65.0,69.23,61.7,59.9
293784394_566145841_0,70.0,71.27,62.72,58.45
293784394_293784398_0,70.0,70.51,62.54,58.85
293784398_1489814940_0,65.0,70.32,61.69,62.7
293784398_566145841_0,70.0,70.7,62.81,58.6
293789162_11055526315_0,65.0,71.77,63.23,61.9
293789162_1450859893_0,60.0,69.94,62.02,59.9
293789162_293789164_0,60.0,69.77,62.66,59.5
293789164_4054628887_0,60.0,69.14,60.77,58.55
293789164_293789162_0,60.0,69.79,62.93,59.65
293789167_430777052_0,65.0,68.45,56.95,58.15
293789167_293789168_0,60.0,68.91,56.02,58.35
293789168_293789169_0,65.0,69.14,57.79,59.35
293789168_293789167_0,60.0,68.91,56.02,58.35
293789168_1482959524_0,60.0,70.21,59.64,59.9
293789169_293789168_0,65.0,69.14,57.79,59.35
293789169_1973597201_0,65.0,67.89,59.46,60.05
293789169_102218646_0,60.0,71.69,61.49,61.2
293792368_293792370_0,65.0,76.46,71.16,68.15
293792368_996572044_0,65.0,75.72,67.93,65.85
293792370_2718991970_0,65.0,76.08,72.1,64.5
293797632_2820471964_0,65.0,73.42,63.75,59.4
293797633_293798647_0,65.0,74.0,68.91,67.0
293797633_293798651_0,65.0,73.48,72.03,66.8
293797642_293797665_0,65.0,73.14,61.92,59.05
293797665_996571986_0,65.0,73.31,61.9,58.6
293798647_293798651_0,65.0,73.66,72.64,66.95
293798647_2718991970_0,65.0,74.98,77.29,69.45
293798651_2820471958_0,65.0,73.91,73.99,67.15
294744673_1652760353_0,65.0,65.62,57.73,62.85
294744673_21226974_0,65.0,65.75,58.74,58.2
294744676_1652760350_0,65.0,65.85,61.07,62.95
294744676_294744680_0,65.0,65.29,55.62,58.95
294744680_294744673_0,65.0,65.19,61.41,58.7
294744685_294744688_0,65.0,64.89,52.12,55.9
294744688_294744676_0,65.0,65.55,58.3,60.1
295275463_747373710_0,65.0,71.43,57.96,57.7
295275463_295275484_0,65.0,71.79,55.79,57.15
295275463_606562371_0,60.0,71.73,55.24,58.27
295275484_295275463_0,65.0,71.79,55.79,57.15
295275484_292844942_0,65.0,74.1,60.53,57.75
295471352_262505335_0,60.0,67.77,60.04,60.65
295471363_295471352_0,65.0,67.6,55.16,60.95
295471363_262505337_0,60.0,68.25,62.04,64.1
295543321_1366400717_0,65.0,63.64,60.8,62.9
295543321_78439665_0,65.0,62.65,63.52,63.18
295543325_251815912_0,65.0,72.8,62.04,62.09
295543326_295543325_0,65.0,68.05,61.1,63.2
295543327_309010352_0,65.0,69.74,64.57,62.7
295543327_251469995_0,65.0,65.69,66.09,63.02
295543875_549904750_0,65.0,65.04,65.01,64.4
295543875_31333370_0,65.0,71.14,63.31,66.63
295546853_1555288827_0,65.0,62.47,62.4,62.5
295546856_90647596_0,65.0,68.65,62.55,64.75
295546856_1324160822_0,65.0,70.02,63.2,66.3
295546865_2656255693_0,65.0,70.31,63.79,66.93
295546865_31333370_0,65.0,68.96,62.73,65.35
295560524_749915466_0,65.0,73.42,55.46,56.65
295560524_2533754678_0,65.0,74.48,58.61,59.9
295560524_747373729_0,60.0,72.88,57.11,56.65
295560672_747373729_0,65.0,73.49,60.26,56.3
295560672_248292118_0,65.0,76.35,59.56,63.72
295564864_260785651_0,60.0,69.45,59.28,58.2
295916253_1143719823_0,65.0,65.43,58.48,57.15
295916253_29765471_0,65.0,65.2,59.14,58.65
295993305_295993318_0,65.0,65.07,57.3,59.2
295993305_1737460984_0,60.0,65.35,55.53,60.55
295993318_1943151433_0,65.0,73.02,65.71,68.4
296624046_296624462_0,65.0,66.02,58.7,60.7
296624046_441917634_0,65.0,72.73,65.88,68.05
296624462_296624046_0,65.0,66.02,58.7,60.7
296624462_1839136759_0,65.0,66.15,59.99,64.65
296624462_2609160022_0,65.0,65.9,57.09,59.85
296625285_2609160024_0,65.0,66.43,62.18,59.75
296625285_2609160022_0,65.0,65.69,62.15,59.45
296625607_2542694162_0,65.0,67.62,61.64,66.25
296625607_2542694158_0,65.0,67.74,65.0,62.15
297543451_3739306743_0,65.0,61.55,53.93,59.65
297543451_5355524415_0,65.0,64.32,53.88,63.58
297543452_255137262_0,65.0,63.38,52.81,62.61
297700288_297700289_0,65.0,72.01,61.98,61.48
297700288_259589846_0,65.0,75.49,63.94,62.51
297700288_259589829_0,65.0,73.91,64.02,62.1
297700289_297700290_0,65.0,72.28,60.52,62.28
297700289_1254057353_0,65.0,71.6,63.32,64.45
297700289_259589829_0,65.0,73.21,64.31,61.46
297700290_259589833_0,65.0,75.65,66.14,62.9
297700290_243909216_0,65.0,73.2,65.27,64.3
297918283_1481366379_0,70.0,62.65,56.35,57.8
297918287_297918283_0,65.0,62.1,59.34,59.45
297918288_297918283_0,70.0,62.95,67.87,59.1
297918288_4028059810_0,70.0,62.54,59.86,54.28
297918298_297918288_0,70.0,62.39,63.31,53.38
297918298_1481366379_0,70.0,63.25,57.92,58.15
297919511_643630941_0,65.0,72.61,62.87,59.55
297919532_344814736_0,60.0,70.62,63.65,59.85
297920466_705704806_0,65.0,62.31,53.26,53.25
297920467_297920462_0,65.0,61.4,56.3,53.3
297920467_297920466_0,65.0,61.75,53.41,53.9
297920470_297920724_0,65.0,68.92,59.1,58.11
297920470_263250686_0,65.0,68.85,61.16,59.93
297920724_256709508_0,65.0,68.94,61.1,61.72
297920724_297920470_0,65.0,68.92,59.1,58.11
297920724_5075029426_0,65.0,67.25,60.7,58.75
297920724_344814463_0,65.0,67.35,60.44,58.65
299014169_1941210508_0,65.0,73.98,63.07,63.5
299439671_2794711874_0,65.0,71.9,57.26,60.15
299439671_654538346_0,65.0,71.56,58.72,58.9
300877914_249455218_0,55.0,64.65,54.6,56.45
300877914_300877916_0,60.0,65.22,52.66,54.8
300877915_9306801165_0,55.0,66.34,51.91,54.6
300877915_300877916_0,55.0,65.57,50.78,54.55
300877915_249455263_0,60.0,65.6,50.26,52.05
300877916_2876237173_0,60.0,64.93,48.29,53.4
300877916_300877915_0,55.0,65.57,50.78,54.55
300877916_300877914_0,60.0,65.23,52.66,54.8
301980781_255323417_0,65.0,68.66,64.38,66.2
301980781_301980826_0,65.0,73.1,67.0,70.55
301980826_90593917_0,65.0,74.68,65.76,68.7
301981835_319320707_0,60.0,64.39,53.6,53.7
301981835_90593923_0,60.0,65.37,54.68,55.1
302100762_302100769_0,65.0,66.47,58.47,60.9
302100762_1935856951_0,65.0,67.94,60.71,63.5
302100769_24576281_0,65.0,66.14,60.83,60.35
302100769_4348614897_0,65.0,68.89,59.44,63.7
303027655_25543624_0,65.0,78.41,73.73,69.95
303028414_303028415_0,60.0,61.91,61.11,61.45
303028414_206143962_0,65.0,65.05,61.92,64.05
303028415_2794625975_0,60.0,60.99,52.22,53.1
303028415_27654256_0,65.0,61.09,51.77,52.6
303370476_28848538_0,65.0,60.5,61.09,59.31
303381450_251292224_0,65.0,60.15,61.74,59.8
303381450_27654246_0,65.0,62.47,60.63,64.05
303381450_303381556_0,65.0,62.5,64.53,62.4
303381556_11436894967_0,65.0,64.4,64.6,63.85
303381556_1112456214_0,65.0,62.23,62.82,62.05
303395075_1584826084_0,65.0,58.77,57.08,56.1
303499671_2076591130_0,60.0,67.43,60.6,59.45
303499671_2076591058_0,60.0,70.55,59.24,60.65
303499674_653771349_0,60.0,69.22,61.49,59.7
303499674_648626766_0,60.0,69.18,59.66,58.92
303499679_303499687_0,60.0,65.1,57.11,59.85
303499679_615037007_0,60.0,66.76,61.94,60.74
303499679_655335163_0,60.0,66.61,61.97,59.78
303499684_615037013_0,65.0,65.37,58.52,61.7
303499687_303499679_0,60.0,65.1,57.29,59.85
303967700_475238681_0,65.0,64.72,61.59,64.55
303967700_303967703_0,65.0,64.24,69.18,66.0
303967700_243716439_0,65.0,65.32,64.93,65.9
303967703_1030280408_0,65.0,65.47,68.12,67.3
304665158_3832161562_0,65.0,61.96,63.01,60.45
304665158_1942874549_0,65.0,64.0,63.67,62.15
304665164_304665158_0,65.0,60.97,58.52,58.35
304767772_27653918_0,60.0,62.3,58.69,60.1
304767772_1350644851_0,60.0,61.92,60.9,57.65
304775620_232868023_0,65.0,69.43,62.86,65.7
304775620_2902502456_0,65.0,68.32,64.42,65.15
304776028_2386386850_0,65.0,62.84,64.57,59.45
304776028_21555347_0,65.0,63.01,62.85,59.55
304776028_1584878382_0,65.0,64.27,57.98,60.85
304777278_27653940_0,55.0,62.61,59.92,60.85
304777278_27653947_0,60.0,61.96,62.88,59.4
304777376_253288768_0,60.0,68.72,59.02,59.25
304777376_304777377_0,60.0,66.05,53.91,54.05
304777376_29137397_0,65.0,69.37,60.47,59.8
304777377_29137405_0,60.0,65.86,61.14,62.45
304777377_29137402_0,60.0,65.91,59.13,54.8
304984160_2739069924_0,65.0,60.39,55.45,56.7
304984160_153566034_0,65.0,59.42,53.65,56.15
304984160_304984163_0,65.0,59.44,54.18,56.1
304984163_153566034_0,65.0,59.33,54.17,56.1
304984163_2060547231_0,65.0,59.63,55.01,56.71
304984802_2060552767_0,65.0,58.32,56.81,53.23
304984802_1804973848_0,65.0,58.59,54.59,53.03
305136996_305137010_0,65.0,62.07,59.58,58.7
305136996_2353702506_0,65.0,63.65,61.0,60.45
305136996_90318753_0,65.0,62.28,61.68,60.45
305137003_12201074792_0,65.0,60.49,49.13,51.65
305137003_305137007_0,65.0,60.66,48.93,51.85
305137003_305137010_0,65.0,61.11,50.42,53.65
305137007_305137003_0,65.0,60.66,48.93,51.85
305137010_305137003_0,65.0,61.11,50.42,53.65
305137010_305136996_0,65.0,62.07,59.58,58.7
305140504_168375627_0,65.0,60.26,54.79,54.35
305140504_153561902_0,65.0,59.96,55.49,56.55
305600490_3704673912_0,60.0,66.06,60.7,63.9
305600493_29765455_0,60.0,66.87,61.78,62.65
305600493_305600490_0,60.0,65.6,61.1,58.75
305600493_3704674174_0,60.0,66.17,62.05,63.2
306255021_1552284287_0,60.0,63.56,56.55,59.8
306255021_717641279_0,55.0,64.26,60.19,60.78
306255023_1774020915_0,60.0,58.64,50.81,54.4
306255023_717641267_0,60.0,59.09,50.56,53.1
306255024_717641334_0,60.0,57.43,48.44,50.85
306255024_717641264_0,60.0,58.61,54.94,52.35
306259447_275700447_0,60.0,65.55,60.82,60.9
306259447_306259448_0,60.0,62.59,59.27,59.6
306259447_1806263067_0,60.0,65.26,60.41,59.85
306259448_306259451_0,60.0,60.97,49.14,53.05
306259448_1806263067_0,60.0,62.52,57.75,57.7
306259451_717641323_0,60.0,61.2,51.37,54.35
306259451_306259448_0,60.0,60.95,49.14,53.05
306259451_717641330_0,60.0,60.13,51.94,52.6
306366226_90224730_0,60.0,61.43,54.52,56.1
306367368_21293736_0,65.0,64.37,64.14,62.5
306367368_32046908_0,65.0,65.74,62.28,63.55
306370006_21555695_0,65.0,73.42,68.34,68.1
306370313_495985872_0,60.0,64.3,60.14,59.6
306370313_1427961607_0,65.0,66.53,61.26,62.6
306370672_2533487043_0,65.0,69.25,61.76,61.45
306374065_306374067_0,65.0,64.71,60.63,56.92
306374069_232825360_0,65.0,68.12,57.65,62.6
306374078_258053230_0,60.0,65.1,56.63,56.12
306376314_258075794_0,65.0,65.78,61.88,61.55
306376315_306376314_0,65.0,65.58,61.17,63.15
306376315_29089551_0,65.0,65.85,65.78,62.6
306377052_309612144_0,65.0,72.92,67.59,68.15
306377052_481390613_0,65.0,73.33,62.4,61.5
306377053_306377052_0,65.0,74.67,67.66,68.05
306377053_31013267_0,65.0,75.94,72.64,68.9
306377053_9470916476_0,65.0,71.76,72.38,67.0
306412907_2477412422_0,60.0,63.79,56.95,56.75
306412907_306412911_0,60.0,63.73,54.17,56.8
306412908_306412915_0,60.0,65.19,56.06,57.18
306412910_306412908_0,60.0,64.8,57.13,56.52
306412910_2477412423_0,60.0,64.58,56.38,56.68
306412911_262699078_0,60.0,63.82,57.35,57.1
306412912_306412910_0,60.0,65.97,58.5,58.05
306412912_306412915_0,65.0,67.59,57.88,59.85
306412915_1523280100_0,65.0,67.74,58.39,59.6
306412917_306412912_0,65.0,69.05,56.41,60.6
306412917_2548720670_0,65.0,72.45,63.06,61.9
306412918_250327683_0,65.0,69.82,63.05,62.05
306412918_250327227_0,65.0,65.56,58.17,57.45
306412918_10246476473_0,65.0,66.65,59.43,58.6
306412920_1760433254_0,65.0,71.76,64.1,63.65
306415032_102230157_0,60.0,62.39,56.21,56.9
306417591_257355992_0,65.0,63.66,65.05,59.9
306417591_1850143062_0,65.0,64.88,64.8,61.0
306417616_309902907_0,60.0,62.15,56.34,58.05
306417616_257355994_0,60.0,62.84,58.61,58.55
306417617_306417618_0,60.0,62.55,55.52,58.6
306417617_2700266008_0,60.0,62.06,56.0,58.5
306417618_255322431_0,60.0,62.09,52.96,58.9
306418315_306418316_0,60.0,61.5,54.24,55.95
306418315_2210023403_0,60.0,61.66,55.52,56.55
306418315_266321972_0,60.0,61.8,59.29,58.5
306418316_306418320_0,60.0,61.76,56.32,56.65
306418316_255321456_0,60.0,61.31,52.19,55.7
306418318_206145283_0,65.0,70.37,65.23,68.0
306418320_306418321_0,60.0,62.62,54.46,55.95
306418320_306418316_0,60.0,61.76,56.32,56.65
306418320_1943114087_0,60.0,64.5,61.18,60.85
306418321_2715186345_0,60.0,62.35,52.69,56.6
306418321_2210023406_0,60.0,61.63,55.23,57.35
306418323_255322431_0,60.0,62.2,56.24,58.75
306418323_1942968946_0,60.0,63.26,59.52,59.8
306419189_266321972_0,60.0,62.54,55.73,61.4
306419189_306418316_0,60.0,61.67,55.81,57.85
306419190_306418318_0,65.0,63.19,58.66,59.75
306419190_306419189_0,60.0,62.57,55.04,61.2
306419190_1943114085_0,60.0,62.15,57.01,59.25
306422868_21226955_0,65.0,62.91,65.65,61.9
306422868_255322753_0,65.0,64.73,64.86,60.9
306422872_268258939_0,65.0,63.57,61.71,63.35
306422872_797447129_0,65.0,64.65,60.93,60.75
306422873_35081021_0,65.0,65.92,59.8,61.1
306422874_306422873_0,60.0,62.67,55.83,62.45
306422874_10962015679_0,60.0,65.04,62.91,60.7
306424257_357251292_0,65.0,71.24,66.55,65.7
306424257_31013185_0,65.0,74.04,66.96,65.22
306424257_232855786_0,65.0,74.69,68.43,65.85
306425820_242937412_0,65.0,64.42,60.86,60.45
306425820_242937554_0,65.0,65.85,63.37,59.85
306425821_242939069_0,65.0,64.98,57.79,57.05
306425821_306425820_0,65.0,64.8,61.04,59.25
306425822_251565106_0,65.0,63.11,60.99,57.45
306425822_306425821_0,65.0,64.19,60.86,59.05
306425825_251568388_0,65.0,63.01,59.85,57.8
306425825_1931981424_0,65.0,63.98,63.14,59.3
306425826_306425827_0,65.0,64.06,61.73,59.9
306425826_306425825_0,65.0,64.03,60.12,59.3
306425827_1846898955_0,65.0,65.09,61.93,58.75
306425827_251568387_0,65.0,64.05,58.61,59.45
306426484_306426486_0,65.0,65.17,59.91,57.65
306426484_251563355_0,65.0,65.13,59.47,58.0
306426486_1935893986_0,65.0,64.88,61.58,62.0
306426486_251566979_0,65.0,65.27,60.11,61.4
306426489_306426486_0,65.0,64.73,55.67,59.0
306426489_245054067_0,60.0,64.87,61.07,60.65
306426491_1935893983_0,65.0,66.46,64.44,61.7
306426491_306426484_0,65.0,65.79,61.11,57.25
306426493_242937535_0,65.0,65.85,63.48,64.2
306426493_306426491_0,60.0,65.84,58.17,59.15
306426494_306426493_0,65.0,65.05,56.98,59.35
306426494_315279345_0,65.0,65.57,60.79,61.0
306426495_1521065895_0,60.0,65.33,60.33,59.2
306426495_306426489_0,60.0,64.51,54.75,56.7
306426497_251698295_0,65.0,66.07,59.1,59.75
306426499_1521065923_0,60.0,66.36,66.03,63.15
306426499_251564544_0,65.0,65.26,58.52,59.45
306426502_31013216_0,60.0,64.93,64.73,62.9
306426502_306426504_0,60.0,63.64,61.52,58.7
306426502_306426503_0,60.0,64.49,63.3,62.4
306426503_306427877_0,65.0,65.27,63.51,63.25
306426503_1938093365_0,65.0,63.63,62.75,58.4
306426503_306426502_0,60.0,64.49,63.3,62.4
306426504_1746151203_0,65.0,63.79,59.71,58.95
306426504_31013218_0,60.0,63.52,56.53,54.15
306426507_306426503_0,60.0,63.09,58.08,55.3
306426507_306426504_0,60.0,63.1,56.42,54.85
306427871_29765468_0,60.0,63.93,65.08,61.1
306427871_258001422_0,60.0,64.68,64.91,62.0
306427871_244301345_0,60.0,65.66,61.47,62.25
306427873_306427871_0,60.0,64.51,62.48,62.3
306427873_273096982_0,60.0,64.9,63.35,64.75
306427874_306427873_0,60.0,64.34,65.67,65.45
306427874_258174469_0,65.0,64.35,64.56,63.05
306427875_258001422_0,65.0,63.01,62.63,61.8
306427875_258003506_0,60.0,62.91,61.34,61.3
306427876_306427877_0,65.0,68.1,62.25,64.19
306427876_2783005267_0,65.0,67.19,60.61,62.69
306427876_1143719819_0,65.0,65.53,62.02,59.25
306427877_306426503_0,65.0,65.27,63.51,63.25
306427877_10094871930_0,65.0,66.48,61.73,60.05
306427877_306427876_0,65.0,68.1,62.25,64.19
306427878_251564543_0,65.0,66.9,63.49,63.15
306427878_253245479_0,60.0,66.03,60.63,59.15
306427879_251630030_0,60.0,65.02,59.1,61.95
306427879_2185661686_0,60.0,64.59,58.12,58.6
306427882_1584985783_0,60.0,69.44,62.65,67.25
306427882_306427883_0,65.0,68.96,60.74,61.8
306427883_496302858_0,65.0,64.17,61.57,60.35
306427883_21294859_0,65.0,70.95,69.29,68.7
306427883_306427882_0,65.0,68.96,60.74,61.8
306427884_258165525_0,65.0,63.54,62.74,59.2
306427884_257779594_0,65.0,63.64,60.18,60.85
306427885_206144165_0,65.0,66.25,65.91,61.8
306427885_306427886_0,65.0,65.26,55.68,60.25
306427886_251564409_0,65.0,65.44,59.66,60.05
306427886_251564397_0,65.0,65.17,60.36,60.65
306427889_251437449_0,65.0,65.77,63.18,60.45
306596758_560979000_0,65.0,78.3,56.59,58.25
306596758_306596909_0,65.0,78.55,56.93,58.15
306596909_249599275_0,65.0,73.33,60.07,55.95
306596909_306596758_0,65.0,78.55,56.93,58.15
306596909_2566246562_0,65.0,78.61,55.99,58.55
306997471_392097382_0,60.0,62.39,62.87,59.9
306997471_3785130137_0,65.0,66.38,62.93,60.15
306997471_262505959_0,65.0,68.1,59.35,60.4
306997474_1993758829_0,60.0,64.53,64.61,60.8
306997474_255895523_0,65.0,67.86,62.3,59.95
306997474_306997475_0,65.0,67.27,62.38,60.15
306997475_306997474_0,65.0,67.26,62.56,60.15
306997475_306997479_0,65.0,67.01,64.55,59.4
306997479_1477610076_0,65.0,69.93,61.75,60.65
306997479_2701579937_0,65.0,66.86,65.74,60.68
306997479_306997475_0,65.0,67.01,64.55,59.4
306997508_262508579_0,65.0,63.71,53.91,55.38
306997508_1477612435_0,65.0,64.16,59.74,57.37
306997510_306997530_0,65.0,63.46,55.51,57.65
306997510_262508432_0,60.0,63.27,60.77,59.05
306997518_262505431_0,65.0,63.94,54.91,60.55
306997518_1968224628_0,60.0,62.49,55.57,55.85
306997518_262505743_0,60.0,63.22,58.5,57.8
306997525_262505431_0,65.0,64.22,60.79,61.62
306997525_2779757673_0,65.0,64.11,60.97,59.65
306997530_306997510_0,65.0,63.46,55.51,57.65
306997530_1477617326_0,65.0,64.11,60.25,56.35
306997530_114310868_0,65.0,64.03,62.41,59.35
306997531_306997535_0,60.0,62.47,58.07,60.9
306997534_306997531_0,60.0,62.87,61.84,61.6
306997534_2779856412_0,60.0,64.1,59.11,58.8
306997535_1943160345_0,55.0,64.07,54.82,58.6
306997535_1236466560_0,55.0,62.79,62.6,61.2
307000136_1739142651_0,65.0,69.28,61.5,58.52
307132733_11492082395_0,60.0,57.53,53.28,54.4
307132733_343834877_0,60.0,57.18,53.76,51.55
307132755_274924758_0,60.0,56.25,59.04,53.25
307132755_311472220_0,60.0,60.2,57.26,57.92
307132759_258327397_0,60.0,62.63,53.21,55.62
307666788_1935856946_0,65.0,72.05,59.72,60.87
308238907_100945630_0,65.0,69.4,68.93,69.4
308238907_309617495_0,65.0,61.33,60.23,59.0
308238907_308238908_0,65.0,66.58,64.23,67.75
308238908_100944195_0,65.0,59.93,59.6,60.45
308238908_31370859_0,65.0,66.75,61.53,68.55
308238911_265656600_0,65.0,63.84,64.4,63.22
308238911_308238912_0,65.0,73.62,71.47,67.8
308238912_250228905_0,65.0,73.17,69.55,69.6
308238912_2688520688_0,65.0,71.84,66.4,68.05
308239172_257779592_0,65.0,62.77,55.56,59.4
308239172_2688421893_0,65.0,70.79,62.82,67.7
308239254_21294861_0,65.0,74.32,70.52,68.35
308239254_9591797136_0,65.0,75.73,72.15,69.15
308239254_257998808_0,65.0,75.41,69.66,67.65
308668118_21227036_0,65.0,65.78,57.54,58.8
308668118_21226563_0,65.0,65.4,54.26,57.8
308668491_2898725342_0,60.0,65.02,55.48,57.95
308668491_21226537_0,60.0,65.25,56.12,58.15
308668493_21226563_0,65.0,66.28,60.34,63.95
308668493_308668494_0,65.0,66.17,61.18,59.8
308668493_21226021_0,65.0,67.85,59.64,63.8
308668494_21226252_0,65.0,64.51,54.83,58.55
308668494_308668118_0,65.0,65.01,56.07,58.25
308670931_27560192_0,65.0,71.83,65.93,64.75
308670931_2889616524_0,65.0,72.47,69.11,65.75
308674317_312802567_0,65.0,61.19,64.34,61.8
308835843_21306397_0,65.0,68.04,60.56,64.6
308836020_308836022_0,65.0,65.81,58.57,55.4
308836020_8863706331_0,65.0,67.74,61.14,57.65
308836022_8863706331_0,65.0,64.88,59.16,55.8
308836022_308835843_0,65.0,65.33,56.82,61.25
308836023_21306401_0,65.0,69.47,65.79,65.35
308836023_25543581_0,65.0,71.05,69.1,67.12
308841202_1946779132_0,65.0,68.83,63.22,62.75
308843192_29765467_0,60.0,66.57,63.84,64.65
308843192_308843198_0,60.0,64.52,63.23,59.5
308843193_517350466_0,60.0,64.81,59.27,57.4
308843193_308843192_0,60.0,64.63,61.04,58.55
308843195_517350459_0,60.0,65.09,61.91,64.8
308843195_273097009_0,60.0,65.74,61.94,65.1
308843196_517350464_0,65.0,64.86,57.51,57.7
308843196_517358918_0,65.0,65.21,65.36,63.05
308843197_353193627_0,60.0,64.11,62.71,58.05
308843197_517350461_0,60.0,64.32,58.11,57.8
308843198_258168996_0,60.0,64.49,64.79,63.5
308843198_308843197_0,60.0,64.01,61.05,58.32
308843200_258096839_0,60.0,66.15,61.75,63.55
308843200_308843201_0,60.0,66.23,61.72,63.8
308843201_2610501095_0,65.0,66.91,61.7,62.65
308843201_3455769439_0,65.0,66.62,64.26,62.0
308843203_531595669_0,65.0,65.6,60.26,60.87
308843203_1839136728_0,65.0,66.23,57.54,61.07
308843203_260134330_0,65.0,67.44,61.51,62.1
308843203_234720687_0,65.0,67.95,61.86,62.0
308843282_25543872_0,60.0,64.36,57.76,56.85
308843282_250828633_0,60.0,64.62,55.57,54.5
308843283_308843282_0,60.0,63.73,57.43,56.8
308843283_25543649_0,55.0,63.83,56.93,57.05
308843283_471847459_0,60.0,64.84,58.81,60.8
308843359_1765639656_0,55.0,63.03,54.99,56.45
308843359_306417616_0,60.0,62.83,54.82,56.1
308843359_309902909_0,60.0,62.74,54.88,56.15
308930649_308930686_0,60.0,61.44,56.98,60.4
308930649_27551150_0,60.0,63.8,58.04,61.81
308930649_1110303955_0,60.0,64.21,60.01,62.08
308930686_308930689_0,60.0,62.34,50.63,55.93
308930686_2206872409_0,65.0,62.62,57.66,56.77
308930689_5162046348_0,60.0,62.39,60.7,60.05
308930689_6444457474_0,60.0,60.97,55.1,55.9
308930711_6444457474_0,55.0,60.37,50.09,52.98
308930711_1932059648_0,60.0,61.03,55.75,54.45
308930711_308930950_0,55.0,60.61,52.25,52.7
308930711_2206869702_0,55.0,61.19,53.89,56.25
308930935_1838905863_0,65.0,63.48,57.91,57.4
308930935_308930964_0,60.0,61.52,58.99,57.9
308930935_12891852611_0,65.0,63.18,59.62,60.78
308930938_1932059648_0,60.0,60.4,47.96,54.15
308930938_308930964_0,60.0,60.83,50.2,54.35
308930949_308930953_0,60.0,60.79,54.13,54.6
308930949_2206869702_0,55.0,60.31,51.51,54.5
308930950_2006288253_0,55.0,60.51,50.19,54.05
308930950_308930711_0,55.0,60.62,52.25,52.7
308930953_308930950_0,55.0,60.58,54.15,54.55
308930964_308930935_0,60.0,61.52,58.99,57.9
308930964_308930938_0,60.0,60.83,50.38,54.35
308930965_319212991_0,60.0,60.66,55.87,54.35
308931178_269520231_0,65.0,60.84,62.22,62.75
308931179_308931178_0,65.0,60.5,56.17,57.43
308931179_269518202_0,65.0,62.26,59.2,61.22
308931180_308931179_0,65.0,60.26,57.46,58.08
308931181_308931180_0,65.0,59.7,62.24,62.35
308931181_269518198_0,65.0,60.05,65.67,61.55
308931182_269520231_0,60.0,61.04,61.7,57.7
308931183_136778894_0,65.0,61.72,56.39,58.05
308931184_269518101_0,60.0,62.36,63.74,62.9
308931184_308931183_0,60.0,61.66,61.09,58.75
308931185_10154909323_0,65.0,61.22,56.69,57.58
308931185_280500728_0,70.0,60.45,57.92,55.55
308931186_268760449_0,65.0,62.0,58.99,55.65
308993950_308993953_0,65.0,65.6,57.9,57.5
308993953_31823037_0,60.0,66.08,59.84,59.85
308993953_308993950_0,65.0,65.6,57.9,57.5
309006088_250291806_0,65.0,72.39,63.61,62.3
309006088_266973911_0,65.0,70.04,65.83,62.65
309006089_135876384_0,65.0,69.74,64.82,63.35
309006089_309006088_0,65.0,70.86,66.81,61.3
309006090_135876369_0,65.0,69.4,61.68,61.85
309006092_309006089_0,65.0,72.38,63.53,61.9
309006092_96886739_0,65.0,69.33,62.82,61.05
309006095_21458298_0,65.0,74.04,62.83,62.6
309006096_21294872_0,65.0,69.67,63.17,62.95
309006096_309006095_0,65.0,74.58,62.55,62.6
309006098_247056174_0,60.0,64.69,62.29,63.3
309006098_244208131_0,65.0,65.31,63.73,63.58
309006098_2301760117_0,65.0,68.06,63.75,62.3
309006098_246815936_0,65.0,67.25,62.64,64.55
309007001_4270800872_0,60.0,63.35,57.88,60.68
309007001_250747968_0,65.0,64.23,58.26,60.88
309007001_250291810_0,65.0,64.45,62.56,63.6
309007001_96882681_0,65.0,64.87,59.84,62.18
309007002_332975837_0,60.0,62.05,62.04,63.25
309007002_2947268070_0,65.0,62.62,60.57,62.12
309007305_269704553_0,65.0,72.66,65.52,61.8
309007305_1329868267_0,65.0,72.03,66.53,62.45
309010350_1474073395_0,65.0,64.63,68.57,65.6
309010350_1474072923_0,65.0,71.02,66.29,66.8
309010352_295543326_0,65.0,69.55,65.58,63.0
309010352_78439701_0,65.0,69.82,66.07,63.65
309012686_1329868273_0,65.0,64.26,60.64,62.4
309012686_5475987973_0,65.0,64.88,56.19,61.45
309012686_309012791_0,65.0,64.69,67.6,61.02
309012791_90641056_0,65.0,66.95,65.63,61.28
309012791_309007305_0,65.0,69.21,64.02,62.9
309013543_250169284_0,65.0,67.92,61.96,62.55
309013543_246815072_0,65.0,67.81,61.95,63.35
309013544_246815072_0,65.0,68.43,63.02,63.05
309013544_250169284_0,65.0,67.82,64.08,63.2
309013545_247058211_0,65.0,62.28,57.6,59.1
309013545_478823696_0,65.0,62.28,55.69,57.75
309097366_309097368_0,65.0,59.9,54.65,59.05
309097366_309097370_0,65.0,60.92,55.71,59.15
309097366_734059147_0,65.0,63.23,61.16,59.5
309097368_309097371_0,60.0,59.09,55.85,55.3
309097368_253310368_0,65.0,58.14,54.96,55.15
309097370_309097366_0,65.0,60.92,55.71,59.15
309097370_309097372_0,65.0,59.57,58.22,55.95
309097370_309097371_0,65.0,59.5,58.22,55.7
309097370_309100924_0,65.0,59.48,56.17,58.95
309097371_331073433_0,60.0,57.83,56.67,54.85
309097371_253647555_0,65.0,57.88,56.52,55.65
309097371_309097370_0,65.0,59.5,58.22,55.7
309097372_309097370_0,65.0,59.57,58.22,55.95
309097372_309097366_0,65.0,59.04,54.95,57.2
309097372_309100916_0,60.0,57.97,58.86,55.85
309100912_130852590_0,55.0,58.45,52.57,51.95
309100912_250162844_0,60.0,58.37,52.61,54.2
309100916_130852590_0,60.0,57.52,50.28,52.55
309100916_309097372_0,60.0,57.97,58.86,55.85
309100916_250162842_0,55.0,56.95,49.46,50.85
309100916_309100918_0,60.0,56.35,51.04,52.9
309100918_309100920_0,60.0,56.31,50.77,51.55
309100918_309100916_0,60.0,56.35,51.04,52.9
309100920_253310556_0,60.0,56.17,53.87,53.3
309100920_309100918_0,60.0,56.31,50.77,51.55
309100922_309100924_0,65.0,59.76,56.38,56.05
309100922_309097372_0,65.0,57.44,57.65,55.95
309100924_309100929_0,65.0,60.99,58.09,58.3
309100924_253647555_0,65.0,59.83,58.74,56.45
309100924_309097370_0,65.0,59.48,56.17,58.95
309100927_309100922_0,65.0,59.3,58.71,55.2
309100927_2690373439_0,60.0,58.44,59.82,55.55
309100929_309100924_0,65.0,60.99,58.09,58.3
309100929_309100927_0,65.0,59.98,59.86,56.65
309100929_309103729_0,65.0,60.81,56.55,59.82
309102859_251309427_0,65.0,55.54,50.19,49.65
309103729_309100929_0,65.0,60.81,56.55,59.82
309103729_10289135710_0,65.0,61.54,56.88,61.54
309103729_243671596_0,65.0,65.55,60.69,63.32
309103729_281758034_0,65.0,65.56,60.56,62.98
309106533_251163620_0,65.0,61.93,64.88,63.9
309106533_250161165_0,65.0,64.54,57.74,62.81
309106534_560857478_0,65.0,62.63,61.28,62.65
309106534_310585651_0,65.0,60.51,62.71,63.2
309106534_249779374_0,60.0,58.41,62.53,62.6
309106535_243715819_0,60.0,58.9,54.91,54.45
309106535_246098156_0,60.0,59.22,55.23,57.65
309107701_254893938_0,60.0,58.17,54.4,55.05
309107701_6401941995_0,60.0,57.64,49.11,52.0
309108921_253767851_0,60.0,59.27,56.13,56.92
309108921_254608718_0,60.0,58.9,58.55,56.15
309109191_309109195_0,60.0,56.49,44.97,49.6
309109191_281434769_0,60.0,56.09,46.38,49.35
309109191_281434772_0,60.0,56.88,45.33,50.55
309109191_281434773_0,60.0,55.99,47.11,49.4
309109195_281434775_0,60.0,56.69,46.49,50.6
309109195_309109191_0,60.0,56.49,44.97,49.6
309109195_281434776_0,60.0,57.47,49.88,51.85
309109195_281434774_0,60.0,57.36,50.17,52.1
309382837_264634952_0,65.0,56.73,64.98,62.35
309386006_251745086_0,65.0,57.32,56.27,58.5
309386006_264635230_0,65.0,55.69,53.89,52.2
309612144_96891745_0,65.0,75.33,68.72,70.0
309612144_1746151215_0,65.0,72.35,66.85,67.45
309617493_100946647_0,65.0,60.25,58.78,58.8
309617493_575946007_0,65.0,59.97,58.48,58.35
309617495_100944197_0,65.0,61.07,60.25,59.6
309617495_309617493_0,65.0,60.82,58.7,59.65
309621132_21294864_0,65.0,71.85,66.26,68.05
309621134_5475987973_0,65.0,66.11,64.2,64.4
309621134_1474109716_0,65.0,74.04,65.26,70.5
309624083_206144168_0,65.0,70.23,61.51,63.55
309624083_2915807149_0,65.0,67.9,60.39,63.72
309624083_251566398_0,65.0,66.19,60.08,60.75
309625445_966264613_0,65.0,65.95,57.98,59.05
309625445_269354354_0,65.0,67.0,60.5,59.4
309625445_2909122755_0,65.0,66.77,59.12,61.1
309628875_480683104_0,65.0,70.43,61.22,62.5
309628875_90223762_0,65.0,68.23,64.77,62.75
309652930_309652934_0,60.0,61.46,55.77,55.4
309652930_309652933_0,60.0,61.91,52.89,55.8
309652933_1941134542_0,60.0,62.87,57.05,59.1
309652934_309652930_0,60.0,61.46,55.77,55.4
309658922_90641066_0,65.0,65.67,60.15,59.15
309658925_359599383_0,65.0,66.28,59.54,57.4
309658925_78462265_0,60.0,68.22,60.79,63.25
309663774_8194481710_0,65.0,65.11,56.89,58.9
309664744_787822264_0,65.0,67.43,63.76,60.45
309664744_1606347252_0,60.0,66.68,63.44,57.65
309666490_232851084_0,65.0,70.42,59.08,65.15
309670937_2542782609_0,65.0,66.62,61.78,62.6
309670937_280981862_0,65.0,66.06,64.36,61.8
309670940_1938093374_0,65.0,70.6,66.31,64.35
309670940_1938093378_0,65.0,73.22,67.43,64.1
309671251_205735070_0,65.0,74.35,65.34,69.1
309671251_2801342031_0,65.0,71.22,63.43,67.4
309671252_309671251_0,65.0,71.96,65.4,66.5
309671252_1483647382_0,60.0,73.66,65.67,69.2
309672308_309672310_0,65.0,60.52,56.59,59.85
309672308_250228905_0,65.0,62.98,58.99,61.52
309672310_315283514_0,65.0,63.85,62.79,62.2
309788550_10002561591_0,65.0,66.98,61.03,59.8
309788550_29749496_0,65.0,68.02,62.0,62.1
309902905_309902907_0,60.0,62.36,57.64,57.7
309902905_257355994_0,60.0,63.01,56.85,58.95
309902907_309902909_0,60.0,62.36,54.79,57.9
309902907_2210023405_0,60.0,62.06,55.19,57.85
309902909_255322394_0,60.0,62.28,55.83,57.95
309902909_308843359_0,60.0,62.74,54.88,56.15
309902911_309902905_0,60.0,62.85,54.59,56.45
309902911_2411481276_0,60.0,62.63,55.06,57.65
309902915_2917006145_0,60.0,61.95,54.39,57.25
309902915_2480553441_0,65.0,63.17,56.06,57.75
309902915_266322015_0,60.0,63.15,54.33,58.25
309918751_309918990_0,60.0,65.48,53.09,56.15
309918944_309918989_0,60.0,66.81,54.59,56.2
309918944_252612015_0,60.0,65.79,53.78,56.58
309918987_10753845388_0,60.0,65.8,55.72,56.35
309918988_309918987_0,60.0,66.28,53.79,56.05
309918989_309918988_0,60.0,66.49,56.05,56.35
309918990_309918989_0,60.0,66.53,55.76,56.6
309918990_309918944_0,60.0,66.57,55.72,56.55
309918993_13386502681_0,60.0,66.42,54.81,56.15
309918993_2196328996_0,55.0,65.56,54.79,56.25
310049075_309918993_0,60.0,64.95,56.4,56.25
310049075_2608079187_0,55.0,64.82,55.71,55.6
310049477_310050240_0,55.0,64.42,53.38,55.05
310050240_1483947138_0,55.0,64.3,50.44,54.6
310050240_2608079187_0,55.0,64.91,53.02,55.0
310050240_310049477_0,55.0,64.42,53.38,55.05
310051293_310051294_0,55.0,66.53,56.37,57.05
310051293_1496405744_0,55.0,67.9,57.64,57.6
310051293_1496405680_0,55.0,66.59,57.73,57.55
310051294_2608079187_0,55.0,65.06,50.58,55.7
310051294_1496405744_0,55.0,67.18,53.9,57.95
310053980_310055777_0,60.0,66.44,56.55,57.1
310053980_310054677_0,65.0,66.09,57.03,57.25
310054578_310054507_0,65.0,68.32,58.32,59.4
310054578_1496405518_0,65.0,70.08,64.73,60.2
310054677_2705339270_0,65.0,66.41,55.43,56.9
310054677_310053980_0,65.0,66.08,57.03,57.25
310055777_310053980_0,60.0,66.44,56.55,57.1
310055777_1496405680_0,60.0,66.58,58.83,58.05
310055777_1496405567_0,60.0,66.4,56.12,57.3
310056623_310056633_1,60.0,67.9,58.19,57.3
310056633_3780459559_0,65.0,68.65,58.3,62.55
310059149_310064597_0,60.0,65.2,57.74,59.55
310059149_2705618303_0,60.0,66.06,60.78,56.95
310063796_2705720070_0,65.0,64.99,63.95,59.15
310063805_310063825_0,65.0,68.2,59.69,56.0
310063825_1249833417_0,65.0,68.86,63.12,58.25
310064597_310059149_0,60.0,65.2,57.74,59.55
310065305_2514802427_0,65.0,64.69,59.83,60.2
310243943_310243992_0,65.0,72.86,64.43,57.4
310243943_1263482014_0,65.0,73.44,64.01,58.2
310243948_12442008498_0,65.0,73.43,67.07,61.4
310243948_321424049_0,65.0,72.13,60.27,58.8
310243965_310243943_0,65.0,73.28,64.4,57.4
310243992_310244038_0,65.0,72.15,64.92,57.45
310243992_1263482014_0,65.0,72.94,62.67,57.65
310244038_310243992_0,65.0,72.15,64.92,57.45
310277493_1481285004_0,65.0,75.88,67.05,64.95
310281102_252204576_0,65.0,55.27,51.79,51.2
310281102_78423118_0,65.0,54.96,50.72,53.65
310281103_252205696_0,65.0,56.03,55.84,57.85
310283740_252206197_0,65.0,55.14,53.86,55.58
310283740_252208362_0,60.0,54.15,56.22,55.28
310575740_1324198580_0,65.0,61.29,60.86,61.95
310575740_289646176_0,65.0,62.11,63.37,63.95
310575740_246096297_0,65.0,64.7,64.12,65.15
310575744_88058735_0,60.0,60.7,58.64,58.35
310575744_87810241_0,60.0,62.2,65.14,62.95
310575747_92164137_0,65.0,63.01,59.76,64.7
310585651_251164334_0,65.0,58.84,61.35,57.55
310585651_249779447_0,65.0,60.85,62.58,58.1
311469826_734058545_0,65.0,64.05,60.17,60.15
311469826_311469828_0,65.0,63.85,60.9,60.65
311469828_311469840_0,65.0,64.74,60.65,62.2
311469834_311469835_0,65.0,63.7,59.75,60.9
311469835_251309423_0,65.0,60.73,60.57,60.65
311469835_5440433373_0,65.0,63.88,60.37,60.7
311469840_734058547_0,65.0,65.68,60.46,61.4
311469840_311469834_0,65.0,63.7,60.32,61.1
311471746_311471747_0,65.0,62.53,56.15,60.9
311471746_1753249684_0,65.0,67.32,55.84,61.76
311471747_311471746_0,65.0,62.53,56.15,60.9
311471747_253753550_0,65.0,65.1,53.67,60.65
311471747_253752364_0,65.0,62.73,57.61,61.3
311472220_254073139_0,60.0,57.13,62.55,56.25
311472221_915679270_0,60.0,60.17,58.05,57.45
311473968_311473971_0,55.0,55.38,52.02,54.35
311473971_5161838643_0,55.0,56.25,51.69,55.0
311744234_560985548_0,65.0,69.76,61.76,63.45
311744234_442372744_0,60.0,68.67,57.36,60.75
311744234_1043741342_0,65.0,68.12,61.14,60.45
311819226_2784818613_0,65.0,72.01,61.64,59.95
311819226_21225855_0,65.0,74.91,60.47,61.55
311819228_21226215_0,65.0,71.89,63.34,64.6
311820332_21226668_0,65.0,75.87,62.6,63.1
311820392_3354703727_0,65.0,69.22,51.4,55.9
311820392_30047445_0,65.0,70.08,54.32,56.3
311821152_257679426_0,60.0,71.55,57.95,59.1
311821152_257679438_0,55.0,72.35,60.45,58.85
311821153_21225800_0,60.0,76.03,59.94,59.6
311821258_280227749_0,65.0,73.29,62.91,63.85
311821258_1280223183_0,65.0,78.33,61.47,66.4
312792175_2696621718_0,65.0,81.72,59.7,61.2
312792175_282530614_0,65.0,78.77,56.35,56.5
312793567_249455886_0,70.0,69.01,62.12,58.6
312793567_2876619988_0,70.0,72.2,60.39,60.32
312793567_249455888_0,70.0,69.08,57.48,59.3
312802567_267484021_0,65.0,64.38,62.91,63.35
313086605_313086621_0,60.0,67.12,55.15,57.02
313086621_1489802393_0,60.0,67.21,56.44,57.27
313086621_1489802442_0,65.0,66.86,54.34,56.45
313322379_1488759405_0,60.0,78.8,59.27,62.1
313322380_257678748_0,65.0,78.59,58.35,56.65
313367131_313367641_0,65.0,73.22,61.35,59.0
313367131_262372896_0,65.0,72.7,61.93,59.55
313367131_315249559_0,65.0,73.85,56.03,58.9
313367639_313367641_0,65.0,73.79,57.59,58.85
313367639_315249559_0,65.0,74.24,58.11,56.0
313367641_313367131_0,65.0,73.22,61.35,59.0
313367641_258326075_0,65.0,75.46,62.61,65.55
313367643_262372688_0,65.0,73.9,55.39,57.05
313367643_262372585_0,65.0,71.54,60.16,57.05
313367792_262372586_0,60.0,70.71,57.03,60.25
313367792_13798292198_0,65.0,78.48,63.77,68.7
313367794_262372586_0,60.0,70.67,59.04,62.4
313367794_21226588_0,65.0,70.53,59.41,58.35
313367794_262372581_0,60.0,72.0,58.99,57.25
313482027_2696621732_0,60.0,78.95,55.61,56.45
313482027_3376406043_0,60.0,73.34,58.83,55.35
313482027_2566234779_0,60.0,78.75,60.4,60.5
314432522_314432643_0,65.0,66.23,60.19,60.15
314432641_475948960_0,65.0,70.29,59.76,64.4
314432641_314432643_0,65.0,65.29,62.17,63.05
314432643_314432522_0,65.0,66.23,60.19,60.15
314432643_314432641_0,65.0,65.32,62.17,63.0
314432643_314432646_0,65.0,64.87,57.21,58.55
314432646_314432643_0,65.0,64.87,57.21,58.55
314610261_90612285_0,65.0,70.06,65.07,62.55
314610261_314610268_0,65.0,66.37,62.27,61.92
314610268_90612285_0,65.0,68.85,60.96,63.9
314610268_232839154_0,65.0,69.82,58.68,58.95
314610268_3660335531_0,65.0,66.92,58.2,56.6
315249559_262372793_0,65.0,74.78,57.13,56.55
315275969_206144166_0,65.0,71.17,58.2,61.29
315275969_1602512866_0,65.0,67.68,61.54,62.5
315275969_315276162_0,65.0,70.96,61.74,60.15
315276162_9151230598_0,65.0,67.57,63.12,62.4
315276162_315276170_0,65.0,70.33,62.09,62.45
315276170_206144164_0,65.0,69.37,62.54,61.75
315276170_31012773_0,65.0,69.65,63.54,64.75
315278871_250154660_0,65.0,61.56,54.71,55.55
315278871_267772614_0,65.0,61.53,55.77,55.05
315279345_315279347_0,65.0,65.8,60.78,60.1
315279345_1521065947_0,65.0,66.14,58.96,61.42
315279347_306426495_0,60.0,65.15,59.67,59.0
315279347_245054067_0,65.0,64.22,59.55,62.05
315280002_3896509618_0,60.0,61.47,55.7,58.05
315280002_1941134546_0,60.0,61.34,55.84,59.85
315283510_250228351_0,65.0,60.62,57.1,58.5
315283510_315283511_0,65.0,63.87,59.99,59.35
315283511_315283513_0,60.0,64.47,60.26,62.7
315283513_315283514_0,65.0,66.17,58.39,62.35
315283513_1941134546_0,65.0,60.91,57.8,60.0
315283514_2550284520_0,65.0,64.03,62.32,59.7
315283514_2530497081_0,65.0,60.76,57.78,59.1
315285584_2603564171_0,65.0,59.33,59.63,60.75
315285584_8043052317_0,65.0,66.18,63.48,67.25
315285587_8043052317_0,65.0,58.78,58.39,61.1
315285596_8043052294_0,65.0,57.62,52.99,58.5
315285596_315285597_0,65.0,59.32,59.19,61.2
315285597_8043052304_0,65.0,58.88,57.62,60.85
315285924_250227860_0,65.0,65.39,66.14,68.05
315285928_280081534_0,65.0,63.09,57.74,61.5
315286032_8043052293_0,65.0,57.45,55.68,57.8
316068659_21389410_0,65.0,70.14,57.77,59.55
319212990_319212991_0,55.0,61.31,52.57,55.5
319212990_1932059634_0,55.0,60.44,49.18,53.2
319212990_1932059653_0,55.0,60.52,53.43,54.8
319212991_308930964_0,60.0,61.0,56.73,54.85
319212991_319212990_0,55.0,61.31,52.57,55.5
319212991_308930965_0,60.0,60.66,55.87,54.35
319212991_12891852611_0,60.0,61.82,60.18,57.25
319320707_301981835_0,60.0,64.39,53.6,53.7
320078005_21226218_0,60.0,66.55,61.95,61.0
320078005_53763229_0,65.0,67.37,58.91,58.35
320078006_683296394_0,65.0,66.31,59.03,57.9
320363900_206145281_0,65.0,64.65,59.67,62.35
320363900_440392977_0,65.0,70.76,64.79,67.8
320364510_441058568_0,65.0,63.44,58.51,61.35
320364510_320363900_0,65.0,69.29,57.71,62.0
320528857_95750584_0,70.0,59.25,59.13,58.15
320540316_2704119962_0,70.0,62.67,54.63,57.77
320999864_2713743844_0,65.0,73.4,58.83,59.82
320999864_245557055_0,65.0,70.91,61.6,59.3
321424049_1793551227_0,65.0,71.82,61.84,58.95
321990635_2533468123_0,60.0,61.25,55.3,57.5
321990635_241019672_0,60.0,61.43,53.48,58.85
322559502_2162688072_0,65.0,58.03,62.3,58.8
322559516_322559519_0,65.0,60.11,51.75,57.55
322559516_1439258382_0,65.0,62.25,54.99,60.55
322559519_322559522_0,65.0,63.09,52.18,59.85
322559522_322559525_0,65.0,59.85,51.14,57.65
322559522_171373767_0,65.0,58.11,61.41,57.55
322559525_322559516_0,65.0,63.17,51.67,59.25
322559525_11007113935_0,65.0,58.59,55.41,58.45
322561790_339921132_0,65.0,64.91,53.46,57.64
322562802_2575850329_0,60.0,63.23,57.74,58.61
322569986_339918693_0,65.0,65.46,55.94,60.83
322569990_338857505_0,65.0,68.4,73.54,69.9
322752963_1277834187_0,55.0,56.29,50.14,53.45
322752963_274924852_0,60.0,56.15,51.33,53.2
329442249_269758329_0,60.0,74.45,60.75,60.25
329442249_282451675_0,60.0,70.93,61.68,60.15
330117074_21310652_0,65.0,69.68,60.65,57.2
330117076_245557055_0,65.0,67.68,56.41,58.75
330441370_2280236251_0,65.0,80.64,74.35,69.85
330441777_25543665_0,65.0,70.2,61.01,61.35
330441777_439190839_0,65.0,68.25,56.07,59.2
330463191_330463193_0,70.0,62.91,62.18,55.6
330463193_330463191_0,70.0,62.91,62.18,55.6
330463193_330463205_0,65.0,62.41,65.75,56.4
330463205_330463193_0,65.0,62.41,65.75,56.4
330463205_330463208_0,65.0,64.13,66.37,56.55
330463208_338839149_0,65.0,64.66,73.49,62.2
330651090_330441777_0,65.0,70.52,60.78,61.55
330651090_25543665_0,65.0,73.41,63.38,62.05
330722596_250989681_0,65.0,66.82,65.17,67.75
330722598_330722596_0,65.0,60.87,59.19,59.22
330722598_250989681_0,65.0,64.15,63.77,64.37
330910550_1277834696_0,60.0,57.57,55.16,52.4
330910550_265956042_0,65.0,57.63,51.2,53.2
330910550_1277834641_0,60.0,57.92,55.26,53.55
330910552_915679217_0,60.0,55.89,50.01,52.7
330910552_330910555_0,60.0,55.94,52.31,54.05
330910552_442289686_0,55.0,55.69,51.17,53.55
330910555_915679309_0,60.0,56.54,52.28,53.55
331073433_309097371_0,60.0,57.83,56.67,54.85
331073433_253309971_0,60.0,56.25,51.49,53.0
331073433_253310368_0,60.0,56.35,50.76,52.85
331073433_253310075_0,60.0,56.02,52.92,53.3
331082759_29089554_0,65.0,66.44,60.6,63.05
331082759_331082761_0,65.0,65.88,61.35,60.1
331082761_331085625_0,60.0,65.43,61.37,60.3
331082761_29089555_0,65.0,65.29,60.09,59.55
331085622_29089555_0,60.0,64.92,58.05,58.65
331085622_331085625_0,60.0,65.69,61.54,58.95
331085625_306427878_0,60.0,66.11,59.51,60.2
331085625_472747956_0,60.0,65.94,59.1,59.05
331085627_253243381_0,60.0,66.65,59.15,60.35
331085627_253243382_0,60.0,66.13,57.05,60.2
332588112_264640359_0,65.0,56.47,54.59,55.3
332588112_5166288820_0,65.0,58.42,54.52,59.2
332588112_1092390964_0,60.0,57.01,56.1,56.05
332648824_335611400_0,65.0,80.92,63.87,60.91
332648824_282455192_0,65.0,75.34,61.62,59.7
332663800_370497727_0,65.0,79.69,58.8,57.75
332663800_270254179_0,65.0,78.39,58.46,57.75
332973346_1483501128_0,65.0,79.52,59.77,64.75
332973346_31011300_0,65.0,81.73,63.12,66.55
332975837_4270800872_0,60.0,62.51,58.57,58.7
332975837_250748495_0,65.0,62.89,63.99,63.75
333757729_270254966_0,65.0,66.96,56.68,56.2
334396350_31334620_0,65.0,69.35,63.84,66.5
334396572_3387844999_0,65.0,69.65,65.21,62.55
334396572_10967412794_0,65.0,68.89,65.69,65.75
334396630_334396572_0,65.0,69.09,58.85,63.3
334398003_1944100728_0,65.0,74.48,63.11,62.0
334398003_3780509463_0,65.0,67.75,60.9,58.65
334398003_3780507112_0,65.0,72.21,60.72,60.95
334502089_337940467_0,60.0,70.86,56.33,59.25
334502089_251622058_0,60.0,70.37,60.61,60.0
334511634_31011270_0,60.0,63.3,51.59,52.25
334511634_9833629854_0,65.0,63.42,53.73,52.3
334512947_582868440_0,65.0,67.48,60.16,59.95
334512955_334512956_0,65.0,66.51,49.29,55.8
334512956_334512973_0,65.0,66.19,50.93,58.8
334512961_334512962_0,65.0,65.6,51.3,56.98
334512962_2720034066_0,65.0,64.0,59.83,58.8
334512969_2720034055_0,65.0,63.79,60.79,58.85
334512973_249390532_0,65.0,70.01,50.86,61.25
334512973_3788079284_0,65.0,70.24,52.74,62.86
334519175_9962725424_0,60.0,62.63,54.55,50.65
334525515_268405023_0,65.0,64.89,60.01,59.75
334525515_268405006_0,65.0,68.48,62.61,61.3
334534662_2770632684_0,65.0,68.18,65.63,61.9
334535461_279123952_0,65.0,63.13,62.28,62.0
334535461_279123951_0,65.0,66.67,62.02,60.55
334551632_334551641_0,70.0,68.92,59.92,57.6
334551641_387679354_0,70.0,69.66,61.21,57.5
334551641_3488519853_0,70.0,69.18,58.75,55.9
335593071_268403387_0,60.0,63.99,54.58,52.6
335593072_262385115_0,60.0,67.01,55.78,57.35
335593072_1184628587_0,60.0,67.49,58.52,57.25
335593073_1184628609_0,60.0,67.36,58.05,57.25
335604897_9962725545_0,65.0,64.42,60.35,54.55
335611400_335611563_0,65.0,82.09,64.32,60.31
335611400_1483494202_0,65.0,75.76,57.2,59.7
335611563_335611564_0,65.0,78.3,54.71,61.1
335611563_262373017_0,65.0,80.53,64.54,60.21
335611564_335611725_0,65.0,78.77,60.71,64.45
335611725_332973346_0,65.0,79.91,62.72,64.5
335611725_1483501133_0,65.0,79.75,58.61,66.55
335611729_1483501145_0,65.0,78.62,61.13,65.3
335695203_269757937_0,65.0,66.94,52.47,53.85
335695203_262395848_0,65.0,69.93,59.5,57.0
335695203_262385094_0,65.0,69.5,54.15,58.2
335770821_3373790851_0,60.0,62.22,48.68,52.1
335770821_2754952312_0,60.0,62.07,53.41,53.3
335770821_259599288_0,60.0,63.26,56.73,56.95
335770822_249455204_0,55.0,65.4,60.3,57.6
335770822_27552229_0,55.0,66.36,57.67,58.63
335770822_249455213_0,55.0,66.17,55.68,56.3
335770822_2613211236_0,60.0,65.32,55.54,59.13
335774384_942642268_0,60.0,67.8,56.49,60.2
335774392_335774399_0,60.0,67.53,58.68,60.3
335774399_2383983406_0,60.0,67.42,58.45,60.5
335774399_335774384_0,60.0,67.42,59.37,59.6
336126936_336126967_0,65.0,67.97,64.56,62.1
336126956_344318993_0,65.0,66.19,58.99,62.4
336126962_10316677167_0,65.0,67.35,61.61,56.62
336126967_31011251_0,65.0,67.66,60.07,57.62
336134278_279131726_0,60.0,60.88,60.47,55.2
336136075_12088355865_0,65.0,63.84,62.34,58.26
336136075_262978289_0,65.0,64.68,60.65,63.95
337940467_334502089_0,60.0,70.86,56.33,59.25
337940467_914427333_0,65.0,72.55,62.4,61.2
338806022_338806024_0,60.0,67.49,60.99,56.55
338806022_270255247_0,65.0,66.97,50.0,53.85
338806024_21458594_0,65.0,68.04,59.26,56.3
338839144_2725054151_0,65.0,66.18,61.29,60.05
338839144_1956754701_0,65.0,63.97,68.73,65.55
338839149_1956759867_0,65.0,64.91,69.31,62.9
338839661_330463205_0,65.0,62.71,69.44,59.65
338845133_338845162_0,65.0,70.87,71.16,70.3
339025546_251885817_0,65.0,65.95,56.28,59.22
339025546_25543515_0,65.0,67.58,60.78,59.83
339239182_9413455586_0,65.0,72.92,63.46,63.5
339239199_31331832_0,65.0,74.45,59.39,62.4
339239199_339239205_0,65.0,75.66,64.72,62.62
339239205_1027355201_0,65.0,72.2,62.31,61.95
339239205_9413455586_0,65.0,74.05,62.6,63.2
339239220_339239182_0,65.0,70.13,62.36,60.8
339239220_3446392291_0,65.0,70.98,56.96,59.05
339243151_275696373_0,65.0,66.79,61.37,58.15
339444986_339444990_0,65.0,69.35,63.94,62.85
339444990_21226012_0,65.0,68.05,65.86,63.3
339444990_21226486_0,65.0,68.93,63.75,62.75
339444990_2902864071_0,65.0,68.89,64.19,63.3
339918693_339921153_0,65.0,64.93,59.41,57.83
339921114_253753552_0,65.0,64.38,61.97,62.8
339921132_2068469439_0,65.0,65.59,54.2,57.74
339921140_322569986_0,65.0,66.37,55.27,59.74
339921153_1276320629_0,65.0,62.81,58.47,59.26
339921154_254607239_0,65.0,64.5,58.22,55.75
339922424_746024823_0,60.0,58.33,56.27,54.75
339922424_1856089832_0,65.0,60.11,57.14,56.6
339924511_339924519_0,65.0,61.12,57.18,55.8
339924519_339925329_0,65.0,59.89,56.18,55.4
339925329_717641317_0,60.0,61.34,57.62,56.3
339925330_339924582_0,65.0,59.58,54.67,54.9
340178381_1938444227_0,65.0,71.12,61.08,59.9
341205100_341205593_0,60.0,54.42,55.12,54.9
341205100_341205389_0,55.0,54.53,53.64,55.35
341205100_2768169599_0,65.0,55.48,55.53,60.42
341205389_850740325_0,55.0,53.93,52.8,54.45
341205389_341205100_0,55.0,54.53,53.64,55.35
341205389_2768169536_0,65.0,54.18,57.34,54.6
341205394_3164291827_0,60.0,54.02,47.32,55.05
341205593_341205100_0,60.0,54.42,55.12,54.9
341222701_293792368_0,65.0,74.91,73.37,67.25
341222701_430777046_0,65.0,78.2,76.22,68.85
341232331_2820471599_0,65.0,75.3,64.19,58.25
341232907_2775313706_0,65.0,73.34,64.68,58.8
343025125_343025142_0,60.0,66.12,60.02,55.3
343025125_2836023821_0,60.0,65.79,62.33,58.75
343025142_262977812_0,65.0,66.11,56.81,54.05
343078013_29137449_0,65.0,70.46,64.35,63.2
343078013_29749489_0,65.0,67.78,59.48,61.75
343081108_343081112_0,65.0,68.33,59.9,61.25
343081108_295471352_0,65.0,68.24,60.92,60.1
343081112_1935805249_0,65.0,69.64,60.55,59.3
343148218_343148217_0,65.0,66.7,53.41,53.85
343148218_21298319_0,65.0,68.15,58.01,57.1
343148219_343148218_0,65.0,67.81,51.42,54.6
343148219_343148218_1,65.0,67.98,51.75,54.3
343290830_2879531094_0,65.0,71.41,69.15,69.8
343294928_344814454_0,65.0,72.53,60.4,57.8
343485128_2764334440_0,60.0,61.4,56.21,61.15
343485128_171206293_0,60.0,66.5,61.19,68.5
343833973_5161838643_0,60.0,55.96,49.96,52.95
343833973_343833980_0,60.0,56.82,50.03,53.75
343833980_343833984_0,65.0,56.75,47.55,53.65
343833984_343833980_0,65.0,56.75,47.55,53.65
343833984_746024599_0,65.0,56.03,48.48,52.25
343833984_12386781569_0,65.0,56.88,47.84,53.85
343834877_274924843_0,60.0,57.7,60.72,52.05
344314311_31334345_0,65.0,64.49,64.62,63.07
344314311_2770632705_0,65.0,64.23,65.6,62.92
344318993_344318997_0,65.0,63.62,60.37,62.38
344318993_31011262_0,65.0,67.3,58.5,61.25
344318997_279131726_0,65.0,64.98,59.1,62.1
344477561_90563672_0,65.0,70.17,65.18,64.4
344477561_13384457584_0,65.0,69.18,63.04,64.9
344514735_3621784137_0,60.0,64.21,54.41,56.3
344514735_29827534_0,60.0,63.91,46.55,50.85
344804865_344477561_0,65.0,68.37,61.93,65.2
344804865_2918721825_0,65.0,68.66,63.89,65.55
344804869_1279480960_0,65.0,71.12,65.07,65.1
344804869_114317128_0,65.0,69.18,64.21,64.47
344804869_1851317223_0,65.0,70.45,65.6,64.95
344806105_615043866_0,60.0,72.17,63.19,63.45
344806105_344806107_0,60.0,70.39,63.66,63.95
344806107_615043867_0,60.0,69.1,62.3,62.95
344806107_1009311906_0,60.0,69.37,62.83,63.65
344806228_1937808721_0,65.0,68.17,63.14,63.05
344806228_246993189_0,65.0,74.2,62.95,67.15
344806230_582644507_0,65.0,68.67,66.03,62.45
344806230_344806228_0,65.0,74.08,63.75,67.2
344806231_4055309197_0,65.0,74.99,64.99,67.65
344814453_1839844712_0,65.0,68.35,56.65,58.95
344814453_582869613_0,65.0,67.84,59.93,57.9
344814453_249455892_0,65.0,69.76,67.01,59.75
344814454_9415092125_0,65.0,73.62,61.49,57.9
344814456_344817034_0,65.0,66.83,60.25,58.49
344814456_344814458_0,65.0,67.17,62.23,63.05
344814458_344814459_0,65.0,69.04,65.59,64.0
344814458_271096619_0,65.0,72.55,63.23,64.7
344814459_693913366_0,65.0,67.15,66.69,64.05
344814459_13595397_0,65.0,71.05,64.41,64.3
344814460_344814461_0,65.0,66.19,59.82,60.4
344814461_387677064_0,65.0,66.65,57.68,58.5
344814461_344814462_0,65.0,66.09,58.56,59.65
344814462_344814463_0,70.0,65.45,55.48,57.86
344814463_474849968_0,65.0,65.71,59.09,59.45
344814463_297920724_0,65.0,67.35,60.44,58.65
344814472_256205280_0,65.0,69.42,64.07,63.1
344814472_8117633127_0,65.0,69.52,63.05,62.45
344814473_1559815654_0,65.0,70.0,63.53,63.7
344814473_245555961_0,65.0,71.77,62.66,65.15
344814473_1944647019_0,65.0,72.11,63.69,65.4
344814474_255495874_0,65.0,66.89,59.35,57.95
344814474_255496709_0,65.0,66.32,60.23,59.6
344814475_256709508_0,65.0,67.51,62.64,61.65
344814475_693864290_0,65.0,67.56,60.79,61.55
344814475_4042462817_0,65.0,67.64,60.02,61.45
344814476_693889082_0,65.0,67.43,58.91,58.9
344814476_693889077_0,65.0,66.73,56.99,57.35
344814477_344814478_0,65.0,65.41,56.11,58.37
344814478_1505471169_0,65.0,68.05,57.91,61.2
344814479_344814480_0,65.0,69.07,66.88,65.65
344814479_693913376_0,65.0,70.25,64.95,65.03
344814480_271096577_0,65.0,73.28,64.9,64.75
344814480_2876658672_0,65.0,70.45,64.28,65.4
344814481_344817050_0,65.0,67.9,58.47,59.7
344814483_2613242889_0,65.0,70.23,57.03,61.5
344814483_2613242864_0,65.0,69.7,54.27,60.25
344814487_693933540_0,65.0,69.25,58.84,60.45
344814487_693933538_0,65.0,69.18,62.46,60.6
344814736_297919511_0,60.0,71.33,55.41,57.4
344817030_9415092125_0,65.0,73.34,61.73,58.0
344817032_344817034_0,70.0,67.36,59.5,57.82
344817033_344817035_0,70.0,70.81,64.42,60.48
344817033_249455890_0,70.0,70.99,62.21,60.55
344817034_263250903_0,70.0,65.95,58.47,58.82
344817034_344817035_0,70.0,67.99,65.93,59.9
344817035_506373287_0,70.0,70.48,67.0,61.8
344817035_344817033_0,70.0,70.81,64.42,60.48
344817036_261283492_0,65.0,65.02,57.56,56.61
344817036_261283251_0,60.0,64.45,55.32,56.3
344817038_344817036_0,60.0,65.5,59.27,58.01
344817038_344814483_0,65.0,67.58,59.03,59.9
344817050_344817038_0,65.0,66.13,61.08,59.6
344817051_261283494_0,65.0,70.59,64.77,63.22
344817051_344817440_0,65.0,71.75,60.15,60.2
344817440_344817051_0,65.0,71.73,60.01,60.55
344817440_271096577_0,65.0,70.71,67.91,68.12
344817441_344817451_0,65.0,66.43,64.35,63.05
344817441_344817442_0,65.0,66.22,63.76,63.95
344817442_344814481_0,65.0,68.01,60.62,59.2
344817442_344817441_0,65.0,66.22,63.76,63.95
344817443_344817442_0,65.0,67.98,64.29,59.6
344817443_344814481_0,65.0,68.24,58.46,60.25
344817445_344817441_0,65.0,65.32,68.92,67.8
344817451_344817452_0,65.0,69.9,61.42,66.65
344817452_2876692779_0,65.0,73.05,62.59,64.7
344821932_271096420_0,70.0,71.87,64.85,64.4
345288112_21226007_0,65.0,74.24,69.29,68.65
345288112_2571144068_0,65.0,71.42,64.77,66.5
345314027_2701891653_0,65.0,64.85,65.43,60.85
345314027_273098020_0,65.0,66.68,66.21,62.0
345314067_1931339581_0,65.0,74.06,68.54,69.6
345314067_21227199_0,65.0,74.11,67.46,68.6
345314075_363915969_0,65.0,72.44,69.3,67.2
345314075_258168369_0,65.0,72.58,67.61,68.65
345367919_1273633808_0,65.0,75.51,63.04,64.57
345367919_21493991_0,65.0,82.13,64.03,70.5
345435844_691028776_0,65.0,64.35,63.62,57.55
345435844_345435847_0,65.0,67.48,68.77,65.7
345435847_345435849_0,65.0,71.58,70.91,66.4
345435847_2807195095_0,65.0,75.41,69.08,67.8
345435849_31331632_0,65.0,75.96,69.21,66.95
345435849_345435850_0,65.0,66.82,66.88,64.7
345435850_248461235_0,65.0,65.15,61.22,59.2
345435850_582644995_0,65.0,66.37,59.55,59.47
345435857_582644935_0,65.0,70.65,63.03,63.15
345435905_345435907_0,65.0,67.8,66.33,64.7
345435907_345435910_0,65.0,70.09,69.84,66.5
345435907_248460789_0,65.0,72.03,66.68,67.5
345435910_31331631_0,65.0,75.67,69.32,68.9
345435910_345435913_0,65.0,67.18,67.82,65.85
345435913_2807108901_0,65.0,65.23,64.93,60.85
345435913_345435917_0,65.0,66.28,63.59,62.5
345435917_256205288_0,65.0,67.99,61.64,62.15
345435917_5025267950_0,65.0,67.66,61.02,61.2
348322583_29765448_0,65.0,65.44,61.7,59.4
348322583_259985801_0,60.0,65.82,61.22,60.1
349896366_101534467_0,60.0,73.36,65.49,58.65
351923834_102202411_0,60.0,72.29,58.27,57.8
351923834_102199453_0,60.0,72.82,60.25,57.7
353193611_258168369_0,60.0,65.03,62.27,63.1
353193611_517358546_0,60.0,64.15,60.94,57.95
353193627_353193611_0,60.0,63.58,60.53,58.3
353193627_258168371_0,65.0,64.69,62.1,63.35
353283776_262505338_0,60.0,67.28,58.29,60.75
353284467_3752130650_0,65.0,66.04,62.27,59.99
353289080_353289082_0,65.0,68.82,65.94,66.1
353289082_353289084_0,60.0,71.73,67.9,66.9
353289082_127718967_0,65.0,73.19,66.21,68.6
353289084_262505812_0,60.0,71.14,64.59,68.5
355233754_9808078985_0,60.0,76.76,65.75,66.1
355233754_102212768_0,65.0,74.16,70.17,69.2
355234339_3042328531_0,60.0,73.24,68.09,60.9
355234339_631311471_0,65.0,73.74,66.26,62.5
355628524_1272057769_0,65.0,75.56,60.65,62.6
355628524_10315954887_0,65.0,76.66,60.97,62.35
355628524_10536590481_0,60.0,73.18,62.35,62.05
356695343_21226515_0,65.0,72.16,61.03,66.05
356695343_232855776_0,65.0,70.93,60.06,65.4
356695347_252637107_0,65.0,71.99,62.94,64.8
356695347_356695343_0,65.0,71.31,61.08,65.95
357240983_4407093290_0,65.0,66.15,59.52,60.65
357240983_357240985_0,65.0,64.79,62.63,60.25
357240983_232820241_0,65.0,66.2,62.63,62.95
357240985_2719343213_0,65.0,67.09,62.86,63.85
357240985_258076032_0,65.0,65.74,58.05,60.9
357251292_2622392115_0,65.0,73.86,67.3,64.85
357251292_2606074926_0,65.0,70.85,67.41,64.65
357256217_357256471_0,60.0,66.99,61.18,59.7
357256217_357256703_0,60.0,67.34,58.67,58.55
357256217_357257362_0,60.0,67.91,61.87,63.0
357256471_357256687_0,60.0,66.81,58.39,59.5
357256471_583066524_0,60.0,66.75,55.94,58.8
357256687_536752026_0,60.0,67.06,55.78,57.1
357256689_357256831_0,60.0,67.62,56.37,59.6
357256689_357256687_0,60.0,66.68,54.42,57.65
357256703_357256217_0,60.0,67.34,58.67,58.55
357256703_1800607293_0,60.0,67.33,55.83,56.65
357256831_536752026_0,60.0,67.43,60.02,59.35
357257353_357257792_0,65.0,68.19,65.48,60.0
357257362_1837368287_0,65.0,70.05,63.01,64.65
357257362_357256217_0,60.0,67.91,61.87,63.0
357257362_583066524_0,65.0,67.81,62.26,62.75
357257792_583066701_0,65.0,68.6,62.39,61.25
357257792_27626635_0,65.0,68.66,60.17,62.2
357258387_583066693_0,60.0,67.44,57.54,55.5
357258387_2889451337_0,60.0,68.4,55.67,55.3
357258565_357259384_0,60.0,68.86,58.16,59.88
357258845_4092242946_0,60.0,70.03,56.19,60.37
357258845_2889451337_0,60.0,69.28,59.4,59.7
357258845_4163472602_0,65.0,70.56,61.91,61.38
357259384_357258387_0,60.0,68.06,55.95,54.6
357259384_4092242946_0,60.0,69.2,54.25,54.95
357266482_2661069714_0,65.0,77.88,62.28,67.15
357266482_2661069715_0,65.0,83.77,66.52,68.45
358878995_1329868282_0,65.0,70.34,61.62,61.05
358878995_1329868282_1,65.0,67.08,60.25,63.85
358879000_358879004_0,65.0,66.83,58.3,63.45
358879000_358879004_1,65.0,70.09,60.09,61.1
358879004_21294867_0,65.0,73.45,65.5,61.3
359010274_251629751_0,65.0,72.66,68.28,62.5
359010274_31013212_0,65.0,69.37,63.25,61.15
359460441_151411158_0,65.0,66.36,60.68,62.55
359460441_529844795_0,65.0,65.92,59.62,61.7
359578674_259509034_0,65.0,77.76,67.1,68.0
359578674_259509033_0,65.0,73.34,67.55,64.6
359599368_359599383_0,65.0,66.7,57.95,57.5
359599368_1602512880_0,65.0,68.17,59.45,58.1
359599383_309658925_0,65.0,66.28,59.54,57.4
359599383_1602512873_0,65.0,66.64,60.6,59.2
361385585_90223776_0,65.0,68.81,69.23,66.2
361385585_269349457_0,65.0,74.61,68.61,68.6
361385587_21293729_0,65.0,75.07,70.4,69.0
362576405_259985372_0,65.0,70.04,63.37,61.56
362576405_259985414_0,65.0,72.12,61.86,61.1
363911337_2632468936_0,65.0,71.35,61.5,64.65
363915969_114306902_0,65.0,77.07,70.31,69.75
363915969_275585448_0,60.0,69.66,67.71,66.4
364469825_508408792_0,55.0,59.25,55.66,52.6
364798077_3752130644_0,65.0,65.74,59.48,55.45
364798849_364798077_0,65.0,65.0,61.66,56.95
364798849_3752130648_0,65.0,64.46,59.15,56.75
364798849_1935805172_0,65.0,66.48,61.75,60.1
365311372_365312011_0,65.0,65.08,59.49,60.06
365311374_365311891_0,65.0,65.6,61.05,60.67
365311374_263250715_0,65.0,67.92,60.67,61.45
365311374_365311893_0,65.0,68.06,61.46,61.7
365311891_365311372_0,65.0,65.23,57.13,58.81
365311893_1847293988_0,65.0,69.66,60.4,60.85
365311893_365312168_0,65.0,66.74,59.22,60.1
365311893_679403053_0,65.0,65.76,64.55,59.4
365311893_365311374_0,65.0,68.06,61.46,61.7
365312011_2876371436_0,65.0,64.94,57.61,61.65
365312011_389350443_0,65.0,65.01,60.54,59.48
365312033_365312426_0,60.0,65.62,57.0,59.9
365312033_365312168_0,65.0,66.13,57.59,60.65
365312075_245570241_0,65.0,65.42,61.92,61.65
365312075_365312426_0,60.0,66.07,59.48,59.9
365312075_2876532968_0,60.0,65.2,54.7,59.83
365312168_365311893_0,65.0,66.74,59.22,60.1
365312168_365312033_0,65.0,66.12,57.59,60.65
365312168_365311891_0,65.0,65.62,56.11,59.2
365312389_263250741_0,65.0,71.26,61.08,64.38
365312426_365312075_0,60.0,66.08,59.7,59.9
365312426_365312389_0,65.0,66.83,57.05,62.75
365547371_253311351_0,60.0,61.22,53.18,55.6
365547371_253311352_0,60.0,61.41,57.74,56.55
365547371_925963364_0,60.0,60.61,52.43,55.4
365569679_289645061_0,65.0,58.4,55.72,54.65
365569679_3371971546_0,65.0,57.73,59.69,54.5
366934068_262505753_0,65.0,65.27,62.59,61.47
366934068_2779757698_0,65.0,64.71,61.74,59.67
369229557_21226876_0,55.0,61.01,56.5,56.6
370450213_332648824_0,65.0,75.89,56.84,60.6
370450218_21310604_0,65.0,75.98,58.61,60.4
370450218_270254047_0,65.0,77.12,58.92,61.2
370450222_370495713_0,65.0,77.01,60.12,58.8
370492055_2706748748_0,65.0,77.53,59.98,59.9
370495713_370450218_0,65.0,75.75,59.81,60.25
370497727_332663800_0,65.0,79.69,58.8,57.75
370497727_262373023_0,65.0,76.83,64.39,60.85
370500007_370500036_0,65.0,78.55,58.64,60.7
370500036_370500050_0,65.0,79.25,59.33,60.2
370500050_262373023_0,65.0,79.35,60.16,60.4
370500050_370666431_0,60.0,76.8,60.89,61.2
370666431_31011306_0,60.0,74.79,61.51,60.85
370666431_370666493_0,60.0,76.88,61.72,60.2
370666438_31011306_0,65.0,72.79,55.93,58.45
370666438_11023548482_0,65.0,72.39,57.32,54.85
370666488_31011309_0,65.0,77.3,62.03,61.75
370666488_9358343365_0,65.0,74.01,60.31,62.01
370666493_370666495_0,65.0,77.35,60.77,61.65
370666493_370666506_0,60.0,74.47,59.5,61.1
370666495_370666488_0,65.0,74.02,60.3,61.71
370666495_2702823437_0,65.0,74.81,56.93,60.31
370666506_282531402_0,65.0,73.13,59.34,59.59
370666506_370666495_0,65.0,74.21,60.66,61.71
370672722_1498817389_0,60.0,76.76,58.9,56.9
370672722_282534497_0,65.0,74.14,60.73,57.4
370679024_262384779_0,55.0,71.76,53.84,55.7
370679029_249593775_0,60.0,73.33,58.77,57.65
370679029_262384799_0,60.0,74.61,61.56,58.6
370679033_370679040_0,60.0,73.28,58.54,57.7
370679033_282538267_0,60.0,74.9,57.57,57.4
370679040_370679024_0,60.0,72.61,53.02,55.35
370683693_29461192_0,60.0,73.32,57.69,57.25
370683693_370679033_0,60.0,74.95,57.07,56.2
370684295_258326070_0,65.0,77.88,61.07,64.7
370685043_262372896_0,65.0,72.19,53.79,58.8
373102701_21225848_0,65.0,69.04,63.32,66.0
380589276_21226167_0,65.0,73.89,64.26,63.7
382937732_382937733_0,65.0,62.61,53.35,56.3
382937732_31489452_0,65.0,67.39,62.72,62.65
382937733_33197499_0,65.0,63.12,58.53,56.65
387677064_1847293988_0,65.0,66.15,60.77,60.6
387677075_387677064_0,65.0,65.28,58.31,58.39
387677075_344814460_0,65.0,65.53,59.43,58.99
387678320_1948088642_0,65.0,61.92,63.04,57.65
387678320_583223605_0,60.0,61.09,51.87,54.35
387678321_714175300_0,65.0,61.67,54.43,54.7
387678321_387678320_0,60.0,61.87,55.94,56.1
387679053_6477284171_0,65.0,58.71,61.91,55.55
387679053_790590924_0,65.0,58.77,62.29,55.5
387679354_334551641_0,70.0,69.66,61.21,57.5
387679354_3109056812_0,70.0,69.92,66.26,58.3
387679384_334551632_0,70.0,68.03,58.5,57.8
387679385_387679384_0,70.0,66.86,60.58,58.05
387679699_3463129321_0,65.0,61.99,69.37,56.05
387679699_790590924_0,65.0,59.49,63.47,54.75
387683939_11307916236_0,70.0,73.91,67.57,71.0
387684195_387679053_0,65.0,59.0,62.76,55.5
389350443_676889840_0,65.0,65.05,60.18,56.63
389350443_365312011_0,65.0,65.01,60.54,59.48
389532761_389532767_0,65.0,65.31,58.43,63.8
389532767_567851256_0,65.0,65.75,56.47,59.55
389532767_31774878_0,65.0,64.4,57.49,59.2
392094444_10979803681_0,65.0,42.98,57.09,52.45
392094449_392094480_0,60.0,58.9,55.11,60.25
392094449_262509816_0,60.0,59.15,53.23,59.45
392094480_392094449_0,60.0,58.9,55.11,60.25
392094480_392094575_0,60.0,57.61,51.72,55.95
392094500_392094541_0,60.0,56.64,53.2,56.4
392094500_392094575_0,60.0,57.16,52.46,56.15
392094500_3782743892_0,60.0,57.51,58.58,56.72
392094541_392094500_0,60.0,56.64,53.2,56.4
392094541_2739760569_0,60.0,55.51,52.31,54.9
392094575_1236466498_0,60.0,57.35,54.61,56.6
392094575_392094500_0,60.0,57.16,52.46,56.15
392094575_392094480_0,60.0,57.61,51.72,55.95
392094918_508468706_0,65.0,61.22,58.71,56.64
392094918_392094919_0,65.0,60.82,54.03,57.74
392094918_268052099_0,60.0,60.32,55.45,53.75
392094919_508468645_0,65.0,61.77,55.8,59.42
392094919_392094918_0,65.0,60.82,54.03,57.74
392094919_508468697_0,65.0,61.05,56.65,57.92
392095359_1943160340_0,60.0,63.34,61.71,58.95
392097200_3818659532_0,65.0,61.02,52.96,55.55
392097327_392097382_0,55.0,62.02,53.37,55.3
392097328_392097382_0,55.0,61.7,52.29,54.52
392097328_262508240_0,60.0,60.88,56.72,53.95
392097328_1850143045_0,60.0,61.77,57.32,55.12
392097382_306997471_0,60.0,62.39,62.87,59.9
392097382_392097328_0,55.0,61.7,52.29,54.52
392097382_392097327_0,55.0,62.02,53.37,55.3
392098250_2212085613_0,65.0,57.39,56.3,54.1
392098250_392098251_0,65.0,58.79,56.28,58.15
392098251_539807356_0,65.0,62.53,57.41,61.3
392098251_3790779434_0,65.0,61.79,57.52,58.25
392098251_392098250_0,65.0,58.79,56.28,58.15
392106690_943028818_0,65.0,73.38,63.67,59.35
392106690_3786651016_0,65.0,72.56,64.8,59.15
392106693_3786661095_0,65.0,72.97,60.71,57.5
392106693_3786661094_0,65.0,71.58,60.04,58.35
392106913_943028923_0,60.0,70.54,56.05,57.6
392106953_392106964_0,60.0,70.92,58.35,56.95
392106964_2775025154_0,60.0,69.59,56.43,57.35
392106964_392107159_0,65.0,69.95,53.79,56.85
392107159_5807936514_0,60.0,68.72,53.76,56.75
392107159_11843407531_0,65.0,69.71,51.05,56.45
392107418_1475433364_0,60.0,70.11,54.75,55.76
392107473_3786661104_0,55.0,66.4,49.53,53.65
392107546_392106913_0,65.0,70.94,57.54,56.2
392108544_1477751193_0,65.0,69.11,59.83,61.4
392108549_392108544_0,65.0,69.64,61.87,61.88
392260997_392260998_0,65.0,59.04,57.12,55.5
392260998_392260997_0,65.0,59.04,57.12,55.5
392260998_392261134_0,65.0,59.69,54.95,56.75
392260998_2739069913_0,65.0,60.09,54.91,56.65
392261134_392260998_0,65.0,59.69,54.95,56.75
392261134_153561904_0,65.0,59.48,55.59,57.88
393856104_175975658_0,60.0,62.45,57.96,56.65
393856104_175973026_0,65.0,62.03,57.9,57.7
395249732_595646737_0,60.0,71.69,55.92,53.95
395249733_5271769547_0,65.0,71.09,54.85,54.35
395249733_395249732_0,65.0,71.5,54.58,54.75
395249736_2564801498_0,65.0,77.01,59.86,61.55
395249736_1470957599_0,65.0,72.5,56.76,61.32
401350923_255496710_0,65.0,63.95,56.25,58.05
401350925_401350923_0,60.0,64.23,58.07,57.9
401350925_255497780_0,60.0,63.98,56.59,57.5
401350927_401350929_0,60.0,63.41,61.31,58.45
401350927_1944647036_0,60.0,63.77,60.43,59.7
401350929_1263426110_0,65.0,63.68,60.73,57.8
401350932_255497780_0,60.0,63.47,57.39,57.05
401350932_256709650_0,65.0,63.68,56.83,56.97
401363867_4073893026_0,60.0,67.36,58.8,57.9
401363867_634639442_0,65.0,69.63,61.94,58.25
401363867_3493255038_0,65.0,69.9,61.97,59.2
401363868_634639673_0,60.0,66.93,54.04,54.35
401526011_2203367087_0,65.0,60.15,61.38,60.81
401526011_254895366_0,60.0,57.9,58.95,58.81
410792179_410792185_0,60.0,63.76,54.3,53.6
410792179_714331158_0,60.0,62.63,55.64,54.15
410792184_251786677_0,55.0,63.62,58.0,57.15
410792184_714331153_0,60.0,63.87,55.53,57.55
410792185_410792179_0,60.0,63.76,54.3,53.6
410792185_275940991_0,60.0,62.97,49.38,53.8
410792185_275700500_0,60.0,63.09,50.49,53.9
410792185_590020602_0,65.0,63.72,55.78,55.4
413628318_2148899411_0,65.0,73.47,65.22,55.94
413628382_413628400_0,65.0,76.09,64.04,59.95
413628382_12442008285_0,65.0,75.29,67.89,67.6
413628400_413628382_0,65.0,76.09,64.04,59.95
413628400_2866053333_0,65.0,76.32,62.15,62.19
414681643_1265957289_0,60.0,67.02,57.89,62.28
415510275_1538423185_0,65.0,73.66,61.16,56.91
415510275_2148899278_0,65.0,73.45,64.32,56.85
416767871_31333372_0,65.0,70.22,64.71,66.45
416767871_1279803182_0,65.0,69.66,67.58,68.05
416880248_416880249_0,65.0,67.43,66.78,67.35
416880248_513307586_0,65.0,73.07,66.66,69.1
416880249_258099206_0,65.0,66.11,63.72,63.65
416880249_258155920_0,65.0,72.07,65.54,68.55
416880251_273098652_0,65.0,67.76,62.91,65.45
416880251_258155920_0,65.0,70.69,62.47,67.25
416880251_499568158_0,65.0,72.29,64.45,68.45
417409058_615043867_0,60.0,67.04,62.54,62.65
417409059_417409058_0,65.0,66.12,57.87,57.3
417409059_248461235_0,65.0,66.45,59.7,58.77
417737700_268762395_0,55.0,56.79,59.03,55.7
417737700_280074754_0,60.0,57.34,58.69,55.75
417737700_417737701_0,60.0,57.14,58.44,56.0
417737701_9492856294_0,55.0,57.19,57.08,59.2
417737704_417737707_0,55.0,59.5,63.39,58.75
417737704_9081821118_0,55.0,58.96,63.2,58.65
417737707_268760411_0,60.0,59.34,62.03,58.35
417737707_417737704_0,55.0,59.51,63.66,58.75
417737707_9081821106_0,60.0,58.4,60.75,58.55
418363161_9360625697_0,65.0,66.72,65.71,64.4
418363198_418363161_0,65.0,63.02,66.18,61.5
418363198_21226354_0,65.0,66.94,63.82,64.45
418524069_279792905_0,60.0,57.47,55.63,55.7
418524069_418524118_0,60.0,56.42,57.75,54.0
418524118_268762397_0,55.0,56.93,57.09,54.8
418524118_280074770_0,55.0,57.31,57.88,54.15
419123693_249159397_0,65.0,60.51,57.49,56.35
419318228_21226390_0,65.0,75.35,62.21,60.7
419318228_1280231480_0,65.0,73.1,65.25,63.05
426857972_2985951433_0,65.0,65.04,59.83,60.45
426857972_31774774_0,65.0,65.09,60.09,59.45
426857972_567851256_0,65.0,64.86,61.01,59.75
426858370_283056705_0,60.0,64.78,58.85,59.05
427571202_246991595_0,65.0,66.96,58.7,60.5
427571205_169694477_0,65.0,67.78,60.12,63.95
427580449_427580450_0,60.0,64.13,59.13,60.0
427580449_31367772_0,60.0,64.03,58.04,59.2
427580450_246991602_0,65.0,68.74,63.75,64.25
427583355_1303432796_0,60.0,67.66,61.76,61.7
429173181_631311473_0,65.0,71.2,65.05,67.4
429173181_729314049_0,65.0,76.91,70.67,68.9
429185334_25543893_0,65.0,77.04,67.0,68.75
429186703_3786057234_0,65.0,74.05,60.33,66.08
429186845_430772172_0,60.0,72.98,62.83,68.25
429187981_2700123800_0,65.0,69.38,57.13,58.65
429187981_250327683_0,65.0,70.0,59.37,61.55
429234303_1490014709_0,65.0,73.72,60.86,65.0
429234303_435137476_0,65.0,72.6,60.48,61.2
429234303_343025142_0,65.0,66.6,61.56,62.65
429251597_257362711_0,65.0,69.76,64.95,62.9
429251597_429251599_0,65.0,70.39,63.94,64.0
429251598_1765317182_0,65.0,72.29,65.49,64.5
429251598_1765317175_0,65.0,73.72,66.68,65.95
429251598_429251597_0,65.0,69.67,66.75,63.5
429251599_257362711_0,65.0,70.75,64.55,63.35
429251599_252565668_0,65.0,66.68,61.2,63.25
430689246_1737460997_0,65.0,69.26,66.58,66.6
430689246_2571144066_0,65.0,73.86,67.0,68.45
430717146_439183366_0,65.0,65.98,57.71,58.4
430772172_429186703_0,60.0,74.01,67.91,71.5
430772172_430772201_0,60.0,68.67,67.98,68.9
430772200_430772201_0,60.0,68.79,64.64,66.2
430772200_429186703_0,65.0,69.76,68.1,69.8
430772201_293789162_0,65.0,69.33,63.95,63.4
430775591_430777052_0,65.0,68.91,56.48,59.7
430775591_293789168_0,65.0,70.93,61.13,60.05
430777045_2209718088_0,65.0,76.23,67.21,61.3
430777046_729314051_0,65.0,78.96,72.42,69.02
430777049_2209718101_0,70.0,74.98,63.78,62.1
430777049_2972798953_0,65.0,74.14,65.05,61.2
430777052_430772200_0,65.0,68.65,58.65,62.7
430785442_2571144381_0,65.0,68.17,60.1,59.15
430785442_262699848_0,65.0,67.33,61.65,62.4
430785445_205738822_0,65.0,71.59,65.25,67.05
430785454_1478976377_0,65.0,72.31,58.76,62.6
430785454_1478976386_0,65.0,72.52,62.16,61.55
430785476_1478978835_0,65.0,66.72,57.13,60.6
430785476_262699848_0,65.0,68.4,59.75,61.5
430785476_2632468926_0,60.0,70.69,63.18,64.75
430787417_1762621295_0,65.0,68.32,64.06,62.45
430787420_1765317175_0,65.0,67.3,63.33,63.8
430787420_429251598_0,65.0,68.96,62.25,63.3
430790260_430790262_0,65.0,67.49,60.21,60.95
430790260_430787417_0,65.0,67.23,62.97,62.0
430790262_430790260_0,65.0,67.49,60.21,60.95
430796542_430796557_0,65.0,65.0,55.59,56.7
430796542_430796543_0,65.0,70.22,59.76,59.62
430796543_127814152_0,65.0,71.38,66.72,68.05
430796549_430796552_0,60.0,65.68,60.78,60.95
430796552_262524964_0,60.0,66.75,61.12,61.25
430796552_1942841536_0,65.0,68.0,64.66,63.21
430796554_2212101013_0,65.0,65.98,59.83,63.45
430796554_439184219_0,60.0,65.51,59.84,57.67
430796557_430796543_0,65.0,65.04,55.55,56.55
430796557_439184218_0,65.0,64.91,55.65,54.92
430796562_430796554_0,65.0,65.56,58.8,57.65
430796562_478783634_0,65.0,65.72,59.57,56.9
430796562_6897907070_0,60.0,65.66,59.89,57.05
430796565_430796562_0,65.0,65.68,59.53,57.35
430796567_430796565_0,65.0,67.32,59.52,57.75
430796567_27552331_0,65.0,66.53,57.58,58.65
430796569_430796565_0,65.0,65.96,62.01,61.4
430796569_27552331_0,65.0,70.47,57.28,62.85
430796574_597408500_0,65.0,70.14,57.98,62.6
430803905_430803934_0,65.0,69.98,60.55,60.15
430803905_1272557564_0,65.0,77.96,65.59,68.85
430803919_574834152_0,65.0,68.9,63.27,57.85
430803919_102224102_0,60.0,68.51,63.63,56.95
430803926_4092176688_0,65.0,74.26,64.71,63.4
430803934_2146905997_0,65.0,69.65,60.78,60.3
430803934_574834000_0,65.0,68.56,61.11,58.7
430951081_21226077_0,60.0,68.93,62.6,60.45
430951186_2815051770_0,60.0,67.31,52.21,57.2
430951186_21227146_0,60.0,67.96,56.49,57.55
432441440_1496292925_0,65.0,68.65,66.38,63.35
432441440_1505037260_0,65.0,69.71,59.39,61.55
432441441_2406966024_0,65.0,71.74,63.23,62.45
432447124_260478475_0,65.0,67.66,64.58,63.2
432447126_432447124_0,65.0,66.37,63.94,62.45
432447126_3497485583_0,65.0,66.4,66.59,65.5
432596664_250989681_0,65.0,70.05,67.01,69.05
432596664_1575637902_0,65.0,66.13,66.33,67.85
432596665_268797785_0,65.0,66.86,63.78,67.9
432596665_12177547880_0,65.0,63.02,58.83,67.3
432804943_262506095_0,65.0,76.01,70.41,70.05
432804943_1150916214_0,65.0,65.53,66.88,60.95
435117594_1993620497_0,65.0,67.14,60.04,61.3
435117594_1302782495_0,65.0,67.04,59.66,58.35
435137475_429234303_0,65.0,72.1,61.54,63.45
435137476_430796574_0,65.0,71.99,63.65,61.2
435194431_35080862_0,65.0,59.37,53.27,54.35
435194431_35080843_0,65.0,60.65,54.05,54.85
439183366_430717146_0,65.0,65.99,57.6,58.6
439183366_1272557741_0,65.0,74.37,60.8,67.95
439184218_430796557_0,65.0,64.91,55.65,54.92
439184218_439184219_0,65.0,65.08,57.74,57.45
439184218_262524850_0,60.0,65.4,58.74,60.5
439184219_262524850_0,60.0,65.64,60.5,60.01
439184219_430796554_0,60.0,65.51,59.84,57.67
439190834_1489759513_0,65.0,67.4,60.33,59.55
439190834_3780487418_0,65.0,71.3,56.42,60.8
439190834_3387844999_0,65.0,70.85,60.26,62.5
439190839_1489759513_0,65.0,67.46,56.74,56.72
439190839_850622343_0,60.0,67.41,57.27,57.5
440101918_2471327877_0,65.0,66.15,55.88,58.05
440101918_3455794291_0,65.0,65.77,58.22,59.65
440390942_295993318_0,65.0,70.76,64.11,67.6
440390944_268228348_0,65.0,67.47,65.75,65.9
440390944_250327571_0,65.0,68.69,67.56,66.4
440390944_292083439_0,65.0,65.37,63.06,64.0
440392972_2700211343_0,65.0,68.76,71.37,66.45
440392972_1736732473_0,65.0,74.01,68.72,69.75
440392977_250327571_0,65.0,73.25,66.45,69.1
440392977_440390944_0,65.0,68.27,65.57,66.4
440392981_250328486_0,65.0,73.78,66.72,69.35
441058568_320363900_0,65.0,63.66,59.7,59.65
441058568_2700033540_0,65.0,63.07,57.4,57.2
441058568_320364510_0,65.0,63.44,58.51,61.35
441058568_257898624_0,65.0,63.31,57.0,58.7
441898749_306427874_0,60.0,63.37,58.24,59.15
441898749_441898750_0,65.0,64.04,64.0,63.7
441898750_206145062_0,65.0,71.07,71.37,67.9
441917622_206144670_0,65.0,67.31,64.55,65.8
441917622_1143767401_0,65.0,66.94,64.31,64.75
441917633_2763771351_0,65.0,67.97,63.49,64.95
441917633_11016674871_0,65.0,73.98,65.61,68.55
441917634_2538855992_0,65.0,73.09,68.05,68.9
441917634_11016674871_0,65.0,75.64,67.9,70.5
442028927_442028930_0,65.0,63.16,59.89,60.05
442028927_259980943_0,60.0,63.42,58.31,62.0
442028928_21226931_0,65.0,67.62,64.14,64.3
442028930_442028931_0,60.0,64.52,59.1,63.2
442028930_442028928_0,65.0,63.35,60.68,60.5
442028931_21226841_0,65.0,65.97,64.13,65.3
442028931_259980943_0,60.0,63.79,60.41,62.95
442095658_2471413170_0,65.0,72.01,62.57,62.85
442095658_25543880_0,60.0,72.21,62.11,62.0
442289686_311473971_0,55.0,55.96,52.78,54.6
442289686_330910552_0,55.0,55.69,51.17,53.55
442372744_578291738_0,65.0,68.85,60.01,59.2
442372744_311744234_0,60.0,68.67,57.36,60.75
442372744_1145309693_0,65.0,68.3,59.41,57.3
442569595_25543899_0,65.0,64.27,56.97,56.35
442569595_1938126705_0,60.0,67.08,63.28,58.6
442569595_1938126718_0,65.0,66.16,58.79,58.8
444382209_444382211_0,65.0,64.76,60.1,59.7
444382209_260478578_0,65.0,65.9,60.78,60.8
444382209_252565669_0,65.0,64.42,61.88,60.15
444382211_260478477_0,65.0,65.76,63.71,63.55
446294232_31509004_0,60.0,62.56,58.52,62.1
446294233_1956589510_0,60.0,62.16,56.8,53.7
446305769_1757676920_0,65.0,64.68,63.73,62.7
446305769_251288802_0,65.0,63.27,61.13,61.45
446305769_252638503_0,65.0,62.63,64.28,62.4
452739403_268796782_0,70.0,70.54,69.32,70.65
452739403_269518200_0,65.0,69.49,63.22,68.55
452745662_269518202_0,70.0,70.49,70.78,70.65
452745662_280500727_0,70.0,68.4,67.14,68.75
461975172_234735615_0,65.0,63.18,64.67,60.6
461975172_252222897_0,65.0,67.06,66.2,65.3
468943069_25543813_0,65.0,72.01,62.47,66.47
469526715_308836023_0,65.0,66.58,64.49,62.65
469526756_21226476_0,65.0,71.08,64.65,66.6
471133127_587537273_0,60.0,65.29,56.38,57.05
471847459_471847460_0,65.0,64.5,60.96,61.1
471847459_25543688_0,65.0,66.16,62.46,61.5
471847459_308843283_0,60.0,64.84,58.81,60.8
471847460_250828632_0,60.0,63.47,56.89,57.8
471847460_232822671_0,60.0,64.78,60.78,57.85
472689949_253245479_0,65.0,66.2,62.2,59.35
472747955_472747956_0,60.0,66.05,58.85,59.2
472747955_306427878_0,65.0,66.26,60.17,59.25
472747956_331085627_0,60.0,66.1,57.05,60.55
473063019_331085622_0,60.0,65.06,59.29,59.15
474849909_3348762666_0,65.0,64.69,53.05,57.79
474849909_263250798_0,65.0,65.0,58.31,59.2
474849968_4042455153_0,65.0,65.82,60.18,61.4
474849968_256709508_0,65.0,67.48,63.26,61.57
474849968_474850403_0,70.0,66.22,57.39,58.25
474850403_263250798_0,65.0,67.98,59.57,61.4
474850403_2801660602_0,65.0,68.19,60.23,60.95
475238681_303967700_0,65.0,64.72,61.59,64.55
475238681_475238682_0,60.0,59.13,59.04,57.8
475238681_246100082_0,60.0,63.06,56.3,59.11
475238682_475238681_0,60.0,59.13,59.04,57.8
475238682_246098160_0,60.0,57.66,54.02,56.35
475255617_246815517_0,65.0,57.36,51.26,52.75
475255617_475255621_0,65.0,57.46,53.88,55.45
475255621_243717074_0,65.0,58.32,55.47,60.5
475948959_3373224852_0,65.0,66.34,61.42,62.25
475948960_475948959_0,65.0,66.72,60.13,62.4
475948960_206144095_0,65.0,71.86,60.64,65.3
478783634_430796562_0,65.0,65.72,59.57,56.9
478783634_11314063624_0,60.0,65.66,60.25,57.0
478823696_257533047_0,65.0,63.1,59.71,57.95
478823697_247058211_0,65.0,63.06,55.26,59.6
478823697_478823696_0,65.0,62.97,58.68,59.4
479241928_479241929_0,60.0,65.55,61.67,61.65
479241928_6533804591_0,60.0,65.67,61.34,61.75
479241929_480913571_0,60.0,67.31,62.08,61.14
479975901_479975904_0,65.0,67.64,61.25,61.8
479975901_528319147_0,65.0,74.97,65.37,66.65
479975901_21293729_0,65.0,73.41,66.53,66.6
479975904_1498661303_0,65.0,72.69,68.02,68.85
480683104_3071799033_0,65.0,67.99,64.84,61.75
480683104_269356360_0,65.0,72.58,67.12,61.75
480683105_2603507305_0,65.0,63.45,61.88,62.55
480683107_480684492_0,65.0,66.48,66.88,66.2
480683107_21293727_0,65.0,69.6,65.28,70.2
480684492_21294863_0,65.0,70.71,65.83,70.4
480709539_2470860001_0,65.0,65.04,56.6,55.2
480709539_102220070_0,65.0,70.57,62.45,62.95
480709539_102277643_0,65.0,69.13,56.35,58.52
480913571_28848591_0,65.0,66.58,62.11,61.19
480913571_258934759_0,60.0,63.74,57.33,60.4
480913573_28848583_0,60.0,65.4,61.66,60.15
481385788_2542326956_0,65.0,66.76,60.6,63.65
481385788_253243310_0,65.0,66.77,62.18,65.8
481385788_206144668_0,65.0,66.62,60.49,64.7
481390613_306377052_0,65.0,73.33,62.4,61.5
481390613_2518603654_0,65.0,74.62,65.16,69.1
482665291_1602512875_0,65.0,67.06,58.33,58.15
482665291_2883720967_0,65.0,67.55,57.22,58.25
485947742_3366811234_0,65.0,71.04,65.75,64.0
485947742_1251157203_0,60.0,72.9,64.04,63.62
485947991_2701554588_0,55.0,62.61,57.66,55.75
485947991_3378789214_0,55.0,63.16,57.23,57.11
485958639_485958642_0,55.0,62.76,54.16,55.75
485958639_3378805280_0,60.0,62.77,52.82,55.25
485958640_11989052588_0,60.0,63.32,58.65,57.65
485958640_2709637360_0,65.0,62.21,53.26,56.25
485958642_485958639_0,55.0,62.8,54.51,55.9
485958664_2709812638_0,60.0,62.14,56.36,56.95
485958664_917394543_0,60.0,62.27,59.31,56.35
485958668_2548951510_0,55.0,61.57,55.68,56.15
485958668_2709812638_0,60.0,61.97,57.6,56.92
485983959_485983967_0,65.0,66.89,59.47,58.05
485983959_485983961_0,65.0,66.64,59.64,60.0
485983959_21226150_0,65.0,70.69,66.1,64.95
485983961_389532761_0,65.0,65.55,55.97,60.15
485983961_1132113574_0,65.0,68.28,59.71,64.65
485983967_485983959_0,65.0,66.89,59.47,58.05
485983967_1481308365_0,65.0,70.09,65.62,65.95
487081073_1479164104_0,65.0,68.57,67.38,66.9
487081076_256506548_0,65.0,66.52,63.13,62.65
487089357_1251157302_0,60.0,63.81,58.6,58.1
487089357_1918722708_0,60.0,63.36,53.42,57.44
487089357_2571126876_0,65.0,62.46,63.34,59.95
487090825_2548859472_0,60.0,62.09,59.7,56.85
487090825_286310108_0,60.0,62.4,58.88,58.05
487090825_487095245_0,65.0,61.2,59.81,57.4
487095245_2548951541_0,60.0,61.04,54.74,55.45
487095245_487090825_0,65.0,61.21,59.81,57.4
487447920_487081076_0,65.0,64.95,64.14,63.05
487447920_282180522_0,65.0,68.78,65.12,64.65
487460633_1831279342_0,65.0,65.32,64.67,62.75
487460633_27552403_0,65.0,68.03,63.83,64.6
490671373_251498090_0,65.0,64.85,55.26,61.65
490671373_490671374_0,65.0,64.32,56.48,59.8
490671374_250169278_0,65.0,63.32,54.86,55.8
490671374_490671373_0,65.0,64.35,56.43,59.8
495985869_495985871_0,60.0,63.56,55.81,56.4
495985870_495985869_0,60.0,63.17,56.09,57.2
495985870_251745285_0,60.0,62.93,55.54,57.3
495985871_1427961609_0,60.0,64.68,55.48,57.22
495985871_495985872_0,60.0,63.82,56.11,57.4
495985872_495985870_0,60.0,63.65,57.35,59.0
496302857_496302858_0,65.0,65.22,61.83,61.45
496302857_257998802_0,65.0,72.66,68.54,67.15
496302858_258054473_0,65.0,64.65,58.39,60.05
499514769_242939499_0,65.0,67.79,63.4,61.25
499565251_499565252_0,65.0,66.79,62.58,62.48
499565251_258157346_0,65.0,65.91,63.5,63.5
499565252_416880251_0,65.0,73.11,63.21,68.4
499568158_499568164_0,65.0,65.31,60.79,61.2
499568158_416880248_0,65.0,71.32,65.24,68.9
499568164_273098652_0,65.0,65.33,62.37,60.05
504582282_175973026_0,65.0,62.15,58.44,57.6
504582282_655252572_0,65.0,62.12,56.24,57.75
504647305_2917530873_0,65.0,63.85,62.91,58.95
504647305_3455849698_0,65.0,63.16,58.48,59.9
504663228_2211431452_0,65.0,65.17,58.21,60.98
504663228_206146662_0,65.0,66.17,58.72,61.85
504663228_2023170516_0,65.0,65.91,59.77,60.42
506373287_344817035_0,70.0,70.48,67.0,61.8
506373287_271096620_0,70.0,70.51,64.37,62.45
506373288_312793567_0,70.0,71.52,69.13,59.87
506373871_249455378_0,65.0,70.67,69.32,67.4
506825648_506825649_0,65.0,64.09,58.05,60.78
506825648_21227198_0,65.0,65.93,64.47,64.05
506825648_244301343_0,65.0,64.46,60.25,63.5
506825649_2535733154_0,65.0,63.58,59.84,60.4
506825649_258000738_0,65.0,63.24,56.23,60.1
508408792_364469825_0,55.0,59.25,55.66,52.6
508468642_268052100_0,65.0,66.65,61.98,60.2
508468644_268052112_0,65.0,68.4,58.49,60.25
508468645_255895613_0,65.0,64.49,58.11,60.85
508468645_2018623082_0,60.0,59.26,57.89,57.4
508468645_392094919_0,65.0,61.77,55.8,59.42
508468685_2018623082_0,60.0,58.58,47.91,54.3
508468685_262509817_0,60.0,58.05,50.34,52.1
508468685_508468686_0,60.0,58.63,49.91,54.0
508468686_508468685_0,60.0,58.63,49.91,54.0
508468691_2571094822_0,60.0,66.97,60.42,67.7
508468691_1728244056_0,65.0,64.32,63.13,67.4
508468692_1728244052_0,65.0,58.0,54.72,58.5
508468692_508468691_0,60.0,61.04,64.0,64.8
508468697_9603520631_0,65.0,62.88,52.29,57.2
508468697_392094919_0,65.0,61.05,56.65,57.92
508468706_508468697_0,65.0,61.05,58.23,57.42
508468706_1477708055_0,65.0,62.09,62.5,58.02
512260591_35081183_0,60.0,61.84,59.02,57.85
513307586_205735065_0,65.0,74.44,65.65,68.95
513307590_513307586_0,65.0,67.12,63.34,63.78
513307590_273098621_0,65.0,65.38,59.86,63.1
513324442_244301347_0,65.0,72.48,67.61,68.05
513324442_513324447_0,65.0,66.92,65.15,62.58
513324447_258174943_0,65.0,64.94,62.44,62.4
513842696_513842793_0,65.0,57.92,58.09,57.35
513842696_250227860_0,65.0,59.1,60.23,59.5
513842793_513842696_0,65.0,57.92,58.09,57.35
517348111_258168696_0,65.0,66.53,59.91,60.15
517348111_517348112_0,60.0,65.76,63.13,60.05
517348112_308843195_0,60.0,65.35,61.9,63.85
517350459_524334658_0,60.0,64.8,58.7,57.3
517350459_308843193_0,60.0,64.8,60.46,57.95
517350461_308843196_0,60.0,64.5,57.98,57.85
517350464_524334658_0,60.0,64.41,61.17,57.5
517350464_308843195_0,60.0,65.2,61.42,64.2
517350466_308843197_0,60.0,64.44,57.56,57.65
517358545_517358546_0,60.0,64.42,60.35,58.8
517358545_345314075_0,65.0,68.9,67.81,65.35
517358545_517358919_0,65.0,65.02,61.93,58.97
517358546_308843196_0,65.0,64.6,59.94,57.6
517358918_258170037_0,65.0,67.85,63.38,63.9
517358918_517358545_0,65.0,66.39,64.99,62.9
517358919_2701112369_0,65.0,64.56,63.84,58.6
517358919_258170037_0,65.0,69.66,67.67,63.45
517358919_114306901_0,65.0,72.35,67.99,68.15
517358919_517358545_0,65.0,65.02,61.93,58.97
518519062_2101411514_0,65.0,65.86,54.55,52.27
518519090_2775091580_0,65.0,71.32,62.77,60.6
518519090_2775136754_0,65.0,72.06,61.28,59.5
518519119_2820700524_0,65.0,68.29,67.76,61.65
518519120_2101423964_0,65.0,70.14,50.09,52.75
518519120_10989356698_0,65.0,67.32,56.75,52.6
518519120_2101423944_0,65.0,69.72,54.76,55.23
518519121_518519120_0,55.0,67.83,57.14,56.48
518538651_1272882223_0,65.0,72.69,64.72,59.25
518538651_1272882196_0,65.0,73.01,64.0,59.65
518538662_631193307_0,65.0,73.07,65.04,58.1
518700004_341232907_0,65.0,73.42,64.33,58.4
518745691_260481319_0,60.0,61.72,62.72,59.9
518745691_21227014_0,65.0,62.0,65.76,61.05
520374082_1511838180_0,65.0,62.48,58.66,59.85
520374082_1942968951_0,60.0,62.48,59.85,58.2
520374093_520374199_0,65.0,63.93,66.89,63.1
520374093_1855957347_0,65.0,65.56,64.71,62.65
520374160_1942968948_0,60.0,62.79,60.78,58.6
520374199_520374160_0,60.0,63.08,61.39,60.25
524322445_234725308_0,65.0,64.37,61.37,59.75
524322445_2757819768_0,65.0,64.06,61.86,60.05
524322445_255192645_0,65.0,62.67,58.58,60.0
524334658_517350466_0,60.0,64.29,60.05,57.65
524334658_517350461_0,60.0,64.43,59.7,57.9
528319147_479975901_0,65.0,74.97,65.37,66.65
528319147_9470916476_0,65.0,77.17,68.66,67.1
529844795_246991592_0,65.0,67.47,60.24,60.68
529844835_529844795_0,65.0,65.6,58.61,59.9
529844835_151411158_0,65.0,66.37,60.74,60.25
531580221_251755100_0,65.0,68.17,58.12,58.95
531580221_1731215528_0,65.0,68.93,62.35,60.25
531595669_308843203_0,65.0,65.6,60.26,60.87
531595669_251755102_0,60.0,64.96,57.05,60.02
531595729_531595669_0,60.0,64.15,58.94,62.15
531595729_1851687398_0,60.0,64.14,60.22,58.75
533903004_1492499679_0,60.0,60.39,52.57,56.1
533903004_250951335_0,60.0,59.79,52.87,56.15
534880067_2779856412_0,60.0,64.33,58.77,57.8
534880067_534880968_0,65.0,64.91,61.75,60.65
534880915_534881020_0,65.0,64.39,62.49,62.1
534880915_534883878_0,60.0,66.01,57.65,61.9
534880915_262505353_0,65.0,66.06,61.37,65.85
534880968_534881020_0,65.0,64.4,62.9,61.85
534880968_260479508_0,65.0,65.12,61.86,61.6
534881008_534881020_0,65.0,65.13,61.41,62.3
534881008_260479508_0,65.0,69.75,58.3,64.3
534881008_262505353_0,65.0,69.65,63.9,67.25
534881020_534880968_0,65.0,64.4,62.9,61.85
534881020_534881008_0,65.0,65.13,61.41,62.3
534881020_10967495238_0,65.0,65.96,59.2,63.2
534881020_534880915_0,65.0,64.39,62.49,62.1
534883878_1935805172_0,60.0,69.06,62.01,62.1
534883878_534880915_0,60.0,66.01,57.65,61.9
534883979_336126936_0,65.0,68.67,59.83,61.74
534888441_534888520_0,65.0,66.14,56.58,58.6
534888441_262978289_0,65.0,65.48,57.35,58.96
534888520_279131344_0,65.0,66.09,64.68,64.85
534888520_262978054_0,65.0,65.13,59.46,59.7
534888520_1126114820_0,65.0,65.32,54.25,55.26
535218096_21226396_0,65.0,70.01,64.81,67.55
535218096_234720687_0,65.0,68.95,62.93,59.65
535495566_205737751_0,65.0,65.85,67.17,65.37
535495566_273097335_0,65.0,70.76,66.89,68.15
535495568_535495566_0,65.0,72.06,69.09,70.55
535495568_205742380_0,65.0,73.64,68.22,69.45
536653663_3342868439_0,60.0,66.83,60.65,58.6
536653663_205742374_0,60.0,67.68,60.53,64.2
536653681_536653663_0,60.0,66.76,63.11,61.57
536653681_21227102_0,65.0,73.17,65.55,68.65
536752026_357256703_0,60.0,67.1,55.29,56.85
538082491_575902273_0,65.0,67.61,60.2,58.35
538836746_538837002_0,60.0,62.84,56.69,55.6
538836746_4368123359_0,60.0,63.07,56.84,56.15
538837002_538837379_0,60.0,62.88,58.98,55.15
538837379_1835259967_0,65.0,62.82,58.11,55.6
538837379_24576308_0,65.0,63.11,64.14,60.3
538838340_538837002_0,60.0,62.6,65.09,58.45
538838340_1942874538_0,60.0,63.08,57.31,58.4
538839250_538838340_0,60.0,62.9,60.16,58.6
538839250_1942874539_0,60.0,63.03,57.98,57.9
539068120_2943344080_0,70.0,78.08,67.06,68.15
539068131_539068551_0,65.0,78.51,65.6,67.15
539068131_539068286_0,65.0,73.8,65.55,65.7
539068286_776998580_0,65.0,74.05,60.54,63.72
539068546_745843750_0,60.0,70.37,57.98,57.66
539068546_745843750_1,60.0,71.13,57.95,58.29
539068550_539068286_0,65.0,73.62,60.02,64.15
539068550_539068551_0,65.0,73.48,65.0,65.05
539068551_260785963_0,65.0,77.21,64.63,67.15
539068551_539068120_0,65.0,73.13,65.39,65.95
539069910_2756013429_0,65.0,72.38,61.52,58.4
539069910_6879066261_0,70.0,71.79,59.22,60.7
539069960_654538358_0,65.0,71.12,60.97,59.6
539069966_660867310_0,65.0,72.25,56.45,58.75
539069966_654538329_0,65.0,71.13,56.48,57.05
539450431_1584878457_0,65.0,62.83,61.25,57.5
539454486_90563684_0,65.0,68.7,64.01,66.2
539454486_90583876_0,65.0,69.33,64.55,66.2
539454670_539454486_0,65.0,71.85,65.89,66.7
539454670_539462816_0,65.0,69.87,61.6,66.05
539454670_232868023_0,65.0,72.16,62.36,66.35
539462816_539454670_0,65.0,69.75,61.16,66.2
539462816_27588812_0,65.0,69.98,57.72,65.4
539462825_539454670_0,65.0,71.11,64.24,66.6
539462834_90583881_0,65.0,68.85,62.32,65.1
539462834_539462825_0,65.0,69.49,63.9,65.85
539462837_291888153_0,65.0,68.47,63.61,65.35
539462837_90583884_0,65.0,70.69,62.85,66.0
539562447_2212114971_0,65.0,66.44,61.4,58.65
539566073_269523485_0,65.0,64.59,66.41,69.9
539566073_264230956_0,65.0,65.08,65.64,68.3
539572044_3860546910_0,60.0,56.88,49.83,57.25
539572047_747115058_0,60.0,55.17,51.01,57.85
539572047_539572044_0,60.0,56.89,52.63,57.5
539628558_1952336365_0,65.0,58.29,58.36,57.05
539628642_1952336362_0,65.0,58.38,58.68,57.05
539807354_268052598_0,65.0,68.02,58.02,59.55
539807356_539807357_0,65.0,63.86,60.46,61.75
539807356_392098251_0,65.0,62.53,57.41,61.3
539807356_2691592118_0,65.0,65.52,59.27,58.45
539807357_539807356_0,65.0,63.86,60.46,61.75
539807357_2028754886_0,65.0,64.2,54.25,60.05
539807357_2446657172_0,65.0,63.26,59.31,61.35
539807359_268052132_0,65.0,60.97,63.05,61.5
539807359_2768169477_0,65.0,61.96,56.33,59.6
540709066_3832195021_0,65.0,61.32,60.78,60.95
540709066_21225803_0,65.0,62.19,62.81,62.8
540790325_538839250_0,65.0,62.33,65.32,58.4
542417408_243908536_0,65.0,64.17,59.16,60.5
542417408_3092093618_0,65.0,63.94,59.03,58.05
542417408_243908538_0,65.0,63.65,58.06,59.85
546264282_21226551_0,60.0,59.33,56.79,58.45
548663892_251290025_0,65.0,59.71,57.5,55.0
549904750_252204187_0,65.0,62.53,63.83,62.77
554198865_308931185_0,65.0,61.54,66.98,62.85
554198865_291257350_0,65.0,68.65,65.64,67.25
559773488_259985803_0,65.0,71.09,62.36,62.7
559773488_27555075_0,60.0,69.79,62.72,62.6
560429704_171206283_0,65.0,54.29,52.89,57.85
560857470_289641332_0,65.0,59.06,60.75,59.52
560857470_249778751_0,70.0,60.77,62.01,62.65
560857475_560857470_0,65.0,61.2,61.99,61.75
560857476_251165867_0,65.0,58.69,65.42,64.1
560857476_560857475_0,65.0,60.7,60.47,57.65
560857478_309106534_0,65.0,62.63,61.28,62.65
560857478_560857476_0,65.0,60.76,61.69,62.21
560860192_366934068_0,65.0,67.91,60.66,60.93
560860192_560860195_0,60.0,65.63,60.11,60.52
560860195_599962992_0,60.0,66.29,55.84,59.42
560860461_2790635605_0,65.0,63.35,52.11,53.65
560860461_262506084_0,60.0,63.26,53.63,53.75
560860461_592232642_0,60.0,63.46,50.79,53.4
560862695_1942874506_0,65.0,71.78,64.58,63.75
560862697_271355894_0,65.0,68.23,61.48,58.5
560862697_21663214_0,65.0,70.38,64.14,60.05
560867112_29137397_0,65.0,70.23,59.2,60.75
560867112_21389431_0,65.0,73.89,62.32,65.6
560870319_1479200175_0,65.0,60.38,60.93,62.35
560870319_21226498_0,65.0,62.02,60.48,62.5
560877195_520374082_0,60.0,62.29,60.63,57.8
560976659_257681614_0,65.0,78.86,65.93,63.25
560976659_2799122102_0,65.0,79.01,64.15,64.6
560976660_2799529699_0,65.0,79.59,64.8,62.8
560976660_560976659_0,65.0,78.8,63.61,63.35
560976661_560976659_0,65.0,81.76,65.2,66.05
560976661_560976660_0,65.0,79.5,63.1,64.0
560977640_539628642_0,65.0,58.98,60.35,57.5
560978370_21226201_0,60.0,73.56,62.74,62.4
560978370_1596427969_0,60.0,75.14,60.79,61.1
560979000_1279114637_0,65.0,78.56,56.27,58.75
560979000_306596758_0,65.0,78.3,56.59,58.25
560979001_1279114637_0,65.0,79.39,58.85,58.7
560983598_2610501062_0,65.0,70.16,61.44,62.55
560983598_232851092_0,65.0,67.49,58.77,62.15
560983818_5447650580_0,70.0,71.26,59.42,60.2
560983835_2268397404_0,65.0,64.9,58.9,55.65
560985377_578291738_0,65.0,70.59,60.11,61.77
560985377_27626626_0,60.0,71.48,61.01,62.3
560985377_690708934_0,60.0,69.95,59.02,60.62
560985548_615038970_0,65.0,73.7,64.03,63.77
560985548_311744234_0,65.0,69.76,61.76,63.45
560985548_8823682867_0,65.0,70.94,68.05,65.25
561070738_21226196_0,65.0,81.25,66.89,69.75
561070740_21226825_0,65.0,77.72,61.9,64.35
561070740_21226036_0,65.0,72.39,64.37,63.6
561071396_21225853_0,65.0,78.51,62.45,63.65
561071396_3231455586_0,65.0,77.85,60.13,61.0
561071396_561071399_0,60.0,74.9,60.94,60.65
561071399_29462486_0,60.0,74.33,55.47,58.35
561071399_561071396_0,60.0,74.9,60.94,60.65
561071399_29462479_0,65.0,74.92,60.21,58.0
562679457_29749456_0,55.0,62.38,53.36,54.9
562679457_29749450_0,55.0,62.46,56.08,54.2
562679467_562679457_0,55.0,63.57,54.61,54.15
562698874_286311988_0,60.0,63.37,55.92,57.7
562888026_562888029_0,65.0,76.4,68.17,66.9
562888029_562888026_0,65.0,76.4,68.17,66.9
562888029_268980782_0,65.0,73.3,70.06,67.15
562888029_13743647596_0,65.0,72.25,69.38,65.3
562888029_259780832_0,65.0,65.86,68.78,64.41
563283432_2907294415_0,65.0,75.2,70.83,68.9
563283437_563283438_0,65.0,64.48,59.19,58.75
563283437_1245605385_0,65.0,64.95,50.64,55.1
563283438_563283437_0,65.0,64.49,59.19,58.75
563283438_258889210_0,65.0,63.88,56.28,57.22
563283795_1367027621_0,65.0,70.88,61.42,59.3
563283795_102223647_0,65.0,71.34,59.79,58.9
563283796_563283795_0,65.0,70.57,60.49,59.3
564059225_102215711_0,65.0,70.85,56.47,59.88
564059225_250287947_0,65.0,72.04,58.44,57.8
564407255_2549284819_0,65.0,62.01,57.76,58.25
564407255_2025005579_0,65.0,61.47,59.82,60.45
564407255_3620182347_0,65.0,61.07,61.55,60.6
564408584_2614490861_0,65.0,61.2,58.07,59.3
564420484_249106107_0,65.0,60.28,58.74,59.65
564420484_249109306_0,65.0,59.92,55.67,57.2
564420487_2549099404_0,65.0,60.18,55.66,56.55
564420487_249109308_0,65.0,60.35,57.02,56.85
564456388_560867112_0,65.0,67.79,60.71,62.1
564456388_245476638_0,65.0,67.61,63.08,63.1
564684695_29089619_0,65.0,64.15,62.18,62.88
564684695_246989946_0,65.0,64.49,60.94,61.88
564684696_29089621_0,65.0,65.14,65.61,61.0
564684696_31367769_0,65.0,64.68,60.61,60.7
564684732_29089616_0,65.0,63.98,61.48,62.85
564684732_31367748_0,65.0,63.17,60.31,60.9
565657938_21226305_0,65.0,67.66,62.05,63.15
565657962_565657938_0,65.0,66.87,64.06,63.3
565657962_21226311_0,65.0,67.31,59.0,58.0
566145061_251618171_0,65.0,65.44,56.55,58.55
566145069_255895457_0,65.0,64.32,54.57,55.15
566145069_102240023_0,65.0,64.7,52.91,56.47
566145833_566145837_0,65.0,70.77,63.82,59.45
566145837_566145839_0,65.0,69.68,62.21,59.25
566145839_293784394_0,70.0,70.67,62.34,59.2
566145841_566145844_0,70.0,70.24,62.24,58.6
566145844_1523025465_0,65.0,69.36,60.4,59.75
566145848_293784383_0,65.0,69.25,61.9,59.3
566145848_566145833_0,65.0,69.61,62.3,59.65
566146036_566146077_0,65.0,66.75,52.95,56.05
566146036_8855347217_0,65.0,67.22,56.89,57.75
566146077_566146036_0,65.0,66.75,52.95,56.0
566180964_262508249_0,60.0,61.74,54.23,55.75
566181111_1236466486_0,65.0,66.44,59.45,60.8
566181111_1236466544_0,65.0,68.8,61.27,61.9
567851256_152196342_0,65.0,66.38,59.57,63.26
567851256_426857972_0,65.0,64.86,61.01,59.75
567863080_205746148_0,65.0,66.26,55.66,57.55
567863080_674813294_0,65.0,66.77,57.42,58.2
567863080_1251181340_0,65.0,67.0,57.65,58.3
567870060_141499796_0,65.0,65.85,59.69,60.2
567870060_2491530964_0,65.0,66.78,57.75,58.65
567871274_268799366_0,60.0,54.65,63.69,57.55
567871274_252392159_0,65.0,55.62,61.25,58.5
567871832_567872292_0,65.0,56.07,55.24,57.15
567872292_578254439_0,65.0,56.4,56.53,56.45
568218944_1477751191_0,65.0,69.62,60.44,60.65
568218944_2820730583_0,65.0,69.77,60.94,61.1
568219183_2101408735_0,60.0,64.06,55.37,56.95
568219507_2101408735_0,60.0,69.2,56.13,56.9
568220034_3807720782_0,65.0,69.09,62.3,62.48
568220049_13446661572_0,60.0,60.43,49.83,51.7
568220050_568220053_0,60.0,62.05,50.18,50.15
568220050_2706975651_0,60.0,62.61,50.72,50.4
568220050_917569477_0,60.0,61.59,53.29,49.9
568220053_568220050_0,60.0,62.05,50.18,50.15
568220053_943028857_0,55.0,60.04,51.2,50.6
569783791_249169497_0,65.0,62.61,62.63,61.0
569783791_569783852_0,60.0,64.68,62.57,60.3
569783852_569784282_0,65.0,61.9,64.79,57.7
569783852_1550365220_0,65.0,63.24,64.73,60.05
569784282_569784446_0,60.0,61.84,60.08,59.55
569784446_1775262782_0,60.0,61.9,59.68,59.0
569784522_24576303_0,65.0,63.25,65.15,60.75
569784538_569784522_0,65.0,64.29,61.81,61.0
569784538_569784543_0,65.0,63.29,61.94,60.0
569784543_249169496_0,60.0,63.48,59.81,60.2
573350451_886417879_0,65.0,65.98,60.51,56.65
573350451_267212403_0,60.0,65.8,60.18,55.55
574335254_269790658_0,60.0,71.35,60.47,59.9
574335255_574335260_0,60.0,71.11,58.12,60.15
574335255_269790658_0,60.0,72.57,59.42,60.3
574335260_574335255_0,60.0,71.11,58.12,60.15
574335260_269790654_0,65.0,71.34,56.31,53.85
574417688_27653930_0,60.0,63.79,60.15,59.15
574701291_9468295598_0,65.0,70.12,65.78,64.5
574832151_429185334_0,65.0,75.4,68.63,69.7
574834000_574834152_0,65.0,69.02,59.73,58.85
574834000_430803934_0,65.0,68.56,61.11,58.7
574834152_430803919_0,65.0,68.9,63.27,57.85
574834152_102224101_0,65.0,69.17,62.4,61.7
574834310_21225950_0,65.0,69.09,64.18,60.75
574834310_499514769_0,65.0,67.41,64.66,60.1
574839870_305600490_0,60.0,65.63,58.26,57.8
574883601_31367180_0,65.0,64.48,69.58,64.7
574883691_574889251_0,65.0,72.78,59.92,60.8
574885786_271760027_0,65.0,72.12,54.8,61.5
574885786_271759935_0,60.0,68.51,57.85,60.35
574886004_1006145245_0,60.0,67.12,55.75,54.95
574886004_271760031_0,60.0,66.68,54.76,55.0
574886004_271759938_0,60.0,66.62,54.79,54.95
574886408_2688272769_0,60.0,66.2,54.94,57.4
574886408_574886451_0,55.0,65.84,56.09,57.75
574886408_1006145266_0,60.0,66.49,53.26,56.15
574886451_271198445_0,60.0,66.75,55.97,57.8
574886451_574886525_0,60.0,65.72,51.68,56.15
574886451_574886408_0,55.0,65.84,56.09,57.75
574886525_574886451_0,60.0,65.73,51.68,56.15
574886666_271198445_0,55.0,66.22,55.68,57.25
574886666_270263648_0,55.0,65.92,57.99,58.9
574886666_1006145265_0,55.0,65.42,54.22,57.05
574886837_1006145295_0,55.0,64.82,53.1,55.75
574886845_1006145295_0,55.0,64.96,53.51,54.65
574886845_574887038_0,55.0,65.07,54.12,55.45
574886845_574886866_0,55.0,64.98,56.61,55.6
574886866_574886845_0,55.0,64.98,56.61,55.5
574887034_574887038_0,55.0,64.85,55.02,56.2
574887038_574887034_0,55.0,64.85,55.02,56.2
574887038_574886845_0,55.0,64.99,54.07,55.5
574887038_10185558799_0,55.0,64.91,53.21,57.2
574889251_270252706_0,65.0,73.21,56.98,59.6
574889251_574892823_0,65.0,76.2,59.91,60.9
574892823_574892834_0,65.0,74.45,59.32,61.15
574892823_574903546_0,65.0,73.93,58.95,60.35
574892834_574911704_0,65.0,76.0,58.18,60.95
574892834_21226912_0,65.0,74.24,58.17,61.2
574897018_574892834_0,65.0,73.74,58.27,59.85
574899887_2358334926_0,65.0,73.1,56.72,60.55
574899887_2706701501_0,65.0,73.63,59.03,60.05
574903546_21227039_0,65.0,74.7,58.8,58.05
574911704_574889251_0,65.0,74.86,58.42,61.35
574911704_2358334891_0,65.0,75.71,58.91,60.95
574922639_31367386_0,65.0,67.55,70.16,59.9
574931502_2864754236_0,60.0,68.78,58.35,57.65
574931502_621160480_0,65.0,68.82,58.62,57.85
574931507_1518866697_0,60.0,71.0,61.37,57.6
574931507_621160501_0,55.0,66.66,55.12,58.7
574931507_2864754236_0,60.0,69.4,61.17,57.95
574931512_1518866654_0,60.0,67.43,58.88,58.3
574931512_574931526_0,60.0,67.36,56.29,57.4
574931512_1134148174_0,55.0,67.22,59.54,58.1
574931512_2786262020_0,60.0,68.63,60.5,58.35
574931526_574931512_0,60.0,67.36,56.29,57.4
574931526_2786429828_0,55.0,68.4,59.84,57.1
574931528_621172064_0,60.0,64.68,56.69,57.8
574931528_1518866624_0,60.0,67.5,57.29,57.9
574931532_2786261897_0,60.0,64.55,56.68,56.2
574931532_574931534_0,60.0,64.31,55.8,55.8
574931534_2101499428_0,65.0,63.68,55.84,53.75
574931534_574931532_0,60.0,64.21,56.08,55.75
574934038_1006145452_0,65.0,69.32,58.04,59.5
574934038_1006145361_0,60.0,69.68,60.55,58.8
574968981_1107696106_0,65.0,66.94,58.84,57.65
574968981_282557080_0,65.0,65.27,55.64,58.75
574987348_1846855002_0,60.0,63.74,65.83,62.9
574987348_31013184_0,60.0,68.37,62.98,64.9
574987348_242938125_0,60.0,67.66,61.58,64.7
574993746_9238787283_0,60.0,68.16,61.76,62.51
574993746_9238787285_0,60.0,70.35,62.72,63.05
574993746_206146658_0,55.0,65.94,55.84,60.82
574997666_2747568358_0,60.0,75.71,63.72,62.3
574997666_29462472_0,60.0,73.87,61.42,63.35
575902273_1918749586_0,70.0,67.42,67.23,58.85
575902273_3780459584_0,65.0,68.23,57.29,56.8
575902273_3780509463_0,70.0,67.7,59.86,57.85
575902273_538082491_0,65.0,67.63,61.73,58.35
575946007_2755769774_0,60.0,61.67,62.32,58.75
575946007_31370858_0,60.0,59.54,59.22,59.6
575950615_259508081_0,60.0,70.48,53.88,56.15
575950615_2806774103_0,60.0,70.17,52.44,56.65
575950620_260786356_0,65.0,70.04,55.53,56.8
575950620_267250277_0,65.0,69.89,54.83,56.1
575950620_2806774110_0,65.0,70.06,55.07,56.65
575950920_245557033_0,60.0,74.59,56.52,58.5
575950920_2311022903_0,55.0,72.18,56.98,56.7
575950974_575950920_0,65.0,74.61,55.28,58.45
575950974_267405914_0,65.0,71.82,55.16,58.0
575952000_259508075_0,65.0,76.78,61.13,61.0
575952000_776998568_0,65.0,74.23,60.48,60.2
575952000_267405912_0,65.0,74.02,59.61,59.35
576276928_1856166052_0,55.0,59.05,54.29,55.5
576280841_253310981_0,60.0,60.02,61.64,57.25
576280841_286819538_0,65.0,59.96,57.62,60.05
576702785_269520241_0,65.0,62.61,62.14,66.95
576702788_1110165069_0,65.0,56.11,59.79,60.75
576702788_264264063_0,65.0,55.52,53.89,58.1
576702790_576702788_0,65.0,57.04,57.01,61.1
576702790_268800840_0,65.0,62.14,60.79,65.0
576703243_1383498715_0,65.0,64.75,59.87,62.05
576703243_27551149_0,60.0,64.04,57.35,62.95
578254439_279798483_0,65.0,57.15,61.55,56.15
578256340_279805806_0,60.0,55.14,51.89,55.4
578256340_578254439_0,65.0,55.59,57.98,55.55
578278053_1575660439_0,65.0,54.88,54.79,53.5
578278053_88229207_0,65.0,53.37,46.39,52.05
578291738_582770732_0,60.0,71.75,58.14,59.5
578863874_1838905872_0,65.0,62.66,53.07,55.75
578863874_1838927795_0,65.0,61.21,52.69,55.75
580018632_250151734_0,65.0,67.14,59.39,61.82
580018632_250151559_0,60.0,62.33,54.74,61.78
580018633_250155747_0,65.0,59.27,51.02,55.7
580018633_580018632_0,65.0,61.39,57.77,54.8
581014672_29749483_0,65.0,66.98,63.48,62.5
581014672_2138169413_0,65.0,69.28,67.96,62.5
582642212_582642222_0,65.0,69.44,61.9,60.0
582642212_206144566_0,65.0,72.1,63.74,62.3
582642222_2837565683_0,65.0,69.27,61.34,59.65
582642222_582642223_0,65.0,70.96,60.78,61.0
582642223_2915807145_0,65.0,69.66,64.13,63.3
582642223_582642231_0,65.0,69.81,60.71,59.55
582642231_582642212_0,65.0,73.01,64.76,62.6
582644484_615044973_0,60.0,67.84,63.81,63.6
582644484_582645232_0,65.0,66.11,62.58,62.75
582644507_1937808721_0,65.0,66.12,62.64,60.5
582644507_29750051_0,65.0,64.45,60.47,58.97
582644507_344806230_0,65.0,68.67,66.03,62.45
582644935_248460788_0,65.0,66.12,60.33,60.9
582644935_2659342435_0,65.0,67.49,60.66,60.1
582644995_582644484_0,65.0,65.92,61.41,62.45
582644995_246993195_0,65.0,69.3,63.43,64.45
582645232_344806231_0,65.0,70.17,62.55,65.5
582645232_582645233_0,65.0,65.64,62.07,61.55
582645233_28836319_0,65.0,65.79,60.33,59.35
582645233_1937726697_0,65.0,65.44,58.05,57.9
582646754_2798584156_0,65.0,67.93,62.84,61.4
582660121_2548720670_0,65.0,67.05,57.53,58.45
582770721_2567775506_0,65.0,64.54,63.23,58.25
582770721_256036018_0,65.0,63.4,59.97,64.25
582770725_256037203_0,60.0,60.09,54.88,55.88
582770725_256039404_0,60.0,60.48,52.3,53.75
582770725_256035233_0,60.0,60.76,52.98,53.95
582770732_311744234_0,60.0,69.35,57.51,58.8
582770732_21226854_0,65.0,71.4,58.88,61.85
582868101_5113959882_0,65.0,71.71,63.62,61.05
582868101_3775419409_0,65.0,70.07,59.41,58.95
582868123_643630937_0,65.0,72.04,59.06,58.55
582868123_1320849669_0,70.0,65.57,63.73,55.5
582868440_582868507_0,65.0,69.31,59.28,62.1
582868507_582868440_0,65.0,69.31,59.28,62.1
582868507_334512961_0,65.0,65.66,53.92,60.25
582868507_249390532_0,65.0,69.36,55.0,61.85
582868659_582868683_0,65.0,70.75,59.49,58.1
582868659_5113959891_0,65.0,71.17,64.03,60.9
582868683_582868686_0,65.0,71.37,62.67,59.65
582868686_582868699_0,65.0,71.41,62.57,59.9
582868699_2875107784_0,65.0,71.35,62.99,59.83
582868708_582868659_0,65.0,70.65,59.22,59.42
582869054_5451379968_0,65.0,77.8,62.34,62.2
582869065_2872769320_0,65.0,75.69,62.98,62.8
582869065_2055285233_0,65.0,77.66,63.14,62.5
582869126_2055285229_0,65.0,76.78,59.11,60.15
582869126_297919511_0,65.0,74.57,61.62,60.8
582869613_344814456_0,65.0,67.09,62.06,60.8
582872229_1178999482_0,55.0,59.63,50.87,56.65
582872229_249372202_0,55.0,58.66,54.97,56.4
582872229_6419699937_0,55.0,57.72,49.7,53.95
582875048_1137778150_0,60.0,73.95,62.44,60.7
583043036_3818673490_0,60.0,73.04,58.16,57.9
583043036_583043033_0,60.0,73.02,59.19,57.3
583065571_4083404166_0,60.0,66.6,61.91,63.15
583065571_258073122_0,65.0,69.07,56.63,64.0
583065590_309666490_0,65.0,69.7,59.11,59.7
583066524_357256689_0,60.0,67.41,60.23,60.1
583066682_583066692_0,65.0,68.0,57.33,57.45
583066682_357257353_0,65.0,67.42,57.62,56.7
583066692_1800607291_0,65.0,68.43,55.09,58.35
583066693_357257792_0,65.0,68.38,63.36,62.3
583066693_583066701_0,65.0,67.74,61.12,57.8
583066701_357258565_0,65.0,68.87,58.07,59.4
583223041_2719954692_0,60.0,61.44,52.54,57.25
583223046_2719954709_0,60.0,60.75,47.39,52.85
583223055_583223046_0,60.0,60.87,52.82,52.2
583223055_2776300550_0,65.0,62.29,53.2,52.45
583223067_583223055_0,60.0,61.59,51.41,53.1
583223605_387678320_0,60.0,61.09,51.87,54.35
583223690_292663112_0,60.0,61.88,49.86,53.65
583223690_292663121_0,60.0,61.98,49.97,53.55
583224920_292663048_0,60.0,62.05,57.73,58.98
583396871_269758382_0,60.0,73.13,64.08,59.6
583396871_269790651_0,65.0,74.25,61.47,60.85
583399853_271198949_0,55.0,60.44,49.54,51.65
583399853_271199008_0,55.0,61.95,46.59,55.55
583400742_583401039_0,60.0,63.02,51.56,55.85
583400742_583402279_0,60.0,62.69,51.3,57.05
583400743_2609125398_0,60.0,63.77,54.16,58.2
583400743_583400742_0,60.0,63.5,51.09,57.45
583400748_583400756_0,60.0,62.09,48.24,53.9
583400756_2694596383_0,55.0,62.44,48.34,54.35
583400756_583400748_0,60.0,62.09,48.24,53.9
583400756_583401039_0,60.0,62.62,48.41,55.45
583400786_2694596379_0,55.0,64.3,53.37,55.2
583400786_2694596377_0,55.0,64.51,54.15,56.2
583400786_2887073950_0,55.0,63.27,50.51,52.35
583401039_583400756_0,60.0,62.62,48.41,55.45
583401039_583400742_0,60.0,63.0,53.01,55.9
583401039_2714434294_0,60.0,62.96,46.86,53.95
583401308_271198945_0,60.0,60.69,52.77,52.9
583402279_2694596385_0,60.0,62.09,48.4,54.65
583402279_271198946_0,60.0,61.78,47.63,54.4
583402304_271199073_0,55.0,63.72,57.13,58.95
583402304_2609125396_0,60.0,63.11,51.72,56.35
583402304_583402306_0,60.0,62.92,52.33,55.8
583402306_583402304_0,60.0,62.94,52.45,55.8
583510079_1974252411_0,65.0,66.86,67.51,63.8
583510079_1974252435_0,65.0,70.09,67.76,63.8
587529092_746007218_0,65.0,59.01,60.63,59.8
587529092_281439903_0,60.0,58.2,63.01,59.48
587537264_1271169233_0,65.0,65.25,57.46,56.85
587537273_1271169130_0,60.0,65.24,56.99,56.95
587537273_587537280_0,60.0,65.22,56.7,56.8
587537280_587537282_0,65.0,65.31,55.84,56.9
587537282_1271169178_0,65.0,65.34,58.69,57.15
587537282_1271169105_0,65.0,65.43,58.76,57.2
587537294_1271169018_0,65.0,65.26,59.38,57.85
587537294_587537264_0,65.0,65.47,58.17,56.95
587710951_27653950_0,60.0,62.82,58.86,59.2
589999848_253311349_0,60.0,61.32,53.4,53.85
589999860_253311193_0,55.0,61.21,52.65,54.0
589999860_253311350_0,60.0,61.67,52.92,54.65
589999860_253311348_0,60.0,61.3,50.62,54.25
590020602_410792184_0,60.0,64.71,54.78,57.7
590020602_410792185_0,65.0,63.72,55.78,55.4
590020602_275696373_0,60.0,66.55,65.21,60.49
590020602_251786680_0,60.0,66.7,60.08,59.95
590907107_95769557_0,65.0,66.74,60.09,60.75
590907107_2760375562_0,65.0,65.23,63.94,60.7
590907107_2042971295_0,65.0,70.28,60.83,63.35
590907107_1584849044_0,65.0,66.69,64.72,62.95
590969003_258937168_0,60.0,68.68,62.16,57.5
590969035_21226290_0,60.0,66.39,59.96,59.75
590969035_259985801_0,60.0,66.3,60.72,60.9
592232642_1739262591_0,60.0,63.79,53.13,52.9
592232642_560860461_0,60.0,63.46,50.79,53.4
592354629_256575039_0,65.0,68.67,70.27,66.25
592354629_1110323884_0,65.0,68.63,70.86,66.45
592354637_256575041_0,65.0,69.18,69.69,67.95
592354664_592354629_0,65.0,69.23,71.43,67.35
595321645_280524849_0,60.0,73.95,55.59,55.7
595321645_248291955_0,65.0,76.51,60.68,64.0
595325090_2799636705_0,65.0,80.67,61.42,62.8
595325090_776998427_0,65.0,76.98,61.21,62.35
595327336_29462535_0,65.0,82.22,61.7,64.65
595334034_595337965_0,65.0,76.9,59.58,60.6
595334034_2702823485_0,65.0,77.8,57.39,61.15
595334035_31367672_0,65.0,78.34,58.4,61.95
595334035_2702823465_0,65.0,76.63,57.93,60.55
595334474_595337947_0,65.0,77.4,57.07,60.8
595334474_595334035_0,65.0,78.11,59.42,61.65
595336727_260784673_0,65.0,75.2,57.29,60.6
595337947_595334034_0,65.0,77.13,59.29,60.9
595337965_595334035_0,65.0,77.33,58.23,60.75
595338324_31011298_0,65.0,77.14,59.39,60.7
595338330_370666488_0,65.0,75.02,59.03,60.46
595646737_3501230246_0,60.0,71.69,54.05,53.75
595646737_12285838079_0,60.0,71.6,54.02,55.0
596363449_2702803938_0,65.0,68.53,57.57,59.77
596363449_262507565_0,65.0,66.7,56.63,57.35
596363451_596363449_0,65.0,68.14,59.53,57.85
596363451_1271169134_0,65.0,66.94,59.29,59.6
596363451_1505193987_0,65.0,69.71,60.57,61.12
596370824_596370827_0,65.0,68.31,63.51,57.05
596370824_3780507105_0,65.0,70.67,59.27,58.05
596370824_255895473_0,65.0,70.66,61.38,57.95
596370827_262978503_0,65.0,67.67,58.77,58.0
596370827_596370830_0,65.0,68.15,57.32,59.55
596370827_255895473_0,65.0,69.82,62.11,57.4
596370830_262978516_0,65.0,67.89,57.38,60.55
596370830_2404068034_0,65.0,71.86,64.1,64.2
596370830_260479139_0,65.0,71.71,63.54,63.85
596783246_596789929_0,60.0,66.01,59.68,58.85
596783246_241468254_0,60.0,66.91,64.56,60.2
596789929_1993811468_0,65.0,68.29,60.91,62.7
596789929_258035808_0,65.0,66.01,57.31,58.4
597403133_27552319_0,65.0,68.64,68.27,65.45
597403133_27552317_0,65.0,74.28,64.01,68.85
597406829_597406836_0,60.0,67.25,55.16,59.45
597406829_597406840_0,65.0,66.9,57.43,58.75
597406836_2836056031_0,60.0,65.46,55.44,58.9
597406840_2836045802_0,65.0,65.84,58.71,59.65
597406847_597406873_0,60.0,65.54,59.37,57.9
597406847_597406840_0,60.0,65.79,60.2,58.6
597406847_597406836_0,60.0,65.32,56.67,58.05
597406853_597406847_0,60.0,65.68,56.76,59.0
597406854_597403133_0,65.0,72.15,63.58,68.55
597406854_2836045802_0,65.0,65.86,62.33,63.75
597406856_127814147_0,65.0,72.79,67.04,68.0
597406859_2836045802_0,60.0,66.22,62.28,61.3
597406873_597406853_0,60.0,65.78,57.94,59.35
597406873_597406892_0,60.0,65.66,60.27,59.55
597406880_4060187698_0,60.0,65.17,57.34,57.4
597406880_597406884_0,60.0,64.95,56.69,57.45
597406884_262504995_0,60.0,65.75,56.96,60.4
597406892_597406853_0,60.0,65.62,59.92,60.25
597406892_597406859_0,60.0,65.78,62.46,62.4
597406892_597406895_0,60.0,65.6,55.28,60.2
597406895_2480256949_0,60.0,69.67,58.98,61.85
597406896_597406895_0,65.0,69.39,56.53,59.95
597406896_597406897_0,60.0,65.49,55.06,58.65
597406897_597406880_0,60.0,65.23,53.36,58.5
597406897_597406899_0,60.0,65.5,59.25,58.6
597406899_597406896_0,60.0,69.13,55.51,59.75
597406901_2480256954_0,65.0,74.04,63.74,66.3
597408489_597406899_0,60.0,69.7,56.59,59.75
597408496_2836061394_0,65.0,69.79,61.36,63.45
597408497_2836077942_0,65.0,71.74,61.88,63.85
597408500_2836077926_0,65.0,71.3,63.19,63.2
597408503_597408505_0,65.0,70.47,61.59,63.75
597408505_2836077915_0,65.0,71.79,59.67,63.85
597469569_1490014709_0,65.0,68.98,62.21,64.2
597469569_429234303_0,65.0,73.81,63.01,65.1
597470885_597470893_0,65.0,70.39,58.7,61.05
597470886_597469569_0,65.0,72.3,60.12,63.25
597470886_597470885_0,65.0,66.24,62.87,59.7
597470887_597470895_0,65.0,66.8,64.13,60.25
597470887_1942795214_0,65.0,66.76,62.45,62.4
597470893_597470894_0,65.0,71.0,62.87,59.85
597470893_597470887_0,65.0,66.26,63.15,57.75
597470894_1942795215_0,65.0,67.96,65.69,63.65
597470894_1942795216_0,65.0,72.1,63.56,59.85
597470895_597470886_0,65.0,70.98,58.71,61.85
597470895_597470887_0,65.0,66.8,64.13,60.25
598281600_2716010758_0,65.0,69.08,57.75,57.35
599878618_664155007_0,60.0,67.76,63.75,63.65
599878618_254073174_0,60.0,63.78,63.59,62.2
599962992_592232642_0,60.0,65.72,56.37,58.5
599962992_9965801418_0,65.0,65.03,51.62,57.35
599962992_262505338_0,60.0,70.33,59.39,61.05
606555936_271050406_0,65.0,74.27,63.01,61.05
606555936_260785851_0,65.0,72.34,58.83,60.75
606557921_747373764_0,60.0,71.11,60.69,56.6
606557926_606557921_0,65.0,70.77,59.55,56.7
606557926_3724240146_0,60.0,71.07,55.19,56.65
606557930_747373764_0,65.0,71.27,60.29,56.7
606557930_606557926_0,60.0,70.79,57.67,56.9
606557930_606557921_0,65.0,70.97,62.74,57.8
606562371_292844887_0,65.0,72.73,57.66,58.2
606562371_606557930_0,65.0,71.78,58.91,57.55
606562371_295275463_0,60.0,71.73,55.24,58.27
610286541_251700027_0,60.0,59.72,61.12,63.0
610317117_648626724_0,60.0,68.17,60.22,61.55
610317117_249453837_0,65.0,69.65,61.62,62.6
611608893_1935805181_0,60.0,67.41,58.87,59.4
615032356_31367745_0,65.0,74.31,66.52,66.4
615032356_615037004_0,65.0,67.91,74.9,70.15
615032359_9307279956_0,65.0,75.6,67.45,67.0
615032359_615032364_0,65.0,75.45,67.33,67.45
615032362_615037164_0,65.0,68.24,63.28,62.38
615032363_615032366_0,65.0,73.57,67.63,67.35
615032364_615032362_0,65.0,72.95,65.0,67.2
615032366_9307279956_0,65.0,75.35,69.21,66.85
615032371_990488493_0,65.0,70.13,66.91,69.9
615037004_615037007_0,65.0,67.18,61.62,61.37
615037004_303499684_0,65.0,66.16,58.16,61.86
615037007_303499684_0,65.0,66.02,61.93,61.63
615037007_303499679_0,60.0,66.76,61.94,60.74
615037013_1339929004_0,65.0,64.39,58.91,57.6
615037161_615037162_0,65.0,69.65,65.0,61.8
615037161_11014094887_0,65.0,75.64,67.91,65.55
615037162_615037163_0,65.0,68.48,62.4,62.37
615037162_1209230615_0,65.0,68.44,64.77,62.13
615037163_615037165_0,65.0,67.49,62.62,63.0
615037163_615037950_0,65.0,66.98,60.35,60.75
615037163_615037162_0,65.0,68.48,62.4,62.37
615037164_615037950_0,65.0,67.62,61.9,62.0
615037164_615037952_0,65.0,68.23,60.59,61.43
615037165_615037163_0,65.0,67.49,62.62,63.0
615037950_615037163_0,65.0,66.98,60.35,60.75
615037952_615041504_0,65.0,68.9,65.8,64.7
615038970_560985548_0,65.0,73.7,64.03,63.77
615038970_615041446_0,60.0,71.19,63.55,62.72
615038970_615041500_0,65.0,70.17,62.58,62.62
615041446_21226954_0,65.0,72.78,63.63,64.42
615041494_2888859480_0,65.0,69.82,58.28,58.23
615041494_615041496_0,65.0,67.26,58.95,54.95
615041496_4073893033_0,65.0,66.03,56.11,58.65
615041496_2888859480_0,65.0,67.68,58.45,56.95
615041500_615041502_0,65.0,67.99,62.19,60.4
615041500_1209230612_0,65.0,68.72,61.13,60.8
615041500_615038970_0,65.0,70.17,62.58,62.62
615041500_1209230615_0,65.0,68.5,62.09,60.35
615041502_615041500_0,65.0,67.99,62.19,60.4
615041504_615041502_0,65.0,70.61,64.37,63.95
615041504_11422490375_0,65.0,70.65,68.84,65.85
615043866_344806105_0,60.0,72.17,63.19,63.45
615043866_8038367636_0,65.0,68.91,62.05,62.8
615043867_344806107_0,60.0,69.1,62.3,62.95
615043867_615043866_0,60.0,69.57,62.13,62.0
615044973_13919640_0,60.0,69.62,63.44,64.03
615044973_417409059_0,60.0,67.0,62.87,63.4
615044973_615043867_0,60.0,68.31,61.66,62.6
617163989_2820206945_0,60.0,64.22,50.01,52.55
617163989_232901823_0,65.0,63.8,48.2,52.6
617163989_29137459_0,60.0,64.69,53.54,54.05
617164726_29137458_0,65.0,62.65,52.71,49.25
618006657_21225818_0,65.0,82.08,62.87,65.1
618006657_29270172_0,65.0,80.03,59.86,63.5
621160480_621160521_0,60.0,66.26,57.48,57.8
621160480_2786125589_0,65.0,67.13,59.19,58.55
621160480_574931502_0,65.0,68.82,58.62,57.85
621160492_1518866703_0,60.0,66.28,53.52,56.3
621160492_621160501_0,55.0,65.38,52.61,55.55
621160492_1518866707_0,55.0,65.38,54.22,54.85
621160501_1134148259_0,55.0,64.74,53.5,54.7
621160501_574931507_0,55.0,66.66,55.12,58.7
621160501_621160492_0,55.0,65.39,52.04,55.6
621160511_2864754236_0,55.0,66.11,57.07,57.85
621160521_621160480_0,60.0,66.26,57.48,57.8
626841126_249169494_0,60.0,65.51,64.77,61.35
626841126_540790325_0,60.0,62.43,64.09,59.3
631193290_1272882223_0,65.0,73.08,61.85,58.05
631193290_518538662_0,65.0,73.09,65.77,58.4
631193307_5434297275_0,65.0,75.15,62.3,58.2
631194215_631194232_0,60.0,75.59,58.11,58.2
631194232_631194240_0,60.0,75.55,57.96,57.8
631194240_631194254_0,65.0,75.73,58.99,57.25
631194254_2716230975_0,65.0,75.96,57.96,58.25
631194254_3815277087_0,65.0,76.15,60.51,57.3
631194275_3815277089_0,65.0,75.59,61.0,59.4
631194275_631194215_0,65.0,75.72,59.31,58.15
631311471_9808078985_0,60.0,73.86,66.3,63.9
631311471_355234339_0,65.0,73.74,66.26,62.5
631311471_2721545883_0,65.0,72.01,61.73,63.0
631311472_729314071_0,65.0,70.6,65.24,62.1
631311472_11055526315_0,65.0,72.2,67.58,62.7
631311473_729314071_0,60.0,70.44,62.94,63.05
631311473_429173181_0,65.0,71.26,65.2,67.65
631311473_3969593255_0,65.0,71.4,67.08,60.05
632903254_632903257_0,65.0,68.37,58.34,56.85
632903254_249455272_0,60.0,70.63,56.84,58.3
632903254_2987557917_0,60.0,71.24,56.76,61.48
632903257_632903261_0,65.0,67.53,50.75,54.4
632903257_632903254_0,65.0,68.37,58.34,56.85
632903257_2795806033_0,65.0,67.08,52.26,53.85
632903261_632903257_0,65.0,67.53,50.75,54.4
632927290_21227136_0,65.0,70.77,61.75,61.22
632927290_245557374_0,65.0,69.89,61.0,61.6
634639442_2798944729_0,65.0,69.82,59.1,58.45
634639442_401363867_0,65.0,69.63,61.94,58.25
634639444_654538414_0,65.0,69.21,61.24,59.55
634639444_4073893000_0,65.0,69.03,60.69,59.8
634639444_650823354_0,55.0,66.53,55.07,54.7
634639621_634639623_0,65.0,70.33,62.07,59.7
634639621_650823331_0,60.0,66.76,58.98,55.15
634639621_256704429_0,65.0,70.39,62.12,59.45
634639623_634639624_0,65.0,69.5,61.38,60.05
634639623_634639621_0,65.0,70.33,62.07,59.7
634639623_650823334_0,60.0,66.27,58.66,55.2
634639624_634639646_0,65.0,68.55,61.01,60.9
634639624_634639623_0,65.0,69.5,61.38,60.05
634639624_650823335_0,60.0,65.74,55.69,55.65
634639636_634639638_0,65.0,68.95,60.14,60.4
634639636_634639646_0,65.0,68.83,61.03,60.7
634639636_650823345_0,60.0,66.32,53.66,56.1
634639638_634639636_0,65.0,68.95,60.14,60.4
634639638_634639639_0,65.0,69.77,61.06,59.8
634639638_650823347_0,60.0,66.5,53.64,56.05
634639639_634639638_0,65.0,69.77,61.06,59.8
634639639_650823340_0,60.0,66.97,54.54,57.85
634639639_634639641_0,65.0,70.57,60.27,59.75
634639641_650823342_0,60.0,67.11,55.88,58.15
634639641_249454552_0,65.0,69.92,59.41,60.0
634639641_634639639_0,65.0,70.57,60.27,59.75
634639646_634639624_0,65.0,68.55,61.01,60.9
634639646_634639636_0,65.0,68.83,61.03,60.7
634639646_1279803188_0,55.0,66.0,54.31,53.9
634639673_634639442_0,60.0,67.17,57.56,56.1
634639673_650823361_0,60.0,66.55,53.02,54.4
636104764_370450213_0,65.0,74.9,56.3,62.1
636104764_2706777771_0,65.0,75.71,59.76,61.25
636104982_2727111723_0,65.0,63.05,54.73,57.5
643630933_582868123_0,65.0,72.83,59.19,59.1
643630937_660867352_0,65.0,73.2,62.72,59.69
643630937_643630941_0,65.0,71.78,61.16,57.1
643630941_655335111_0,65.0,72.71,61.91,57.5
645389883_21226863_0,55.0,64.06,51.74,50.1
645389883_654538420_0,60.0,62.22,53.47,53.4
645389883_645389887_0,60.0,62.92,51.93,52.4
645389887_645389902_0,60.0,63.02,54.48,52.2
645389887_645389902_1,60.0,62.99,54.0,53.7
645389887_645389883_0,60.0,62.91,51.93,52.4
645389902_654538418_0,60.0,63.99,53.15,53.95
645389902_645389887_0,60.0,62.99,54.0,53.7
647201955_259599333_0,65.0,63.06,56.57,58.6
647201955_648653690_0,65.0,65.07,53.79,57.2
648626680_249453741_0,65.0,67.1,58.66,54.9
648626680_654538405_0,65.0,68.08,60.37,58.65
648626680_249454559_0,65.0,68.58,58.59,59.7
648626703_648626704_0,55.0,65.8,50.02,51.85
648626704_648626703_0,55.0,65.8,50.02,51.85
648626704_1279803131_0,55.0,65.69,49.68,52.7
648626704_648626743_0,55.0,65.81,50.55,54.03
648626721_648626724_0,60.0,67.85,60.36,60.95
648626721_610317117_0,60.0,68.75,59.65,62.2
648626724_249454554_0,60.0,67.52,57.1,59.95
648626729_648626768_0,55.0,64.85,53.36,56.05
648626743_648626704_0,55.0,65.81,50.55,54.03
648626743_249454554_0,60.0,66.45,58.34,58.9
648626747_650823358_0,55.0,65.02,51.41,56.3
648626747_648626768_0,55.0,65.27,52.69,55.65
648626747_648626762_0,55.0,65.48,60.48,57.9
648626762_615041494_0,60.0,67.19,60.36,59.85
648626766_655335170_0,60.0,65.1,54.17,55.38
648626766_655335153_0,60.0,66.84,62.35,59.48
648626766_303499674_0,60.0,69.18,59.66,58.92
648626767_249453847_0,60.0,66.74,59.85,59.05
648626767_648626768_0,60.0,65.14,60.47,56.45
648626768_249453847_0,55.0,65.28,61.75,56.9
648626768_648626729_0,55.0,64.87,53.25,55.95
648626770_648626762_0,60.0,68.11,57.79,58.2
648626770_648626747_0,55.0,66.09,59.4,56.95
648653690_27552223_0,65.0,64.45,56.67,58.98
648653704_9286570034_0,55.0,65.04,49.09,50.85
648653704_27552229_0,55.0,66.21,55.89,58.65
648653704_27552235_0,55.0,67.39,57.64,60.6
649739581_3373943087_0,60.0,63.85,46.91,52.35
649739581_249455263_0,60.0,64.63,47.16,53.1
650823331_634639621_0,60.0,66.76,58.98,55.15
650823334_634639623_0,60.0,66.27,58.66,55.2
650823335_634639624_0,60.0,65.74,55.69,55.65
650823340_634639639_0,60.0,66.97,54.54,57.85
650823342_634639641_0,60.0,67.11,55.88,58.15
650823345_634639636_0,60.0,66.32,53.66,56.1
650823347_634639638_0,60.0,66.5,53.64,56.05
650823354_634639444_0,55.0,66.5,54.68,54.8
650823358_648626747_0,55.0,65.02,51.41,56.3
650823361_634639673_0,60.0,66.55,53.02,54.4
653771343_249454313_0,60.0,69.58,60.42,59.65
653771347_2076591050_0,60.0,70.08,59.84,58.9
653771349_303499671_0,60.0,70.77,60.3,60.05
654538329_539069966_0,65.0,71.13,56.48,57.0
654538329_249454926_0,65.0,71.69,55.96,56.85
654538335_654538329_0,65.0,69.91,56.06,56.45
654538335_654538358_0,60.0,67.81,57.95,60.22
654538336_654538335_0,65.0,69.86,53.92,56.32
654538336_249454926_0,65.0,69.95,57.0,56.8
654538346_654538336_0,65.0,70.16,58.32,57.6
654538346_249454926_0,65.0,71.47,55.21,57.0
654538346_299439671_0,65.0,71.56,58.72,58.9
654538348_259513878_0,60.0,68.99,56.45,56.25
654538358_654538335_0,60.0,67.79,57.95,60.32
654538358_11016638396_0,65.0,70.81,60.26,61.61
654538358_2794836566_0,65.0,68.92,59.38,60.9
654538405_648626680_0,65.0,68.08,60.37,58.65
654538405_654538407_0,65.0,69.31,57.73,56.65
654538409_648626743_0,55.0,67.27,55.67,59.9
654538414_634639444_0,65.0,69.21,61.24,59.55
654538414_249454552_0,65.0,69.93,60.63,58.6
654538418_21226525_0,55.0,63.65,49.43,53.3
654538418_12694865858_0,60.0,63.39,52.19,54.2
654538418_645389902_0,60.0,63.99,53.15,53.95
654538420_9293680508_0,60.0,62.17,55.27,50.4
654538420_645389883_0,60.0,62.22,53.47,53.4
654538420_654538432_0,60.0,61.4,58.93,49.45
654538432_654538432_0,65.0,60.62,58.28,48.6
654538432_654538420_0,60.0,61.4,58.93,49.45
654538440_2889345658_0,65.0,72.36,63.52,62.7
654538440_243910541_0,65.0,72.52,63.08,62.85
655252572_255192686_0,65.0,63.15,58.34,58.25
655252572_2703132053_0,65.0,62.71,59.7,57.95
655260128_2757819760_0,65.0,65.22,61.91,61.15
655260128_655260285_0,65.0,63.53,65.35,59.25
655260285_2520959679_0,65.0,62.87,59.55,58.95
655274027_655274410_0,65.0,67.11,61.41,61.3
655274027_207135879_0,65.0,67.44,61.12,62.73
655274410_175971288_0,65.0,65.5,62.46,61.3
655274410_207135879_0,65.0,69.32,61.55,62.25
655335111_582868708_0,65.0,71.78,61.47,58.97
655335111_643630933_0,65.0,74.13,60.2,58.25
655335153_655335163_0,60.0,66.47,62.98,59.12
655335153_655335203_0,60.0,64.96,54.11,54.78
655335153_648626766_0,60.0,66.84,62.35,59.48
655335157_648626767_0,60.0,65.11,60.59,56.35
655335157_653771347_0,60.0,68.64,61.43,59.25
655335158_655335157_0,60.0,66.53,59.63,59.05
655335160_648626770_0,60.0,66.91,58.82,56.4
655335160_655335158_0,60.0,66.78,59.85,58.9
655335163_655335153_0,60.0,66.47,62.98,59.12
655335163_303499679_0,60.0,66.62,61.97,59.78
655335163_2798948640_0,60.0,65.19,56.4,57.64
655335170_648626766_0,60.0,65.09,54.17,55.38
655335184_655335195_0,60.0,63.27,52.72,54.4
655335184_3378183090_0,60.0,66.53,58.48,57.2
655335195_655335184_0,60.0,63.27,52.72,54.4
655335203_655335153_0,60.0,64.96,54.11,54.83
658877744_245569645_0,60.0,65.41,57.65,56.12
659518105_659518109_0,65.0,68.52,56.84,60.12
659518105_2711646168_0,65.0,63.75,59.18,58.05
659518105_2711646163_0,65.0,67.27,60.24,60.32
659518109_659518105_0,65.0,68.52,56.84,60.12
659518109_262505954_0,65.0,69.6,66.65,66.65
660867301_660867302_0,65.0,71.96,58.95,57.9
660867301_248226760_0,65.0,75.56,58.32,62.32
660867302_660867301_0,65.0,71.97,58.95,57.9
660867310_2756013429_0,65.0,72.51,57.65,58.8
660867319_249381310_0,60.0,60.24,46.05,54.5
660867351_2876619988_0,65.0,73.89,62.27,60.55
660867351_582869054_0,70.0,75.33,61.32,61.4
660867352_2055285229_0,65.0,75.05,62.44,61.62
661757883_1470957617_0,65.0,74.87,61.71,60.45
661757889_661757905_0,65.0,71.54,54.81,54.75
661757889_1470957641_0,65.0,72.54,59.06,59.22
661757889_271758967_0,65.0,70.75,55.75,55.5
661757902_595336727_0,65.0,73.59,59.05,60.56
661757902_661757903_0,65.0,74.19,60.88,60.1
661757903_260784696_0,65.0,74.16,61.69,60.68
661757903_595336727_0,65.0,77.33,62.77,62.4
661757905_2566593593_0,65.0,73.06,58.11,60.19
661757905_271201225_0,65.0,71.68,56.31,55.4
661757905_661757889_0,65.0,71.54,54.81,54.75
661829370_747373741_0,60.0,67.54,56.91,61.35
661902208_2277553024_0,70.0,71.47,60.92,59.67
661902208_776998482_0,70.0,77.89,62.8,67.25
662344052_395249736_0,65.0,75.72,57.43,61.1
662344052_1470957599_0,65.0,72.07,59.91,60.98
663382431_21226474_0,65.0,69.56,61.24,58.55
663868624_663868631_0,65.0,68.88,55.65,54.35
663868624_3775419420_0,65.0,67.6,56.21,58.3
663868628_2860052552_0,65.0,71.12,55.76,54.75
663868630_2947158068_0,65.0,70.2,57.44,53.9
663868631_663868630_0,65.0,70.47,56.63,53.3
664155007_1483321659_0,65.0,67.94,64.01,63.3
664155007_1030280432_0,60.0,67.18,62.45,61.2
669180237_669180238_0,65.0,78.37,68.99,65.95
669180237_4163472603_0,65.0,74.55,64.46,64.65
669180238_21227158_0,65.0,76.99,67.0,65.85
669180238_21226185_0,65.0,78.48,67.28,66.65
669180239_27626615_0,65.0,76.76,66.69,66.15
669180239_21227269_0,65.0,77.38,65.2,66.9
673412995_27555340_0,60.0,70.67,63.02,61.05
673419115_281588752_0,65.0,69.9,60.15,59.95
674738386_28836314_0,65.0,65.14,59.57,59.15
674813196_1762326731_0,65.0,67.72,62.15,58.4
674813196_674813294_0,65.0,66.96,56.64,56.95
674813196_205746149_0,65.0,68.54,55.11,59.9
674813294_265742660_0,65.0,67.75,57.85,56.35
676889840_2876532968_0,60.0,65.09,58.76,56.28
676889840_365312033_0,65.0,65.2,58.62,58.5
679403053_365311893_0,65.0,65.79,63.06,59.4
679403053_344814462_0,70.0,65.26,56.17,57.65
679403092_344814479_0,65.0,65.58,64.72,63.95
679447433_679447434_0,65.0,66.1,61.2,59.95
679447434_679447433_0,65.0,66.1,61.2,59.95
679447434_1261908176_0,65.0,68.04,64.05,64.35
679447434_263250798_0,60.0,67.58,62.69,61.05
680094639_114317181_0,65.0,61.81,63.52,59.95
680554346_28836334_0,65.0,72.87,63.55,64.15
683296349_21458340_0,60.0,65.96,62.19,60.65
683296349_320078005_0,60.0,67.69,62.08,61.1
683296394_683296397_0,60.0,66.67,61.96,59.4
683296394_2892146094_0,65.0,66.87,62.03,59.4
683296397_683296349_0,60.0,67.41,64.13,60.65
684201207_21458586_0,60.0,66.55,57.24,59.43
684201207_2704981901_0,60.0,65.22,56.95,57.7
684201207_4942455430_0,65.0,65.22,60.7,58.35
684208445_310054677_0,60.0,66.49,55.92,57.1
684208646_310054578_0,65.0,68.38,57.71,60.05
687864624_2952597861_0,65.0,64.08,63.81,61.5
690708933_1145304540_0,60.0,67.33,59.48,54.85
690708934_690708933_0,60.0,68.36,63.11,59.15
690708934_28836323_0,60.0,68.88,63.52,60.25
690708934_560985377_0,60.0,69.95,59.02,60.62
690708936_28836330_0,65.0,67.87,58.44,58.9
690710484_1145304565_0,60.0,67.72,55.87,56.05
690710484_690708933_0,60.0,67.25,59.4,56.85
690710484_28836323_0,65.0,68.59,61.02,59.95
690711024_1145304565_0,60.0,66.94,58.07,55.1
690711024_690708936_0,65.0,66.89,56.62,55.0
690711024_1515413137_0,65.0,67.14,56.82,56.3
691028770_245555968_0,65.0,66.85,67.62,64.5
691028770_691028776_0,65.0,64.66,61.09,60.65
691028776_345435844_0,65.0,64.34,63.77,57.55
691028776_691028770_0,65.0,64.72,61.73,60.65
691028776_691028790_0,65.0,64.62,61.74,58.5
691028789_256205286_0,65.0,69.21,63.06,62.95
691028789_1194087439_0,65.0,67.56,64.15,61.7
691028790_691028789_0,65.0,65.87,63.76,60.45
691028793_691028790_0,65.0,64.19,64.69,60.0
691028793_345435844_0,65.0,65.74,62.97,62.05
691028794_275651958_0,65.0,65.09,59.72,58.1
691028794_1194087439_0,65.0,66.47,58.65,58.35
691028794_245555967_0,65.0,67.29,65.11,61.4
691057141_1194087439_0,65.0,66.95,61.55,58.45
691057141_256205286_0,65.0,68.46,61.59,60.65
692073198_692073219_0,60.0,70.17,58.42,58.05
692073198_248290105_0,60.0,73.4,58.09,58.97
692073204_267403644_0,65.0,71.99,60.2,63.0
692073208_10371530_0,65.0,64.24,56.29,60.2
692073217_267403601_0,65.0,73.55,64.85,66.75
692073219_260785650_0,65.0,70.32,59.79,58.22
692073219_990617728_0,60.0,69.43,59.87,58.02
692073232_267248981_0,65.0,69.15,61.9,57.35
693683788_344817030_0,65.0,71.35,60.18,57.8
693683788_693683792_0,60.0,71.3,61.69,61.9
693683792_297919532_0,65.0,71.2,62.54,60.7
693683792_693683788_0,60.0,71.29,61.69,61.9
693683792_260552407_0,60.0,69.67,61.91,60.2
693864290_5075029426_0,65.0,65.95,61.35,60.0
693889077_1505471173_0,65.0,64.47,54.43,57.7
693889077_693889082_0,65.0,66.46,57.49,57.45
693889082_344814477_0,65.0,65.76,56.83,58.07
693889124_297920467_0,65.0,61.33,52.72,49.0
693913363_344814459_0,65.0,70.92,62.85,64.8
693913366_344814460_0,65.0,65.89,61.63,63.4
693913376_263250688_0,65.0,69.87,66.04,68.05
693933538_693933540_0,65.0,68.96,61.61,60.0
693933538_261284074_0,65.0,68.42,56.36,59.8
693933538_344814487_0,65.0,69.18,62.46,60.6
693933540_13036966390_0,65.0,68.03,58.46,59.3
705535114_3493255038_0,65.0,71.88,62.45,62.15
705535114_21226640_0,65.0,71.81,62.23,62.1
705535133_95759933_0,65.0,61.07,58.41,58.15
705535133_705535134_0,65.0,61.88,62.46,62.05
705535133_95759935_0,65.0,61.38,55.04,58.0
705535134_705535133_0,65.0,61.88,62.46,62.05
705535134_2804374519_0,65.0,71.36,63.12,67.3
705634772_256041122_0,65.0,64.95,62.56,60.85
705634782_736901153_0,60.0,57.58,52.33,53.95
705634782_736901147_0,65.0,57.41,51.7,53.9
705704772_705704781_0,65.0,61.96,55.67,55.3
705704772_297920466_0,65.0,62.26,55.01,53.75
705704781_705704772_0,65.0,61.96,55.67,55.3
705704785_705704806_0,65.0,62.03,51.01,53.15
705704806_705704785_0,65.0,62.03,51.01,53.15
705704806_705704815_0,65.0,62.74,53.09,56.3
705704815_256709512_0,65.0,63.07,53.39,55.55
705722212_245555951_0,65.0,66.96,59.4,62.95
705722212_255508200_0,65.0,67.53,59.3,61.15
705722212_256039109_0,65.0,66.03,58.87,59.81
705722216_1944647056_0,65.0,65.85,56.94,55.25
705722216_2250993033_0,65.0,63.79,57.71,57.45
705722226_727751469_0,65.0,66.92,61.83,62.65
705722226_705722239_0,65.0,67.42,63.63,62.52
705722239_31331690_0,65.0,67.81,65.67,63.88
705722239_727751469_0,65.0,68.66,64.99,62.88
705722266_727802734_0,65.0,60.94,57.5,58.3
705722266_727802741_0,60.0,59.63,52.48,53.75
714175300_387678321_0,65.0,61.67,54.43,54.7
714175300_292663112_0,60.0,61.83,53.2,53.95
714175300_275703991_0,65.0,62.88,54.37,54.91
714307628_1948088675_0,65.0,68.49,68.1,65.28
714331153_2613254722_0,60.0,64.32,56.72,57.35
714331155_714331158_0,60.0,64.34,54.15,57.4
714331155_410792179_0,60.0,62.53,55.02,54.9
714331158_714331159_0,60.0,64.36,56.33,57.8
714331159_410792184_0,60.0,63.82,54.74,57.7
714331159_714331153_0,60.0,64.19,57.4,57.6
714331161_714331155_0,60.0,64.45,54.78,57.65
715855950_2805748829_0,65.0,78.32,68.08,66.45
715855950_21226433_0,65.0,79.09,64.37,65.75
715855959_2805748829_0,65.0,82.44,67.59,66.5
715855959_21227082_0,65.0,78.11,74.46,65.25
715855959_21227082_1,65.0,78.27,73.98,65.85
717641204_1627450757_0,55.0,58.75,51.14,49.25
717641204_717647762_0,55.0,57.83,47.21,48.8
717641264_717641265_0,60.0,61.05,53.9,54.3
717641264_306255024_0,60.0,58.61,54.94,52.35
717641264_717641267_0,60.0,59.67,53.33,52.0
717641265_717641264_0,60.0,61.05,53.9,54.3
717641265_1123480989_0,65.0,60.85,53.16,56.5
717641266_717641267_0,60.0,60.0,52.11,55.3
717641266_717641265_0,65.0,59.78,51.16,53.3
717641266_1123481091_0,65.0,60.97,52.05,52.95
717641267_717641266_0,60.0,60.0,52.11,55.3
717641267_725869943_0,60.0,59.62,52.07,54.45
717641267_306255023_0,60.0,59.09,50.56,53.1
717641279_717641285_0,55.0,63.65,60.94,60.93
717641279_306255021_0,55.0,64.26,60.19,60.78
717641285_717641279_0,55.0,63.65,60.94,60.93
717641285_2880564816_0,55.0,65.63,62.91,64.32
717641285_717641290_0,60.0,61.49,54.47,56.7
717641290_717641299_0,60.0,61.13,53.25,56.05
717641290_717641279_0,55.0,61.58,53.87,59.5
717641292_717641300_0,55.0,60.86,54.29,56.0
717641293_725869910_0,60.0,59.96,54.01,54.25
717641299_717641300_0,60.0,61.81,50.82,54.8
717641299_717641293_0,60.0,60.92,52.86,56.65
717641300_717641302_0,60.0,61.57,53.07,55.35
717641300_717641322_0,60.0,59.2,50.05,52.05
717641302_717641304_0,60.0,63.11,51.97,54.25
717641302_717641359_0,60.0,61.62,63.38,59.48
717641304_717641306_0,60.0,63.28,58.81,55.7
717641304_2880565324_0,60.0,63.79,56.18,60.15
717641306_717641302_0,60.0,64.84,55.62,56.7
717641306_717641299_0,60.0,61.79,57.67,56.8
717641317_717641330_0,60.0,60.93,54.22,55.1
717641317_717641304_0,60.0,63.46,58.97,59.08
717641322_717641347_0,60.0,57.65,47.58,51.0
717641323_306259451_0,60.0,61.19,51.37,54.35
717641323_1806263067_0,60.0,63.59,59.37,60.6
717641323_7817118865_0,60.0,63.89,57.65,58.7
717641330_717641317_0,60.0,60.93,54.22,55.1
717641330_1806263103_0,60.0,58.91,46.74,52.15
717641330_306259451_0,60.0,60.13,51.94,52.6
717641331_292694484_0,55.0,56.18,45.17,43.65
717641331_1774020970_0,60.0,56.91,48.96,45.4
717641331_717641332_0,55.0,56.63,46.96,47.3
717641332_725869950_0,55.0,56.66,46.81,47.45
717641334_306255024_0,60.0,57.43,48.44,50.85
717641334_717641331_0,55.0,56.5,44.53,46.4
717641334_717647766_0,60.0,56.96,48.52,46.4
717641334_717647768_0,55.0,56.21,49.16,50.05
717641338_725869948_0,55.0,58.31,52.36,51.65
717641338_717641322_0,55.0,58.57,51.42,51.8
717641339_725869950_0,60.0,56.48,49.62,45.8
717641339_717641353_0,60.0,55.65,48.79,46.45
717641339_292688614_0,60.0,56.9,49.56,46.75
717641342_717641359_0,60.0,58.36,46.22,52.3
717641346_717641348_0,60.0,57.22,51.27,46.25
717641346_292688614_0,55.0,57.2,49.85,46.4
717641347_717641348_0,60.0,57.2,51.61,46.2
717641347_717641346_0,55.0,57.31,51.7,45.85
717641348_717641342_0,60.0,57.46,47.89,46.85
717641359_339925330_0,60.0,60.46,54.71,56.2
717647762_292688611_0,55.0,56.5,46.62,46.6
717647762_717641204_0,55.0,57.83,47.21,48.8
717647762_717796137_0,55.0,57.01,46.27,46.9
717647764_717647766_0,60.0,56.18,48.53,45.9
717647764_717796137_0,55.0,56.14,45.9,45.4
717647764_717647765_0,60.0,56.17,49.04,44.1
717647765_717647764_0,60.0,56.17,49.04,44.1
717647765_717647768_0,55.0,56.19,50.96,47.9
717647765_717796166_0,55.0,55.99,45.63,44.85
717647766_717647764_0,60.0,56.18,48.53,45.9
717647766_717647767_0,60.0,56.61,46.46,43.2
717647766_717641334_0,60.0,56.96,48.52,46.4
717647767_717647766_0,60.0,56.61,46.46,43.2
717647767_717796137_0,55.0,56.32,46.25,46.2
717647767_1627450757_0,55.0,57.35,46.95,48.95
717647768_5614122501_0,55.0,55.83,49.12,48.75
717647768_717647765_0,55.0,56.19,50.96,47.9
717647768_717641334_0,55.0,56.24,48.55,49.45
717796137_717647764_0,55.0,56.14,45.9,45.4
717796137_717647767_0,55.0,56.32,46.25,46.2
717796137_717647762_0,55.0,57.01,46.27,46.9
717796166_5614122502_0,55.0,56.24,50.67,48.35
717796166_292688611_0,55.0,56.4,47.54,47.0
717796166_717647765_0,55.0,55.99,45.63,44.85
718766601_1092286309_0,60.0,57.33,54.88,57.25
718766601_256578967_0,65.0,60.8,59.52,58.25
724619305_2916243025_0,60.0,59.43,54.97,50.0
724619305_1838032214_0,60.0,57.58,48.98,49.8
725869910_725869943_0,60.0,59.48,52.24,52.8
725869910_717641266_0,60.0,59.68,51.91,55.3
725869943_717641292_0,55.0,60.12,53.39,53.3
725869943_725869947_0,60.0,59.02,51.22,53.8
725869947_725869948_0,60.0,58.06,51.98,54.65
725869948_717641338_0,55.0,58.31,52.36,51.65
725869948_717641332_0,60.0,57.57,50.33,52.75
725869950_717641339_0,60.0,56.48,49.62,45.8
725869950_292694484_0,60.0,55.93,46.21,43.4
726427458_253971474_0,65.0,56.74,52.45,51.9
726427458_1490628237_0,65.0,58.53,52.51,52.1
726905038_1132113574_0,65.0,70.31,61.08,65.15
726905038_1652183516_0,65.0,71.62,63.62,66.3
726905038_1652183521_0,65.0,68.69,63.5,64.75
726905043_1481308365_0,65.0,72.83,68.53,66.27
726905043_1652183516_0,65.0,74.69,67.97,66.17
726933702_275651922_0,65.0,62.94,54.71,53.75
726933702_2812467732_0,65.0,61.9,49.66,53.78
726933709_726933702_0,65.0,62.04,54.76,53.8
727410012_102233671_0,60.0,73.66,63.77,59.1
727410012_102203253_0,55.0,73.49,62.01,58.8
727410020_102203252_0,55.0,72.51,59.61,60.25
727410020_727410012_0,55.0,71.07,58.9,58.85
727410020_102199142_0,55.0,72.92,59.17,60.45
727410021_727410020_0,55.0,71.02,53.03,61.6
727410021_102202411_0,55.0,71.29,60.09,58.25
727410024_727410021_0,60.0,70.54,57.32,57.45
727410024_102202411_0,60.0,72.41,62.01,58.3
727410026_114310721_0,65.0,73.75,59.32,59.0
727751422_292667658_0,65.0,61.73,51.34,54.05
727751424_727769700_0,65.0,65.7,59.43,63.5
727751452_727751424_0,65.0,65.25,60.85,61.7
727751465_292667658_0,65.0,63.13,56.43,58.4
727751469_13230320604_0,65.0,66.04,62.46,61.38
727769699_292667700_0,65.0,67.56,60.24,63.8
727769699_292667679_0,60.0,66.53,59.14,64.3
727769700_727769699_0,65.0,67.12,59.68,64.58
727769700_727769717_0,60.0,62.97,61.14,60.49
727769707_1804589960_0,60.0,60.93,44.82,54.75
727769707_2742028677_0,60.0,60.37,50.42,54.6
727769712_1804589962_0,65.0,55.87,45.98,48.3
727769712_2041040326_0,65.0,58.17,55.27,56.45
727769712_1805292565_0,60.0,58.77,57.35,57.3
727769716_727769726_0,65.0,61.4,48.24,55.3
727769716_727769727_0,65.0,62.6,51.7,56.28
727769717_727769716_0,65.0,64.22,54.57,60.35
727769717_1773980608_0,60.0,61.94,47.93,56.2
727769725_727769717_0,65.0,63.72,50.36,55.75
727769725_727769699_0,65.0,62.9,61.18,59.56
727769726_727769725_0,65.0,64.34,55.91,59.91
727769726_727769725_1,55.0,61.74,52.88,58.46
727769727_727769726_0,60.0,62.61,53.92,56.08
727769727_727769730_0,60.0,60.13,53.87,56.48
727769730_727769731_0,60.0,59.34,52.59,59.65
727769730_1773980740_0,60.0,58.19,53.47,54.15
727769730_727769727_0,60.0,60.13,53.87,56.48
727769731_727769730_0,60.0,59.34,52.59,59.65
727769731_1773980760_0,60.0,57.51,51.63,51.4
727769731_1804589941_0,60.0,59.55,56.86,59.4
727802734_256040622_0,65.0,65.23,64.15,60.65
727802734_31331690_0,65.0,65.78,62.31,60.4
727802734_705722266_0,65.0,60.94,57.5,58.3
727802741_2719859091_0,65.0,59.42,50.61,54.25
727802741_2719859091_1,60.0,59.23,49.02,54.05
727802741_2719859084_0,60.0,59.18,47.24,50.0
729313997_21226035_0,60.0,76.66,58.8,56.97
729313998_21225801_0,60.0,76.45,62.68,57.02
729314000_21226466_0,60.0,76.58,58.34,59.25
729314001_1253831733_0,60.0,76.64,58.2,57.3
729314002_21227125_0,65.0,77.93,65.3,59.6
729314002_1172258013_0,65.0,79.44,63.25,58.0
729314008_259507518_0,65.0,71.91,59.3,58.05
729314008_259508088_0,65.0,73.02,56.94,58.55
729314012_259507507_0,65.0,73.17,57.6,59.25
729314015_259507520_0,65.0,71.04,57.01,57.35
729314015_267250278_0,60.0,70.51,58.39,56.1
729314049_102212766_0,65.0,77.26,68.94,68.35
729314051_729314058_0,65.0,79.36,73.29,70.45
729314053_330441370_0,65.0,78.53,75.0,71.55
729314058_3969593240_0,65.0,77.69,73.93,69.9
729314059_729314062_0,65.0,76.12,68.8,61.7
729314062_430777045_0,65.0,75.97,66.39,61.3
729314071_729314049_0,65.0,70.83,61.04,63.7
734058538_253971869_0,65.0,59.34,58.0,60.25
734058538_2700130780_0,65.0,65.75,59.64,61.75
734058538_734058541_0,65.0,63.82,60.27,62.78
734058541_734058538_0,65.0,63.82,60.27,62.78
734058541_734058545_0,65.0,63.94,58.8,62.28
734058545_311469828_0,65.0,64.79,61.7,62.6
734058545_734058541_0,65.0,63.94,58.8,62.28
734058547_734059147_0,65.0,64.51,62.57,61.52
734058547_311469834_0,65.0,64.95,61.46,60.08
734059147_1289529799_0,65.0,63.68,60.16,60.72
734059147_734058547_0,65.0,64.51,62.57,61.52
734059147_309097366_0,65.0,63.23,61.16,59.5
734059551_1322833657_0,65.0,65.27,61.6,62.38
734059551_1322833639_0,65.0,64.94,61.9,62.66
736627195_5423484424_0,65.0,58.37,57.21,57.3
736901116_256034423_0,60.0,61.61,54.68,55.0
736901130_736901153_0,60.0,57.01,51.84,51.4
736901147_736901161_0,65.0,57.69,49.18,51.1
736901147_705634782_0,65.0,57.4,51.7,53.9
736901153_736901130_0,60.0,57.01,51.84,51.4
736901153_736901161_0,60.0,57.54,52.05,50.95
736901153_705634782_0,60.0,57.58,52.33,53.95
736901153_3095330478_0,60.0,57.32,51.65,51.2
736901161_736901147_0,65.0,57.69,49.18,51.1
736901161_2719859094_0,65.0,58.36,55.33,50.45
737290874_268054194_0,65.0,74.94,61.66,61.5
737464371_574834310_0,65.0,69.35,65.07,60.85
737464371_2783005267_0,65.0,67.11,64.19,64.24
737464385_737464371_0,65.0,69.9,65.25,61.15
737464385_3844505946_0,65.0,66.81,62.73,59.6
738900713_256990496_0,55.0,63.26,58.15,54.95
738900713_21555869_0,60.0,64.54,58.47,56.45
738953327_29137383_0,60.0,65.85,59.65,56.45
743371620_1549163996_0,55.0,64.28,56.12,56.85
743371620_271199535_0,55.0,63.94,57.58,56.6
743371620_271199466_0,55.0,62.33,56.92,57.45
743371622_745843770_0,65.0,58.13,62.28,63.15
743371634_267879825_0,65.0,62.92,63.78,66.35
743371634_743371622_0,65.0,58.96,64.49,65.2
743371641_743371634_0,65.0,60.04,66.21,66.95
743371641_292851605_0,65.0,61.76,66.44,65.0
745843261_1549163908_0,60.0,63.9,57.28,57.8
745843261_267873027_0,60.0,63.22,55.77,57.35
745843622_267402506_0,60.0,68.71,59.35,59.25
745843711_745843261_0,55.0,63.53,55.84,56.85
745843711_1549163908_0,55.0,65.13,56.4,57.35
745843743_3501123728_0,60.0,62.11,52.9,55.95
745843750_539068550_0,65.0,71.69,65.23,64.55
745843765_267403601_0,65.0,67.23,61.85,61.22
745843765_747373683_0,60.0,66.75,56.3,57.2
745843770_267879823_0,65.0,57.39,61.69,63.4
745843770_267879824_0,65.0,59.14,62.65,65.95
745843774_267872967_0,60.0,62.89,59.24,57.15
745843774_267873029_0,60.0,63.39,59.53,58.3
745946971_9396365810_0,60.0,68.15,60.63,59.02
745946971_248226742_0,65.0,68.61,59.25,58.8
745946988_2796801750_0,60.0,71.89,60.02,59.87
745946988_248226757_0,60.0,71.89,62.65,61.66
745946990_745947111_0,60.0,67.46,58.8,56.15
745946990_2634929216_0,60.0,68.18,50.81,55.55
745947002_248291950_0,65.0,78.28,61.65,64.45
745947002_776998508_0,65.0,76.23,62.95,62.75
745947063_2796801750_0,60.0,69.84,58.52,59.07
745947063_248226755_0,60.0,69.71,55.35,57.87
745947093_745946971_0,60.0,68.46,57.84,58.45
745947093_248226742_0,65.0,69.58,58.48,57.8
745947111_745946990_0,60.0,67.46,58.8,56.15
746007218_281437115_0,65.0,59.43,66.65,57.88
746007258_78451562_0,65.0,59.01,63.01,58.33
746024543_245178955_0,60.0,56.7,58.75,59.45
746024554_265960246_0,60.0,57.33,57.8,55.9
746024554_746024690_0,55.0,56.39,51.63,49.1
746024577_748031464_0,65.0,60.39,64.9,60.6
746024577_1836574649_0,60.0,60.9,66.24,65.05
746024579_746024637_0,60.0,54.52,41.28,48.55
746024579_746024579_0,60.0,54.89,40.1,48.45
746024599_343833984_0,65.0,56.03,48.48,52.25
746024618_746024685_0,65.0,56.92,49.58,55.35
746024618_2214711076_0,65.0,57.67,50.65,55.75
746024637_746024579_0,60.0,54.52,41.28,48.55
746024637_746024577_0,55.0,55.39,56.48,56.9
746024642_1277834150_0,60.0,55.83,46.4,47.2
746024685_746024727_0,65.0,57.92,51.34,55.2
746024690_746024823_0,60.0,56.3,54.64,52.55
746024690_2717210721_0,55.0,56.1,54.26,49.3
746024705_1277834150_0,60.0,55.64,43.65,44.35
746024705_746024637_0,60.0,55.37,47.97,46.45
746024727_4016796261_0,65.0,58.18,53.08,55.25
746024727_274923143_0,65.0,59.5,51.52,56.1
746024790_339922424_0,60.0,57.03,52.76,52.25
746024816_1836550644_0,65.0,69.61,70.93,70.3
746024823_339922424_0,60.0,58.33,56.27,54.75
746024823_265960246_0,60.0,58.51,53.75,54.8
746024831_1836578221_0,65.0,54.83,61.58,57.25
746024841_746024685_0,65.0,56.78,53.18,56.6
747114913_1483929526_0,60.0,59.09,51.98,53.5
747114913_2208697654_0,60.0,57.71,52.84,51.8
747114913_747115056_0,65.0,57.83,55.75,53.6
747114975_1236470154_0,65.0,58.02,54.72,53.75
747114975_1236470076_0,65.0,58.06,50.92,54.35
747114975_1236470149_0,60.0,58.97,47.1,53.2
747114980_955688626_0,65.0,59.72,56.11,56.75
747114980_950748289_0,65.0,61.44,57.26,57.45
747115000_747115005_0,60.0,54.67,54.41,58.05
747115005_747115000_0,60.0,54.67,54.41,58.05
747115005_539572044_0,60.0,55.71,50.06,57.15
747115056_747114913_0,65.0,57.83,55.75,53.6
747115058_946078740_0,60.0,54.37,50.22,57.15
747115058_1897278329_0,60.0,54.09,51.17,54.45
747115058_3860561948_0,55.0,53.62,49.93,54.65
747115159_1897278329_0,60.0,53.98,50.06,54.65
747115159_946078740_0,60.0,54.18,50.02,54.85
747115159_2764255123_0,60.0,54.45,54.56,56.1
747373674_267403663_0,60.0,66.18,53.96,55.25
747373674_2806558441_0,60.0,67.46,59.31,58.8
747373683_747373733_0,60.0,69.97,58.28,60.95
747373700_747373726_0,60.0,70.46,54.74,55.5
747373700_747373726_1,60.0,70.43,54.52,55.45
747373708_2634977366_0,65.0,69.88,56.18,60.95
747373708_248226744_0,60.0,69.51,59.54,57.4
747373710_295275463_0,65.0,71.43,57.96,57.7
747373710_747373700_0,60.0,70.98,54.85,55.15
747373710_267402508_0,60.0,71.69,56.56,57.87
747373719_2796866411_0,65.0,78.57,62.43,63.0
747373721_3724240146_0,60.0,70.53,53.02,56.3
747373721_747373721_0,60.0,70.54,53.25,56.0
747373726_3724240146_0,60.0,70.36,51.82,55.05
747373729_749915466_0,60.0,72.99,55.13,56.0
747373733_747373674_0,60.0,67.59,59.53,59.8
747373733_2806558441_0,60.0,69.71,60.96,60.1
747373741_747373756_0,60.0,69.48,56.95,61.7
747373741_661829370_0,60.0,67.54,56.91,61.35
747373756_747373776_0,65.0,70.7,57.65,61.3
747373759_292844931_0,65.0,72.7,54.67,55.95
747373759_606562371_0,65.0,72.34,53.9,56.3
747373764_606557930_0,65.0,71.27,60.29,56.7
747373764_292844887_0,65.0,72.24,56.9,56.08
747373773_747373683_0,65.0,69.65,58.75,61.7
747373776_747373773_0,65.0,70.03,61.05,59.8
747373776_2634976835_0,60.0,68.65,58.18,62.0
748031464_1277834496_0,60.0,55.78,59.82,57.7
748031464_746024577_0,65.0,60.39,64.9,60.6
748031464_245178958_0,65.0,61.63,60.13,60.05
749915466_295560524_0,65.0,73.42,55.46,56.65
749915466_257911456_0,60.0,73.11,58.86,57.4
752858433_9164553002_0,65.0,75.49,66.08,65.4
752858433_21226232_0,65.0,76.52,63.82,65.55
752858433_21227038_0,65.0,71.8,64.94,65.25
752878057_27529353_0,60.0,72.66,60.51,61.0
752878057_27529354_0,60.0,70.63,59.41,60.75
752878057_2954403507_0,60.0,71.83,59.33,60.5
765627115_765627119_0,60.0,70.3,54.7,56.05
765627115_271198121_0,60.0,69.77,55.45,55.65
765627115_4855907403_0,65.0,69.69,56.83,55.85
765627119_765627115_0,60.0,70.3,54.7,56.05
765941688_271198135_0,60.0,65.7,55.72,51.8
765941688_765941688_0,55.0,64.09,51.88,47.35
776998387_776998495_0,60.0,72.48,61.96,59.95
776998387_3095376942_0,60.0,71.94,60.96,58.95
776998427_575952000_0,65.0,74.52,57.01,60.6
776998449_267409243_0,60.0,70.83,57.98,57.1
776998449_776998634_0,60.0,70.79,57.22,57.25
776998454_267402507_0,60.0,71.75,62.57,60.35
776998460_776998521_0,60.0,70.35,62.71,58.4
776998460_776998556_0,65.0,70.73,61.9,58.95
776998462_5860663964_0,60.0,70.85,57.6,58.0
776998462_2806577337_0,65.0,71.2,61.04,58.72
776998482_260785963_0,65.0,78.59,64.54,66.9
776998482_539068120_0,70.0,76.78,65.97,67.7
776998495_267402507_0,60.0,74.11,62.25,59.6
776998502_776998678_0,60.0,69.55,60.27,59.8
776998502_2794642670_0,65.0,69.83,59.3,59.2
776998508_776998462_0,65.0,72.77,57.47,60.35
776998508_776998495_0,65.0,73.3,67.85,62.05
776998516_2943338502_0,65.0,69.1,56.8,59.75
776998516_776998454_0,60.0,70.39,58.87,59.8
776998521_2794642670_0,60.0,69.87,59.51,58.3
776998521_776998460_0,60.0,70.35,62.71,58.4
776998543_776998597_0,65.0,71.52,55.33,55.5
776998556_2794647326_0,60.0,70.03,63.35,58.1
776998556_776998387_0,65.0,70.62,59.79,59.6
776998563_776998590_0,60.0,70.72,58.16,58.45
776998563_4329253398_0,60.0,71.84,58.77,59.65
776998568_776998543_0,65.0,72.64,56.62,58.35
776998568_776998697_0,65.0,73.34,55.15,57.45
776998580_776998590_0,65.0,71.38,60.29,60.37
776998580_776998563_0,60.0,71.46,57.6,59.9
776998583_2311022902_0,60.0,70.73,53.84,58.45
776998590_776998580_0,65.0,71.38,60.29,60.37
776998590_1009312234_0,60.0,70.48,55.41,58.4
776998597_776998697_0,65.0,71.66,57.11,56.2
776998597_267405914_0,65.0,71.02,55.07,55.7
776998634_267409248_0,60.0,70.82,56.49,57.55
776998634_776998449_0,60.0,70.79,57.22,57.25
776998646_776998689_0,60.0,73.31,57.99,56.45
776998649_776998583_0,60.0,71.25,52.66,57.1
776998649_267409254_0,60.0,71.41,54.73,56.7
776998678_13173831086_0,60.0,69.08,59.84,58.5
776998678_776998516_0,65.0,69.49,60.44,60.1
776998689_776998646_0,60.0,73.31,57.99,56.45
776998689_267410914_0,60.0,73.58,59.31,56.8
776998689_267410917_0,65.0,74.25,58.02,60.1
776998697_575950974_0,65.0,72.91,55.54,57.0
783764787_783764791_0,65.0,66.21,62.52,62.05
783764787_2788548271_0,65.0,64.21,55.16,59.22
783764791_783764787_0,65.0,66.21,62.52,62.05
783764791_273977892_0,65.0,66.4,64.6,62.75
787746975_251436871_0,60.0,72.43,62.74,66.7
787746975_267211111_0,60.0,66.44,62.7,62.1
787746975_280188375_0,60.0,68.36,66.06,63.12
787746975_21293718_0,60.0,72.72,66.96,66.65
787822229_787822270_0,65.0,71.57,57.13,61.75
787822229_1463921436_0,65.0,71.46,57.52,62.25
787822236_21306381_0,65.0,74.83,60.69,64.85
787822236_787822229_0,65.0,71.49,60.97,62.8
787822258_280188388_0,60.0,66.58,60.89,58.95
787822258_154773100_0,60.0,67.3,62.95,60.7
787822264_567870060_0,65.0,66.54,59.65,60.15
787822264_787822258_0,60.0,67.62,64.16,61.05
787822266_250796979_0,65.0,67.57,61.53,64.3
787822266_135876419_0,65.0,68.41,63.76,64.0
787822266_249104086_0,65.0,70.57,63.21,65.85
787822266_21226239_0,65.0,69.98,65.12,66.6
787822270_1463921436_0,65.0,71.59,58.03,61.8
787822270_1107696021_0,65.0,71.07,57.19,61.0
787822276_787822270_0,65.0,71.17,55.99,62.1
787822276_282557078_0,65.0,71.45,57.22,62.0
787885727_25543769_0,65.0,70.24,65.59,66.92
787885735_787822236_0,65.0,70.88,60.6,63.3
788379557_21226857_0,65.0,74.07,52.99,60.8
788379557_6383161798_0,65.0,72.31,54.9,60.65
790590924_387679699_0,65.0,59.49,63.47,54.75
792050821_293342684_0,65.0,63.81,61.49,58.9
792050821_1584842175_0,65.0,61.62,59.94,57.15
794971364_563283437_0,65.0,65.42,59.43,61.85
794971364_5427139182_0,65.0,72.91,67.66,68.85
797447111_1143719823_0,65.0,65.52,58.91,58.3
797447111_797447129_0,65.0,62.85,65.24,62.1
797447129_29797368_0,65.0,64.85,62.84,61.15
800181759_21555752_0,60.0,63.6,59.8,59.7
832846973_232820991_0,65.0,76.18,70.79,68.1
832846978_1488486008_0,65.0,75.69,67.0,69.7
838072138_838072109_0,65.0,57.12,57.5,57.25
839161516_1896734006_0,65.0,70.36,64.65,67.85
839161516_258165525_0,65.0,69.5,59.52,62.3
839161516_306427883_0,65.0,63.81,60.47,59.55
839183790_361385585_0,65.0,74.73,69.81,69.05
839183816_269358164_0,65.0,73.24,67.48,68.55
845859622_1042386060_0,70.0,65.16,63.56,57.55
845859622_1042404270_0,70.0,66.19,62.39,57.7
850615775_850615802_0,65.0,66.7,56.05,54.7
850615779_850615802_0,65.0,68.38,60.73,56.15
850615779_2704946570_0,70.0,73.36,56.06,57.5
850615779_262510634_0,65.0,72.32,55.2,58.95
850615802_850615775_0,65.0,66.7,56.05,54.7
850615802_850615779_0,65.0,68.37,60.73,56.15
850622343_313086605_0,60.0,67.11,55.05,56.92
850622343_850622346_0,65.0,66.82,56.63,55.72
850622346_850622343_0,65.0,66.82,56.72,55.72
850740325_9966329313_0,60.0,53.75,57.71,54.75
850740325_13157808222_0,55.0,53.56,50.86,54.2
850740325_341205389_0,55.0,53.93,52.8,54.45
850880065_850880372_0,60.0,67.32,61.12,59.7
850880065_850880294_0,60.0,67.05,58.87,61.25
850880068_12488773950_0,60.0,65.84,55.7,56.6
850880141_2548795332_0,55.0,63.79,52.89,57.2
850880141_2271836072_0,55.0,63.53,52.13,56.55
850880208_3815215183_0,55.0,67.22,59.52,59.1
850880208_850880372_0,55.0,69.1,59.32,58.5
850880294_850880299_0,60.0,66.2,59.67,59.95
850880294_21555427_0,60.0,67.68,60.21,59.7
850880294_850880065_0,60.0,67.05,58.87,61.25
850880299_850880303_0,60.0,65.78,55.95,56.45
850880299_2702744132_0,60.0,65.34,54.72,56.35
850880303_850880068_0,60.0,65.41,54.08,56.95
850880303_2271818772_0,60.0,65.55,55.76,56.6
850880340_850880372_0,55.0,65.97,56.52,57.2
850880372_850880065_0,60.0,67.32,61.12,59.7
850880372_850880208_0,55.0,69.1,59.32,58.5
864670817_3775435307_0,60.0,59.57,51.54,54.55
864670830_3775435308_0,60.0,60.06,51.02,56.45
864670830_2719954819_0,55.0,60.63,52.22,55.35
865164026_267410912_0,65.0,73.19,56.24,58.68
871600536_127722271_0,65.0,76.36,67.3,69.5
871600537_1417001100_0,65.0,70.89,65.62,69.0
877821154_1251659572_0,60.0,64.83,67.09,64.0
879440478_256985162_0,60.0,62.29,53.23,57.52
879440482_879440478_0,60.0,63.24,50.83,58.05
879440482_256985159_0,60.0,63.08,55.15,57.6
879517218_12452523949_0,65.0,61.01,58.67,58.2
879517230_879517218_0,65.0,59.22,53.95,55.7
879517230_262985698_0,60.0,57.38,55.0,53.35
879517250_879517328_0,65.0,61.13,59.06,58.2
879517293_12452549904_0,70.0,60.99,60.85,58.65
879517293_262985649_0,70.0,60.68,58.58,59.1
879517328_3739306743_0,65.0,61.38,49.7,56.78
879517328_3739306745_0,65.0,60.92,62.42,58.1
879517404_879517250_0,65.0,61.24,58.68,58.2
886417775_886417879_0,70.0,63.7,60.98,56.3
886417879_12918906031_0,70.0,66.54,59.5,58.2
886417879_886417775_0,70.0,63.7,60.98,56.3
886417879_573350451_0,65.0,65.99,60.51,56.65
891063455_2567747154_0,65.0,71.74,60.8,65.25
891063455_21226315_0,65.0,73.74,59.77,64.85
891063455_21225902_0,65.0,68.02,59.28,62.25
898415275_21226605_0,65.0,72.07,58.5,62.1
898415275_898415281_0,65.0,69.52,59.9,60.42
898415281_21226605_0,65.0,70.53,59.96,61.27
898415281_78470773_0,65.0,67.24,59.48,59.72
909096379_1523728558_0,65.0,59.77,54.81,57.05
909096379_21458313_0,65.0,59.98,55.73,59.8
909096392_909096379_0,65.0,58.89,57.83,56.3
913291481_252206201_0,60.0,58.07,59.45,55.75
914427327_21306359_0,65.0,72.62,61.02,60.25
914427333_251709527_0,65.0,73.71,64.87,60.15
915679217_330910552_0,60.0,55.89,50.01,52.7
915679217_265956041_0,55.0,55.96,52.48,52.85
915679270_307132759_0,60.0,59.83,57.32,59.21
915679309_915679217_0,60.0,55.96,52.45,53.9
915679309_915679270_0,60.0,55.75,58.27,56.5
915679309_258328437_0,55.0,55.12,51.05,52.55
916918586_1042393203_0,65.0,60.06,64.49,58.23
916919126_1097841757_0,60.0,56.87,59.11,59.54
917394112_485958664_0,55.0,62.68,59.89,61.05
917394112_917394543_0,55.0,62.77,61.3,61.1
917394543_2548859472_0,60.0,62.28,57.59,56.3
917395154_917394112_0,55.0,64.95,58.12,61.4
917449786_2325804921_0,65.0,66.86,56.49,60.75
917450380_917449786_0,65.0,68.43,53.4,51.4
917507984_265956042_0,65.0,57.61,50.98,53.15
917569477_568220050_0,60.0,61.58,53.29,49.9
917569477_943028981_0,55.0,62.27,52.52,51.35
918918869_2271828987_0,65.0,67.74,62.98,60.7
918918869_21555427_0,65.0,67.57,63.08,58.9
918918891_13811941025_0,65.0,67.74,61.88,59.9
918919035_2271818841_0,55.0,64.68,59.09,57.45
918919035_12486808952_0,55.0,65.73,57.51,57.15
918919090_21555918_0,65.0,67.36,61.86,60.05
918919090_918918891_0,65.0,67.2,60.26,60.85
925963345_1432231056_0,65.0,62.33,62.71,61.3
925963364_365547371_0,60.0,60.61,52.43,55.4
929810814_1925411783_0,65.0,60.34,59.46,56.65
929810814_929810815_0,65.0,59.41,58.2,55.8
929810814_3105497572_0,65.0,59.76,58.48,55.9
929810815_1925411782_0,65.0,59.73,57.65,54.95
935738072_935738116_0,60.0,55.19,52.31,53.35
942642263_2754763585_0,60.0,67.73,57.0,60.0
942642264_2383983401_0,60.0,66.58,56.14,58.85
942642264_2514871529_0,60.0,66.6,56.78,55.9
942642268_942642280_0,60.0,66.37,58.4,59.65
942642268_942642263_0,60.0,67.75,57.59,59.3
942642280_942642263_0,60.0,66.24,57.78,59.65
942642280_2383983401_0,60.0,66.74,57.0,58.25
942642282_249455204_0,60.0,66.69,56.79,58.45
942642282_335774392_0,60.0,67.71,58.68,60.5
943028818_943029042_0,65.0,74.85,63.74,58.4
943028818_392106690_0,65.0,73.38,63.67,59.35
943028857_568220053_0,55.0,60.02,51.2,50.65
943028857_3782481010_0,60.0,59.09,53.63,50.85
943028896_2775313774_0,65.0,73.28,63.59,58.1
943028896_943029007_0,65.0,73.29,62.49,57.4
943028923_943029030_0,60.0,70.12,54.85,57.7
943028923_392106953_0,60.0,70.99,58.44,56.6
943028979_11443087259_0,65.0,61.29,51.96,51.55
943028979_3373231994_0,65.0,60.67,47.2,47.65
943028981_1477749875_0,60.0,62.34,52.59,53.55
943028981_917569477_0,55.0,62.27,52.52,51.35
943029007_943028923_0,65.0,70.93,59.67,58.55
943029007_943028818_0,65.0,73.8,60.81,57.55
943029014_2702859008_0,60.0,61.73,53.8,53.15
943029019_2916243023_0,60.0,58.76,52.41,51.25
943029030_943028923_0,60.0,70.12,54.85,57.7
943029042_2775313774_0,65.0,73.02,61.19,57.9
943029042_518538651_0,65.0,72.94,63.47,59.55
944504749_944504778_0,65.0,75.74,58.1,60.2
944504749_944504752_0,60.0,75.15,60.83,60.95
944504752_944504757_0,65.0,74.84,61.19,61.35
944504757_270253051_0,60.0,74.77,60.65,61.4
944504757_944510308_0,65.0,75.06,61.08,60.65
944504778_944504800_0,65.0,76.45,57.47,60.1
944504778_944504785_0,65.0,75.71,59.65,60.4
944504785_271197579_0,60.0,72.83,58.09,59.6
944504785_944504800_0,60.0,75.94,59.36,59.45
944504793_944504800_0,60.0,77.07,57.56,60.85
944504793_270252975_0,60.0,74.97,57.36,59.7
944504793_270253046_0,60.0,76.28,57.43,59.9
944504800_944504793_0,60.0,77.07,57.56,60.85
944504800_944504785_0,60.0,75.94,59.36,59.45
944510308_944504749_0,65.0,75.52,60.12,61.5
946071238_1006057388_0,65.0,72.79,62.21,63.5
946071250_21226330_0,65.0,74.31,62.54,63.05
946071250_21226702_0,65.0,77.79,63.34,62.65
946078725_2727111755_0,65.0,65.32,51.29,51.4
946078740_747115058_0,60.0,54.37,50.22,57.15
946078740_747115005_0,60.0,54.42,50.35,57.35
946103570_251888779_0,60.0,55.69,52.82,54.45
946110010_946110045_0,60.0,53.95,47.68,48.05
946110045_2665632707_0,60.0,57.06,55.15,56.05
946166315_7793777764_0,60.0,71.26,63.83,63.2
946166318_946166347_0,65.0,68.28,59.74,57.8
946166318_28836323_0,65.0,68.52,60.14,59.85
946166346_946166347_0,65.0,67.68,61.7,57.7
946166346_946166318_0,65.0,68.06,62.14,57.9
946166347_946166318_0,65.0,68.28,59.74,57.8
946166347_3443015428_0,65.0,68.35,62.31,61.3
947224714_2795798838_0,65.0,69.01,57.78,57.35
947224714_249453729_0,65.0,69.2,60.05,58.55
949734422_253752176_0,65.0,65.77,59.27,59.64
949734422_253752169_0,65.0,63.09,62.55,62.33
950716840_1315084770_0,65.0,68.02,63.27,58.5
950716840_78470772_0,65.0,68.41,62.28,57.8
950748279_747114980_0,65.0,62.25,57.15,57.45
950748289_950748297_0,60.0,60.53,56.89,57.15
950748297_1897278360_0,65.0,60.8,56.51,56.7
951535264_256575027_0,65.0,67.37,71.87,66.85
955687197_2769113966_0,65.0,61.69,61.9,57.0
955687206_955687242_0,65.0,62.07,55.9,56.5
955687206_955687262_0,65.0,62.42,61.01,56.5
955687207_955687240_0,60.0,62.93,57.28,57.05
955687207_950748279_0,65.0,62.58,57.97,57.45
955687240_955687242_0,65.0,61.72,59.85,56.7
955687240_950748279_0,65.0,62.9,56.92,57.0
955687242_955687240_0,65.0,61.72,59.85,56.7
955687242_955687262_0,60.0,62.1,58.93,56.15
955687262_955687197_0,65.0,62.21,61.97,56.9
955687266_955687206_0,65.0,61.24,57.54,56.85
959824644_2917014432_0,65.0,63.49,56.88,57.4
959903395_2701080199_0,65.0,65.86,54.76,55.62
959903395_1943114060_0,65.0,66.38,52.02,55.9
959903397_2701080199_0,65.0,65.8,58.1,57.2
959903397_268228310_0,65.0,65.34,55.77,55.1
964081045_964081059_0,65.0,63.52,56.71,56.8
964081045_255895529_0,60.0,63.57,57.19,56.4
964081045_1943160345_0,60.0,65.07,62.31,58.45
964081059_964081045_0,65.0,63.52,56.71,56.8
964081059_1943160349_0,65.0,64.1,61.26,58.25
966264613_251566815_0,65.0,65.95,58.84,59.2
966264613_309625445_0,65.0,65.96,57.98,59.05
966264619_251566815_0,65.0,66.28,58.61,58.95
966264619_966264613_0,65.0,65.97,57.54,59.15
966264627_269356358_0,65.0,69.21,58.31,62.0
966264627_966264638_0,65.0,68.24,61.83,60.25
966264630_966264635_0,65.0,66.36,61.39,60.55
966264635_90223775_0,65.0,66.85,60.85,61.75
966264635_1941134536_0,65.0,65.89,59.59,61.05
966264638_269356358_0,65.0,67.21,57.25,60.25
966264638_269356359_0,65.0,66.62,66.2,60.9
966264653_966264619_0,65.0,67.03,61.35,61.05
966264653_3660335531_0,65.0,66.38,55.55,57.65
968906897_968906909_0,65.0,67.08,55.53,58.25
968906909_2704846803_0,65.0,70.11,56.34,59.08
968906909_250328260_0,65.0,69.51,58.18,57.8
968906909_968906897_0,65.0,67.08,55.53,58.25
968934801_101534327_0,60.0,75.4,62.23,60.75
968934801_2716107908_0,65.0,75.52,59.58,60.2
974650026_250859596_0,65.0,74.94,61.46,63.2
974650026_21227175_0,65.0,74.86,64.99,64.0
976903482_976903502_0,65.0,68.3,58.83,58.8
976903482_21298363_0,65.0,70.33,60.94,60.7
976903502_976903482_0,65.0,68.3,58.83,58.8
976903502_31107192_0,65.0,69.85,60.75,61.05
981894177_1006145455_0,65.0,69.06,58.84,58.7
981894177_2786125589_0,65.0,68.24,58.9,59.0
982681644_1028718457_0,60.0,68.23,56.97,55.55
982681650_1172137657_0,60.0,69.85,55.2,56.15
982681650_1448467642_0,60.0,70.13,54.27,55.7
982681650_1028718457_0,60.0,69.2,53.57,55.6
982681650_3955892664_0,60.0,70.14,54.5,55.35
982826821_262384654_0,55.0,69.78,58.23,54.1
982826821_271050358_0,60.0,69.41,54.41,51.9
982826821_1470957649_0,55.0,69.41,54.41,54.0
982855618_2612232869_0,60.0,65.11,52.25,54.5
982855618_271198410_0,60.0,65.92,57.86,54.9
983400190_173041653_0,70.0,70.32,61.72,58.1
984463099_262384730_0,60.0,71.55,60.29,58.55
990488493_990488507_0,65.0,70.0,71.66,69.65
990488507_245570230_0,65.0,70.52,72.37,69.8
990617728_990617733_0,60.0,68.58,57.54,58.35
990617728_692073219_0,60.0,69.41,59.87,58.17
990617728_248226755_0,60.0,68.6,54.27,57.12
990617733_990617728_0,60.0,68.58,57.54,58.35
990628175_271200582_0,55.0,70.51,49.56,56.25
993952340_2876371436_0,65.0,65.02,58.48,61.65
994916579_29461087_0,65.0,76.5,60.47,58.3
994916579_3727521259_0,65.0,75.51,56.52,57.7
994916579_29461090_0,65.0,74.84,59.5,58.25
996571882_392106693_0,65.0,73.18,60.38,58.9
996571882_10886130793_0,65.0,73.21,62.54,58.5
996571986_3786709666_0,65.0,73.66,61.97,57.55
996572044_127696234_0,65.0,78.11,70.59,67.0
996572104_3786709666_0,65.0,71.82,55.76,57.85
996572260_996572044_0,65.0,76.86,68.29,66.45
996747027_996747043_0,65.0,68.73,57.41,59.65
996747027_996747101_0,65.0,67.01,56.49,58.3
996747029_996747093_0,65.0,67.06,55.62,57.25
996747043_996747027_0,65.0,68.73,57.41,59.65
996747043_251443402_0,60.0,67.2,56.92,57.75
996747067_996747082_0,65.0,67.66,58.94,58.35
996747067_5107500006_0,65.0,67.64,57.43,58.3
996747082_996747067_0,65.0,67.66,58.94,58.35
996747082_996747093_0,65.0,67.77,55.27,58.05
996747093_996747101_0,65.0,69.25,57.78,58.95
996747093_996747043_0,65.0,67.32,56.8,58.3
996747093_996747029_0,65.0,67.06,55.62,57.25
996747101_996747093_0,65.0,69.25,57.78,58.95
996747101_996747067_0,65.0,67.75,56.19,58.9
998947385_998947398_0,65.0,67.19,57.4,58.45
998947385_260785437_0,65.0,70.48,57.41,58.0
998947385_998957062_0,60.0,71.15,57.48,57.7
998947398_1172258132_0,60.0,66.09,54.91,55.7
998957062_998947385_0,60.0,71.15,57.48,57.7
998957062_2787374175_0,65.0,70.35,56.49,58.15
1003120151_1003120153_0,60.0,68.1,55.64,57.2
1003120153_1003120155_0,60.0,67.56,53.6,54.7
1003120153_1003120187_0,65.0,68.08,54.88,54.35
1003120155_1137794312_0,65.0,67.5,50.78,54.65
1003120155_1003120187_0,65.0,67.71,52.29,54.6
1003120187_1003120151_0,65.0,68.65,53.89,54.85
1003120187_271759776_0,65.0,68.07,53.14,55.3
1003229685_2661091140_0,65.0,80.56,66.22,66.05
1003229685_21226574_0,65.0,79.41,64.52,65.8
1003229685_2661074358_0,65.0,77.93,64.87,65.95
1003229693_2817355929_0,65.0,71.91,64.45,63.3
1003229693_2817355944_0,60.0,79.34,64.9,64.85
1003229693_1003229713_0,65.0,79.57,65.43,65.65
1003229713_21663198_0,65.0,71.57,64.95,63.95
1003229713_21226428_0,65.0,76.27,65.33,65.65
1003229713_1003229693_0,65.0,79.57,65.43,65.65
1003229713_2817351181_0,65.0,79.25,66.05,65.4
1003229723_271200582_0,60.0,71.14,52.11,55.55
1003229723_271200573_0,65.0,71.61,54.94,55.65
1003229723_2571529490_0,60.0,70.87,54.71,54.7
1003229750_27529362_0,65.0,73.95,59.13,60.8
1003229750_27529349_0,65.0,73.55,60.48,61.95
1003229765_271200573_0,60.0,72.17,52.78,56.3
1003229765_271050364_0,60.0,72.86,56.28,58.75
1004444456_2801278509_0,60.0,74.77,61.74,61.8
1004444456_3231455586_0,60.0,78.27,65.3,62.15
1006057388_21227201_0,65.0,77.54,63.1,63.25
1006145237_1006145400_0,60.0,69.46,52.36,55.7
1006145237_1006145319_0,60.0,69.27,59.0,58.4
1006145245_574886004_0,60.0,67.12,55.75,54.95
1006145245_271759935_0,60.0,67.31,54.34,54.55
1006145246_1006145268_0,55.0,69.28,55.92,56.5
1006145246_1006145429_0,55.0,70.72,59.29,59.3
1006145246_2534412991_0,60.0,71.02,57.15,61.4
1006145261_1006145400_0,60.0,68.73,54.92,54.5
1006145261_1006145388_0,60.0,68.09,52.37,54.2
1006145265_1006145295_0,55.0,65.07,53.91,55.2
1006145265_574886666_0,55.0,65.42,54.22,57.05
1006145265_271760032_0,55.0,65.15,57.45,55.55
1006145266_1006145245_0,60.0,66.55,55.28,54.45
1006145266_574886408_0,60.0,66.49,53.26,56.15
1006145266_260785304_0,55.0,66.81,53.75,56.05
1006145268_1006145237_0,60.0,71.9,57.92,55.25
1006145268_1006145400_0,55.0,69.2,57.07,56.0
1006145278_271760069_0,60.0,66.0,58.26,58.35
1006145278_1006145411_0,60.0,64.74,59.22,57.6
1006145280_1006145368_0,65.0,68.7,54.02,53.7
1006145295_574886837_0,55.0,64.82,53.1,55.75
1006145295_1006145265_0,55.0,65.07,53.91,55.2
1006145295_1006145381_0,55.0,64.91,56.18,56.25
1006145295_574886845_0,55.0,64.96,53.51,54.65
1006145319_271050315_0,60.0,71.13,58.62,58.1
1006145319_271050316_0,60.0,71.1,55.25,61.65
1006145329_1006145407_0,60.0,67.88,54.39,55.35
1006145329_2786148531_0,60.0,67.71,55.86,55.65
1006145335_1006145459_0,60.0,68.91,52.39,54.15
1006145346_2122712293_0,60.0,71.39,57.54,58.05
1006145361_574934038_0,60.0,69.68,60.55,58.8
1006145361_1006145395_0,55.0,70.59,60.6,58.5
1006145368_1006145371_0,60.0,68.95,52.76,53.95
1006145368_1006145335_0,60.0,68.85,51.44,54.0
1006145371_1006145335_0,60.0,69.01,52.01,54.25
1006145371_1284927091_0,60.0,69.15,54.91,55.55
1006145381_1006145295_0,55.0,64.91,56.18,56.25
1006145382_1006145361_0,60.0,67.97,56.54,58.5
1006145382_1137933862_0,65.0,68.51,56.27,58.1
1006145382_271050308_0,65.0,69.06,58.78,57.5
1006145384_1006145411_0,60.0,64.75,53.95,58.25
1006145384_2623432635_0,65.0,65.58,56.65,57.9
1006145384_3775316420_0,60.0,65.22,56.58,58.65
1006145388_1006145261_0,55.0,68.17,52.82,54.45
1006145388_1006145407_0,60.0,67.8,55.56,53.7
1006145395_1006145361_0,55.0,70.59,60.6,58.5
1006145395_271050315_0,60.0,70.85,55.66,58.7
1006145400_1006145237_0,60.0,69.46,52.02,55.7
1006145400_1006145268_0,55.0,69.2,57.07,56.0
1006145400_1006145261_0,60.0,68.74,54.5,54.45
1006145405_2623432633_0,65.0,64.18,56.75,56.0
1006145405_1006145411_0,60.0,64.36,53.19,55.3
1006145407_1006145388_0,60.0,67.8,55.56,53.7
1006145407_1006145329_0,60.0,67.67,55.42,54.5
1006145411_1006145278_0,60.0,64.74,59.22,57.6
1006145411_1006145384_0,60.0,64.75,53.95,58.25
1006145411_1006145405_0,60.0,64.36,53.19,55.3
1006145416_262384559_0,65.0,68.5,52.82,53.1
1006145416_1006145280_0,65.0,68.5,51.62,53.65
1006145429_1006145346_0,55.0,68.98,55.32,56.85
1006145429_1006145246_0,55.0,70.72,59.29,59.3
1006145429_2122712294_0,55.0,70.61,56.29,58.45
1006145440_1006145416_0,65.0,70.73,53.21,54.8
1006145452_981894177_0,65.0,69.12,57.84,59.5
1006145455_271050308_0,65.0,69.04,60.88,59.05
1006145455_271050310_0,65.0,69.54,60.65,59.9
1006145459_271198121_0,60.0,71.1,53.07,55.5
1006145459_1006145440_0,60.0,70.54,50.9,55.4
1006145460_271760034_0,55.0,66.92,54.79,57.8
1006145460_1137872240_0,55.0,65.07,56.62,58.15
1006191585_21227092_0,60.0,68.62,61.79,59.85
1006191585_21226279_0,60.0,68.11,65.89,62.95
1006191585_2817459233_0,65.0,68.86,62.63,59.4
1009311708_1009312172_0,65.0,68.79,60.48,62.3
1009311770_343290830_0,65.0,69.29,73.43,70.2
1009311800_560976661_0,65.0,78.84,65.12,63.05
1009311800_560976659_0,65.0,78.93,66.78,63.45
1009311800_248291955_0,65.0,78.92,66.34,63.2
1009311899_1009312065_0,60.0,81.27,66.27,67.2
1009311899_252820377_0,60.0,78.8,63.81,64.75
1009311906_1009312094_0,60.0,66.41,60.09,60.49
1009311906_13919640_0,60.0,68.84,62.77,63.65
1009311916_1009311929_0,65.0,71.31,57.22,58.4
1009311929_2565133341_0,65.0,72.15,57.56,58.15
1009311929_1009312115_0,65.0,71.4,56.61,57.85
1009311989_3501083546_0,65.0,72.6,66.35,67.1
1009311989_3783105842_0,65.0,74.38,64.11,66.05
1009312036_1017063167_0,65.0,67.66,64.06,61.7
1009312065_29462487_0,65.0,81.94,65.66,67.6
1009312065_259592092_0,65.0,79.24,64.18,65.95
1009312089_1017063161_0,65.0,68.65,63.24,61.45
1009312094_344806107_0,60.0,66.51,61.87,61.37
1009312094_28836318_0,60.0,65.48,58.54,59.1
1009312115_2565130874_0,65.0,70.09,56.28,57.2
1009312166_248291944_0,65.0,77.72,65.63,64.9
1009312166_29270174_0,65.0,78.82,64.1,60.35
1009312172_8038367636_0,65.0,67.88,60.77,63.15
1009312172_1009312036_0,65.0,67.81,63.03,62.55
1009312234_776998590_0,60.0,70.48,55.41,58.4
1010803742_1030280426_0,65.0,64.9,63.53,64.3
1011790296_1011790496_0,55.0,62.29,53.39,58.1
1011790296_2870686226_0,55.0,61.31,50.33,52.35
1011790296_1011790380_0,55.0,61.57,46.87,52.35
1011790336_271199009_0,55.0,62.04,53.27,58.1
1011790380_1011790296_0,55.0,61.54,46.87,52.35
1011790496_1011790296_0,55.0,62.29,53.39,58.1
1011790496_271199009_0,55.0,64.67,56.82,58.0
1011790496_271760333_0,60.0,64.53,57.67,58.2
1017063161_3268056547_0,65.0,66.01,64.29,60.65
1017063161_1009311708_0,65.0,68.11,63.51,61.8
1017063167_1009312089_0,65.0,67.45,65.68,61.05
1027163153_249453747_0,65.0,67.89,52.45,57.7
1027325430_1027325477_0,65.0,63.2,62.25,57.2
1027325464_1027325477_0,65.0,62.79,55.19,58.3
1027325477_1027325430_0,65.0,63.2,62.25,57.2
1027325477_1948088671_0,60.0,63.52,63.39,57.15
1027355201_339239220_0,65.0,70.65,62.31,62.95
1028265033_1028381824_0,65.0,66.09,67.4,60.65
1028265038_1283541510_0,65.0,66.71,60.85,60.7
1028270241_1028400259_0,60.0,58.39,57.26,53.55
1028290578_2030035287_0,65.0,59.54,54.87,54.5
1028342312_1277834722_0,60.0,55.73,58.28,56.1
1028342312_251787403_0,65.0,59.0,54.33,54.9
1028348627_1028342312_0,65.0,55.43,60.7,55.4
1028381765_2723637366_0,60.0,65.41,67.51,60.9
1028381765_1028265033_0,65.0,65.79,68.06,60.6
1028381777_2030035293_0,65.0,59.97,59.92,54.0
1028381824_2030035296_0,65.0,66.69,63.28,60.6
1028397678_1028397720_0,60.0,58.59,56.95,54.45
1028397678_1276320625_0,65.0,58.77,51.17,52.9
1028400259_1028270245_0,65.0,58.66,57.96,53.35
1028718457_7911179194_0,60.0,67.58,54.46,54.4
1028718457_982681644_0,60.0,68.23,56.97,55.55
1028718457_982681650_0,60.0,69.2,53.57,55.6
1029605717_281439800_0,65.0,55.46,48.5,53.95
1030280334_1430928635_0,65.0,60.88,55.98,57.1
1030280334_1430928639_0,65.0,64.42,58.19,59.5
1030280341_1030280490_0,65.0,66.72,58.96,61.72
1030280370_1030280439_0,70.0,68.84,66.83,62.02
1030280376_1030280334_0,65.0,62.66,61.61,60.55
1030280376_1030280383_0,65.0,63.8,65.14,62.65
1030280380_1030280370_0,70.0,66.72,62.67,61.99
1030280383_253967086_0,60.0,63.93,65.72,61.95
1030280383_12899818810_0,65.0,64.02,66.19,62.35
1030280408_1720976569_0,65.0,66.61,68.0,67.95
1030280408_1720976581_0,65.0,65.64,68.28,66.05
1030280410_734058538_0,65.0,65.51,59.97,61.6
1030280411_1030280475_0,65.0,67.86,65.52,61.42
1030280426_610286541_0,65.0,61.52,65.99,65.15
1030280426_1030280470_0,65.0,69.05,69.37,66.25
1030280432_1030280380_0,65.0,66.45,60.0,61.3
1030280439_1030280383_0,65.0,63.5,61.77,59.52
1030280439_1030280411_0,65.0,68.28,65.92,61.92
1030280441_1030280376_0,65.0,63.12,61.51,62.26
1030280441_3261893414_0,65.0,63.32,65.36,61.28
1030280449_2700130770_0,65.0,66.04,60.93,63.5
1030280449_1720976581_0,65.0,63.85,62.66,64.7
1030280458_1432170143_0,65.0,59.33,58.35,55.9
1030280458_1030280411_0,65.0,65.18,62.87,61.7
1030280470_243716439_0,65.0,66.02,66.09,66.8
1030280470_1030280408_0,65.0,68.29,67.31,66.45
1030280475_1432167776_0,70.0,61.7,58.43,58.0
1030280475_1030280370_0,65.0,67.7,65.9,61.96
1030280475_1030280341_0,65.0,66.55,60.95,61.75
1030280490_1483321659_0,65.0,67.67,63.52,62.0
1037250663_243668179_0,60.0,64.68,58.75,64.4
1037266557_249778751_0,65.0,61.64,61.92,58.9
1037266557_249779637_0,65.0,61.27,60.75,59.2
1042385991_1042386111_0,65.0,64.79,63.44,57.2
1042386111_845859622_0,65.0,65.11,65.41,57.3
1042386111_1042386060_0,65.0,64.98,63.5,57.1
1042393208_1042393210_0,65.0,68.2,56.15,57.6
1042393210_1042393203_0,65.0,68.41,56.42,57.95
1042393210_1969756011_0,65.0,59.89,58.35,58.63
1042404270_845859622_0,70.0,66.19,62.39,57.7
1042404270_1042393208_0,65.0,68.25,56.59,57.1
1043741342_2585241735_0,65.0,69.6,59.13,60.6
1043741342_311744234_0,65.0,68.13,61.14,60.45
1043741418_1043741342_0,65.0,69.75,64.73,65.95
1043741418_2585241735_0,65.0,74.73,65.86,67.5
1045681557_2801622064_0,65.0,61.83,63.8,57.8
1059453746_1483929526_0,60.0,58.72,50.81,53.05
1083575200_271199838_0,65.0,65.76,60.65,57.3
1084012821_1951340748_0,65.0,70.65,64.35,62.1
1088279509_95752309_0,65.0,58.93,62.39,58.83
1088279509_95752315_0,70.0,58.8,64.4,61.08
1092285727_1092286301_0,60.0,58.13,53.36,55.75
1092285727_1092286284_0,60.0,59.59,57.68,58.5
1092286064_1092286284_0,60.0,60.9,62.76,59.8
1092286064_263777387_0,60.0,61.03,62.79,59.7
1092286064_5172061228_0,65.0,57.98,58.75,57.6
1092286224_5172061228_0,65.0,57.21,50.47,56.0
1092286284_263785349_0,60.0,62.5,58.81,59.6
1092286284_1092286064_0,60.0,60.9,62.76,59.8
1092286301_1092285727_0,60.0,58.13,53.36,55.75
1092286309_718766601_0,60.0,57.33,54.88,57.25
1092390937_1092390964_0,65.0,57.54,51.97,56.2
1092390937_264640362_0,60.0,57.09,53.11,55.55
1092390937_1110303878_0,60.0,58.03,58.15,58.4
1092390964_1092390937_0,65.0,57.54,51.97,56.2
1092390964_1092390937_1,60.0,56.99,52.61,54.6
1092391127_1110303878_0,65.0,61.37,59.78,59.25
1092391127_1092390964_0,65.0,57.92,59.15,58.65
1092391127_279798578_0,65.0,61.39,60.33,58.85
1092539235_263772806_0,65.0,61.65,61.55,64.1
1092539235_263788230_0,65.0,59.03,62.05,61.85
1097841711_1097841726_0,65.0,57.82,58.12,58.2
1097841713_3475548010_0,65.0,58.26,60.1,58.4
1097841713_1097841757_0,65.0,58.98,56.99,58.55
1097841726_1103678782_0,65.0,57.87,59.02,58.7
1097841727_1097841713_0,65.0,59.01,56.38,58.45
1097841757_1097841711_0,65.0,59.64,59.43,58.35
1103678782_916918586_0,65.0,58.6,60.08,59.25
1103678782_1097841727_0,65.0,59.03,60.31,59.0
1107350350_11066592258_0,60.0,56.91,53.42,54.95
1107350350_264680408_0,60.0,57.47,52.89,55.45
1107696021_787822276_0,65.0,71.19,55.99,61.7
1107696021_1107696111_0,65.0,70.06,57.41,60.5
1107696090_1107696106_0,65.0,68.5,61.16,57.15
1107696090_574968981_0,65.0,66.91,57.76,57.55
1107696093_1107696111_0,65.0,69.05,59.86,57.25
1107696093_1107696021_0,65.0,70.78,57.67,61.95
1107696106_1107696093_0,65.0,68.31,56.63,57.35
1107696111_1471896717_0,65.0,68.74,59.89,59.3
1108887423_151407024_0,65.0,64.21,49.39,61.4
1108957932_152379052_0,65.0,62.89,52.49,62.25
1108957932_10003569993_0,65.0,62.92,54.77,61.3
1108957943_267102008_0,65.0,63.04,60.86,62.95
1108957943_10003569994_0,65.0,62.89,58.3,65.87
1108967420_13266428533_0,60.0,56.85,52.47,53.75
1108967420_267102008_0,65.0,59.41,59.61,63.27
1108967420_10091649597_0,60.0,58.65,62.21,58.25
1109071879_1111602996_0,65.0,45.45,56.99,43.85
1109071879_1109071890_0,65.0,44.95,53.56,44.65
1109071880_268980594_0,65.0,54.65,57.6,53.45
1109071890_259780771_0,65.0,45.52,53.3,45.6
1109071891_1109071890_0,65.0,47.64,49.79,57.75
1109071891_1109071879_0,65.0,46.76,50.1,57.65
1110141284_1110141308_0,60.0,57.56,60.53,55.05
1110141284_417737701_0,55.0,56.98,56.02,56.0
1110141308_268762396_0,55.0,58.37,60.02,58.95
1110165069_264264063_0,60.0,54.36,59.53,58.6
1110165223_256579778_0,65.0,55.69,55.24,56.8
1110291171_256575176_0,65.0,66.58,60.71,59.5
1110291171_1383498715_0,60.0,64.89,64.01,63.82
1110303878_1092391127_0,65.0,61.37,59.78,59.25
1110303878_264641059_0,65.0,61.0,62.54,59.0
1110303900_263796528_0,65.0,59.78,54.19,55.2
1110303944_27551147_0,65.0,58.47,52.52,57.6
1110303944_5166288820_0,60.0,59.07,53.54,58.31
1110303955_1110303944_0,60.0,59.66,63.64,56.35
1110303955_308930649_0,60.0,64.21,58.67,62.08
1110303955_27551149_0,65.0,62.44,59.77,59.0
1110323884_263796532_0,65.0,65.22,65.37,62.88
1110323884_256575039_0,65.0,67.43,72.31,66.3
1111471278_506707988_0,65.0,59.02,54.49,54.45
1111602996_1109071879_0,65.0,45.45,56.99,43.85
1111602996_2503098094_0,65.0,46.06,59.53,45.55
1111714806_3073232885_0,65.0,67.81,61.15,62.45
1111714806_1111714813_0,65.0,69.63,61.78,65.5
1111714813_1939485364_0,65.0,70.69,62.27,64.95
1112456214_21226174_0,65.0,61.98,59.77,61.05
1112456214_11436894967_0,65.0,62.64,64.13,63.43
1116395987_9511343496_0,65.0,68.35,55.96,57.25
1116395987_1448467632_0,65.0,66.64,58.35,58.9
1122407342_29461124_0,60.0,74.83,57.55,57.35
1122407342_1172305569_0,60.0,78.91,59.03,57.35
1122407342_257678251_0,60.0,78.17,56.93,62.22
1123373814_78420120_0,65.0,65.38,58.87,57.75
1123373814_78420047_0,65.0,61.26,62.4,57.85
1123480989_292694489_0,60.0,63.99,54.49,59.86
1123480989_1123481091_0,65.0,62.4,53.23,57.5
1123480989_717641265_0,65.0,60.85,53.16,56.5
1123481091_292694489_0,65.0,63.87,55.4,60.41
1123481091_717641266_0,65.0,60.97,52.05,52.95
1126114809_279131344_0,65.0,70.48,64.21,68.6
1126114820_1417067575_0,65.0,63.97,55.38,56.91
1126114820_534888520_0,65.0,65.32,54.25,55.26
1132113574_1132113576_0,65.0,69.6,64.3,65.8
1132113576_485983959_0,65.0,73.26,63.57,65.45
1134148017_595650243_0,55.0,68.84,58.48,55.65
1134148045_1134148165_0,55.0,64.31,52.16,55.65
1134148123_1134148165_0,55.0,65.32,53.1,55.65
1134148123_1518866679_0,55.0,65.73,52.11,55.35
1134148123_1134148135_0,55.0,64.74,55.12,56.15
1134148135_1134148123_0,55.0,64.74,55.12,56.15
1134148165_1134148123_0,55.0,65.32,53.1,55.65
1134148165_1134148045_0,55.0,64.31,52.16,55.65
1134148165_10010161318_0,55.0,64.66,51.81,56.15
1134148174_1518866679_0,55.0,66.24,54.31,55.7
1134148174_10010161316_0,55.0,65.88,53.92,55.3
1134148174_574931512_0,55.0,67.22,59.54,58.1
1134148259_621160501_0,55.0,64.74,53.5,54.7
1134228275_606555936_0,65.0,74.27,62.2,61.2
1137778137_2634875235_0,60.0,73.82,57.1,58.9
1137778137_1137778220_0,60.0,75.39,58.47,58.75
1137778150_1137778153_0,60.0,76.27,59.16,57.5
1137778151_1137778150_0,55.0,75.2,58.64,58.85
1137778151_257909180_0,55.0,73.84,62.98,60.3
1137778153_1137778203_0,60.0,77.41,60.65,58.55
1137778153_257909190_0,60.0,75.37,61.71,59.5
1137778183_1566909745_0,60.0,74.52,53.17,62.02
1137778203_1137778137_0,60.0,77.55,60.57,58.75
1137778220_1137778151_0,60.0,75.3,58.47,58.75
1137794312_260785305_0,60.0,67.95,51.09,55.8
1137794312_271759776_0,60.0,68.17,51.55,55.7
1137794312_1003120155_0,65.0,67.5,50.78,54.65
1137794312_1172257127_0,60.0,67.64,53.4,54.8
1137802567_1137802576_0,60.0,66.4,57.58,59.15
1137802567_2421551762_0,60.0,69.67,59.38,57.05
1137802567_271759288_0,60.0,69.04,63.14,58.15
1137802576_1137802567_0,60.0,66.4,57.58,59.15
1137872231_3234508591_0,55.0,66.71,58.06,54.4
1137872240_1006145460_0,55.0,65.07,56.62,58.15
1137933837_1137933862_0,65.0,67.87,56.61,58.45
1137933862_1006145382_0,65.0,68.51,56.27,58.1
1137933862_1137933837_0,65.0,67.87,56.61,58.45
1137933937_1137933837_0,60.0,66.49,52.89,57.15
1137933937_1137933862_0,60.0,66.76,55.84,58.05
1143719819_11025932898_0,65.0,67.91,62.56,59.85
1143719821_1143719819_0,65.0,63.22,63.77,63.05
1143719821_737464371_0,65.0,66.72,61.56,59.85
1143719823_268258939_0,65.0,65.89,58.67,61.95
1143755631_966264619_0,65.0,66.78,59.52,60.95
1143767401_253243310_0,65.0,66.37,65.89,66.6
1145293067_27626619_0,65.0,72.89,66.74,65.85
1145293067_1885423987_0,65.0,72.8,67.62,66.75
1145304540_690708936_0,60.0,67.23,56.0,54.8
1145304540_1145304565_0,60.0,66.94,59.59,55.45
1145304565_690711024_0,60.0,66.94,58.07,55.1
1145304565_690710484_0,60.0,67.72,55.87,56.05
1145304580_31333462_0,60.0,66.61,58.5,57.05
1145304580_4475491192_0,60.0,67.05,56.31,55.7
1145304583_2799810632_0,65.0,69.92,62.11,64.15
1145304583_8118826463_0,65.0,69.31,62.7,61.7
1145309693_7746238121_0,65.0,67.31,56.33,57.2
1145309693_442372744_0,65.0,68.3,59.41,57.3
1145309693_28836323_0,65.0,69.05,60.34,60.1
1150916214_471133127_0,60.0,65.19,58.19,61.1
1157980278_1157980328_0,65.0,62.19,57.57,53.55
1157980278_269792726_0,65.0,62.09,60.96,57.75
1157980281_269792726_0,65.0,64.33,59.89,59.9
1157980284_1157980328_0,65.0,62.05,58.79,56.05
1157980284_1157980278_0,65.0,61.94,60.11,55.3
1157980328_1157980284_0,65.0,62.05,58.79,56.05
1157980328_1157980281_0,65.0,62.36,62.37,57.6
1171087305_92164137_0,60.0,63.67,58.23,65.08
1171087305_21458328_0,60.0,62.79,60.56,64.6
1171087500_243479233_0,65.0,63.5,58.55,62.9
1171087500_1037250663_0,60.0,64.98,58.6,64.4
1171087560_87810239_0,65.0,65.42,63.38,62.23
1171087632_1603973253_0,65.0,63.37,63.99,60.2
1171087632_1603973246_0,65.0,68.43,67.24,66.5
1171087785_2701175492_0,60.0,63.75,58.07,64.4
1171087785_243717269_0,65.0,63.2,57.5,64.0
1171087822_249782938_0,60.0,60.74,59.02,61.42
1171087822_1171087785_0,60.0,63.93,58.54,65.15
1171087836_235571262_0,65.0,64.02,60.46,63.5
1171087836_9395255494_0,60.0,64.57,56.97,63.7
1171155343_1171155363_0,65.0,73.94,70.27,62.67
1171155343_31012774_0,65.0,75.2,64.31,61.82
1171155359_250291808_0,60.0,66.67,62.88,60.55
1171155359_2915886806_0,60.0,65.05,59.27,57.5
1171155363_2915802648_0,65.0,76.96,62.64,63.3
1172137657_982681650_0,60.0,69.85,55.2,56.1
1172153858_282010388_0,55.0,74.38,55.38,60.38
1172153858_1284927137_0,60.0,72.52,53.77,57.75
1172153947_271050364_0,60.0,74.49,56.77,59.2
1172153947_1003229765_0,65.0,71.92,56.89,59.95
1172171252_1172171479_0,60.0,68.92,52.97,55.95
1172171257_2796669858_0,60.0,69.1,55.1,54.6
1172171257_271050374_0,60.0,69.19,55.51,55.9
1172171278_370672722_0,65.0,75.89,59.18,59.1
1172171479_3724434375_0,60.0,68.8,53.79,55.45
1172171479_1172171252_0,60.0,68.91,52.97,55.95
1172171576_29461196_0,65.0,76.9,61.42,58.65
1172187361_395249732_0,65.0,71.5,53.91,54.8
1172187361_395249733_0,65.0,71.37,54.86,54.1
1172257127_2609471065_0,60.0,68.36,53.0,56.0
1172257127_271759694_0,60.0,68.07,51.6,55.85
1172257127_271759734_0,60.0,67.93,53.36,56.3
1172257127_1137794312_0,60.0,67.62,52.63,54.95
1172258013_21226105_0,65.0,80.25,64.88,63.9
1172258013_1253963491_0,65.0,79.12,63.61,58.0
1172258132_260785176_0,60.0,67.87,57.4,58.55
1172258220_271200487_0,60.0,67.66,50.02,56.5
1172258220_2722021088_0,60.0,69.23,57.48,58.9
1172305569_29461123_0,65.0,75.17,58.54,56.7
1172305569_1122407342_0,60.0,78.91,59.03,57.35
1172305569_2565024928_0,65.0,80.59,59.37,64.7
1178826476_2719976611_0,60.0,64.11,59.19,61.8
1178826476_2720033975_0,60.0,63.22,57.98,57.7
1178826587_1178826476_0,60.0,63.42,57.54,57.6
1178826587_2720033975_0,60.0,63.1,59.57,57.8
1178826603_2889082890_0,60.0,62.52,59.87,59.3
1178826603_2719972514_0,60.0,63.46,57.66,58.0
1178826643_2720033987_0,55.0,61.44,56.9,58.0
1178826643_9293476588_0,55.0,61.48,58.12,57.35
1178990321_1178990329_0,65.0,68.3,61.06,64.55
1178990322_1329868270_0,65.0,68.76,62.64,64.6
1178990322_3404441898_0,65.0,71.49,61.88,60.55
1178990324_2941511374_0,65.0,72.82,57.65,62.4
1178990324_1471896754_0,65.0,70.01,57.66,62.05
1178990329_21293721_0,65.0,73.57,65.22,61.35
1178999482_1178999514_0,55.0,59.8,51.31,54.55
1178999482_582872229_0,55.0,59.63,50.87,56.65
1178999482_249360989_0,55.0,60.66,54.22,57.1
1178999514_1178999482_0,55.0,59.8,51.5,54.55
1182870742_252123165_0,65.0,74.9,58.18,57.75
1183357802_35081104_0,60.0,60.45,54.99,52.75
1184628570_251622084_0,60.0,69.69,59.74,57.15
1184628587_335593073_0,60.0,67.58,59.03,57.05
1184628609_251892951_0,60.0,67.14,58.35,57.2
1184628612_259173649_0,60.0,68.02,59.48,60.35
1184628612_1184628570_0,60.0,69.42,55.37,57.1
1184628615_251892958_0,60.0,66.33,57.79,59.65
1185810443_3778783753_0,65.0,77.05,61.82,58.45
1185810443_12536794577_0,65.0,75.1,61.63,59.0
1194087439_691028794_0,65.0,66.47,58.65,58.35
1194087439_691057141_0,65.0,66.95,61.55,58.45
1200503313_3127491115_0,65.0,73.39,66.5,67.15
1200503313_1200503324_0,65.0,74.1,66.76,67.4
1200503324_21306389_0,65.0,74.17,67.43,68.4
1209230612_615041500_0,65.0,68.72,61.13,60.8
1209230612_21226954_0,65.0,69.22,63.3,63.32
1209230613_1209230612_0,65.0,68.79,62.14,60.8
1209230613_615037161_0,65.0,74.17,65.04,61.08
1209230615_615037952_0,65.0,67.6,60.12,60.95
1209230615_615037162_0,65.0,68.44,64.77,62.13
1209230615_615041500_0,65.0,68.5,62.09,60.35
1219588805_253973182_0,70.0,62.78,61.87,58.4
1219614996_252208285_0,60.0,54.72,53.46,55.52
1219615356_2719767881_0,60.0,55.54,59.27,56.55
1219615441_252204596_0,60.0,57.94,59.68,58.95
1221611706_1221611740_0,65.0,57.68,57.41,55.5
1221611706_243743723_0,65.0,57.86,55.27,55.35
1221611740_243743725_0,65.0,57.95,56.44,55.45
1234747209_21225978_0,65.0,68.27,58.02,58.65
1234747209_21226963_0,65.0,68.88,65.71,65.05
1236455755_1657885636_0,65.0,58.38,55.45,51.2
1236455785_1126114809_0,65.0,69.86,61.92,66.85
1236466486_262508249_0,60.0,63.79,58.39,60.62
1236466486_1236466544_0,60.0,67.11,60.53,60.9
1236466498_392094575_0,60.0,57.35,54.61,56.6
1236466535_255895531_0,60.0,68.54,63.7,68.3
1236466535_2769163349_0,60.0,67.87,60.36,64.25
1236466543_255895613_0,60.0,59.16,58.63,57.8
1236466543_1236466498_0,55.0,57.45,54.94,55.45
1236466544_2701605499_0,60.0,69.78,61.9,62.1
1236466560_1236466535_0,60.0,63.13,57.94,61.15
1236466560_306997535_0,55.0,62.79,62.6,61.2
1236470076_1236470154_0,65.0,58.19,54.31,54.35
1236470076_262978291_0,65.0,58.46,53.49,54.85
1236470076_747114975_0,65.0,58.06,50.92,54.35
1236470149_1483929526_0,60.0,60.69,49.88,53.05
1236470149_747114975_0,60.0,58.97,47.1,53.2
1236470154_1236470149_0,65.0,58.91,54.6,52.8
1245595239_1245595411_0,60.0,64.48,58.99,56.65
1245595242_268052146_0,65.0,63.37,60.92,61.2
1245595242_2768169599_0,65.0,60.34,61.86,61.25
1245595368_684208423_0,60.0,63.82,52.81,53.05
1245595368_252612015_0,60.0,64.92,53.13,54.89
1245595411_2212084004_0,60.0,64.12,54.83,58.0
1245595411_1245595460_0,60.0,64.48,57.79,58.1
1245595460_3780381634_0,60.0,63.95,58.27,57.2
1245595460_3790779434_0,60.0,63.79,58.68,58.1
1245605364_1245605376_0,60.0,65.37,58.48,56.65
1245605364_4008626574_0,60.0,66.06,59.16,57.38
1245605376_2702724788_0,65.0,64.77,53.46,55.45
1245605376_1245605364_0,60.0,65.37,58.48,56.65
1245605376_102240412_0,65.0,65.24,55.85,57.4
1245605379_293781323_0,70.0,67.28,53.04,55.55
1245605385_1281605730_0,65.0,65.88,51.73,55.45
1249833417_3818659527_0,65.0,65.44,67.51,66.1
1249833417_1249833428_0,65.0,64.07,67.73,60.3
1249833417_262507732_0,65.0,68.85,58.62,59.15
1249833428_1249833417_0,65.0,64.07,67.73,60.3
1251157131_2701604923_0,60.0,64.86,60.52,59.02
1251157153_1251157131_0,65.0,66.03,58.02,57.84
1251157153_1477742994_0,65.0,66.26,56.98,58.3
1251157179_12007404307_0,60.0,66.6,61.84,59.85
1251157179_8377898739_0,60.0,64.05,56.1,58.3
1251157203_2578087394_0,65.0,69.59,62.1,62.5
1251157216_102277684_0,70.0,70.06,62.35,60.85
1251157251_4335067823_0,65.0,66.37,63.67,62.3
1251157288_12007404306_0,65.0,71.53,62.46,63.75
1251157302_1251157251_0,65.0,64.43,61.05,60.32
1251157302_487089357_0,60.0,63.8,58.6,58.1
1251181327_1251181389_0,65.0,69.12,57.19,56.25
1251181334_102277684_0,65.0,72.79,64.92,63.42
1251181334_2699928291_0,70.0,70.68,56.72,60.25
1251181334_265742660_0,65.0,69.52,57.77,58.95
1251181340_1251181327_0,65.0,67.79,56.85,56.6
1251181340_567863080_0,65.0,67.0,57.65,58.3
1251181389_2699928284_0,65.0,69.42,59.85,55.3
1251181389_2699928263_0,70.0,69.21,57.83,56.15
1251181538_1251181327_0,65.0,69.5,61.36,55.8
1251181538_1251181340_0,65.0,67.35,60.24,57.5
1251586321_24576323_0,60.0,68.73,58.11,57.95
1251595187_27555339_0,60.0,70.21,59.24,60.45
1251595187_1251595189_0,60.0,70.77,60.29,60.05
1251595189_3996462469_0,65.0,69.72,62.49,61.05
1251595190_1251595192_0,65.0,68.79,59.38,57.75
1251595190_21226350_0,60.0,69.21,61.38,60.55
1251595192_1809940499_0,65.0,69.06,57.86,57.7
1251595192_21226350_0,65.0,69.84,61.23,60.45
1251634349_1322862543_0,65.0,75.54,67.66,67.8
1251634408_21226250_0,65.0,75.49,67.6,67.58
1251634500_21226184_0,65.0,74.74,65.19,64.3
1251634557_2896764545_0,65.0,65.44,55.21,57.85
1251659572_2456975754_0,60.0,63.16,65.03,63.0
1251659572_33197501_0,65.0,67.05,66.48,62.5
1251659573_252631068_0,65.0,62.67,61.78,60.55
1251659573_1251659581_0,65.0,63.18,60.28,63.0
1251659576_1251659581_0,65.0,62.97,61.69,62.1
1251659581_31509007_0,65.0,64.47,62.77,61.15
1251659581_1251659573_0,65.0,63.18,60.46,63.05
1251661395_249176550_0,65.0,62.04,59.48,60.15
1251664594_114317320_0,60.0,68.86,60.91,62.6
1253812997_21225898_0,65.0,80.89,63.03,66.3
1253812997_21225843_0,65.0,72.47,65.35,63.55
1253813110_27626638_0,65.0,82.26,66.07,66.6
1253819881_21226848_0,65.0,72.99,59.02,62.55
1253819881_1253819987_0,65.0,73.1,59.89,60.65
1253819881_21226201_0,65.0,73.35,62.47,63.25
1253819987_21226330_0,65.0,73.03,60.93,62.35
1253831619_1253831643_0,65.0,79.15,58.79,57.35
1253831643_729314000_0,60.0,76.82,58.49,58.15
1253831720_21227083_0,65.0,81.26,64.4,63.48
1253831733_1253831720_0,65.0,78.77,58.29,56.5
1253846132_21226457_0,60.0,76.0,61.64,63.3
1253846605_311821153_0,60.0,76.02,60.71,59.04
1253869910_311821152_0,60.0,72.62,60.77,60.55
1253870017_257679426_0,60.0,71.66,61.74,58.8
1253870017_1253869910_0,60.0,71.43,60.26,59.35
1253963491_21226672_0,65.0,80.67,62.89,62.15
1253989991_29462506_0,65.0,76.27,61.01,61.4
1254028153_29462473_0,60.0,76.16,56.77,58.75
1254038098_259506738_0,65.0,72.74,54.0,57.2
1254038098_29462523_0,60.0,73.3,56.49,58.2
1254057353_27552281_0,65.0,72.38,67.09,67.6
1254057353_297700289_0,65.0,71.6,63.32,64.45
1255239251_21226561_0,65.0,79.17,64.41,66.6
1255239332_259506073_0,60.0,72.22,56.56,57.05
1255239332_259506065_0,60.0,72.56,58.71,58.2
1260842689_245570215_0,65.0,71.33,66.96,66.51
1260842924_21225901_0,65.0,69.23,66.23,64.26
1260843030_1260842924_0,65.0,73.61,66.13,63.28
1261889401_1804973918_0,65.0,58.46,49.67,55.05
1261908112_3204505440_0,60.0,63.51,57.95,55.25
1261908112_275651926_0,65.0,63.64,54.59,55.9
1261908176_275651943_0,65.0,70.05,66.58,65.45
1261908176_679447434_0,65.0,68.04,64.05,64.35
1263253033_256227378_0,60.0,61.05,56.16,57.1
1263253033_2177212815_0,65.0,60.63,54.28,56.4
1263426095_1263426110_0,65.0,63.32,56.6,55.35
1263426110_401350932_0,60.0,63.54,57.9,56.5
1263426110_1263426095_0,65.0,63.32,56.6,55.3
1263482014_310243948_0,65.0,72.47,61.01,58.8
1265957289_28848589_0,60.0,69.83,66.63,61.7
1265957289_414681643_0,60.0,67.02,57.89,62.28
1270568901_243671401_0,60.0,61.09,63.45,59.55
1270568901_243670904_0,65.0,61.8,63.66,60.05
1271151762_3780459562_0,65.0,70.32,60.61,62.5
1271151762_21458586_0,65.0,68.54,57.76,59.15
1271151782_1271151762_0,65.0,68.38,55.76,60.15
1271151782_3780459564_0,65.0,67.53,59.44,57.35
1271168971_1271169030_0,60.0,65.78,58.52,56.85
1271168971_1271169134_0,65.0,65.66,57.75,57.9
1271168971_1271168976_0,65.0,67.03,57.6,56.2
1271168976_21458583_0,65.0,69.53,61.82,56.95
1271168976_1271168971_0,65.0,67.03,57.6,56.2
1271168990_1245605379_0,65.0,67.53,59.13,57.5
1271168990_1944100732_0,70.0,68.88,61.47,58.5
1271169018_587537264_0,65.0,65.25,58.68,57.45
1271169018_1271169134_0,65.0,65.57,59.01,57.6
1271169030_1271168971_0,60.0,65.78,58.52,56.85
1271169030_10956402434_0,65.0,65.36,56.4,55.8
1271169030_1271169178_0,65.0,65.47,58.05,56.9
1271169049_1923780412_0,60.0,66.13,57.99,58.25
1271169049_127718967_0,60.0,66.3,62.44,63.7
1271169054_1923780429_0,60.0,64.62,56.77,57.55
1271169054_1271169148_0,60.0,64.6,56.82,57.25
1271169070_1271169130_0,60.0,65.1,57.32,56.8
1271169070_1482639802_0,60.0,63.83,55.75,56.05
1271169070_2703068189_0,60.0,64.22,56.92,55.45
1271169070_1271169148_0,60.0,64.87,58.45,56.55
1271169098_1271169148_0,60.0,63.51,56.33,56.4
1271169105_587537294_0,65.0,65.37,58.04,57.1
1271169112_127718923_0,60.0,64.75,59.64,57.75
1271169112_2703068227_0,60.0,64.94,58.29,57.75
1271169130_587537280_0,65.0,65.21,55.08,56.75
1271169130_1271169070_0,60.0,65.1,57.32,56.8
1271169134_1271168971_0,65.0,65.66,57.75,57.9
1271169134_1271169018_0,65.0,65.57,59.01,57.6
1271169134_596363451_0,65.0,66.94,59.29,59.6
1271169148_1271169098_0,60.0,63.51,56.33,56.4
1271169148_1271169070_0,60.0,64.87,58.45,56.55
1271169148_1271169054_0,60.0,64.6,56.82,57.25
1271169148_1482648127_0,60.0,63.84,57.08,56.15
1271169152_1482639902_0,60.0,63.13,55.7,56.8
1271169152_1923780421_0,60.0,65.63,56.48,58.45
1271169178_1271169105_0,65.0,65.4,58.16,57.3
1271169178_1271169030_0,65.0,65.47,58.05,56.9
1271169233_471133127_0,65.0,65.37,57.09,57.05
1271169233_262507565_0,65.0,65.35,58.23,61.55
1272057769_10315954887_0,60.0,76.18,61.26,63.1
1272057769_102203253_0,55.0,72.93,60.65,59.8
1272557402_1272557559_0,60.0,74.21,59.7,59.85
1272557430_1272557646_0,60.0,74.1,58.42,58.75
1272557519_2716231012_0,60.0,76.38,61.37,62.25
1272557559_3815796904_0,60.0,74.39,59.93,59.2
1272557559_1272557740_0,60.0,74.15,59.93,58.75
1272557564_2721545919_0,65.0,79.6,69.54,69.35
1272557605_563283432_0,65.0,73.73,69.3,69.3
1272557605_252566566_0,65.0,71.57,67.24,68.05
1272557646_251443225_0,60.0,74.08,56.15,58.7
1272557646_1272557402_0,60.0,74.12,59.53,58.35
1272557650_1272557741_0,65.0,71.61,62.41,66.2
1272557650_102240417_0,65.0,70.66,62.16,66.1
1272557683_27552363_0,65.0,71.93,67.56,68.45
1272557740_1272557783_0,60.0,74.16,59.35,58.95
1272557741_1272557683_0,65.0,76.79,63.58,70.4
1272557741_102240417_0,65.0,78.38,67.97,68.85
1272557763_102233671_0,60.0,73.53,58.74,59.65
1272557763_101534877_0,55.0,77.93,62.76,60.0
1272557783_1272557430_0,60.0,74.14,59.11,58.75
1272557823_102224825_0,65.0,76.59,70.69,69.55
1272881009_1272881108_0,55.0,71.1,52.68,55.85
1272881009_2212888344_0,55.0,71.2,54.28,57.7
1272881021_2212891400_0,55.0,64.42,54.99,55.6
1272881058_1272881119_0,55.0,65.61,61.45,56.35
1272881058_2721130021_0,55.0,64.67,62.55,55.9
1272881108_1272881009_0,55.0,71.1,52.68,55.85
1272881119_1272881058_0,55.0,65.59,61.45,56.2
1272881119_2720213568_0,55.0,60.31,51.65,48.0
1272882196_518538651_0,65.0,73.01,64.0,59.65
1272882196_2820471976_0,65.0,73.44,63.73,59.6
1272882223_518538651_0,65.0,72.69,64.72,59.25
1272882223_518538662_0,65.0,72.71,63.79,58.6
1273633806_21310624_0,65.0,75.99,58.91,63.7
1273633808_21310495_0,65.0,72.51,61.83,63.75
1273633810_1273633808_0,65.0,75.74,62.64,66.7
1273633810_1340913022_0,65.0,78.03,57.91,65.85
1274131445_2747450345_0,65.0,79.87,63.16,62.3
1274759877_2563141377_0,65.0,72.36,69.55,66.55
1274759902_245555968_0,65.0,73.99,69.32,67.65
1274759931_248460850_0,65.0,72.81,68.56,67.65
1274759953_90600911_0,65.0,71.79,67.63,67.6
1275734991_29797374_0,65.0,64.37,61.02,62.2
1275734991_3575085504_0,65.0,64.6,63.12,62.78
1276320413_1276320459_0,65.0,58.44,58.89,53.55
1276320459_1276320413_0,65.0,58.44,58.89,53.55
1276320459_1276320629_0,65.0,58.35,66.01,57.4
1276320459_1276320656_0,65.0,58.77,54.39,53.05
1276320618_254073135_0,60.0,58.16,64.47,59.75
1276320625_1028397678_0,65.0,58.77,51.17,52.9
1276320625_1867418506_0,65.0,58.42,56.39,54.65
1276320625_266210037_0,65.0,58.6,51.92,53.2
1276320629_1276320459_0,65.0,58.35,66.01,57.4
1276320629_3924356171_0,65.0,63.52,61.86,58.62
1276320656_1028397678_0,60.0,59.79,53.36,52.9
1276320656_1276320459_0,65.0,58.77,54.39,53.05
1276400874_307132755_0,60.0,62.61,51.88,53.2
1276478002_1363483840_0,70.0,60.19,59.93,58.85
1276478002_95752286_0,65.0,59.07,60.82,58.66
1277284753_1277284758_0,65.0,67.0,66.27,64.5
1277284753_1277284760_0,65.0,69.81,66.1,65.4
1277284753_4889789472_0,65.0,71.26,63.14,64.35
1277284758_1251664594_0,65.0,67.21,60.42,63.4
1277284758_242938660_0,65.0,66.85,59.62,62.95
1277284760_241475062_0,65.0,65.62,60.47,63.4
1277834073_1277834683_0,65.0,61.65,66.33,62.5
1277834137_1836574640_0,65.0,58.78,66.87,64.3
1277834137_1836574665_0,65.0,59.53,64.47,65.65
1277834150_746024642_0,60.0,55.84,45.75,47.05
1277834150_746024790_0,60.0,56.49,44.43,46.4
1277834150_746024705_0,60.0,55.65,43.65,44.35
1277834160_2880134096_0,60.0,61.22,51.36,52.6
1277834187_442289686_0,55.0,55.86,51.1,53.0
1277834323_330910550_0,65.0,57.27,49.1,53.75
1277834474_1028348627_0,65.0,55.69,52.96,48.95
1277834474_266212642_0,60.0,55.77,51.06,49.05
1277834481_917507984_0,60.0,56.96,46.94,53.35
1277834481_343833973_0,60.0,56.78,47.72,53.7
1277834496_748031464_0,60.0,55.78,59.82,57.7
1277834545_1836578193_0,65.0,58.57,67.33,64.4
1277834565_1540580921_0,65.0,59.81,65.17,65.2
1277834565_1556217867_0,60.0,59.63,63.57,64.7
1277834641_11492082395_0,60.0,57.81,50.92,54.08
1277834641_330910550_0,60.0,57.92,55.26,53.55
1277834675_1277834187_0,55.0,55.77,53.22,53.05
1277834675_330910555_0,55.0,56.4,54.03,52.8
1277834683_1277834073_0,65.0,61.65,66.33,62.5
1277834696_1277834641_0,60.0,57.5,53.88,53.65
1277834696_343834877_0,60.0,56.96,55.12,51.45
1277834700_746024543_0,60.0,55.72,59.97,56.35
1277834700_1836578221_0,65.0,58.95,62.32,64.45
1277834719_11492082395_0,65.0,58.05,53.15,54.93
1277834722_1277834474_0,60.0,56.27,49.51,50.7
1277834722_1028348627_0,65.0,55.76,50.93,48.5
1279114637_560979000_0,65.0,78.56,56.27,58.75
1279114637_2566246578_0,65.0,78.88,62.0,62.3
1279480960_3706551499_0,65.0,71.31,65.71,65.35
1279803131_648626704_0,55.0,65.69,49.68,52.7
1279803167_31333372_0,65.0,65.19,65.37,65.4
1279803167_1474088227_0,65.0,62.0,65.44,65.2
1279803182_253748194_0,65.0,66.79,63.75,66.8
1279803188_634639646_0,55.0,66.0,54.31,53.9
1279803199_256704429_0,65.0,66.64,58.39,54.65
1280222963_1280223183_0,65.0,71.88,58.49,59.5
1280223183_1280222963_0,65.0,71.88,58.49,59.5
1280223183_21226972_0,65.0,79.86,65.47,67.2
1280231240_1280231418_0,65.0,71.16,60.35,63.7
1280231418_21257019_0,60.0,70.81,56.41,58.4
1280231480_1280231240_0,65.0,71.89,59.99,61.1
1281219630_266326264_0,65.0,71.68,63.21,62.05
1281605647_13001303559_0,65.0,63.68,57.51,56.5
1281605647_1943114012_0,65.0,64.3,59.43,56.9
1281605663_102231613_0,60.0,64.58,52.5,56.5
1281605663_2479903478_0,60.0,63.5,54.6,56.6
1281605730_102231613_0,65.0,65.25,50.77,56.45
1281605730_1281605663_0,60.0,65.02,53.25,55.95
1282696916_1282696945_0,60.0,69.17,60.21,55.5
1282696945_13916792355_0,60.0,70.23,60.36,60.4
1282696945_1282696916_0,60.0,69.17,60.21,55.5
1283541510_1485843580_0,65.0,65.76,62.93,58.0
1283541510_266211981_0,65.0,66.8,64.6,57.3
1284926942_1284927091_0,60.0,68.76,56.65,58.7
1284926942_1284927110_0,60.0,70.2,56.72,58.35
1284926995_1284926942_0,60.0,70.48,57.0,57.85
1284927020_271759689_0,65.0,72.77,54.45,58.0
1284927020_1284926995_0,65.0,71.45,54.52,57.85
1284927061_1284927096_0,65.0,71.46,57.34,58.9
1284927061_1284926995_0,60.0,70.6,58.89,57.45
1284927072_2393275539_0,65.0,73.86,58.54,58.3
1284927072_2393275461_0,60.0,69.84,61.34,58.85
1284927082_260785177_0,60.0,71.16,57.98,58.2
1284927082_1284927144_0,65.0,70.51,59.15,58.95
1284927091_1006145371_0,60.0,69.15,54.91,55.55
1284927091_1284927110_0,60.0,68.54,56.3,60.05
1284927096_2609471067_0,65.0,68.85,56.84,58.3
1284927096_1284927020_0,60.0,72.38,56.74,58.25
1284927110_1284927082_0,65.0,70.2,57.33,58.35
1284927137_1172153858_0,60.0,72.52,53.77,57.75
1284927137_1284927072_0,60.0,72.19,58.83,58.6
1284927144_1284927061_0,65.0,71.43,55.78,58.15
1286442659_648626721_0,60.0,68.51,58.96,60.15
1286442659_653771343_0,60.0,69.39,60.81,59.65
1289529799_1446873002_0,60.0,60.37,59.69,59.9
1289529799_1322833639_0,65.0,63.81,59.92,60.8
1289529799_734059147_0,65.0,63.68,60.16,60.72
1294003457_78420084_0,65.0,60.83,55.64,59.05
1294003457_78420001_0,70.0,61.31,59.05,58.1
1295159016_1552537943_0,65.0,59.84,61.78,61.26
1295159017_265960232_0,65.0,59.7,58.36,58.4
1295159017_78451562_0,65.0,60.81,51.34,55.3
1295159017_1295159016_0,65.0,59.76,56.93,59.29
1295220984_260094595_0,60.0,59.12,61.28,55.6
1295406510_746024705_0,55.0,55.71,44.05,42.8
1295406510_1556217867_0,60.0,55.69,58.84,55.25
1295523747_252206282_0,60.0,55.4,56.84,56.7
1295523747_252205696_0,60.0,55.54,58.26,56.9
1295523758_1295523747_0,60.0,53.19,55.63,55.7
1295523758_310281102_0,60.0,54.62,53.18,54.55
1296097678_21226708_0,65.0,74.76,65.25,66.75
1301081231_32430748_0,65.0,66.94,66.16,63.45
1301081248_2985951433_0,65.0,70.74,66.49,64.55
1302782495_35080728_0,65.0,66.28,59.66,58.1
1302782495_35080726_0,65.0,67.12,59.3,58.6
1302782508_35080732_0,65.0,66.49,56.47,57.45
1303432793_2798584143_0,65.0,65.22,59.61,59.3
1303432793_31774774_0,65.0,65.14,60.42,60.2
1303432796_21226322_0,60.0,66.14,63.22,63.5
1303432796_252376346_0,65.0,67.63,62.24,62.0
1308281474_13665764117_0,65.0,64.43,56.94,57.95
1308281474_245396070_0,65.0,64.36,56.35,57.95
1308281474_245473637_0,65.0,67.52,59.58,64.4
1308281601_21226657_0,65.0,75.47,66.55,65.45
1308281601_21226456_0,60.0,73.23,66.33,64.95
1308281601_279703106_0,65.0,72.5,65.86,64.95
1308294060_1308294069_0,60.0,65.33,58.38,57.8
1308294060_21226366_0,60.0,66.95,63.49,62.8
1308294064_21227132_0,65.0,70.4,63.69,64.75
1308294064_21227031_0,65.0,69.56,64.06,65.0
1308294066_245396088_0,65.0,68.42,62.94,62.05
1308294066_1308294064_0,65.0,67.69,62.67,63.1
1308294066_21227031_0,65.0,67.92,64.57,64.15
1308294069_2936554403_0,60.0,65.82,60.81,61.75
1308294069_308668491_0,60.0,65.37,57.8,57.85
1309646096_1309646098_0,65.0,71.64,64.16,63.45
1309646096_1942795207_0,65.0,74.43,65.07,63.75
1309646098_1309646100_0,65.0,70.3,63.11,63.2
1309646098_1942874504_0,65.0,70.96,64.34,63.0
1309646100_1309646098_0,65.0,70.3,63.11,63.2
1309646100_21227242_0,65.0,69.62,63.91,63.1
1315084770_21226263_0,65.0,67.36,61.47,58.05
1315084770_78470772_0,65.0,68.22,60.15,58.45
1318787593_268762674_0,65.0,66.24,68.06,69.15
1318787593_268800300_0,65.0,62.89,62.02,66.7
1318805317_287939947_0,65.0,54.79,50.72,54.75
1320849669_582868123_0,70.0,65.57,63.73,55.5
1322083137_29797362_0,65.0,72.08,67.11,67.32
1322083137_21226248_0,65.0,72.58,68.44,67.5
1322139811_1322139822_0,65.0,71.97,63.6,65.45
1322139811_1652741004_0,65.0,68.2,67.5,63.45
1322139822_251435066_0,65.0,67.23,64.74,64.75
1322139822_1791764117_0,65.0,71.93,66.22,66.7
1322627674_90579840_0,65.0,69.54,67.22,64.1
1322627707_13359124941_0,65.0,63.21,63.4,60.88
1322627707_1656865949_0,65.0,63.84,61.39,60.51
1322627736_1322627674_0,65.0,65.84,68.42,63.65
1322627736_21294886_0,65.0,67.23,70.23,63.8
1322633094_1485007646_0,65.0,65.69,61.77,62.35
1322633094_21294877_0,65.0,66.23,62.26,61.2
1322833621_257044212_0,65.0,58.79,65.1,56.42
1322833621_1322833679_0,65.0,64.5,57.38,62.8
1322833639_1289529799_0,65.0,63.81,59.92,60.8
1322833639_734059551_0,65.0,64.94,61.9,62.66
1322833657_9343771619_0,65.0,59.61,62.27,59.32
1322833657_734059551_0,65.0,65.27,61.6,62.38
1322833679_1322833657_0,65.0,64.45,62.62,62.65
1322862525_279703106_0,60.0,71.75,67.68,64.9
1322862525_21227293_0,60.0,73.68,64.79,65.0
1322862525_2896922077_0,60.0,70.05,63.15,65.8
1322862543_245479464_0,65.0,73.17,68.83,67.32
1322862574_2817417778_0,65.0,75.08,66.7,67.9
1322862659_663382431_0,65.0,69.22,63.17,62.9
1322862659_21225988_0,60.0,67.73,61.49,58.6
1322875379_31489452_0,65.0,66.59,60.23,63.7
1322875379_252632608_0,65.0,64.0,62.23,58.3
1324144979_259846268_0,65.0,65.35,61.61,58.85
1324144979_259846266_0,65.0,64.69,61.23,57.05
1324160822_1555289199_0,65.0,67.35,66.07,66.9
1324198580_310575740_0,65.0,61.29,60.86,61.95
1324198580_251331785_0,65.0,59.56,57.72,56.65
1328555071_3739336308_0,65.0,56.43,54.8,55.4
1328555071_7785346295_0,60.0,57.54,52.88,56.9
1328900697_2705777078_0,65.0,70.64,65.5,64.3
1328900697_2941498882_0,65.0,68.66,57.32,59.8
1329868267_2941498882_0,65.0,71.56,66.55,63.65
1329868267_1329868273_0,65.0,65.14,61.24,60.98
1329868270_2550279493_0,65.0,67.93,61.0,60.35
1329868270_1847118772_0,65.0,67.91,63.79,59.25
1329868273_309012686_0,65.0,64.26,60.64,62.4
1329868273_2705777078_0,65.0,65.21,57.89,62.15
1329868282_21293723_0,60.0,70.96,62.77,63.85
1331404612_28848502_0,60.0,66.21,62.71,65.4
1331430653_95759932_0,65.0,60.44,58.47,58.7
1333317322_27529355_0,65.0,77.45,68.01,66.05
1333317322_2770307279_0,65.0,79.65,71.14,66.0
1333322575_13030891061_0,65.0,69.21,62.29,60.0
1334032148_253747756_0,65.0,65.47,62.06,63.57
1338546669_1338546683_0,60.0,61.99,53.61,55.65
1338546669_2807570359_0,60.0,62.16,53.85,56.0
1338546683_1338546706_0,60.0,63.13,52.85,54.4
1338546706_1338546741_0,60.0,63.17,54.14,53.55
1338546716_2807570329_0,60.0,62.39,53.58,53.55
1338546716_1338546738_0,60.0,63.6,55.22,54.1
1338546738_1338546669_0,60.0,62.0,53.96,55.65
1338546741_1338546716_0,60.0,63.56,54.14,53.6
1339929004_9605683651_0,65.0,63.54,52.72,53.72
1340912980_21227251_0,65.0,77.91,56.73,65.7
1340913022_29462825_0,65.0,74.06,59.19,62.15
1350644851_304767772_0,60.0,61.91,61.69,57.55
1350644853_27653915_0,65.0,59.62,60.76,57.15
1355480658_21225938_0,65.0,68.5,62.3,59.3
1363483814_252214119_0,65.0,59.97,53.86,56.4
1363483814_2704119974_0,65.0,61.26,58.22,58.8
1363483840_1219588805_0,70.0,61.26,60.01,57.85
1363483840_95750627_0,70.0,59.82,58.54,57.6
1366398684_90647602_0,65.0,66.87,67.01,65.65
1366398684_78439648_0,65.0,65.98,65.96,65.4
1366398689_1366398684_0,65.0,64.49,72.44,65.4
1366398689_90647602_0,65.0,69.71,66.66,68.7
1366400717_256785168_0,65.0,64.26,59.36,62.75
1366402961_253747766_0,65.0,60.22,58.13,57.35
1366402961_253748444_0,65.0,60.19,57.87,55.8
1366402961_253748189_0,65.0,60.44,62.33,59.95
1367017431_8855347217_0,70.0,66.88,57.26,57.6
1367017436_102239743_0,65.0,70.5,58.27,59.4
1367017436_251618172_0,70.0,72.34,59.27,59.15
1367027621_102239743_0,60.0,69.8,58.23,59.4
1367027621_102223647_0,65.0,70.89,58.76,59.0
1367027658_563283796_0,65.0,68.44,59.26,59.4
1367027658_1367027665_0,60.0,67.75,55.27,56.95
1367027665_1367027658_0,60.0,67.75,55.27,56.95
1367027665_1367027689_0,65.0,66.97,59.36,57.7
1367027686_1367027689_0,60.0,66.96,55.13,58.0
1367027686_1367027658_0,60.0,67.83,58.21,61.6
1367027689_10958478623_0,60.0,66.65,58.74,61.0
1369211655_1369211756_0,60.0,59.93,52.07,55.45
1369211756_864670830_0,55.0,60.09,52.39,55.75
1369211756_3775435308_0,60.0,59.89,52.09,55.4
1369211763_1369211764_0,60.0,59.81,52.88,55.3
1369211764_1369211768_0,55.0,59.76,51.97,54.35
1369211764_1369211655_0,55.0,59.82,51.75,54.95
1369211768_10655734930_0,55.0,60.89,59.89,55.15
1369211768_1369211655_0,55.0,59.89,52.13,55.0
1383473524_1838905862_0,60.0,62.92,60.73,60.31
1383473524_1838927794_0,60.0,60.46,56.71,57.25
1383473524_1383473567_0,60.0,61.85,60.18,59.13
1383473527_8860239509_0,60.0,62.43,61.35,60.98
1383473527_279792898_0,65.0,61.7,58.74,58.88
1383473527_12802773193_0,60.0,63.05,61.58,61.58
1383473544_1838905865_0,60.0,60.07,53.57,53.1
1383473567_1383473524_0,60.0,61.85,60.18,59.13
1383473567_1838907769_0,60.0,64.98,59.58,61.18
1383490325_10903729348_0,65.0,63.61,56.91,61.88
1383490325_5162046348_0,65.0,64.12,58.22,60.64
1383498715_576703243_0,65.0,64.75,59.87,62.05
1383498715_263796842_0,60.0,67.33,60.1,65.5
1383498715_1110291171_0,60.0,64.89,64.01,63.82
1388804939_913291481_0,60.0,56.48,58.97,56.4
1388804939_1388804954_0,60.0,55.38,57.68,56.85
1388804954_2719767866_0,60.0,55.6,57.54,55.7
1388804954_1388804939_0,60.0,55.39,57.68,56.85
1396421847_21225951_0,60.0,74.37,63.87,63.85
1396421847_27529339_0,60.0,73.82,62.79,63.1
1417001100_127718967_0,60.0,70.36,65.86,66.5
1417001100_353289084_0,60.0,72.54,64.73,69.75
1417067569_1417067568_0,65.0,63.98,57.73,56.95
1417067569_1417067575_0,65.0,63.58,52.94,56.56
1417067575_1417067568_0,65.0,63.37,57.78,56.2
1417067575_1126114820_0,65.0,63.97,55.38,56.91
1417208118_2790635605_0,65.0,63.36,53.5,53.7
1417208118_114310870_0,65.0,63.28,52.63,53.75
1427961607_1427961609_0,65.0,66.14,59.34,60.62
1427961607_255192944_0,65.0,68.17,63.21,62.55
1427961609_255192944_0,60.0,66.4,61.52,62.15
1427961613_256501199_0,65.0,66.23,62.07,62.14
1427961613_206176492_0,65.0,68.49,63.53,62.5
1430928635_1430928639_0,65.0,60.9,56.05,56.4
1430928635_1836593503_0,65.0,58.94,57.64,56.8
1430928639_1030280458_0,65.0,63.11,58.11,58.3
1432167776_1432170143_0,70.0,59.63,54.2,54.75
1432167776_3557035258_0,65.0,59.31,52.5,54.25
1432167776_1030280475_0,70.0,61.7,58.43,58.05
1432170143_1432167776_0,70.0,59.63,54.2,54.75
1432231024_254073158_0,65.0,63.97,53.99,58.5
1432231024_1432231033_0,65.0,62.7,56.26,58.08
1432231029_1432231038_0,65.0,64.63,61.22,64.15
1432231029_1432231044_0,65.0,63.46,59.05,61.72
1432231032_1432231046_0,65.0,63.66,64.15,61.35
1432231032_1432231060_0,65.0,64.41,62.45,63.9
1432231033_1432231029_0,65.0,64.03,59.75,61.7
1432231033_2717190689_0,65.0,63.91,59.08,58.88
1432231038_1432231056_0,65.0,64.67,57.97,64.15
1432231038_1432231044_0,65.0,63.45,61.85,61.85
1432231044_2717075445_0,70.0,62.59,61.79,60.75
1432231046_2717190689_0,65.0,64.29,62.48,62.45
1432231056_1432231057_0,65.0,64.7,60.29,64.35
1432231057_1432231060_0,65.0,64.67,60.6,64.1
1432231057_1705281938_0,60.0,62.89,62.54,60.7
1432231060_1432231038_0,65.0,64.73,61.55,64.05
1432231060_1432231046_0,65.0,64.31,63.29,64.0
1438494455_916919126_0,65.0,60.77,55.67,55.28
1438494455_262985520_0,65.0,55.88,57.66,58.25
1439241997_2645429148_0,60.0,58.06,54.0,52.15
1439242069_253967096_0,60.0,57.76,51.0,53.85
1439242069_253967089_0,60.0,59.27,55.21,54.85
1439258371_322559525_0,65.0,60.95,57.94,60.9
1439258371_11007113935_0,65.0,57.24,58.41,59.7
1439258376_1439258382_0,65.0,58.66,57.24,61.3
1439258376_322559516_0,65.0,58.65,54.22,58.8
1439258382_1753249635_0,65.0,62.2,60.6,62.3
1446873002_1289529799_0,60.0,60.37,59.69,59.9
1446873002_250162844_0,60.0,59.38,60.42,58.95
1446873002_250166205_0,60.0,59.72,58.87,57.7
1446896118_1483321658_0,65.0,67.0,63.88,61.35
1448467625_2721518089_0,60.0,72.3,67.82,61.9
1448467632_205744874_0,65.0,68.55,58.23,62.55
1448467642_982681650_0,60.0,70.15,54.08,55.6
1448467642_3955892664_0,65.0,70.75,56.39,57.45
1450859893_1448467625_0,60.0,70.36,62.27,59.95
1450859893_5252713416_0,60.0,69.88,61.9,58.55
1454005380_264677672_0,65.0,57.97,64.07,58.9
1456821100_249593752_0,65.0,79.28,59.21,65.2
1456842888_249593748_0,55.0,71.46,57.6,58.85
1456842889_1456842888_0,60.0,71.64,56.48,59.15
1456842889_1456842890_0,60.0,71.38,54.61,59.2
1456842890_1456842891_0,60.0,72.81,54.86,58.65
1456842890_1456842888_0,60.0,71.33,54.12,58.95
1456842891_1456842890_0,60.0,72.81,54.86,58.65
1456842891_1456842893_0,60.0,72.27,54.15,59.05
1456842892_29461162_0,55.0,71.32,55.96,58.35
1456842892_1456842893_0,55.0,73.41,54.81,58.45
1456842892_1456842891_0,60.0,72.24,54.53,58.85
1456842893_1456842892_0,55.0,73.41,54.81,58.45
1456842893_249593658_0,55.0,72.7,54.45,57.6
1457572520_256041092_0,60.0,56.87,55.15,54.25
1457572520_1457572523_0,60.0,56.29,55.99,53.45
1457572523_256219864_0,65.0,56.34,50.1,51.1
1460519078_2702724790_0,65.0,65.74,56.31,56.9
1460519079_1460519078_0,65.0,65.97,57.78,57.0
1460519079_102240414_0,65.0,67.03,56.31,58.25
1460519081_1901273206_0,65.0,66.59,58.88,61.85
1461224570_2514869970_0,65.0,62.44,59.82,58.45
1461224570_31331616_0,65.0,63.62,61.73,57.85
1461429116_1464193152_0,65.0,59.33,54.21,56.25
1461429116_9873875150_0,65.0,60.39,57.73,57.2
1461429116_266514075_0,65.0,60.39,59.04,58.65
1463921436_1107696090_0,65.0,69.6,56.8,61.2
1464193152_1461429116_0,65.0,59.33,54.21,56.25
1467391607_249455272_0,55.0,68.2,56.74,57.45
1467391607_9306801149_0,55.0,67.28,50.38,55.8
1467391636_21226863_0,60.0,62.56,50.17,50.2
1467391636_2613229351_0,60.0,63.31,53.53,50.42
1467602584_1917028144_0,55.0,59.1,45.23,51.55
1467602584_249381310_0,60.0,59.48,46.02,51.75
1467602584_249381312_0,55.0,59.76,43.26,52.65
1467604989_267872967_0,60.0,64.2,58.94,56.85
1467604989_1467604991_0,60.0,62.6,61.2,56.9
1467604989_267872973_0,60.0,60.97,62.66,56.5
1467604991_1467604989_0,60.0,62.6,61.2,56.9
1467604991_267872973_0,60.0,60.91,61.91,57.15
1467604991_1467611550_0,60.0,63.18,60.16,62.08
1467605000_271199466_0,60.0,61.51,53.61,56.8
1467605000_1467605030_0,55.0,61.63,60.87,58.05
1467605029_1467605030_0,60.0,63.29,59.92,57.55
1467605029_267872964_0,60.0,63.63,56.53,62.28
1467605029_1467605000_0,60.0,61.7,62.81,58.05
1467605030_1467605029_0,60.0,63.29,59.92,57.55
1467605030_271199535_0,55.0,62.96,59.99,57.35
1467611338_1467611339_0,55.0,60.66,59.96,57.0
1467611338_271199462_0,60.0,60.24,58.88,55.7
1467611338_271199335_0,55.0,60.74,58.62,57.4
1467611339_1467611338_0,55.0,60.66,59.96,57.0
1467611339_1467611345_0,55.0,60.43,60.11,56.35
1467611345_1467611339_0,55.0,60.42,60.11,56.5
1467611345_3501126290_0,55.0,60.77,60.12,57.3
1467611545_267872964_0,60.0,63.04,62.27,59.65
1467611545_3501123728_0,60.0,61.57,59.36,57.7
1467611550_1467611545_0,55.0,62.96,58.53,57.2
1467611550_267872964_0,55.0,65.47,57.11,60.81
1467611550_1467604991_0,60.0,63.18,60.16,62.08
1470957599_1172187361_0,65.0,71.3,56.3,56.39
1470957617_5242784444_0,65.0,74.23,54.92,59.95
1470957622_1470957631_0,60.0,70.79,55.01,55.1
1470957622_271758967_0,65.0,70.29,60.06,55.85
1470957631_1470957648_0,60.0,70.44,53.31,55.9
1470957631_1470957649_0,60.0,70.27,52.35,55.3
1470957633_661757883_0,65.0,75.04,60.29,60.4
1470957633_1470957641_0,65.0,71.91,62.45,60.7
1470957641_661757883_0,65.0,72.27,58.35,60.52
1470957641_661757889_0,65.0,72.54,59.06,59.22
1470957641_1470957617_0,65.0,71.67,62.88,60.72
1470957648_271200836_0,60.0,69.48,53.92,54.8
1470957648_1470957649_0,60.0,69.74,54.38,55.45
1470957649_1470957648_0,60.0,69.74,54.38,55.45
1470957649_982826821_0,55.0,69.41,54.41,54.0
1471199677_2706764788_0,65.0,67.72,54.1,53.95
1471896717_2725364796_0,65.0,68.46,57.78,57.3
1471896717_251437009_0,65.0,66.68,61.15,59.15
1471896719_78462267_0,65.0,65.54,65.78,59.7
1471896719_78462271_0,65.0,66.59,57.19,57.95
1471896719_9605095614_0,65.0,65.45,62.95,58.1
1471896754_1178990324_0,65.0,70.01,57.66,62.05
1473280923_1030280410_0,65.0,66.75,62.62,62.25
1473280923_1860872118_0,65.0,67.53,61.48,62.15
1473298558_1485871236_0,65.0,67.88,65.87,64.15
1473306625_90647606_0,65.0,71.76,71.34,69.6
1474064607_1474064640_0,65.0,71.35,67.09,64.95
1474064607_78439648_0,65.0,67.45,64.69,64.95
1474064640_1514342882_0,65.0,71.67,67.89,64.6
1474064640_1656865960_0,65.0,64.42,64.85,62.0
1474072922_253238205_0,65.0,71.76,66.88,66.85
1474072923_1474072922_0,65.0,71.31,65.42,66.65
1474073395_309010350_0,65.0,64.63,68.57,65.6
1474073395_1656865996_0,65.0,63.62,64.08,64.9
1474073395_78439634_0,65.0,67.86,65.6,65.95
1474073395_12207207024_0,65.0,68.8,67.01,67.85
1474088227_2701893582_0,65.0,63.75,63.77,62.75
1474088227_11022929817_0,65.0,65.0,62.81,64.63
1474088227_1279803167_0,65.0,62.0,65.44,65.2
1474088228_1958759126_0,65.0,61.91,65.45,62.5
1474088228_252204193_0,65.0,61.62,60.06,62.7
1474088228_11022929817_0,65.0,64.42,62.65,64.73
1474088638_78420073_0,65.0,60.99,60.97,60.85
1474088638_13519595649_0,65.0,62.75,61.35,61.4
1474104319_250796978_0,65.0,66.66,59.47,59.4
1474104319_21226468_0,65.0,66.89,61.36,62.8
1474109716_250157046_0,65.0,68.5,64.8,66.0
1474109716_5475987963_0,65.0,75.54,63.55,70.55
1475433364_392107418_0,60.0,70.11,54.75,55.76
1476058848_31370865_0,65.0,60.52,51.86,53.9
1476058848_250228348_0,65.0,61.01,55.69,57.4
1476095579_966264627_0,65.0,70.45,62.0,62.75
1476095595_1476095579_0,65.0,71.39,63.24,63.55
1476095595_2909145019_0,65.0,74.91,65.6,65.9
1476565877_2575602801_0,65.0,64.78,59.67,61.52
1476565877_31367789_0,65.0,64.12,58.85,60.2
1476588224_3832161562_0,65.0,63.57,63.69,61.45
1476609765_2760375562_0,65.0,65.29,61.5,59.4
1476710395_255895529_0,60.0,62.54,59.46,56.58
1476710395_262508581_0,65.0,67.06,64.44,59.75
1477610076_306997479_0,65.0,69.93,61.75,60.65
1477610076_1477610077_0,60.0,69.68,63.7,61.3
1477610077_1476710395_0,65.0,66.39,60.8,60.3
1477610077_1477610085_0,65.0,69.8,62.52,60.2
1477610077_1477610076_0,60.0,69.68,63.7,61.3
1477610085_3785130137_0,60.0,68.96,62.91,60.75
1477610085_1477610077_0,65.0,69.8,62.52,60.2
1477612435_1477617326_0,65.0,64.57,60.32,61.36
1477612435_10967503278_0,60.0,68.75,59.45,61.25
1477612435_1993758822_0,60.0,64.72,61.23,60.28
1477617326_1477612435_0,65.0,64.57,60.32,61.36
1477617326_262508579_0,65.0,64.43,59.26,58.7
1477617326_1477617332_0,65.0,65.45,63.91,60.32
1477617332_3752130651_0,65.0,68.13,64.12,61.85
1477617332_10967495278_0,65.0,73.54,62.87,61.38
1477617332_2779757673_0,65.0,69.33,60.89,60.65
1477617341_10967495278_0,65.0,69.15,64.27,62.08
1477708055_268052109_0,65.0,65.65,59.5,60.65
1477708093_1477708055_0,65.0,64.06,59.09,58.65
1477713077_260479506_0,65.0,68.28,59.74,59.05
1477713077_1935805181_0,65.0,70.14,61.11,59.9
1477713077_1935805220_0,65.0,70.5,55.56,59.55
1477716477_343081108_0,65.0,68.75,65.96,58.1
1477716477_1935805291_0,65.0,71.41,61.12,63.25
1477716477_1935805249_0,65.0,71.57,61.63,59.65
1477717976_343081112_0,65.0,68.49,59.45,62.4
1477717976_1935805246_0,65.0,76.27,63.35,69.45
1477742994_1477751793_0,65.0,69.77,63.38,64.1
1477749847_1477749871_0,60.0,63.82,51.98,52.65
1477749852_13446661582_0,60.0,62.9,56.26,55.2
1477749852_1477749847_0,60.0,64.64,53.45,53.1
1477749858_1477749852_0,60.0,64.07,57.19,56.05
1477749858_2702859008_0,60.0,64.13,54.23,53.7
1477749863_1477749858_0,60.0,64.03,56.07,58.85
1477749863_2702859007_0,60.0,64.12,56.77,56.2
1477749871_1477749858_0,60.0,64.95,54.3,54.45
1477749871_2702859007_0,60.0,63.85,55.62,57.55
1477749875_1477749847_0,60.0,63.23,57.56,54.65
1477751191_1477751193_0,65.0,72.15,64.57,63.3
1477751191_568220034_0,65.0,71.17,62.74,63.85
1477751193_8856646224_0,65.0,72.94,63.58,63.3
1477751193_3782456211_0,65.0,67.06,60.64,60.48
1477751793_1251157251_0,65.0,66.64,66.91,63.85
1477751793_3807720793_0,65.0,71.59,67.48,67.4
1477751807_252430909_0,65.0,66.24,61.65,59.6
1477754437_3780440230_0,65.0,68.76,62.71,58.0
1477754437_1702493909_0,65.0,69.6,63.02,59.2
1477755028_1702493915_0,65.0,68.58,65.5,58.8
1477755028_3780440230_0,65.0,69.28,61.02,55.95
1477755028_2705618303_0,65.0,67.67,60.4,56.6
1477755034_2705618307_0,65.0,67.13,62.37,56.95
1477755034_1477755036_0,65.0,69.23,60.12,56.7
1477755036_11016094729_0,60.0,66.91,62.98,56.65
1477755036_1477755028_0,65.0,69.21,60.66,56.75
1477831867_21225818_0,60.0,80.63,62.82,64.4
1477831867_1538535470_0,60.0,78.27,59.49,60.55
1477859762_3054612855_0,65.0,72.85,62.07,62.7
1477859762_3163063553_0,65.0,71.6,63.33,59.9
1477885983_3832175958_0,65.0,63.17,63.49,62.4
1477885983_10084222779_0,65.0,62.86,64.15,62.75
1477885983_21226921_0,65.0,59.93,62.21,58.2
1477906930_27653861_0,65.0,63.11,63.19,62.85
1477913088_13905628683_0,65.0,63.0,58.43,62.42
1477913090_1477906930_0,65.0,66.68,64.3,62.55
1477913090_21225987_0,65.0,66.86,64.73,62.8
1478974800_2690418412_0,65.0,67.1,58.91,60.4
1478974800_2690418428_0,60.0,67.32,60.17,60.15
1478974800_2690418425_0,65.0,67.99,59.41,61.9
1478974809_2699755109_0,65.0,67.54,60.72,61.75
1478974809_1943151424_0,60.0,66.38,60.29,61.45
1478976377_306412917_0,65.0,72.43,60.37,62.7
1478976386_1478976377_0,65.0,71.3,60.34,61.75
1478976386_2548720670_0,65.0,71.07,60.27,61.6
1478978835_3698850097_0,65.0,69.66,60.09,61.4
1478978835_2699755109_0,65.0,70.07,60.49,62.65
1478978835_430785476_0,65.0,66.73,57.13,60.75
1478978837_262698797_0,65.0,71.48,63.55,63.55
1478978837_3698850097_0,65.0,71.67,59.31,62.82
1478978837_430785454_0,65.0,69.69,58.39,62.35
1479157415_1479157467_0,65.0,66.17,64.9,64.4
1479157415_29797370_0,65.0,66.45,64.39,64.65
1479157467_1479171667_0,65.0,71.08,66.01,66.35
1479162081_27552403_0,65.0,68.66,63.58,63.9
1479162081_1479157467_0,65.0,70.25,64.84,66.5
1479164104_1479164111_0,65.0,70.65,66.39,67.4
1479164104_21226502_0,65.0,65.0,67.01,63.7
1479164111_1479171667_0,65.0,71.0,64.84,67.9
1479164111_3495230521_0,65.0,69.54,66.84,67.3
1479171667_256506070_0,65.0,69.69,65.91,67.5
1479171667_256507890_0,65.0,70.83,62.75,67.5
1479175188_35081034_0,60.0,65.04,62.02,63.05
1479183764_1479200175_0,65.0,60.48,59.04,55.7
1479183769_251292739_0,65.0,59.26,59.42,56.1
1479183769_5423484424_0,65.0,59.91,59.38,58.15
1479183775_2045244653_0,60.0,60.93,56.77,60.55
1479183775_1479183764_0,65.0,60.63,60.9,59.85
1479200175_1479183769_0,65.0,60.47,59.4,55.65
1479249878_10094775642_0,65.0,69.71,61.57,63.0
1479249878_1939485352_0,65.0,68.01,64.57,64.15
1479249878_1939485350_0,65.0,69.48,59.86,63.1
1479259661_2739493091_0,65.0,71.09,62.33,65.75
1479259661_2739493096_0,65.0,68.99,63.43,64.3
1479259661_1946779132_0,65.0,65.63,61.85,62.6
1479259661_4230457952_0,65.0,65.32,63.16,64.55
1479401041_2866053576_0,65.0,74.93,63.61,61.05
1479438305_2535433276_0,65.0,67.98,61.85,61.9
1479438305_306426489_0,65.0,66.26,61.72,61.5
1480162309_1850143064_0,65.0,65.96,63.12,64.25
1480169044_306419190_0,65.0,64.25,61.59,60.55
1480169044_1943114085_0,60.0,62.98,58.54,60.15
1480169044_250327611_0,65.0,63.84,61.36,60.85
1480189772_480709539_0,60.0,71.24,62.12,63.05
1480189772_102220070_0,65.0,71.24,64.41,63.65
1481285004_1652183499_0,65.0,70.06,65.57,66.3
1481285004_29797349_0,65.0,76.03,69.91,67.7
1481308365_249176456_0,65.0,70.6,65.65,64.45
1481308365_21555362_0,65.0,67.13,68.06,65.85
1481358373_1944647049_0,60.0,68.36,61.98,62.78
1481358373_1481361766_0,60.0,68.4,63.12,62.35
1481358416_1944651134_0,60.0,65.28,57.69,59.3
1481358416_1481358373_0,60.0,69.59,61.52,62.15
1481361766_256709529_0,65.0,69.95,60.56,63.7
1481366379_297918298_0,70.0,63.25,57.92,58.15
1481366379_1481366391_0,70.0,63.93,59.07,58.0
1481366391_1481366379_0,70.0,63.93,59.07,58.0
1481366391_2250993033_0,65.0,64.52,56.82,57.35
1481366391_1944647056_0,65.0,63.82,53.75,56.35
1481418728_8749138180_0,65.0,68.83,62.17,63.8
1481418728_1948088639_0,65.0,68.84,61.33,63.7
1481428157_8174057368_0,65.0,68.72,62.62,58.88
1482587762_253311348_0,60.0,61.16,48.39,54.1
1482639802_1271169070_0,60.0,63.83,55.75,56.05
1482639902_1271169152_0,60.0,63.13,55.7,56.8
1482648127_1271169148_0,60.0,63.84,57.08,56.15
1482648127_1482648127_0,60.0,63.49,54.72,54.95
1482959493_1482959523_0,70.0,69.97,59.45,57.55
1482959494_2943397859_0,65.0,71.72,61.49,57.15
1482959507_1973583723_0,65.0,69.5,59.73,58.6
1482959507_1482959524_0,60.0,69.52,59.94,57.9
1482959514_1973583757_0,70.0,72.06,58.9,56.95
1482959514_1482959494_0,65.0,71.86,62.4,57.35
1482959516_1482959514_0,70.0,71.36,60.73,58.7
1482959522_1482959516_0,60.0,70.59,59.39,58.05
1482959522_2932540651_0,65.0,70.15,59.26,58.2
1482959523_1482959507_0,65.0,69.68,59.01,57.8
1482959524_1482959522_0,60.0,69.86,59.81,58.7
1483321658_599878618_0,65.0,67.82,63.94,63.55
1483321658_1446896118_0,65.0,67.0,63.88,61.35
1483321659_254073158_0,65.0,64.89,62.4,61.5
1483321659_9600682521_0,65.0,68.01,63.35,63.25
1483491542_1483491550_0,65.0,74.49,56.47,58.05
1483491542_1483491550_1,65.0,72.76,55.82,58.8
1483491550_335611563_0,65.0,75.64,55.89,59.8
1483491550_1483491542_0,65.0,72.79,56.17,58.7
1483494167_1483494202_0,65.0,72.19,60.51,57.75
1483494202_1483494167_0,65.0,72.19,60.51,57.75
1483494202_273091396_0,65.0,74.13,60.61,58.6
1483501128_370500007_0,65.0,80.04,61.17,61.6
1483501133_370684295_0,65.0,78.22,59.33,65.3
1483501145_332973346_0,65.0,80.28,61.94,66.7
1483517499_2162688078_0,65.0,61.98,53.18,56.71
1483625817_2779781876_0,60.0,66.12,61.05,61.85
1483625817_27551131_0,60.0,66.94,59.93,57.9
1483625817_9238787283_0,60.0,64.87,61.74,59.45
1483635269_583065590_0,65.0,68.88,56.15,59.65
1483635269_9514363776_0,60.0,66.78,55.9,59.65
1483647382_2725252218_0,65.0,75.32,64.22,69.75
1483647382_262872916_0,65.0,70.95,62.63,67.9
1483672533_207134106_0,60.0,58.28,61.25,57.5
1483672533_264673510_0,60.0,58.59,63.06,57.75
1483686493_27552411_0,65.0,67.1,59.46,60.6
1483686535_1938093353_0,65.0,66.43,57.26,59.7
1483686535_1483686493_0,65.0,66.54,59.97,58.75
1483706483_1483706516_0,65.0,61.95,55.53,56.15
1483706483_207131235_0,60.0,60.05,55.38,56.65
1483706516_2610496052_0,65.0,62.95,61.66,62.2
1483706516_1483706483_0,65.0,61.95,55.53,56.15
1483706516_1938126723_0,65.0,63.12,61.16,60.9
1483706516_1483718738_0,65.0,62.88,57.81,58.45
1483718738_1492499628_0,65.0,62.6,60.43,57.15
1483718738_1483706483_0,65.0,61.12,55.97,56.35
1483718738_1483706516_0,65.0,62.88,57.81,58.45
1483929526_1236470149_0,60.0,60.69,49.88,53.05
1483929526_1059453746_0,60.0,58.72,50.81,53.05
1483929526_747114913_0,60.0,59.09,51.98,53.5
1483947138_310050240_0,55.0,64.3,50.44,54.6
1484998914_21293716_0,65.0,67.96,63.5,62.1
1485007646_250749935_0,65.0,64.35,60.23,60.25
1485007646_78439687_0,65.0,64.95,60.87,62.0
1485009472_1484998914_0,65.0,67.08,63.05,62.1
1485843580_1485843605_0,65.0,64.27,66.17,58.4
1485843580_266211981_0,65.0,65.72,66.02,57.6
1485843605_1485843580_0,65.0,64.27,66.17,58.4
1485843605_3163232433_0,65.0,66.42,62.5,57.85
1485871229_1473298558_0,65.0,68.54,67.82,64.5
1485871229_253238206_0,65.0,70.24,65.11,65.25
1485871236_1473298558_0,65.0,67.88,65.87,64.15
1485871236_1485871229_0,65.0,69.56,64.52,65.2
1485871236_251699570_0,65.0,68.53,62.65,63.45
1486113818_252205605_0,60.0,56.24,56.08,57.65
1486113818_2719767858_0,60.0,57.63,59.68,56.75
1486120727_252206282_0,60.0,57.24,60.38,58.95
1486120727_1219615441_0,60.0,58.38,59.89,58.85
1487249937_243718476_0,60.0,58.75,52.99,55.6
1487249937_243743725_0,60.0,58.59,50.99,54.75
1487629790_2887053904_0,60.0,74.24,65.94,62.8
1487629790_21226173_0,65.0,78.49,63.94,63.7
1488486008_1498661303_0,65.0,71.41,68.93,68.1
1488486008_496302857_0,65.0,72.88,67.11,68.85
1488486008_258054473_0,65.0,66.71,66.76,65.0
1488759405_21225818_0,60.0,79.6,61.01,64.05
1488767883_1488767886_0,65.0,77.31,63.97,60.87
1488767883_2921123991_0,65.0,77.28,61.51,61.55
1488767886_2921123999_0,65.0,74.97,57.23,59.19
1488767886_2921123991_0,60.0,76.79,62.39,61.07
1489648663_1503407478_0,65.0,70.98,67.71,65.75
1489648663_2542883779_0,65.0,65.97,64.81,66.45
1489656092_8844424164_0,65.0,67.57,64.92,68.25
1489656108_1489656121_0,65.0,67.71,63.08,68.45
1489656108_1584980571_0,65.0,67.7,63.32,68.05
1489656120_1489656108_0,65.0,67.78,63.99,68.75
1489656121_1930644469_0,65.0,64.33,62.74,66.9
1489656121_1489656092_0,65.0,67.61,65.54,68.15
1489660773_264639180_0,65.0,60.38,61.12,61.8
1489660773_1489656092_0,65.0,64.22,64.37,66.7
1489759513_439190834_0,65.0,67.4,60.33,59.55
1489759513_439190839_0,65.0,67.46,56.74,56.72
1489759602_1489759513_0,60.0,66.68,57.32,57.08
1489759602_313086605_0,60.0,66.67,55.35,56.52
1489802393_3387848414_0,60.0,66.61,55.93,57.05
1489802442_3780487429_0,60.0,66.36,54.56,56.37
1489802442_1489802393_0,65.0,66.76,53.62,56.5
1489814940_3780507109_0,65.0,72.48,64.3,63.8
1489814940_293784398_0,65.0,70.32,61.69,62.7
1490014709_597470885_0,65.0,71.85,62.29,60.05
1490306374_1185810443_0,65.0,71.74,57.77,58.15
1490306374_996572104_0,65.0,70.9,51.33,56.35
1490402691_10655734921_0,60.0,63.56,59.32,57.75
1490402691_2719882810_0,60.0,63.48,56.32,57.6
1490628237_253971473_0,65.0,59.05,51.26,52.5
1492499679_250951335_0,55.0,60.85,53.97,56.05
1492499679_206175280_0,55.0,59.07,52.11,55.65
1492509849_264673510_0,65.0,58.67,54.94,58.55
1492509849_262985524_0,65.0,59.34,59.52,58.65
1492509849_264672666_0,65.0,56.79,56.23,56.3
1492511825_264673500_0,65.0,59.33,56.92,55.95
1492511825_262985600_0,65.0,58.25,58.15,58.92
1492511838_262985494_0,60.0,56.74,49.4,53.5
1492511838_262985495_0,60.0,55.68,50.33,51.6
1492511839_2936500896_0,70.0,58.97,58.09,57.45
1492511839_1492511838_0,65.0,57.09,54.3,53.15
1492511839_262985649_0,70.0,59.5,61.51,57.75
1495628731_21226963_0,65.0,75.83,66.49,68.65
1495628731_1234747209_0,65.0,69.14,67.05,65.4
1496276403_1505037270_0,65.0,71.58,64.13,64.15
1496292908_1496292925_0,65.0,68.76,59.11,61.5
1496292925_432441440_0,65.0,68.65,66.38,63.35
1496292925_102253833_0,65.0,68.8,59.72,61.25
1496405518_310054578_0,65.0,70.08,64.73,60.2
1496405518_3780459569_0,65.0,71.01,63.88,62.5
1496405567_1496405680_0,55.0,66.13,55.03,57.15
1496405567_310055777_0,60.0,66.4,56.12,57.3
1496405567_2196328996_0,55.0,65.82,58.54,57.7
1496405680_310055777_0,60.0,66.58,58.83,58.05
1496405680_1496405567_0,55.0,66.11,55.03,57.3
1496405680_310051293_0,55.0,66.59,57.73,57.55
1496405744_251443400_0,55.0,67.0,55.87,58.25
1496405744_310051293_0,55.0,67.9,57.64,57.6
1497233545_251622099_0,60.0,68.99,59.61,59.7
1497233569_1497233545_0,65.0,73.82,59.45,59.55
1497233569_21306403_0,65.0,74.52,61.46,59.3
1498661303_528319147_0,65.0,68.54,70.88,66.9
1498661303_306377053_0,65.0,75.26,69.52,68.8
1498661303_1488486008_0,65.0,71.41,68.93,68.1
1498664226_258052620_0,60.0,67.79,66.59,65.25
1498664226_258053536_0,60.0,78.05,70.11,71.2
1498817389_29461193_0,60.0,75.19,58.98,57.1
1498817389_262384780_0,60.0,75.13,60.9,57.15
1498817407_370672722_0,60.0,76.28,60.82,57.4
1498817407_1172171576_0,60.0,75.86,61.3,58.9
1499419556_1584980569_0,65.0,65.21,62.37,64.6
1499419556_1584980574_0,65.0,66.22,63.86,67.15
1500710675_29749456_0,55.0,61.47,50.24,54.3
1502802058_1941210489_0,65.0,73.68,58.72,58.45
1502802058_1942775864_0,65.0,72.88,56.37,58.35
1502807853_1502816340_0,65.0,71.06,57.95,63.0
1502807853_232896346_0,65.0,69.85,57.33,59.45
1502807853_1941210489_0,65.0,73.21,55.34,61.15
1502816340_1941210508_0,65.0,72.99,60.29,61.1
1502816340_2818603480_0,65.0,71.97,62.32,61.25
1502816340_1502807853_0,65.0,71.06,57.95,63.0
1503407478_1489648663_0,65.0,70.98,67.71,65.75
1503407478_32046908_0,65.0,66.4,64.34,63.88
1504049350_2708823918_0,65.0,74.05,59.35,60.35
1504049350_1504049376_0,65.0,73.8,55.29,60.12
1504049376_29462551_0,65.0,73.39,60.61,61.85
1504504852_1504504853_0,65.0,59.77,54.05,54.4
1504504852_2169768619_0,60.0,61.16,58.31,57.03
1504504853_262978291_0,65.0,58.95,48.72,54.0
1504504853_1504504886_0,65.0,58.35,54.99,51.8
1504504853_1504504852_0,65.0,59.77,54.05,54.4
1504504876_1504504877_0,65.0,64.45,62.41,58.65
1504504877_1504504876_0,65.0,64.55,62.44,58.7
1504504886_262978291_0,65.0,58.51,58.85,52.2
1504504886_2781360071_0,65.0,58.48,55.48,51.75
1504990220_429186845_0,65.0,74.15,65.53,70.15
1504990220_1504990223_0,65.0,70.7,65.93,67.55
1505037260_102253464_0,65.0,70.34,64.3,63.25
1505037260_432441440_0,65.0,69.71,59.39,61.55
1505037270_1505037260_0,65.0,70.19,66.43,62.2
1505037270_1505037278_0,65.0,72.8,65.42,64.03
1505037278_102253464_0,65.0,73.18,64.28,64.22
1505037278_1505037260_0,65.0,70.33,68.5,63.5
1505193837_21458583_0,65.0,68.3,62.71,57.2
1505193987_596363451_0,65.0,69.71,60.57,61.12
1505193987_10536523797_0,65.0,71.49,64.04,63.35
1505194060_1505193987_0,65.0,71.32,61.14,62.72
1505194060_10536523797_0,65.0,72.92,63.36,65.6
1505194128_8855347217_0,65.0,65.57,56.4,56.2
1505194128_3198445890_0,65.0,64.61,56.31,56.2
1505194141_1505194128_0,65.0,64.55,56.8,56.35
1505194141_3198445890_0,65.0,64.89,58.13,56.5
1505194149_2702724794_0,65.0,65.05,56.91,56.95
1505194149_262978516_0,65.0,66.01,57.86,57.45
1505269579_10956402470_0,65.0,64.8,62.33,60.6
1505471169_679403092_0,65.0,65.85,59.53,60.05
1505471173_693889077_0,65.0,64.47,54.43,57.7
1505471173_1505471226_0,65.0,62.79,50.7,53.8
1505471226_1505471173_0,65.0,62.79,50.7,53.8
1511838180_1511838184_0,65.0,62.7,63.51,61.6
1511838180_255322436_0,65.0,62.67,61.27,62.4
1511838184_1942968966_0,65.0,66.21,63.96,63.7
1514313049_289641336_0,65.0,58.14,64.82,62.0
1514342882_3876198702_0,65.0,71.9,64.47,64.55
1514342882_295543327_0,65.0,67.75,63.91,63.65
1514352941_1942874551_0,65.0,66.31,63.2,64.35
1514352955_3832175965_0,65.0,64.2,63.92,62.8
1515413137_28836325_0,65.0,67.37,56.99,56.78
1515413137_690711024_0,65.0,67.14,56.82,56.3
1517888855_1841427335_0,65.0,59.47,58.04,56.86
1517888855_1517888856_0,60.0,58.59,58.32,60.0
1517888856_1517888855_0,60.0,58.59,58.32,60.0
1517888856_249112878_0,65.0,62.22,61.69,63.65
1518866624_1518866627_0,60.0,67.66,58.58,57.45
1518866627_1518866636_0,60.0,67.8,57.09,57.8
1518866634_574931528_0,60.0,67.36,57.83,57.0
1518866636_2786429828_0,55.0,67.91,56.56,57.1
1518866636_1518866634_0,60.0,67.75,58.53,56.9
1518866679_1518866693_0,55.0,65.14,52.19,55.5
1518866679_1134148174_0,55.0,66.24,54.31,55.7
1518866679_1134148123_0,55.0,65.73,52.11,55.35
1518866680_1518866697_0,60.0,69.34,59.62,58.4
1518866689_1518866680_0,60.0,68.89,61.1,58.25
1518866693_1518866679_0,55.0,65.14,52.19,55.5
1518866695_2786262030_0,60.0,68.87,59.4,57.85
1518866695_1518866703_0,60.0,66.91,59.11,59.35
1518866697_574931507_0,60.0,71.0,61.37,57.6
1518866697_1518866695_0,55.0,70.0,60.39,57.55
1518866703_621160492_0,60.0,66.28,53.52,56.3
1518866703_1518866695_0,60.0,66.91,59.11,59.35
1518866703_10010161312_0,60.0,66.04,54.34,56.0
1518866707_621160492_0,55.0,65.38,54.22,54.85
1520401441_21227085_0,60.0,67.33,60.21,58.8
1520401441_8688641203_0,60.0,66.27,56.57,58.0
1520401441_21226988_0,65.0,67.38,59.41,58.65
1521051653_440101918_0,65.0,67.43,61.44,63.95
1521051653_2698680766_0,65.0,71.64,62.75,63.6
1521054401_2909122754_0,65.0,70.03,60.67,60.25
1521054401_2909122755_0,65.0,70.61,61.53,61.2
1521054401_2549405372_0,65.0,67.04,59.32,60.5
1521058266_2633725648_0,65.0,67.42,64.05,61.42
1521058266_253238667_0,65.0,65.77,56.49,60.9
1521058266_2549405372_0,65.0,66.57,58.85,58.35
1521065895_2549409090_0,60.0,66.07,60.84,59.7
1521065895_306426499_0,65.0,65.18,58.82,58.85
1521065895_2535433276_0,60.0,65.61,60.33,60.8
1521065905_2549436312_0,65.0,71.94,60.85,65.0
1521065912_2549409082_0,65.0,69.1,63.08,64.7
1521065912_2549409090_0,60.0,68.88,61.27,64.6
1521065912_2757984292_0,65.0,72.02,63.81,66.6
1521065912_2749782467_0,65.0,72.03,64.95,67.0
1521065923_309625445_0,65.0,66.64,67.27,62.2
1521065923_2549436312_0,65.0,70.93,62.02,65.65
1521065923_2749782467_0,65.0,73.38,63.82,62.8
1521065924_315279347_0,65.0,66.03,59.11,61.48
1521065924_1521065947_0,65.0,71.71,63.91,66.45
1521065924_2757984290_0,60.0,70.43,64.08,65.75
1521065931_306426497_0,65.0,66.7,64.06,62.3
1521065931_306426494_0,65.0,66.49,61.12,62.0
1521065931_2757984279_0,65.0,73.15,65.11,64.2
1521065931_2633722461_0,65.0,70.92,62.78,63.6
1521065938_306426495_0,60.0,65.84,57.64,62.7
1521065938_2757984290_0,60.0,71.17,64.51,63.65
1521065938_2757984292_0,65.0,72.41,65.79,63.7
1521065947_206144635_0,65.0,66.72,61.05,62.08
1521065947_1521065924_0,65.0,71.71,63.91,66.45
1521065947_2757984279_0,65.0,70.88,64.31,67.1
1521106847_251312052_0,60.0,58.13,57.86,55.95
1521106847_1521106912_0,60.0,64.01,57.8,59.75
1521106847_1521106880_0,65.0,62.48,55.16,58.7
1521106880_253964622_0,65.0,58.54,61.01,57.1
1521106880_1521106847_0,65.0,62.48,55.16,58.7
1521106880_253963417_0,65.0,63.07,59.36,62.88
1521106882_1030280441_0,65.0,65.76,63.77,62.48
1521106882_1521106905_0,65.0,64.24,62.51,63.0
1521106900_1521106912_0,60.0,62.92,58.68,64.25
1521106900_2203367076_0,60.0,63.92,60.28,63.45
1521106905_1521106882_0,65.0,64.24,62.51,63.0
1521106905_2203367076_0,60.0,64.22,60.14,62.55
1521106905_2203367087_0,65.0,60.31,59.98,62.36
1521106912_1521106900_0,60.0,62.92,58.68,64.25
1521106912_253963425_0,65.0,59.1,61.24,57.9
1521106912_1521106847_0,60.0,64.01,57.8,59.75
1521649984_263048754_0,65.0,62.13,59.89,53.95
1521649984_1521649989_0,65.0,61.87,58.28,53.9
1521649989_27654259_0,65.0,64.27,61.61,62.58
1521649989_1521649992_0,65.0,62.45,64.17,55.85
1521649992_1521649984_0,60.0,61.88,56.92,53.8
1521649992_95771085_0,60.0,61.66,61.33,57.45
1521649992_1521649989_0,65.0,62.45,64.17,55.85
1523025465_566145848_0,65.0,69.64,61.4,59.85
1523032004_268762368_0,60.0,60.05,60.85,57.65
1523032004_12879031554_0,60.0,60.21,59.5,58.49
1523032016_1523032004_0,60.0,60.65,58.6,59.31
1523032016_268762396_0,60.0,58.97,60.12,58.7
1523280073_102220064_0,65.0,71.89,64.98,63.85
1523280100_306412918_0,65.0,67.48,58.99,60.1
1523280103_1762326731_0,65.0,71.05,57.79,59.65
1523280103_250327683_0,65.0,70.79,60.17,60.9
1523573753_1331404612_0,65.0,65.17,60.61,65.75
1523573753_28848502_0,65.0,68.34,62.75,64.95
1523604745_2494980684_0,60.0,69.2,67.04,65.15
1523604745_1523604756_0,60.0,70.63,64.88,65.62
1523604756_21225885_0,60.0,70.84,64.4,65.0
1523728558_250051783_0,65.0,59.3,53.66,57.36
1524781662_1524781687_0,65.0,66.48,59.35,59.85
1524781687_1524781703_0,60.0,66.13,57.61,56.6
1524781687_264780888_0,60.0,64.69,56.2,56.85
1524781689_1524781662_0,65.0,67.03,59.38,60.0
1524781703_1524781713_0,60.0,65.14,57.09,56.75
1524781703_1524781689_0,60.0,66.27,57.79,57.25
1524781713_3807720655_0,65.0,64.08,58.89,57.45
1524781713_1524781689_0,65.0,65.17,56.91,57.65
1525051631_29089629_0,65.0,68.8,65.37,65.75
1525051631_29089636_0,65.0,69.78,64.31,62.95
1525253017_1525253021_0,65.0,63.2,59.28,61.15
1525253021_1474088638_0,65.0,61.44,60.11,60.45
1525253053_1525253017_0,65.0,62.17,61.83,60.85
1525253053_2707236788_0,65.0,61.88,62.45,60.85
1525272012_250151561_0,65.0,57.37,56.99,54.25
1525272012_135868812_0,65.0,57.46,57.58,55.2
1526847259_264137346_0,65.0,57.96,58.72,61.7
1526847259_1526847351_0,65.0,56.55,58.58,58.75
1526847259_264137342_0,65.0,57.88,57.9,61.05
1526847351_264230956_0,65.0,56.61,59.71,59.2
1528508548_1739445876_0,65.0,55.36,56.03,60.3
1528508555_2208611357_0,60.0,54.77,53.19,58.55
1528508555_1528508548_0,60.0,55.57,52.71,59.85
1529845004_29765451_0,65.0,68.46,62.99,59.7
1530058570_302100762_0,65.0,65.94,61.3,60.6
1530058570_260018956_0,65.0,65.78,62.37,59.9
1530212271_29765449_0,60.0,65.4,60.47,60.8
1530212277_12607454220_0,60.0,65.05,61.28,58.7
1530212277_1530212271_0,60.0,65.52,60.69,59.55
1530281817_256990497_0,55.0,62.23,53.89,52.1
1530281817_256990497_1,60.0,62.05,53.25,52.05
1531740593_245396100_0,65.0,69.69,57.42,63.5
1531740593_245396090_0,65.0,68.99,60.77,65.55
1531740605_245396080_0,65.0,65.91,55.47,58.65
1531740605_1531740593_0,65.0,66.65,56.64,62.2
1537554880_1537554882_0,65.0,70.68,60.19,57.7
1537554882_260784749_0,60.0,75.45,54.99,63.25
1537554882_1537554880_0,65.0,70.68,60.19,57.7
1537554882_262384655_0,55.0,74.42,54.0,60.3
1538423185_415510275_0,65.0,73.66,61.16,56.91
1538423185_11238569104_0,65.0,73.62,72.69,70.85
1538535470_1488767883_0,65.0,76.75,61.53,62.7
1538535470_1477831867_0,60.0,78.27,59.49,60.55
1538535470_29461121_0,60.0,77.31,62.71,61.75
1538544073_91560022_0,65.0,66.25,58.21,61.0
1538544073_1538545379_0,65.0,65.85,60.39,60.15
1538544073_1484998914_0,65.0,66.19,61.61,59.22
1538545379_1538545380_0,65.0,65.06,61.68,61.3
1538545379_8194481709_0,65.0,64.16,60.38,60.25
1538545379_1538544073_0,65.0,65.84,60.39,60.05
1538545380_21293712_0,65.0,66.35,63.3,61.8
1538545380_1538545379_0,65.0,65.06,61.68,61.3
1538545380_2093480249_0,65.0,66.19,62.23,61.75
1538547258_1538547259_0,65.0,65.15,63.74,61.25
1538547259_2093480249_0,65.0,65.53,63.64,62.2
1538547259_1538547258_0,65.0,65.15,63.74,61.25
1539476562_1539476564_0,65.0,62.74,59.58,62.2
1539476564_274927613_0,60.0,56.13,61.82,56.43
1539476564_2445815375_0,65.0,62.61,59.34,61.65
1539476566_2068469443_0,65.0,62.12,65.32,63.3
1539476566_1539476562_0,65.0,62.41,63.51,61.55
1539476579_2445815369_0,60.0,62.76,64.02,63.3
1539802952_21310546_0,60.0,71.21,56.48,60.4
1539802952_21226538_0,65.0,71.58,59.01,61.45
1539802957_21227077_0,65.0,71.39,56.95,60.95
1540184724_1030280376_0,65.0,64.09,66.5,62.85
1540580921_1277834700_0,65.0,60.46,63.42,64.4
1541384485_267248817_0,60.0,69.54,60.44,57.48
1541384485_267248827_0,65.0,69.5,59.02,58.05
1542124785_1542124815_0,60.0,73.85,60.78,60.2
1542124785_21226259_0,65.0,74.33,63.68,60.95
1542124815_21226212_0,60.0,72.58,60.14,59.3
1542124815_21226259_0,60.0,74.29,60.85,59.85
1542326940_2782967599_0,65.0,70.63,60.46,61.95
1542326940_31107202_0,65.0,68.4,57.94,61.7
1542350865_13762585240_0,65.0,78.14,61.58,65.1
1542350865_262372857_0,60.0,72.35,58.27,59.05
1544856047_1550522247_0,60.0,60.44,60.88,59.35
1544856047_1544856083_0,65.0,60.17,61.25,59.05
1544856050_1544856047_0,60.0,60.48,61.01,59.25
1544856083_253767850_0,60.0,58.46,61.27,56.7
1544856083_1544856050_0,60.0,60.38,62.5,59.3
1547169447_691028794_0,65.0,67.69,64.94,62.5
1547169456_275651960_0,65.0,65.4,57.75,59.7
1547169456_8117601499_0,65.0,67.11,64.69,61.92
1547777491_2212115750_0,65.0,68.39,59.97,60.5
1549163908_271199666_0,60.0,65.1,56.75,57.0
1549163908_745843261_0,60.0,63.9,57.28,57.8
1549163908_3783105844_0,60.0,64.78,57.44,56.7
1549163996_745843711_0,55.0,64.3,56.6,56.5
1549163996_743371620_0,55.0,64.28,56.12,56.85
1550346057_1550346063_0,65.0,62.49,60.73,60.75
1550346063_1550346067_0,65.0,63.0,64.96,62.4
1550346067_9296827633_0,65.0,62.19,61.63,58.4
1550346067_2574820392_0,65.0,63.38,62.79,62.2
1550365201_1550365263_0,65.0,61.36,59.12,60.55
1550365201_1550365250_0,65.0,62.17,63.32,60.85
1550365202_569784282_0,65.0,62.09,61.38,59.9
1550365202_1550365234_0,65.0,62.19,66.73,62.0
1550365202_1550365269_0,65.0,63.63,65.03,63.1
1550365213_1567962869_0,65.0,68.03,64.5,62.7
1550365213_27653939_0,60.0,62.68,61.51,60.85
1550365220_1550365213_0,65.0,64.42,66.29,62.35
1550365233_1550365263_0,65.0,62.47,63.79,60.4
1550365233_1550365238_0,65.0,64.72,60.37,61.7
1550365233_249167226_0,65.0,61.77,59.71,59.9
1550365234_1550365202_0,65.0,62.19,66.73,62.0
1550365234_1550365238_0,65.0,63.65,63.6,63.1
1550365238_27653951_0,65.0,61.93,59.17,61.0
1550365238_1550365234_0,65.0,63.65,63.6,63.1
1550365238_1550365233_0,65.0,64.72,60.37,61.7
1550365250_9296827633_0,65.0,62.78,60.04,61.7
1550365250_2574820392_0,65.0,63.11,64.0,59.0
1550365250_1550365201_0,65.0,62.17,63.32,60.85
1550365263_1550365233_0,65.0,62.47,63.79,60.4
1550365263_1550365201_0,65.0,61.36,59.12,60.55
1550365269_1550365220_0,65.0,64.85,65.26,63.0
1550365269_1550365202_0,65.0,63.63,65.03,63.1
1550522247_253752563_0,65.0,59.87,62.33,59.9
1551050910_271759288_0,60.0,65.96,59.71,58.25
1552284287_306255021_0,60.0,63.56,56.55,59.8
1552284287_292663048_0,60.0,66.36,59.39,65.22
1552537943_2635139103_0,65.0,61.67,61.91,60.32
1555288827_1324160822_0,65.0,63.92,65.46,65.0
1555288827_295546856_0,65.0,65.39,61.68,64.85
1555289199_1279803167_0,65.0,64.75,66.77,65.15
1555289199_31333372_0,65.0,70.16,66.61,66.9
1555859669_253752169_0,65.0,63.44,57.43,58.77
1555859669_253973552_0,65.0,56.67,56.19,57.15
1555859669_253761163_0,65.0,61.06,57.79,60.9
1556217867_1295406510_0,60.0,55.7,58.84,55.25
1556217867_245178955_0,60.0,59.81,63.78,61.18
1556217867_1277834565_0,60.0,59.63,63.57,64.7
1558112595_263776466_0,60.0,56.13,53.74,55.35
1558250492_13905628677_0,65.0,60.07,58.58,62.6
1558250492_8844423934_0,65.0,58.42,57.52,55.85
1558615215_78420006_0,65.0,60.73,59.08,56.95
1558615215_13350978962_0,65.0,61.2,62.23,56.9
1559815654_255507979_0,65.0,66.63,62.04,61.6
1561732864_1561732902_0,60.0,58.76,56.55,53.25
1561732864_2665646179_0,60.0,57.41,57.0,52.9
1561732864_207121302_0,60.0,59.36,55.23,54.95
1561732868_1561732896_0,55.0,57.61,55.77,53.9
1561732896_1561732831_0,55.0,57.53,55.84,53.8
1561732896_268403410_0,55.0,58.86,56.12,55.0
1561732902_1561732864_0,60.0,58.76,56.55,53.25
1561732902_207121289_0,60.0,56.93,55.88,54.25
1566909745_1839920967_0,60.0,73.32,57.32,62.4
1566909745_271759176_0,65.0,74.57,54.55,60.88
1567944800_1567944823_0,65.0,67.43,64.21,62.09
1567944800_1265957289_0,60.0,69.11,67.0,61.6
1567944823_11761017001_0,65.0,64.96,56.95,56.2
1567944823_1567944800_0,65.0,67.43,64.21,62.09
1567944823_1567944829_0,65.0,65.39,59.84,60.05
1567944829_259985370_0,60.0,65.16,57.14,58.75
1567944829_3455552275_0,65.0,67.94,62.16,63.7
1567944829_1567944823_0,65.0,65.39,59.84,60.05
1567962853_24576303_0,65.0,65.64,65.03,61.65
1567962853_1584849044_0,65.0,68.85,65.1,62.6
1567962869_1584849044_0,65.0,68.29,67.66,62.8
1567962869_1567962853_0,65.0,67.63,65.55,63.45
1575637902_280510047_0,60.0,68.27,65.7,68.5
1575637902_268796775_0,60.0,65.15,61.74,67.15
1575660439_3333723544_0,65.0,55.19,54.78,53.55
1575660482_1864652762_0,65.0,61.76,52.25,56.55
1575660482_3333723654_0,65.0,60.95,50.92,56.3
1575660483_88229196_0,65.0,63.38,54.83,57.45
1579330630_3392234020_0,65.0,67.63,62.08,60.65
1579330641_254607230_0,65.0,60.21,57.75,56.25
1579436483_280572160_0,65.0,61.7,57.12,57.45
1579436501_1579436483_0,65.0,61.13,56.71,57.5
1579436501_90222497_0,70.0,60.2,57.97,60.88
1579436520_280572167_0,65.0,62.81,57.94,57.9
1584826079_249156831_0,65.0,58.8,64.93,57.85
1584826079_1584826161_0,60.0,59.34,62.15,59.1
1584826079_251289421_0,65.0,60.72,62.66,58.55
1584826080_251289489_0,60.0,59.49,59.6,57.4
1584826080_1584826084_0,65.0,59.66,57.41,57.6
1584826080_1584826161_0,65.0,59.3,56.38,57.65
1584826081_1584826086_0,60.0,59.77,61.0,59.45
1584826081_251290084_0,60.0,57.93,59.58,56.7
1584826081_1584826157_0,60.0,59.94,63.08,59.35
1584826084_303395075_0,65.0,58.8,56.83,56.0
1584826084_1584826236_0,65.0,59.64,57.85,56.5
1584826086_1584826081_0,60.0,59.77,61.0,59.45
1584826086_1584826214_0,60.0,59.77,65.02,62.0
1584826115_35080862_0,65.0,58.86,60.42,57.75
1584826115_1584826157_0,65.0,61.0,62.39,62.15
1584826115_1584826241_0,65.0,62.87,63.71,63.2
1584826157_251289639_0,65.0,59.23,63.57,56.4
1584826157_1584826081_0,60.0,59.94,63.08,59.35
1584826157_1584826115_0,65.0,61.0,62.39,62.15
1584826161_1584826080_0,65.0,59.3,56.38,57.65
1584826161_1584826079_0,60.0,59.34,62.15,59.1
1584826185_1584826214_0,60.0,64.1,63.44,62.85
1584826185_1584826220_0,65.0,63.8,63.38,62.55
1584826190_2782354239_0,65.0,62.49,60.28,60.8
1584826190_2782354234_0,65.0,63.8,59.61,60.8
1584826190_114317241_0,65.0,61.54,60.96,59.45
1584826214_1584826086_0,60.0,59.77,65.02,62.0
1584826214_1584826185_0,60.0,63.83,62.52,61.85
1584826220_251289421_0,65.0,63.48,63.9,63.15
1584826220_9236561044_0,65.0,63.69,65.0,63.2
1584826220_1584826185_0,65.0,63.8,63.38,62.55
1584826236_1584826084_0,65.0,59.65,57.85,56.45
1584826241_2782354234_0,65.0,63.28,61.71,62.65
1584826241_1584826115_0,65.0,62.87,63.71,63.2
1584842175_1584842183_0,65.0,63.16,62.98,59.6
1584842175_1919269702_0,65.0,62.52,64.81,63.0
1584842183_1584842185_0,65.0,62.55,62.68,59.8
1584842183_1584842175_0,65.0,63.16,62.98,59.6
1584842185_1584881551_0,65.0,65.47,62.81,63.2
1584842185_1584842183_0,65.0,62.55,62.68,59.8
1584849044_27653936_0,65.0,64.57,62.89,62.8
1584849044_590907107_0,65.0,66.69,64.72,62.95
1584849044_1567962853_0,65.0,68.85,65.1,62.6
1584878377_1584878455_0,65.0,65.4,57.71,62.3
1584878377_1584878380_0,65.0,65.73,58.34,61.95
1584878380_1584878455_0,65.0,65.81,56.93,62.8
1584878380_1584878401_0,65.0,69.65,56.19,63.7
1584878380_1822037790_0,65.0,69.13,61.42,63.2
1584878382_27654224_0,65.0,67.28,65.82,63.6
1584878382_1822037790_0,65.0,67.99,61.75,64.0
1584878382_304776028_0,65.0,64.27,57.98,60.85
1584878385_1584878457_0,65.0,64.67,62.65,64.0
1584878401_1584878377_0,65.0,66.2,62.13,62.35
1584878401_1584878433_0,65.0,71.82,62.15,61.45
1584878433_1584878401_0,65.0,71.82,62.45,61.45
1584878433_1584878439_0,65.0,68.83,61.11,61.15
1584878433_232868021_0,65.0,64.87,61.2,59.7
1584878439_21555353_0,65.0,64.87,59.71,59.4
1584878439_2902502447_0,65.0,70.23,63.37,62.65
1584878439_1584878433_0,65.0,68.83,61.11,61.15
1584878455_1584878380_0,65.0,65.81,56.93,62.8
1584878455_21555752_0,65.0,66.49,56.94,62.5
1584878457_539450431_0,65.0,62.85,61.25,57.4
1584878457_304767772_0,65.0,63.21,59.9,59.05
1584878457_1584881539_0,65.0,65.29,61.99,64.0
1584881539_1584878382_0,65.0,69.0,70.84,63.65
1584881551_3396938718_0,65.0,64.74,62.88,63.95
1584881551_1584878385_0,65.0,65.03,68.57,64.25
1584980561_2542890181_0,60.0,66.37,60.28,66.2
1584980561_257779594_0,65.0,64.68,62.35,62.5
1584980561_2542890179_0,65.0,69.9,63.13,68.1
1584980561_1584983317_0,65.0,69.38,65.56,67.25
1584980563_21293736_0,65.0,62.13,62.13,60.15
1584980563_1584980573_0,65.0,66.4,63.37,61.75
1584980563_2542869397_0,65.0,67.65,66.52,68.8
1584980566_1584980575_0,65.0,70.48,65.2,68.5
1584980566_2542883782_0,65.0,71.18,66.52,69.65
1584980569_1584980571_0,65.0,66.4,62.15,66.25
1584980569_1499419556_0,65.0,65.21,62.37,64.6
1584980571_1584980569_0,65.0,66.4,62.15,66.25
1584980571_1489656121_0,65.0,67.77,61.62,69.05
1584980573_264132307_0,65.0,61.69,65.18,58.85
1584980573_1584980574_0,65.0,66.33,68.59,68.0
1584980573_1584980563_0,65.0,66.39,63.94,61.75
1584980574_1584980573_0,65.0,66.33,68.59,68.0
1584980574_1499419556_0,65.0,66.22,62.92,67.25
1584980575_1584980566_0,65.0,70.48,65.2,68.5
1584980575_2542890179_0,65.0,69.5,61.88,67.25
1584983317_1584980561_0,65.0,69.38,65.56,67.25
1584983317_1584985783_0,60.0,64.23,58.51,60.65
1584983317_258165525_0,60.0,69.11,63.58,64.5
1584985782_32046908_0,65.0,66.18,63.63,65.9
1584985782_1584985785_0,60.0,70.49,65.86,66.9
1584985782_1722079176_0,60.0,67.21,65.27,65.55
1584985782_11086017963_0,65.0,70.32,67.22,66.8
1584985783_258163081_0,60.0,64.37,59.35,60.6
1584985783_306427882_0,60.0,69.44,62.65,67.25
1584985783_1584983317_0,60.0,64.23,58.51,60.65
1584985783_1584985786_0,60.0,69.86,62.98,67.05
1584985785_1584985782_0,60.0,70.49,65.86,66.9
1584985785_1584985786_0,60.0,70.08,59.38,62.05
1584985786_258165528_0,60.0,64.21,59.36,58.7
1584985786_1584985785_0,60.0,70.08,59.38,62.05
1584985786_1584985783_0,60.0,69.86,62.98,67.05
1585751008_257604867_0,65.0,64.01,63.33,62.58
1585759433_243670914_0,65.0,61.93,61.59,65.15
1585759433_3730920354_0,65.0,64.02,61.18,65.55
1585759455_1585759460_0,65.0,61.87,63.16,66.8
1585759460_243668623_0,65.0,59.52,55.14,60.27
1585759460_1585761948_0,65.0,62.49,60.58,64.7
1585759474_309106535_0,60.0,59.78,63.97,59.9
1585759474_243715820_0,60.0,62.31,62.27,59.55
1585759517_1585759474_0,60.0,61.41,63.2,59.5
1585759519_1585761964_0,65.0,61.69,65.52,66.9
1585761948_1585759433_0,60.0,62.41,61.73,64.25
1585761952_3730920355_0,65.0,64.43,65.91,66.6
1585761952_1585759519_0,65.0,66.59,64.97,67.2
1585761964_11059838832_0,65.0,66.59,64.07,67.0
1585761964_1585759455_0,65.0,61.23,63.78,66.4
1585761966_243668173_0,65.0,61.98,58.28,62.27
1585761966_1585761969_0,65.0,62.05,55.42,61.15
1585761969_1890388670_0,65.0,62.25,58.88,65.0
1588766948_1588766962_0,65.0,62.42,58.26,57.75
1588766948_114317320_0,65.0,64.97,60.25,62.0
1588766962_1588766969_0,60.0,62.66,57.43,58.95
1588766969_31509002_0,60.0,62.21,59.41,58.05
1596427961_280227749_0,65.0,75.77,61.98,60.9
1596427963_21226940_0,60.0,75.6,64.6,61.45
1596427963_1596427961_0,60.0,75.96,64.66,61.1
1596427969_2760745400_0,60.0,76.45,62.68,60.75
1596494671_1931890083_0,65.0,67.45,64.58,64.7
1596494671_21555521_0,65.0,68.49,64.39,66.7
1596494671_1757676924_0,65.0,66.01,62.6,65.45
1598193910_252631066_0,65.0,71.41,58.7,62.95
1598193910_1602707311_0,60.0,68.12,61.23,64.95
1599239211_95766250_0,65.0,67.08,62.85,61.05
1599239213_95766260_0,65.0,67.66,62.87,61.09
1599239213_1599239211_0,65.0,66.97,62.06,61.78
1599239213_95766244_0,65.0,68.59,62.71,62.85
1599239214_1599239213_0,65.0,66.48,61.08,61.35
1599239214_95766244_0,65.0,68.95,63.81,62.45
1602479860_1602479997_0,65.0,73.97,68.43,62.45
1602479860_2935978700_0,65.0,67.2,67.64,65.2
1602479921_251618341_0,65.0,70.82,65.49,69.45
1602479940_1602479860_0,65.0,70.37,65.5,64.5
1602479940_251618340_0,65.0,72.24,67.62,62.2
1602479949_2852927474_0,65.0,68.25,65.74,63.95
1602479949_1602479940_0,65.0,74.06,66.02,62.45
1602479997_309012791_0,65.0,70.47,66.75,61.95
1602479997_1602479949_0,65.0,70.13,65.3,64.25
1602512864_2830218246_0,65.0,70.03,60.94,64.35
1602512864_3521852594_0,65.0,70.34,59.64,64.55
1602512864_25543629_0,65.0,71.78,60.22,65.05
1602512866_315275969_0,65.0,67.68,61.54,62.5
1602512866_2699721036_0,65.0,69.52,59.35,62.75
1602512868_1602512884_0,65.0,67.54,61.84,63.0
1602512868_2830218246_0,65.0,66.31,60.9,61.32
1602512868_1602512881_0,60.0,66.95,60.86,60.5
1602512873_359599383_0,65.0,66.64,60.6,59.15
1602512873_1602512888_0,65.0,69.73,62.25,62.0
1602512873_1602512889_0,65.0,69.45,61.64,62.2
1602512875_2883720223_0,65.0,69.27,59.3,60.55
1602512875_2852927474_0,65.0,68.26,60.11,61.25
1602512880_1602512888_0,65.0,69.81,62.98,62.1
1602512880_12571684778_0,65.0,68.7,60.94,58.4
1602512881_315276170_0,65.0,67.87,60.77,63.25
1602512881_1602512883_0,65.0,67.26,60.41,60.85
1602512881_1602512868_0,60.0,66.95,60.86,60.5
1602512883_9151230598_0,65.0,70.41,61.99,61.45
1602512884_1602512868_0,65.0,67.54,61.84,63.0
1602512884_2830218246_0,65.0,71.0,61.06,64.3
1602512884_1725942654_0,65.0,66.99,57.93,61.18
1602512886_2883720223_0,65.0,69.31,60.64,60.8
1602512886_1602512880_0,65.0,69.42,62.63,62.1
1602512888_1602512880_0,65.0,69.81,62.98,62.1
1602512888_1602512873_0,65.0,69.73,62.25,62.0
1602512888_5433818464_0,65.0,68.37,59.86,58.0
1602512889_1602512873_0,65.0,69.45,61.64,62.2
1602512889_78462265_0,65.0,72.99,54.78,61.5
1602512889_2699721036_0,60.0,69.41,62.36,63.05
1602512889_2066845477_0,65.0,74.86,61.27,61.15
1602707311_241474338_0,60.0,66.15,58.9,63.75
1602707311_33197632_0,60.0,65.64,62.39,62.85
1602707311_1938165334_0,65.0,70.69,61.66,64.2
1603973246_2727077765_0,65.0,71.67,63.78,66.5
1603973246_286819556_0,65.0,66.69,60.95,65.45
1603973253_1603973246_0,65.0,66.93,66.71,64.7
1603973253_253311353_0,65.0,61.79,61.01,59.95
1606347252_309664744_0,60.0,66.68,63.44,57.7
1606347252_280188388_0,60.0,66.88,61.28,57.4
1610856081_249779447_0,65.0,61.71,61.81,58.35
1610856081_251164334_0,65.0,60.59,60.41,57.6
1612276275_9734713495_0,65.0,68.95,64.61,63.65
1613294787_1613294804_0,65.0,59.96,56.59,56.55
1613294804_1613294787_0,65.0,59.96,56.59,56.55
1627450657_2516105064_0,60.0,60.58,58.47,57.75
1627450757_717647767_0,55.0,57.35,46.95,48.95
1627450757_717641264_0,55.0,59.19,54.72,50.25
1631208502_259783030_0,60.0,48.0,53.03,50.75
1631208502_259780783_0,65.0,49.42,62.5,56.1
1631208502_259780776_0,60.0,50.16,60.46,59.71
1648345204_4291424079_0,65.0,61.83,57.62,55.6
1648345204_1648345223_0,65.0,61.57,53.82,54.9
1648345204_252640948_0,65.0,62.02,62.48,61.6
1648345216_1648345204_0,65.0,61.29,54.52,55.6
1648345223_33197501_0,65.0,63.9,65.4,61.7
1648345223_2456975754_0,65.0,62.09,57.96,55.9
1652183466_252373959_0,65.0,66.51,63.04,62.9
1652183466_308993953_0,65.0,66.35,63.01,63.5
1652183466_1652183521_0,65.0,67.68,61.27,62.9
1652183466_1652183499_0,65.0,68.32,64.79,63.85
1652183499_1481285004_0,65.0,70.06,65.57,66.3
1652183499_246995020_0,65.0,66.28,61.91,63.4
1652183499_1652183466_0,65.0,68.32,64.79,63.85
1652183516_1132113576_0,65.0,74.38,67.02,64.75
1652183516_1481308365_0,65.0,72.86,67.97,66.29
1652183521_726905038_0,65.0,68.69,63.5,64.75
1652183521_1652183466_0,65.0,67.68,61.27,62.9
1652242698_1652733229_0,65.0,67.97,58.35,59.85
1652242699_1652242704_0,65.0,66.76,59.9,60.3
1652242699_1652246177_0,65.0,69.27,60.31,63.7
1652242704_1652242699_0,65.0,66.76,59.9,60.3
1652242704_252373958_0,65.0,66.04,61.8,61.05
1652242704_1652733229_0,65.0,66.04,58.18,60.2
1652246173_1652246177_0,65.0,72.65,63.24,64.65
1652246173_1652242699_0,65.0,69.31,59.39,63.76
1652246177_21293706_0,65.0,72.01,64.5,66.75
1652733229_1652242698_0,65.0,67.97,58.35,59.85
1652733229_1652242704_0,65.0,66.04,58.18,60.2
1652741004_251434974_0,65.0,67.12,66.88,61.5
1652741004_21306397_0,60.0,67.98,65.16,64.3
1652760347_1652760366_0,65.0,71.43,64.82,65.8
1652760347_245474386_0,65.0,74.51,67.67,66.6
1652760347_359460441_0,65.0,70.17,63.74,63.88
1652760349_1652760366_0,65.0,71.79,63.83,65.1
1652760349_1652760359_0,65.0,69.72,63.04,64.25
1652760350_11158829018_0,65.0,73.34,61.64,63.6
1652760350_2575601458_0,65.0,65.55,63.93,63.75
1652760350_1652760365_0,65.0,69.45,60.55,63.6
1652760353_1652765735_0,65.0,65.95,58.32,61.2
1652760353_1652760363_0,65.0,68.67,63.02,64.95
1652760353_1652760365_0,60.0,68.15,59.02,62.7
1652760359_2305210643_0,60.0,65.59,58.24,62.95
1652760359_1652760349_0,65.0,69.72,63.04,64.25
1652760359_1652760363_0,60.0,68.73,59.02,63.45
1652760363_1652760359_0,60.0,68.73,59.02,63.45
1652760363_1652760353_0,65.0,68.68,62.37,64.9
1652760363_21226091_0,65.0,65.98,60.84,61.1
1652760365_294744673_0,65.0,66.13,60.3,62.35
1652760365_1652760353_0,60.0,68.15,59.02,62.7
1652760365_1652760350_0,65.0,69.45,60.55,63.6
1652760366_1652760349_0,65.0,71.79,63.83,65.1
1652760366_1652760347_0,65.0,71.43,64.82,65.8
1652760366_2211960462_0,65.0,67.14,58.27,60.6
1652774778_1652774812_0,65.0,66.59,62.58,65.0
1652774778_1790586954_0,65.0,68.28,63.52,65.15
1652774779_1652774812_0,65.0,71.02,63.14,66.04
1652774779_1652774811_0,65.0,71.17,66.88,66.74
1652774787_1652774778_0,65.0,67.35,62.75,65.2
1652774787_29797362_0,65.0,73.65,67.5,65.4
1652774811_1790586917_0,65.0,72.74,63.6,65.79
1652774812_1652246173_0,65.0,68.46,62.19,63.65
1652774812_1652774779_0,65.0,71.02,63.14,66.04
1652774812_1652774778_0,65.0,66.59,62.58,65.0
1656865949_1656865969_0,65.0,63.87,63.01,61.65
1656865949_1656865990_0,65.0,63.68,61.89,61.3
1656865949_90579879_0,65.0,63.23,61.04,60.14
1656865954_1474064607_0,65.0,65.99,64.79,63.35
1656865954_1656865996_0,65.0,62.93,60.59,61.65
1656865960_1514342882_0,65.0,64.86,62.01,63.8
1656865960_1656865967_0,65.0,62.74,58.79,61.55
1656865960_1474064640_0,65.0,64.42,64.85,62.0
1656865967_1656865960_0,65.0,62.74,58.79,61.55
1656865967_251470093_0,65.0,61.45,60.11,59.8
1656865967_1656865990_0,65.0,62.78,60.93,60.6
1656865969_1656865949_0,65.0,63.87,63.01,61.65
1656865969_1656865971_0,65.0,64.36,64.42,61.45
1656865971_1322627736_0,65.0,65.65,66.03,61.4
1656865971_1538547259_0,65.0,63.76,60.64,60.35
1656865971_1656865969_0,65.0,64.36,64.42,61.45
1656865990_1656865967_0,65.0,62.78,60.93,60.6
1656865990_1656865949_0,65.0,63.68,62.26,61.1
1656865996_1474073395_0,65.0,63.62,64.08,64.9
1656865996_1656865954_0,65.0,62.91,60.93,61.65
1656865996_1932938405_0,65.0,62.4,62.0,61.95
1657885636_2781360066_0,65.0,59.05,57.16,53.5
1657885636_2781360071_0,65.0,58.63,64.54,53.2
1677491063_251435167_0,65.0,71.32,66.24,65.6
1677491063_21293707_0,65.0,75.54,63.28,64.5
1677491063_1790586917_0,65.0,74.76,63.87,64.4
1679095252_8321774366_0,65.0,66.81,59.83,62.2
1694954641_269351300_0,65.0,67.9,63.55,62.65
1694954641_1694954645_0,65.0,67.68,62.74,62.2
1694954641_2512719074_0,65.0,69.44,65.12,63.35
1694954645_269351301_0,65.0,65.91,62.86,60.7
1694954645_269351300_0,65.0,67.59,62.78,61.85
1699886632_21555347_0,65.0,62.55,62.39,60.99
1702493913_2714479278_0,65.0,70.54,62.53,63.5
1702493915_275616407_0,65.0,67.96,58.48,57.7
1702493915_1831388474_0,65.0,70.45,58.4,57.8
1705281938_1432231032_0,65.0,63.09,62.31,61.3
1709625516_259783031_0,55.0,49.3,48.11,49.55
1718051292_258934377_0,60.0,65.71,59.53,57.9
1718051292_21663208_0,60.0,65.39,59.27,58.55
1720965164_243668628_0,65.0,60.76,60.8,63.35
1720965204_1720965210_0,65.0,60.87,58.91,61.15
1720965204_1720965164_0,65.0,60.89,58.23,60.71
1720965210_475255617_0,65.0,58.19,52.88,56.82
1720976569_267116287_0,65.0,63.7,68.3,65.8
1720976581_1720976569_0,65.0,64.04,66.53,66.15
1720976581_1030280449_0,65.0,63.85,62.66,64.7
1722079176_258165531_0,65.0,66.01,61.55,63.7
1722079176_258161611_0,65.0,67.33,63.2,62.9
1722079176_1584985782_0,60.0,67.21,65.27,65.55
1722079176_255193479_0,60.0,65.62,61.98,63.4
1722395908_206146960_0,65.0,71.43,63.61,63.4
1722395908_1722395915_0,60.0,70.74,63.84,63.3
1722395915_206146960_0,65.0,71.18,61.77,63.3
1722395915_31013269_0,60.0,67.51,62.37,63.6
1722395927_258076032_0,60.0,65.08,59.48,57.18
1722395943_2518495047_0,60.0,66.56,58.0,65.35
1722395943_2763771354_0,60.0,66.52,57.17,65.4
1722395950_2518495050_0,65.0,66.36,60.23,62.05
1722395950_2542969148_0,65.0,65.97,60.66,62.3
1722395967_1722395971_0,65.0,67.01,61.02,61.0
1722395967_2533487043_0,65.0,66.77,60.34,61.1
1722395971_13229923008_0,65.0,69.82,59.78,61.95
1722395973_832846973_0,65.0,71.66,62.28,63.7
1722396009_306427882_0,60.0,63.89,59.87,59.6
1722396009_258163081_0,60.0,65.36,60.82,60.1
1722396009_258054473_0,60.0,65.57,58.53,60.0
1724405696_259513869_0,60.0,69.46,58.32,58.15
1724405696_3730510953_0,65.0,68.62,61.39,57.25
1724440276_1724440278_0,60.0,76.91,64.07,60.8
1724440278_2634912207_0,60.0,73.28,60.31,55.85
1725740892_21225848_0,65.0,72.39,62.59,64.9
1725740892_1725942646_0,65.0,70.37,62.7,64.9
1725740897_260484047_0,65.0,71.13,63.03,64.35
1725740916_1946779128_0,65.0,68.03,58.37,63.35
1725740922_2739493091_0,65.0,70.83,66.78,65.3
1725740922_21225885_0,60.0,70.47,66.54,65.1
1725942646_252631065_0,65.0,64.75,60.36,60.75
1725942646_252631062_0,65.0,68.53,60.29,65.1
1725942654_1602512884_0,65.0,66.99,57.93,60.62
1726819060_339444986_0,65.0,68.96,62.02,62.9
1726819060_258036316_0,65.0,69.14,61.06,62.75
1726846033_29749478_0,65.0,65.0,58.65,58.4
1726846033_21226486_0,65.0,68.69,64.98,62.7
1728244056_171206295_0,65.0,67.65,62.48,66.8
1728244056_508468691_0,65.0,64.32,63.13,67.4
1731215528_258093212_0,65.0,67.75,59.65,59.55
1731215564_296624046_0,65.0,71.63,64.03,67.8
1735811632_205694963_0,65.0,65.78,58.31,59.05
1735811632_255322271_0,65.0,66.06,57.27,59.85
1735811654_255321948_0,65.0,69.57,64.48,64.9
1735811654_255322406_0,65.0,67.53,65.4,63.7
1736732463_241469910_0,65.0,72.77,69.1,68.35
1736732466_27552357_0,65.0,71.17,67.46,67.0
1736732468_2773813065_0,65.0,68.35,68.26,66.75
1736732468_257897065_0,65.0,66.44,59.26,61.4
1736732469_2773813065_0,65.0,68.44,65.16,66.25
1736732469_1736732468_0,65.0,68.41,66.44,65.85
1736732473_2700211343_0,65.0,69.09,66.23,66.9
1736732473_440392981_0,65.0,71.64,65.53,68.25
1736732489_440392972_0,65.0,70.67,63.58,66.9
1736732489_1737460987_0,65.0,64.99,60.16,61.3
1737460963_258890584_0,65.0,66.57,58.43,61.45
1737460963_292083473_0,65.0,64.35,58.36,60.3
1737460963_1764266544_0,65.0,63.9,57.1,57.6
1737460984_268228348_0,65.0,65.03,62.93,61.3
1737460985_250328562_0,65.0,64.88,61.38,61.55
1737460985_21227233_0,65.0,64.61,60.57,61.4
1737460985_2700211343_0,65.0,65.41,61.65,64.15
1737460987_1737460985_0,60.0,65.57,62.54,62.15
1737460987_255321448_0,60.0,64.32,60.4,61.25
1737460997_10992367107_0,65.0,70.22,67.59,66.8
1737460997_259980769_0,65.0,65.68,61.6,64.3
1737460997_1737460987_0,65.0,66.68,64.47,64.3
1737461030_259981068_0,60.0,63.01,53.45,55.6
1737461030_259980834_0,60.0,63.66,55.57,56.3
1737461034_259980943_0,60.0,63.47,59.19,63.05
1737461034_255322433_0,60.0,63.72,62.04,61.4
1737461034_1737461030_0,60.0,63.95,60.15,61.4
1738264923_12067639765_0,60.0,75.69,63.9,63.0
1739142651_3818659531_0,65.0,68.73,60.11,58.07
1739262591_560860195_0,60.0,64.62,58.56,55.8
1739262591_592232642_0,60.0,63.79,53.13,52.9
1739262591_2779757698_0,60.0,63.49,55.87,55.75
1739445876_1528508555_0,65.0,54.96,54.51,60.25
1743189679_234727569_0,65.0,63.44,59.56,61.08
1743189679_264638692_0,65.0,64.27,60.51,61.95
1743206320_2531592626_0,65.0,65.45,68.08,64.55
1744150142_266698857_0,65.0,65.4,66.52,56.85
1744150142_266698877_0,65.0,64.62,71.25,57.3
1744786346_251331785_0,65.0,60.72,61.78,60.05
1744786346_251310761_0,65.0,64.93,58.29,63.78
1745715324_21306385_0,60.0,66.71,64.91,64.3
1746151203_2535072394_0,65.0,64.26,61.69,61.75
1746151203_2535076404_0,65.0,64.5,57.76,63.3
1746151215_96891745_0,60.0,73.53,68.83,68.3
1746151215_2542750816_0,60.0,70.5,67.77,64.0
1748552629_1748552636_0,65.0,67.39,61.5,57.98
1748552636_2704946570_0,70.0,73.0,57.39,58.3
1748552636_1748552629_0,65.0,67.39,61.5,57.98
1748552636_10536590479_0,65.0,72.79,59.39,59.48
1753249588_253971869_0,65.0,56.99,52.22,55.65
1753249635_311471746_0,65.0,64.56,60.41,62.75
1753249684_322561782_0,65.0,64.16,54.99,61.95
1756208669_245555965_0,65.0,71.8,64.12,64.55
1756208669_1756208675_0,65.0,69.41,65.21,62.75
1756208675_256205280_0,65.0,73.62,64.63,64.7
1756208675_245555961_0,65.0,72.51,63.27,65.25
1756208675_8117633127_0,65.0,69.29,66.22,62.3
1757298679_95769557_0,65.0,66.21,58.58,59.05
1757298679_1757298689_0,60.0,64.94,58.84,57.6
1757298689_258936535_0,60.0,64.67,59.62,58.15
1757298692_10173926330_0,55.0,62.09,59.45,59.7
1757298692_28848512_0,60.0,62.11,63.74,61.5
1757298692_28848523_0,60.0,61.2,58.53,57.4
1757676920_1757676924_0,65.0,64.82,65.12,63.52
1757676920_249176934_0,65.0,64.97,64.77,63.38
1757676924_1596494671_0,65.0,66.01,62.6,65.45
1757676924_249176934_0,65.0,67.03,62.44,65.55
1758966179_11314063624_0,65.0,66.8,65.71,62.7
1758966179_1942841568_0,60.0,72.42,64.22,62.75
1759883460_258890828_0,65.0,64.46,61.52,59.6
1759883460_10173889368_0,65.0,65.46,60.95,57.85
1759975511_258890584_0,65.0,64.51,59.7,61.6
1759975511_250327583_0,65.0,64.66,60.77,59.2
1760433215_1943114032_0,65.0,70.45,63.27,64.05
1760433254_1760433259_0,65.0,66.97,62.19,58.8
1760433254_1760433215_0,65.0,71.24,61.95,61.8
1760433259_1760433215_0,65.0,67.38,62.25,60.9
1760433259_258890910_0,65.0,66.13,61.99,58.79
1761352313_258325051_0,60.0,79.67,63.25,68.85
1761352315_258326076_0,65.0,77.66,57.87,63.25
1761357995_313367792_0,65.0,76.68,59.31,60.45
1761357997_249593765_0,65.0,77.2,61.41,65.2
1761358000_1542350865_0,65.0,77.53,59.25,64.3
1761358003_1456821100_0,65.0,76.76,61.36,65.2
1762326731_1523280103_0,65.0,71.05,57.79,59.65
1762326731_674813196_0,65.0,67.72,62.15,58.4
1762326731_262698796_0,65.0,71.99,58.21,60.75
1762621286_430790260_0,65.0,65.52,64.39,60.55
1762621295_241468486_0,65.0,67.67,62.52,63.05
1762621295_1763176364_0,65.0,66.04,58.52,61.25
1763153010_2169768619_0,60.0,61.67,56.0,56.93
1763153010_11188933383_0,60.0,62.44,61.68,61.8
1763153010_262978290_0,60.0,62.02,59.95,56.55
1763153055_2700537617_0,65.0,63.25,58.44,60.6
1763153055_21227233_0,65.0,64.13,55.23,61.0
1763176364_259982474_0,65.0,65.31,60.19,60.85
1763176364_241468486_0,65.0,65.77,61.47,60.25
1764266277_251622090_0,65.0,71.44,56.2,59.02
1764266277_4541125852_0,65.0,67.02,55.53,57.2
1764266277_262385094_0,65.0,68.78,50.95,57.85
1764266544_2700033540_0,65.0,63.05,54.82,57.6
1764266544_258889848_0,65.0,63.38,56.53,60.45
1765142906_1765142907_0,65.0,69.29,63.35,61.55
1765142907_246996384_0,60.0,69.45,63.18,59.8
1765142907_21226763_0,65.0,69.08,63.27,61.95
1765142916_1765142906_0,65.0,69.61,63.18,60.25
1765142916_21226711_0,65.0,68.82,61.55,60.7
1765142933_21226939_0,65.0,65.91,59.89,60.45
1765142933_1765142916_0,65.0,65.47,60.67,60.1
1765317175_11046749331_0,65.0,75.21,65.42,65.65
1765317175_429251598_0,65.0,73.72,66.68,65.95
1765317182_429251598_0,65.0,72.29,65.49,64.5
1765317182_430787417_0,65.0,69.36,66.7,63.2
1765317182_259982480_0,65.0,71.88,63.45,63.8
1765639656_1765639658_0,60.0,63.26,52.71,55.55
1765639656_308843359_0,55.0,63.03,54.99,56.45
1765639656_255322404_0,60.0,63.32,57.58,57.02
1765639658_1765639656_0,60.0,63.26,52.71,55.55
1766604855_250166166_0,60.0,61.71,59.77,58.15
1766604855_1766604861_0,60.0,60.44,62.13,61.0
1766604855_246099088_0,60.0,63.19,58.31,61.55
1766615611_250162730_0,60.0,63.88,60.12,58.25
1766615611_253310668_0,65.0,58.05,62.2,56.9
1766615611_281758034_0,60.0,62.28,63.86,63.08
1766730000_1942874513_0,60.0,67.76,60.62,65.15
1766730000_21663208_0,60.0,65.2,59.54,63.55
1766730093_4060097450_0,65.0,64.26,62.4,60.45
1766730093_27653924_0,60.0,61.53,59.02,58.9
1773980608_1804589960_0,60.0,60.89,44.95,55.15
1773980608_727769707_0,60.0,61.0,43.84,55.0
1773980654_1804589941_0,60.0,59.52,50.53,55.2
1773980740_727769730_0,60.0,58.19,53.47,54.15
1773980760_727769731_0,60.0,57.51,51.63,51.4
1774020915_306255023_0,60.0,58.64,50.81,54.4
1774020970_717641331_0,60.0,56.91,48.96,45.4
1775262782_569784446_0,60.0,61.88,59.94,59.3
1775262782_12523059194_0,60.0,61.93,61.67,58.35
1777527800_311820392_0,65.0,70.46,59.08,62.1
1777527800_311820332_0,65.0,71.31,60.62,58.35
1779177643_292667658_0,60.0,62.55,56.19,54.35
1780527777_21227177_0,60.0,70.51,63.18,60.8
1780527777_3752997870_0,65.0,68.33,62.0,60.8
1780928045_303027655_0,65.0,77.53,67.35,69.25
1790586917_1791764117_0,65.0,74.28,66.3,65.0
1790586917_1677491063_0,65.0,74.76,63.87,64.4
1790586941_1652774811_0,65.0,75.4,66.15,66.15
1790586941_1652774779_0,65.0,71.1,67.66,67.1
1790586951_1790586954_0,65.0,70.99,65.84,64.65
1790586951_1790586941_0,65.0,72.15,68.43,66.55
1790586954_29797362_0,65.0,74.54,66.41,65.4
1790586954_1790586951_0,65.0,70.99,65.84,64.65
1791764117_1790586951_0,65.0,73.38,69.65,65.15
1793514945_8324164279_0,65.0,62.57,67.83,60.1
1793551227_310243965_0,65.0,71.85,62.19,58.4
1797998852_1530058570_0,65.0,65.52,60.51,59.1
1797998853_1797998852_0,65.0,65.27,54.74,56.2
1797998853_24576286_0,65.0,66.07,59.45,58.8
1799538882_27653908_0,65.0,60.84,56.42,57.35
1800607291_357256831_0,60.0,68.16,59.3,59.15
1800607291_1800607293_0,60.0,67.44,55.56,57.05
1800607293_583066682_0,60.0,66.9,54.38,55.65
1800607293_357256703_0,60.0,67.33,55.83,56.65
1800817428_280524849_0,60.0,73.41,54.98,56.4
1801176332_252214034_0,65.0,60.8,58.38,61.88
1801176332_245178949_0,65.0,59.59,64.0,63.12
1804589941_1804589971_0,60.0,59.19,56.71,59.72
1804589941_1773980654_0,60.0,59.52,50.53,55.2
1804589941_727769731_0,60.0,59.55,56.86,59.4
1804589960_727769716_0,60.0,61.26,48.21,54.85
1804589962_292679481_0,65.0,54.98,41.83,45.75
1804589962_292679496_0,65.0,53.8,45.1,43.5
1804589962_727769712_0,65.0,55.87,45.98,48.3
1804589971_1804589941_0,60.0,59.19,56.71,59.72
1804589971_1804590017_0,60.0,57.08,50.34,50.65
1804589971_1805292565_0,60.0,58.75,53.74,56.8
1804590017_1804589971_0,60.0,57.08,50.34,50.65
1804973794_1804973874_0,65.0,59.69,60.21,55.78
1804973794_1804973889_0,65.0,59.56,59.53,54.83
1804973814_1804973903_0,65.0,58.74,48.2,53.75
1804973818_1804973855_0,65.0,58.34,48.64,52.75
1804973828_1804973794_0,65.0,59.71,55.2,55.68
1804973834_304984802_0,65.0,58.67,57.21,52.58
1804973834_1804973848_0,65.0,58.96,56.33,52.98
1804973848_1804973828_0,65.0,59.15,53.43,53.88
1804973855_9229996640_0,65.0,58.37,50.7,53.65
1804973855_1804973918_0,65.0,58.36,49.42,52.85
1804973856_1804973814_0,65.0,58.8,50.33,53.95
1804973856_153558269_0,65.0,58.92,48.48,54.05
1804973874_2060555445_0,65.0,59.66,55.56,53.58
1804973874_1804973889_0,65.0,59.57,61.83,55.08
1804973889_1804973834_0,65.0,59.18,60.09,52.98
1804973903_2060555445_0,65.0,58.69,49.73,54.25
1804973903_1804973818_0,65.0,58.53,49.1,53.45
1804973918_1804973856_0,65.0,58.65,47.88,53.6
1805292565_5595189290_0,60.0,56.49,52.08,50.4
1805292565_1804589971_0,60.0,58.75,53.74,56.8
1805292565_727769712_0,60.0,58.75,57.35,57.3
1805334246_3602886105_0,65.0,68.59,64.29,61.48
1805334246_275703989_0,65.0,64.58,59.68,62.95
1806263067_306259447_0,60.0,65.09,59.55,59.75
1806263067_717641323_0,60.0,63.59,59.37,60.6
1806263103_717641330_0,60.0,58.91,46.74,52.15
1806319751_3898065674_0,60.0,61.87,63.1,60.45
1806319813_252206804_0,60.0,57.25,53.45,56.6
1806319813_78423113_0,60.0,57.74,56.65,58.45
1806319813_252204193_0,60.0,58.52,59.49,60.78
1809906391_21227175_0,65.0,80.15,67.51,66.35
1809906391_21226065_0,65.0,79.44,66.9,67.0
1809940499_2815051795_0,65.0,69.14,58.77,59.25
1816088230_1816088236_0,65.0,69.92,62.55,60.15
1816088230_1816088241_0,65.0,70.11,59.58,60.0
1816088236_1816088241_0,65.0,70.0,62.74,59.0
1816088241_2700658159_0,65.0,69.47,57.46,59.65
1820162291_259780795_0,60.0,53.11,47.74,53.88
1821364024_2796755374_0,60.0,67.31,56.67,56.31
1821364024_661829370_0,60.0,66.89,58.64,56.16
1822037790_1584878382_0,65.0,67.99,61.75,64.0
1822037790_1584878380_0,65.0,69.13,61.42,63.2
1824860719_283834629_0,65.0,60.77,57.27,56.15
1824860719_283834665_0,60.0,59.44,60.04,56.45
1824860723_289702910_0,65.0,63.01,56.2,56.45
1828906199_31333358_0,65.0,60.93,49.5,56.2
1828995193_1476588224_0,65.0,60.64,64.06,57.55
1828995193_1550365263_0,65.0,60.67,65.8,58.45
1831279342_29797370_0,65.0,65.91,65.94,63.9
1831388474_31335106_0,65.0,68.72,62.34,65.05
1831778011_21225860_0,65.0,65.67,65.41,64.8
1835259967_538836746_0,60.0,63.07,56.62,55.65
1836550644_338845133_0,65.0,69.55,72.89,70.7
1836574640_1836574657_0,60.0,58.65,67.44,64.6
1836574649_1836574665_0,60.0,61.33,65.39,65.7
1836574649_746024577_0,60.0,60.9,66.24,65.05
1836574657_1277834565_0,60.0,59.93,65.65,65.7
1836574657_1540580921_0,65.0,59.6,64.96,65.35
1836574665_1836574649_0,60.0,61.33,65.39,65.7
1836574665_1836574640_0,60.0,59.58,64.06,65.75
1836578193_1277834137_0,65.0,58.64,66.7,64.5
1836578221_1277834545_0,65.0,58.41,65.54,63.95
1836593503_1430928635_0,65.0,58.94,57.64,56.8
1836593503_3557035256_0,65.0,57.91,50.64,51.6
1836632664_2520959677_0,65.0,63.62,59.74,60.45
1836632664_249588611_0,65.0,62.59,62.23,60.6
1836647438_1836647446_0,65.0,67.83,61.13,59.7
1836647438_21257035_0,65.0,67.87,59.61,58.2
1836647438_21257032_0,65.0,68.39,61.64,58.55
1836647446_12400544935_0,65.0,68.11,60.02,59.95
1836786343_27551170_0,65.0,67.37,61.74,61.13
1837368287_2609516252_0,65.0,69.94,62.43,65.65
1837368287_357257362_0,65.0,70.05,63.01,64.65
1837393009_3354696755_0,65.0,70.79,61.27,62.8
1837393009_1777527800_0,65.0,70.94,58.9,64.35
1837704796_691028776_0,65.0,65.14,66.64,66.8
1837704796_1274759902_0,65.0,72.64,67.77,67.05
1838032214_3376595200_0,60.0,57.41,47.08,46.5
1838032214_724619305_0,60.0,57.58,48.98,49.8
1838032214_1838032216_0,60.0,57.54,46.14,47.1
1838032216_3782481004_0,60.0,56.52,38.59,44.25
1838032216_1838032214_0,60.0,57.54,46.14,47.1
1838905862_1838905865_0,65.0,63.73,60.3,59.98
1838905862_12891852611_0,65.0,65.92,59.57,60.12
1838905862_1383473524_0,60.0,62.92,60.73,60.31
1838905863_308930935_0,65.0,63.48,57.91,57.4
1838905863_10106789189_0,65.0,62.65,58.5,59.5
1838905865_1383473544_0,60.0,60.07,53.57,53.1
1838905865_1838905863_0,60.0,63.08,56.76,58.82
1838905872_578863874_0,65.0,62.66,53.07,55.75
1838905872_12891852435_0,65.0,62.41,54.7,57.0
1838907769_8860239509_0,65.0,63.36,62.75,61.88
1838907769_1383473567_0,60.0,64.98,59.58,61.18
1838927794_1383473524_0,60.0,60.46,56.71,57.25
1838927794_1838927795_0,60.0,60.4,53.94,54.9
1838927795_12891852435_0,65.0,61.08,51.69,55.1
1838927795_1838927794_0,60.0,60.4,53.94,54.9
1839136728_3704673914_0,60.0,66.07,58.44,63.0
1839136728_308843203_0,65.0,66.23,57.54,61.07
1839136730_1839136728_0,60.0,65.39,59.83,58.95
1839136730_251755105_0,65.0,65.41,57.32,57.35
1839136732_1839136735_0,65.0,65.23,59.73,56.55
1839136732_251755105_0,60.0,65.63,58.69,56.8
1839136735_258093212_0,65.0,65.25,60.14,57.05
1839136757_1839136758_0,65.0,71.02,64.88,62.9
1839136758_280981866_0,65.0,69.4,60.27,60.2
1839136759_296624462_0,65.0,66.17,59.99,64.55
1839136759_296625607_0,65.0,66.52,58.61,63.1
1839136762_306374078_0,60.0,65.3,57.73,56.28
1839766229_262372857_0,65.0,72.92,58.49,58.55
1839766229_258326076_0,65.0,71.64,60.48,62.5
1839766229_313367641_0,65.0,72.28,60.93,58.1
1839808458_29749841_0,65.0,66.79,65.59,63.95
1839808458_29749837_0,65.0,67.39,69.96,65.0
1839808458_3114700797_0,65.0,63.13,64.71,62.15
1839844712_249455890_0,65.0,68.71,64.58,59.35
1839920967_1172153858_0,60.0,73.74,58.37,61.55
1839920967_282010388_0,60.0,73.31,58.66,62.5
1839920980_262370257_0,60.0,72.71,54.6,57.2
1839920980_2696621742_0,60.0,75.84,57.64,58.25
1839921007_1839921008_0,60.0,70.7,58.31,58.35
1839921008_2796689994_0,60.0,71.42,60.81,58.6
1839921008_2791241763_0,60.0,70.82,59.74,58.2
1841427335_1841427341_0,65.0,59.2,54.43,55.8
1841427335_251700025_0,65.0,59.87,57.46,60.85
1841427341_1841427335_0,65.0,59.2,54.43,55.8
1841427341_1517888855_0,65.0,59.23,58.41,55.45
1841427341_251699777_0,65.0,59.3,60.67,59.0
1842963938_260020874_0,65.0,66.5,64.42,61.7
1843088178_249163903_0,65.0,61.97,61.78,60.6
1843088178_27738514_0,65.0,63.61,64.44,59.7
1843088178_2820985528_0,65.0,60.82,63.55,58.65
1843088178_2356381078_0,65.0,64.08,68.05,63.35
1843088179_27738514_0,65.0,63.68,61.87,59.5
1846855002_251760162_0,65.0,66.71,61.2,58.95
1846898955_306425827_0,65.0,65.09,61.93,58.75
1846898955_1846898956_0,65.0,64.33,60.95,62.95
1846898956_251564446_0,65.0,66.63,60.28,61.3
1846898956_263049304_0,65.0,66.65,60.03,62.35
1847015806_3387906355_0,60.0,66.39,59.16,61.0
1847015806_3780509460_0,60.0,66.31,54.73,57.4
1847015806_2429370388_0,60.0,66.28,57.26,62.1
1847085552_2023170507_0,65.0,66.13,62.29,64.95
1847085554_8785229189_0,65.0,65.21,63.89,65.32
1847085559_1847085552_0,65.0,66.75,61.9,64.78
1847085571_1847085552_0,65.0,64.16,61.11,59.72
1847085571_1847085559_0,65.0,63.65,61.37,60.65
1847085575_1847085571_0,60.0,63.3,58.19,59.35
1847118772_258390921_0,65.0,66.9,63.3,61.62
1847118772_2941511373_0,65.0,70.45,59.42,62.55
1847293988_365311893_0,65.0,69.66,60.4,60.85
1847293988_271096746_0,65.0,68.64,69.82,62.68
1850143045_2711646163_0,65.0,62.89,63.52,59.25
1850143045_262508432_0,60.0,63.18,59.57,59.28
1850143045_392097328_0,60.0,61.77,57.32,55.12
1850143062_255321920_0,65.0,62.63,63.7,61.6
1850143062_255322436_0,65.0,64.57,63.71,61.05
1850143064_1948113492_0,65.0,64.71,63.57,61.25
1851317223_21555457_0,65.0,71.08,64.45,65.35
1851632821_12802773193_0,60.0,60.55,66.83,58.8
1851632821_1383473527_0,60.0,61.2,62.6,60.01
1851687398_260134330_0,60.0,64.78,60.56,57.5
1851687405_11086017963_0,65.0,70.57,65.15,61.45
1851687405_1851687408_0,60.0,69.03,61.1,61.45
1851687408_90224730_0,60.0,62.48,60.27,59.6
1851687408_1851687410_0,65.0,68.91,64.8,67.0
1851687408_1851687405_0,60.0,69.03,61.1,61.45
1851687410_175969702_0,60.0,63.26,62.62,60.5
1851687410_1851687414_0,65.0,68.31,66.62,66.7
1851687410_1851687408_0,65.0,68.91,64.8,67.0
1851687414_249107247_0,65.0,61.91,62.04,58.9
1851687414_1851687417_0,65.0,68.16,61.34,62.05
1851687414_1851687410_0,65.0,68.31,66.62,66.7
1851687417_1851687414_0,65.0,68.16,61.34,62.05
1851687417_1851687426_0,65.0,69.53,68.61,67.9
1851687426_175971288_0,65.0,65.9,64.54,65.3
1851687426_1930637735_0,65.0,64.28,64.28,64.55
1851687426_1851687417_0,65.0,69.53,68.61,67.9
1851687426_3610646063_0,65.0,68.69,66.74,68.4
1851687435_3610646063_0,65.0,69.12,63.02,62.3
1851687435_1851687443_0,65.0,67.66,64.47,66.5
1851687435_249106108_0,65.0,61.61,59.58,60.8
1851687443_1743206320_0,65.0,65.9,69.86,64.15
1851687443_1851687435_0,65.0,67.66,64.47,66.5
1851687443_9783566263_0,65.0,70.1,70.86,68.2
1855779389_12879736322_0,65.0,57.3,61.51,56.3
1855957347_255322750_0,65.0,65.98,64.66,64.35
1856089832_339922424_0,65.0,60.11,57.14,56.6
1856166052_576276928_0,55.0,59.05,54.29,55.5
1856296884_461975172_0,65.0,66.55,66.99,64.05
1856296904_263050786_0,65.0,72.86,63.31,64.05
1856296904_242937412_0,65.0,68.71,64.37,63.55
1856296929_261283492_0,65.0,65.49,55.62,56.29
1860872118_246100082_0,65.0,63.82,61.47,62.6
1860872118_1473280923_0,65.0,67.48,61.53,62.25
1864652762_282481199_0,65.0,63.35,54.47,57.5
1864652773_1890336284_0,65.0,65.55,54.37,58.35
1864652773_1575660483_0,65.0,63.6,58.19,57.25
1864652782_1864652773_0,65.0,64.09,54.31,57.65
1867418506_1276320625_0,65.0,58.43,55.59,54.65
1869393833_271200044_0,60.0,67.54,54.02,57.8
1869393833_2370504753_0,60.0,67.58,56.87,57.15
1869393835_5451394130_0,60.0,65.68,53.08,54.15
1869393835_267403667_0,60.0,65.85,53.32,56.25
1869393836_2370504754_0,60.0,65.99,57.65,54.95
1869393836_2791241971_0,65.0,65.19,57.19,55.35
1877665483_249660174_0,65.0,70.24,69.44,69.9
1885423982_243910462_0,60.0,73.84,62.59,62.0
1885423987_21226003_0,65.0,78.39,66.95,67.15
1885423987_21226187_0,65.0,77.12,69.07,67.65
1890336267_27551158_0,65.0,65.41,54.56,57.95
1890336267_1864652782_0,65.0,64.04,56.52,58.3
1890336284_1575660483_0,65.0,64.96,53.24,58.25
1890336284_4364183492_0,65.0,65.23,53.83,58.35
1890385235_310575740_0,65.0,62.31,62.64,62.82
1890388670_1585759519_0,65.0,62.62,63.95,66.45
1890388670_289639552_0,65.0,59.41,61.84,65.3
1893394002_315280002_0,60.0,61.05,55.96,59.0
1893394002_250228409_0,60.0,63.91,56.28,62.25
1893394051_1893394060_0,65.0,63.01,52.64,56.25
1893394051_21294863_0,65.0,63.07,58.76,59.65
1893394060_250228529_0,65.0,61.93,56.03,58.85
1893394060_1893394085_0,65.0,63.36,52.56,55.6
1893394075_1893394051_0,65.0,63.94,51.86,56.1
1893394085_1893394156_0,65.0,61.53,54.96,56.15
1893394085_1893394075_0,65.0,63.63,51.45,55.9
1893394156_250228351_0,65.0,61.29,54.2,58.05
1893394156_1893394085_0,65.0,61.54,54.96,56.15
1896734001_306370006_0,65.0,74.23,69.91,70.15
1896734006_839161516_0,65.0,70.36,64.65,67.85
1897278329_747115159_0,60.0,53.98,50.06,54.65
1897278329_747115159_1,60.0,53.52,48.74,54.5
1897278360_955687207_0,65.0,62.1,57.3,57.25
1901273206_1460519079_0,65.0,67.86,58.74,62.15
1906976576_2006277533_0,65.0,78.16,67.5,65.8
1906976576_2866157515_0,65.0,77.39,75.08,68.75
1911373030_27560217_0,65.0,67.57,60.57,58.85
1911373030_21227057_0,65.0,70.97,67.76,67.5
1911373030_245474386_0,65.0,71.42,67.11,67.0
1915632562_9317575316_0,65.0,66.81,65.18,59.4
1915632562_1993813107_0,65.0,72.28,64.1,60.05
1917028139_1917028144_0,55.0,58.92,46.62,52.25
1917028144_1917028139_0,55.0,58.92,46.62,52.25
1917028144_2760928554_0,55.0,58.87,46.66,51.9
1917028144_1467602584_0,55.0,59.1,45.23,51.55
1917727735_2940305635_0,60.0,71.41,58.37,59.1
1917727735_271050316_0,60.0,71.75,56.93,60.7
1917727739_1917727735_0,60.0,71.49,57.77,61.2
1918656845_1918608904_0,65.0,77.44,70.05,70.7
1918722695_1918722715_0,65.0,64.74,64.77,62.58
1918722695_1918722713_0,65.0,62.32,65.23,60.65
1918722708_1918722713_0,60.0,62.91,59.53,62.2
1918722708_286310108_0,60.0,62.95,52.86,57.7
1918722708_487089357_0,60.0,63.36,53.42,57.5
1918722713_1918722695_0,65.0,62.3,65.35,60.65
1918722713_1918722708_0,60.0,62.91,59.53,62.2
1918722715_1918722695_0,65.0,64.74,64.77,62.58
1918722715_5394467259_0,65.0,64.28,67.19,65.0
1918749586_575902273_0,70.0,67.42,67.23,58.9
1919156579_271200040_0,60.0,70.57,58.71,58.0
1919269702_1931360992_0,65.0,68.29,63.21,62.1
1919269702_251288994_0,65.0,67.91,62.02,62.95
1919269702_1584842175_0,65.0,62.52,64.81,63.0
1919269702_680094639_0,65.0,62.56,65.36,63.5
1919738043_12292571959_0,65.0,59.58,58.48,58.95
1919738043_2719035616_0,65.0,57.53,64.66,59.85
1923780409_1923780421_0,60.0,66.96,55.64,57.7
1923780409_1271169152_0,60.0,64.63,60.28,57.8
1923780411_1271169049_0,60.0,66.05,56.0,58.45
1923780411_1923780412_0,60.0,67.11,57.38,58.15
1923780412_1271169112_0,60.0,67.13,57.95,57.8
1923780414_1271169054_0,60.0,64.66,58.62,57.55
1923780414_1923780429_0,60.0,64.66,58.34,57.75
1923780421_1923780411_0,60.0,67.07,57.08,58.1
1923780429_1923780409_0,60.0,64.71,58.02,57.9
1923848116_206144669_0,65.0,72.33,65.66,67.3
1923848116_1143767401_0,65.0,67.01,63.81,67.5
1925411782_1925411783_0,65.0,59.9,55.92,54.85
1925411782_680094639_0,65.0,60.29,58.58,56.1
1925411783_929810814_0,65.0,60.34,59.46,56.65
1925411783_114317181_0,65.0,60.1,61.94,57.0
1929488975_705704772_0,65.0,62.62,58.05,54.7
1930637735_275262958_0,65.0,61.38,60.79,57.9
1930637735_249106488_0,65.0,61.13,59.99,58.5
1930637735_1930637784_0,65.0,63.31,58.92,61.63
1930637735_1851687426_0,65.0,64.28,64.28,64.55
1930637784_234727573_0,65.0,63.51,60.84,62.13
1930637784_1930644455_0,65.0,63.05,58.26,61.48
1930637784_1930637735_0,65.0,63.31,58.92,61.63
1930637784_234727569_0,65.0,62.89,61.18,61.43
1930644455_1930644472_0,65.0,62.23,58.82,58.8
1930644455_1930637784_0,65.0,63.05,58.2,61.48
1930644469_1489660773_0,65.0,64.6,60.75,65.65
1930644469_1930644472_0,65.0,62.2,59.21,62.15
1930644472_1930644455_0,65.0,62.23,58.82,58.8
1930644472_264639180_0,65.0,59.83,57.39,57.9
1930644472_1930644469_0,65.0,62.2,59.21,62.15
1931339581_21227102_0,65.0,75.03,69.62,70.35
1931360992_1919269702_0,65.0,68.29,63.21,62.1
1931360992_1931360999_0,65.0,63.45,62.15,62.1
1931360992_251288994_0,65.0,67.23,62.75,61.75
1931360999_251288802_0,65.0,62.27,64.72,60.4
1931360999_1931361001_0,65.0,62.11,57.53,58.55
1931360999_1931360992_0,65.0,63.45,62.15,62.1
1931361001_1931361003_0,65.0,62.57,57.64,59.25
1931361001_446305769_0,65.0,62.29,62.88,59.35
1931361001_1931360999_0,65.0,62.07,56.94,58.65
1931361003_1931361001_0,65.0,62.57,57.64,59.25
1931361003_1931361009_0,65.0,63.94,63.8,61.9
1931361009_31508872_0,65.0,66.45,61.18,63.2
1931361009_1931890106_0,65.0,65.13,63.4,62.75
1931361009_1931361003_0,65.0,63.95,63.8,61.9
1931890083_4059820337_0,65.0,67.52,62.73,64.15
1931890106_4059820335_0,65.0,66.48,63.01,64.7
1931890106_1931361009_0,65.0,65.13,63.6,62.75
1931981424_234735615_0,65.0,64.27,59.02,59.5
1931981424_1931981425_0,65.0,65.16,60.01,58.25
1931981424_306425822_0,65.0,64.17,62.76,58.75
1931981425_1931981424_0,65.0,65.16,60.01,58.25
1931981425_1953219563_0,65.0,66.37,62.57,61.65
1931981430_263049304_0,65.0,69.65,60.93,59.3
1931981430_2915773313_0,65.0,69.13,60.61,59.65
1931981430_1953219563_0,65.0,68.4,62.32,61.8
1932040076_90563688_0,65.0,71.57,64.77,65.25
1932040076_2918721825_0,65.0,68.63,67.21,66.1
1932059634_319212990_0,55.0,60.44,49.18,53.2
1932059634_308930938_0,55.0,60.31,49.11,54.0
1932059648_308930938_0,60.0,60.4,47.96,54.15
1932059648_308930711_0,60.0,61.03,55.75,54.45
1932059648_1932059634_0,55.0,60.07,48.6,54.35
1932059653_319212990_0,55.0,60.51,53.43,54.8
1932059653_1932059653_0,55.0,59.99,52.52,55.8
1932938405_1656865996_0,65.0,62.41,62.0,61.8
1934442765_29089554_0,65.0,71.47,65.16,65.9
1934442765_253243382_0,65.0,67.03,61.85,63.9
1934442765_2633722456_0,65.0,70.43,64.83,66.55
1935805172_25543887_0,65.0,72.05,59.33,61.0
1935805172_534883878_0,60.0,69.06,62.01,62.1
1935805172_364798849_0,65.0,66.48,61.75,60.1
1935805172_1935805174_0,65.0,70.34,58.27,62.2
1935805174_1935805181_0,65.0,69.46,58.77,60.1
1935805181_611608893_0,60.0,67.41,58.87,59.4
1935805181_364798077_0,65.0,66.73,64.35,58.7
1935805181_1935805174_0,65.0,69.46,58.77,60.1
1935805181_1477713077_0,65.0,70.14,61.11,59.9
1935805220_3752130638_0,65.0,67.8,61.87,58.3
1935805220_2501735028_0,65.0,71.01,58.92,59.7
1935805220_1477713077_0,65.0,70.5,55.56,59.55
1935805244_2501735041_0,65.0,75.84,63.47,65.95
1935805244_1935805246_0,65.0,77.82,66.2,66.3
1935805244_27552306_0,65.0,75.34,63.55,68.5
1935805246_1935805244_0,65.0,77.82,66.2,66.3
1935805246_1935805249_0,65.0,73.97,67.15,67.55
1935805246_10683652436_0,65.0,75.44,65.76,69.35
1935805249_1477716477_0,65.0,71.57,61.63,59.65
1935805249_1935805246_0,65.0,73.97,67.15,67.55
1935805291_1477716477_0,65.0,71.41,61.12,63.25
1935805291_1935805296_0,65.0,75.72,61.1,63.1
1935805296_1935805300_0,65.0,74.71,63.68,63.95
1935805296_1935805291_0,65.0,75.72,61.1,63.1
1935805300_309788550_0,65.0,68.71,62.67,62.9
1935805300_1935805296_0,65.0,74.72,63.68,63.95
1935805300_1935805303_0,65.0,73.34,61.87,63.35
1935805303_29137444_0,65.0,70.67,62.22,62.55
1935805303_262505038_0,65.0,70.66,60.17,64.8
1935805303_8279985592_0,65.0,71.15,62.56,61.05
1935805303_1935805300_0,65.0,73.34,61.87,63.35
1935805313_8279985592_0,65.0,70.98,63.23,60.4
1935805313_3054612839_0,65.0,70.43,62.9,59.35
1935856938_1935856943_0,65.0,72.68,62.43,60.95
1935856938_3478862638_0,65.0,74.64,66.04,64.05
1935856943_21298439_0,65.0,72.21,58.46,60.65
1935856943_1935856938_0,65.0,72.68,62.43,60.95
1935856943_1935856946_0,65.0,73.34,63.79,63.15
1935856946_1935856943_0,65.0,73.34,63.79,63.15
1935856946_1935856947_0,65.0,71.33,60.6,60.6
1935856946_260018543_0,65.0,72.52,60.82,61.5
1935856947_260018606_0,65.0,67.96,60.61,62.1
1935856947_260018603_0,65.0,67.66,60.73,62.15
1935856947_1935856946_0,65.0,71.33,60.6,60.6
1935856947_1935856949_0,65.0,69.79,56.74,60.0
1935856949_29765447_0,65.0,67.09,60.42,62.75
1935856949_1935856947_0,65.0,69.79,56.74,60.0
1935856949_1935856950_0,65.0,69.36,56.96,63.85
1935856950_260018956_0,65.0,67.11,61.48,62.9
1935856950_1935856951_0,65.0,68.89,60.27,64.05
1935856950_1935856949_0,65.0,69.36,56.96,63.85
1935856951_259985828_0,65.0,66.81,60.55,63.0
1935856951_302100762_0,65.0,67.94,60.71,63.5
1935856951_2042971295_0,65.0,70.53,59.17,64.9
1935856951_1935856950_0,65.0,68.89,60.27,64.05
1935868526_264673510_0,65.0,58.2,62.41,59.64
1935868526_1935868529_0,65.0,58.39,60.03,59.11
1935868529_1483672533_0,65.0,58.39,63.21,58.25
1935868529_1935868526_0,65.0,58.39,60.03,59.11
1935884063_256463925_0,65.0,61.52,58.11,58.7
1935893981_2933870244_0,65.0,77.36,65.77,63.75
1935893981_251563428_0,65.0,73.78,66.47,63.25
1935893981_2918645493_0,65.0,71.13,66.03,60.65
1935893983_242939068_0,65.0,66.71,66.08,62.2
1935893983_1958759118_0,65.0,68.23,62.19,60.65
1935893983_2918645493_0,65.0,68.9,61.48,61.1
1935893986_2915773313_0,65.0,67.23,61.45,62.65
1935893986_242939071_0,65.0,64.84,62.7,62.5
1935893986_1958759118_0,65.0,67.67,61.73,60.1
1937726697_95766235_0,65.0,67.49,63.11,61.45
1937808721_344806228_0,65.0,68.17,63.14,63.05
1937808721_582644935_0,65.0,66.22,60.11,58.2
1937808721_1937808726_0,65.0,65.49,59.21,59.15
1937808726_1937808730_0,65.0,65.98,67.3,64.05
1937808726_1937808721_0,65.0,65.49,59.21,59.05
1937808726_95759941_0,65.0,63.73,59.01,57.25
1937808730_1937808732_0,65.0,74.05,66.29,68.8
1937808730_1937808726_0,65.0,65.98,67.3,64.05
1937808730_95759944_0,65.0,70.17,66.31,67.2
1937808732_1937808730_0,65.0,74.05,66.29,68.8
1937808732_2987656912_0,65.0,72.28,65.58,68.1
1937808732_1937808735_0,60.0,64.8,64.98,64.95
1937808735_256227378_0,65.0,62.14,55.24,56.6
1937808735_1937808732_0,60.0,64.8,64.98,64.95
1937808735_256068737_0,65.0,63.85,60.51,57.03
1937808751_256068737_0,65.0,65.53,62.76,56.57
1937808751_1937808756_0,65.0,62.18,60.24,57.02
1937808751_256036690_0,65.0,65.06,60.44,56.15
1937808756_8871204319_0,65.0,61.0,57.82,60.0
1937808756_1937808751_0,65.0,62.18,60.24,57.02
1937808757_1937808758_0,60.0,60.54,60.19,57.2
1937808757_256037446_0,60.0,60.02,55.6,56.55
1937808757_8871204319_0,65.0,60.92,54.57,57.2
1937808758_1937808757_0,60.0,60.54,60.19,57.2
1937808758_256216288_0,60.0,61.02,60.2,62.4
1937808758_256036218_0,60.0,61.94,60.51,59.8
1938093353_2719343197_0,60.0,68.34,60.02,61.05
1938093353_1483686493_0,65.0,67.79,60.29,60.5
1938093358_3911377950_0,65.0,69.37,58.62,62.7
1938093358_2719343197_0,60.0,67.75,61.1,64.7
1938093365_3883255876_0,65.0,63.98,61.22,59.0
1938093365_1938093366_0,65.0,64.7,63.27,60.25
1938093365_10094871930_0,65.0,65.02,64.13,63.65
1938093366_306426502_0,60.0,63.57,64.66,60.1
1938093366_1938093365_0,65.0,64.7,63.27,60.25
1938093366_1938093368_0,65.0,65.66,62.66,62.9
1938093368_31013216_0,60.0,64.63,61.14,63.0
1938093368_2778465388_0,65.0,65.52,62.3,64.3
1938093368_1938093370_0,65.0,65.62,63.88,62.15
1938093369_2667777548_0,60.0,66.47,59.17,63.0
1938093369_9514363776_0,60.0,67.61,55.41,59.8
1938093369_2719343202_0,60.0,66.92,56.46,65.15
1938093370_252237084_0,65.0,64.91,62.98,62.85
1938093370_1938093368_0,65.0,65.62,63.88,62.15
1938093370_1938093374_0,65.0,67.72,64.81,64.0
1938093370_1839136757_0,65.0,66.2,64.41,63.9
1938093374_1938093378_0,65.0,71.2,65.68,64.7
1938093374_3911250732_0,65.0,70.45,63.9,64.4
1938093378_232852901_0,65.0,70.81,65.21,64.5
1938093378_1938093374_0,65.0,71.2,65.68,64.7
1938093378_4526747657_0,65.0,71.37,63.6,65.2
1938093378_3911250732_0,65.0,70.63,64.96,64.35
1938093378_25543916_0,65.0,72.85,64.61,64.4
1938126686_250828633_0,60.0,67.57,58.9,62.2
1938126686_25543880_0,60.0,71.43,60.97,63.3
1938126686_2698680776_0,60.0,68.36,60.5,63.25
1938126705_2044871319_0,65.0,65.83,60.07,55.65
1938126705_25543872_0,60.0,64.69,58.8,56.8
1938126705_442569595_0,60.0,67.08,63.28,58.6
1938126705_250828633_0,60.0,67.13,60.49,58.9
1938126711_1938126719_0,65.0,68.52,57.18,64.2
1938126711_1938126713_0,65.0,67.16,59.6,64.2
1938126711_250830594_0,65.0,67.14,62.41,62.75
1938126711_250825666_0,65.0,67.11,58.66,62.8
1938126713_1938126715_0,60.0,67.95,63.04,58.9
1938126713_1938126711_0,65.0,67.16,59.6,64.2
1938126715_1938126713_0,60.0,67.95,63.04,58.9
1938126715_1938126720_0,60.0,64.62,59.09,58.95
1938126718_250827719_0,65.0,64.19,53.98,57.85
1938126718_250831241_0,65.0,67.91,57.14,57.6
1938126718_1938126719_0,65.0,68.27,61.32,59.0
1938126718_442569595_0,65.0,66.16,58.79,58.8
1938126719_1938126718_0,65.0,68.27,61.32,59.0
1938126719_1938126711_0,65.0,68.44,59.27,64.25
1938126720_1938126721_0,65.0,63.46,57.17,55.15
1938126720_1938126715_0,60.0,64.62,59.09,58.95
1938126721_2134635301_0,65.0,62.97,59.69,57.65
1938126721_1938126723_0,65.0,63.41,60.4,61.3
1938126721_1938126720_0,65.0,63.46,57.17,55.15
1938126723_1483706516_0,65.0,63.12,61.16,60.9
1938126723_1938126721_0,65.0,63.4,60.4,61.35
1938126723_283859847_0,65.0,61.98,58.14,58.57
1938126723_2610493558_0,65.0,63.32,57.66,60.57
1938165328_241474448_0,60.0,66.95,63.36,65.7
1938165328_1938165331_0,60.0,67.53,61.29,63.7
1938165331_1938165333_0,65.0,68.29,63.15,63.95
1938165331_1938165328_0,60.0,67.5,61.88,63.7
1938165333_1938165331_0,65.0,68.29,63.15,63.95
1938165333_1938165334_0,60.0,68.88,62.03,65.8
1938165334_31509003_0,65.0,71.5,59.45,64.6
1938165334_1938165333_0,65.0,68.84,61.56,66.05
1938444201_258937003_0,65.0,67.83,57.91,62.6
1938444201_2818603483_0,65.0,70.42,61.6,64.15
1938444201_1942775855_0,65.0,68.13,61.79,61.25
1938444209_258937003_0,65.0,73.01,59.13,60.85
1938444209_2818603483_0,65.0,75.21,59.82,60.05
1938444221_299014169_0,65.0,72.38,63.6,63.5
1938444221_1938444223_0,65.0,71.11,60.79,63.8
1938444223_590969003_0,60.0,68.84,60.4,60.4
1938444223_270254966_0,65.0,67.46,57.43,57.8
1938444223_1938444221_0,65.0,71.11,60.79,63.8
1938444223_1938444224_0,60.0,68.5,63.44,60.65
1938444224_1938444227_0,65.0,69.08,62.77,61.1
1938444224_1938444223_0,60.0,68.5,63.44,60.65
1938444224_21298337_0,65.0,67.55,58.91,59.8
1938444227_268616478_0,65.0,70.9,63.21,64.35
1938444227_21555669_0,65.0,72.69,63.46,63.6
1938444227_2696103832_0,65.0,71.46,62.66,63.05
1938444227_2696103832_1,65.0,71.29,62.89,63.45
1938444227_1938444224_0,65.0,69.08,62.77,61.1
1939485350_1939485364_0,65.0,68.09,55.2,63.5
1939485352_2888123083_0,65.0,65.8,60.1,61.25
1939485352_1939485354_0,60.0,68.63,61.85,62.1
1939485354_10094775642_0,65.0,67.57,63.33,62.95
1939485354_283050541_0,60.0,64.76,59.75,60.9
1939485364_3521852594_0,65.0,69.94,58.6,63.35
1939485364_2609470172_0,65.0,68.22,59.72,63.65
1939485364_2888123083_0,65.0,67.73,63.11,63.4
1941134536_966264635_0,65.0,65.89,59.59,61.05
1941134536_269347359_0,60.0,65.18,59.77,60.92
1941134536_13036801531_0,65.0,66.15,64.96,61.55
1941134536_3893024168_0,60.0,64.97,66.91,62.55
1941134539_269351299_0,65.0,70.48,66.06,67.7
1941134539_1941134540_0,65.0,68.55,67.22,65.95
1941134539_3893024168_0,65.0,66.22,67.57,65.55
1941134540_3893024176_0,60.0,65.84,64.51,65.75
1941134540_250228773_0,65.0,70.23,66.09,67.5
1941134540_1941134539_0,65.0,68.55,67.22,65.95
1941134541_250228802_0,65.0,62.84,61.93,60.1
1941134541_3893024176_0,65.0,64.32,60.61,61.6
1941134541_1941134542_0,65.0,63.23,59.25,61.2
1941134542_3896509615_0,60.0,63.01,56.55,59.7
1941134542_1941134541_0,65.0,63.23,59.25,61.2
1941134546_315283513_0,65.0,60.91,57.8,60.0
1941134546_3896509618_0,65.0,61.83,55.48,59.9
1941134546_309672308_0,65.0,62.33,57.5,60.65
1941210489_1502807853_0,65.0,73.2,55.34,61.15
1941210489_232890306_0,65.0,71.15,60.18,60.05
1941210489_1502802058_0,65.0,73.67,58.36,58.45
1941210508_1502816340_0,65.0,72.99,60.29,61.1
1941210508_2818603480_0,65.0,74.32,59.66,61.1
1942775855_1942775864_0,65.0,69.72,59.03,58.35
1942775855_1938444201_0,65.0,68.13,61.79,61.25
1942775855_3163047205_0,65.0,68.32,61.31,60.95
1942775864_1942775855_0,65.0,69.72,59.03,58.35
1942775864_1502802058_0,65.0,72.7,56.35,58.3
1942795207_1942874498_0,65.0,74.13,66.23,64.35
1942795207_1758966179_0,65.0,71.09,62.65,61.05
1942795207_1309646096_0,65.0,74.43,65.07,63.75
1942795213_1942795214_0,65.0,70.34,61.92,60.2
1942795213_1942874498_0,65.0,71.59,66.34,61.4
1942795213_560862695_0,65.0,66.93,62.67,62.95
1942795214_1942795215_0,65.0,69.66,63.65,59.75
1942795214_1942795213_0,65.0,70.34,61.92,60.2
1942795215_1942795214_0,65.0,69.66,63.65,59.75
1942795215_1942795216_0,65.0,70.06,64.64,60.45
1942795216_1942795230_0,65.0,68.55,64.49,61.05
1942795216_1942795215_0,65.0,70.06,64.64,60.45
1942795216_21663213_0,65.0,72.25,62.88,59.95
1942795230_1942795236_0,65.0,70.07,65.28,62.1
1942795230_1942795216_0,65.0,68.55,64.49,61.05
1942795236_1942795230_0,65.0,70.07,65.28,62.1
1942841530_205694967_0,65.0,65.99,66.11,61.45
1942841530_1942841565_0,65.0,68.04,62.46,60.85
1942841530_3610870225_0,65.0,67.88,59.54,60.0
1942841533_1942841536_0,65.0,73.8,65.54,65.15
1942841533_262524964_0,65.0,67.86,64.11,63.11
1942841533_1942841543_0,65.0,70.53,63.66,63.8
1942841534_3610870225_0,65.0,67.9,62.42,64.15
1942841534_1974252395_0,65.0,71.07,64.41,64.7
1942841536_1942841533_0,65.0,73.8,65.54,65.15
1942841536_259982243_0,65.0,66.81,64.11,62.6
1942841536_2902864067_0,65.0,71.14,63.94,64.45
1942841543_2902864068_0,65.0,68.22,61.22,61.25
1942841543_1942841533_0,65.0,70.4,63.87,63.8
1942841547_258036316_0,65.0,68.9,65.45,63.45
1942841547_1942841566_0,60.0,69.22,63.72,64.7
1942841547_262524938_0,60.0,67.32,63.38,63.7
1942841547_2902864068_0,65.0,69.81,64.21,65.25
1942841565_2762613392_0,65.0,70.6,63.63,64.05
1942841565_205694963_0,65.0,66.91,62.73,62.15
1942841565_1942841530_0,65.0,68.04,62.46,60.85
1942841566_1942841547_0,60.0,69.23,63.61,64.7
1942841566_1942841547_1,60.0,67.56,63.5,64.05
1942841566_1942841568_0,65.0,68.81,63.89,61.7
1942841568_1309646096_0,65.0,70.76,65.95,61.95
1942841568_1942841566_0,65.0,68.81,63.89,61.7
1942841568_1758966179_0,60.0,72.42,64.22,62.75
1942874498_597470895_0,65.0,72.4,67.7,61.9
1942874498_1942795207_0,65.0,74.13,66.23,64.35
1942874498_1942874504_0,65.0,76.14,65.54,65.45
1942874498_1942795213_0,65.0,71.58,65.78,61.4
1942874504_1942874498_0,65.0,76.14,65.54,65.45
1942874504_1942874506_0,65.0,73.81,65.78,65.25
1942874506_1309646100_0,65.0,71.87,63.2,63.15
1942874506_1942874507_0,65.0,73.06,65.81,63.6
1942874506_1942874504_0,65.0,73.81,65.78,65.25
1942874507_1942874508_0,65.0,71.47,66.11,64.25
1942874507_560862697_0,65.0,72.02,66.42,61.8
1942874507_1942874506_0,65.0,73.06,65.81,63.6
1942874508_1942874507_0,65.0,71.47,66.11,64.25
1942874508_271355894_0,65.0,67.91,60.81,62.15
1942874510_1942874508_0,65.0,70.12,62.56,61.8
1942874510_29749466_0,60.0,65.69,65.96,61.1
1942874511_1942874510_0,60.0,69.39,58.22,61.75
1942874511_1942874513_0,60.0,68.84,59.05,65.5
1942874513_1766730000_0,60.0,67.76,60.62,65.15
1942874513_1942874511_0,60.0,68.84,59.05,65.5
1942874517_1942874513_0,60.0,68.23,58.51,64.6
1942874518_29797380_0,60.0,66.04,59.19,62.95
1942874518_1942874517_0,65.0,68.72,60.1,64.2
1942874519_1942874518_0,65.0,70.82,59.87,61.3
1942874519_4445587211_0,60.0,67.64,60.03,64.0
1942874522_2569732556_0,60.0,65.31,60.62,61.59
1942874522_1942874524_0,60.0,68.3,59.81,63.1
1942874522_1942874519_0,65.0,68.89,61.66,63.25
1942874524_21226083_0,60.0,64.25,63.57,61.95
1942874524_1942874522_0,60.0,68.3,59.81,63.1
1942874527_1942874524_0,60.0,66.9,60.67,62.45
1942874527_1942874538_0,60.0,64.45,62.97,62.95
1942874538_1942874539_0,65.0,63.86,60.88,60.1
1942874538_1942874527_0,60.0,64.45,62.97,62.85
1942874539_1942874538_0,65.0,63.86,60.88,60.1
1942874539_1942874545_0,65.0,63.16,63.39,60.45
1942874545_2072182670_0,65.0,62.7,64.7,60.55
1942874545_540790325_0,65.0,62.35,63.02,59.2
1942874545_1942874539_0,65.0,63.16,63.39,60.45
1942874545_1942874549_0,65.0,64.54,66.19,63.5
1942874549_1942874551_0,65.0,65.59,63.01,62.3
1942874549_1942874545_0,65.0,64.54,66.19,63.5
1942874549_304665158_0,65.0,64.0,63.67,62.15
1942874551_1942874549_0,65.0,65.59,63.01,62.3
1942874551_3832199525_0,65.0,68.1,63.28,63.8
1942907893_2925717078_0,60.0,71.92,66.48,64.47
1942907893_1942907903_0,60.0,67.67,63.37,64.3
1942907903_1942907906_0,60.0,66.71,59.95,56.5
1942907903_1942907893_0,60.0,67.67,63.37,64.3
1942907903_2925717088_0,60.0,63.76,62.88,57.35
1942907906_1942907903_0,60.0,66.71,59.95,56.5
1942907906_2925717088_0,60.0,65.4,64.24,60.1
1942907906_1942907893_0,60.0,65.6,62.99,62.08
1942908019_28848580_0,65.0,62.49,63.36,57.95
1942908019_1942908030_0,65.0,63.94,63.83,60.4
1942908019_2925717088_0,65.0,65.5,64.4,60.6
1942908030_1942908061_0,65.0,64.57,64.61,64.35
1942908030_1942908019_0,65.0,63.94,63.83,60.4
1942908061_1942908030_0,65.0,64.59,64.61,64.25
1942908061_2072182670_0,65.0,66.23,66.09,63.85
1942908061_10978616009_0,65.0,64.69,65.66,62.25
1942944005_1974252528_0,60.0,70.11,58.46,64.35
1942944005_2925717078_0,60.0,68.74,63.76,65.05
1942944013_1942944015_0,60.0,62.6,59.88,59.0
1942944013_27552406_0,60.0,61.9,58.02,58.55
1942944015_1942944046_0,60.0,62.33,58.37,59.35
1942944046_29797374_0,65.0,62.49,57.72,58.4
1942944046_1942944065_0,60.0,63.03,59.06,59.9
1942944065_27552404_0,60.0,62.14,57.8,57.65
1942944065_29797373_0,60.0,64.66,59.93,63.5
1942968938_1942968943_0,65.0,64.37,57.32,60.48
1942968938_1943114087_0,60.0,67.05,65.1,61.5
1942968938_306418321_0,60.0,64.59,61.13,61.5
1942968943_1942968938_0,65.0,64.37,57.32,60.48
1942968943_306418323_0,60.0,62.41,54.62,56.75
1942968943_1942968946_0,65.0,63.16,58.19,60.1
1942968946_306418323_0,60.0,63.26,59.52,59.8
1942968946_255321075_0,60.0,62.98,58.96,59.95
1942968946_1942968943_0,65.0,63.16,58.19,60.1
1942968946_1942968948_0,60.0,63.19,57.54,59.45
1942968948_1942968951_0,60.0,63.33,60.91,59.95
1942968948_560877195_0,60.0,62.27,59.92,56.75
1942968948_1942968946_0,60.0,63.19,57.54,59.45
1942968951_1942968948_0,60.0,63.33,60.91,59.95
1942968951_520374199_0,60.0,63.36,60.22,59.95
1942968951_1942968966_0,65.0,65.25,64.55,63.4
1942968966_9360625697_0,65.0,68.72,64.99,64.15
1942968966_520374093_0,65.0,68.72,66.58,65.0
1942968966_1942968951_0,65.0,65.26,65.52,63.4
1943114012_102228939_0,65.0,64.71,58.39,57.35
1943114012_1943114017_0,65.0,63.89,57.95,58.0
1943114017_258890911_0,65.0,63.71,57.33,56.85
1943114017_1943114012_0,65.0,63.89,57.95,58.0
1943114017_1943114032_0,65.0,65.51,64.41,59.72
1943114032_1480189772_0,60.0,71.65,65.67,63.8
1943114032_1943114017_0,65.0,65.48,64.63,59.68
1943114041_1523280073_0,60.0,67.07,59.75,59.85
1943114041_2924746208_0,60.0,66.57,56.01,56.7
1943114060_2707357730_0,65.0,67.07,55.73,55.65
1943114085_1943114087_0,60.0,64.4,61.62,61.18
1943114085_1480169044_0,60.0,62.98,58.54,60.15
1943114087_1943114085_0,60.0,64.4,61.62,61.18
1943114087_1942968938_0,60.0,67.05,65.1,61.5
1943114087_2700537615_0,60.0,63.93,63.49,61.2
1943151424_2690418412_0,60.0,68.23,59.53,59.35
1943151424_1478974800_0,60.0,68.26,60.42,61.6
1943151433_2571144383_0,65.0,75.98,65.37,68.65
1943151433_2690418425_0,65.0,68.37,66.7,66.5
1943160340_392095359_0,60.0,63.34,61.71,58.95
1943160340_2739602437_0,55.0,62.6,58.65,58.65
1943160340_2739555436_0,60.0,65.81,56.14,60.95
1943160340_1943160345_0,60.0,66.5,59.45,59.85
1943160345_1943160340_0,60.0,66.5,59.45,59.85
1943160345_1943160349_0,65.0,66.9,59.75,58.65
1943160345_964081045_0,60.0,65.07,62.31,58.45
1943160349_1943160345_0,65.0,66.9,59.75,58.65
1943160349_306997531_0,60.0,63.97,60.22,59.25
1943160349_1943160350_0,60.0,67.06,60.8,58.9
1943160350_306997508_0,60.0,64.85,58.67,57.25
1943160350_1943160349_0,60.0,67.06,60.8,58.9
1943160350_1943160351_0,65.0,67.61,59.82,59.75
1943160351_534880067_0,60.0,65.24,63.97,59.15
1943160351_1943160350_0,65.0,67.61,59.82,59.75
1943160351_2779896871_0,65.0,67.92,61.39,60.35
1944100728_334398003_0,65.0,74.45,62.85,62.0
1944100728_3780459584_0,65.0,72.49,59.44,61.95
1944100728_1944100732_0,65.0,73.34,63.49,63.1
1944100728_251616910_0,65.0,73.59,61.47,60.1
1944100732_3780507119_0,70.0,72.2,60.93,58.5
1944100732_1944100728_0,65.0,73.34,63.49,63.1
1944100739_330441777_0,65.0,69.36,56.81,61.7
1944100739_1245605379_0,70.0,69.45,60.03,58.6
1944100739_10317001818_0,70.0,72.13,61.82,62.5
1944100739_3780507119_0,70.0,71.76,60.84,58.45
1944445253_1944445255_0,60.0,61.0,54.99,51.9
1944445255_275651925_0,60.0,63.21,58.67,52.7
1944445255_3204505440_0,60.0,63.24,57.23,54.75
1944445255_1944445253_0,60.0,61.0,54.99,51.9
1944647019_1944647023_0,65.0,72.25,61.95,65.25
1944647019_1559815654_0,65.0,69.69,63.03,63.15
1944647019_344814473_0,65.0,72.11,63.69,65.4
1944647023_1944647024_0,65.0,73.57,61.92,65.45
1944647023_1944647019_0,65.0,72.25,61.95,65.25
1944647024_1944647023_0,65.0,73.57,61.92,65.45
1944647024_1944647027_0,65.0,69.12,63.23,61.45
1944647027_255507980_0,65.0,64.15,62.13,59.4
1944647027_1944647024_0,65.0,69.12,63.23,61.45
1944647027_1944647030_0,65.0,67.91,63.13,62.55
1944647030_1944647027_0,65.0,67.91,63.13,62.55
1944647030_255497133_0,65.0,65.28,60.99,60.45
1944647030_1944647032_0,65.0,67.31,63.12,61.0
1944647032_256037860_0,65.0,63.16,57.45,57.85
1944647032_1944647034_0,65.0,66.25,60.53,61.2
1944647032_1944647030_0,65.0,67.31,63.12,61.0
1944647034_1944647036_0,60.0,66.1,60.63,60.65
1944647034_1944647032_0,65.0,66.25,60.53,61.2
1944647036_1944647034_0,60.0,66.1,60.63,60.65
1944647036_256034425_0,60.0,63.36,60.7,59.95
1944647036_1944647039_0,60.0,66.86,61.37,59.8
1944647039_256034420_0,60.0,63.55,59.69,57.95
1944647039_401350929_0,60.0,65.05,61.85,58.0
1944647039_1944647041_0,60.0,66.71,60.95,60.0
1944647039_1944647036_0,60.0,66.86,61.37,59.8
1944647041_1944647044_0,65.0,66.07,61.55,62.75
1944647041_1944647039_0,60.0,66.71,60.95,60.0
1944647044_1944647041_0,65.0,66.07,61.55,62.75
1944647044_2815625106_0,65.0,69.81,63.38,63.15
1944647049_1481361766_0,65.0,68.2,61.39,64.32
1944647049_1944647050_0,60.0,66.38,59.33,62.65
1944647050_256039109_0,65.0,63.65,61.21,59.65
1944647050_1944647052_0,65.0,66.56,60.47,62.98
1944647050_1944647049_0,60.0,66.38,59.33,62.65
1944647052_2879455570_0,65.0,70.2,60.24,64.15
1944647052_1944647053_0,65.0,67.65,61.82,64.75
1944647052_1944647050_0,65.0,66.56,60.47,62.98
1944647053_1944647052_0,65.0,67.64,61.82,64.7
1944647053_1944647056_0,65.0,66.23,60.08,57.9
1944647053_2879455570_0,65.0,69.95,62.48,63.85
1944647056_705722216_0,65.0,65.85,56.94,55.25
1944647056_1481366391_0,65.0,63.82,53.75,56.35
1944647056_1944647053_0,65.0,66.23,60.08,57.9
1944651134_1481358416_0,60.0,65.28,57.69,59.3
1944651134_256032840_0,65.0,63.41,58.17,58.35
1944651134_256039873_0,65.0,64.01,55.96,58.5
1946725803_27738514_0,65.0,63.09,64.29,57.9
1946779121_6411055919_0,65.0,68.75,59.78,62.65
1946779121_10094775642_0,65.0,68.3,59.51,62.85
1946779121_1946779122_0,65.0,70.15,58.43,62.4
1946779122_283050541_0,65.0,64.67,62.66,61.25
1946779122_1946779128_0,65.0,66.67,60.14,62.2
1946779122_1946779121_0,65.0,70.15,58.43,62.4
1946779128_308841202_0,65.0,69.91,62.05,63.25
1946779128_1946779122_0,65.0,66.67,60.14,62.4
1946779131_2888123085_0,60.0,66.76,56.47,62.25
1946779131_3073232882_0,60.0,64.71,60.53,62.65
1946779132_1946779128_0,65.0,68.19,61.0,61.95
1946779132_1479259661_0,65.0,65.63,61.85,62.6
1946779132_21226533_0,60.0,67.28,58.61,63.35
1947535996_1917727739_0,65.0,73.96,60.84,61.0
1947907209_9982011284_0,65.0,72.59,61.97,62.4
1947907209_1947907211_0,65.0,74.72,61.77,62.8
1947907209_2784803196_0,65.0,76.86,61.68,65.2
1947907211_1947907209_0,65.0,74.72,61.77,62.8
1947907211_1280231418_0,60.0,71.7,64.48,61.95
1947907211_1947907212_0,60.0,74.06,62.33,62.85
1947907212_2798072023_0,60.0,75.65,63.1,60.35
1947907212_2798072023_1,65.0,75.49,63.88,60.2
1947907212_1947907211_0,60.0,74.06,62.33,62.85
1947907220_2784839394_0,60.0,74.23,62.4,62.0
1947907220_4885413422_0,60.0,72.87,63.13,62.2
1947907237_1947907242_0,60.0,72.85,62.23,65.2
1947907237_21257042_0,60.0,69.09,61.87,62.7
1947907237_4885413495_0,60.0,71.72,62.92,64.0
1947907242_1947907237_0,60.0,72.85,62.23,65.2
1947907242_2817507678_0,60.0,75.24,62.76,63.95
1948088631_8749138180_0,65.0,69.5,59.8,58.65
1948088631_31331712_0,65.0,68.24,59.06,60.15
1948088639_1948088642_0,65.0,67.43,57.79,60.05
1948088639_1481418728_0,65.0,68.84,61.33,63.7
1948088642_1948088639_0,65.0,67.43,57.79,60.05
1948088642_1948088648_0,65.0,66.24,63.03,62.58
1948088648_1948088661_0,65.0,67.55,62.39,63.48
1948088648_1948088642_0,65.0,66.24,63.03,62.58
1948088661_1948088667_0,65.0,69.54,58.82,59.25
1948088661_1948088648_0,65.0,67.56,62.39,63.48
1948088667_387678321_0,65.0,62.66,65.93,57.7
1948088667_1948088671_0,65.0,69.98,57.7,59.5
1948088667_1948088661_0,65.0,69.51,57.69,59.35
1948088671_1948088667_0,65.0,69.96,57.7,59.5
1948088671_1948088675_0,65.0,67.54,58.69,59.95
1948088675_1805334246_0,65.0,67.56,65.95,61.72
1948088675_1948088671_0,65.0,67.54,58.69,59.95
1948113492_1850143062_0,65.0,64.69,64.12,61.45
1948113492_1974252499_0,65.0,65.19,64.16,60.5
1951340745_1951340750_0,65.0,70.29,66.69,62.75
1951340748_31367745_0,65.0,73.42,67.13,67.05
1951340750_78427963_0,65.0,67.69,71.76,67.1
1952336362_248226724_0,65.0,58.59,56.93,57.3
1952336362_539628558_0,65.0,58.37,56.44,56.7
1952336365_31274846_0,65.0,58.15,60.31,57.05
1952336365_539628642_0,65.0,58.26,58.95,57.05
1953219563_1931981425_0,65.0,66.37,62.57,61.65
1953219563_1931981430_0,65.0,68.4,62.32,61.8
1954610139_3775435307_0,60.0,59.95,51.33,56.35
1954610139_1369211763_0,60.0,59.85,50.48,55.6
1956589481_1956589510_0,60.0,61.93,56.72,53.3
1956589481_33197632_0,60.0,62.94,54.79,57.45
1956589483_1956589481_0,60.0,62.12,55.57,55.3
1956589510_1956589513_0,60.0,62.08,55.87,53.2
1956589510_446294233_0,60.0,62.16,56.8,53.7
1956589513_446294232_0,60.0,62.14,54.57,54.05
1956589513_1956589483_0,60.0,61.82,56.52,53.25
1956754701_338839149_0,65.0,65.58,66.89,63.95
1956759867_338839144_0,70.0,64.65,73.7,65.15
1958759118_306426484_0,65.0,66.42,63.57,60.9
1958759118_1935893983_0,65.0,68.23,62.19,60.65
1958759118_1935893986_0,65.0,67.67,61.73,60.1
1958759126_3610812232_0,65.0,62.58,64.01,62.95
1958759126_1474088227_0,65.0,62.26,64.97,62.85
1958759126_11022929817_0,65.0,65.09,61.35,63.15
1968218711_1968224628_0,60.0,62.25,53.85,54.25
1968224628_306997518_0,60.0,62.49,55.57,55.85
1968224628_1968218711_0,60.0,62.25,53.85,54.25
1968224628_262506084_0,60.0,61.95,55.05,54.1
1969756011_1097841727_0,65.0,58.8,56.42,58.55
1973583723_293789169_0,65.0,70.38,57.75,59.85
1973583739_1973583795_0,65.0,67.26,59.22,57.75
1973583750_1973583739_0,65.0,67.66,59.67,57.2
1973583750_102220650_0,65.0,68.06,57.17,57.05
1973583757_1482959494_0,70.0,72.14,61.09,56.9
1973583757_2701250497_0,70.0,72.83,57.77,56.2
1973583768_2943418555_0,65.0,67.81,60.34,56.85
1973583777_1973583750_0,65.0,68.08,57.1,56.7
1973583777_1973583739_0,65.0,67.87,61.46,56.9
1973583795_2473273973_0,65.0,65.6,59.36,57.6
1973583795_1973583721_0,65.0,67.23,59.35,57.8
1973597201_2701176577_0,65.0,65.96,52.51,56.0
1973597201_428296356_0,65.0,65.26,59.33,56.62
1973604210_1973604213_0,65.0,66.75,53.34,53.05
1973604213_1973604210_0,65.0,66.75,53.34,53.05
1973604213_251618328_0,70.0,67.22,55.3,54.3
1974252395_1942841534_0,65.0,71.21,64.39,64.6
1974252395_6542105541_0,65.0,74.6,65.33,66.7
1974252395_2902864067_0,65.0,69.31,62.64,65.0
1974252395_1974287316_0,65.0,74.05,65.3,65.5
1974252411_1974252435_0,65.0,72.54,69.47,65.05
1974252411_6542105541_0,65.0,71.17,63.01,65.8
1974252411_6542105541_1,65.0,71.06,63.3,65.55
1974252435_1974252411_0,65.0,72.54,69.47,65.05
1974252435_21226594_0,65.0,69.15,67.59,63.65
1974252435_1974252439_0,65.0,71.93,68.13,65.85
1974252439_1974252465_0,65.0,68.59,64.66,63.5
1974252439_1974252435_0,65.0,71.93,68.13,65.85
1974252439_2902864073_0,65.0,72.28,67.24,64.9
1974252465_1974252439_0,65.0,68.59,64.66,63.5
1974252465_1974252476_0,65.0,67.57,60.82,61.9
1974252474_257898094_0,65.0,63.52,65.38,62.15
1974252474_257898110_0,65.0,66.56,65.61,63.8
1974252476_1974252490_0,60.0,67.56,61.17,62.4
1974252476_1974252465_0,65.0,67.57,60.82,61.9
1974252490_1974252476_0,60.0,67.53,61.75,62.4
1974252490_29749459_0,60.0,63.84,59.22,59.35
1974252499_257898107_0,65.0,65.42,64.06,61.35
1974252528_2387545472_0,60.0,71.98,60.91,63.85
1974252528_9788472822_0,60.0,71.96,64.28,63.4
1974287316_430796549_0,65.0,67.32,62.25,63.9
1974287316_1974252395_0,65.0,74.05,64.19,65.5
1974287316_1993811476_0,65.0,69.04,63.43,63.9
1977699916_1977699917_0,60.0,60.16,55.65,53.05
1977699916_255506957_0,60.0,59.93,54.67,53.05
1977699917_256035589_0,60.0,60.23,54.88,54.55
1977699917_255506957_0,60.0,60.17,57.15,55.15
1982594650_2707236773_0,60.0,60.69,62.58,61.55
1982594650_2707229744_0,60.0,61.54,62.16,61.25
1988318650_9395255496_0,60.0,63.56,61.44,63.9
1988318650_9395255494_0,60.0,63.5,61.66,63.85
1988745156_529844835_0,65.0,66.62,61.32,59.55
1988745156_1988745180_0,65.0,65.19,60.25,57.35
1988745180_246991595_0,60.0,65.04,59.19,61.15
1988745180_31367765_0,60.0,65.42,58.34,60.9
1988995309_35080732_0,65.0,66.09,58.97,58.45
1988995309_35080735_0,65.0,67.7,61.25,60.1
1988995309_1988995341_0,65.0,68.53,63.43,61.7
1988995341_1993620497_0,65.0,68.1,60.27,61.6
1988995341_1988995309_0,65.0,68.54,63.43,61.65
1990246101_1990246106_0,65.0,63.79,61.81,59.35
1990246101_2830138906_0,65.0,63.68,61.04,59.15
1990246101_2830138906_1,65.0,66.94,61.96,59.8
1990246106_2066388928_0,65.0,64.28,61.37,59.35
1990246106_1990246101_0,65.0,63.78,61.81,59.25
1993620497_1988995341_0,65.0,68.1,60.27,61.6
1993620497_1993620498_0,65.0,67.6,60.69,60.25
1993620498_1993620497_0,65.0,67.6,60.69,60.25
1993620498_2889616524_0,65.0,67.54,66.09,66.3
1993758822_1993758829_0,65.0,63.71,60.78,58.9
1993758822_2779844254_0,60.0,64.61,59.9,58.17
1993758829_1993758822_0,65.0,63.71,60.78,58.9
1993758829_306997475_0,65.0,62.78,59.02,57.6
1993811468_241469521_0,65.0,68.48,62.47,63.65
1993811468_596789929_0,65.0,68.29,60.91,62.7
1993811468_1993811476_0,65.0,69.72,62.66,64.2
1993811468_1993813107_0,65.0,70.14,62.92,64.35
1993811476_257897062_0,65.0,65.94,65.5,58.25
1993811476_1993811468_0,65.0,69.72,62.66,64.2
1993811476_1974287316_0,65.0,69.04,63.43,63.9
1993813107_241468254_0,60.0,71.82,64.34,59.2
1993813107_1993811468_0,65.0,70.14,62.92,64.35
1993822986_21226370_0,65.0,64.31,63.12,62.6
1993822986_21225957_0,65.0,64.33,61.47,62.6
1998675066_12285352812_0,65.0,56.3,47.74,52.8
1999899500_264677644_0,65.0,56.95,62.37,59.2
2006277454_321424049_0,65.0,73.22,70.34,60.4
2006277456_11238569093_0,65.0,76.06,68.77,66.95
2006277495_11238569095_0,65.0,77.04,67.63,67.45
2006277495_2006277533_0,65.0,75.11,62.86,66.75
2006277496_268987058_0,65.0,75.05,68.62,67.5
2006277533_1906976576_0,65.0,78.16,67.5,65.8
2006277533_2006277495_0,65.0,75.11,62.86,66.75
2006277544_2006277496_0,65.0,74.87,69.79,65.7
2006288253_308930949_0,55.0,60.94,53.13,55.75
2006288253_308930953_0,55.0,60.73,54.06,54.35
2015165720_3815735926_0,65.0,61.29,56.36,57.6
2015165720_8897558718_0,65.0,62.34,61.55,57.75
2015165781_1824860719_0,65.0,58.75,57.24,56.95
2015165781_283834629_0,65.0,62.45,56.48,56.5
2015195959_273987609_0,65.0,63.47,61.02,61.85
2015195959_289702906_0,65.0,61.28,59.6,60.2
2018623082_508468685_0,60.0,58.58,47.91,54.3
2018623082_262509816_0,60.0,58.47,52.44,57.75
2018623082_508468692_0,60.0,59.11,53.53,59.75
2023170507_2023170516_0,65.0,65.76,61.39,60.14
2023170507_504663228_0,65.0,67.67,59.73,62.96
2023170516_2614490854_0,65.0,61.66,61.72,57.27
2023170516_504663228_0,65.0,65.91,59.77,60.42
2025005579_3455849698_0,65.0,64.03,62.5,60.1
2025005579_564407255_0,65.0,61.47,59.82,60.45
2025005580_234725308_0,65.0,63.63,61.87,60.2
2025005580_2025005579_0,65.0,62.83,59.95,59.95
2026703848_3780414292_0,65.0,55.7,52.86,56.05
2028754886_2768169473_0,65.0,62.57,58.18,60.35
2030035287_1028265038_0,65.0,60.79,67.65,56.4
2030035287_1028290578_0,65.0,59.54,54.87,54.5
2030035293_2030035287_0,65.0,61.11,63.36,55.3
2030035296_2030035293_0,65.0,61.85,67.15,56.45
2030035296_1028265038_0,65.0,66.26,63.78,60.15
2032424273_254603136_0,60.0,58.28,50.36,52.8
2032424273_2032424275_0,60.0,58.07,50.19,52.85
2032424275_2032424273_0,60.0,58.07,50.19,52.85
2041040326_292679451_0,65.0,57.79,55.06,56.35
2041040326_727769712_0,65.0,58.17,55.27,56.45
2042971295_21226264_0,65.0,72.25,63.22,64.8
2042971295_1935856951_0,65.0,70.53,59.17,64.9
2042971295_590907107_0,65.0,70.28,60.83,63.35
2044871319_1938126705_0,65.0,65.83,60.07,55.65
2044871319_250830863_0,60.0,64.82,59.38,55.6
2045244649_2045244650_0,65.0,62.57,63.84,61.95
2045244649_7026508781_0,65.0,64.05,62.79,61.55
2045244650_2045244649_0,65.0,62.57,63.84,61.95
2045244650_21226735_0,60.0,59.21,60.76,60.25
2045244650_2045244653_0,60.0,60.99,60.45,60.9
2045244653_2045244650_0,60.0,60.99,60.45,60.9
2045244653_1479183764_0,65.0,60.92,59.77,60.35
2055285229_249455371_0,65.0,75.25,61.92,61.78
2055285233_582869126_0,65.0,77.18,62.63,61.7
2060547231_1804973828_0,65.0,59.67,55.19,55.18
2060552767_304984802_0,65.0,58.32,56.81,53.23
2060552767_2060547231_0,65.0,58.75,54.15,53.23
2060552767_153561904_0,65.0,58.9,56.56,52.68
2060555445_1804973818_0,65.0,58.58,49.7,54.3
2060555445_1804973874_0,65.0,59.66,55.56,53.58
2066388928_259846462_0,65.0,65.06,62.07,59.95
2066388928_469526695_0,65.0,66.03,64.37,64.25
2066388944_2633996002_0,65.0,65.81,62.86,64.1
2066388944_259846462_0,65.0,66.54,59.82,58.85
2066845477_1602512889_0,65.0,74.86,61.27,61.15
2066845477_2915815357_0,65.0,74.0,59.39,59.45
2068469439_339921140_0,65.0,66.01,55.26,59.74
2068469439_2068469443_0,65.0,63.61,54.82,61.43
2068469443_2068469439_0,65.0,63.61,54.82,61.43
2068469443_1539476562_0,65.0,62.01,62.22,63.15
2072182670_1514352955_0,65.0,63.7,66.25,62.55
2072182670_1942908061_0,65.0,66.23,66.09,63.85
2072182708_2072182670_0,65.0,65.42,65.44,64.0
2072182708_1514352955_0,65.0,65.76,65.81,63.5
2072182735_2072182708_0,65.0,65.57,65.04,63.7
2072182735_3832199525_0,65.0,64.8,65.22,63.4
2075241344_21227080_0,60.0,65.1,60.88,60.75
2075241344_480913573_0,60.0,64.64,61.0,58.7
2076591050_303499674_0,60.0,68.53,61.09,58.85
2076591050_653771349_0,60.0,69.86,61.55,58.75
2076591058_1286442659_0,60.0,70.39,60.17,60.85
2076591130_2076591058_0,60.0,66.86,62.42,59.4
2076591130_13285792284_0,60.0,65.33,51.87,54.6
2079502881_1756208669_0,65.0,71.87,63.42,64.7
2079502881_1547169456_0,65.0,68.48,64.02,62.55
2092324665_2092324666_0,65.0,63.76,64.61,64.75
2092324665_21226625_0,65.0,69.51,62.65,63.71
2092324666_2092324665_0,65.0,63.76,64.61,64.75
2093480249_154775190_0,65.0,63.74,61.75,60.65
2093480249_1538547259_0,65.0,65.52,63.62,62.25
2093480249_1538545380_0,65.0,66.19,62.23,61.75
2093480249_21293712_0,65.0,66.69,65.42,62.4
2095552623_251437448_0,65.0,65.63,57.14,54.05
2100510505_2100510508_0,65.0,59.82,53.28,53.05
2100510505_31370766_0,65.0,59.59,50.66,54.25
2100510508_2100510505_0,65.0,59.82,53.28,53.05
2101408731_2701631575_0,60.0,69.91,55.3,57.25
2101408734_2701663989_0,60.0,70.61,51.06,58.15
2101408735_568219507_0,60.0,69.2,56.13,56.9
2101408735_2101408737_0,60.0,64.12,55.72,56.25
2101408740_2727622549_0,65.0,71.33,55.12,58.85
2101411514_518519059_0,65.0,65.76,55.28,52.07
2101411514_10989356701_0,65.0,65.78,52.98,53.4
2101423944_4921327446_0,65.0,70.77,58.74,57.9
2101423946_3785026077_0,65.0,73.21,59.95,58.65
2101423946_2101423964_0,65.0,70.46,60.3,59.36
2101423964_518519120_0,65.0,70.14,50.09,52.75
2101423964_3786661100_0,60.0,68.51,56.08,54.1
2101423964_2119893129_0,55.0,68.83,54.28,55.58
2101499407_2101499428_0,65.0,59.01,45.38,48.95
2101499428_574931534_0,65.0,63.68,55.84,53.75
2101499428_2101499407_0,65.0,59.01,45.38,48.95
2119893129_3786661104_0,55.0,67.0,49.37,54.45
2119893129_2119893175_0,55.0,67.68,54.81,57.55
2119893175_518519119_0,65.0,68.09,63.92,59.0
2119893224_518519121_0,65.0,67.81,65.08,57.6
2119893224_518519119_0,65.0,68.1,68.13,59.75
2122712293_2122712294_0,60.0,71.51,55.88,58.35
2122712293_1006145346_0,60.0,71.39,57.54,58.05
2122712294_2122712293_0,60.0,71.51,55.88,58.35
2122712294_1006145429_0,55.0,70.61,56.29,58.45
2134635301_2610493572_0,60.0,69.2,64.42,62.74
2134635301_2655728781_0,65.0,64.94,59.79,57.85
2134635301_1938126721_0,65.0,62.97,59.69,57.65
2138169413_29749484_0,65.0,65.67,59.4,58.15
2138169413_2138169414_0,65.0,69.4,59.66,59.3
2138169414_2138169418_0,65.0,65.85,61.37,57.85
2138169414_1942874507_0,65.0,70.95,63.75,59.45
2138169418_2138169414_0,65.0,65.85,61.37,57.85
2138169418_1942874508_0,65.0,66.9,62.42,61.8
2146905997_430803934_0,65.0,69.65,60.78,60.3
2148894757_2866053378_0,65.0,75.05,61.95,60.3
2148899271_415510275_0,65.0,73.19,64.36,57.05
2148899271_2148899278_0,65.0,73.16,62.63,56.7
2148899278_2148899296_0,65.0,73.58,62.72,57.0
2148899296_2148894757_0,65.0,74.24,62.02,57.6
2148899296_2148899372_0,65.0,73.87,62.89,56.95
2148899300_2148899271_0,65.0,72.83,62.7,57.2
2148899372_2148899387_0,65.0,73.95,63.11,56.54
2148899377_2148899300_0,65.0,72.85,62.74,56.68
2148899387_413628318_0,65.0,73.79,63.52,55.94
2148899387_2148899411_0,65.0,73.57,62.2,56.04
2148899411_2148899377_0,65.0,73.09,64.05,55.54
2152998316_341222701_0,65.0,79.98,69.32,67.35
2152998316_2152998318_0,65.0,75.2,75.9,68.05
2152998318_102236087_0,65.0,75.72,66.45,64.0
2152998318_341222701_0,65.0,75.12,70.98,67.0
2152998319_102236303_0,65.0,72.11,61.48,58.7
2156104177_10948544548_0,60.0,61.35,62.36,56.85
2158839321_253750457_0,60.0,56.53,53.71,50.8
2162688049_1483517499_0,65.0,58.27,60.63,59.52
2162688072_1439258376_0,65.0,57.64,59.08,58.25
2162688078_9343767015_0,65.0,59.7,56.51,59.66
2162706622_734059551_0,65.0,62.33,63.16,62.02
2165076234_253973148_0,70.0,59.09,56.61,56.25
2165336702_2165336703_0,60.0,61.91,56.32,54.3
2165336702_243907647_0,65.0,62.91,60.4,59.4
2165336703_2165336702_0,60.0,61.91,56.32,54.3
2169768619_3721459960_0,60.0,60.63,57.69,56.6
2169768619_1504504852_0,60.0,61.16,58.31,57.03
2169768619_1763153010_0,60.0,61.67,56.0,56.93
2173197460_2530497081_0,65.0,59.39,52.07,55.05
2173540942_1367027665_0,65.0,68.12,56.59,58.3
2173547440_264640359_0,65.0,56.03,56.11,55.85
2176865413_264496770_0,65.0,56.53,55.21,56.2
2177212815_2177212816_0,60.0,60.15,57.64,56.55
2177212815_2177215008_0,65.0,60.11,54.06,56.67
2177212815_1263253033_0,65.0,60.63,54.28,56.4
2177212815_3090779735_0,65.0,60.21,57.26,55.77
2177212816_2177212815_0,60.0,60.15,57.64,56.55
2177212816_2807049332_0,65.0,60.06,52.71,59.95
2177212816_2177215008_0,60.0,59.92,59.03,56.45
2177215008_2177212815_0,65.0,60.11,54.06,56.67
2177215008_5118511686_0,65.0,59.61,54.17,56.27
2177215008_2177212816_0,60.0,59.95,58.51,56.55
2177270847_21227229_0,65.0,66.64,59.88,62.4
2177270847_31333466_0,65.0,68.11,59.83,63.43
2185661686_306427879_0,60.0,64.59,58.12,58.6
2196328996_309918751_0,60.0,65.23,54.81,56.2
2196328996_1496405567_0,55.0,65.82,58.54,57.7
2203367076_2203367087_0,60.0,60.46,59.54,62.4
2203367076_1521106900_0,60.0,63.92,60.28,63.45
2203367076_1521106905_0,60.0,64.22,60.14,62.55
2203367087_401526011_0,65.0,60.15,61.38,60.81
2203367087_1521106905_0,65.0,60.32,60.06,62.26
2206656617_2820990431_0,65.0,69.94,66.09,58.65
2206869702_308930949_0,55.0,60.31,51.51,54.5
2206869702_2206872409_0,60.0,61.77,56.18,57.16
2206869702_308930711_0,55.0,61.19,53.89,56.25
2206872409_2206869702_0,60.0,61.76,56.18,57.16
2206872409_308930686_0,65.0,62.61,58.76,56.77
2208089204_251745094_0,65.0,58.54,61.8,57.9
2208089204_259788847_0,60.0,56.04,57.43,56.25
2208094327_259782422_0,60.0,54.58,53.52,52.9
2208094327_259782092_0,60.0,54.56,51.87,52.8
2208094327_255191438_0,60.0,56.0,50.61,52.4
2208558577_268426333_0,65.0,59.35,55.45,54.52
2208558577_2770547465_0,65.0,59.62,56.45,55.78
2208608057_2208611357_0,60.0,55.48,55.43,57.75
2208611357_2208608057_0,60.0,55.48,55.43,57.75
2208697654_747114913_0,60.0,57.71,52.84,51.8
2209718088_2209718123_0,65.0,76.6,67.53,61.45
2209718101_2209718088_0,70.0,76.2,65.8,61.95
2209718106_2209718131_0,65.0,74.39,65.36,61.8
2209718107_2209718111_0,65.0,74.26,65.89,61.3
2209718107_102236087_0,65.0,74.72,64.65,62.95
2209718111_2727498034_0,65.0,74.9,62.26,61.65
2209718121_430777049_0,65.0,74.91,61.84,62.45
2209718121_2209718101_0,65.0,74.73,66.17,62.2
2209718123_2209718125_0,65.0,74.51,67.53,61.85
2209718123_5249624651_0,65.0,74.52,66.49,62.0
2209718125_2209718121_0,65.0,74.34,66.41,62.05
2209718131_5249624651_0,65.0,75.06,63.46,62.6
2209718131_2209718125_0,65.0,74.25,65.79,62.35
2210023403_306418315_0,60.0,61.69,57.13,56.6
2210023405_309902907_0,60.0,62.06,55.19,57.85
2210023406_306418321_0,60.0,61.63,55.23,57.4
2211431452_275257914_0,65.0,63.2,58.95,59.75
2211431452_256466710_0,65.0,64.68,60.46,59.6
2211960462_31875520_0,60.0,66.37,58.17,58.95
2211960462_1652760366_0,65.0,67.14,58.27,60.6
2211960462_31333466_0,65.0,66.39,56.26,62.15
2211960462_31333467_0,65.0,66.27,58.33,60.5
2212084004_2212114978_0,65.0,64.82,59.0,60.3
2212084004_1245595411_0,60.0,64.12,54.83,58.0
2212085609_392098250_0,60.0,57.27,57.23,54.05
2212085612_2768181065_0,60.0,54.23,55.36,51.15
2212101013_430796554_0,65.0,65.98,59.83,63.45
2212101013_597408497_0,65.0,66.36,64.42,62.55
2212114964_2212114998_0,65.0,65.75,58.66,59.45
2212114966_2212114997_0,65.0,65.58,63.07,58.7
2212114971_1547777491_0,65.0,66.98,60.41,59.4
2212114971_3780360660_0,65.0,67.17,58.29,58.45
2212114978_2212114989_0,65.0,65.44,61.84,60.4
2212114989_2212114966_0,65.0,65.48,62.14,60.2
2212114989_539562447_0,65.0,65.55,61.6,58.6
2212114997_2212114964_0,65.0,64.66,62.59,60.85
2212114997_2212114964_1,65.0,65.71,61.09,60.85
2212114998_2212084004_0,65.0,64.35,56.95,58.05
2212114998_2212114978_0,65.0,65.59,61.22,59.05
2212115750_2212114966_0,65.0,65.63,60.56,58.75
2212888344_3815796883_0,55.0,72.14,56.59,59.67
2212888344_1272881009_0,55.0,71.2,54.28,57.7
2212891400_2212891979_0,55.0,63.83,57.19,52.65
2212891400_1272881058_0,55.0,66.07,64.34,56.55
2212891979_2212891400_0,55.0,63.83,58.12,52.65
2214711076_274923577_0,60.0,59.0,54.18,56.0
2225549093_257532323_0,65.0,65.35,60.92,61.3
2225549093_309013543_0,65.0,66.23,59.43,63.22
2225549127_90222470_0,60.0,63.19,65.29,62.82
2225549127_250050224_0,60.0,63.15,59.86,57.4
2228378150_21226801_0,60.0,72.56,57.89,56.4
2228378150_249595720_0,60.0,72.19,56.73,57.45
2228378150_29462465_0,60.0,72.71,54.34,57.75
2247883726_2739760569_0,60.0,55.0,53.04,54.0
2247883726_2247883726_0,60.0,54.56,53.27,54.0
2247883729_3782743896_0,65.0,56.25,53.0,52.5
2247883729_2247886001_0,65.0,55.6,52.24,52.1
2247886001_2247883729_0,65.0,55.6,52.24,52.1
2250993033_1481366391_0,65.0,64.52,56.82,57.35
2250993033_1481366379_0,70.0,63.47,53.87,57.83
2268397404_173037199_0,65.0,68.12,59.5,58.4
2268397404_2268397653_0,65.0,64.69,59.2,54.65
2268397415_2268397676_0,65.0,65.81,49.18,47.05
2268397449_2268397862_0,65.0,65.94,53.27,47.75
2268397492_2720117948_0,65.0,67.93,52.7,49.2
2268397601_560983835_0,65.0,64.92,59.06,55.95
2268397617_2268397449_0,65.0,65.88,52.52,48.5
2268397617_2268397492_0,65.0,68.07,52.5,48.55
2268397626_273513009_0,65.0,64.36,57.59,55.9
2268397626_2696783538_0,60.0,59.44,59.26,54.4
2268397653_2268397626_0,65.0,64.47,58.61,55.3
2268397659_2268397749_0,65.0,68.19,52.35,49.4
2268397676_273513007_0,65.0,64.77,56.14,54.95
2268397676_2268397701_0,65.0,65.63,51.89,47.3
2268397685_31367274_0,65.0,70.11,56.78,54.45
2268397685_173034991_0,65.0,70.18,62.56,60.15
2268397701_2268397853_0,65.0,65.51,50.01,47.4
2268397749_2268397617_0,65.0,68.13,50.99,48.25
2268397853_2268397492_0,65.0,65.63,53.51,48.85
2268397853_2268397449_0,65.0,65.81,53.19,47.5
2268397862_2268397415_0,65.0,65.86,48.78,47.55
2271814608_12481814487_0,55.0,62.98,50.42,56.1
2271818772_2271818806_0,60.0,65.37,54.74,56.15
2271818772_12486808952_0,60.0,66.05,60.43,57.05
2271818784_2548795351_0,55.0,63.46,54.27,57.6
2271818784_12485348337_0,55.0,63.49,53.75,56.45
2271818806_850880068_0,55.0,65.38,55.09,56.1
2271818841_12485348478_0,55.0,64.45,54.95,58.2
2271818841_918919035_0,55.0,64.68,59.09,57.45
2271828987_2271828989_0,65.0,67.52,60.5,60.95
2271828989_918918891_0,65.0,67.08,62.19,59.55
2271828989_918919090_0,65.0,67.24,60.37,61.25
2271834000_21555517_0,65.0,67.58,59.06,61.65
2271834000_21555918_0,65.0,67.86,63.35,61.5
2271836072_850880340_0,55.0,64.82,52.62,55.0
2271836072_850880141_0,55.0,63.53,52.13,56.55
2271836072_2271836075_0,55.0,62.95,53.48,56.4
2271836075_3815215198_0,60.0,62.31,54.32,55.9
2271836075_2271836072_0,55.0,62.95,53.48,56.4
2277553024_661902208_0,70.0,71.48,61.01,59.67
2279406666_2279406669_0,65.0,69.57,68.66,68.1
2279406666_8395216204_0,65.0,70.82,69.78,68.0
2279406669_285505007_0,65.0,69.95,64.12,69.25
2280236251_3815275734_0,65.0,78.97,73.77,69.8
2282177927_8395216204_0,65.0,73.35,69.33,68.9
2287941848_1045681557_0,65.0,62.85,64.8,58.75
2288206307_2768169536_0,65.0,53.98,55.43,54.05
2289308756_13229923006_0,65.0,73.61,67.19,64.4
2301760111_309006090_0,65.0,69.85,62.28,62.15
2301760111_2301760117_0,60.0,70.0,63.3,62.65
2301760117_309006090_0,65.0,68.76,63.42,61.25
2301760117_309006098_0,65.0,68.06,63.75,62.3
2302418326_267484026_0,65.0,59.52,61.96,61.1
2305210638_1652760349_0,65.0,69.16,63.3,63.89
2305210643_151411168_0,60.0,65.06,56.42,58.3
2305210643_2305210638_0,65.0,66.43,59.63,61.05
2311022902_2311022903_0,60.0,72.51,54.28,54.2
2311022902_245557033_0,60.0,72.25,55.82,56.75
2311022903_2311022902_0,60.0,72.51,54.28,54.2
2311022903_267407791_0,60.0,70.52,56.48,57.15
2311022904_2311022905_0,65.0,70.59,55.7,56.05
2311022904_260786077_0,60.0,70.53,50.81,56.15
2311022905_2311022904_0,65.0,70.59,55.7,56.05
2311022905_267409235_0,65.0,70.5,54.51,57.55
2311206692_2311206695_0,55.0,64.15,53.37,52.6
2311206695_2791241851_0,55.0,64.57,52.71,54.15
2311206695_2311206692_0,55.0,64.15,53.37,52.6
2318058144_1567962853_0,65.0,66.37,62.31,62.35
2318058144_1567962853_1,65.0,66.29,62.29,62.0
2325709123_273098013_0,65.0,64.58,59.16,58.27
2325709123_2916981404_0,60.0,65.05,60.05,58.7
2325709145_2916981401_0,65.0,65.04,55.99,57.85
2325709145_205742363_0,60.0,64.75,56.1,57.85
2325709146_3237868576_0,60.0,65.48,59.86,58.85
2325709146_275585448_0,60.0,66.25,58.99,59.95
2325804921_102277769_0,65.0,64.04,49.39,50.0
2330486817_249364811_0,60.0,60.86,54.2,56.2
2330486817_249364892_0,60.0,60.6,56.0,57.55
2330779329_2330779332_0,65.0,63.47,60.99,59.6
2330779332_2330779329_0,65.0,63.46,60.99,59.8
2330779332_206145284_0,65.0,64.69,63.05,61.5
2330779332_255322364_0,65.0,65.47,61.83,62.32
2330779332_4870408573_0,65.0,64.05,61.31,62.02
2332367130_2892146094_0,60.0,67.36,63.27,59.35
2332367130_280188375_0,60.0,67.73,63.45,59.2
2338460265_2338460290_0,60.0,69.13,66.92,62.45
2338460265_266322016_0,60.0,64.52,62.3,60.9
2338460290_2338460265_0,60.0,69.13,66.92,62.45
2338460290_10925861947_0,60.0,68.42,64.0,62.55
2353702506_305136996_0,65.0,63.65,61.0,60.45
2353702506_2575601463_0,65.0,67.77,64.61,62.85
2358334926_574911704_0,65.0,74.39,57.69,60.7
2370504749_1869393833_0,60.0,67.61,57.13,55.6
2370504749_2370504753_0,60.0,68.0,58.0,57.0
2370504753_2635005742_0,60.0,65.93,56.92,55.85
2370504754_2370504749_0,60.0,66.01,56.02,54.55
2370504757_1869393836_0,60.0,65.83,57.28,55.3
2370504757_2370504754_0,60.0,65.94,56.05,55.3
2377778960_1934442765_0,65.0,66.72,61.72,63.55
2383983401_942642280_0,60.0,66.74,57.0,58.25
2383983401_2514871529_0,60.0,66.63,56.59,58.85
2383983406_335774384_0,60.0,67.6,58.05,60.3
2383983406_2754655350_0,60.0,67.9,58.19,62.15
2386386850_304776028_0,65.0,62.83,64.57,59.45
2387545472_1974252490_0,60.0,67.27,61.23,63.3
2392720163_29749470_0,65.0,64.57,58.62,59.95
2392720163_29749482_0,65.0,65.41,61.46,61.55
2393275461_2729161240_0,65.0,68.47,55.43,58.25
2393275461_2393275539_0,65.0,69.77,59.74,59.05
2393275539_1284927144_0,65.0,72.12,56.0,58.5
2394469869_281713426_0,65.0,69.2,63.4,68.95
2394469898_250748406_0,65.0,62.27,63.79,64.5
2394469898_9395208670_0,65.0,66.74,61.91,63.15
2394992639_2394992655_0,65.0,71.05,58.29,58.9
2394992639_2794696884_0,65.0,71.09,60.5,59.15
2394992640_2794711853_0,65.0,71.08,61.31,59.2
2394992655_259513871_0,65.0,70.01,60.92,59.5
2394992655_2794696884_0,65.0,71.1,57.91,59.2
2394992658_2794711874_0,65.0,71.72,60.22,59.75
2394992658_2394992640_0,65.0,71.17,61.62,58.95
2395321637_27552217_0,60.0,65.63,57.0,59.15
2395321637_249381639_0,60.0,63.32,55.14,56.2
2395321664_583223041_0,55.0,61.19,51.68,56.83
2395321664_249364811_0,55.0,61.18,54.13,57.88
2396212582_2720033995_0,60.0,61.88,51.37,57.55
2396212582_92556417_0,60.0,61.2,55.6,55.4
2404068034_260478934_0,65.0,70.74,68.07,65.9
2406966015_1505037278_0,60.0,71.41,67.54,63.3
2406966015_127696305_0,60.0,71.77,67.99,67.3
2406966016_2406966015_0,65.0,73.22,64.42,64.08
2406966016_4054628883_0,65.0,70.37,65.55,63.25
2406966020_4054628883_0,65.0,70.2,64.55,62.1
2406966020_2406966016_0,65.0,72.26,63.63,61.88
2406966023_2714782037_0,60.0,69.93,60.43,61.25
2406966023_2406966015_0,60.0,70.02,62.63,62.7
2406966024_102218651_0,65.0,75.04,66.67,66.7
2411169387_259980981_0,65.0,68.42,64.89,63.95
2411169387_259980980_0,65.0,64.77,62.45,62.48
2411169387_2411169392_0,65.0,66.32,64.19,63.6
2411169391_2411169387_0,65.0,66.76,65.84,64.12
2411169391_259980981_0,65.0,72.29,66.49,63.95
2411169392_345288112_0,65.0,68.31,65.37,65.3
2411481276_2411481278_0,60.0,62.04,54.05,56.35
2411481276_257358736_0,60.0,62.67,55.36,57.4
2411481278_309902905_0,60.0,62.54,52.29,56.75
2421551762_1137802567_0,60.0,69.67,59.38,57.05
2421551762_271759286_0,65.0,68.51,60.38,57.2
2429370388_1847015806_0,60.0,66.28,57.26,62.1
2429370388_3387844999_0,65.0,66.52,60.78,60.62
2442374977_256041111_0,65.0,56.83,53.42,52.45
2445815369_1539476566_0,60.0,62.76,65.0,63.2
2445815375_322562802_0,60.0,61.66,56.93,59.22
2445815375_1539476579_0,65.0,62.38,63.86,61.25
2446657172_539807357_0,65.0,63.26,59.31,61.35
2456975754_1251659572_0,60.0,63.16,65.03,63.0
2456975754_291897321_0,60.0,62.6,57.9,56.7
2457118482_12442008592_0,65.0,72.15,67.93,65.35
2463244832_5429836160_0,65.0,77.75,68.02,65.69
2470860001_102229836_0,65.0,65.84,55.7,56.85
2471327877_440101918_0,65.0,66.15,55.88,58.05
2471413170_442095658_0,65.0,68.38,61.35,63.4
2471413170_442095658_1,65.0,72.01,62.57,62.85
2471413170_2698680766_0,65.0,76.32,65.15,65.4
2473239173_430785442_0,60.0,67.63,59.31,58.85
2473239173_2690418428_0,60.0,66.07,60.06,58.9
2473273973_1973583721_0,65.0,65.54,59.19,56.15
2473273973_2473273986_0,65.0,64.07,55.18,53.1
2473273986_2473273973_0,65.0,64.07,55.18,53.1
2477412422_2477412423_0,60.0,64.69,59.2,56.75
2477412422_306412908_0,60.0,64.55,57.05,56.52
2477412423_2477412422_0,60.0,64.69,59.2,56.75
2477412423_306412911_0,60.0,63.81,55.93,56.6
2478217300_247057643_0,65.0,58.95,58.53,54.85
2479903478_1281605663_0,60.0,63.5,54.6,56.6
2480173096_2480173103_0,60.0,68.33,51.97,56.45
2480173100_2480173096_0,60.0,68.38,56.75,55.6
2480173102_2480173100_0,65.0,69.52,59.46,59.2
2480173102_21257029_0,65.0,71.88,62.31,62.45
2480173103_2480173107_0,60.0,68.35,59.27,59.65
2480173103_21257026_0,60.0,68.57,57.15,56.55
2480173107_2480173100_0,65.0,68.48,56.74,58.65
2480173107_2480173113_0,60.0,67.95,59.03,60.45
2480173113_2480173107_0,60.0,67.97,61.29,60.45
2480173113_2480173102_0,65.0,68.86,59.23,59.85
2480256949_4060187694_0,60.0,73.18,59.47,65.1
2480256954_597408503_0,65.0,70.15,57.45,62.6
2480553441_266321985_0,65.0,68.93,57.59,58.05
2488582283_683296397_0,60.0,67.65,64.44,60.9
2491530964_154773100_0,65.0,65.68,61.35,59.8
2494980684_139261570_0,60.0,72.01,62.21,64.95
2494980684_1523604745_0,60.0,69.2,67.04,65.15
2494994072_481390613_0,65.0,72.6,68.18,68.3
2497238688_27654250_0,65.0,60.81,63.24,63.6
2497238688_27654249_0,65.0,58.79,61.52,62.3
2501735028_1935805220_0,65.0,71.01,58.92,59.7
2501735028_2501735041_0,65.0,72.2,59.71,63.75
2501735041_2501735028_0,65.0,72.19,60.01,63.65
2501735041_1935805244_0,65.0,75.84,63.47,65.95
2503096667_259780771_0,65.0,48.23,57.6,59.66
2503096667_259780776_0,60.0,48.33,65.91,59.88
2503098094_2503100498_0,65.0,47.97,58.99,44.85
2503098094_259780759_0,65.0,47.62,53.85,43.15
2503100498_259780978_0,65.0,45.92,53.26,42.45
2503100498_1111602996_0,65.0,46.14,58.5,44.55
2503100498_2503098094_0,65.0,47.97,58.99,44.85
2503100498_259780771_0,65.0,47.77,52.06,52.53
2512719073_269349457_0,65.0,67.45,67.14,65.45
2512719074_2512719073_0,65.0,70.87,65.68,63.2
2514802427_310059149_0,60.0,65.74,58.47,58.28
2514802427_2705618307_0,65.0,66.24,60.8,60.75
2514802427_310065305_0,65.0,64.69,59.83,60.2
2514838132_267402506_0,65.0,68.96,60.16,59.05
2514838132_2634988011_0,60.0,68.91,61.35,59.25
2514838419_506373288_0,70.0,70.99,69.37,67.65
2514862546_2514862862_0,60.0,64.04,64.47,62.45
2514862546_256036018_0,65.0,67.02,62.38,61.8
2514862546_2514862859_0,65.0,67.39,60.09,62.25
2514862859_2567775506_0,65.0,63.41,59.6,64.35
2514862862_260551944_0,65.0,60.82,58.55,60.0
2514862862_2514862859_0,65.0,62.52,64.76,62.7
2514862862_2514862546_0,60.0,64.04,64.47,62.45
2514866049_256031087_0,65.0,57.39,49.4,52.35
2514866049_249556057_0,65.0,57.96,51.57,53.47
2514869970_5432159849_0,65.0,61.71,58.32,57.75
2514869970_1461224570_0,65.0,62.38,61.07,58.35
2514871529_27552239_0,60.0,66.96,56.97,59.45
2514884179_2879264408_0,60.0,57.67,49.91,48.65
2514920021_3775419409_0,65.0,69.29,60.88,58.75
2514920021_3472798327_0,65.0,69.4,59.93,58.45
2516105064_292667679_0,60.0,65.82,57.18,62.5
2516105064_1627450657_0,60.0,60.58,58.47,57.75
2516105064_275703986_0,65.0,65.12,59.36,59.6
2516127373_256031888_0,65.0,62.18,52.74,56.55
2516127373_13230320605_0,65.0,61.58,54.47,54.5
2517398577_29089567_0,65.0,66.67,61.91,64.4
2517398577_2377778960_0,65.0,66.2,61.19,59.78
2518495047_1722395950_0,60.0,66.47,60.19,63.35
2518495050_1722395943_0,65.0,66.51,57.32,65.5
2518495050_31013270_0,65.0,66.16,60.31,59.6
2518586645_3455809979_0,65.0,66.05,62.08,61.05
2518603654_31013267_0,65.0,77.48,71.75,69.65
2520959677_255192611_0,65.0,63.4,61.03,58.65
2520959679_2549211242_0,65.0,62.62,56.79,59.7
2520959679_2520959677_0,65.0,63.71,57.93,59.0
2529643834_1251634408_0,65.0,74.2,68.78,65.85
2529643836_21226742_0,65.0,77.3,68.02,67.93
2530478473_2609137130_0,60.0,69.77,64.75,62.9
2530478473_2530478481_0,60.0,66.79,61.16,60.05
2530478473_96891774_0,65.0,70.97,63.6,64.7
2530478481_253238671_0,60.0,66.45,61.5,60.22
2530497081_2173197460_0,65.0,59.39,52.07,55.05
2530497081_1476058848_0,65.0,59.3,54.72,57.0
2531592626_175971291_0,65.0,64.35,63.59,61.05
2531592626_9783566251_0,65.0,64.61,63.83,61.3
2533296113_21293732_0,65.0,74.87,69.64,69.55
2533407661_479975904_0,65.0,74.53,70.29,68.2
2533407661_257998802_0,65.0,75.38,68.18,68.1
2533446692_31013268_0,65.0,71.17,63.21,63.5
2533452131_31333348_0,65.0,62.12,57.06,62.25
2533452138_246817935_0,60.0,62.46,55.49,56.75
2533452138_251482114_0,60.0,62.48,55.41,57.5
2533462379_274800224_0,60.0,60.36,53.98,56.68
2533462403_249549357_0,60.0,59.98,55.54,58.05
2533468123_247057122_0,65.0,60.93,55.76,55.6
2533468123_240591778_0,65.0,60.76,54.98,57.15
2533468123_240591793_0,65.0,60.74,52.86,57.1
2533487043_234729344_0,65.0,67.4,63.18,62.2
2533487043_1722395971_0,65.0,70.36,62.67,62.55
2533496844_258161611_0,65.0,67.3,61.21,63.15
2533496844_2289308756_0,60.0,71.9,65.28,64.25
2533504786_206176491_0,65.0,71.2,62.99,64.2
2533504790_2533504786_0,65.0,71.67,61.94,63.2
2533504790_13229923004_0,65.0,70.02,62.49,63.1
2533507674_562698874_0,60.0,63.9,58.55,59.25
2533507674_9786552133_0,65.0,66.99,60.93,58.7
2533528340_838072138_0,65.0,57.65,59.48,57.8
2533535171_264634351_0,65.0,52.86,52.05,49.45
2533541845_263766051_0,65.0,54.85,64.17,57.65
2533541871_260365181_0,65.0,61.64,56.13,61.13
2533541871_2533541845_0,65.0,56.16,59.3,58.65
2533630472_13017097534_0,65.0,65.68,58.66,59.35
2533754678_295560524_0,65.0,74.48,58.61,59.9
2533754678_248292116_0,65.0,74.33,63.44,61.15
2534412991_271050317_0,60.0,70.7,55.66,59.9
2534412991_1006145246_0,60.0,71.01,57.15,61.35
2535066757_11556811590_0,65.0,65.67,64.09,62.9
2535072393_2535072394_0,65.0,65.73,62.42,63.0
2535072393_2535075637_0,65.0,68.73,64.56,63.5
2535072394_1746151203_0,65.0,64.26,61.69,61.75
2535072394_2535066757_0,65.0,64.31,61.85,62.7
2535075637_2535066757_0,65.0,66.45,61.0,62.25
2535075639_273098547_0,65.0,67.89,62.27,62.45
2535076404_21225903_0,65.0,65.89,62.36,63.45
2535076404_31013218_0,65.0,64.72,60.3,62.7
2535433276_1479438305_0,65.0,67.98,61.85,61.9
2535433276_206144205_0,65.0,68.64,61.08,62.0
2535433276_1521065895_0,60.0,65.61,60.33,60.8
2535438965_1479438305_0,65.0,69.21,60.58,61.4
2535733154_506825649_0,65.0,63.58,59.84,60.4
2535733154_273098547_0,65.0,65.35,62.27,62.15
2538829030_252230119_0,60.0,64.72,62.09,59.25
2538853161_2542324505_0,65.0,70.61,64.34,66.15
2538853161_2637568703_0,65.0,73.83,65.1,66.6
2538855989_2542694162_0,65.0,69.0,65.45,66.95
2538855989_2923126646_0,65.0,70.24,65.76,67.55
2538855992_2538855989_0,65.0,70.02,65.38,66.7
2538855992_2923126646_0,65.0,72.14,68.12,67.65
2542253792_1999899500_0,65.0,56.67,62.28,59.5
2542263163_2542263370_0,65.0,62.09,61.72,61.15
2542263163_206147119_0,65.0,61.11,60.77,58.65
2542263370_273987609_0,65.0,64.6,60.39,62.25
2542263370_2542263163_0,65.0,62.09,61.72,61.15
2542321100_2542321101_0,65.0,71.67,64.01,64.1
2542321101_2542331127_0,65.0,67.7,61.1,63.05
2542321101_2876301590_0,65.0,72.66,65.24,64.1
2542321104_2542326956_0,65.0,67.39,61.51,63.65
2542321104_2876302424_0,65.0,70.98,62.7,63.2
2542321105_2542321112_0,65.0,71.22,62.94,63.15
2542321112_441917622_0,65.0,66.94,68.17,63.9
2542321112_2542321104_0,65.0,71.61,63.26,63.15
2542322380_2542321100_0,65.0,70.43,62.02,63.55
2542322380_2610502412_0,65.0,69.58,63.63,63.45
2542324505_2542321105_0,65.0,69.34,63.04,62.85
2542324505_2538853161_0,65.0,70.61,64.34,66.15
2542324507_2542324505_0,65.0,73.07,64.79,63.75
2542326954_2610502412_0,65.0,67.82,64.09,63.25
2542326954_2876302424_0,65.0,68.54,62.43,63.45
2542326956_2542326954_0,65.0,67.69,59.58,62.5
2542326956_481385788_0,65.0,66.76,60.6,63.65
2542326968_29089554_0,65.0,70.22,65.09,66.3
2542326968_2542321100_0,65.0,70.14,65.3,64.2
2542331127_2542331135_0,65.0,67.89,59.17,61.55
2542331127_251629929_0,65.0,66.4,58.57,60.1
2542331135_2542324507_0,65.0,68.02,63.01,63.2
2542331135_2876301590_0,65.0,69.2,63.27,62.9
2542694158_296625607_0,65.0,67.74,65.0,62.15
2542694158_31013269_0,65.0,67.58,61.81,62.0
2542694160_2542694158_0,65.0,66.74,62.47,60.88
2542694160_31013269_0,60.0,67.01,61.14,60.95
2542694162_2538855989_0,65.0,69.0,65.45,66.95
2542694162_296625607_0,65.0,67.62,61.64,66.25
2542694162_1839136759_0,65.0,66.63,59.88,63.9
2542750816_234732685_0,60.0,70.83,63.45,64.55
2542750816_1746151215_0,60.0,70.5,67.77,64.0
2542750817_2542750816_0,60.0,66.79,61.13,59.2
2542750817_9093668158_0,65.0,66.55,59.02,61.55
2542782607_2542782613_0,65.0,68.27,64.71,61.08
2542782607_258075792_0,65.0,68.9,62.73,62.6
2542782607_29089551_0,65.0,66.51,59.04,61.85
2542782608_2542782616_0,65.0,67.97,61.14,63.4
2542782608_2542782613_0,65.0,69.4,65.39,63.9
2542782608_258075792_0,65.0,69.36,62.46,63.35
2542782609_2542782607_0,65.0,68.13,59.36,61.95
2542782609_258075792_0,65.0,68.72,61.15,62.9
2542782613_306376314_0,65.0,66.09,61.28,63.6
2542782616_251629929_0,65.0,66.57,61.55,62.45
2542782616_258075792_0,65.0,69.49,61.64,63.45
2542790080_252231625_0,60.0,67.43,58.63,64.35
2542791795_2542791797_0,60.0,65.55,62.41,60.4
2542791795_251629683_0,65.0,65.86,62.67,60.45
2542791797_251629751_0,60.0,67.14,62.79,63.95
2542791797_251629683_0,65.0,66.0,63.07,60.5
2542799121_31013214_0,65.0,67.4,61.9,63.35
2542799121_2542799123_0,65.0,66.09,60.1,59.45
2542799123_258340932_0,65.0,65.32,61.34,61.65
2542835940_306427885_0,65.0,65.45,56.95,60.5
2542835940_251566407_0,65.0,67.12,59.56,60.25
2542869397_2542883779_0,65.0,69.82,68.31,69.15
2542869397_1584980563_0,65.0,67.65,66.52,68.8
2542883779_2542883782_0,65.0,73.24,71.88,70.0
2542883779_2542883781_0,65.0,67.76,68.09,66.9
2542883779_2542869397_0,65.0,69.82,68.31,69.15
2542883781_2755769725_0,65.0,65.1,65.11,64.85
2542883782_2542883779_0,65.0,73.24,71.88,70.0
2542883782_3456324506_0,65.0,66.04,65.74,65.5
2542883782_1584980566_0,65.0,71.18,66.52,69.65
2542890179_1584980561_0,65.0,69.9,63.13,68.1
2542890179_1584980575_0,65.0,69.5,61.88,67.25
2542890181_1584980561_0,60.0,66.49,60.54,66.15
2542890181_32046908_0,65.0,65.95,65.27,63.92
2542912820_2542912826_0,60.0,55.3,54.14,55.35
2542912820_264138979_0,55.0,55.61,59.31,56.9
2542912825_264133200_0,60.0,54.51,57.1,56.45
2542912826_264496777_0,60.0,54.29,54.34,53.6
2542912826_2542912825_0,60.0,54.54,55.78,55.4
2542914328_263772303_0,60.0,58.31,57.8,52.35
2542914328_264138636_0,65.0,60.48,58.73,55.8
2542914348_2542914351_0,60.0,57.18,58.54,57.1
2542914351_2542914328_0,60.0,57.73,56.31,51.83
2542914351_264138636_0,60.0,59.16,59.0,58.9
2542914358_2542914348_0,60.0,56.95,54.26,50.6
2542914358_264138637_0,60.0,56.96,54.15,50.5
2542914871_2542914878_0,65.0,58.7,59.72,59.25
2542914871_264138636_0,65.0,58.91,59.89,60.84
2542914871_263772302_0,65.0,59.9,60.01,57.18
2542914878_263766062_0,65.0,55.76,59.35,59.05
2542969148_258053041_0,65.0,65.59,57.94,57.25
2542969148_1722395950_0,65.0,65.97,60.66,62.3
2542969148_3455809979_0,65.0,65.65,61.19,61.9
2543156456_258052621_0,65.0,74.58,69.45,70.8
2543156458_2543156456_0,65.0,71.89,71.39,66.4
2543156458_258053536_0,65.0,72.08,69.81,66.95
2543182113_21226169_0,65.0,72.75,64.81,67.25
2543345275_258053176_0,65.0,64.65,57.7,57.95
2543345275_3455809981_0,65.0,61.37,56.38,57.82
2543515501_705634772_0,65.0,64.79,62.03,60.95
2543515501_256034424_0,65.0,59.65,54.96,52.85
2543533863_256041098_0,60.0,57.81,51.96,53.45
2543533871_2543533863_0,65.0,58.11,52.84,53.25
2543533871_256077438_0,65.0,58.65,57.86,55.7
2548720670_582660121_0,65.0,67.05,57.53,58.45
2548720670_306412917_0,65.0,72.45,63.06,61.9
2548737327_2632468953_0,65.0,70.76,63.85,63.55
2548737327_9511343496_0,65.0,68.35,60.82,60.35
2548737863_205742377_0,60.0,65.49,58.65,58.52
2548738074_2548737863_0,60.0,65.8,59.31,59.0
2548738074_3342868439_0,60.0,65.94,58.46,59.1
2548795332_850880141_0,55.0,63.79,52.89,57.2
2548795332_12481814411_0,55.0,62.82,52.09,56.15
2548795345_2548795332_0,55.0,62.8,51.14,56.5
2548795345_12481814411_0,55.0,63.05,53.07,56.3
2548795351_12481814475_0,55.0,63.62,53.52,56.75
2548795351_2271818784_0,55.0,63.46,54.27,57.6
2548836947_3782542458_0,65.0,62.48,53.07,54.85
2548836947_8720913181_0,60.0,64.71,61.98,59.4
2548859460_264780882_0,60.0,64.08,56.25,60.9
2548859460_917395154_0,55.0,65.18,59.28,61.0
2548859472_2548859460_0,60.0,64.19,58.73,60.75
2548905137_102213839_0,65.0,71.26,64.42,68.45
2548905137_3042328531_0,65.0,72.24,70.24,61.05
2548951489_2548951510_0,60.0,61.45,55.32,56.25
2548951489_485958668_0,60.0,61.52,55.95,55.8
2548951510_2709637377_0,60.0,61.37,55.19,55.85
2548951541_2548951489_0,60.0,61.36,54.02,55.6
2548951550_2548951574_0,60.0,61.26,53.88,56.35
2548951574_487095245_0,65.0,61.01,53.75,55.65
2548951574_2548951541_0,60.0,61.24,54.58,56.15
2549099404_564420484_0,65.0,60.08,53.6,56.55
2549211242_2614490858_0,65.0,60.89,58.14,58.95
2549211242_1935884063_0,65.0,62.18,55.88,59.3
2549284819_564407255_0,65.0,62.01,57.76,58.25
2549284819_256986664_0,65.0,61.21,60.05,58.1
2549284824_2549284819_0,65.0,61.85,57.25,58.2
2549284824_564407255_0,65.0,61.78,58.54,58.9
2549397396_2549409082_0,65.0,67.67,59.99,59.6
2549397396_1521054401_0,65.0,67.14,59.54,59.55
2549405372_2909122755_0,65.0,66.95,59.67,59.7
2549405372_1521058266_0,65.0,66.57,58.85,58.35
2549409082_2549397396_0,65.0,67.67,59.99,59.6
2549409082_1521065912_0,65.0,69.04,63.1,64.8
2549409090_1521065895_0,60.0,66.07,60.84,59.7
2549409090_1521065912_0,60.0,68.86,61.63,64.65
2549436299_206144491_0,65.0,71.27,65.61,65.2
2549436312_1521065923_0,65.0,70.93,62.02,65.65
2549436312_2549436299_0,65.0,70.36,63.74,63.55
2550279489_251436871_0,60.0,74.22,63.62,64.25
2550279489_21294867_0,65.0,72.63,61.74,61.75
2550279493_2550279489_0,65.0,69.2,65.62,62.85
2550279493_251436871_0,65.0,70.21,67.08,62.75
2550284520_315283510_0,65.0,63.92,63.24,59.05
2550308090_13036801531_0,65.0,71.48,66.22,63.25
2550327080_966264630_0,65.0,69.07,65.45,62.95
2550327080_269909525_0,65.0,70.31,64.32,62.93
2550327080_269349458_0,65.0,68.12,63.17,61.9
2556215030_4839089363_0,65.0,63.99,62.76,57.45
2556215030_2556215093_0,65.0,63.83,58.26,55.8
2556215080_2556215082_0,65.0,63.82,62.75,57.1
2556215082_2556215030_0,65.0,63.96,62.75,57.25
2556215093_2556215124_0,65.0,63.62,57.81,56.1
2556215124_3712055068_0,65.0,62.93,62.12,55.85
2556215124_2556215080_0,65.0,63.45,60.78,56.1
2561281016_2561281028_0,60.0,59.14,50.56,51.75
2561281016_2561281020_0,60.0,58.72,51.64,51.8
2561281020_2561281031_0,60.0,57.49,47.87,53.0
2561281028_254894861_0,60.0,59.21,50.78,53.3
2561281028_253963662_0,60.0,57.56,52.48,52.55
2561281031_2561281043_0,60.0,57.45,47.84,52.45
2561281031_2561281062_0,60.0,57.2,49.57,51.6
2561281043_2561281062_0,60.0,57.17,48.41,51.5
2561281043_254894867_0,60.0,57.52,50.15,51.3
2561281062_2561281064_0,60.0,56.94,49.24,51.75
2561281062_2561281092_0,60.0,59.27,50.18,51.3
2561281064_2561281092_0,60.0,59.11,49.82,51.0
2561281064_3557035265_0,60.0,57.01,47.89,53.4
2561281092_2561281016_0,60.0,58.52,49.88,50.55
2561281100_254894861_0,60.0,59.18,51.65,52.85
2561281100_2561281020_0,60.0,57.61,49.1,53.0
2562061740_3114700795_0,65.0,70.65,68.55,65.5
2562061740_3114700797_0,65.0,66.18,69.01,63.0
2562186397_3780580947_0,70.0,60.2,54.32,55.65
2562186397_282358576_0,70.0,62.0,58.33,58.5
2563141375_1274759931_0,65.0,71.47,70.19,66.7
2563141377_31367737_0,65.0,73.13,67.16,65.65
2563155552_21225824_0,60.0,79.33,62.5,66.95
2563155552_9285870789_0,65.0,82.78,70.19,68.75
2564443787_21310615_0,60.0,75.27,57.42,60.65
2564443787_29462464_0,60.0,77.69,58.4,63.95
2564452286_21310669_0,60.0,74.25,55.52,60.6
2564452286_21310622_0,60.0,72.52,59.18,59.55
2564453158_2564453159_0,60.0,75.53,57.64,61.5
2564453158_21310675_0,60.0,77.18,56.61,62.7
2564453159_21310600_0,60.0,77.45,57.35,61.65
2564453159_2564453160_0,60.0,73.83,57.84,61.05
2564453160_21310600_0,60.0,73.7,59.85,60.95
2564453160_21226801_0,60.0,73.0,60.5,59.3
2564455914_2564455920_0,60.0,79.12,59.92,61.45
2564455914_21310509_0,60.0,80.1,61.54,62.3
2564455920_21226070_0,60.0,76.05,57.4,60.05
2564459446_21225843_0,65.0,72.2,61.21,60.65
2564472939_21310621_0,65.0,74.89,66.1,62.4
2564472939_21226775_0,65.0,76.69,63.64,64.0
2564472940_2564472939_0,65.0,76.96,64.78,64.15
2564472940_21227095_0,65.0,73.61,65.22,61.75
2564472944_2564472940_0,65.0,77.25,66.74,63.1
2564801498_595338324_0,65.0,77.07,61.44,61.6
2565024928_1172305569_0,65.0,80.59,59.37,64.7
2565024928_21225818_0,65.0,81.76,59.98,64.75
2565027893_2565027894_0,65.0,80.98,66.02,66.2
2565027893_21226618_0,65.0,78.61,59.71,58.25
2565027893_29461089_0,65.0,75.41,60.87,58.6
2565027894_2565027893_0,65.0,80.98,66.02,66.2
2565027894_2565027896_0,65.0,77.38,62.57,62.65
2565027894_21226105_0,65.0,79.95,63.48,62.65
2565027896_2565027893_0,65.0,75.33,64.75,58.85
2565027896_21226087_0,65.0,75.65,63.31,59.95
2565039792_2565039814_0,60.0,74.39,61.06,62.4
2565039792_249454720_0,60.0,76.04,62.9,62.55
2565039814_259506069_0,65.0,73.84,57.05,59.4
2565039814_249454720_0,65.0,74.44,60.37,61.45
2565086993_259589850_0,65.0,73.74,67.61,66.55
2565086993_5433028504_0,65.0,79.0,68.25,67.3
2565087002_2565086993_0,65.0,81.85,71.19,68.7
2565128959_2565128999_0,60.0,71.06,57.25,57.7
2565128959_1009311916_0,65.0,71.59,58.12,58.85
2565128987_29462525_0,60.0,71.72,56.07,57.15
2565128987_2565128959_0,65.0,70.39,56.74,56.5
2565128999_1009311916_0,65.0,72.04,56.99,57.2
2565129002_259507516_0,60.0,71.74,54.87,58.25
2565129002_2565128987_0,65.0,70.98,54.04,57.4
2565130874_259508757_0,60.0,70.49,59.8,58.28
2565130874_2565130878_0,65.0,70.15,54.95,56.2
2565130878_2565130884_0,60.0,71.51,57.05,58.5
2565130884_259588888_0,65.0,71.4,57.56,58.4
2565133341_1009312115_0,60.0,70.83,55.37,57.1
2565133341_259514002_0,60.0,71.72,59.06,58.5
2566234779_2566234782_0,65.0,80.46,57.92,61.5
2566234779_313482027_0,60.0,78.75,60.4,60.5
2566234782_29461132_0,65.0,74.74,56.81,58.17
2566234782_13461281596_0,65.0,80.98,59.13,61.62
2566234782_29461130_0,60.0,78.75,64.02,61.9
2566234784_2566246568_0,65.0,83.18,64.1,63.9
2566234784_2689698968_0,65.0,81.59,63.19,64.2
2566246562_2566246599_0,65.0,74.11,57.18,56.7
2566246562_249599268_0,65.0,78.9,56.6,58.8
2566246562_306596909_0,65.0,78.61,55.99,58.55
2566246568_21227055_0,65.0,81.7,63.39,64.1
2566246568_2689678739_0,65.0,83.16,64.18,63.45
2566246578_21227259_0,65.0,80.6,62.62,63.0
2566246584_249599268_0,65.0,79.16,51.81,59.7
2566246584_2689698978_0,65.0,82.4,62.6,63.4
2566246599_29461109_0,60.0,74.63,55.3,60.25
2566593593_661757902_0,65.0,74.29,59.6,60.52
2566633454_151407166_0,65.0,60.38,49.78,58.08
2566633454_255191390_0,65.0,57.94,60.24,63.25
2567747154_21227182_0,65.0,72.58,59.73,64.1
2567747154_891063455_0,65.0,71.7,61.06,65.15
2567747160_21226529_0,65.0,74.28,57.65,64.55
2567747160_21226936_0,65.0,75.1,58.14,64.95
2567747160_2898886775_0,65.0,70.09,57.26,61.85
2567775506_5432159849_0,65.0,62.51,56.08,59.34
2567775506_582770721_0,65.0,64.54,63.23,58.25
2569457832_576702790_0,65.0,63.22,66.53,67.4
2569457833_264230943_0,65.0,58.52,62.35,65.0
2569457833_2569457832_0,65.0,58.5,59.75,63.0
2569457833_2569459682_0,65.0,56.47,57.4,63.05
2569459682_279814671_0,65.0,56.39,59.61,58.75
2569459682_2569457833_0,65.0,56.47,57.4,63.05
2569732556_1942874522_0,60.0,65.34,59.65,61.89
2571094821_392094449_0,60.0,61.88,61.83,65.5
2571094822_508468691_0,60.0,66.97,60.42,67.7
2571094822_2571094821_0,60.0,61.78,59.92,65.35
2571094822_171206293_0,60.0,68.41,61.52,68.75
2571126876_487089357_0,65.0,62.46,63.34,59.95
2571144066_10992367107_0,65.0,73.94,66.48,68.45
2571144068_430689246_0,65.0,72.74,65.12,67.25
2571144381_430785442_0,65.0,68.17,60.1,59.15
2571144381_430785445_0,65.0,69.13,67.95,66.85
2571144383_2571144381_0,65.0,69.69,64.27,65.9
2571144383_430785445_0,65.0,73.78,66.51,68.75
2571529490_1003229723_0,60.0,70.87,54.71,54.7
2574820392_1550365250_0,65.0,63.11,64.0,59.0
2574820392_1843088179_0,65.0,64.41,62.81,62.7
2575601452_2353702506_0,65.0,67.76,64.67,63.9
2575601452_2575601463_0,65.0,73.24,64.84,63.7
2575601458_2575601464_0,65.0,69.27,63.56,62.25
2575601463_31367750_0,65.0,71.27,64.01,65.8
2575601464_29089610_0,65.0,68.12,69.13,64.82
2575601524_2575601587_0,65.0,63.85,62.89,59.85
2575601524_3629147949_0,65.0,68.43,65.13,63.45
2575601587_3629147940_0,65.0,65.69,64.3,61.05
2575602801_2575601524_0,65.0,68.24,63.07,63.6
2575850329_1276400874_0,60.0,62.8,58.99,54.3
2578087391_2701541586_0,65.0,64.06,57.53,57.6
2578087391_392108549_0,65.0,68.78,60.57,61.9
2578087394_2578087391_0,60.0,71.09,64.79,63.3
2579907208_28848528_0,60.0,61.15,59.8,58.0
2579907208_28848538_0,65.0,59.66,61.55,56.9
2583463225_2817459215_0,65.0,71.14,67.55,64.1
2583464067_21226840_0,60.0,71.58,64.12,63.85
2583467639_21227092_0,65.0,69.81,62.55,60.1
2583467639_2583467640_0,60.0,69.43,59.67,58.4
2583467640_29137390_0,60.0,71.34,61.22,58.9
2583605636_2889451337_0,60.0,69.16,57.65,55.15
2584765451_256506079_0,65.0,70.45,65.52,66.65
2584765451_259980909_0,65.0,68.2,64.92,64.25
2585236265_2585236271_0,65.0,67.92,59.67,60.85
2585236271_31367764_0,65.0,68.36,58.84,60.65
2585241735_7793777767_0,65.0,76.1,65.13,67.1
2585241737_3443015421_0,65.0,73.11,65.5,65.6
2585241737_3443015428_0,65.0,71.9,67.4,65.45
2585241737_3443015414_0,65.0,75.26,65.13,66.1
2603507305_480683107_0,65.0,64.35,62.63,64.15
2603507315_2973221747_0,65.0,64.98,60.69,58.82
2603507315_480683105_0,65.0,63.84,55.54,57.75
2603564171_264008376_0,65.0,59.08,64.64,61.25
2603564171_315285587_0,65.0,58.7,57.05,57.5
2605798311_21227268_0,65.0,67.73,62.53,59.5
2605798311_10926123443_0,65.0,67.27,58.57,58.9
2606074926_2606083667_0,65.0,69.39,65.81,63.8
2606074926_242940006_0,65.0,66.17,65.63,62.7
2606083667_6420547634_0,65.0,67.96,65.73,63.45
2606083667_2606083668_0,60.0,69.05,65.56,62.75
2606083668_3062660715_0,65.0,71.36,65.63,62.05
2606300219_2749628486_0,65.0,68.87,60.31,64.6
2606308890_232855765_0,65.0,69.41,59.9,65.0
2606308890_258393988_0,65.0,66.41,65.61,63.55
2608079187_310050240_0,55.0,64.87,52.9,54.95
2608079187_310051294_0,55.0,65.07,50.58,55.7
2608079187_310049075_0,55.0,64.82,55.71,55.6
2608124663_11025794883_0,65.0,73.11,61.76,65.2
2608167282_102218980_0,65.0,76.1,65.3,68.25
2608167282_102224101_0,65.0,75.37,69.19,69.0
2608167283_2173540942_0,65.0,70.69,58.57,61.25
2608167283_127696310_0,65.0,73.08,61.81,64.4
2608167292_2608167282_0,65.0,80.53,67.82,70.2
2608167292_2608180645_0,65.0,75.61,66.67,68.85
2608180645_2608167283_0,65.0,71.68,64.93,64.8
2609125396_583402304_0,60.0,63.12,51.72,56.25
2609125396_583400743_0,60.0,63.38,52.55,57.25
2609125397_2609125398_0,60.0,63.69,55.89,56.65
2609125398_583400743_0,60.0,63.77,54.16,58.2
2609125398_2609125397_0,60.0,63.69,55.89,56.65
2609125398_271198942_0,60.0,64.48,63.03,58.25
2609126193_2609126194_0,60.0,62.68,51.13,56.15
2609126194_2609125396_0,60.0,62.83,51.82,56.4
2609126194_2609126193_0,60.0,62.68,51.13,56.15
2609126195_2609126196_0,60.0,62.18,56.21,56.85
2609126196_2609126195_0,60.0,62.18,56.21,56.85
2609126196_2609126194_0,60.0,62.49,52.22,55.85
2609137130_2530478473_0,60.0,69.77,64.75,62.9
2609137130_2633691791_0,65.0,72.19,65.13,65.2
2609160022_296624462_0,65.0,65.9,57.09,59.85
2609160022_2609160024_0,65.0,65.6,62.11,59.65
2609160024_25543760_0,65.0,67.8,62.12,66.15
2609470172_21227123_0,65.0,71.15,60.59,65.0
2609471065_1172257127_0,60.0,68.36,53.0,56.0
2609471065_2609471067_0,60.0,68.86,53.48,56.4
2609471065_271759689_0,60.0,69.28,54.73,60.15
2609471067_271759734_0,60.0,68.25,52.61,56.25
2609471067_2609471065_0,60.0,68.86,53.48,56.4
2609516220_2609522916_0,65.0,72.77,62.86,66.2
2609516220_27560265_0,65.0,71.87,63.05,66.32
2609516251_4163576989_0,65.0,72.97,63.59,62.85
2609516251_21227300_0,65.0,73.36,64.64,65.25
2609516252_27560234_0,65.0,70.23,66.57,65.9
2609516252_1837368287_0,65.0,69.94,62.43,65.65
2609516252_2889467124_0,60.0,72.08,64.24,65.55
2609516252_2609522916_0,65.0,71.93,64.96,65.95
2609516253_21226305_0,65.0,71.18,65.21,65.65
2609516253_21226942_0,65.0,72.59,65.87,65.4
2609516253_2889467124_0,60.0,71.53,64.52,65.55
2609522916_2609516220_0,65.0,72.77,62.86,66.2
2609522916_2609516252_0,65.0,71.93,64.96,65.95
2609522919_2609522916_0,65.0,68.09,63.19,59.65
2609522919_27560234_0,65.0,68.53,63.63,64.4
2609558196_2609558201_0,65.0,68.1,60.25,63.5
2609558199_2609558204_0,65.0,68.19,59.18,63.1
2609558201_232856404_0,65.0,67.8,60.8,62.95
2609558201_2609558199_0,65.0,67.8,62.57,63.35
2609558204_252222514_0,65.0,67.07,59.18,62.2
2609558204_2609558196_0,65.0,68.06,60.55,63.9
2609609004_315285596_0,65.0,59.57,58.36,61.35
2609609004_264230957_0,65.0,63.82,59.45,61.3
2610493553_2610493558_0,65.0,64.75,62.93,61.42
2610493553_273982895_0,65.0,66.73,61.47,62.3
2610493558_273982895_0,65.0,65.29,61.8,63.25
2610493558_1938126723_0,65.0,63.32,57.66,60.57
2610493572_2134635301_0,60.0,69.2,64.42,62.74
2610493572_2655724267_0,60.0,68.06,63.64,62.8
2610496052_1483706516_0,65.0,62.95,61.66,62.2
2610496052_273985612_0,65.0,64.25,58.89,62.65
2610501035_232851092_0,65.0,69.07,61.23,62.3
2610501035_2610501058_0,65.0,68.88,60.54,61.1
2610501036_2610501035_0,65.0,69.39,61.85,61.55
2610501058_5428808194_0,65.0,69.89,62.07,61.9
2610501061_2781321361_0,65.0,68.85,59.38,62.15
2610501062_2610501058_0,65.0,69.61,61.56,62.45
2610501095_2610501062_0,65.0,67.53,58.65,62.0
2610501095_560983598_0,65.0,67.32,58.17,61.9
2610501097_5428808191_0,65.0,69.57,62.36,60.95
2610501097_27551115_0,65.0,70.0,67.57,63.9
2610501112_560983598_0,60.0,69.5,62.68,62.0
2610502412_2542326968_0,65.0,70.42,63.72,62.95
2612155729_251435250_0,65.0,66.72,65.92,64.35
2612155729_469526695_0,65.0,71.29,63.1,64.0
2612155730_2612155729_0,65.0,70.33,64.26,64.4
2612160474_2633770183_0,65.0,67.49,59.64,62.25
2612232869_982855618_0,60.0,65.1,52.25,54.5
2613211234_2613211577_0,60.0,64.56,59.57,58.1
2613211234_249381671_0,60.0,66.24,63.76,59.1
2613211234_249381643_0,60.0,64.04,59.98,57.55
2613211236_2613211577_0,60.0,63.77,59.65,58.15
2613211236_335770822_0,60.0,65.32,55.54,59.13
2613211577_259599288_0,60.0,64.18,57.53,58.68
2613211577_2613211236_0,60.0,63.77,59.65,58.15
2613242864_261283492_0,60.0,66.47,56.74,56.95
2613242864_2613242889_0,65.0,69.62,57.89,60.45
2613242864_344814483_0,65.0,69.7,54.27,60.25
2613242889_344814487_0,65.0,67.5,58.28,59.95
2613254722_2880564819_0,55.0,64.23,59.35,61.2
2613254722_714331161_0,60.0,64.27,55.25,57.45
2613616020_21306400_0,65.0,72.7,66.68,67.32
2613616044_2633996002_0,65.0,72.27,64.41,65.35
2613616065_3073232885_0,65.0,68.49,62.06,64.6
2613998016_292083439_0,65.0,65.29,56.13,61.15
2613998016_292083473_0,65.0,63.98,58.56,57.75
2613998016_2613998018_0,65.0,63.96,55.51,58.5
2613998018_261987857_0,65.0,64.03,55.32,56.4
2613998018_292083439_0,65.0,64.8,57.04,60.55
2613998018_2613998016_0,65.0,63.96,55.51,58.5
2614057254_2614057261_0,60.0,68.86,63.96,61.0
2614057254_21226409_0,65.0,71.37,63.88,61.15
2614057261_21226409_0,60.0,69.22,61.94,60.9
2614057261_10962015680_0,60.0,67.77,58.25,59.5
2614482935_256501199_0,60.0,64.45,55.3,57.92
2614484399_207141124_0,65.0,68.05,61.03,63.7
2614484399_574993746_0,65.0,69.67,63.15,63.35
2614484399_9238787283_0,65.0,67.33,59.34,62.41
2614490853_2614490863_0,65.0,60.77,58.53,58.9
2614490853_2614490855_0,65.0,60.97,56.24,60.55
2614490854_2023170516_0,65.0,61.66,61.72,57.27
2614490854_564408584_0,65.0,60.92,56.45,58.35
2614490855_564408584_0,65.0,61.45,58.98,59.35
2614490855_2614490854_0,65.0,60.91,54.67,59.55
2614490858_2549211242_0,65.0,60.89,58.14,58.95
2614490858_2614490870_0,65.0,60.56,58.12,59.1
2614490861_2614490870_0,65.0,61.39,59.59,58.95
2614490861_2614490858_0,65.0,60.6,59.76,58.8
2614490863_504647305_0,65.0,60.67,60.06,58.9
2614490870_2614490855_0,65.0,61.22,60.64,59.8
2614490870_2614490863_0,65.0,60.8,58.43,60.3
2614492907_256986661_0,65.0,71.6,60.42,62.92
2614492907_206176495_0,65.0,68.14,60.27,61.75
2614544862_11070778551_0,60.0,64.87,58.42,60.58
2614544863_206146812_0,55.0,65.8,59.7,56.7
2614546118_2614544862_0,55.0,65.33,59.1,56.95
2614751145_206144052_0,65.0,63.81,60.14,61.55
2614751145_2614751149_0,65.0,65.42,60.79,63.1
2614751149_2614751152_0,65.0,63.38,59.98,59.1
2614751152_2614751145_0,65.0,64.17,62.91,62.6
2614751152_1745715324_0,65.0,63.14,60.24,58.8
2622392115_3062660715_0,65.0,73.97,67.8,64.6
2622392115_232855786_0,65.0,73.42,66.4,65.75
2623432633_1006145405_0,65.0,64.17,55.94,56.0
2623432635_1006145384_0,65.0,65.57,56.65,57.9
2623432635_2786442237_0,65.0,63.98,60.48,57.95
2623451966_11881076371_0,65.0,65.21,59.26,53.75
2625802182_264496774_0,60.0,53.72,56.67,53.55
2626164547_2880379640_0,60.0,76.41,63.27,62.19
2626164547_31331841_0,60.0,74.84,64.52,62.6
2626164550_2880379640_0,60.0,70.6,62.36,61.35
2626164550_2880112828_0,65.0,68.93,61.52,59.4
2629356453_2763608725_0,60.0,59.23,55.94,55.9
2629356454_2629356453_0,60.0,59.36,57.27,56.7
2629356454_268403410_0,60.0,60.13,58.93,56.45
2629358207_935738072_0,60.0,57.31,57.18,56.15
2629358207_251888804_0,60.0,57.32,56.18,57.25
2632468922_2632468926_0,65.0,71.7,62.88,64.95
2632468922_430785476_0,65.0,70.93,63.33,64.45
2632468926_3698850102_0,65.0,69.9,61.0,62.55
2632468926_2632468955_0,65.0,71.17,66.51,64.9
2632468936_2632468953_0,65.0,71.11,62.86,64.2
2632468936_2548737327_0,65.0,70.31,65.76,63.55
2632468950_2632468955_0,65.0,73.3,64.87,65.3
2632468950_2632468922_0,65.0,71.32,63.05,64.6
2632468950_205742369_0,65.0,72.69,62.19,62.9
2632468953_2632468950_0,65.0,71.2,62.58,64.65
2632468953_1448467632_0,65.0,69.82,63.48,62.2
2632468955_2632468950_0,65.0,73.3,64.87,65.3
2632468955_2632468936_0,65.0,71.13,65.74,65.0
2632468955_262698797_0,65.0,73.68,63.71,64.15
2633688582_2909145019_0,65.0,71.08,61.91,63.6
2633688582_269347365_0,65.0,71.33,65.8,64.58
2633688582_2550308090_0,65.0,70.67,66.6,64.35
2633691791_232838336_0,60.0,66.88,63.86,63.5
2633691791_2633688582_0,65.0,73.52,64.66,66.15
2633722456_10583841828_0,65.0,73.03,68.28,62.55
2633722456_1934442765_0,65.0,70.43,64.83,66.55
2633722461_21555657_0,65.0,73.07,61.83,66.05
2633722461_1521065931_0,65.0,70.92,62.78,63.6
2633725648_253238672_0,65.0,72.2,64.99,63.4
2633725648_1521058266_0,65.0,67.42,64.05,61.42
2633725648_2909145019_0,65.0,70.7,67.84,62.65
2633770183_2633770187_0,65.0,67.74,62.41,63.05
2633770183_251564446_0,65.0,67.12,59.11,62.3
2633770187_314432641_0,65.0,68.19,59.45,62.3
2633996002_259846455_0,65.0,69.96,62.83,64.5
2633996002_2066388944_0,65.0,65.81,62.86,64.1
2634856483_313367639_0,65.0,72.75,60.65,57.1
2634856483_262372857_0,65.0,72.53,57.98,58.95
2634875235_1137778220_0,55.0,73.74,59.41,58.65
2634875235_2634877009_0,55.0,73.46,62.11,58.45
2634877009_2634875235_0,55.0,73.46,62.11,58.45
2634877009_2634877019_0,60.0,73.19,59.38,57.8
2634877012_2634890544_0,60.0,72.86,60.33,57.8
2634877012_2634889896_0,60.0,73.03,58.94,57.55
2634877019_2634877012_0,60.0,72.94,59.21,57.35
2634877047_2634877009_0,60.0,73.3,56.87,57.3
2634877047_2634877019_0,60.0,73.17,59.25,57.85
2634889896_2634877047_0,60.0,73.26,57.17,57.7
2634890544_2796752613_0,60.0,72.93,58.88,58.4
2634890544_2634889896_0,60.0,73.11,56.75,57.75
2634912203_2796752653_0,60.0,75.75,64.0,61.45
2634912207_248289859_0,60.0,73.2,60.17,56.7
2634923609_2796801750_0,60.0,69.54,56.78,57.6
2634929216_248226755_0,60.0,70.93,56.77,56.1
2634929216_745947063_0,65.0,69.49,53.26,56.78
2634929400_137112311_0,65.0,66.81,54.17,56.15
2634941957_248226747_0,60.0,69.66,60.7,57.6
2634944481_31274844_0,65.0,67.53,62.09,57.45
2634944481_249381314_0,55.0,63.63,60.97,57.95
2634954309_271199838_0,65.0,66.82,63.17,57.55
2634976835_747373773_0,60.0,68.52,57.14,61.25
2634976835_2634977366_0,60.0,69.81,57.33,61.7
2634977366_248226744_0,60.0,69.63,58.62,58.95
2634977366_2634976835_0,60.0,69.81,57.33,61.7
2634988011_2514838132_0,60.0,68.91,61.35,59.25
2634988011_9396365792_0,60.0,70.38,58.42,58.8
2635005742_1869393835_0,60.0,65.77,54.92,55.5
2635005742_5451394130_0,60.0,65.79,55.09,54.15
2635077471_292674307_0,60.0,54.98,47.79,44.2
2635077471_2635077471_0,60.0,55.33,41.45,44.5
2635139103_281439900_0,65.0,61.91,61.67,61.12
2635139103_281437110_0,65.0,59.73,61.62,61.45
2637568702_2542782608_0,65.0,67.68,65.73,66.65
2637568702_31013279_0,65.0,74.6,66.4,68.5
2637568703_2637568702_0,65.0,73.9,65.99,67.5
2638359956_27551109_0,65.0,75.3,65.01,68.9
2638359956_2543182113_0,65.0,72.31,67.82,67.7
2645429148_1439241997_0,60.0,58.06,54.0,52.15
2645429148_2645429149_0,60.0,59.28,52.4,54.75
2645429148_253967089_0,60.0,59.8,57.24,54.75
2645429149_2645429148_0,60.0,59.28,52.4,54.75
2645692103_232820447_0,65.0,70.2,62.29,63.95
2653901148_206147109_0,60.0,65.77,63.69,63.1
2653901148_283838367_0,60.0,64.63,60.24,60.67
2655711093_283838366_0,60.0,63.43,56.54,57.15
2655711093_2655711096_0,60.0,63.78,59.44,57.7
2655711096_2788077153_0,65.0,64.45,57.66,58.4
2655724267_2653901148_0,60.0,65.39,66.09,62.45
2655724267_206147109_0,65.0,67.3,61.68,62.6
2655728781_250828119_0,65.0,65.98,60.11,60.75
2655763312_264140609_0,60.0,52.97,58.67,58.65
2655763312_263772303_0,60.0,56.82,56.17,54.3
2655763312_263766041_0,60.0,57.3,58.17,56.3
2656255691_2656255693_0,65.0,65.08,62.45,64.6
2656255691_295546865_0,65.0,68.82,63.36,64.42
2656255693_2719821941_0,65.0,66.12,62.57,67.6
2658304772_259846269_0,65.0,63.5,59.24,55.45
2659342435_3400307597_0,65.0,65.74,61.34,58.1
2659342435_345435905_0,65.0,66.96,62.7,61.7
2660989360_29089643_0,65.0,67.2,62.5,62.17
2660989364_2660994650_0,65.0,66.23,58.75,58.9
2660989364_2660989360_0,65.0,66.33,55.97,56.2
2660989364_95766256_0,65.0,66.7,59.46,58.9
2660994645_2660994650_0,65.0,66.04,59.27,59.54
2660994645_29089639_0,60.0,66.42,60.74,60.42
2660994645_4475491192_0,60.0,66.78,57.57,55.95
2660994650_2660989364_0,65.0,66.23,58.75,58.9
2660994650_29089639_0,65.0,66.64,59.52,61.25
2661012132_7653157375_0,65.0,67.95,61.22,60.75
2661069714_2661069715_0,65.0,81.79,66.64,67.2
2661069714_27541482_0,65.0,77.77,60.54,66.6
2661069714_27530087_0,65.0,77.99,64.33,65.95
2661069715_2661069719_0,65.0,83.39,68.96,68.1
2661069715_2661069714_0,65.0,81.79,66.64,67.2
2661069715_27530094_0,65.0,82.35,65.92,68.4
2661069717_2661074358_0,65.0,78.82,66.17,66.0
2661069717_21226574_0,65.0,76.95,61.34,64.5
2661069717_27530087_0,65.0,77.42,64.93,65.1
2661069719_2661069715_0,65.0,83.39,68.96,68.1
2661069719_2661069721_0,65.0,78.54,64.59,65.9
2661069719_21226767_0,65.0,81.61,66.91,69.0
2661069721_259592142_0,65.0,74.02,64.03,61.9
2661069721_2661069719_0,65.0,78.54,64.59,65.9
2661069721_252820377_0,65.0,78.06,63.0,62.3
2661074358_2661069717_0,65.0,78.82,66.17,66.0
2661091140_1003229685_0,65.0,80.56,66.22,66.05
2661091140_2661093540_0,65.0,77.23,63.64,63.65
2661093540_27541583_0,65.0,75.9,63.83,64.05
2664295512_427583355_0,60.0,66.73,61.29,59.45
2665624762_207121174_0,60.0,60.1,59.33,57.45
2665624762_207121302_0,60.0,60.37,55.42,56.5
2665632707_2629358207_0,60.0,59.03,58.25,55.7
2665632707_2763608725_0,60.0,59.63,56.24,56.05
2665646179_1561732864_0,60.0,57.41,57.0,52.9
2665668133_2769207942_0,55.0,58.84,55.31,55.55
2665668133_268403440_0,60.0,60.62,56.25,56.35
2666699621_29137433_0,65.0,66.39,58.87,58.55
2666800638_3054612844_0,65.0,67.32,62.64,61.1
2667777538_258095291_0,65.0,68.04,62.73,63.75
2667777538_2781321360_0,65.0,68.96,64.82,63.35
2667777540_5286300315_0,65.0,68.09,62.73,63.55
2667777545_309666490_0,60.0,67.25,60.59,62.35
2667777545_2667777548_0,60.0,68.48,63.6,62.85
2667777548_25543504_0,60.0,68.39,61.97,62.6
2667777548_1938093369_0,60.0,66.47,59.17,63.0
2668422149_2696461251_0,55.0,65.66,59.64,59.0
2668422149_2696461250_0,60.0,66.74,59.69,57.9
2668423987_2696461249_0,60.0,67.73,59.3,56.85
2668423987_2696461252_0,55.0,68.0,58.07,56.45
2669114245_232825361_0,65.0,67.12,60.54,62.15
2688272769_2688272771_0,55.0,65.62,55.62,55.95
2688272769_574886408_0,60.0,66.2,54.94,57.4
2688272769_2688272772_0,60.0,65.36,55.7,57.4
2688272771_2688272769_0,55.0,65.62,55.62,55.95
2688272771_2688272773_0,55.0,65.36,54.59,55.45
2688272771_260785435_0,55.0,66.84,54.23,55.55
2688272772_2688272773_0,60.0,65.46,52.48,56.6
2688272772_2688272769_0,60.0,65.36,55.7,57.4
2688272773_2688272771_0,55.0,65.36,54.59,55.45
2688272773_982855618_0,60.0,65.23,57.4,55.2
2688421893_308238911_0,65.0,71.9,66.7,67.65
2688421894_250228857_0,65.0,68.2,60.03,62.0
2688520688_2688520693_0,65.0,68.04,63.74,68.35
2688520689_250228905_0,65.0,70.58,67.12,69.2
2688520693_308238907_0,65.0,67.64,65.96,68.15
2688520694_2688520689_0,65.0,67.06,64.04,69.05
2689678713_29461132_0,65.0,74.48,54.01,55.65
2689678713_248225098_0,65.0,74.27,58.5,56.9
2689678713_29461185_0,65.0,74.65,59.06,58.85
2689678734_2689678736_0,65.0,82.49,63.98,63.05
2689678734_248225098_0,65.0,80.46,58.09,61.8
2689678736_2566234784_0,65.0,83.02,65.35,63.5
2689678736_2689698968_0,65.0,80.85,64.24,63.6
2689678739_2566246584_0,65.0,81.55,62.16,62.3
2689698968_29461185_0,65.0,77.53,59.78,60.71
2689698969_2566246568_0,65.0,81.5,63.0,63.7
2689698969_2689678739_0,65.0,81.17,63.46,63.7
2689698978_21226416_0,65.0,81.14,64.13,63.6
2689698978_21227055_0,65.0,84.02,63.55,64.5
2690009440_2690009452_0,65.0,63.56,58.64,60.32
2690009440_246989929_0,65.0,63.78,62.32,59.85
2690009452_246989939_0,60.0,63.62,61.11,59.45
2690009452_31367763_0,60.0,64.06,59.92,60.5
2690009458_31367769_0,60.0,64.76,61.12,61.6
2690009458_31367770_0,60.0,65.0,62.53,62.3
2690009462_7653690913_0,65.0,66.28,61.14,60.45
2690009462_2690009458_0,65.0,64.46,61.16,60.75
2690009510_2690009462_0,65.0,65.82,61.47,61.1
2690373433_253647556_0,60.0,57.1,55.5,55.1
2690373440_309100922_0,60.0,58.07,59.72,54.45
2690418412_295993305_0,60.0,65.86,56.92,60.55
2690418425_1478974800_0,65.0,67.98,58.82,61.95
2690418425_1943151433_0,65.0,68.37,66.7,66.5
2690418428_1478974800_0,60.0,67.29,60.25,60.15
2690418428_2473239173_0,60.0,66.07,60.06,58.9
2690418428_2690418425_0,65.0,66.4,59.99,59.95
2690531299_205742374_0,65.0,69.05,58.19,64.1
2690531299_9496006175_0,65.0,71.57,66.56,68.65
2690531299_2690531303_0,65.0,71.82,67.45,68.2
2690531302_2690531299_0,65.0,72.41,67.14,67.9
2690531302_9496006175_0,65.0,76.81,67.78,69.75
2690531303_536653681_0,65.0,75.48,65.19,68.9
2691592118_539807354_0,65.0,69.12,57.58,60.85
2692614036_2714751773_0,65.0,67.27,61.48,58.22
2694520745_2694520748_0,60.0,65.0,57.48,56.85
2694520745_1530212277_0,60.0,65.05,59.5,59.6
2694520748_2694520745_0,60.0,65.0,57.48,56.85
2694520748_2694520756_0,60.0,64.78,58.23,56.15
2694520752_2694520745_0,60.0,64.94,57.73,56.35
2694520752_2694520756_0,60.0,65.03,58.91,57.05
2694520756_21226290_0,60.0,65.07,59.03,59.5
2694520756_2694520752_0,60.0,65.03,58.91,57.05
2694596377_271198794_0,55.0,64.81,51.08,57.65
2694596377_583400786_0,55.0,64.51,54.15,56.2
2694596379_281000323_0,55.0,63.75,53.24,54.7
2694596379_583400786_0,55.0,64.3,53.37,55.2
2694596379_2694596377_0,55.0,64.59,54.33,56.6
2694596380_281000203_0,55.0,64.2,56.31,57.15
2694596380_2714434284_0,55.0,63.67,52.13,53.65
2694596380_281000323_0,55.0,63.75,53.4,55.0
2694596381_281000203_0,55.0,63.94,53.26,56.25
2694596382_281000323_0,55.0,63.29,48.57,53.75
2694596382_2694596383_0,55.0,62.8,47.96,54.35
2694596382_2714434290_0,55.0,63.36,45.98,54.15
2694596383_583400756_0,55.0,62.44,48.34,54.35
2694596383_2694596382_0,55.0,62.8,47.96,54.35
2694596383_2714434298_0,55.0,62.82,49.05,54.25
2694596385_583402279_0,60.0,62.09,48.4,54.65
2694596385_2714399234_0,55.0,61.11,47.54,53.0
2694596385_2787322533_0,60.0,61.26,47.44,54.05
2696090760_21226645_0,65.0,71.0,62.19,61.65
2696090763_2696090774_0,65.0,71.41,61.52,60.2
2696090769_2696090760_0,65.0,71.9,64.86,58.05
2696090774_21389421_0,65.0,73.6,65.74,64.1
2696090781_738953327_0,65.0,65.91,59.03,57.05
2696103832_340178381_0,65.0,71.68,61.03,62.5
2696103832_13266396373_0,60.0,73.28,61.23,63.0
2696103832_1938444227_0,65.0,71.27,62.9,63.45
2696461249_2668423987_0,60.0,67.73,59.3,56.85
2696461249_2696461250_0,60.0,65.84,59.75,56.9
2696461249_25543897_0,60.0,65.12,58.54,57.0
2696461250_2668422149_0,60.0,66.74,59.69,57.9
2696461251_2668422149_0,55.0,65.66,59.64,59.0
2696461251_2696461252_0,60.0,65.77,59.28,57.7
2696461251_205749469_0,55.0,64.36,58.93,58.0
2696461252_2668423987_0,55.0,68.0,58.07,56.45
2696488767_250162729_0,60.0,56.42,55.87,55.6
2696488768_250162729_0,65.0,57.54,49.76,54.2
2696621683_282530614_0,65.0,78.73,58.53,61.6
2696621683_2702823485_0,65.0,78.23,62.38,60.55
2696621686_1172171278_0,65.0,77.6,60.84,59.1
2696621714_262370257_0,60.0,71.49,60.53,54.4
2696621718_257678311_0,65.0,83.12,59.76,61.85
2696621718_312792175_0,65.0,81.72,59.7,61.2
2696621726_257678311_0,65.0,83.32,60.66,60.3
2696621726_2696621718_0,65.0,82.22,60.38,60.65
2696621728_2696621726_0,65.0,84.53,60.66,59.5
2696621728_2696621743_0,60.0,78.51,60.13,59.65
2696621732_313482027_0,60.0,78.95,55.61,56.45
2696621732_2696621728_0,60.0,81.39,60.7,60.4
2696621742_2696621726_0,65.0,78.89,60.77,60.6
2696621743_2796832694_0,60.0,75.74,57.2,58.1
2696669575_2697801689_0,65.0,70.79,53.25,57.0
2696669575_2697801694_0,60.0,70.86,58.19,57.45
2696669575_29461142_0,65.0,70.99,55.73,58.12
2696669578_29461142_0,65.0,71.85,62.5,59.05
2696669578_29462828_0,65.0,73.62,60.32,60.9
2696669581_29461140_0,65.0,71.94,57.89,58.35
2696669581_29461138_0,60.0,72.25,58.47,58.0
2696669581_29461166_0,65.0,73.74,56.86,61.66
2696669600_29461138_0,55.0,72.72,55.4,55.8
2696669600_29461136_0,55.0,72.6,55.96,56.0
2696669600_29461164_0,60.0,73.65,57.67,56.5
2697801623_1761358003_0,65.0,76.88,61.47,60.9
2697801670_29461155_0,55.0,71.03,55.65,57.05
2697801670_29461163_0,55.0,70.7,56.73,57.5
2697801670_29461161_0,55.0,70.93,55.06,58.0
2697801671_249593733_0,55.0,71.11,55.15,57.6
2697801671_29461153_0,55.0,70.61,56.09,56.38
2697801671_29461162_0,55.0,70.66,55.56,58.25
2697801679_2697801686_0,65.0,70.78,53.63,57.6
2697801679_249593733_0,60.0,70.75,55.45,57.25
2697801679_249593660_0,65.0,71.83,52.9,58.55
2697801686_2697801679_0,65.0,70.78,53.63,57.6
2697801686_2697801689_0,65.0,70.82,53.27,57.25
2697801686_249593714_0,60.0,70.56,54.1,56.95
2697801688_249593663_0,55.0,70.74,58.7,57.1
2697801688_29461151_0,55.0,70.72,54.46,56.9
2697801688_2697801691_0,55.0,70.6,56.74,56.3
2697801689_2696669575_0,65.0,70.79,53.25,57.0
2697801689_2697801686_0,65.0,70.82,53.27,57.25
2697801689_249593692_0,60.0,70.71,54.78,56.8
2697801691_2697801688_0,55.0,70.6,56.74,56.3
2697801691_249593657_0,55.0,70.63,56.99,55.45
2697801691_2697801695_0,55.0,70.85,58.49,56.25
2697801694_29461150_0,60.0,71.11,57.2,57.7
2697801694_2697801695_0,60.0,71.08,56.81,56.75
2697801694_2696669575_0,60.0,70.86,58.19,57.45
2697801695_2697801694_0,60.0,71.08,56.81,56.75
2697801695_29461149_0,60.0,71.12,56.85,56.15
2697801695_2697801691_0,55.0,70.85,58.49,56.25
2698680766_27551115_0,65.0,73.98,65.01,64.1
2698680766_2471413170_0,65.0,76.32,65.15,65.4
2698680766_27552415_0,65.0,73.39,65.54,65.65
2698680776_29797334_0,60.0,66.03,59.6,58.0
2698680776_3105497573_0,65.0,68.3,59.54,58.85
2698680784_25543717_0,65.0,69.19,61.89,62.5
2698680784_3105497573_0,65.0,69.66,59.18,59.6
2698680784_29797334_0,65.0,65.48,61.45,55.55
2698680803_4134987512_0,65.0,65.56,64.25,61.85
2698680820_2698680830_0,60.0,66.01,59.66,60.8
2698680830_6848651202_0,65.0,65.25,59.11,60.25
2699721036_78462276_0,65.0,68.78,60.42,61.2
2699721036_31012774_0,65.0,70.47,59.51,63.45
2699721036_1602512889_0,60.0,69.41,62.36,63.05
2699755109_1478978835_0,65.0,70.07,60.49,62.65
2699755109_1478974809_0,65.0,67.51,60.72,61.75
2699928263_2699941004_0,65.0,68.65,56.8,55.75
2699928263_1251181389_0,70.0,69.21,57.83,56.15
2699928284_1251181538_0,65.0,69.81,58.71,56.8
2699928284_2699928291_0,70.0,70.49,59.23,57.15
2699928291_102277684_0,70.0,70.5,57.76,60.1
2699928291_2699928284_0,70.0,70.49,59.23,57.15
2699941004_102220650_0,65.0,68.58,55.69,56.65
2699941004_2699928263_0,65.0,68.69,56.94,55.65
2700033540_1764266544_0,65.0,63.05,54.82,57.6
2700033540_441058568_0,65.0,63.07,57.4,57.2
2700033561_2613998018_0,65.0,64.14,55.32,57.3
2700033561_2613998016_0,65.0,64.6,54.77,60.4
2700098937_258326079_0,65.0,81.35,63.17,68.1
2700098938_258326081_0,65.0,78.27,59.43,62.85
2700123800_429187981_0,65.0,69.38,57.13,58.65
2700123800_5427643460_0,65.0,70.21,65.31,59.6
2700130770_1030280449_0,65.0,66.04,60.93,63.5
2700130770_1860872118_0,65.0,67.56,65.67,62.85
2700130770_2700130777_0,65.0,66.96,65.72,62.85
2700130777_1030280410_0,65.0,66.39,64.67,62.3
2700130777_1473280923_0,65.0,66.89,63.91,62.35
2700130780_2700130777_0,65.0,66.74,63.92,62.5
2700130780_2700130770_0,65.0,67.08,61.48,62.85
2700211343_1736732473_0,65.0,69.09,66.23,66.9
2700211343_1737460985_0,65.0,65.41,61.65,64.15
2700238601_246100080_0,65.0,63.44,56.92,61.7
2700238601_2700238602_0,65.0,62.86,57.38,61.7
2700238601_243716607_0,60.0,61.17,57.94,57.95
2700238602_246100080_0,65.0,69.12,57.08,63.9
2700238602_246100081_0,65.0,66.51,62.55,66.55
2700266008_255321454_0,60.0,63.16,52.43,56.85
2700266019_2715186343_0,60.0,62.16,53.69,57.35
2700266019_2700266056_0,60.0,61.0,52.02,55.3
2700266040_306417618_0,60.0,62.02,53.82,57.2
2700266040_2700266008_0,60.0,61.61,50.54,55.75
2700266056_2700266040_0,60.0,62.29,52.23,55.95
2700518154_102228606_0,65.0,62.45,59.63,56.8
2700537615_1763153055_0,60.0,63.49,58.12,61.85
2700537617_255321075_0,65.0,62.57,55.31,57.0
2700537617_1942968938_0,60.0,63.9,58.76,61.72
2700658128_1816088230_0,65.0,69.24,63.51,60.4
2700658128_560983818_0,65.0,70.81,59.95,60.25
2700658159_5425010320_0,70.0,70.41,57.5,58.3
2701080199_959903395_0,65.0,65.86,54.76,55.62
2701080199_959903397_0,65.0,65.8,58.1,57.2
2701080199_2707357730_0,65.0,66.11,54.18,55.65
2701112360_574839870_0,65.0,65.39,58.37,59.7
2701112360_205744877_0,65.0,74.1,67.65,68.7
2701112369_517358919_0,65.0,64.56,63.84,58.6
2701112369_3061381597_0,65.0,65.82,68.42,63.3
2701175492_1171087785_0,60.0,63.75,58.07,64.4
2701175492_243668379_0,60.0,63.36,57.84,63.65
2701175496_252645392_0,65.0,64.25,64.11,64.1
2701176577_1973583723_0,65.0,67.19,57.66,56.95
2701176577_1973604213_0,65.0,66.19,53.69,55.7
2701250497_1973583757_0,70.0,72.83,57.77,56.2
2701250497_2972798953_0,65.0,73.57,62.75,57.25
2701276612_261990313_0,70.0,61.61,45.67,48.95
2701276612_3373436887_0,65.0,60.49,50.22,53.55
2701464592_250197612_0,65.0,66.24,63.99,66.15
2701464592_250291798_0,65.0,67.8,62.46,68.15
2701464594_2701464592_0,65.0,67.03,63.31,67.88
2701464594_31333336_0,65.0,68.06,65.41,68.5
2701537327_250051783_0,70.0,57.97,60.34,55.05
2701537377_1171087305_0,60.0,61.62,58.07,62.03
2701541586_8377898739_0,60.0,63.71,56.69,57.0
2701554588_485947991_0,55.0,62.61,57.66,55.75
2701567566_243479233_0,60.0,62.91,59.52,63.45
2701567566_223453443_0,65.0,64.25,57.74,63.8
2701578578_249177473_0,55.0,59.96,51.04,52.8
2701579876_3785130137_0,60.0,62.14,60.87,56.5
2701579876_2711646135_0,55.0,61.57,55.79,56.65
2701579937_1477610076_0,60.0,66.64,64.74,59.4
2701579937_255895529_0,60.0,63.75,56.54,58.77
2701604923_3366811268_0,60.0,66.37,58.63,60.9
2701605499_1477610085_0,65.0,67.16,61.79,59.85
2701605499_2701605508_0,65.0,70.2,61.25,60.58
2701605508_268052109_0,65.0,69.54,60.69,60.32
2701605508_268052108_0,65.0,70.95,62.9,60.8
2701614261_283840346_0,60.0,59.95,51.8,57.25
2701614261_205748236_0,55.0,61.49,57.84,60.2
2701614261_206175280_0,55.0,58.86,51.43,54.5
2701631575_2101408731_0,60.0,69.91,55.3,57.25
2701663989_2101408734_0,60.0,70.61,51.06,58.15
2701845125_9873875150_0,65.0,59.46,57.14,55.85
2701845125_1461429116_0,65.0,61.83,56.87,58.95
2701873211_249177464_0,60.0,60.25,54.47,56.27
2701873211_206146662_0,60.0,65.45,63.03,61.05
2701873214_2701873211_0,60.0,65.67,61.29,60.37
2701873214_206146662_0,65.0,67.54,62.95,63.24
2701891653_273097929_0,65.0,64.86,61.68,62.05
2701893582_295546853_0,65.0,62.26,61.08,61.25
2701893583_1474088228_0,65.0,63.1,63.24,62.9
2701893583_11022929817_0,65.0,66.16,61.07,63.37
2701893604_2701893609_0,65.0,57.7,54.56,55.4
2701893609_252207829_0,65.0,57.54,54.34,56.28
2701893609_2701893604_0,65.0,57.7,54.56,55.4
2702238183_21226114_0,65.0,75.98,63.07,65.65
2702299898_205694963_0,65.0,66.86,59.63,60.5
2702299898_205694970_0,65.0,66.5,58.13,61.5
2702299898_255322271_0,65.0,65.85,59.42,59.75
2702299898_205694967_0,65.0,66.06,60.21,62.35
2702311811_257897067_0,60.0,65.6,61.48,60.9
2702311813_205694970_0,65.0,68.66,63.52,62.7
2702311813_2702311811_0,65.0,67.0,64.42,61.75
2702321640_241469355_0,65.0,70.01,69.1,66.5
2702321640_2945626673_0,65.0,69.95,68.45,66.1
2702631544_257988348_0,60.0,62.02,56.0,59.15
2702717598_262985522_0,65.0,58.12,61.83,57.05
2702717598_262985524_0,65.0,58.26,57.22,58.55
2702717598_12285352811_0,65.0,57.31,57.92,56.85
2702724788_1245605376_0,65.0,64.77,53.46,55.45
2702724788_102240023_0,70.0,64.87,58.08,58.9
2702724788_2702724790_0,65.0,64.89,55.27,55.4
2702724790_2702724788_0,65.0,64.89,55.27,55.4
2702724790_102251009_0,65.0,65.85,58.14,56.72
2702724794_1505194141_0,65.0,64.82,55.71,56.05
2702744132_850880299_0,60.0,65.34,54.72,56.35
2702771660_1427961613_0,65.0,69.92,63.91,64.45
2702771663_255192856_0,65.0,69.49,62.44,60.45
2702803938_596363449_0,65.0,68.53,57.57,59.77
2702823401_662344052_0,65.0,74.38,59.78,61.2
2702823437_595334474_0,65.0,76.51,57.84,60.3
2702823465_260784696_0,65.0,75.07,59.46,60.4
2702823485_595334034_0,65.0,77.8,57.39,61.15
2702823485_282536878_0,65.0,80.6,58.42,61.2
2702859001_1477749875_0,60.0,62.89,53.72,53.4
2702859001_917569477_0,60.0,61.68,54.25,53.5
2702859001_3242415609_0,60.0,63.71,54.89,53.5
2702859007_3782469692_0,60.0,65.61,55.69,58.4
2702859007_1477749863_0,60.0,64.12,56.77,56.2
2702859008_943029014_0,60.0,61.73,53.8,53.15
2702859008_1477749852_0,60.0,63.57,54.26,52.2
2703054437_2714249071_0,65.0,72.55,62.8,63.0
2703054437_3455807539_0,65.0,70.25,61.81,62.35
2703068006_3371086664_0,65.0,65.31,57.86,62.3
2703068006_2703068018_0,65.0,64.56,54.97,56.15
2703068018_3371086664_0,65.0,64.92,57.66,59.7
2703068018_3699699923_0,65.0,65.04,55.73,55.75
2703068189_1271169070_0,60.0,64.22,56.92,55.45
2703068189_2703068189_0,60.0,63.78,54.03,54.05
2703068227_1923780414_0,60.0,64.77,57.73,57.85
2703132053_206176497_0,65.0,63.57,59.7,57.85
2703189319_9530192689_0,60.0,64.5,63.54,60.1
2703189319_235571100_0,60.0,64.4,63.81,60.25
2703189319_235571125_0,60.0,62.21,62.03,60.65
2703269795_250291811_0,65.0,66.89,64.3,65.35
2703269795_267344559_0,65.0,68.38,66.65,66.6
2703269795_243745001_0,65.0,71.13,66.17,68.4
2704114613_278200759_0,65.0,60.57,59.37,59.35
2704114613_2704114616_0,60.0,58.3,59.83,56.75
2704114616_278200765_0,60.0,58.38,58.6,57.55
2704114616_2704114613_0,60.0,58.3,59.83,56.75
2704118613_244208131_0,65.0,65.99,63.65,62.65
2704119902_2704119923_0,65.0,60.65,54.31,58.15
2704119923_2704119942_0,65.0,60.41,53.74,57.95
2704119942_2704119974_0,65.0,61.85,52.25,54.41
2704119942_1363483814_0,65.0,60.97,53.38,54.75
2704119962_78420084_0,70.0,60.56,53.45,57.85
2704119962_1294003457_0,70.0,61.07,56.71,59.2
2704119974_320540316_0,65.0,63.36,53.61,57.64
2704170482_271201225_0,65.0,73.13,58.07,60.34
2704178452_2702823401_0,65.0,74.94,57.74,59.35
2704178452_3709063639_0,65.0,71.6,57.07,57.0
2704243447_2704243449_0,65.0,66.14,63.24,61.1
2704243447_259983110_0,60.0,65.16,62.07,61.15
2704243449_2704243447_0,65.0,66.14,63.24,61.1
2704243449_1736732463_0,65.0,66.49,62.25,63.4
2704846803_968906909_0,65.0,70.11,56.34,59.08
2704846803_10536590479_0,65.0,71.73,61.42,61.2
2704873536_2704873542_0,70.0,68.46,57.08,59.1
2704873536_2704873541_0,70.0,67.99,53.87,54.6
2704873541_2704873536_0,70.0,67.99,53.87,54.6
2704873542_1367017436_0,70.0,69.4,56.54,59.35
2704873542_251618172_0,70.0,70.72,60.04,61.95
2704946570_1748552636_0,70.0,73.0,57.39,58.3
2704946570_850615779_0,70.0,73.36,56.06,57.5
2704981899_2704981901_0,60.0,66.17,58.27,59.05
2704981901_3782582101_0,65.0,66.65,56.95,58.15
2704981901_684201207_0,60.0,65.23,56.95,57.65
2704981901_2704981899_0,60.0,66.17,58.27,59.05
2705339236_1245595368_0,65.0,63.78,53.36,53.1
2705618303_310059149_0,60.0,66.06,60.78,56.95
2705618303_1477755028_0,65.0,67.75,60.73,56.5
2705618307_1477755034_0,65.0,67.13,62.37,56.95
2705618307_2514802427_0,65.0,66.24,60.8,60.75
2705720070_310063796_0,65.0,64.99,63.95,59.15
2705720070_12918906034_0,65.0,64.64,62.02,57.9
2705771993_31333347_0,65.0,69.08,66.1,66.0
2705777078_21293722_0,65.0,71.05,65.81,65.97
2706701501_574899887_0,65.0,73.63,59.03,60.05
2706701501_788379557_0,65.0,73.12,55.32,60.15
2706701501_21226857_0,65.0,72.53,55.49,61.15
2706748747_370450222_0,65.0,77.83,58.62,59.8
2706748748_21310657_0,65.0,79.77,62.94,64.3
2706764619_2706764690_0,65.0,71.47,60.19,55.15
2706764688_269758329_0,60.0,72.48,60.03,57.05
2706764688_2706764619_0,65.0,71.62,58.61,55.25
2706764690_269758338_0,65.0,68.31,59.14,55.95
2706764690_10887051086_0,65.0,71.94,59.94,55.3
2706764723_335611400_0,65.0,75.03,60.53,60.15
2706764723_282455192_0,65.0,72.16,58.83,55.4
2706764779_2706764788_0,65.0,67.69,50.11,54.0
2706764786_262395887_0,65.0,68.84,54.98,56.35
2706764786_2706764788_0,65.0,68.8,51.68,56.25
2706764786_282451675_0,65.0,69.79,60.72,58.7
2706764788_2706764786_0,65.0,68.8,51.68,56.25
2706764788_2706764779_0,65.0,67.69,50.11,53.95
2706764788_1471199677_0,65.0,67.72,54.1,53.95
2706777771_21310506_0,65.0,75.69,57.81,62.4
2706803691_269790654_0,65.0,73.28,59.12,57.05
2706803691_2706803731_0,65.0,73.7,60.23,58.05
2706803731_269758365_0,65.0,73.8,57.38,57.25
2706975650_568220053_0,60.0,61.76,48.79,50.65
2706975650_2706975651_0,60.0,62.5,51.13,49.55
2706975651_2916243024_0,60.0,60.85,53.18,50.35
2707016564_2916243023_0,60.0,61.36,54.16,52.25
2707229744_252207829_0,65.0,58.84,59.63,60.95
2707229744_3610812233_0,65.0,61.35,62.27,61.55
2707229744_1982594650_0,60.0,61.54,62.16,61.25
2707236773_2707236786_0,65.0,60.66,62.62,61.7
2707236777_2707236786_0,60.0,60.6,63.83,61.4
2707236777_1982594650_0,60.0,61.0,62.55,61.95
2707236786_2707236788_0,65.0,60.35,61.45,62.1
2707236788_1525253017_0,65.0,62.26,61.61,61.5
2707236788_2707236777_0,65.0,60.24,62.1,60.85
2707357730_2701080199_0,65.0,66.11,54.18,55.65
2707357730_2924746208_0,65.0,66.73,56.44,56.95
2707357730_1943114060_0,65.0,67.07,55.73,55.65
2707357980_21458290_0,65.0,60.05,57.59,56.15
2708823918_21226660_0,65.0,75.0,62.02,61.0
2708823951_1504049376_0,65.0,74.7,58.59,60.1
2708823951_2708823918_0,65.0,74.09,58.05,60.5
2708823999_21310505_0,65.0,71.39,59.41,62.85
2708823999_29462556_0,65.0,72.93,59.24,57.9
2709637360_2548951550_0,65.0,61.31,52.84,56.15
2709637360_485958640_0,65.0,62.21,53.59,56.25
2709637377_2709637360_0,60.0,61.31,54.52,55.85
2709637377_2548951550_0,60.0,61.38,55.63,56.2
2709812638_485958668_0,60.0,61.96,57.01,56.67
2709812638_485958664_0,60.0,62.14,56.36,56.95
2709812638_3378789207_0,55.0,62.47,55.29,56.92
2711646135_2701579876_0,55.0,61.57,55.79,56.65
2711646163_262508432_0,65.0,66.7,62.42,60.15
2711646163_659518105_0,65.0,67.27,60.24,60.32
2711646168_659518105_0,65.0,63.74,59.18,58.05
2711646168_3818659532_0,65.0,62.71,52.58,56.5
2711646168_2779685478_0,65.0,63.22,59.58,56.7
2713743831_21298396_0,65.0,69.54,57.23,56.62
2713743844_320999864_0,65.0,73.4,58.83,59.82
2713743844_21225933_0,65.0,75.18,57.44,61.45
2714249071_5434288671_0,65.0,73.2,62.82,64.5
2714399234_2694596385_0,55.0,61.16,47.37,53.0
2714434284_2694596380_0,55.0,63.67,52.13,53.65
2714434290_2694596382_0,55.0,63.36,45.98,54.15
2714434294_583401039_0,60.0,62.99,46.86,53.9
2714434298_2694596383_0,55.0,62.82,49.05,54.25
2714479278_1477754437_0,65.0,69.83,62.85,59.55
2714751773_2692614036_0,65.0,67.27,61.48,58.22
2714776988_265744973_0,65.0,69.03,60.56,60.2
2714776988_265744974_0,65.0,73.95,64.86,68.35
2714782033_2714782036_0,65.0,68.98,55.86,59.85
2714782033_2406966020_0,65.0,71.56,62.51,62.18
2714782036_2714782037_0,65.0,69.44,59.7,60.6
2714782037_2406966023_0,60.0,69.93,60.43,61.25
2714782037_102253467_0,60.0,67.25,61.03,59.75
2714782037_2714782036_0,65.0,69.44,59.7,60.6
2714864033_102200477_0,65.0,71.14,70.77,65.3
2715186343_306418320_0,60.0,62.55,54.16,57.5
2715186345_2715186343_0,60.0,61.82,53.41,56.15
2715186345_2700266056_0,60.0,61.21,50.74,55.75
2715718805_21227202_0,65.0,78.85,60.53,60.35
2715718807_21226586_0,65.0,75.65,55.86,59.85
2715718838_6451575125_0,65.0,71.18,56.44,58.8
2715733316_21226668_0,65.0,73.49,61.28,64.0
2715733316_1837393009_0,65.0,71.06,62.37,64.4
2716002338_2608167292_0,65.0,79.88,65.86,69.7
2716010758_257898625_0,65.0,69.38,66.51,67.6
2716069589_114354737_0,60.0,69.75,57.97,58.35
2716069589_2716069837_0,60.0,68.75,54.26,56.12
2716069837_2716069589_0,60.0,68.75,54.26,56.12
2716107908_114310720_0,60.0,73.92,55.02,57.8
2716230975_631194275_0,65.0,76.03,62.28,59.4
2716231007_1272557763_0,55.0,77.85,61.19,60.85
2716231007_101534877_0,60.0,77.76,61.74,60.6
2716231012_968934801_0,60.0,76.21,62.47,61.25
2716231012_102510312_0,60.0,76.73,62.28,61.25
2717043789_285505036_0,65.0,64.02,59.83,62.1
2717075445_2717075446_0,60.0,65.06,63.55,64.68
2717075445_253632216_0,65.0,64.32,61.88,63.15
2717075446_925963345_0,60.0,63.76,62.59,62.7
2717075446_2717075445_0,60.0,65.06,63.55,64.68
2717190689_1432231033_0,65.0,63.91,59.08,58.88
2717190689_1432231024_0,65.0,62.66,58.15,58.08
2717210721_6461558512_0,60.0,56.2,51.26,47.5
2717210721_1295406510_0,60.0,56.07,51.28,47.65
2718991970_293798647_0,65.0,74.98,78.23,69.45
2718991970_996572260_0,65.0,77.51,68.55,65.0
2719035616_1454005380_0,60.0,58.01,66.28,58.65
2719035616_1919738043_0,65.0,57.53,64.66,59.85
2719343197_1938093353_0,60.0,68.34,60.02,61.05
2719343197_1938093358_0,60.0,67.75,61.1,64.7
2719343197_3911377950_0,60.0,66.87,58.27,61.9
2719343202_1938093369_0,60.0,66.92,56.46,65.15
2719343202_2944626970_0,60.0,67.19,57.87,63.85
2719343213_232825359_0,65.0,69.97,62.94,63.95
2719343213_2698680803_0,65.0,68.99,66.68,63.75
2719450865_21226467_0,60.0,72.19,57.73,56.8
2719450865_21226438_0,60.0,72.35,59.03,58.8
2719450865_2760745400_0,60.0,73.36,59.29,60.1
2719476437_21227131_0,60.0,73.38,57.67,58.15
2719767858_1219615356_0,60.0,55.58,59.74,56.25
2719767866_3785190647_0,60.0,57.46,57.31,56.1
2719767881_2719767866_0,60.0,55.75,59.5,55.9
2719767881_1388804954_0,60.0,55.43,56.65,55.95
2719773422_252206203_0,65.0,56.48,59.59,53.65
2719821941_251335827_0,65.0,65.03,62.19,61.3
2719821941_252209756_0,65.0,64.72,60.09,60.85
2719859084_727802741_0,60.0,59.2,47.31,50.05
2719859091_727802741_0,65.0,59.42,50.61,54.25
2719859091_705722266_0,65.0,59.66,53.71,53.65
2719859094_736901161_0,65.0,58.35,55.33,50.45
2719882810_1490402691_0,60.0,63.5,56.57,57.5
2719882810_2889082893_0,60.0,61.97,57.87,57.15
2719954684_2776300550_0,60.0,61.26,52.86,58.6
2719954684_583223046_0,60.0,60.81,47.86,54.8
2719954692_92556417_0,60.0,61.27,52.58,56.75
2719954692_2396212582_0,60.0,61.31,55.12,55.0
2719954709_21227203_0,60.0,60.75,51.77,53.3
2719954709_92556422_0,60.0,60.86,48.05,52.5
2719954819_249364811_0,60.0,60.97,53.31,54.7
2719954819_864670830_0,55.0,60.62,52.22,55.4
2719954819_21226649_0,60.0,60.47,53.34,53.65
2719972514_2719984816_0,60.0,63.59,58.09,57.5
2719976611_1178826476_0,60.0,64.1,59.19,61.8
2719976611_2719980170_0,60.0,65.78,62.28,60.38
2719980170_249362074_0,55.0,68.05,64.67,63.52
2719980170_249367448_0,55.0,65.12,63.02,62.13
2719980170_249381290_0,60.0,63.88,60.93,61.68
2719984816_249360988_0,60.0,63.28,57.79,58.0
2719984816_2720033967_0,60.0,63.4,58.49,57.8
2719997027_583223067_0,65.0,61.7,50.32,53.15
2719997027_12694865792_0,65.0,62.2,51.29,54.4
2720033967_1178826587_0,60.0,63.43,57.54,57.5
2720033975_2720033985_0,60.0,63.04,56.82,57.65
2720033985_2720033987_0,60.0,63.13,58.69,57.7
2720033985_2720033995_0,60.0,61.32,56.88,58.3
2720033987_9293476588_0,55.0,63.23,59.57,57.6
2720033987_2719972514_0,60.0,63.32,58.08,57.6
2720033995_1178826643_0,55.0,61.08,53.7,57.2
2720033995_2396212582_0,60.0,61.88,51.37,57.6
2720034017_2720034023_0,65.0,62.95,59.77,59.45
2720034017_2720034040_0,60.0,62.78,58.97,57.4
2720034023_2874456361_0,65.0,62.74,61.95,58.85
2720034040_334512969_0,65.0,63.8,60.89,58.7
2720034055_334512955_0,65.0,64.99,50.95,57.18
2720034055_2720034066_0,65.0,63.96,61.17,58.4
2720034059_2720034040_0,65.0,64.04,63.12,58.15
2720034059_2720034023_0,65.0,62.91,60.03,57.4
2720034066_2720034059_0,65.0,64.0,60.42,58.85
2720117948_273512549_0,65.0,67.89,51.99,48.8
2720213509_2720213527_0,55.0,71.12,53.65,56.4
2720213527_2720213509_0,55.0,71.14,53.65,56.2
2720213568_1272881119_0,55.0,60.31,50.94,48.05
2720690359_21226686_0,60.0,72.44,59.84,58.1
2720690359_2720690361_0,60.0,71.67,54.23,54.25
2720690359_21225808_0,60.0,72.23,58.43,56.2
2720690361_21310492_0,60.0,71.28,57.4,55.95
2720705692_21226308_0,60.0,75.28,57.48,57.64
2720761561_249381431_0,60.0,61.99,58.28,56.05
2720761561_249361931_0,60.0,63.03,57.64,59.1
2720761561_249381418_0,60.0,62.81,58.14,59.95
2721090541_259173649_0,60.0,66.32,58.59,59.7
2721102328_268403387_0,60.0,64.44,52.4,55.5
2721102328_268735977_0,60.0,63.4,48.46,51.7
2721130021_1272881058_0,55.0,64.68,64.12,55.9
2721130033_9738415447_0,55.0,67.51,56.98,57.15
2721130041_2721130047_0,55.0,66.67,58.43,57.5
2721130047_2721130041_0,55.0,66.67,58.43,57.5
2721130047_2721130052_0,55.0,69.51,52.52,54.95
2721130050_2721130052_0,55.0,67.68,58.24,56.8
2721130052_2721130050_0,55.0,67.68,58.24,56.8
2721473175_310063805_0,65.0,70.69,66.33,60.2
2721518089_3969593254_0,60.0,74.55,67.21,59.4
2721545883_631311471_0,65.0,72.01,61.73,63.0
2721545883_102213839_0,65.0,76.44,71.04,70.75
2721545919_430803926_0,65.0,75.45,69.43,67.8
2721545919_102212770_0,65.0,80.75,70.71,69.0
2721737862_31489447_0,65.0,65.65,64.92,63.25
2721737865_31489443_0,65.0,65.7,61.68,60.75
2721976415_271050358_0,55.0,69.83,54.82,53.75
2721976415_271050360_0,60.0,70.03,54.03,55.4
2721976427_2721976415_0,55.0,70.12,55.51,54.65
2721976427_271050360_0,60.0,70.05,55.73,55.9
2721976427_271200582_0,60.0,70.78,49.91,55.6
2722021077_2722021090_0,60.0,71.37,51.69,61.2
2722021077_260785175_0,55.0,72.28,56.31,61.75
2722021088_1137778183_0,60.0,73.33,53.35,62.02
2722021090_2722021088_0,60.0,71.94,53.39,58.65
2722021090_1172258220_0,55.0,69.27,54.84,58.7
2723757650_13359124949_0,65.0,70.92,58.67,57.5
2723757653_1322083137_0,65.0,73.16,67.94,67.74
2725054151_338839144_0,65.0,66.18,61.29,60.05
2725054151_245178958_0,70.0,65.22,57.74,60.1
2725252218_2801342042_0,65.0,75.65,63.0,69.7
2725252218_262872916_0,65.0,71.43,62.91,68.5
2725364796_78462279_0,65.0,69.65,60.5,58.85
2727077765_289648935_0,65.0,67.19,64.43,65.1
2727111723_636104982_0,65.0,63.05,54.73,57.5
2727111723_2727111736_0,65.0,64.42,52.28,51.25
2727111736_946078725_0,65.0,64.85,52.79,51.0
2727111739_2727111723_0,65.0,64.51,48.1,50.75
2727111755_5058526502_0,65.0,65.18,52.57,51.6
2727111772_2764230527_0,65.0,65.04,47.71,50.85
2727111772_3624932129_0,65.0,59.92,53.96,59.35
2727498034_4054637859_0,65.0,72.79,64.69,61.2
2727498034_2209718106_0,65.0,74.74,64.87,62.35
2727622549_2101408740_0,65.0,71.33,55.12,58.85
2728841612_8823682865_0,65.0,72.33,65.18,65.35
2728841612_8823682866_0,65.0,74.98,65.53,67.65
2729161240_2393275461_0,65.0,68.47,55.43,58.25
2729161240_2787374102_0,60.0,68.94,53.73,58.45
2729212567_260785308_0,65.0,73.43,56.87,60.7
2729212567_6383161798_0,65.0,72.92,55.04,61.05
2729212583_260785308_0,65.0,73.45,58.51,61.38
2729212583_271759694_0,60.0,69.67,54.41,57.82
2729212583_2729212567_0,60.0,74.29,56.15,60.95
2729212585_271759689_0,60.0,72.32,53.86,60.55
2729212585_2729212583_0,60.0,74.04,55.77,60.95
2729212656_260785435_0,60.0,66.63,53.75,55.3
2731153989_308239172_0,65.0,69.35,59.99,62.7
2738234824_2754382848_0,65.0,78.83,68.34,67.3
2739052344_168375250_0,65.0,60.14,55.89,56.65
2739052344_153561902_0,65.0,60.81,55.0,56.5
2739064996_392261134_0,65.0,59.96,55.88,57.5
2739064996_2739069913_0,65.0,61.81,57.57,56.3
2739069900_12448453463_0,65.0,60.9,55.05,57.15
2739069900_90597059_0,65.0,61.36,59.76,62.75
2739069913_2739069900_0,65.0,61.78,53.97,56.15
2739069913_12448453463_0,65.0,61.92,54.15,56.05
2739069924_304984160_0,65.0,60.39,55.45,56.7
2739069924_2739064996_0,65.0,60.53,57.54,56.35
2739072743_2739072744_0,65.0,61.86,62.62,57.85
2739072743_169686413_0,65.0,61.5,56.64,56.9
2739072744_2739072743_0,65.0,61.86,62.62,57.85
2739072744_153561901_0,65.0,63.03,61.96,61.0
2739493091_1725740922_0,65.0,70.83,66.78,65.3
2739493091_1479259661_0,65.0,71.09,62.33,65.75
2739493094_2739493091_0,65.0,67.68,65.68,64.3
2739493094_1479259661_0,65.0,66.89,65.73,65.2
2739493096_2888129013_0,65.0,69.9,64.22,65.2
2739493096_2888123091_0,65.0,66.08,60.81,65.6
2739555436_1477708093_0,65.0,64.88,58.77,59.8
2739555436_1943160340_0,60.0,65.81,56.14,60.95
2739602437_1943160340_0,55.0,62.6,58.65,58.65
2739602437_2739602437_0,55.0,60.59,56.59,57.15
2739760555_2739760584_0,65.0,65.31,62.12,60.25
2739760559_3358707593_0,65.0,60.77,60.13,60.05
2739760569_2247883726_0,60.0,55.0,53.04,54.0
2739760569_2247883729_0,60.0,55.4,53.15,54.4
2739760584_268052160_0,65.0,63.74,59.13,60.0
2739760586_2739760559_0,65.0,65.39,60.75,60.35
2742028649_292667664_0,60.0,58.66,49.83,47.45
2742028649_2742028655_0,60.0,58.95,47.32,48.05
2742028655_5595189290_0,60.0,57.41,46.06,47.15
2742028655_2742028677_0,60.0,58.84,45.89,47.7
2742028677_727769707_0,60.0,60.37,50.42,54.6
2742028677_2742028649_0,60.0,58.93,46.8,47.4
2743137461_2743137467_0,60.0,74.68,61.45,60.65
2743137461_21226049_0,60.0,78.81,64.57,61.2
2743137463_21310650_0,60.0,74.25,61.08,60.95
2743137463_2743137461_0,60.0,78.85,59.94,60.55
2743137467_2743137461_0,60.0,74.68,61.45,60.65
2744643688_268800303_0,65.0,56.64,58.87,57.88
2745008280_279814612_0,65.0,56.36,60.58,57.95
2745008343_279814408_0,65.0,57.39,62.58,59.2
2745008346_2745008343_0,65.0,56.27,59.94,58.95
2745008349_264138295_0,60.0,55.16,60.21,59.0
2745008349_2745008346_0,60.0,55.7,59.61,59.05
2746602004_252205478_0,65.0,57.37,52.59,54.25
2746602004_252205476_0,65.0,57.2,59.15,56.75
2747450345_2747568358_0,65.0,80.07,64.21,62.9
2747450345_2747719582_0,65.0,75.0,59.5,61.5
2747568358_21225979_0,60.0,80.68,63.28,62.9
2747568359_21226361_0,60.0,78.1,63.96,62.6
2747568359_1274131445_0,65.0,78.27,63.38,61.15
2747719582_574997666_0,65.0,74.56,61.82,58.85
2747719582_252820377_0,65.0,76.79,61.95,63.85
2747928835_6325918758_0,65.0,67.34,59.19,58.8
2747928835_21257030_0,65.0,67.44,59.02,58.75
2747928835_2747928836_0,65.0,67.26,58.53,59.65
2747928836_21257031_0,65.0,67.96,59.92,58.15
2748737767_3924356176_0,65.0,58.5,63.14,57.75
2749628486_206144093_0,65.0,70.97,59.04,64.75
2749628486_251567268_0,65.0,65.29,64.0,62.1
2749628487_206144093_0,65.0,70.4,60.24,64.7
2749628487_2749628486_0,65.0,68.81,61.27,64.0
2749782467_1521065923_0,65.0,73.38,63.82,62.8
2749782467_1521065912_0,65.0,72.03,64.95,67.0
2749782467_1521065912_1,60.0,71.95,64.95,66.95
2753506500_269926086_0,60.0,63.35,57.76,61.8
2753506500_2753506500_0,65.0,62.58,58.73,53.7
2754340864_248225544_0,65.0,72.72,65.85,66.65
2754382848_2754340864_0,65.0,75.27,64.93,67.05
2754655328_539069959_0,65.0,70.89,62.72,57.35
2754655344_3498915585_0,60.0,67.92,61.22,60.81
2754655344_2754655328_0,65.0,68.98,61.84,59.7
2754655344_2794836563_0,65.0,69.11,63.42,60.6
2754655346_2794836563_0,65.0,70.71,62.89,61.95
2754655346_2754655344_0,60.0,69.01,61.06,61.44
2754655350_2383983406_0,60.0,67.9,58.19,62.15
2754655350_2754655346_0,60.0,68.94,59.07,59.45
2754763585_942642282_0,60.0,67.8,57.01,60.35
2754763585_335774392_0,60.0,67.55,58.5,59.6
2754952312_3373790852_0,60.0,65.34,55.52,56.16
2754952312_649739581_0,60.0,64.47,51.26,53.2
2754952312_249455218_0,60.0,64.64,57.67,57.23
2755769707_2755769725_0,65.0,66.99,62.65,59.75
2755769707_2542883782_0,65.0,65.07,67.42,65.5
2755769718_2755769707_0,65.0,67.97,64.23,59.55
2755769725_2755769751_0,65.0,66.12,63.85,60.3
2755769751_2755769774_0,60.0,66.22,64.11,60.35
2755769751_264132307_0,65.0,63.41,63.66,59.4
2755769774_575946007_0,60.0,61.67,62.32,58.75
2755769774_2755769718_0,65.0,66.04,62.09,59.4
2756013429_249454920_0,70.0,72.64,60.39,58.7
2756013429_539069910_0,65.0,72.38,61.52,58.4
2757790460_5113918995_0,65.0,67.06,69.91,67.7
2757790460_3497058136_0,65.0,67.03,70.97,67.55
2757790470_3682388230_0,65.0,70.58,62.57,60.0
2757790474_3463129331_0,70.0,65.72,60.3,55.6
2757790486_2757790526_0,65.0,70.72,60.3,59.25
2757790486_3682388230_0,65.0,70.67,60.12,58.65
2757790488_3448268811_0,65.0,69.01,59.56,61.4
2757790488_2757790537_0,65.0,70.22,59.39,60.1
2757790495_2757790537_0,65.0,69.78,60.61,60.25
2757790501_2757790486_0,65.0,70.76,58.55,59.95
2757790526_2757790488_0,65.0,70.42,60.37,58.8
2757790537_2757790545_0,65.0,70.36,61.61,60.15
2757790545_3661384335_0,65.0,70.51,62.99,60.1
2757790545_2757790501_0,65.0,70.58,63.48,60.05
2757819760_524322445_0,65.0,64.0,61.93,60.05
2757819760_2757819768_0,65.0,63.58,61.54,59.65
2757819768_234725659_0,65.0,61.45,61.54,60.85
2757819774_3379510957_0,65.0,63.46,67.75,64.15
2757819774_9783566232_0,65.0,63.55,68.42,65.4
2757984279_1521065931_0,65.0,73.15,65.11,64.2
2757984279_1521065947_0,65.0,70.82,63.66,67.3
2757984290_1521065938_0,60.0,71.17,64.51,63.65
2757984290_1521065924_0,60.0,70.43,64.08,65.75
2757984290_1521065924_1,60.0,70.38,61.76,65.7
2757984292_1521065938_0,65.0,72.45,65.79,63.85
2757984292_1521065912_0,65.0,71.96,63.81,66.7
2757984292_1521065912_1,65.0,72.04,64.16,66.3
2759209388_249109308_0,65.0,62.16,59.01,59.25
2759209388_264638692_0,65.0,62.13,61.35,60.4
2759464311_275595393_0,65.0,55.49,65.75,58.95
2759464317_275595964_0,60.0,55.41,64.79,57.7
2759464317_2940672058_0,65.0,57.27,64.68,56.5
2759464319_2759464317_0,65.0,56.8,60.49,55.95
2760375562_24576325_0,65.0,66.17,62.05,60.05
2760375562_1476609765_0,65.0,65.29,61.5,59.4
2760745400_2719450865_0,60.0,73.36,59.29,60.1
2760745400_1596427963_0,60.0,75.94,63.94,60.7
2760928554_1917028144_0,55.0,58.87,46.66,51.9
2762602018_2762602021_0,65.0,73.96,66.76,67.05
2762602018_9287919186_0,65.0,74.66,66.98,67.65
2762602021_1735811654_0,65.0,73.98,67.21,67.25
2762602021_257897052_0,65.0,75.27,67.21,67.95
2762613392_9287919186_0,65.0,71.22,66.99,65.3
2762613392_2762602018_0,65.0,72.71,67.24,67.2
2762613404_257898109_0,65.0,73.6,68.29,67.1
2762613404_241468633_0,65.0,72.22,69.43,67.9
2763574574_21226461_0,60.0,71.09,59.64,62.05
2763574574_11173808414_0,65.0,70.14,59.1,61.5
2763574622_950716840_0,65.0,68.35,61.22,58.85
2763574637_21227153_0,65.0,66.85,57.78,62.0
2763574637_2763574622_0,65.0,67.75,63.75,59.95
2763608725_2629356454_0,60.0,58.78,55.1,55.85
2763608725_2665632707_0,60.0,59.63,56.24,56.05
2763712876_2763712877_0,55.0,58.16,53.29,57.05
2763712876_2924372004_0,60.0,57.61,57.69,55.9
2763712877_251888826_0,55.0,57.17,51.1,54.5
2763712877_251888834_0,55.0,53.73,51.47,54.2
2763771351_2763771354_0,65.0,66.45,62.83,58.75
2763771351_1722395943_0,65.0,66.64,62.71,65.8
2763771354_2542694160_0,60.0,65.9,59.2,59.55
2764230527_2727111739_0,65.0,65.1,48.45,50.9
2764255123_747115159_0,60.0,54.45,54.56,56.1
2764334440_171206283_0,65.0,60.49,56.38,57.73
2764334440_343485128_0,60.0,61.4,56.21,61.15
2764334444_10316616303_0,60.0,57.17,53.07,54.8
2768169473_539807359_0,65.0,62.51,55.7,59.75
2768169474_539807356_0,65.0,62.69,60.12,60.1
2768169477_1245595242_0,65.0,59.29,58.55,59.55
2768169536_341205389_0,65.0,54.18,57.34,54.6
2768169536_2768169545_0,65.0,53.93,53.75,54.05
2768169599_341205100_0,65.0,55.48,55.53,60.42
2768169599_268052146_0,65.0,59.94,60.52,61.1
2768181065_10886154197_0,60.0,54.81,55.53,51.3
2768181065_3790779445_0,55.0,58.62,52.76,53.5
2768289070_3818673489_0,65.0,74.04,62.26,60.6
2768289070_737290874_0,65.0,75.37,62.66,61.7
2769113966_2769113968_0,65.0,62.09,61.91,57.1
2769113968_955687266_0,65.0,61.86,61.66,57.15
2769163349_260479508_0,60.0,69.02,59.49,63.55
2769163349_306997534_0,60.0,63.38,60.13,58.25
2769163349_1236466535_0,60.0,67.87,60.36,64.25
2769207942_8284367740_0,55.0,57.36,54.77,55.65
2769207942_268403420_0,60.0,57.28,57.14,55.55
2770307197_2817361521_0,65.0,74.02,61.89,63.65
2770307197_21226261_0,65.0,75.01,65.79,65.35
2770307197_21226261_1,65.0,75.06,65.0,65.65
2770307236_21226784_0,65.0,76.67,60.62,62.35
2770307262_2770307269_0,65.0,73.71,61.73,63.6
2770307262_21226433_0,65.0,76.42,64.34,63.75
2770307269_21226433_0,65.0,75.56,63.55,63.6
2770307269_27529349_0,65.0,73.89,59.05,62.55
2770307269_2770307236_0,65.0,73.94,63.74,62.5
2770307272_21227302_0,65.0,81.14,71.86,67.9
2770307272_21226357_0,65.0,79.32,69.74,65.7
2770307279_2770307262_0,65.0,75.1,67.06,64.95
2770307279_2770307272_0,65.0,80.1,69.71,65.7
2770547465_2770547488_0,65.0,60.01,55.79,56.42
2770547481_262509440_0,65.0,63.1,59.26,61.52
2770547481_9699768375_0,65.0,60.51,58.73,58.85
2770547488_262509440_0,65.0,60.6,57.93,58.95
2770547488_9699768375_0,65.0,59.74,59.24,55.48
2770547512_2770547531_0,65.0,64.67,62.87,62.33
2770547512_2770547514_0,65.0,63.64,61.24,61.78
2770547514_207121074_0,65.0,61.84,58.77,60.28
2770547530_2770547514_0,65.0,64.17,61.76,61.92
2770547531_207121124_0,65.0,64.18,63.16,62.85
2770547531_2770632691_0,65.0,62.99,58.94,61.88
2770632684_31334346_0,65.0,67.64,64.22,62.25
2770632684_2770547530_0,65.0,63.67,65.24,62.32
2770632691_31011020_0,65.0,65.97,61.38,60.55
2770632705_334535461_0,65.0,69.42,66.34,62.2
2773813065_257897071_0,65.0,68.6,67.57,66.55
2775025154_519819772_0,60.0,68.56,49.46,56.25
2775091577_2775091580_0,65.0,69.0,64.82,59.65
2775091580_518519090_0,65.0,71.32,62.77,60.6
2775091580_3786661094_0,65.0,71.15,64.22,58.6
2775136754_392107159_0,65.0,69.57,64.5,57.25
2775136754_518519090_0,65.0,72.06,61.28,59.5
2775136754_3786651016_0,65.0,71.86,66.33,58.9
2775313706_631193307_0,65.0,73.25,66.11,59.25
2775313706_293797632_0,65.0,73.08,63.98,58.9
2775313774_631193290_0,65.0,74.85,62.35,58.3
2776241467_21226315_0,65.0,73.33,59.95,64.55
2776241467_21226529_0,65.0,73.71,61.46,65.2
2776300550_27552217_0,60.0,63.56,56.91,57.6
2776300550_27552209_0,65.0,61.5,49.84,52.7
2777049455_418363198_0,65.0,66.1,60.42,58.3
2777049455_21225833_0,60.0,66.7,62.66,65.1
2778465384_2542790080_0,65.0,70.44,62.82,64.3
2778465384_2778465388_0,65.0,69.06,64.12,62.95
2778465388_252232136_0,65.0,69.69,60.57,64.8
2778465388_1938093368_0,65.0,65.52,62.3,64.3
2779145456_1612276275_0,65.0,66.55,61.0,63.5
2779685478_2711646168_0,65.0,63.23,59.58,56.7
2779757671_255895519_0,65.0,71.04,64.09,66.45
2779757671_114310868_0,65.0,68.37,58.89,63.55
2779757673_114310868_0,65.0,67.88,57.95,60.85
2779757673_1477617332_0,65.0,69.33,60.89,60.65
2779757675_8294961011_0,60.0,74.79,65.91,66.85
2779757675_262505952_0,60.0,70.45,64.11,68.2
2779757698_262505743_0,60.0,63.23,56.75,56.1
2779757698_1739262591_0,60.0,63.49,55.87,55.75
2779781876_232822668_0,65.0,70.72,62.38,63.7
2779781876_2698680820_0,60.0,70.35,66.95,63.83
2779844249_964081059_0,60.0,63.65,55.49,56.7
2779844249_2779844252_0,65.0,63.01,56.68,54.9
2779844252_1993758822_0,65.0,63.57,57.44,56.12
2779844252_306997508_0,65.0,63.2,56.91,55.15
2779844254_10967503278_0,60.0,68.67,58.73,60.17
2779844254_1477612435_0,60.0,67.85,59.31,60.02
2779856412_1943160350_0,60.0,65.13,59.39,58.0
2779896871_1943160351_0,65.0,67.92,61.39,60.35
2781060418_206175956_0,65.0,70.6,61.23,62.7
2781060418_3455807539_0,65.0,69.38,62.28,62.5
2781115238_263794895_0,65.0,65.57,60.15,59.55
2781115238_263785349_0,65.0,62.51,62.56,59.5
2781115238_8823581031_0,65.0,62.57,55.6,58.5
2781141777_280981865_0,65.0,68.62,60.86,59.75
2781141780_232852901_0,65.0,70.68,65.24,64.35
2781141780_2781141777_0,65.0,70.45,68.16,64.9
2781141780_29089551_0,65.0,67.19,61.02,63.15
2781321344_27551116_0,65.0,70.72,62.07,63.4
2781321360_2610501112_0,65.0,69.89,60.15,62.5
2781321361_258095291_0,65.0,68.17,62.97,63.05
2781360066_1657885636_0,65.0,59.06,57.16,53.5
2781360071_1504504886_0,65.0,58.48,55.48,51.75
2781361153_114317327_0,60.0,61.62,61.11,60.55
2781396779_31011253_0,65.0,69.32,57.49,58.22
2781396779_1236455785_0,65.0,69.09,58.6,58.45
2781431560_21226509_0,65.0,72.65,61.1,61.81
2781431566_31107254_0,65.0,68.0,61.66,58.3
2781431568_21225978_0,65.0,68.59,61.59,62.55
2781431568_2781431560_0,65.0,71.98,61.51,61.96
2781457738_2781457750_0,60.0,63.52,53.47,52.95
2781457738_334511634_0,60.0,63.11,54.7,52.6
2781457750_2781457738_0,65.0,63.73,54.71,53.35
2781457811_27552293_0,65.0,74.53,65.44,66.9
2781457811_21306370_0,65.0,76.01,66.93,67.05
2781507811_1477713077_0,65.0,67.5,64.59,58.7
2781507811_2790544296_0,65.0,66.4,59.1,59.45
2781507959_343078013_0,65.0,71.46,64.85,62.8
2782354234_1584826190_0,65.0,63.8,59.61,60.8
2782354234_1584826241_0,65.0,63.28,61.71,62.65
2782354234_2782354239_0,65.0,62.22,60.58,57.25
2782354239_1584826190_0,65.0,62.49,60.28,60.8
2782354239_11082686745_0,65.0,62.94,63.34,62.55
2782967599_2782967646_0,65.0,74.18,64.73,68.35
2782967646_2782967676_0,65.0,70.34,66.21,66.25
2782967646_21227094_0,65.0,75.53,67.14,69.1
2782967676_31107202_0,65.0,68.82,64.96,64.9
2782967710_1495628731_0,65.0,75.21,64.66,67.3
2783003726_2783003727_0,65.0,65.25,63.48,62.65
2783003726_737464385_0,65.0,66.27,63.17,62.99
2783003727_35081108_0,65.0,62.56,59.79,60.35
2783005267_574834310_0,65.0,66.34,62.58,63.25
2783005267_306427876_0,65.0,67.19,60.61,62.69
2784803193_21226821_0,65.0,78.75,69.21,67.5
2784803193_2784803196_0,65.0,80.22,67.89,65.6
2784803193_311819226_0,65.0,76.33,64.99,64.95
2784803196_21226401_0,65.0,77.3,62.34,66.75
2784803196_1947907209_0,65.0,76.86,61.68,65.2
2784803196_2784803193_0,65.0,80.22,67.89,65.6
2784818612_2784818613_0,65.0,71.07,60.13,61.1
2784818613_2784818612_0,65.0,71.07,60.13,61.1
2784818613_311819228_0,65.0,71.28,63.34,64.65
2784818762_21226275_0,65.0,78.47,62.25,67.1
2784818762_21226972_0,65.0,82.42,67.99,69.25
2784823342_2784823350_0,65.0,74.08,63.14,63.65
2784823342_21226167_0,65.0,74.72,63.3,64.15
2784823350_21227124_0,65.0,74.23,61.51,63.65
2784839394_2798072023_0,60.0,75.91,63.53,59.85
2784839394_2798072023_1,60.0,75.81,62.95,60.0
2784839394_1947907220_0,60.0,74.23,62.4,62.0
2784839409_4885413464_0,65.0,74.12,64.94,63.6
2784839424_2784839426_0,65.0,74.04,65.44,63.8
2784839426_2784839449_0,65.0,73.85,64.18,62.7
2784839426_4885413495_0,60.0,74.32,65.46,64.4
2784839435_2784839409_0,65.0,73.81,62.64,62.25
2784839435_4885413422_0,60.0,74.1,64.71,62.35
2784839449_2784839457_0,65.0,73.63,62.28,62.55
2784839457_21257046_0,60.0,71.05,63.63,62.75
2784839457_21298358_0,65.0,73.79,64.08,62.65
2785844419_574883691_0,65.0,70.08,59.81,50.15
2786125589_1006145455_0,65.0,68.51,59.75,59.95
2786125589_621160480_0,65.0,67.13,59.19,58.55
2786148531_1006145329_0,60.0,67.71,55.86,55.65
2786261897_574931532_0,60.0,64.6,56.97,56.25
2786262020_574931512_0,60.0,68.63,60.5,58.35
2786262020_1518866689_0,60.0,68.79,61.1,58.45
2786262030_2786262020_0,60.0,68.81,60.97,58.05
2786262030_1518866689_0,60.0,68.79,60.63,58.5
2786316665_270263522_0,70.0,70.14,61.69,58.3
2786429828_574931526_0,55.0,68.4,59.84,57.1
2786429828_1518866634_0,60.0,67.83,58.4,57.35
2786442237_2623432635_0,65.0,63.98,60.48,57.95
2787241808_2787241825_0,60.0,67.25,61.42,58.2
2787241808_270263648_0,60.0,67.4,60.02,58.1
2787241825_2787241808_0,60.0,67.25,61.42,58.2
2787241825_2787241843_0,60.0,66.75,61.59,58.7
2787241829_2787241825_0,60.0,66.88,61.21,58.45
2787241829_2787241843_0,60.0,66.78,60.72,60.0
2787241831_2787241829_0,60.0,66.85,60.36,58.6
2787241843_2787241853_0,60.0,66.63,60.94,58.5
2787241849_3775316420_0,55.0,66.65,60.38,59.35
2787241849_2787241831_0,60.0,66.69,61.11,58.45
2787241853_2787241871_0,60.0,67.5,60.56,58.7
2787241853_2787241867_0,60.0,66.53,60.56,59.1
2787241857_2787241849_0,55.0,66.6,59.55,59.05
2787241867_2787241879_0,60.0,66.55,59.11,58.7
2787241871_271199014_0,55.0,67.49,58.39,62.3
2787241871_2787241867_0,55.0,67.45,59.98,58.1
2787241879_271199137_0,55.0,64.68,56.66,58.45
2787241879_2787241857_0,55.0,66.54,59.69,58.3
2787265664_271759378_0,60.0,65.38,52.63,55.0
2787265675_271198783_0,60.0,65.5,55.28,55.65
2787265677_2787265675_0,60.0,64.98,55.02,55.2
2787265677_13428999250_0,60.0,64.74,58.03,59.5
2787265689_13428999250_0,60.0,66.56,59.33,58.75
2787265689_271199014_0,55.0,67.43,58.9,62.25
2787265690_271199073_0,55.0,65.99,60.94,58.25
2787265690_13428999254_0,55.0,67.07,60.61,59.0
2787322533_2694596385_0,60.0,61.27,47.53,54.05
2787374098_2729161240_0,65.0,68.86,57.44,59.05
2787374098_2787374102_0,65.0,71.24,57.36,57.15
2787374100_271759776_0,65.0,68.8,55.24,56.7
2787374100_2787374119_0,65.0,68.78,55.15,57.0
2787374102_2787374105_0,65.0,72.39,59.45,57.25
2787374105_2787374139_0,60.0,71.59,56.74,56.6
2787374105_2787374182_0,65.0,72.36,58.23,58.85
2787374119_2787374150_0,65.0,71.86,58.29,57.1
2787374139_271759176_0,60.0,71.92,53.18,57.7
2787374139_2787374182_0,60.0,72.17,56.44,58.3
2787374149_2787374098_0,65.0,72.13,59.34,57.1
2787374150_2787374149_0,65.0,70.25,55.91,56.4
2787374150_2787374243_0,65.0,70.24,59.92,57.05
2787374175_13361584960_0,65.0,71.75,59.05,58.65
2787374182_2787374201_0,65.0,72.48,58.07,57.85
2787374201_2787374235_0,60.0,72.23,57.47,57.9
2787374201_2787374149_0,65.0,70.57,58.85,58.1
2787374235_260785176_0,60.0,69.09,56.28,57.9
2787374235_2787374241_0,60.0,71.23,58.22,58.15
2787374241_2787374243_0,60.0,71.64,56.66,58.0
2787374243_2787374272_0,60.0,72.48,56.37,58.3
2787374272_998957062_0,60.0,71.0,58.89,57.95
2787374272_2787374175_0,65.0,70.5,56.67,58.15
2787374295_271198416_0,60.0,66.78,51.74,55.9
2787374295_2729212656_0,60.0,66.79,51.93,55.15
2787374299_2787374358_0,65.0,66.42,57.12,55.55
2787374358_998947398_0,65.0,66.25,54.42,56.35
2787374358_2787374299_0,65.0,66.44,57.12,55.55
2787924645_27551115_0,65.0,75.52,66.02,65.2
2787924645_27551113_0,65.0,70.48,63.05,63.55
2787924645_27551117_0,65.0,71.72,62.85,64.0
2788077153_283838350_0,65.0,63.89,56.67,58.28
2788077153_260134307_0,65.0,64.51,58.45,58.0
2788239873_273987609_0,65.0,64.03,65.46,61.19
2788239873_2542263370_0,65.0,62.11,63.12,63.11
2788239893_2788239895_0,65.0,62.72,61.69,58.15
2788239895_2015165720_0,65.0,62.6,62.54,57.95
2788548271_260134307_0,65.0,63.5,55.18,57.58
2788548271_283838350_0,65.0,64.67,56.62,57.95
2790544296_2781507811_0,65.0,66.4,59.1,59.45
2790635605_1417208118_0,65.0,63.36,53.5,53.7
2790635605_560860461_0,65.0,63.35,52.11,53.65
2791241763_271199926_0,60.0,70.72,58.88,58.15
2791241838_2791241851_0,55.0,64.66,54.33,54.35
2791241851_2791241838_0,55.0,64.66,54.33,54.35
2791241851_2791241888_0,60.0,64.73,51.38,53.25
2791241888_280997939_0,55.0,66.46,55.8,54.1
2791241888_2311206695_0,60.0,64.77,50.61,53.3
2791241971_1869393836_0,65.0,65.19,57.19,55.35
2791265015_271199456_0,55.0,62.17,58.44,57.05
2791265015_2868435372_0,60.0,62.34,63.08,56.95
2791283928_271199466_0,60.0,61.55,50.09,55.1
2791283928_292088561_0,60.0,62.03,49.85,55.55
2791283928_3501123728_0,60.0,63.26,51.77,56.05
2791283935_11285835104_0,55.0,59.36,52.41,55.05
2791283935_271199462_0,60.0,59.62,55.64,55.03
2791372669_3724581946_0,65.0,73.25,66.73,66.15
2791372669_3724581943_0,65.0,76.93,68.71,68.1
2791482184_3455552271_0,65.0,72.38,61.7,60.9
2791482184_13619738220_0,65.0,72.27,59.97,59.85
2791569470_267413392_0,65.0,63.24,66.28,65.55
2791569539_539628558_0,65.0,59.11,60.39,59.5
2791569542_267879825_0,65.0,59.56,65.94,66.7
2791569542_2791569539_0,65.0,57.84,59.86,64.35
2792536452_252634871_0,60.0,63.89,64.05,65.65
2792536452_1523573753_0,65.0,67.19,65.69,64.55
2792565907_4403961805_0,55.0,55.03,54.06,56.5
2792565907_5348769000_0,55.0,51.8,57.18,55.75
2792994037_1042404270_0,70.0,68.32,66.79,57.15
2792994037_1042393208_0,65.0,68.21,62.43,57.4
2794569207_2974482393_0,65.0,61.98,55.33,53.4
2794569207_28848582_0,65.0,61.75,60.71,57.05
2794625975_206143962_0,60.0,61.28,60.4,60.95
2794642670_776998502_0,65.0,69.87,59.01,59.45
2794647326_776998556_0,60.0,70.04,62.29,58.1
2794696851_2394992639_0,65.0,71.07,59.83,59.3
2794696883_2394992640_0,65.0,70.84,63.35,59.7
2794696883_2394992658_0,65.0,70.97,61.69,59.05
2794696884_2794696883_0,65.0,71.09,60.62,59.7
2794711837_267248816_0,60.0,69.56,60.23,57.85
2794711837_2794711839_0,65.0,69.47,59.86,57.15
2794711839_267248816_0,60.0,69.5,58.99,57.1
2794711853_692073232_0,65.0,69.1,61.94,59.05
2794711853_2794696851_0,60.0,71.13,61.67,59.2
2794711874_299439671_0,65.0,71.9,57.26,60.15
2794711874_2394992658_0,65.0,71.72,60.22,59.75
2794836563_654538358_0,65.0,70.78,62.59,62.2
2794836563_2754655328_0,65.0,72.77,61.75,62.05
2794836566_2923515804_0,65.0,69.3,61.5,62.35
2794836566_31274841_0,60.0,68.47,64.66,59.45
2795798825_947224714_0,65.0,69.15,60.79,58.6
2795798825_2795798838_0,65.0,69.2,58.5,57.45
2795798837_2795798825_0,65.0,69.34,60.75,58.7
2795798838_249453777_0,65.0,69.23,58.62,57.05
2795806033_632903257_0,65.0,67.08,52.26,53.85
2795808436_249453835_0,65.0,72.15,60.25,61.66
2795808436_4424802126_0,60.0,70.83,60.88,63.05
2795860839_90597057_0,65.0,66.59,63.82,63.8
2795860839_13919638_0,65.0,64.01,62.02,61.99
2795860841_2795860839_0,65.0,65.84,63.26,64.2
2795860841_90597057_0,65.0,69.68,62.33,63.4
2796128018_427580450_0,65.0,65.84,61.62,60.65
2796158763_27654249_0,65.0,58.91,62.93,61.6
2796158763_35080864_0,65.0,60.51,62.61,63.45
2796158763_2497238688_0,65.0,60.97,63.51,63.25
2796457669_303381556_0,65.0,63.14,62.15,61.5
2796669858_1172171479_0,60.0,68.91,53.63,54.6
2796669858_3724434375_0,60.0,68.92,53.63,55.9
2796689978_2796690002_0,60.0,70.96,61.4,59.2
2796689978_271050385_0,60.0,69.69,56.52,58.45
2796689994_271200037_0,55.0,73.78,61.45,59.95
2796690002_271050402_0,60.0,74.0,62.42,59.8
2796690026_2791241763_0,60.0,71.1,61.41,56.1
2796690026_2796689994_0,60.0,72.8,60.78,60.5
2796690035_260785852_0,60.0,71.08,58.02,56.2
2796690035_2796690046_0,60.0,69.6,61.64,54.75
2796690046_260785852_0,60.0,69.53,61.4,54.75
2796690046_137112311_0,65.0,68.25,53.27,55.2
2796752613_2634890544_0,60.0,72.93,58.88,58.4
2796752613_248289682_0,60.0,73.47,62.9,59.6
2796752646_248226757_0,60.0,75.74,63.14,62.38
2796752646_745946988_0,60.0,71.29,61.75,61.0
2796752653_2796752646_0,60.0,75.38,64.75,61.48
2796755374_137112311_0,60.0,67.31,53.59,56.11
2796755374_1821364024_0,60.0,67.29,55.98,56.21
2796755377_267402508_0,60.0,76.06,58.71,58.92
2796755378_248290493_0,65.0,74.89,59.24,58.34
2796801750_745947063_0,60.0,69.84,58.52,59.07
2796801750_745946988_0,60.0,71.89,60.02,59.87
2796801750_2634923609_0,60.0,69.52,56.78,57.6
2796801755_2634912203_0,60.0,74.69,61.64,58.4
2796832693_1839920980_0,60.0,75.39,54.78,56.85
2796832694_257678251_0,60.0,76.47,58.34,59.05
2796866411_248292116_0,65.0,77.8,61.94,63.55
2796866411_2533754678_0,65.0,75.31,64.9,61.55
2797912444_27560385_0,60.0,73.37,65.38,66.55
2797912444_21226678_0,65.0,77.28,66.82,65.8
2798072023_1947907212_0,60.0,75.65,63.1,60.35
2798072023_2784839394_0,60.0,75.91,63.53,59.85
2798072023_21257022_0,60.0,72.54,63.1,64.21
2798464161_267484025_0,60.0,60.2,60.86,59.8
2798464161_28848560_0,55.0,59.37,60.83,57.05
2798464165_28848561_0,60.0,61.79,59.82,60.8
2798464165_2798464171_0,65.0,61.7,58.08,60.8
2798464171_2798464165_0,65.0,61.7,58.08,60.8
2798584143_2798584154_0,65.0,67.68,63.25,61.7
2798584154_582646754_0,65.0,67.26,59.71,60.3
2798584156_427583355_0,65.0,67.27,60.14,58.5
2798584156_2664295512_0,65.0,66.83,58.11,59.4
2798855915_13285792279_0,60.0,64.85,54.08,53.65
2798855915_8804528071_0,60.0,64.22,55.32,55.58
2798944729_4073893000_0,65.0,69.36,59.13,59.9
2798944729_4073893000_1,55.0,67.31,57.83,59.15
2798944729_634639442_0,65.0,69.82,59.1,58.45
2798948640_655335163_0,60.0,65.24,56.29,57.84
2799014117_2799014118_0,65.0,73.98,61.96,63.0
2799014117_21225817_0,65.0,70.68,61.39,63.25
2799014118_11013685396_0,65.0,72.09,62.2,62.72
2799014118_2799014119_0,65.0,73.8,62.93,62.8
2799014119_2795808436_0,65.0,71.01,60.55,62.1
2799014134_21226542_0,65.0,71.23,61.01,61.65
2799102913_3248920215_0,60.0,71.3,52.33,53.7
2799102913_245557035_0,65.0,71.6,54.73,54.8
2799122102_248292124_0,65.0,79.53,60.91,57.85
2799122102_257681614_0,65.0,78.09,66.45,62.25
2799529677_29461129_0,60.0,73.09,54.84,56.55
2799529699_560976660_0,65.0,79.59,64.8,62.8
2799529699_267251842_0,65.0,79.32,59.73,62.85
2799632700_595327336_0,65.0,79.41,61.85,63.45
2799636703_776998427_0,65.0,77.5,61.78,63.3
2799636703_2799632700_0,65.0,77.15,62.77,62.0
2799636705_2799632700_0,65.0,79.31,61.1,62.3
2799636705_29462535_0,65.0,76.77,61.36,62.65
2799694228_2799694229_0,65.0,67.9,64.31,63.0
2799694228_169694476_0,65.0,66.68,60.85,59.65
2799694229_2690009440_0,65.0,65.62,62.11,60.2
2799810632_29089646_0,65.0,70.13,62.04,63.4
2799810632_1145304583_0,65.0,69.92,62.11,64.15
2801275956_27717266_0,65.0,78.96,59.92,58.2
2801275969_3727521259_0,65.0,75.69,60.4,56.95
2801275969_2801275956_0,65.0,79.56,60.09,57.55
2801278509_1004444456_0,60.0,74.77,61.74,61.8
2801278509_2801278511_0,60.0,74.2,55.87,58.3
2801278509_29462486_0,60.0,74.24,54.62,57.65
2801278511_29462473_0,60.0,74.22,59.56,59.15
2801278511_29462486_0,60.0,74.13,56.58,58.3
2801342031_2801342034_0,65.0,68.82,62.0,61.0
2801342032_309671251_0,65.0,75.2,65.02,68.55
2801342034_3911250735_0,65.0,70.97,63.28,63.5
2801342042_1731215564_0,65.0,74.86,64.7,69.7
2801342042_25543832_0,65.0,71.23,63.59,67.95
2801381477_259507499_0,60.0,70.95,55.93,56.6
2801381477_2565128999_0,60.0,71.5,55.42,57.95
2801657000_5309990620_0,65.0,65.91,59.61,57.75
2801657000_474849909_0,65.0,65.02,56.57,57.95
2801660602_263250715_0,65.0,67.92,60.33,61.85
2801660602_2801657000_0,65.0,65.73,61.77,61.35
2801660602_474850403_0,65.0,68.19,60.23,60.95
2804374519_31331633_0,65.0,70.19,62.97,67.8
2804374522_256216288_0,65.0,71.2,64.5,68.65
2805653455_27541489_0,65.0,72.78,60.59,58.6
2805653458_27541497_0,65.0,72.8,58.31,58.55
2805667272_4592902291_0,60.0,70.22,54.64,57.1
2805667272_21226782_0,65.0,70.65,56.24,57.45
2805700770_21226092_0,65.0,73.29,66.35,64.7
2805700770_21226052_0,65.0,75.83,66.2,64.75
2805748815_2805748816_0,60.0,70.42,59.34,60.45
2805748815_281588748_0,65.0,70.09,57.92,57.75
2805748816_2805748815_0,60.0,70.42,59.34,60.45
2805748816_21226705_0,60.0,70.52,59.43,59.2
2805748819_2805748816_0,65.0,70.67,59.55,60.65
2805748825_21226092_0,65.0,71.35,62.82,61.55
2805748825_2805748819_0,65.0,70.87,61.75,60.1
2805748828_27560404_0,65.0,75.87,68.03,65.05
2805748828_2817355945_0,65.0,77.57,69.22,65.7
2805748829_715855950_0,65.0,78.32,68.08,66.45
2805748829_715855950_1,65.0,78.27,67.47,66.3
2805748829_715855959_0,65.0,82.44,67.59,66.5
2806558441_260785529_0,60.0,69.27,59.7,60.1
2806577337_776998460_0,65.0,70.77,60.74,58.8
2806577337_2794642670_0,60.0,70.31,61.52,58.2
2806774101_2806774103_0,60.0,70.4,54.21,56.8
2806774101_259508081_0,60.0,70.18,52.6,55.9
2806774103_2806774107_0,60.0,70.17,53.42,56.95
2806774105_2806774101_0,60.0,70.19,53.21,56.5
2806774107_575950620_0,60.0,70.01,54.92,56.8
2806774107_2806774105_0,60.0,70.02,55.58,57.0
2806774108_260786356_0,65.0,70.0,56.92,57.25
2806774108_2806774110_0,65.0,69.97,55.82,57.05
2806774110_267251839_0,65.0,70.62,57.34,57.75
2806797209_259590698_0,65.0,71.26,61.15,61.99
2806797209_259510991_0,65.0,70.07,62.52,60.3
2806842444_3493255038_0,65.0,69.94,62.27,63.55
2806842444_243910530_0,65.0,71.62,61.75,63.05
2806962202_2889413709_0,65.0,76.59,63.59,66.58
2806962203_243910438_0,60.0,80.45,71.36,67.4
2806962219_243910530_0,65.0,71.6,61.93,62.6
2806962236_243910488_0,60.0,69.55,58.78,59.4
2806962236_2806962236_0,60.0,68.89,57.97,57.35
2807019287_2807021505_0,60.0,68.79,56.03,60.45
2807021505_27552235_0,55.0,68.39,56.65,60.55
2807021505_27552236_0,55.0,69.09,55.61,57.95
2807049332_2177212816_0,65.0,60.06,52.71,59.95
2807067717_2807067718_0,60.0,71.3,57.62,58.2
2807067717_1885423982_0,60.0,71.56,60.47,60.8
2807067718_2807067717_0,60.0,71.3,57.62,58.2
2807067718_245557031_0,60.0,71.38,57.34,58.2
2807108901_345435913_0,65.0,65.23,64.93,60.85
2807108901_256205287_0,65.0,69.6,65.65,64.65
2807108901_31331631_0,65.0,70.44,69.22,66.7
2807194228_12694865735_0,60.0,61.85,53.89,54.7
2807194228_12694865858_0,60.0,61.88,52.65,54.55
2807195094_345435849_0,65.0,74.29,69.43,68.0
2807195095_1837704796_0,65.0,72.26,68.97,67.15
2807263923_255495874_0,65.0,68.79,62.12,59.8
2807263923_245555961_0,65.0,70.14,64.82,63.3
2807263923_255507979_0,65.0,66.3,65.32,58.55
2807570329_1338546738_0,60.0,61.76,53.21,55.0
2807570329_249390413_0,60.0,61.63,56.18,54.4
2807570359_1338546683_0,60.0,62.06,52.6,55.95
2807570359_3775419396_0,60.0,62.62,57.38,57.33
2807580464_2807580465_0,60.0,64.26,51.72,51.3
2807580465_249455213_0,55.0,64.22,54.74,56.65
2807580465_2807580464_0,60.0,64.26,51.72,51.3
2807580465_249455218_0,55.0,63.96,55.18,55.3
2812467732_10886929120_0,65.0,61.91,51.39,53.78
2812467732_6345752115_0,65.0,61.94,54.65,53.88
2815051762_21226228_0,65.0,69.53,59.58,59.65
2815051762_21227239_0,65.0,69.74,57.18,58.5
2815051770_1322862659_0,60.0,68.81,63.02,61.0
2815051774_21226121_0,65.0,68.7,60.45,60.9
2815051774_21225962_0,65.0,68.73,58.01,58.1
2815051795_673419115_0,60.0,69.49,56.94,59.45
2815051795_21227122_0,65.0,69.24,58.06,58.1
2815624598_2815625106_0,65.0,69.76,63.55,63.3
2815624598_1944647044_0,65.0,70.58,60.22,63.4
2815625106_1481358416_0,65.0,69.61,62.12,62.45
2817351181_2817361526_0,65.0,74.95,63.76,64.95
2817351181_1003229713_0,65.0,79.22,64.58,65.45
2817351181_21226428_0,65.0,74.19,69.48,66.05
2817355927_2817355929_0,65.0,71.31,62.88,59.25
2817355927_1003229713_0,65.0,72.2,67.07,64.55
2817355929_21227206_0,65.0,71.66,61.71,59.15
2817355929_27560406_0,60.0,71.19,60.5,59.35
2817355944_2817355945_0,65.0,78.92,67.68,66.05
2817355944_1003229693_0,60.0,79.34,64.9,64.85
2817355944_2805748828_0,65.0,75.34,70.84,65.4
2817355945_2805748828_0,65.0,77.57,69.22,65.7
2817355945_2817355944_0,65.0,78.92,67.68,66.05
2817355945_1003229693_0,60.0,75.6,72.12,64.65
2817361514_24576319_0,65.0,69.2,60.02,59.2
2817361514_1251586321_0,65.0,68.74,55.77,56.9
2817361514_2817361520_0,65.0,68.87,56.46,56.9
2817361520_24576311_0,65.0,68.85,59.93,60.4
2817361521_268651525_0,65.0,69.04,61.4,64.0
2817361521_2770307197_0,65.0,74.02,61.89,63.65
2817361521_21663197_0,65.0,74.97,64.22,64.7
2817361521_21663197_1,65.0,74.93,63.62,64.6
2817361526_2817351181_0,65.0,74.95,63.76,64.95
2817361526_21663197_0,65.0,75.41,64.9,64.4
2817361526_21663197_1,65.0,75.31,64.32,64.45
2817417778_21389431_0,65.0,77.56,65.83,66.05
2817417795_245473642_0,65.0,72.11,62.71,64.85
2817417795_21225852_0,65.0,71.65,66.65,66.65
2817459215_21226776_0,65.0,70.89,64.29,62.8
2817459217_2817459226_0,60.0,71.92,62.58,64.93
2817459226_21226448_0,60.0,74.02,69.49,65.25
2817459233_1006191585_0,65.0,68.86,62.63,59.4
2817459233_21226279_0,65.0,70.55,63.24,63.75
2817459233_21225938_0,65.0,68.32,59.28,59.3
2817507678_21298348_0,65.0,73.98,62.34,64.5
2817507681_5270092035_0,65.0,73.19,60.06,63.5
2817507681_5270092036_0,65.0,73.0,62.33,62.4
2818603480_2818603483_0,65.0,76.92,59.33,62.37
2818603480_1941210508_0,65.0,74.33,59.66,61.1
2818603483_2818603480_0,65.0,76.92,59.33,62.37
2818603483_1938444201_0,65.0,70.42,61.6,64.15
2818603483_1938444209_0,65.0,75.21,59.82,60.05
2820206945_232901823_0,65.0,63.96,46.96,50.8
2820206945_617163989_0,60.0,64.22,50.01,52.55
2820471599_3778783753_0,65.0,75.24,61.14,59.0
2820471915_518700004_0,65.0,73.44,64.63,58.5
2820471933_2820471940_0,65.0,73.46,70.77,66.35
2820471940_293797642_0,65.0,72.91,72.37,62.05
2820471940_293797632_0,65.0,73.13,71.37,62.6
2820471958_2820471933_0,65.0,73.87,73.67,68.45
2820471964_2820471976_0,65.0,73.39,64.37,59.4
2820471964_1272882196_0,65.0,72.93,66.67,59.15
2820471976_293797633_0,65.0,73.88,65.67,62.3
2820699999_4336485150_0,65.0,77.27,74.7,70.45
2820700524_13525544109_0,65.0,68.51,67.81,62.0
2820700554_2820700565_0,65.0,68.74,65.66,62.05
2820700554_13525536183_0,65.0,69.06,65.85,61.75
2820700565_2119893224_0,65.0,67.95,69.24,59.3
2820730583_2271834000_0,65.0,67.76,63.22,61.92
2820730583_21555776_0,65.0,69.55,62.25,61.05
2820734806_568220034_0,65.0,69.21,58.52,60.7
2820734806_568218944_0,65.0,69.8,60.99,62.0
2820804274_283834532_0,65.0,54.94,44.79,52.95
2820804274_3815735930_0,65.0,56.4,57.3,56.75
2820985527_2820985528_0,65.0,59.91,62.35,58.8
2820985528_10084222779_0,65.0,60.38,63.06,58.65
2820985528_2820985527_0,65.0,59.91,62.35,58.8
2820985528_1843088178_0,65.0,60.82,63.55,58.6
2830138906_4230457952_0,65.0,64.62,61.25,59.55
2830138906_1990246101_0,65.0,67.0,61.28,59.75
2830218246_1602512884_0,65.0,71.0,61.06,64.3
2830218246_1602512864_0,65.0,70.03,60.94,64.15
2836023821_262504995_0,60.0,66.41,60.11,59.67
2836023821_262504994_0,60.0,67.06,59.04,61.75
2836045802_597406853_0,60.0,65.46,58.85,60.15
2836056031_597406884_0,60.0,65.29,56.57,59.35
2836056031_4060187698_0,60.0,64.95,53.71,57.05
2836061394_597408489_0,65.0,69.35,58.45,63.1
2836061394_597408505_0,65.0,70.07,61.02,63.35
2836077908_262504995_0,60.0,67.83,54.79,61.35
2836077908_2836077913_0,60.0,67.15,59.63,61.65
2836077908_2836077939_0,65.0,67.47,58.02,61.75
2836077913_2836077908_0,60.0,67.15,59.63,61.65
2836077913_597408496_0,60.0,66.91,59.56,63.35
2836077915_2212101013_0,65.0,66.5,62.64,63.1
2836077915_597408497_0,65.0,70.7,62.08,63.8
2836077926_2836077913_0,65.0,67.83,63.87,63.0
2836077926_597408496_0,60.0,70.11,61.63,62.85
2836077939_430796574_0,65.0,67.32,56.96,62.6
2836077942_430796569_0,65.0,69.99,59.54,63.35
2836077942_597408500_0,65.0,70.1,64.87,61.85
2837565683_582642222_0,65.0,69.27,61.34,59.65
2838658038_259510989_0,65.0,68.55,62.58,58.9
2838658038_259510991_0,65.0,69.99,62.36,59.0
2838658038_3730510953_0,65.0,69.92,61.69,58.75
2843831494_2843831498_0,65.0,67.29,62.95,63.8
2843831494_2843831496_0,65.0,67.91,61.39,63.55
2843831496_245396087_0,65.0,66.27,61.64,60.4
2843831496_21226835_0,65.0,67.95,61.83,63.75
2843831498_2843831496_0,65.0,67.46,61.63,63.65
2843831498_245396080_0,65.0,66.04,60.26,61.9
2850804991_4008626574_0,65.0,66.13,57.83,55.7
2852927474_309658922_0,65.0,65.51,60.19,57.7
2852927474_1602512875_0,65.0,68.26,60.11,61.25
2852927474_1602479940_0,65.0,68.64,66.94,63.8
2853231336_21227143_0,65.0,71.87,60.62,62.45
2853231339_2853231336_0,65.0,72.88,65.79,62.55
2853231339_21226607_0,60.0,72.61,61.84,63.35
2858888468_583066692_0,65.0,69.16,63.13,61.05
2858888468_357257353_0,65.0,70.22,64.96,61.15
2859959557_3996353960_0,65.0,67.71,58.82,56.85
2859959557_2859959566_0,65.0,67.05,54.02,56.55
2859959566_2859959557_0,65.0,67.02,54.23,56.45
2859979239_6120595677_0,65.0,66.75,61.56,58.8
2859979239_3488631705_0,65.0,66.0,64.01,62.45
2860052552_663868624_0,65.0,69.68,55.37,53.9
2864754236_574931502_0,60.0,68.78,58.35,57.65
2864754236_621160511_0,55.0,66.11,57.07,57.85
2864754236_574931507_0,60.0,69.4,61.17,57.95
2866052857_413628400_0,65.0,75.5,61.15,61.44
2866052857_2866053333_0,65.0,75.72,62.32,61.14
2866052886_2866052857_0,65.0,74.84,61.07,60.29
2866053333_2866053395_0,65.0,76.7,65.01,63.5
2866053356_2866052886_0,65.0,74.82,62.15,60.64
2866053378_2866053356_0,65.0,75.04,60.14,60.49
2866053395_1479401041_0,65.0,75.25,63.9,62.35
2866053395_2866053576_0,65.0,76.54,64.33,63.25
2866053565_2148899372_0,65.0,74.85,62.03,60.35
2866053565_2866053378_0,65.0,75.6,63.27,62.04
2866053576_2866053565_0,65.0,76.17,64.53,63.05
2866157515_2006277454_0,65.0,74.44,74.04,68.3
2866157515_12442008498_0,65.0,78.17,73.78,68.85
2868435372_2791265015_0,60.0,62.34,63.08,56.95
2868435372_10682668552_0,55.0,62.41,63.87,58.75
2868472134_248290719_0,60.0,73.43,62.13,59.85
2868472134_248290717_0,60.0,75.08,63.55,60.2
2870686226_1011790296_0,55.0,61.34,49.99,52.45
2872661072_262384559_0,65.0,68.51,56.75,54.25
2872661072_271200836_0,60.0,68.91,56.75,54.35
2872661072_4855907325_0,65.0,68.42,56.76,53.3
2872769313_249455888_0,65.0,71.26,60.99,62.7
2872769313_5451379968_0,70.0,73.29,58.4,62.0
2872769320_263250905_0,65.0,73.91,60.95,60.85
2872769320_2055285233_0,65.0,75.89,62.78,61.95
2874456361_10655734928_0,65.0,62.69,60.11,58.8
2874456361_10655734921_0,65.0,62.75,61.97,59.3
2875107784_643630933_0,65.0,71.83,60.53,58.65
2875107784_582868708_0,65.0,70.71,61.08,58.35
2875165077_249455219_0,60.0,62.22,51.51,52.1
2875165077_21226525_0,55.0,62.35,52.75,52.2
2875972439_2875972440_0,60.0,61.43,56.88,57.85
2875972440_2889082892_0,55.0,59.66,57.56,57.9
2875972440_2875972442_0,60.0,61.34,58.49,58.3
2875972441_2889082893_0,55.0,61.9,56.58,57.95
2875972441_2889082898_0,60.0,63.22,56.86,58.35
2875972442_2875972441_0,60.0,63.32,56.75,57.9
2876237173_300877916_0,60.0,64.93,48.29,53.4
2876301590_2876301594_0,65.0,73.74,63.4,63.7
2876301594_2542324507_0,65.0,72.2,63.37,63.95
2876301594_2542321105_0,65.0,71.72,64.82,62.7
2876302424_2542322380_0,65.0,72.46,64.24,63.15
2876371436_2876427740_0,65.0,64.7,60.71,58.65
2876427740_365311372_0,65.0,65.0,61.83,62.4
2876532968_676889840_0,60.0,65.09,58.76,56.28
2876532968_389350443_0,65.0,65.02,60.21,60.33
2876532968_365312075_0,60.0,65.2,54.7,59.83
2876532972_245570235_0,70.0,72.58,67.67,64.83
2876619988_249455886_0,65.0,71.98,55.06,59.6
2876619988_660867351_0,65.0,73.89,62.27,60.55
2876658672_344817443_0,65.0,68.3,66.46,65.55
2876692779_344814480_0,65.0,73.19,65.68,64.85
2876692779_2876658672_0,65.0,70.06,65.15,64.75
2879264408_2514884179_0,60.0,57.63,49.34,48.85
2879316853_21555588_0,65.0,72.5,64.62,67.2
2879455570_255508200_0,65.0,68.52,57.21,63.58
2880043545_31331704_0,65.0,66.0,60.46,60.4
2880112828_9323590798_0,65.0,68.71,59.75,58.61
2880134092_292683546_0,60.0,62.13,55.06,53.15
2880134092_2880134096_0,60.0,61.3,52.59,52.8
2880134096_2880134092_0,60.0,61.34,52.45,52.25
2880134096_1277834160_0,60.0,61.22,51.36,52.6
2880379640_2626164550_0,60.0,70.6,62.36,61.35
2880379640_2626164547_0,60.0,76.41,63.27,62.19
2880379640_9611755495_0,60.0,64.71,65.52,57.85
2880564816_717641285_0,55.0,65.63,62.91,64.32
2880564816_2880564820_0,60.0,65.83,64.34,62.6
2880564819_2880564820_0,55.0,68.73,63.72,63.65
2880564819_2880564816_0,55.0,65.53,63.96,64.25
2880564820_275708161_0,60.0,68.9,62.29,63.85
2880564820_2880565323_0,60.0,68.84,64.19,63.45
2880565323_2880564819_0,55.0,66.61,62.93,65.15
2880565323_714331161_0,60.0,64.21,59.16,60.55
2880565324_275708163_0,60.0,68.78,62.79,63.45
2880565324_275700447_0,60.0,66.3,60.8,61.92
2883720223_1602512875_0,65.0,69.27,59.3,60.55
2883720223_1602512886_0,65.0,69.31,60.64,60.8
2883720967_3373243356_0,65.0,68.04,55.3,56.35
2887053904_21310623_0,65.0,74.79,64.25,62.45
2887073950_583400786_0,55.0,63.27,50.51,52.35
2888123083_1939485352_0,65.0,65.8,60.1,61.25
2888123083_1939485364_0,65.0,67.73,63.11,63.4
2888123083_2888123085_0,60.0,66.07,55.96,62.8
2888123085_1939485354_0,60.0,65.97,58.57,62.1
2888123091_3073232882_0,65.0,70.69,63.23,63.8
2888123091_3078993286_0,65.0,70.11,62.61,64.4
2888129013_2613616020_0,65.0,71.83,62.03,65.55
2888636653_2714782033_0,65.0,72.1,60.57,60.78
2888636653_2406966024_0,65.0,74.62,64.59,65.82
2888818213_249453837_0,60.0,73.92,61.52,62.4
2888838174_2799014117_0,65.0,72.35,62.61,62.82
2888838174_11013685396_0,65.0,71.97,62.3,62.9
2889082883_2889082890_0,60.0,61.57,57.66,59.0
2889082883_2875972439_0,60.0,61.38,58.52,57.9
2889082890_2875972439_0,55.0,61.41,57.7,58.65
2889082890_1178826603_0,60.0,62.53,59.87,59.3
2889082892_2875972442_0,55.0,59.57,57.24,57.7
2889082892_249364892_0,55.0,60.01,52.24,57.15
2889082893_2719882810_0,60.0,61.97,57.87,57.15
2889082893_2889082898_0,60.0,61.96,55.85,58.8
2889082898_2889082883_0,60.0,61.39,57.33,58.45
2889345658_2806962219_0,65.0,70.95,65.4,64.35
2889413709_27552279_0,65.0,76.79,68.27,68.1
2889413711_243910488_0,60.0,76.24,64.11,66.0
2889451337_357258387_0,60.0,68.4,55.67,55.3
2889451337_357258845_0,60.0,69.28,59.4,59.7
2889451337_2583605636_0,60.0,69.16,57.65,55.35
2889467124_2609516253_0,60.0,71.53,64.52,65.55
2889467124_2609516252_0,60.0,72.09,64.24,65.55
2889531037_27560129_0,60.0,65.95,54.69,56.8
2889531037_4466317462_0,60.0,66.33,58.56,57.55
2889531048_21226144_0,65.0,67.25,57.23,58.3
2889531048_10970595933_0,65.0,66.38,55.14,57.6
2889616524_245474385_0,65.0,71.22,64.9,65.8
2889616524_2889616526_0,65.0,72.07,69.39,65.7
2889616524_1993620498_0,65.0,67.54,66.09,66.3
2889616526_21256780_0,65.0,74.07,69.95,66.4
2889616526_21226800_0,65.0,72.78,69.69,67.14
2889616965_21226213_0,65.0,70.05,63.85,65.9
2889616965_35080726_0,65.0,68.12,61.93,63.6
2889616965_21226567_0,65.0,68.79,64.16,66.0
2891716176_269523646_0,65.0,56.2,62.4,59.35
2892146080_320078006_0,65.0,66.35,58.69,57.25
2892146080_258390921_0,65.0,66.27,60.99,57.5
2892146094_2488582283_0,60.0,67.28,61.6,60.0
2892146094_2332367130_0,60.0,67.36,63.27,59.35
2894903549_31875766_0,65.0,69.02,62.88,64.6
2894903549_32430741_0,65.0,69.53,64.29,65.2
2896764545_1251634557_0,65.0,65.44,55.21,57.85
2896764545_21227036_0,65.0,65.72,56.1,57.8
2896764545_4061719045_0,65.0,64.86,56.25,57.4
2896900080_21225931_0,60.0,75.9,67.69,65.45
2896900080_13030891061_0,60.0,74.35,62.2,60.1
2896922077_21227293_0,65.0,70.48,63.55,65.05
2896922077_21389434_0,60.0,68.11,63.55,62.9
2896922078_21226844_0,65.0,69.22,63.71,63.15
2896922078_21227293_0,65.0,70.73,63.35,64.6
2896922079_21227293_0,65.0,73.23,64.75,64.65
2896922079_9218173280_0,65.0,70.89,62.7,61.7
2896922079_2896922078_0,65.0,70.08,63.8,65.5
2898725338_21226254_0,65.0,65.55,60.57,62.15
2898725338_2898725342_0,65.0,65.09,63.42,61.7
2898725342_308668493_0,65.0,66.48,60.13,62.5
2898864727_21226511_0,65.0,67.34,63.42,65.3
2898864727_21227144_0,65.0,66.78,60.06,60.7
2898886775_2902502456_0,65.0,66.77,57.29,62.5
2898886775_21226529_0,65.0,70.44,59.13,62.3
2898886782_27588812_0,65.0,68.58,58.12,64.55
2898886782_2776241467_0,65.0,71.02,58.84,64.35
2902502447_1584878439_0,65.0,70.23,63.37,62.65
2902502447_29137418_0,65.0,71.13,62.71,62.55
2902502447_2902502456_0,65.0,69.26,65.43,61.95
2902502456_304775620_0,65.0,68.34,64.42,65.1
2902502456_29137418_0,65.0,72.59,67.59,64.75
2902502456_2902502447_0,65.0,69.19,65.31,61.8
2902502456_2898886775_0,65.0,66.77,57.29,62.5
2902504931_29137418_0,65.0,70.3,58.32,63.55
2902504931_29137418_1,65.0,70.56,60.88,63.1
2902504931_29137415_0,65.0,69.51,62.15,60.75
2902591499_91532533_0,65.0,67.65,56.65,59.95
2902591499_78456350_0,65.0,67.96,62.08,61.65
2902864067_1974252395_0,65.0,69.31,62.64,65.0
2902864067_1942841536_0,65.0,71.14,63.94,64.45
2902864067_1942841536_1,65.0,70.94,64.09,64.5
2902864068_1942841543_0,65.0,68.22,61.22,61.25
2902864068_1942841547_0,65.0,69.81,64.21,65.25
2902864068_1942841547_1,65.0,68.15,63.35,64.85
2902864071_21226177_0,65.0,69.24,64.82,62.85
2902864073_21226129_0,65.0,69.6,62.26,63.15
2902864073_29749477_0,65.0,65.73,61.05,63.2
2907294401_27552362_0,65.0,75.61,69.18,69.1
2907294415_241469425_0,65.0,71.46,69.66,68.35
2907294415_2907294401_0,65.0,75.28,69.87,68.9
2907294443_1272557605_0,65.0,73.51,69.63,69.4
2907294443_206145273_0,65.0,73.69,70.27,69.7
2909122754_2549397396_0,65.0,67.4,60.22,60.05
2909122755_1521054401_0,65.0,70.61,61.53,61.2
2909122755_309625445_0,65.0,66.77,59.12,61.1
2909122755_2909122754_0,65.0,69.37,60.34,59.5
2909145019_2633688582_0,65.0,71.08,61.91,63.6
2909145019_2633725648_0,65.0,70.59,66.84,62.85
2909145019_2609137130_0,65.0,72.62,65.53,65.05
2914311734_308239254_0,65.0,73.43,67.03,69.0
2915773313_1935893986_0,65.0,67.23,61.45,62.65
2915773313_1931981430_0,65.0,69.07,61.58,59.75
2915802644_2915807149_0,65.0,76.42,63.17,64.8
2915802648_2915815356_0,65.0,74.77,61.92,62.95
2915802648_2915802644_0,65.0,75.58,61.22,65.1
2915802648_206144234_0,65.0,77.18,62.88,63.4
2915807145_206144234_0,65.0,77.49,62.53,66.0
2915807149_1521065905_0,65.0,73.22,62.2,66.45
2915815356_2915802648_0,65.0,74.65,62.26,63.0
2915815356_2915802648_1,65.0,74.77,61.92,62.95
2915815356_2915815357_0,65.0,74.98,58.32,60.85
2915815356_1171155343_0,65.0,74.95,63.06,61.35
2915815357_2915815356_0,65.0,74.98,58.32,60.85
2915815357_2066845477_0,65.0,74.0,59.39,59.45
2915886806_267210666_0,60.0,64.69,62.15,63.33
2915929244_78476351_0,65.0,59.89,54.81,54.4
2915929244_2915929258_0,65.0,59.91,53.41,52.5
2915929253_153558266_0,65.0,59.18,53.54,53.2
2915929253_2915929270_0,65.0,59.71,53.37,52.35
2915929258_2915929253_0,65.0,59.76,52.55,53.4
2915929260_78476361_0,65.0,60.12,55.01,54.25
2915929260_2915929277_0,65.0,60.2,53.8,53.95
2915929270_2915929260_0,65.0,59.78,54.18,53.35
2915929277_2915929244_0,65.0,60.06,55.11,55.55
2916243023_2916243025_0,60.0,62.14,52.43,50.35
2916243023_724619305_0,60.0,59.45,53.57,50.45
2916243023_943029019_0,60.0,58.76,52.41,51.25
2916243024_2702859001_0,60.0,61.57,54.66,51.3
2916243024_2916243023_0,60.0,62.33,55.42,49.1
2916243025_2916243024_0,60.0,62.3,55.3,50.2
2916243025_2706975650_0,60.0,60.34,51.85,50.6
2916981401_3237866553_0,65.0,65.19,55.2,58.35
2916981404_3237868573_0,60.0,64.95,59.78,58.55
2917006145_309902915_0,60.0,61.95,54.39,57.25
2917014432_1245605385_0,60.0,64.93,51.56,56.1
2917014432_563283438_0,65.0,63.97,55.28,56.59
2917530873_655260285_0,65.0,63.59,60.15,60.2
2918645493_1935893983_0,65.0,68.9,61.48,61.1
2918645493_2933870244_0,65.0,71.04,64.49,60.4
2918721825_344804865_0,65.0,68.66,63.89,65.55
2918721825_1932040076_0,65.0,68.63,67.21,66.1
2918721825_1932040076_1,65.0,68.55,67.84,66.3
2918756665_90563684_0,65.0,67.73,62.14,64.35
2918756665_90563688_0,65.0,68.48,65.43,65.55
2918756665_2952597869_0,65.0,65.85,66.32,63.6
2920257126_295471363_0,60.0,66.37,55.01,58.2
2921123982_29461126_0,60.0,73.97,53.21,56.35
2921123982_2921123999_0,60.0,74.28,54.28,56.65
2921123987_29461129_0,60.0,74.08,55.49,56.15
2921123987_2921123982_0,60.0,74.11,55.54,56.3
2921123991_29461119_0,65.0,78.44,63.02,61.65
2921123995_2921123987_0,60.0,74.3,54.63,56.05
2921123999_1488767886_0,65.0,74.97,57.23,59.09
2921123999_2921123995_0,65.0,74.18,54.7,56.4
2923126646_441917633_0,65.0,74.32,64.99,67.25
2923513898_2754655350_0,65.0,68.68,60.53,60.55
2923515804_2923513898_0,65.0,68.73,62.19,61.85
2923515804_11016638396_0,65.0,70.06,61.91,62.48
2924370698_268405040_0,60.0,58.78,59.56,55.8
2924370698_268405048_0,60.0,55.69,56.08,54.55
2924372004_2763712876_0,60.0,57.61,57.69,55.9
2924372004_2924370698_0,60.0,57.25,57.78,55.6
2924746208_1943114041_0,60.0,66.57,56.01,56.7
2924746208_959903397_0,65.0,66.31,54.1,56.8
2924746208_2707357730_0,65.0,66.73,56.44,56.95
2924746208_265742658_0,65.0,65.87,54.4,57.0
2924753448_263250339_0,65.0,63.98,58.68,55.7
2924753448_275651938_0,65.0,63.84,57.94,54.95
2925717078_1942907893_0,60.0,71.92,66.48,64.47
2925717078_21226876_0,55.0,66.57,61.15,63.3
2925717078_1942944005_0,60.0,68.74,64.06,65.05
2925717088_1942907906_0,60.0,65.41,64.24,60.1
2925717088_1942908019_0,65.0,65.5,64.4,60.6
2926224541_259589833_0,65.0,73.0,62.39,61.6
2926224541_243909216_0,65.0,78.51,69.18,67.0
2932540651_1482959493_0,65.0,69.98,59.6,57.95
2933870244_1935893981_0,65.0,77.36,65.77,63.75
2933870244_242938867_0,65.0,74.11,65.92,63.1
2933870244_359010274_0,65.0,71.59,65.69,62.25
2934287651_574993746_0,55.0,69.9,63.13,63.32
2934287651_9238787285_0,60.0,69.94,62.98,63.58
2935192653_257897056_0,65.0,74.06,68.3,68.15
2935192659_257897054_0,65.0,74.32,68.53,66.15
2935703803_21226629_0,65.0,72.28,64.4,65.7
2935703803_21226393_0,65.0,70.76,65.02,64.65
2935703803_21226774_0,65.0,74.36,66.02,64.4
2935978700_251498276_0,65.0,64.92,60.58,60.7
2935978700_5475987962_0,65.0,65.51,63.96,64.55
2936500870_2936500896_0,65.0,59.66,56.35,55.65
2936500896_1492511839_0,70.0,58.96,58.09,57.45
2936500896_262985494_0,65.0,58.63,57.39,57.05
2936554403_1308294069_0,60.0,65.82,60.81,61.75
2940260706_21226354_0,65.0,71.58,66.54,65.92
2940260706_2777049455_0,60.0,66.46,63.06,63.8
2940260710_25543749_0,60.0,61.97,60.59,59.07
2940260710_2940260706_0,60.0,63.85,57.48,62.55
2940305635_271050317_0,55.0,71.92,58.18,60.05
2940305635_2534412991_0,55.0,70.82,57.25,58.9
2940672058_267952405_0,65.0,57.63,62.82,56.0
2941498882_267212123_0,65.0,70.64,67.98,63.7
2941498882_1328900697_0,65.0,68.66,57.32,59.8
2941511373_53763220_0,65.0,73.05,57.08,61.85
2941511374_1178990329_0,65.0,71.62,62.4,60.5
2941511374_1178990321_0,65.0,68.11,62.81,59.0
2942696593_1505194149_0,65.0,65.09,57.57,57.15
2942696593_2702724794_0,65.0,64.87,56.94,56.65
2943236671_655335184_0,65.0,66.03,59.21,59.75
2943323385_2311022904_0,65.0,70.52,54.62,56.55
2943323385_267409235_0,65.0,71.59,53.71,57.0
2943338502_776998516_0,65.0,69.1,56.8,59.75
2943338504_6879066264_0,65.0,80.26,65.92,68.45
2943338504_6879066260_0,65.0,76.63,65.37,66.7
2943342643_776998454_0,65.0,71.74,60.68,59.3
2943342643_6879066265_0,65.0,76.38,65.26,67.8
2943344080_539068131_0,65.0,73.22,65.32,65.85
2943344080_3093774922_0,70.0,77.12,66.37,68.4
2943397859_2943397891_0,65.0,71.46,61.81,57.8
2943397873_2932540651_0,65.0,70.44,61.42,57.6
2943397873_1482959516_0,65.0,71.07,59.47,58.65
2943397891_2943397873_0,65.0,70.91,59.46,57.8
2943418555_1973583777_0,65.0,68.19,58.09,57.25
2944545696_232851088_0,60.0,66.27,60.7,62.2
2944626970_25543695_0,60.0,70.99,61.1,65.25
2945626673_257897069_0,60.0,65.55,64.45,63.9
2945626673_241469355_0,60.0,69.77,66.63,66.0
2945626679_5470730682_0,65.0,78.64,74.26,66.15
2945626679_12442008382_0,65.0,78.42,75.15,66.45
2947158068_663868628_0,65.0,70.88,55.86,54.7
2947268070_78439701_0,65.0,67.73,64.51,62.45
2951299746_27551112_0,65.0,72.14,64.23,65.0
2952597861_687864624_0,65.0,64.08,63.81,61.5
2952597861_90563688_0,65.0,65.3,67.19,62.85
2952597866_2952597861_0,65.0,67.18,66.19,63.0
2952597869_90563688_0,65.0,68.37,67.87,65.32
2952597869_2952597866_0,65.0,68.07,64.58,63.75
2954403507_2954403508_0,60.0,70.96,60.38,60.8
2954403507_752878057_0,60.0,71.84,59.33,60.5
2954403508_2954403512_0,60.0,70.37,60.62,60.15
2954403511_2954403507_0,60.0,71.19,60.45,60.3
2954403511_2954403508_0,60.0,71.54,61.38,60.35
2954403512_27529338_0,60.0,70.16,58.18,57.95
2954403512_2954403515_0,60.0,70.25,58.74,57.6
2954403515_2954403511_0,60.0,70.31,60.14,60.35
2954403516_27529338_0,65.0,70.48,59.77,59.55
2954403516_2954403515_0,60.0,70.09,58.39,57.35
2954403516_27626633_0,65.0,70.64,60.34,59.65
2955598144_21225890_0,60.0,60.41,54.57,53.6
2955598144_21226624_0,60.0,60.49,56.11,53.4
2955819032_2633722456_0,65.0,73.21,64.31,64.65
2955819032_253243381_0,60.0,69.54,65.09,62.95
2958408758_21226811_0,60.0,72.02,56.13,56.8
2958408758_21226117_0,60.0,75.47,56.87,57.74
2958408764_27714892_0,65.0,77.88,57.72,60.1
2965746472_3730920355_0,65.0,63.11,60.22,65.27
2965746472_250291796_0,65.0,63.18,63.76,66.5
2972798953_2701250497_0,65.0,73.57,62.75,57.25
2972798953_430777049_0,65.0,74.14,65.05,61.2
2973221747_269356360_0,65.0,67.84,67.64,62.05
2973221747_3071799033_0,65.0,67.99,62.21,60.85
2974482393_2794569207_0,65.0,62.01,55.33,53.2
2974482393_1942874538_0,60.0,62.08,60.47,57.4
2985951433_32430741_0,65.0,69.77,64.08,64.7
2985951433_2894903549_0,65.0,69.65,63.48,65.2
2987557917_4424802126_0,65.0,69.85,62.12,61.72
2987557917_632903254_0,60.0,71.24,56.76,61.48
2987656912_256069581_0,65.0,65.01,71.35,65.65
2987656912_345435910_0,65.0,71.94,67.18,67.8
3042328531_101538314_0,60.0,72.66,66.71,60.4
3042328531_355234339_0,60.0,73.24,68.09,60.9
3054568367_3163093549_0,65.0,75.04,65.11,62.7
3054568367_3164150221_0,65.0,73.01,64.81,63.25
3054568373_1477859762_0,65.0,71.57,61.76,60.6
3054568373_3054612844_0,65.0,71.88,62.65,60.2
3054568377_3054568367_0,65.0,72.94,63.25,62.7
3054568377_3163047205_0,65.0,73.4,61.76,61.85
3054612839_3163094364_0,65.0,75.01,61.17,62.75
3054612839_1935805313_0,65.0,70.43,62.9,59.35
3054612839_3054568373_0,65.0,72.29,64.06,62.2
3054612844_2666800638_0,65.0,67.32,62.64,61.1
3054612844_1942795236_0,65.0,68.98,64.11,61.9
3054612855_3457844155_0,65.0,73.24,60.67,62.45
3054612856_3054612855_0,65.0,71.67,68.67,62.6
3054612856_3163063553_0,65.0,73.49,60.48,62.6
3054612858_3054612856_0,65.0,74.64,61.22,62.7
3054612864_21663217_0,65.0,71.58,60.53,59.05
3054612864_13619737268_0,65.0,71.8,61.25,60.85
3061338164_2325709146_0,60.0,65.52,54.96,57.95
3061338164_3237868576_0,65.0,65.45,58.29,58.25
3061350783_11119580706_0,65.0,65.56,54.13,58.75
3061350783_262699848_0,65.0,66.03,59.78,61.15
3061381597_574839870_0,60.0,65.29,61.88,60.7
3061381597_29765455_0,65.0,67.02,59.6,61.85
3062660715_5305417544_0,65.0,75.09,68.34,66.4
3062660715_232855786_0,65.0,75.1,67.64,66.4
3071799033_2603507315_0,65.0,65.22,60.06,59.82
3073232882_1946779131_0,60.0,64.72,60.91,62.5
3073232882_3078993286_0,65.0,70.91,61.61,63.65
3073232885_787885727_0,65.0,68.7,62.45,65.25
3073232885_1111714806_0,65.0,67.81,61.15,62.45
3078993286_2888129013_0,65.0,69.26,64.71,65.45
3090779735_2177212815_0,65.0,60.21,57.26,55.77
3092093618_542417408_0,65.0,63.94,59.03,58.05
3093756552_3093756557_0,60.0,72.54,59.09,61.16
3093756555_27529361_0,55.0,74.15,57.18,61.4
3093756555_3093756552_0,60.0,74.71,61.23,59.6
3093756557_27529347_0,60.0,72.22,60.3,60.45
3093756557_3093756560_0,60.0,73.47,66.29,61.5
3093756560_3093756555_0,55.0,72.55,58.44,60.75
3093773791_359578674_0,65.0,76.06,59.65,60.0
3093774916_539068131_0,65.0,77.57,65.97,67.45
3093774922_3093774923_0,65.0,78.24,64.69,68.1
3093774923_2943338504_0,65.0,79.76,66.57,68.7
3095330478_736901153_0,60.0,57.32,51.65,51.2
3095376942_776998387_0,60.0,71.94,60.96,58.95
3098441543_3709063639_0,65.0,70.76,54.5,55.2
3105497572_929810814_0,65.0,59.74,58.48,56.25
3105497573_25543880_0,65.0,72.23,62.56,62.3
3105497573_2698680784_0,65.0,69.66,59.18,59.6
3105497573_258074592_0,65.0,69.12,61.18,58.85
3105497573_2698680776_0,65.0,68.3,59.54,58.85
3106827581_21226537_0,65.0,65.43,56.66,58.0
3106827581_3106827581_0,60.0,65.37,56.87,55.2
3109056812_387679354_0,70.0,69.93,66.26,58.3
3109056812_3448549840_0,65.0,70.3,58.25,58.3
3112631057_292844941_0,65.0,77.29,60.67,61.98
3114700795_29089627_0,65.0,69.42,67.8,66.25
3114700797_3114700795_0,65.0,65.68,68.86,62.35
3114700797_1839808458_0,65.0,63.13,64.71,62.15
3125930508_3163232430_0,65.0,65.08,62.44,60.85
3125930508_3163232432_0,65.0,65.64,59.69,57.55
3125930520_1485843605_0,65.0,66.43,61.1,57.05
3125930520_3163232433_0,65.0,67.37,62.1,57.15
3127491115_1200503324_0,65.0,72.08,66.91,67.5
3127491115_7801199727_0,60.0,69.91,63.18,65.95
3148947135_252639698_0,65.0,62.54,56.24,55.0
3148947136_252639698_0,65.0,62.71,56.0,54.75
3163047205_3164150235_0,65.0,74.61,62.85,61.5
3163047205_1942775855_0,65.0,68.32,61.31,60.95
3163063553_3163094364_0,65.0,73.77,63.09,62.95
3163093549_3054612839_0,65.0,72.7,62.68,63.1
3163094364_3054612839_0,65.0,75.01,61.17,62.75
3163094364_3054568377_0,65.0,73.63,63.92,62.55
3163232430_254603124_0,65.0,65.9,63.91,61.75
3163232430_3163232432_0,65.0,65.5,64.16,62.1
3163232432_3163232430_0,65.0,65.53,64.48,62.1
3163232432_1579330630_0,65.0,66.15,61.82,60.15
3163232433_3125930508_0,65.0,67.41,62.08,59.05
3163232434_3125930520_0,65.0,67.23,63.58,57.15
3164150221_29137433_0,65.0,68.11,64.23,62.7
3164150235_3164150221_0,65.0,71.18,62.84,63.45
3164150235_3054568367_0,65.0,73.77,62.76,62.0
3164291827_341205394_0,60.0,54.02,47.32,55.05
3164291827_4065288872_0,55.0,53.96,47.31,54.4
3164886468_3163093549_0,65.0,72.18,63.7,63.0
3198445890_3198445912_0,65.0,64.61,57.23,56.2
3198445912_10956402328_0,65.0,65.17,56.6,55.8
3198445912_3198445926_0,65.0,64.77,57.23,56.35
3198445926_2942696593_0,65.0,64.93,55.58,56.8
3204505440_275651926_0,65.0,63.54,55.67,55.55
3204505440_1944445255_0,60.0,63.24,57.23,54.75
3215730970_245557035_0,65.0,71.66,53.12,54.8
3216535345_102220649_0,65.0,67.19,63.39,61.92
3216535345_250510794_0,65.0,70.76,66.13,64.03
3227966615_4059820336_0,65.0,64.62,57.31,61.8
3231455564_3231455578_0,55.0,76.84,60.17,60.7
3231455578_2743137463_0,60.0,76.98,60.68,61.8
3231455578_3231455597_0,60.0,76.63,62.73,61.2
3231455586_21226241_0,65.0,76.78,64.38,61.65
3231455586_561071396_0,65.0,77.85,60.13,61.0
3231455597_1004444456_0,60.0,78.23,63.96,62.1
3234508591_1137872231_0,55.0,66.71,58.06,54.4
3235855855_29749482_0,65.0,66.98,64.27,61.7
3235855855_2392720163_0,65.0,65.6,61.37,61.5
3237866553_3061350783_0,65.0,65.34,55.01,58.65
3237866553_11119580706_0,65.0,65.3,55.38,57.95
3237868573_2325709145_0,60.0,64.98,59.28,57.7
3237868573_2916981401_0,65.0,65.2,59.58,58.45
3237868576_3237868595_0,65.0,65.3,59.37,58.55
3237868595_2325709123_0,65.0,65.12,59.26,58.5
3237868595_2916981404_0,60.0,65.12,60.14,58.05
3239543960_254607233_0,65.0,59.03,50.35,53.5
3242415609_2702859001_0,60.0,63.71,54.89,53.5
3248920215_2799102913_0,60.0,71.32,52.88,53.7
3268056539_1009311708_0,65.0,66.08,62.76,61.35
3268056539_3268056547_0,65.0,67.28,62.73,59.68
3268056545_3268056575_0,65.0,66.24,65.71,63.78
3268056545_3268056539_0,65.0,65.65,65.62,59.95
3268056547_3268056545_0,65.0,67.34,62.23,59.68
3268056575_3268056579_0,65.0,65.93,66.82,63.25
3268056575_3268056545_0,65.0,66.23,65.71,63.78
3268056579_3268056583_0,65.0,65.75,70.49,63.6
3268056583_3268056592_0,65.0,65.78,66.61,62.6
3268056583_3713545178_0,65.0,65.71,74.15,66.2
3268056592_248461236_0,65.0,66.4,66.32,63.5
3296694163_2889531037_0,60.0,67.69,63.43,63.85
3296694167_3296694163_0,60.0,69.85,63.66,63.9
3296694167_21226964_0,60.0,71.22,65.05,64.45
3307148707_241474728_0,65.0,68.48,57.48,63.6
3327117608_5166288820_0,60.0,58.5,55.6,54.3
3333723544_6903764643_0,65.0,56.09,53.4,53.45
3333723544_88238932_0,65.0,55.53,55.69,53.3
3333723654_1575660482_0,65.0,60.95,50.92,56.3
3333723654_6903764643_0,65.0,58.01,53.15,54.1
3342868439_536653663_0,60.0,66.83,60.65,58.6
3342868439_2548737863_0,60.0,66.11,59.54,59.55
3348762666_474849909_0,65.0,64.68,53.05,57.79
3348762666_2876427740_0,65.0,64.02,55.25,58.0
3354696743_3354696755_0,65.0,70.87,59.13,60.6
3354696743_3354696752_0,65.0,70.59,61.01,64.4
3354696745_21298379_0,65.0,69.95,58.87,59.1
3354696745_3354696751_0,65.0,69.32,56.06,58.05
3354696747_3354696751_0,65.0,68.82,58.5,56.75
3354696747_3354696745_0,65.0,69.23,56.28,58.1
3354696751_3354696743_0,65.0,69.13,57.96,59.85
3354696752_1837393009_0,65.0,71.97,60.48,64.25
3354696752_2715733316_0,65.0,71.19,61.23,66.15
3354696755_3354696747_0,65.0,69.07,56.88,58.85
3354703727_311820392_0,65.0,69.22,51.4,55.9
3355942738_3780414294_0,60.0,53.53,51.36,54.35
3355942738_3355949095_0,60.0,53.43,53.49,54.05
3355949095_3358766248_0,60.0,53.95,53.37,54.35
3355949095_3355949100_0,55.0,53.52,51.63,54.0
3355949100_3355949095_0,55.0,53.52,51.63,54.0
3358131353_21458294_0,65.0,66.11,60.02,62.42
3358131353_4364183492_0,65.0,65.49,55.85,59.2
3358131371_88238944_0,60.0,55.69,50.62,51.35
3358131388_578278053_0,65.0,55.1,45.51,51.0
3358200134_3358131388_0,60.0,55.11,51.42,49.85
3358224645_3358224648_0,60.0,52.95,51.52,50.8
3358224648_13684460573_0,65.0,56.47,48.84,51.9
3358707593_1245595242_0,65.0,60.11,61.32,61.2
3358707593_268052132_0,65.0,59.55,59.1,60.2
3358707593_3358713793_0,65.0,60.56,67.83,61.1
3358707594_3358713793_0,65.0,58.44,60.52,60.72
3358713793_3358713794_0,65.0,56.67,58.31,59.95
3358713793_3358707594_0,65.0,58.44,60.52,60.98
3358713793_3358707593_0,65.0,60.56,67.83,61.1
3358713794_3358713793_0,65.0,56.67,58.31,59.95
3358766248_560429704_0,55.0,55.17,50.84,53.3
3358766248_3355949095_0,60.0,53.95,53.37,54.35
3359383191_10979803679_0,65.0,60.74,57.68,60.25
3359386888_3359415755_0,65.0,60.86,58.15,57.6
3359386888_3372004148_0,65.0,61.99,60.76,60.35
3359415755_262508248_0,60.0,59.95,57.36,57.28
3359429057_10979803679_0,65.0,57.91,61.08,58.35
3359429057_4065246102_0,65.0,57.19,58.81,54.35
3359429057_10911506624_0,65.0,59.23,59.93,58.3
3359546278_5024953566_0,65.0,65.02,56.61,55.18
3366811234_1524781662_0,65.0,67.15,63.01,60.5
3366811234_3366811268_0,65.0,69.34,59.93,61.52
3366811239_206147134_0,65.0,67.21,64.89,67.45
3366811239_286310108_0,65.0,62.36,64.76,62.3
3366811243_1251157302_0,65.0,63.53,59.14,58.84
3366811243_8720913138_0,65.0,68.45,61.78,67.05
3366811261_3806084100_0,65.0,69.51,64.38,64.65
3366811268_3806084100_0,65.0,70.6,63.95,62.55
3366811268_21226288_0,60.0,68.99,59.72,62.05
3371086664_4064369843_0,65.0,65.51,57.87,62.3
3371595497_9959975207_0,65.0,72.74,60.5,62.25
3371595497_9962137213_0,65.0,73.51,61.67,61.95
3371595498_21226662_0,65.0,66.9,50.94,56.35
3371765470_21226461_0,65.0,72.31,59.63,63.31
3371765470_2763574574_0,65.0,71.8,59.78,62.2
3371765471_21226410_0,65.0,70.51,62.25,63.4
3371765471_3371765470_0,65.0,73.65,60.36,63.65
3371971546_251311049_0,60.0,57.64,58.08,53.85
3372004148_3359386888_0,65.0,61.99,60.76,60.35
3372004148_10911506624_0,65.0,63.51,57.77,59.9
3372116788_3372116788_0,55.0,55.76,46.1,46.6
3372116788_253962111_0,55.0,55.91,47.05,46.7
3373224852_1846898955_0,65.0,64.41,62.58,62.6
3373224852_2612160474_0,65.0,66.41,60.57,62.05
3373231994_3782542458_0,65.0,61.16,48.46,51.45
3373231994_943028979_0,65.0,60.47,46.87,47.4
3373243337_2883720967_0,65.0,67.97,56.69,57.85
3373243337_482665291_0,65.0,67.11,54.22,56.95
3373243356_3373243337_0,65.0,67.9,57.82,58.25
3373436887_2701276612_0,65.0,60.49,50.22,53.55
3373436887_3782481010_0,60.0,60.54,51.61,53.6
3373790851_335770821_0,60.0,62.22,48.68,52.1
3373790851_21226614_0,60.0,62.14,49.8,52.7
3373790852_2754952312_0,60.0,65.34,55.52,56.16
3373790852_3373790851_0,60.0,62.08,48.96,53.2
3373790852_249455219_0,60.0,63.62,57.19,55.81
3373943087_649739581_0,60.0,63.85,46.91,52.35
3373943087_3373790852_0,60.0,64.28,49.66,52.75
3376406043_313482027_0,60.0,73.33,58.83,55.35
3376426787_282538879_0,65.0,72.28,56.58,58.55
3376595200_1838032214_0,60.0,57.41,47.08,46.5
3377861015_3712045843_0,65.0,61.33,65.06,56.3
3377861015_3463129321_0,65.0,61.85,66.03,55.3
3378029137_3378029140_0,55.0,65.15,51.01,53.0
3378029140_3378029137_0,55.0,65.12,50.48,53.0
3378164063_25543777_0,65.0,79.58,73.02,71.15
3378183089_3378183090_0,55.0,64.14,54.73,55.3
3378183090_3378183089_0,55.0,64.14,54.73,55.3
3378183090_655335160_0,55.0,67.25,57.19,59.1
3378789198_264780882_0,55.0,63.68,60.76,62.05
3378789198_264780888_0,60.0,65.36,57.34,58.62
3378789207_4001314771_0,55.0,62.21,54.72,55.65
3378789207_485947991_0,55.0,62.55,56.72,56.57
3378789214_485958639_0,60.0,62.92,53.3,56.5
3378789214_3378789198_0,55.0,63.74,57.37,57.82
3378805280_485947991_0,60.0,62.35,54.76,55.88
3378805280_485958640_0,60.0,62.54,56.29,55.55
3379510957_9783566232_0,65.0,68.14,69.87,67.7
3379510957_9552970086_0,65.0,68.35,67.86,66.8
3387840574_3780487420_0,65.0,68.1,61.97,60.8
3387840574_3387844999_0,65.0,68.65,61.23,61.52
3387844999_3387840574_0,65.0,68.65,61.23,61.52
3387844999_334396572_0,65.0,69.65,65.21,62.55
3387844999_2429370388_0,65.0,66.52,60.78,60.62
3387844999_439190834_0,65.0,70.85,60.26,62.5
3387848414_2703068006_0,65.0,65.73,58.09,57.47
3387848414_3780474232_0,60.0,66.0,56.95,57.1
3387906355_3387906357_0,65.0,68.36,59.54,59.25
3387906355_1847015806_0,60.0,66.39,59.16,61.0
3387906355_3726655142_0,65.0,68.08,56.83,59.3
3387906357_3387906355_0,65.0,68.36,59.54,59.25
3392234020_3163232434_0,65.0,67.8,62.52,57.85
3392234020_3392234027_0,65.0,67.68,62.37,60.3
3392234027_3163232434_0,65.0,66.73,64.03,58.2
3392234027_253754963_0,65.0,64.52,57.48,62.62
3396938718_4060097450_0,65.0,63.76,61.84,61.95
3397928346_251443753_0,60.0,71.22,61.04,57.5
3400307597_2659342435_0,65.0,65.74,61.34,58.1
3400307597_31331632_0,65.0,69.9,69.54,66.95
3400307597_246993192_0,65.0,70.69,61.11,65.4
3404441898_1847118772_0,65.0,68.43,59.48,57.9
3404441898_2941511373_0,65.0,73.03,59.1,61.2
3443015413_946166346_0,65.0,67.1,64.3,58.1
3443015413_7889488707_0,65.0,70.07,64.69,58.93
3443015414_3443015413_0,65.0,71.83,62.94,64.5
3443015421_2585241737_0,65.0,73.11,65.5,65.6
3443015421_7793777783_0,65.0,77.04,66.12,67.55
3443015421_3443015429_0,65.0,72.24,65.94,65.9
3443015428_2585241737_0,65.0,71.9,67.4,65.45
3443015428_946166347_0,65.0,68.35,62.31,61.3
3443015429_3443015421_0,65.0,72.24,65.94,65.9
3446392291_339239220_0,65.0,70.95,56.96,59.05
3446392291_3448549854_0,65.0,70.66,59.53,59.2
3446919781_3454082989_0,65.0,66.81,71.63,68.15
3446919781_5423420796_0,65.0,66.9,71.3,68.3
3446945396_3446919781_0,65.0,66.63,71.29,67.15
3448268816_5113918995_0,70.0,66.84,65.75,67.25
3448370632_3475111843_0,65.0,72.93,71.12,68.7
3448549840_3448549861_0,65.0,70.32,58.02,58.5
3448549850_3109056812_0,65.0,70.5,59.59,59.3
3448549850_3448549840_0,65.0,70.33,59.28,59.1
3448549854_3448549850_0,65.0,70.51,60.06,59.9
3448549861_3448549854_0,65.0,70.3,57.82,59.0
3448549861_3446392291_0,65.0,70.52,59.19,58.5
3448551014_3307148707_0,60.0,64.34,59.35,61.15
3448551014_139262341_0,60.0,64.32,63.02,58.75
3454082962_3454082984_0,65.0,62.61,55.65,57.55
3454082962_2388569245_0,65.0,62.84,57.27,57.15
3454082962_3497058107_0,60.0,62.91,56.13,58.3
3454082967_3454082972_0,60.0,68.48,60.76,58.0
3454082967_6959491272_0,60.0,68.63,57.99,60.2
3454082972_3454082978_0,65.0,67.81,58.77,60.0
3454082973_3454082967_0,60.0,67.42,58.21,59.55
3454082973_3460182880_0,60.0,64.53,59.47,57.95
3454082975_3454082973_0,65.0,66.48,58.5,60.15
3454082978_13845678507_0,65.0,66.3,59.27,59.6
3454082978_3497142222_0,65.0,66.21,58.93,60.15
3454082981_3492251864_0,65.0,64.77,59.75,58.05
3454082981_3454082975_0,65.0,66.38,60.78,58.55
3454082984_3475286030_0,65.0,61.07,57.37,54.8
3454082984_3476156691_0,65.0,61.67,51.82,55.4
3454082984_3454082962_0,65.0,62.61,55.65,57.55
3454082989_3497142222_0,65.0,65.51,73.31,66.2
3454082989_5423420796_0,65.0,67.06,71.65,67.8
3455552256_21663213_0,65.0,71.1,63.08,59.75
3455552261_3054612858_0,65.0,73.05,63.42,64.0
3455552261_3455552274_0,65.0,76.29,59.82,64.85
3455552263_3455552275_0,65.0,76.87,63.93,64.8
3455552263_3455552261_0,65.0,77.43,58.04,64.45
3455552271_3455552275_0,65.0,74.93,62.66,64.65
3455552274_13619738213_0,65.0,76.1,58.66,63.2
3455552274_13619737291_0,65.0,72.73,61.53,63.0
3455552275_3455552263_0,65.0,76.87,63.93,64.8
3455552275_1567944829_0,65.0,67.94,62.16,63.7
3455552275_6200841791_0,65.0,70.94,59.3,60.95
3455715403_206146836_0,65.0,66.8,61.02,62.45
3455715403_25543760_0,65.0,70.26,62.06,66.3
3455769439_5428808194_0,65.0,67.23,62.1,61.15
3455769439_5428808191_0,65.0,67.08,61.54,61.35
3455794291_27551128_0,60.0,65.37,59.09,57.85
3455795418_250830863_0,60.0,64.97,58.79,56.5
3455807539_2703054437_0,65.0,70.25,61.81,62.35
3455807539_2781060418_0,65.0,69.38,62.28,62.5
3455809979_2542969148_0,65.0,65.65,61.19,61.9
3455809979_1722078926_0,60.0,65.96,63.6,61.75
3455846082_879440482_0,60.0,62.29,58.35,57.75
3455849698_2025005579_0,65.0,64.03,62.5,60.1
3455849698_234725308_0,65.0,64.0,62.34,60.15
3456324506_1489648663_0,65.0,70.62,65.44,65.7
3456392224_3456392237_0,65.0,62.99,56.45,54.12
3456392232_3456392224_0,65.0,63.03,53.04,54.67
3456392237_3456392272_0,65.0,62.93,55.24,53.78
3456392248_10886929120_0,65.0,62.4,57.75,53.28
3456392248_3456392232_0,65.0,62.91,54.57,53.53
3456392272_3456392232_0,65.0,62.87,53.93,53.23
3456392272_3456392248_0,65.0,62.82,53.86,53.43
3457844155_3455552256_0,65.0,72.05,65.34,62.85
3457844155_13619738213_0,65.0,73.18,63.73,62.75
3457844155_13619737291_0,65.0,72.34,67.94,62.4
3459167647_3476156691_0,65.0,61.37,50.8,54.6
3459167647_3476142081_0,65.0,63.11,56.48,55.94
3460182880_3476142081_0,60.0,64.06,60.84,57.7
3460182880_3492251864_0,65.0,64.47,56.3,57.85
3463129321_3463129322_0,65.0,63.41,69.89,56.0
3463129322_3463129324_0,65.0,63.32,68.33,55.95
3463129324_3377861015_0,65.0,61.17,64.34,56.2
3463129331_4839089363_0,65.0,64.51,62.04,57.8
3463129331_2757790474_0,70.0,65.72,60.3,55.6
3463129331_387679385_0,65.0,65.49,59.82,58.15
3472798327_3472798333_0,65.0,70.22,58.59,58.75
3472798333_3497058107_0,65.0,64.15,57.29,58.4
3472798333_3472798338_0,65.0,68.86,57.81,57.7
3472798336_3775419420_0,65.0,67.69,56.93,57.8
3472798336_663868631_0,65.0,67.32,56.71,58.2
3472798338_3472798336_0,65.0,69.74,59.1,57.2
3475257655_2661069719_0,65.0,79.34,65.0,68.15
3475257655_27541539_0,65.0,82.03,67.82,67.8
3475286041_3459167647_0,65.0,61.83,59.51,56.45
3475548010_262985435_0,65.0,56.46,55.31,59.22
3476142081_3459167647_0,65.0,63.14,56.9,55.94
3476142081_3460182880_0,60.0,64.05,60.84,57.8
3476156678_3476156691_0,65.0,61.18,56.23,54.8
3476156691_3459167647_0,65.0,61.38,50.8,54.7
3476156691_3454082984_0,65.0,61.67,51.82,55.4
3476460368_251293458_0,65.0,63.62,63.13,62.65
3478862638_590969003_0,65.0,68.61,61.2,62.95
3478862638_1938444209_0,65.0,72.43,63.36,61.2
3488519853_3463129331_0,70.0,66.28,63.08,55.15
3488631704_3661384328_0,60.0,70.21,61.14,60.75
3488631704_3661384337_0,65.0,70.44,60.94,60.4
3488631704_260552407_0,65.0,69.31,59.43,59.7
3488631705_3661384328_0,60.0,69.63,60.98,59.85
3488631705_2859979239_0,65.0,66.0,64.01,62.45
3492251864_3454082975_0,65.0,64.87,58.77,59.75
3492251864_3460182880_0,65.0,64.47,56.3,57.85
3493109102_714307628_0,65.0,70.07,65.49,65.15
3493109102_9323590798_0,65.0,68.92,61.72,59.63
3493251229_3493251230_0,60.0,71.56,60.73,62.2
3493251229_259588184_0,60.0,68.84,57.59,59.18
3493251230_243910526_0,65.0,71.84,61.31,62.4
3493251230_3493251229_0,60.0,71.56,60.73,62.2
3493251230_3493251233_0,60.0,70.05,58.07,60.7
3493251233_3493251229_0,60.0,69.02,58.2,58.7
3493251233_259510970_0,60.0,70.07,58.67,59.4
3493255038_705535114_0,65.0,71.88,62.45,62.15
3493255038_2806842444_0,65.0,69.93,62.27,63.55
3493255038_401363867_0,65.0,69.9,61.97,59.2
3495156366_263776463_0,60.0,56.48,51.73,54.55
3495230521_1479162081_0,65.0,70.83,64.57,67.05
3496103467_729314059_0,65.0,78.09,68.44,60.93
3497058107_3454082962_0,60.0,62.91,56.13,58.3
3497058107_3472798338_0,65.0,64.0,58.66,57.75
3497058136_2757790495_0,65.0,66.75,73.87,68.0
3497123435_3446945396_0,65.0,67.01,71.71,65.1
3497142222_3454082989_0,65.0,65.51,73.31,66.2
3497142222_13845678507_0,65.0,66.05,60.17,58.35
3497485583_241469425_0,65.0,68.31,68.8,66.9
3498915585_2754655344_0,60.0,67.93,61.35,60.81
3498915585_2738234824_0,65.0,75.06,64.67,68.55
3501083546_1009311989_0,65.0,72.6,66.35,67.1
3501083546_2943342643_0,65.0,75.64,64.86,68.15
3501123728_745843743_0,60.0,61.37,54.84,55.2
3501123728_1467611545_0,60.0,61.58,59.36,57.75
3501123728_2791283928_0,60.0,63.26,51.77,56.05
3501126290_1467611345_0,55.0,60.77,60.12,57.3
3501126290_3501126291_0,55.0,61.79,61.22,58.45
3501126291_10682668561_0,55.0,62.44,63.23,58.35
3501126530_1467611345_0,60.0,60.37,59.88,56.6
3501126530_1467611339_0,60.0,60.33,60.2,55.95
3501130804_3501126291_0,55.0,62.42,63.65,58.45
3501130804_3501126290_0,55.0,61.68,61.22,58.35
3501230246_3501230247_0,65.0,72.06,57.04,57.97
3501230246_12285485866_0,65.0,72.21,58.42,55.6
3501230247_31011309_0,65.0,72.98,59.12,61.47
3521709875_3521709876_0,70.0,65.73,58.77,56.95
3521709876_3780509460_0,70.0,65.43,55.14,54.8
3521709876_5318288653_0,65.0,64.97,58.01,56.9
3521709876_3521709875_0,70.0,65.73,58.77,56.95
3521852377_3521852411_0,65.0,65.99,62.28,58.7
3521852377_258394002_0,65.0,65.71,60.06,59.9
3521852411_1939485350_0,65.0,64.3,58.22,60.3
3521852411_258393968_0,65.0,65.59,65.16,62.25
3521852594_1939485364_0,65.0,69.94,58.6,63.35
3521852594_1602512864_0,65.0,70.34,59.64,64.55
3521852594_1602512864_1,65.0,70.23,61.19,64.35
3557035252_3557035258_0,70.0,58.34,50.66,51.4
3557035252_3557035266_0,65.0,58.3,50.41,51.55
3557035256_3557035263_0,65.0,57.83,49.66,51.1
3557035258_1432167776_0,65.0,59.31,52.5,54.25
3557035258_3557035266_0,65.0,58.31,50.41,51.55
3557035260_3557035256_0,65.0,58.0,49.89,51.5
3557035260_1836593503_0,65.0,58.02,50.66,51.6
3557035263_3557035265_0,65.0,57.75,48.11,50.45
3557035263_3557035268_0,65.0,57.85,48.74,50.4
3557035265_2561281064_0,60.0,57.01,47.89,53.4
3557035265_3557035268_0,70.0,57.82,48.65,50.25
3557035266_3557035260_0,65.0,58.2,49.79,51.35
3557035268_3557035252_0,65.0,58.09,50.41,51.35
3575085504_21227258_0,65.0,66.88,64.74,64.0
3596122488_416767871_0,65.0,68.98,63.62,66.4
3596122488_78431950_0,65.0,68.17,64.06,66.45
3599073310_256066352_0,60.0,58.64,54.56,54.6
3599073310_256570792_0,60.0,57.99,55.09,54.1
3602886105_31331813_0,65.0,69.58,63.4,60.93
3610646063_1851687435_0,65.0,69.12,63.02,62.3
3610646063_249586563_0,65.0,62.14,61.55,59.85
3610646063_1851687426_0,65.0,68.69,66.74,68.4
3610707694_251622121_0,60.0,66.47,57.95,57.35
3610812232_3610812233_0,65.0,61.73,63.02,61.6
3610812232_1958759126_0,65.0,62.58,64.01,62.95
3610812233_3610812232_0,65.0,61.73,63.02,61.6
3610812233_276261045_0,60.0,59.59,63.67,61.2
3610812233_2707229744_0,65.0,61.35,62.27,61.55
3610814092_278200760_0,60.0,58.83,58.83,56.4
3610814092_78427958_0,60.0,58.27,57.35,59.1
3610861130_259982777_0,65.0,71.77,62.07,61.5
3610861130_259982480_0,65.0,70.8,61.72,62.45
3610870225_1942841530_0,65.0,67.88,59.54,60.0
3610870225_1942841534_0,65.0,67.9,62.42,64.15
3620182347_2614490853_0,65.0,60.93,59.92,60.3
3621784137_344514735_0,60.0,64.21,54.41,56.3
3623097110_1296097678_0,65.0,74.15,65.95,66.8
3623097110_21226708_0,65.0,79.23,68.77,68.7
3624932129_2727111772_0,65.0,59.93,53.96,59.35
3624932129_171206283_0,65.0,60.36,61.45,66.7
3624932129_3782712644_0,65.0,56.53,56.46,64.2
3629147940_2575601458_0,65.0,70.82,62.2,61.7
3629147949_3629147940_0,65.0,71.39,64.85,62.65
3660335531_1143755631_0,65.0,66.18,56.46,56.8
3660335531_314610268_0,65.0,66.92,58.2,56.6
3661384328_3488631704_0,60.0,70.21,61.14,60.75
3661384328_3488631705_0,60.0,69.63,60.98,59.85
3661384328_3661384337_0,65.0,70.31,62.19,60.4
3661384335_3661384328_0,65.0,70.24,59.88,60.45
3661384335_3488631705_0,65.0,69.87,60.96,59.7
3661384337_2757790501_0,65.0,70.67,62.39,59.95
3682388230_2757790526_0,65.0,70.67,61.68,57.85
3682388230_2757790470_0,65.0,70.58,62.57,60.0
3698850097_1478978835_0,65.0,69.66,60.09,61.4
3698850097_1478978837_0,65.0,71.67,59.31,62.82
3698850102_1478978837_0,65.0,72.08,60.48,62.65
3698850102_3698850097_0,60.0,70.24,57.61,62.5
3699664522_563283432_0,65.0,72.18,68.3,67.7
3699699923_3780487429_0,65.0,65.32,52.77,55.75
3700394833_3704673907_0,60.0,66.97,60.65,64.65
3700394833_3704674138_0,60.0,66.59,60.7,64.65
3701185994_8426860823_0,65.0,67.53,63.75,64.07
3701185994_3704673897_0,65.0,66.7,58.4,64.25
3704673897_3704673905_0,65.0,67.67,61.01,64.2
3704673905_234720687_0,65.0,67.15,63.54,59.65
3704673905_3704673906_0,60.0,68.33,61.26,65.8
3704673906_3700394833_0,60.0,67.23,60.95,66.25
3704673906_3704674138_0,60.0,67.24,62.36,63.45
3704673907_3704673914_0,60.0,67.03,61.04,63.15
3704673907_3700394833_0,60.0,66.97,60.65,64.65
3704673912_3704673915_0,65.0,67.64,60.93,64.15
3704673914_1839136728_0,60.0,66.07,58.44,63.0
3704673914_3704674157_0,60.0,67.15,60.92,63.4
3704673915_3701185994_0,65.0,66.73,58.29,65.05
3704673915_3704673897_0,65.0,67.45,61.33,63.35
3704673916_251755100_0,60.0,67.15,60.48,60.4
3704673916_3704674174_0,60.0,67.16,64.25,63.15
3704674138_3704673912_0,60.0,67.36,60.78,64.15
3704674157_3704673916_0,60.0,67.28,60.91,61.05
3704674174_305600493_0,60.0,66.17,62.05,63.2
3704674174_3704673907_0,60.0,67.41,61.54,64.45
3706551499_1851317223_0,65.0,69.52,65.83,65.5
3706551499_249176934_0,65.0,66.92,63.08,65.25
3709063538_3709063623_0,65.0,71.9,54.05,56.35
3709063538_3709063538_0,65.0,71.22,61.69,54.25
3709063623_3709063538_0,65.0,71.9,54.05,56.35
3709063623_3709063634_0,65.0,71.09,53.32,55.05
3709063634_5244616812_0,65.0,70.77,54.65,55.6
3709063637_3709063634_0,65.0,70.89,53.72,56.0
3709063637_3709063623_0,65.0,70.95,53.99,55.8
3709063639_3709063637_0,65.0,70.79,54.32,55.4
3709071955_3709071978_0,60.0,72.47,58.25,57.4
3709071955_270252975_0,60.0,74.05,58.58,57.65
3709071978_3709071955_0,60.0,72.47,58.25,57.4
3712009610_249176934_0,65.0,62.1,62.69,61.45
3712009610_21227217_0,65.0,61.85,63.35,61.8
3712045843_3712051144_0,65.0,62.4,67.17,56.7
3712045843_387684195_0,65.0,59.93,62.47,56.1
3712051144_2556215080_0,65.0,65.25,64.75,56.9
3712055062_387679699_0,65.0,62.33,67.69,54.9
3712055062_3712055068_0,65.0,62.15,63.31,55.3
3712055068_3712055072_0,65.0,62.15,60.4,55.5
3712055070_3712055062_0,65.0,61.95,62.14,56.05
3712055072_3712055070_0,65.0,61.93,62.23,56.0
3713545178_3268056575_0,65.0,65.91,71.16,63.4
3713545178_3268056579_0,65.0,65.76,70.55,63.4
3720243074_3883255895_0,65.0,64.87,61.8,60.65
3720243074_2538829030_0,60.0,64.73,62.63,60.1
3721459960_2169768619_0,60.0,60.66,57.69,56.35
3721541153_3721541176_0,65.0,72.91,62.11,59.4
3721541153_3721541167_0,65.0,77.54,59.08,59.35
3721541167_3721541174_0,65.0,77.87,60.37,59.45
3721541174_21226488_0,65.0,76.88,58.62,59.7
3721541174_21310670_0,60.0,73.16,59.31,59.1
3721541176_21310647_0,60.0,74.66,55.26,60.15
3721541176_21310673_0,60.0,73.65,57.59,61.8
3722770825_259780757_0,65.0,52.57,54.04,50.05
3723443537_267409248_0,60.0,71.45,56.23,56.65
3723498586_292845113_0,65.0,76.48,62.09,62.35
3723498586_248291954_0,65.0,78.11,64.16,63.24
3724240146_747373721_0,60.0,70.53,53.02,56.3
3724240146_606557926_0,60.0,71.07,55.19,56.65
3724434375_271050374_0,60.0,68.92,53.81,55.35
3724434392_271050383_0,65.0,75.49,56.21,59.0
3724434392_1003229723_0,65.0,71.38,56.81,58.2
3724434392_271050384_0,65.0,75.53,55.77,58.85
3724581943_2738234824_0,65.0,75.52,68.32,66.9
3724581943_3501083546_0,65.0,76.27,66.7,68.25
3724581946_248292112_0,65.0,72.82,64.43,63.65
3724581946_2514838132_0,65.0,69.96,60.7,62.02
3725908719_29462541_0,65.0,73.65,53.39,55.45
3725908719_29462538_0,65.0,73.13,53.91,55.15
3726655142_3387906355_0,65.0,68.08,56.83,59.3
3726692886_281444239_0,65.0,60.46,54.8,54.9
3727521259_994916579_0,65.0,75.51,56.52,57.7
3727521259_2801275956_0,65.0,76.32,62.76,57.25
3727521276_21227125_0,65.0,75.79,60.84,59.45
3727521276_21493742_0,60.0,75.21,61.16,60.15
3730510953_259513871_0,65.0,69.99,61.07,57.7
3730510953_2838658038_0,65.0,69.92,61.69,58.75
3730547978_267248833_0,65.0,71.35,56.82,57.3
3730547978_661902208_0,65.0,76.85,56.31,60.75
3730547987_3093773791_0,65.0,77.32,55.97,57.55
3730547987_3730547991_0,65.0,72.5,56.87,57.6
3730547991_267251839_0,65.0,72.55,56.01,57.5
3730547991_3093773791_0,65.0,72.56,54.88,57.1
3730920354_11059838832_0,65.0,64.29,62.55,66.6
3730920354_250200782_0,65.0,63.72,60.94,65.6
3730920355_1585761966_0,65.0,64.35,62.94,65.5
3731611410_253237105_0,65.0,60.81,61.67,58.95
3739306743_297543451_0,65.0,61.55,53.93,59.65
3739306743_3739306745_0,65.0,61.53,54.78,56.2
3739306745_3739306747_0,65.0,60.82,61.3,58.15
3739306747_879517230_0,65.0,58.96,54.6,55.65
3739306747_879517218_0,65.0,60.86,60.51,58.05
3739333927_3739336306_0,60.0,57.36,57.19,57.95
3739333927_264679777_0,65.0,57.71,51.26,55.45
3739336306_3739333927_0,60.0,57.36,57.19,57.85
3739336306_3739336308_0,65.0,56.34,59.4,59.0
3739336306_283826137_0,60.0,56.55,55.78,60.25
3739336306_7785298655_0,65.0,58.17,52.12,60.1
3739336308_262985522_0,65.0,56.5,52.69,54.75
3739336308_3739336306_0,65.0,56.34,59.4,59.0
3747625829_250831240_0,60.0,65.22,59.62,57.6
3747625829_250831285_0,60.0,64.81,60.4,57.85
3752130638_27552306_0,65.0,67.75,63.01,64.3
3752130638_3752130641_0,65.0,66.83,61.28,62.15
3752130638_353283776_0,65.0,66.78,57.89,59.65
3752130641_3752130644_0,60.0,65.92,62.93,57.22
3752130641_2781507811_0,65.0,66.56,58.07,59.4
3752130644_3752130646_0,65.0,65.21,57.34,56.55
3752130644_262505544_0,65.0,65.89,63.18,61.8
3752130646_3752130648_0,65.0,64.31,58.77,56.95
3752130646_353284467_0,65.0,65.02,63.55,58.85
3752130646_3752130644_0,65.0,65.22,57.34,56.55
3752130648_3752130646_0,65.0,64.31,58.77,56.95
3752130648_3752130650_0,65.0,65.22,58.27,59.4
3752130648_364798849_0,65.0,64.46,59.15,56.75
3752130650_1477617341_0,65.0,68.48,59.61,61.08
3752130650_3752130648_0,65.0,65.22,58.27,59.4
3752130650_3752130651_0,65.0,68.72,60.04,61.45
3752130651_560860192_0,65.0,65.55,58.57,59.57
3752130651_262505428_0,65.0,65.13,57.68,60.6
3752130651_3752130650_0,65.0,68.72,60.04,61.45
3752997870_11556811590_0,65.0,65.45,65.64,62.4
3752997870_10768498502_0,65.0,65.46,63.31,61.95
3763159995_21226201_0,65.0,74.99,63.38,61.55
3763159995_1596427969_0,60.0,75.69,62.8,60.9
3775316420_2787241831_0,60.0,66.8,60.68,58.25
3775316420_1006145384_0,60.0,65.22,56.58,58.65
3775419396_2807570359_0,60.0,62.64,57.11,57.43
3775419396_3775419397_0,65.0,62.58,55.58,56.88
3775419397_3775419409_0,65.0,63.21,60.57,57.28
3775419397_3775419396_0,65.0,62.58,55.58,56.88
3775419409_3775419397_0,65.0,63.4,58.57,57.98
3775419409_2514920021_0,65.0,69.29,60.88,58.75
3775419409_582868101_0,65.0,70.07,59.41,58.95
3775419418_3472798327_0,65.0,69.56,60.7,58.05
3775419418_2514920021_0,65.0,69.28,60.02,58.0
3775419420_3775419418_0,65.0,68.15,56.27,57.7
3775435307_1369211763_0,55.0,59.87,52.16,55.75
3775435307_864670817_0,60.0,59.56,51.54,54.55
3775435308_1954610139_0,60.0,59.95,50.26,55.6
3778783747_1185810443_0,65.0,76.15,59.94,58.9
3778783753_3778783747_0,65.0,75.88,62.48,58.2
3780360660_3780360663_0,65.0,71.12,60.95,58.35
3780360660_2212114971_0,65.0,67.17,58.29,58.45
3780360663_3780360660_0,65.0,71.12,60.95,58.35
3780381634_1245595239_0,60.0,64.31,58.13,55.9
3780381634_3790779445_0,60.0,63.6,58.76,56.55
3780381634_3790779434_0,60.0,63.5,57.87,56.55
3780391613_3780414294_0,60.0,55.48,55.66,56.5
3780407178_2768181101_0,65.0,57.21,60.53,58.75
3780407178_11262193887_0,65.0,59.81,58.8,60.7
3780407178_268052132_0,65.0,60.0,60.52,61.8
3780414292_3780391613_0,65.0,55.87,56.48,56.95
3780414292_2026703848_0,65.0,55.71,51.42,56.0
3780414293_3780414292_0,60.0,55.26,49.24,55.9
3780414293_3358766248_0,55.0,54.43,55.09,55.95
3780414294_3780414293_0,60.0,54.63,49.66,55.8
3780414294_11262193887_0,60.0,55.34,60.33,58.55
3780414294_3355942738_0,60.0,53.52,51.36,54.4
3780418418_13157808222_0,55.0,52.85,51.34,54.35
3780440230_252612015_0,65.0,67.39,60.45,57.25
3780440230_3780459570_0,65.0,69.76,64.41,61.65
3780440230_1477755028_0,65.0,69.28,61.02,55.95
3780459559_538082491_0,65.0,68.53,59.9,60.7
3780459559_3780459562_0,65.0,70.97,57.57,61.7
3780459559_3780459584_0,65.0,71.17,59.59,62.15
3780459562_1271151762_0,65.0,70.24,60.5,62.6
3780459562_3780459559_0,65.0,70.97,57.57,61.7
3780459562_3780459564_0,65.0,70.67,59.2,63.1
3780459564_3780459566_0,65.0,69.81,58.65,63.05
3780459564_3780459562_0,65.0,70.67,59.2,63.1
3780459566_2608124663_0,65.0,72.59,63.85,64.7
3780459566_3780459564_0,65.0,69.81,58.65,63.05
3780459569_3780459570_0,65.0,73.56,64.93,65.3
3780459569_3780459566_0,65.0,72.46,63.84,64.6
3780459570_3780459569_0,65.0,73.57,64.93,65.3
3780459570_1496405518_0,65.0,71.81,63.26,62.45
3780459584_1944100728_0,65.0,72.49,59.44,61.95
3780459584_3780459559_0,65.0,71.17,59.59,62.15
3780474179_3387840574_0,65.0,67.98,62.12,61.47
3780474179_3780487420_0,65.0,67.71,63.67,61.5
3780474190_3780474221_0,60.0,64.52,61.86,61.3
3780474221_3780474224_0,60.0,64.74,58.48,60.75
3780474221_262505952_0,60.0,66.9,60.41,64.9
3780474221_3780474190_0,60.0,64.52,61.86,61.3
3780474224_3780474232_0,60.0,65.13,56.0,56.49
3780474224_353289080_0,65.0,65.23,61.28,63.25
3780474224_3780474221_0,60.0,64.74,58.48,60.75
3780474232_3387848414_0,60.0,66.0,56.95,57.1
3780474232_3780474179_0,65.0,65.98,64.17,60.9
3780474246_5358621150_0,60.0,66.25,52.8,56.05
3780474246_3780507100_0,65.0,66.89,53.8,56.5
3780474246_3780487429_0,60.0,66.41,54.45,56.85
3780487418_3780507111_0,65.0,72.46,58.56,60.25
3780487418_439190834_0,65.0,71.3,56.42,60.8
3780487420_1489759602_0,60.0,66.46,58.82,59.4
3780487429_1489802442_0,60.0,66.36,54.56,56.37
3780487429_3780474246_0,60.0,66.41,54.45,56.85
3780487429_3699699923_0,65.0,65.31,52.77,55.7
3780507100_3780507105_0,65.0,68.2,60.51,56.9
3780507100_3780474246_0,65.0,66.89,53.8,56.5
3780507105_3780507100_0,65.0,68.21,60.51,56.9
3780507105_3780507107_0,65.0,71.0,62.02,63.45
3780507105_596370824_0,65.0,70.67,59.27,58.05
3780507107_3780507109_0,65.0,72.9,62.02,64.0
3780507107_3780507105_0,65.0,71.0,62.02,63.45
3780507109_10317001818_0,65.0,73.69,62.87,63.45
3780507109_1489814940_0,65.0,72.48,64.3,63.8
3780507109_3780507107_0,65.0,72.9,62.02,64.0
3780507111_3780507112_0,65.0,74.25,62.48,63.3
3780507111_330651090_0,65.0,73.5,62.61,62.5
3780507112_3780507111_0,65.0,74.25,62.48,63.3
3780507112_3780507119_0,65.0,68.93,59.79,60.5
3780507112_334398003_0,65.0,72.21,60.72,60.95
3780507119_1944100732_0,70.0,72.2,60.93,58.5
3780507119_1944100739_0,70.0,71.76,60.84,58.45
3780509460_3521709876_0,70.0,65.43,55.14,54.8
3780509460_3780509463_0,65.0,66.76,55.53,57.15
3780509460_1847015806_0,60.0,66.31,54.73,57.4
3780509463_334398003_0,65.0,67.75,60.9,58.65
3780509463_575902273_0,70.0,67.7,59.86,57.85
3780509463_3780509460_0,65.0,66.76,55.53,57.15
3780580947_282358574_0,70.0,60.98,56.26,58.0
3780909788_253238206_0,65.0,69.1,69.83,65.25
3782456211_917569623_0,60.0,62.82,50.54,53.15
3782456211_1477749863_0,60.0,65.68,55.43,59.15
3782469692_8856646224_0,65.0,66.43,57.69,57.25
3782469692_3782456211_0,60.0,66.9,54.82,58.65
3782481005_1838032216_0,60.0,56.6,40.34,44.25
3782481010_3782481007_0,60.0,59.33,53.38,53.95
3782481010_3373436887_0,60.0,60.54,51.61,53.6
3782481010_943028857_0,60.0,59.09,53.63,50.85
3782540444_3782540449_0,65.0,66.25,56.51,61.22
3782540444_1477751807_0,65.0,67.27,61.02,59.1
3782540449_8720913180_0,65.0,66.46,59.71,61.61
3782542458_3373231994_0,65.0,61.16,48.46,51.45
3782542458_3782542461_0,65.0,61.51,48.83,51.25
3782542458_2548836947_0,65.0,62.49,53.07,54.9
3782542461_261990313_0,70.0,61.62,49.53,51.65
3782542461_3782542462_0,65.0,59.92,43.93,47.15
3782542461_3782542458_0,65.0,61.51,48.83,51.25
3782542462_3782542461_0,65.0,59.92,43.93,47.15
3782556688_275616407_0,65.0,68.87,59.53,58.45
3782582101_21458587_0,65.0,67.06,56.06,57.25
3782582101_2704981901_0,65.0,66.65,56.95,58.15
3782712644_3624932129_0,65.0,56.53,56.46,64.2
3782712644_3860546910_0,60.0,56.21,51.87,57.6
3782743892_255895613_0,65.0,60.14,59.16,58.2
3782743892_392094500_0,60.0,57.51,58.58,56.72
3782743894_3782743896_0,65.0,59.8,58.58,53.95
3782743896_3782743894_0,65.0,59.8,58.58,53.95
3782743896_2247883729_0,65.0,56.25,53.0,52.5
3783105842_3724581943_0,65.0,73.47,67.22,67.0
3783105844_1549163996_0,55.0,64.48,57.41,57.25
3783105845_539068546_0,60.0,72.02,58.67,58.87
3785026077_4923008080_0,65.0,73.33,60.46,59.0
3785130137_1477610085_0,60.0,68.96,62.91,60.75
3785130137_306997471_0,65.0,66.36,62.41,60.15
3785190647_1486113818_0,60.0,57.72,56.58,56.65
3785190647_2719767858_0,60.0,58.11,62.27,56.6
3786057234_102218648_0,65.0,77.32,66.22,66.85
3786651016_392106964_0,65.0,70.29,66.41,59.8
3786651016_2775136754_0,65.0,71.86,66.33,58.9
3786651016_392106690_0,65.0,72.56,64.8,59.15
3786661094_3786661095_0,65.0,72.82,60.85,58.9
3786661094_2775091580_0,65.0,71.15,64.22,58.6
3786661095_10886130793_0,65.0,73.02,61.7,58.6
3786661095_3786661100_0,60.0,68.71,60.16,55.05
3786661100_3786661102_0,60.0,67.65,48.73,53.2
3786661100_2101423964_0,60.0,68.51,56.08,54.1
3786661102_2775025154_0,60.0,68.06,52.06,55.65
3786661102_3786661100_0,60.0,67.65,48.73,53.2
3786661102_3786661104_0,60.0,67.64,51.03,54.85
3786661104_3786661102_0,60.0,67.64,51.03,54.85
3786661104_392107473_0,55.0,66.4,49.53,53.65
3786709663_1490306374_0,65.0,71.68,59.02,58.55
3786709663_3786709664_0,65.0,74.36,64.61,59.0
3786709664_3786709665_0,65.0,75.73,64.61,58.55
3786709664_341232331_0,65.0,74.44,63.65,58.4
3786709665_3786709666_0,65.0,73.94,63.94,58.15
3786709665_3786709664_0,65.0,75.73,64.61,58.55
3786709665_2820471905_0,65.0,71.56,60.48,58.75
3786709666_3786709665_0,65.0,73.94,63.94,58.15
3786709666_996572104_0,65.0,71.82,55.76,57.85
3786709666_256283744_0,65.0,73.79,64.64,58.35
3788079284_334512973_0,65.0,70.24,52.74,62.86
3790779434_392098251_0,65.0,61.79,57.18,58.25
3790779434_3780381634_0,60.0,63.5,57.87,56.55
3790779445_3780381634_0,60.0,63.6,58.76,56.55
3790779445_2768181065_0,55.0,58.62,52.76,53.5
3790779445_1245595239_0,60.0,64.04,60.11,56.6
3806084100_485947742_0,65.0,69.65,62.54,61.42
3806084100_3782540444_0,65.0,67.62,61.33,61.35
3807720655_1524781713_0,65.0,64.08,58.89,57.45
3807720655_2701604923_0,60.0,64.86,57.42,58.15
3807720766_4335067823_0,60.0,64.31,61.35,58.57
3807720766_264780888_0,60.0,64.83,58.6,58.9
3807720773_3366811234_0,60.0,69.29,61.03,62.05
3807720776_3807720773_0,65.0,70.05,66.62,62.65
3807720782_11989052588_0,65.0,68.47,60.79,61.9
3807720793_3807720795_0,65.0,71.69,69.61,69.55
3807720793_2279406666_0,65.0,71.1,69.4,67.9
3807720795_3807720796_0,65.0,70.77,70.57,69.5
3807720796_9116286112_0,65.0,71.11,64.67,69.55
3808366788_102212761_0,65.0,80.5,67.93,69.2
3808366788_631311472_0,65.0,72.88,66.28,67.85
3815215183_3815215198_0,55.0,63.9,53.89,57.1
3815215198_2271836075_0,60.0,62.28,52.31,55.6
3815215198_3815215183_0,55.0,63.89,53.89,57.1
3815275734_3378164063_0,65.0,78.24,71.71,69.2
3815277087_2716230975_0,70.0,76.18,61.17,58.95
3815277087_251443225_0,65.0,73.75,62.36,57.9
3815277089_3815277094_0,60.0,73.44,61.23,61.45
3815277089_631194215_0,60.0,75.39,58.51,58.85
3815277094_1272557519_0,60.0,74.6,61.39,61.95
3815277094_3815277089_0,60.0,73.44,61.23,61.45
3815735926_2015165720_0,65.0,61.29,56.36,57.6
3815735926_3815735930_0,65.0,60.18,58.42,56.9
3815735926_283834532_0,60.0,56.81,61.13,55.3
3815735930_2820804274_0,65.0,56.4,57.3,56.75
3815735930_3815735926_0,65.0,60.18,58.42,56.9
3815735930_3815735939_0,70.0,59.82,61.91,57.05
3815735939_3815735930_0,70.0,59.81,62.48,57.1
3815796872_3815796904_0,55.0,73.48,56.98,58.8
3815796872_3815796873_0,55.0,72.1,55.18,57.9
3815796873_251443753_0,55.0,68.83,61.75,57.55
3815796873_3815796872_0,55.0,72.1,55.18,57.9
3815796873_3815796876_0,55.0,69.99,54.46,57.65
3815796876_3815796873_0,55.0,69.76,52.95,57.8
3815796883_2212888344_0,55.0,72.14,56.59,59.67
3815796904_3815796872_0,55.0,73.48,56.98,58.8
3815796904_1272557740_0,60.0,74.33,59.32,58.9
3818659503_4090284288_0,65.0,71.3,61.14,65.7
3818659504_3818659503_0,65.0,74.14,61.63,66.15
3818659507_3818659504_0,65.0,71.82,57.07,66.3
3818659527_1249833417_0,65.0,65.44,67.51,66.1
3818659527_3818659507_0,65.0,70.63,63.66,59.35
3818659529_3818659527_0,65.0,68.19,66.48,66.5
3818659531_3818659529_0,65.0,68.28,52.67,55.92
3818659532_392097200_0,65.0,61.02,52.96,55.55
3818659532_2711646168_0,65.0,62.71,52.58,56.5
3818665000_539807357_0,65.0,65.37,56.61,58.6
3818673489_737290874_0,65.0,73.76,63.32,61.4
3818673489_3818673490_0,65.0,73.51,62.84,59.45
3818673490_3818673489_0,65.0,73.51,62.84,59.45
3818673490_583043033_0,65.0,73.35,61.67,57.6
3832161562_1514352941_0,65.0,67.82,65.11,64.55
3832175958_10084222779_0,65.0,63.18,64.05,62.25
3832175958_2072182735_0,65.0,63.69,61.86,63.95
3832175958_1514352941_0,65.0,62.89,62.63,63.7
3832175965_540709066_0,65.0,60.5,65.6,62.35
3832175965_1477885983_0,65.0,62.26,64.26,62.25
3832195021_540709066_0,65.0,61.34,60.61,60.9
3832199525_1942874551_0,65.0,68.1,63.28,63.8
3832199525_2072182708_0,65.0,67.97,64.0,64.05
3832199525_2072182735_0,65.0,64.8,65.22,63.4
3844484305_242937554_0,65.0,73.19,64.97,63.15
3844484305_232855786_0,65.0,73.21,69.75,64.65
3844505946_35081184_0,65.0,66.25,61.08,59.55
3844505946_512260591_0,65.0,62.09,58.5,58.05
3844594545_2902864071_0,65.0,69.64,65.31,62.5
3849165599_2714776988_0,65.0,77.05,63.74,60.8
3849165599_2716002338_0,65.0,77.13,64.41,69.35
3860546905_539572047_0,60.0,56.02,53.59,56.85
3860546905_9805445529_0,60.0,54.41,51.7,55.55
3860546910_3860546905_0,60.0,55.61,52.12,56.85
3860546910_3782712644_0,60.0,56.21,51.87,57.6
3860561910_636104982_0,65.0,58.84,58.32,56.55
3860561948_747115058_0,55.0,53.62,49.93,54.65
3876198699_1656865954_0,65.0,66.41,59.7,62.3
3876198702_3876198699_0,65.0,67.86,64.49,63.5
3876198702_1474064607_0,65.0,71.82,67.83,64.9
3877994959_260094558_0,60.0,61.33,61.57,59.0
3877994959_114317241_0,60.0,62.8,61.68,60.25
3883255876_252231064_0,60.0,64.79,63.58,59.6
3883255876_3883255895_0,60.0,64.43,62.59,60.95
3883255895_3883255876_0,60.0,64.44,62.59,60.9
3883255895_2538829030_0,60.0,64.56,62.88,59.45
3893024168_1941134536_0,60.0,64.97,66.91,62.55
3893024168_1941134539_0,65.0,66.1,68.34,65.3
3893024176_1941134541_0,65.0,64.32,60.61,61.6
3893024176_1941134540_0,65.0,65.75,64.66,65.7
3896509615_3896509618_0,60.0,64.06,55.69,59.6
3896509615_309652930_0,60.0,62.24,53.79,56.55
3896509615_1941134542_0,60.0,63.01,56.55,59.7
3896509618_3896509615_0,60.0,64.06,55.69,59.6
3896509618_1941134546_0,65.0,61.82,55.48,59.9
3898065668_78427940_0,65.0,63.81,61.72,60.4
3898065674_78427935_0,60.0,61.94,59.83,60.35
3906192255_31489441_0,65.0,64.1,61.97,58.0
3911250732_25543916_0,60.0,70.56,62.55,64.35
3911250732_1938093378_0,65.0,70.63,64.96,64.35
3911250732_232853494_0,60.0,67.91,63.01,63.75
3911250733_258157346_0,60.0,71.06,64.1,64.05
3911250735_275592972_0,65.0,72.52,64.78,64.35
3911250741_232852901_0,65.0,72.53,65.62,64.35
3911377950_583065571_0,65.0,69.54,58.35,63.05
3924356171_253754963_0,65.0,64.87,57.96,61.3
3924356171_3924356176_0,65.0,63.16,62.89,57.12
3924356176_2748737767_0,65.0,58.5,63.14,57.75
3924356176_339921154_0,65.0,62.47,59.25,57.58
3935592764_250050218_0,65.0,57.77,52.02,51.1
3935592768_243743713_0,65.0,57.73,56.23,54.2
3955892664_260784749_0,65.0,71.72,54.11,61.6
3955892664_982681650_0,60.0,70.16,54.27,55.1
3969593240_5258160396_0,65.0,72.26,73.57,64.25
3969593240_429173181_0,65.0,76.57,74.71,69.2
3969593253_5252713416_0,65.0,70.99,66.38,58.65
3969593253_3969602273_0,65.0,72.61,63.98,59.2
3969593254_3969593255_0,60.0,73.02,65.09,60.05
3969593254_3969602268_0,60.0,74.72,67.21,59.95
3969593255_631311473_0,65.0,71.4,67.08,60.05
3969593255_3969602268_0,65.0,73.03,65.23,59.4
3969602261_5258160396_0,65.0,73.04,68.02,61.2
3969602261_3969602270_0,65.0,73.8,67.08,59.3
3969602268_3969602261_0,65.0,74.64,68.0,59.95
3969602270_3969593253_0,65.0,72.65,64.61,58.7
3969602270_3969602273_0,65.0,74.45,64.95,59.55
3969602273_2721518089_0,65.0,74.33,64.91,59.65
3969608009_4054628887_0,65.0,68.26,61.23,57.45
3976104945_21225836_0,65.0,72.55,55.91,61.85
3976104945_21226851_0,65.0,78.12,56.44,65.35
3981659801_249593747_0,65.0,74.4,59.9,63.11
3981659801_249593660_0,65.0,73.24,57.9,61.41
3983670597_21226165_0,65.0,76.26,67.73,64.6
3983670597_21226164_0,65.0,79.41,66.26,66.15
3983670598_2805700770_0,65.0,76.08,65.78,65.35
3983670598_21226318_0,65.0,78.96,67.3,65.7
3993336579_3993336582_0,65.0,73.68,57.46,59.65
3993336582_13849194961_0,65.0,72.29,60.07,58.55
3993336582_1172153947_0,65.0,73.58,57.85,59.2
3994375156_253312191_0,65.0,60.67,59.04,56.6
3996353960_2859959557_0,65.0,67.71,58.82,56.85
3996462469_2817355927_0,65.0,71.89,63.74,60.1
4001314771_3378789207_0,55.0,62.21,54.72,55.65
4008626574_102251009_0,60.0,66.39,58.43,57.22
4008626574_2850804991_0,65.0,66.13,57.83,55.7
4016796261_746024727_0,65.0,58.18,53.08,55.25
4028059810_297918288_0,70.0,62.54,59.86,54.28
4028059810_297918287_0,70.0,62.08,59.51,55.08
4029459313_28848561_0,65.0,59.07,56.72,59.3
4042455153_4042465801_0,65.0,69.79,63.12,63.8
4042455153_1261908176_0,65.0,70.67,64.61,65.2
4042462817_4042488397_0,65.0,67.66,59.02,61.1
4042462817_401350925_0,65.0,65.12,55.29,57.2
4042462817_344814475_0,65.0,67.64,60.02,61.45
4042465801_275651943_0,65.0,71.37,64.88,64.45
4042488397_4042462817_0,65.0,67.66,59.02,61.1
4042488397_693864290_0,65.0,67.49,60.93,60.95
4042488397_256709650_0,65.0,64.6,56.89,58.25
4054554091_234729346_0,65.0,65.44,59.01,60.35
4054628883_2406966023_0,60.0,71.17,62.96,61.45
4054628887_293789167_0,60.0,68.59,57.74,57.43
4054637859_102236303_0,65.0,72.46,63.48,60.8
4054637859_2209718106_0,65.0,72.83,67.61,61.7
4055309195_582644484_0,65.0,70.14,64.17,65.2
4055309195_344806231_0,65.0,74.19,65.98,67.55
4055309197_582645233_0,65.0,68.07,64.78,63.95
4055309197_246993201_0,65.0,73.75,64.28,67.85
4059820335_4059820336_0,65.0,67.95,63.7,61.55
4059820335_1931890106_0,65.0,66.48,63.01,64.7
4059820336_3227966615_0,65.0,64.62,57.31,61.8
4059820336_21555521_0,60.0,66.71,63.16,63.85
4059820337_4059820335_0,65.0,68.0,63.54,61.7
4059820337_252638503_0,65.0,62.49,59.74,61.0
4060097450_1766730093_0,65.0,64.26,62.4,60.45
4060097450_1550346057_0,65.0,61.46,59.12,60.45
4060187694_597406856_0,60.0,72.84,58.76,65.2
4060187694_597406859_0,65.0,66.51,62.81,63.4
4060187698_597406873_0,60.0,65.02,55.98,57.85
4061719045_2896764545_0,65.0,64.89,56.38,57.4
4062057945_245473642_0,65.0,72.13,62.03,64.5
4062057945_245396095_0,65.0,68.52,61.03,63.45
4062057945_245473639_0,65.0,68.69,61.8,63.45
4062058665_245396077_0,65.0,65.75,56.81,59.35
4062058665_245396078_0,65.0,65.12,55.47,60.25
4062335201_2542791795_0,60.0,67.38,61.32,60.1
4062335201_473063019_0,60.0,65.73,59.54,59.3
4064136214_2279406666_0,65.0,68.95,69.99,66.35
4064369843_4064369865_0,65.0,65.54,59.5,61.9
4064369849_4064369870_0,65.0,65.98,58.88,62.0
4064369849_6345765977_0,65.0,65.82,61.47,59.9
4064369865_127718923_0,60.0,64.02,55.94,56.75
4064369865_4064369849_0,65.0,65.46,57.9,61.85
4064369870_10956402470_0,65.0,66.23,60.27,60.15
4064369870_353289080_0,65.0,65.63,64.9,64.9
4065246102_3359429057_0,65.0,57.19,58.81,54.35
4065288872_13157808222_0,60.0,52.95,51.28,53.85
4065288872_341205394_0,60.0,53.97,47.46,54.4
4065295692_4065295693_0,65.0,57.73,58.47,54.85
4065295693_78420006_0,65.0,60.09,59.93,57.1
4065295693_78420001_0,65.0,59.76,55.94,56.45
4065295693_4065295692_0,65.0,57.73,58.47,54.85
4073893000_634639444_0,65.0,69.03,60.69,59.8
4073893000_2798944729_0,65.0,69.36,59.13,59.9
4073893026_4073893033_0,65.0,68.22,56.15,56.3
4073893026_401363868_0,60.0,68.5,55.17,55.55
4073893033_615041496_0,65.0,66.05,56.11,58.6
4073893033_401363868_0,65.0,67.12,54.19,55.4
4080163989_344806230_0,65.0,74.26,63.64,67.35
4083404166_583065571_0,60.0,66.6,61.91,63.15
4083404166_258073611_0,65.0,65.53,57.14,56.95
4090284288_4090289799_0,65.0,71.47,50.99,54.65
4090289792_31334823_0,65.0,71.69,63.06,65.9
4090289792_4090284288_0,65.0,71.43,50.02,54.65
4090289797_4090289792_0,65.0,71.65,53.67,54.7
4090289799_4090289826_0,65.0,71.78,51.13,54.6
4090289799_4090289797_0,65.0,71.43,50.87,54.35
4090289817_8026351981_0,65.0,72.37,50.37,51.6
4090289826_4090289832_0,65.0,72.83,50.67,51.75
4090289832_4090289852_0,60.0,72.21,49.58,51.85
4090289832_4090289817_0,65.0,72.5,55.31,51.1
4090289845_4090289846_0,65.0,72.99,53.25,51.95
4090289846_4090289817_0,65.0,72.39,50.19,52.4
4090289846_4090289852_0,65.0,73.48,50.4,51.45
4090289852_4090289858_0,60.0,72.7,49.66,51.3
4090289858_4090296768_0,65.0,71.24,52.65,54.0
4090289858_4090296777_0,65.0,72.64,51.74,50.85
4090296757_4090317889_0,70.0,72.16,54.03,58.25
4090296757_4090317751_0,65.0,72.74,53.26,54.2
4090296764_4090296777_0,65.0,71.6,55.19,54.2
4090296764_4090296768_0,65.0,73.14,56.06,54.45
4090296768_4090296770_0,65.0,72.5,51.99,53.9
4090296770_5432170417_0,65.0,72.65,51.36,53.95
4090296777_5368438784_0,65.0,72.89,53.28,51.55
4090296788_4090317751_0,65.0,72.52,54.46,58.85
4090296788_3397928346_0,60.0,67.87,70.12,57.75
4090297801_4090296788_0,65.0,72.54,54.14,58.65
4090297801_4090317889_0,65.0,71.98,60.08,57.7
4090317751_4090296764_0,65.0,73.76,50.79,54.85
4090317779_4090297801_0,65.0,72.12,53.33,58.35
4090317889_12918906031_0,70.0,71.92,54.15,58.25
4090317893_4090946558_0,65.0,72.33,54.6,58.45
4090317893_4090317779_0,65.0,73.12,53.4,57.7
4090946551_4090946554_0,65.0,75.59,54.55,51.15
4090946554_4090317779_0,65.0,72.24,54.04,57.6
4090946554_4090946558_0,65.0,74.4,54.73,50.55
4090946558_5368521950_0,65.0,74.98,48.54,50.6
4090946564_4090946565_0,70.0,75.8,56.84,50.65
4090946565_4090946551_0,65.0,76.99,55.27,51.25
4092176688_102207161_0,65.0,73.5,59.3,61.65
4092242946_357259384_0,60.0,69.19,54.25,54.95
4092242946_357258565_0,60.0,69.52,55.74,60.02
4134987512_232825354_0,65.0,66.11,61.15,63.2
4134987512_4407093290_0,65.0,66.1,60.03,59.8
4136919236_13849194958_0,60.0,76.24,54.88,59.65
4136919236_257909190_0,60.0,78.21,55.8,61.2
4143390101_252207832_0,60.0,56.72,53.66,53.4
4163472602_357258845_0,65.0,70.56,61.91,61.38
4163472602_6092148595_0,60.0,68.06,63.14,59.68
4163472603_4163472602_0,65.0,70.93,62.43,62.32
4163472603_28836328_0,60.0,71.85,59.02,59.32
4163576989_2609516251_0,65.0,72.97,63.59,62.85
4163576989_21226942_0,65.0,72.46,64.33,64.45
4163576989_4167561708_0,65.0,68.51,64.21,63.5
4163576994_2889467124_0,60.0,68.66,64.4,64.2
4163576994_1837368287_0,60.0,67.87,61.01,63.3
4167561707_2609516253_0,65.0,69.72,64.84,66.15
4167561707_4163576994_0,60.0,67.4,62.71,62.9
4167561708_4167561707_0,65.0,68.92,62.67,62.55
4193188214_1579436520_0,65.0,61.15,57.54,58.1
4193188214_250151559_0,65.0,60.1,56.37,60.4
4201970001_29137370_0,65.0,72.92,63.11,63.7
4202125044_29137388_0,65.0,71.07,63.94,61.85
4202125044_4202125058_0,65.0,71.26,65.58,63.7
4202125044_12719098165_0,60.0,71.14,65.77,63.0
4202125058_21257030_0,65.0,68.75,62.5,59.6
4202125058_4202125044_0,65.0,71.26,65.58,63.7
4202125058_13507431374_0,65.0,70.0,63.05,58.0
4207086394_1652765735_0,65.0,65.14,59.33,60.15
4207086394_10092208904_0,65.0,64.41,61.05,58.45
4230457952_2830138906_0,65.0,64.62,61.25,59.55
4230457952_2739493094_0,65.0,65.81,60.77,63.6
4233844886_275651961_0,65.0,65.19,60.71,59.05
4233844886_275651960_0,65.0,64.86,58.11,57.45
4233844886_263250339_0,65.0,64.53,59.06,57.75
4242932837_5039336248_0,60.0,70.02,57.84,57.7
4242932837_2480173096_0,60.0,68.88,56.07,56.9
4242932837_21257029_0,65.0,72.29,60.11,64.25
4246891606_9280490030_0,65.0,68.65,57.05,59.95
4270800872_309007002_0,60.0,62.57,58.52,61.65
4291424079_1648345204_0,65.0,61.83,57.62,55.6
4329253398_745947002_0,65.0,75.88,59.18,60.1
4331783648_263770662_0,65.0,58.72,62.34,58.6
4331783648_263766041_0,60.0,57.18,62.47,57.52
4331915597_4331915598_0,65.0,57.51,57.34,58.5
4331915598_315285924_0,65.0,58.36,62.03,59.9
4331915598_4331915597_0,65.0,57.51,57.34,58.5
4335067823_1251157153_0,65.0,65.98,57.14,57.5
4336485142_4336488922_0,65.0,77.9,72.09,69.85
4336485150_4336485103_0,65.0,77.75,73.57,70.15
4336488922_1918656845_0,65.0,77.28,74.7,69.9
4348614897_2042971295_0,65.0,72.7,63.31,64.85
4350619055_21227008_0,65.0,71.69,60.44,63.0
4350619055_21226459_0,65.0,73.23,65.7,63.3
4364183492_1890336284_0,65.0,65.23,53.83,58.35
4364183492_3358131353_0,65.0,65.49,55.85,59.2
4365676033_275700497_0,65.0,62.46,52.37,53.7
4368123359_538836746_0,60.0,63.07,56.84,56.15
4368935433_240591778_0,65.0,60.83,56.1,56.92
4368935433_2533462379_0,65.0,60.44,54.12,57.18
4403961805_267876511_0,60.0,53.73,57.63,56.15
4407093290_357240983_0,65.0,66.15,59.52,60.65
4407093290_258073497_0,65.0,65.64,61.81,62.45
4424802126_2795808436_0,60.0,70.83,60.88,63.05
4424802126_2987557917_0,65.0,69.84,61.92,61.72
4445587211_9599312159_0,60.0,64.11,56.84,58.95
4445587211_2925717078_0,55.0,66.94,62.2,64.05
4466317462_27560255_0,60.0,66.4,59.26,57.55
4466317462_21226033_0,60.0,67.34,61.81,63.7
4466317462_21226311_0,60.0,66.53,59.13,58.8
4475491192_2660994645_0,60.0,66.78,57.57,55.95
4475491192_8118826463_0,65.0,67.4,61.69,60.6
4523865939_274923143_0,60.0,58.44,50.44,55.25
4523865939_2214711076_0,60.0,58.2,50.92,55.5
4526747657_275592972_0,65.0,72.42,66.88,65.45
4531556563_171373743_0,65.0,68.69,73.95,69.9
4541125852_1764266277_0,65.0,67.04,55.53,57.2
4545525694_96889389_0,65.0,61.91,54.66,58.5
4545525694_2533452138_0,65.0,62.19,55.28,56.85
4552183429_4552183430_0,65.0,57.68,56.69,54.1
4552183430_78420067_0,60.0,57.71,57.65,57.2
4552183430_4552183429_0,65.0,57.68,56.69,54.1
4592902288_21226585_0,65.0,70.86,59.53,62.15
4592902288_21226106_0,65.0,71.95,63.05,60.3
4592902288_21226090_0,65.0,71.64,62.83,60.65
4592902291_21226656_0,65.0,70.7,60.56,60.3
4592902291_2805667272_0,60.0,70.22,54.64,57.1
4592902291_21226090_0,65.0,71.48,61.46,60.2
4594350205_4594350283_0,65.0,72.16,59.42,59.3
4594350205_13475766231_0,65.0,71.5,57.92,59.1
4594350205_13457394865_0,65.0,71.59,56.77,57.95
4594350283_4594350205_0,65.0,72.16,59.42,59.3
4594350283_13457394865_0,65.0,71.94,55.61,59.0
4620168834_294744676_0,65.0,64.98,55.08,57.6
4839089363_3463129331_0,65.0,64.51,62.04,57.8
4839089363_2556215093_0,65.0,63.95,58.01,55.9
4844472019_249389759_0,65.0,64.82,52.15,54.15
4855907325_4855907326_0,65.0,69.33,55.0,55.35
4855907326_4855907344_0,65.0,69.59,56.45,55.05
4855907326_4855907335_0,65.0,69.45,54.95,55.45
4855907335_4855907325_0,65.0,69.19,58.64,56.2
4855907344_4855907379_0,65.0,69.52,56.73,54.4
4855907344_4855907335_0,65.0,69.65,56.33,55.9
4855907351_4855907412_0,65.0,65.94,52.55,49.35
4855907359_4855907379_0,65.0,68.75,56.31,53.65
4855907365_4855907403_0,65.0,69.54,55.85,54.85
4855907379_4855907344_0,65.0,69.54,56.73,54.05
4855907379_4855907362_0,65.0,68.82,56.57,53.55
4855907403_765627115_0,65.0,69.69,56.83,55.85
4855907403_4855907368_0,65.0,69.64,55.44,54.95
4855907412_271198135_0,65.0,66.88,58.49,55.15
4855907412_4855907354_0,65.0,65.88,52.91,49.8
4870408573_2330779332_0,65.0,64.05,61.31,62.02
4885413422_2784839409_0,65.0,74.53,66.68,63.65
4885413422_1947907220_0,60.0,72.87,63.13,62.2
4885413464_2784839424_0,65.0,74.03,65.86,63.7
4885413464_4885413470_0,65.0,72.16,64.03,62.4
4885413470_21298308_0,60.0,71.28,62.14,62.8
4885413470_2784839424_0,60.0,72.17,65.02,62.4
4885413495_2784839449_0,60.0,74.09,64.21,62.55
4885413495_1947907237_0,60.0,71.72,62.92,64.0
4889789472_10543376263_0,65.0,71.87,62.28,64.45
4889789472_10543376254_0,65.0,70.96,67.22,65.75
4921327446_3785026077_0,65.0,71.3,61.62,57.45
4923008080_996571882_0,65.0,73.26,62.08,58.95
4942455430_684201207_0,65.0,65.19,60.48,58.3
5024953566_3359546278_0,65.0,65.02,56.61,55.18
5025267950_5025267951_0,65.0,65.42,60.4,58.65
5025267950_256205285_0,65.0,66.94,63.12,58.35
5025267950_5025267953_0,65.0,66.88,59.31,62.05
5025267951_256037858_0,65.0,64.49,60.37,58.0
5025267951_5025267953_0,65.0,66.76,59.44,61.75
5025267953_344814472_0,65.0,69.64,64.03,62.15
5039336246_21226310_0,65.0,74.6,64.7,63.3
5039336247_9982011284_0,65.0,72.76,63.55,62.1
5039336247_5039336246_0,65.0,74.83,65.33,63.25
5039336248_4242932837_0,60.0,70.02,57.84,57.7
5039336248_1281219630_0,65.0,69.73,62.15,60.45
5039336248_21257023_0,60.0,70.17,57.93,57.6
5039336250_5039336255_0,65.0,73.41,68.14,64.0
5039336255_21226401_0,65.0,72.46,66.68,63.6
5039336255_5039336247_0,65.0,74.61,66.39,62.85
5058526502_2727111772_0,65.0,65.05,53.07,51.2
5068644319_1839136735_0,65.0,65.22,57.95,56.95
5068644319_251755105_0,65.0,65.45,56.42,57.95
5071913370_10315954887_0,60.0,75.45,61.42,64.3
5075029426_344814476_0,65.0,67.11,59.1,59.58
5075029426_297920724_0,65.0,67.25,60.7,58.75
5081135573_78420288_0,65.0,59.42,62.21,57.65
5081135573_13350978962_0,65.0,60.92,60.85,57.3
5107500006_996747082_0,65.0,67.51,56.26,57.85
5107500006_251616910_0,65.0,68.24,58.32,58.6
5113918995_3497123435_0,65.0,67.05,71.91,67.1
5113926910_5113918969_0,65.0,72.8,71.67,68.45
5113959830_5113959906_0,65.0,67.44,62.22,61.55
5113959830_12590742875_0,60.0,67.21,64.43,60.85
5113959879_5113959882_0,65.0,70.78,64.36,61.65
5113959879_582868101_0,65.0,71.44,63.12,60.05
5113959882_5113959887_0,65.0,71.14,61.47,60.6
5113959887_582868683_0,65.0,71.28,61.39,60.25
5113959887_5113959891_0,65.0,70.92,61.81,60.6
5113959891_5113959892_0,65.0,71.04,62.15,61.65
5113959892_5113959830_0,65.0,67.58,62.84,62.1
5113959892_5113959906_0,65.0,70.82,62.23,61.4
5113959906_5113959879_0,65.0,70.86,63.21,61.85
5118511686_2177215008_0,65.0,59.61,54.17,56.27
5118555727_260551944_0,60.0,58.56,53.7,55.92
5118555727_13820771590_0,60.0,57.75,52.23,52.32
5118555727_256041092_0,60.0,57.6,56.41,54.32
5118615630_248292122_0,65.0,77.11,62.37,56.7
5118615630_248292124_0,65.0,77.48,61.7,57.55
5143939931_5143939944_0,65.0,70.8,55.32,54.55
5143939931_5271769547_0,60.0,71.04,56.05,54.55
5143939932_5143939931_0,65.0,70.93,55.97,54.85
5143939935_5143939932_0,65.0,70.63,54.68,54.1
5143939935_12285838079_0,60.0,70.77,55.4,54.25
5143939943_5271769299_0,65.0,70.26,54.0,54.15
5143939943_5143939946_0,65.0,70.3,55.41,53.9
5143939944_5143939943_0,65.0,70.61,55.9,53.7
5143939946_5143939935_0,65.0,70.29,54.55,53.2
5161838641_322752963_0,55.0,56.58,48.75,53.4
5161838641_1277834481_0,55.0,56.78,52.89,52.15
5161838643_5161838641_0,55.0,57.07,53.18,53.95
5162046348_308930689_0,60.0,62.39,60.7,60.05
5162046348_1383490325_0,65.0,64.12,58.22,60.64
5162046348_27551150_0,65.0,64.11,56.28,60.54
5166288820_3327117608_0,60.0,58.5,55.6,54.3
5166288820_256575567_0,60.0,59.48,53.36,59.08
5166288820_1110303944_0,60.0,59.07,53.54,58.31
5166344158_279802265_0,65.0,58.18,45.43,54.0
5166344158_5499744278_0,65.0,59.49,53.14,55.5
5166605218_264641072_0,60.0,55.28,56.73,55.15
5166605218_578256340_0,65.0,55.74,54.62,55.95
5172061228_1092286224_0,65.0,57.21,50.47,56.0
5172061228_1092285727_0,60.0,57.26,48.61,56.6
5172061228_1092286064_0,65.0,57.98,58.75,57.6
5204689667_279790763_0,65.0,55.58,61.32,55.75
5204689699_567872292_0,65.0,55.63,51.44,55.35
5204689699_5204689667_0,65.0,56.72,57.93,56.25
5204689702_5204689699_0,60.0,56.32,51.14,55.4
5204689702_264641073_0,60.0,56.69,54.86,54.7
5226484198_252392159_0,65.0,55.58,56.34,58.35
5226484198_268799365_0,65.0,55.96,57.87,56.75
5239717880_2702823401_0,65.0,70.85,59.93,61.68
5239717880_5244616814_0,65.0,70.69,60.3,58.1
5239717880_5271769299_0,65.0,69.58,55.71,56.2
5242784444_271759036_0,65.0,75.28,63.26,61.35
5244616812_5244616814_0,65.0,70.54,57.13,53.85
5244616812_3098441543_0,65.0,70.6,53.58,54.8
5244616814_3098441543_0,65.0,70.54,57.24,54.05
5244616814_5239717880_0,65.0,70.69,60.3,58.1
5249624640_2209718111_0,65.0,74.98,64.63,61.8
5249624640_2209718107_0,65.0,74.37,63.9,62.2
5249624651_5249624640_0,65.0,74.74,64.67,62.15
5252352955_102236087_0,65.0,73.76,66.24,64.95
5252352955_102236303_0,65.0,72.83,68.9,62.6
5252713416_3969608009_0,60.0,70.27,59.99,58.85
5252713416_3969593253_0,65.0,71.0,66.38,58.65
5258160396_3969593240_0,65.0,72.26,73.57,64.25
5258160396_3496103467_0,65.0,73.67,65.69,60.28
5270092035_5270092036_0,60.0,72.57,61.74,62.05
5270092035_13266396373_0,60.0,71.47,62.08,63.35
5270092036_21298354_0,65.0,72.54,60.87,61.7
5270092040_2817507678_0,60.0,74.37,60.85,62.95
5270092040_1947907242_0,60.0,74.33,60.23,63.6
5271769299_5143939946_0,65.0,70.08,54.39,53.55
5271769299_5239717880_0,65.0,69.58,55.71,56.2
5271769547_395249733_0,65.0,71.09,54.85,54.35
5271769547_5143939944_0,65.0,70.84,56.48,54.6
5286300315_2667777545_0,65.0,67.95,63.3,62.9
5286582947_267484026_0,60.0,59.53,57.73,57.45
5286582947_308674317_0,65.0,59.5,59.14,58.1
5305417544_3844484305_0,65.0,75.3,69.88,65.1
5309990620_2801657000_0,65.0,65.91,59.61,57.75
5318288653_3521709876_0,65.0,64.97,58.01,56.9
5340954132_5340954133_0,60.0,65.42,53.51,56.85
5340954132_251622064_0,60.0,64.56,55.17,54.55
5340954133_251885827_0,65.0,69.28,59.85,61.75
5340954133_5340954132_0,60.0,65.42,53.51,56.85
5348769000_2792565907_0,55.0,51.79,57.18,55.75
5355524415_2287941848_0,65.0,62.96,65.61,60.6
5358621150_3780474246_0,60.0,66.25,52.8,56.05
5360549547_232886575_0,65.0,66.51,60.16,55.35
5368438784_4090289845_0,65.0,72.98,53.61,51.55
5368521950_4090946564_0,65.0,75.36,52.67,50.45
5394467253_5394467259_0,65.0,64.25,69.28,64.35
5394467253_1918722715_0,65.0,64.26,67.09,65.0
5411147021_3849165599_0,65.0,75.25,66.18,68.75
5423420796_2757790460_0,65.0,67.27,71.95,67.55
5423463073_266210036_0,65.0,59.94,59.72,58.35
5423463073_1028381765_0,65.0,65.28,62.27,57.5
5423471493_31331701_0,65.0,66.93,59.64,60.3
5423484424_736627195_0,65.0,58.33,56.96,57.35
5423484424_1479183775_0,60.0,60.25,57.88,58.8
5425010320_173041653_0,70.0,70.24,57.54,58.3
5425010320_983400190_0,70.0,70.52,59.41,58.65
5427139182_102231587_0,65.0,70.36,66.22,68.7
5427139182_206145273_0,65.0,72.89,67.78,69.6
5427643460_306412920_0,65.0,71.4,63.97,62.45
5427643461_5427643460_0,65.0,71.52,64.08,60.75
5427643461_2700123800_0,65.0,70.12,65.05,62.35
5428808191_27551111_0,65.0,69.26,68.05,63.8
5428808194_2610501097_0,65.0,70.87,62.38,62.1
5428808194_2610501036_0,65.0,69.03,60.3,61.15
5429288961_31011246_0,65.0,69.58,58.25,58.52
5429836160_2817417795_0,65.0,72.61,66.61,67.1
5429836160_21225852_0,65.0,75.96,67.42,65.55
5429836161_21389433_0,65.0,71.21,66.14,65.15
5429836161_21226247_0,65.0,75.92,66.41,65.95
5429839587_21226885_0,65.0,76.6,68.19,67.22
5429839587_21227283_0,60.0,77.65,66.5,67.07
5429839588_21225951_0,65.0,74.1,65.79,63.95
5429839588_21227142_0,65.0,77.35,67.18,65.9
5432159849_256041092_0,65.0,57.81,59.95,56.05
5432159849_2514869970_0,65.0,61.72,58.57,57.9
5432159849_5432159850_0,65.0,62.85,56.97,56.75
5432159850_582770721_0,65.0,62.77,57.74,58.64
5432159850_5432159849_0,65.0,62.85,56.97,56.75
5432170417_4090296757_0,70.0,72.73,52.04,54.35
5433028503_27530083_0,65.0,74.53,61.86,61.6
5433028503_1255239251_0,65.0,80.74,66.09,66.8
5433028504_27541545_0,65.0,79.25,69.32,67.55
5433818464_3373243356_0,65.0,67.83,56.71,56.1
5433818464_12571684778_0,65.0,68.14,58.65,57.65
5434288671_206391888_0,65.0,72.81,64.04,64.8
5434288674_206175975_0,65.0,72.93,64.87,64.1
5434288674_2669114245_0,65.0,66.19,57.84,59.58
5434297275_943028896_0,65.0,73.24,62.89,58.55
5440433373_311469826_0,65.0,64.04,59.73,60.3
5447650580_173037199_0,70.0,70.91,61.08,59.9
5447650580_2268397653_0,70.0,68.18,61.63,60.6
5451379968_582869065_0,65.0,77.66,61.53,62.5
5451394130_2370504757_0,60.0,65.8,55.0,54.2
5454702272_339025546_0,65.0,67.96,60.57,60.7
5454702272_25543515_0,65.0,72.48,62.13,61.18
5455039813_264677641_0,65.0,57.55,64.06,58.75
5475987962_1602479921_0,65.0,66.75,66.48,66.65
5475987962_5475987963_0,65.0,68.93,64.82,66.95
5475987963_250157046_0,65.0,68.76,65.39,67.05
5475987963_1602479921_0,65.0,73.85,66.07,70.85
5475987973_2935978700_0,65.0,68.28,59.34,61.1
5475987973_1602479997_0,65.0,66.89,66.4,65.05
5499744278_27551144_0,65.0,60.96,61.66,61.13
5499744278_11071252438_0,65.0,62.62,62.08,60.98
5499744278_5166344158_0,65.0,59.49,53.14,55.5
5595189290_2742028655_0,60.0,57.41,46.06,47.15
5595189290_1805292565_0,60.0,56.48,52.08,50.4
5595189290_5595189291_0,60.0,56.33,42.97,46.95
5595189291_5595189290_0,60.0,56.33,42.97,46.95
5614122500_5614122517_0,60.0,57.96,56.24,49.0
5614122501_717647768_0,55.0,55.83,49.12,48.75
5614122501_5614122552_0,55.0,58.23,53.96,49.8
5614122502_717796166_0,55.0,56.24,50.67,48.35
5614122502_5614122547_0,55.0,56.5,50.77,49.25
5614122503_5614122504_0,55.0,56.22,52.07,50.05
5614122503_292694484_0,55.0,55.72,45.2,43.35
5614122504_5614122557_0,55.0,58.9,55.15,49.9
5614122510_5614122502_0,55.0,56.53,50.65,50.0
5614122510_5614122547_0,55.0,57.96,53.77,49.95
5614122514_5614122500_0,55.0,57.91,54.93,49.8
5614122514_5614122517_0,60.0,58.24,55.23,49.2
5614122517_5614122518_0,60.0,59.18,53.35,49.85
5614122518_5614122503_0,60.0,56.07,53.01,49.15
5614122518_5614122504_0,60.0,57.54,53.47,49.95
5614122547_5614122514_0,60.0,58.81,53.35,50.1
5614122552_5614122510_0,55.0,58.73,55.08,50.0
5614122557_5614122501_0,55.0,58.26,55.61,50.1
5614122557_5614122552_0,55.0,58.26,55.78,49.2
5744457382_280994093_0,65.0,70.5,60.25,57.6
5807936514_392107159_0,60.0,68.72,53.76,56.75
5860663964_776998462_0,60.0,70.82,57.51,57.9
5863507542_27551171_0,65.0,65.51,68.18,61.58
5878293590_21458303_0,65.0,65.48,59.91,61.68
6037656930_1515413137_0,65.0,66.79,61.56,61.08
6037656930_680554346_0,65.0,71.25,60.06,60.22
6092148595_946166315_0,60.0,66.14,60.79,58.08
6109930449_279818307_0,65.0,57.72,50.49,52.9
6120595677_12590742875_0,60.0,67.16,62.61,60.0
6120595677_6959491272_0,60.0,67.12,60.93,60.35
6200841791_13619737233_0,65.0,74.59,65.28,60.85
6200841791_1842963938_0,65.0,69.88,65.85,62.45
6287302893_8041012778_0,60.0,55.66,38.68,44.75
6298994308_7800730573_0,65.0,69.09,59.43,67.55
6325918758_2747928835_0,65.0,67.34,59.19,58.8
6325918758_1355480658_0,65.0,69.24,57.93,58.7
6345752115_726933709_0,65.0,62.27,56.33,53.55
6345765977_4064369843_0,65.0,65.21,59.17,59.4
6375738020_262510634_0,60.0,67.09,57.47,55.65
6375738020_8411506639_0,60.0,66.09,53.74,54.45
6375738020_11199837774_0,60.0,66.12,54.01,53.65
6379955738_1439242069_0,60.0,59.18,52.87,54.0
6379955738_6379955739_0,60.0,58.89,52.88,53.85
6379955739_6379955738_0,60.0,58.89,52.88,53.85
6382834092_251622091_0,55.0,64.5,50.71,52.2
6383161798_788379557_0,65.0,72.31,54.9,60.65
6383161798_2729212567_0,65.0,72.92,55.04,61.05
6383161798_6383161801_0,60.0,69.51,58.91,58.05
6383161801_6383161798_0,60.0,69.52,58.96,58.0
6383161802_6383161807_0,60.0,67.74,53.11,55.0
6383161802_6383161806_0,60.0,67.35,53.78,55.45
6383161806_6383161802_0,60.0,67.35,53.78,55.45
6383161807_271759821_0,60.0,67.77,51.22,55.3
6383161807_6383161809_0,60.0,67.48,54.1,55.45
6383161809_6383161807_0,60.0,67.48,54.1,55.45
6388709435_253311636_0,65.0,60.59,56.64,56.85
6401941995_310987102_0,60.0,56.42,48.27,52.0
6401941995_6401941999_0,60.0,56.61,47.19,52.3
6401941998_6401941999_0,60.0,56.25,44.45,49.85
6401941999_6401941998_0,60.0,56.26,44.58,49.85
6401941999_6401941995_0,60.0,56.4,48.22,52.3
6401941999_6401942003_0,60.0,55.82,46.15,50.7
6401942003_6401941999_0,60.0,55.82,46.15,50.7
6411055640_252637106_0,65.0,65.46,61.76,62.35
6411055640_6411055657_0,65.0,66.76,62.1,62.15
6411055640_252637110_0,65.0,68.76,60.4,64.3
6411055657_241474643_0,65.0,65.68,61.83,62.2
6411055657_6411055640_0,65.0,66.76,62.1,62.15
6411055657_206144162_0,65.0,68.49,59.44,62.95
6411055919_1725740916_0,65.0,66.76,60.55,63.0
6411055919_1725740897_0,65.0,67.55,60.34,63.3
6418215379_266212642_0,55.0,56.29,52.72,51.12
6418215379_281439790_0,60.0,55.66,50.79,53.65
6418215379_6418217193_0,60.0,54.93,46.64,46.3
6418217193_6418215379_0,60.0,54.94,46.64,46.2
6419699897_249381431_0,60.0,60.04,53.61,55.0
6419699937_582872229_0,55.0,57.71,49.7,53.95
6420547633_2606083668_0,65.0,67.71,63.19,64.7
6420547633_6420547634_0,60.0,66.81,67.55,62.55
6420547634_3720243074_0,65.0,65.19,60.89,62.85
6438797308_29137411_0,60.0,65.84,60.73,58.25
6438797308_29137405_0,60.0,67.06,60.75,61.4
6444457474_308930711_0,55.0,60.37,50.09,53.02
6444457474_6444457479_0,60.0,60.77,51.5,55.6
6444457474_308930689_0,60.0,60.97,55.1,55.9
6444457479_6444457474_0,60.0,60.77,51.5,55.6
6451575125_21226818_0,60.0,71.94,59.11,64.25
6451575125_2715718838_0,65.0,71.18,56.44,58.8
6452588900_232868021_0,65.0,64.26,64.69,60.75
6460883830_6460883831_0,55.0,69.91,55.2,55.75
6460883830_262384654_0,55.0,69.55,57.62,55.4
6460883831_6460883830_0,55.0,69.91,55.2,55.75
6461558512_2717210721_0,60.0,56.2,51.26,47.5
6533804591_1942874519_0,65.0,67.99,63.6,61.6
6542105541_1974252395_0,65.0,74.6,65.33,66.7
6542105541_1974252411_0,65.0,71.17,63.01,65.8
6629903099_315275969_0,65.0,71.22,64.23,60.85
6629903100_206144168_0,65.0,77.05,62.67,62.87
6629903100_6629903099_0,65.0,75.93,62.65,61.35
6753411942_28848515_0,60.0,60.71,55.65,54.35
6753411942_27552404_0,55.0,61.14,52.9,54.85
6786177720_8021113370_0,65.0,58.36,55.31,56.9
6786177720_31370862_0,65.0,59.38,61.61,58.85
6848651202_5434288671_0,65.0,65.73,57.37,59.43
6855029571_1467391636_0,60.0,63.13,53.53,50.37
6879066254_3498915585_0,65.0,75.96,64.8,68.25
6879066257_6879066264_0,65.0,74.19,63.97,66.6
6879066260_6879066261_0,70.0,75.59,61.79,63.62
6879066261_539069910_0,70.0,71.79,59.22,60.7
6879066261_6879066257_0,65.0,74.68,62.78,63.58
6879066264_6879066265_0,65.0,78.14,65.3,68.6
6879066264_6879066254_0,65.0,77.45,64.73,69.25
6879066265_249454765_0,65.0,78.14,62.59,68.1
6903764643_88238932_0,65.0,56.19,53.49,53.85
6903764643_3333723654_0,65.0,58.01,53.15,54.1
6925083996_253752176_0,65.0,57.15,56.29,53.4
6959491272_3454082972_0,65.0,68.66,58.66,60.25
6959491272_6120595677_0,60.0,67.12,60.93,60.35
7016324527_10655668704_0,65.0,62.82,59.09,59.1
7016324527_10655734930_0,60.0,61.27,56.94,58.7
7026508781_1477913090_0,65.0,65.17,60.43,62.15
7026508781_1477906930_0,65.0,65.18,63.96,62.0
7103194880_252209761_0,60.0,56.71,52.03,53.0
7294905813_256031729_0,60.0,62.86,56.39,54.95
7653029265_310277493_0,65.0,70.85,67.4,66.85
7653029265_246995020_0,65.0,67.07,60.08,62.55
7653157375_246991601_0,60.0,66.64,61.21,60.9
7653690913_31367770_0,65.0,66.55,61.29,62.0
7658594604_3359386888_0,65.0,60.37,59.91,57.35
7658594604_3359415755_0,65.0,60.66,55.35,57.0
7701029209_3475257655_0,65.0,82.72,68.92,67.9
7746238121_1145309693_0,65.0,67.31,56.33,57.2
7784482563_29089647_0,65.0,70.8,62.45,62.7
7785298655_3739336306_0,65.0,58.17,52.12,60.1
7785298655_7785346290_0,65.0,57.6,54.28,56.75
7785298670_7785298655_0,60.0,57.85,50.84,56.85
7785298670_7785346290_0,60.0,57.57,54.76,56.85
7785298671_266514074_0,65.0,58.75,53.65,58.35
7785298671_7785298670_0,60.0,57.69,48.26,57.2
7785346290_7785346295_0,65.0,57.33,50.87,56.6
7785346295_7785298671_0,65.0,58.16,50.38,57.4
7793777764_3443015421_0,65.0,73.99,64.96,65.25
7793777767_2585241737_0,65.0,76.52,64.5,67.15
7793777783_2728841612_0,65.0,76.24,66.38,67.7
7798245563_27552274_0,65.0,69.51,60.91,59.0
7798245563_7798245563_0,60.0,68.96,57.86,57.1
7800730573_283834665_0,65.0,62.79,60.41,61.75
7800730573_283834679_0,65.0,70.43,66.96,69.5
7801199713_7801199714_0,60.0,70.26,58.69,61.5
7801199713_11182853589_0,60.0,68.44,59.71,62.45
7801199714_11182853584_0,60.0,70.85,59.3,63.0
7801199717_7801199727_0,60.0,70.95,57.82,63.85
7801199725_7801199717_0,60.0,70.69,58.47,63.55
7801199727_3127491115_0,60.0,69.91,63.18,65.95
7801199727_7801199713_0,65.0,70.47,59.88,62.7
7817118865_717641323_0,60.0,63.89,57.65,58.7
7872571958_27626629_0,65.0,69.93,59.15,57.95
7889488707_6037656930_0,65.0,69.8,60.7,62.6
7889488709_946166315_0,60.0,69.52,60.17,59.08
7911179194_1028718457_0,60.0,67.58,54.46,54.4
7952362835_243907645_0,60.0,61.98,58.5,58.4
8007871597_1931981425_0,65.0,64.32,59.03,59.2
8021113370_513842696_0,65.0,58.3,55.79,58.7
8021113370_9335943722_0,65.0,58.43,53.92,57.95
8026351981_4090289797_0,65.0,71.76,51.06,54.75
8026351981_4090289826_0,65.0,72.64,55.76,51.0
8038367636_615043866_0,65.0,68.91,62.05,62.8
8038367636_1009312036_0,65.0,68.02,62.43,63.1
8041012778_8041083514_0,60.0,62.56,57.21,55.4
8041012778_6287302893_0,60.0,55.66,38.68,44.75
8041083499_8041012778_0,60.0,61.49,52.09,54.75
8043052293_315285597_0,65.0,57.42,60.44,58.8
8043052293_8043052294_0,65.0,57.59,53.49,57.55
8043052294_264008551_0,65.0,57.71,56.01,57.65
8043052304_264137342_0,65.0,58.18,59.55,61.0
8043052304_264230957_0,65.0,57.62,59.83,59.2
8043052317_2609609004_0,65.0,66.4,57.03,62.0
8050341537_249372198_0,60.0,62.01,53.36,55.65
8083969641_250748405_0,65.0,65.03,62.98,62.45
8083969641_3876198699_0,65.0,63.83,59.49,61.85
8117601499_1547169447_0,65.0,67.95,64.19,62.05
8117601499_1756208669_0,65.0,69.43,63.76,62.5
8117633127_344814473_0,65.0,68.63,63.35,63.8
8118826460_11202218085_0,60.0,69.26,60.23,60.2
8118826460_90603144_0,65.0,67.91,57.94,63.08
8118826463_11202218085_0,60.0,67.61,61.29,60.6
8118826463_8118826460_0,60.0,69.28,61.36,60.2
8118826463_4475491192_0,65.0,67.4,61.69,60.6
8132708209_2609470172_0,65.0,67.26,59.35,63.95
8132708209_1602512864_0,65.0,71.28,60.26,65.4
8174057368_2626164550_0,65.0,68.91,62.65,57.5
8177939789_27653915_0,65.0,61.89,57.53,58.5
8177939789_1550346063_0,65.0,62.6,59.97,59.0
8194481709_154780178_0,65.0,64.29,56.69,58.9
8194481710_154775984_0,65.0,63.31,55.43,56.75
8194481710_141499796_0,60.0,64.05,57.37,58.4
8279985592_1935805303_0,65.0,71.15,62.56,61.05
8279985592_1935805313_0,65.0,70.98,63.23,60.4
8282233352_8282233352_0,60.0,64.17,52.09,58.4
8282233352_8282233352_1,60.0,64.12,53.56,58.1
8282233352_251885818_0,60.0,63.35,55.63,54.75
8294961011_255895519_0,65.0,74.59,66.91,67.25
8294961011_2779757671_0,65.0,71.18,64.16,66.55
8314678356_271759376_0,60.0,66.19,54.25,56.5
8321774366_206176495_0,65.0,68.56,61.71,61.3
8324164279_297543452_0,60.0,63.99,56.79,63.42
8341779717_264496762_0,65.0,53.71,58.43,55.05
8377898739_2701541586_0,60.0,63.71,56.69,57.0
8377898739_1251157179_0,60.0,64.05,56.1,58.3
8383189623_13595397_0,65.0,68.9,68.06,67.47
8383189623_263250686_0,65.0,70.13,64.2,61.82
8395216204_3366811261_0,65.0,71.87,66.53,67.65
8395216204_3807720793_0,65.0,72.88,69.42,69.55
8395290519_8528958055_0,65.0,70.23,70.1,68.95
8396732635_10169723745_0,65.0,68.77,64.8,60.7
8396732635_2820700565_0,65.0,68.63,65.58,61.3
8411506639_6375738020_0,60.0,66.14,53.15,54.4
8426860823_3701185994_0,65.0,67.53,63.75,64.07
8426860823_2701112360_0,65.0,72.73,67.01,67.65
8426860823_21226130_0,65.0,76.16,70.29,70.3
8526287262_27551144_0,65.0,58.08,58.17,57.6
8528958055_2279406669_0,65.0,70.25,67.78,68.8
8607329570_2162688049_0,65.0,57.68,60.81,57.75
8688641203_1520401441_0,60.0,66.27,56.57,58.0
8720913138_8720913139_0,65.0,69.95,68.29,69.65
8720913139_3366811239_0,65.0,67.72,64.74,67.85
8720913180_8720913181_0,60.0,67.96,60.81,62.66
8720913180_2548836947_0,65.0,65.05,61.95,60.38
8720913181_1477751807_0,60.0,65.89,58.34,60.45
8720913181_3782540449_0,65.0,66.06,59.68,60.2
8749138180_1948088631_0,65.0,69.5,59.8,58.65
8749138180_1481418728_0,65.0,68.8,61.65,63.9
8785229189_1847085559_0,65.0,65.3,63.89,65.18
8804528071_2798855915_0,60.0,64.22,55.32,55.58
8823581031_263794895_0,60.0,62.65,56.21,58.35
8823581031_263794903_0,60.0,59.43,55.11,58.75
8823682862_8823682863_0,65.0,73.12,65.98,66.55
8823682862_615032380_0,65.0,73.6,67.49,66.9
8823682863_8823682867_0,65.0,76.31,65.25,67.6
8823682863_615038970_0,65.0,70.55,66.06,64.35
8823682864_8823682862_0,65.0,73.28,64.33,66.6
8823682864_615032363_0,65.0,70.86,69.16,64.6
8823682865_8823682864_0,65.0,75.13,66.26,64.45
8823682865_344806105_0,65.0,71.25,64.35,65.5
8823682866_8823682862_0,65.0,76.33,66.53,68.05
8823682866_8823682865_0,65.0,75.77,64.21,65.5
8823682867_8823682866_0,65.0,73.49,63.68,65.85
8823682867_1043741418_0,65.0,75.98,64.13,66.9
8842324922_2457118482_0,65.0,70.67,66.66,58.9
8844423934_1558250492_0,65.0,58.45,57.18,55.9
8844424046_1109071891_0,60.0,47.57,53.51,58.7
8844424164_1489656120_0,65.0,68.18,61.73,69.2
8844424309_264633045_0,65.0,54.72,57.26,53.7
8844424309_2208089204_0,65.0,58.59,62.61,58.0
8855347217_1367017431_0,70.0,66.88,57.26,57.6
8855347217_251618171_0,65.0,66.3,52.04,55.7
8855347217_1505194128_0,65.0,65.57,56.4,56.2
8856646224_21555436_0,65.0,72.22,62.52,63.8
8856646224_10632962536_0,65.0,69.44,60.64,60.78
8860239509_1838907769_0,65.0,63.36,62.75,61.88
8860239509_1383473527_0,60.0,62.43,61.35,60.98
8863706331_259845978_0,65.0,66.85,61.08,58.8
8871204317_256035233_0,65.0,60.22,53.75,55.52
8871204317_8871204319_0,65.0,60.87,55.36,57.7
8871204319_1937808756_0,65.0,61.01,57.95,59.85
8871204319_8871204317_0,65.0,60.87,55.36,57.7
8871204319_1937808757_0,65.0,60.92,54.57,57.2
8897558718_1824860723_0,65.0,60.95,57.6,56.3
8930784140_21226526_0,55.0,71.18,58.68,57.25
8930784140_21226719_0,60.0,70.94,60.32,57.45
8930784140_21226989_0,55.0,71.93,56.33,58.75
9038990115_478783634_0,60.0,65.61,58.13,56.8
9050852073_469526715_0,65.0,68.74,55.84,59.73
9062334360_29089624_0,65.0,67.74,64.04,61.8
9081821106_268762395_0,55.0,57.2,60.61,59.35
9081821115_417737704_0,55.0,59.92,61.35,58.75
9081821115_9081821106_0,55.0,58.05,60.66,59.05
9081821118_268762397_0,55.0,57.39,57.11,58.5
9093668157_253242307_0,65.0,66.17,60.26,65.1
9093668157_258052620_0,65.0,66.38,62.87,65.2
9093668158_9093668157_0,65.0,66.06,58.17,58.6
9116286112_3366811243_0,65.0,69.79,64.98,68.35
9151230598_1602512866_0,65.0,67.73,58.83,61.65
9164553002_752858433_0,65.0,75.49,66.08,65.4
9164553002_27529355_0,65.0,76.43,63.67,61.4
9164553002_27529351_0,65.0,70.9,63.17,61.25
9218173280_21227001_0,65.0,71.8,62.59,60.7
9218173280_2896922079_0,65.0,70.89,62.7,61.7
9218173280_21226537_0,65.0,65.91,61.69,61.1
9218173280_21226022_0,65.0,69.67,64.6,64.6
9229996640_115595341_0,65.0,58.6,51.4,54.95
9229996640_1261889401_0,65.0,58.63,52.24,54.6
9236561044_1584826185_0,60.0,61.11,61.31,62.2
9238787283_574993746_0,60.0,68.15,61.76,62.51
9238787283_1483625817_0,60.0,64.87,61.74,59.45
9238787285_2614484399_0,60.0,70.18,62.03,63.22
9280490030_10967495272_0,65.0,73.15,64.06,60.92
9280490030_10967495278_0,65.0,74.0,65.52,61.62
9283817585_10925861939_0,60.0,68.26,61.91,62.4
9283817585_255322402_0,65.0,67.18,63.94,61.82
9285870788_13006812704_0,65.0,82.96,66.55,70.05
9285870789_21226215_0,65.0,79.5,66.06,67.4
9285870789_9285870788_0,65.0,82.6,68.62,69.6
9286570034_648653704_0,55.0,65.04,49.09,50.85
9287919140_2935192653_0,65.0,73.34,64.89,68.45
9287919186_252566561_0,65.0,75.76,66.45,67.4
9287919191_252566561_0,65.0,76.76,66.36,67.45
9287919191_259982777_0,65.0,73.13,63.22,66.05
9293476588_1178826603_0,55.0,63.41,59.63,57.75
9293680508_654538420_0,60.0,62.17,55.27,50.4
9296827633_27653885_0,65.0,63.84,61.18,61.35
9306801149_249455263_0,60.0,65.95,49.2,53.1
9306801165_300877915_0,55.0,66.33,51.91,54.6
9306801165_9306801149_0,60.0,66.46,49.95,53.1
9307279956_31367737_0,65.0,75.18,66.86,66.3
9307279956_2563141375_0,65.0,72.66,64.61,66.85
9308634228_267409243_0,60.0,70.79,53.71,57.2
9308634228_776998449_0,60.0,71.08,57.9,57.4
9317575316_257897065_0,65.0,66.29,59.13,58.5
9317575316_241469521_0,60.0,66.4,59.94,63.65
9323590798_1481428157_0,65.0,68.5,61.71,57.17
9323590798_3493109102_0,65.0,68.91,61.72,59.63
9335943722_6786177720_0,65.0,58.62,54.32,56.85
9335943722_31370865_0,65.0,59.56,53.72,54.4
9335947376_264008375_0,65.0,58.56,57.29,58.0
9335947376_264008365_0,65.0,59.92,64.3,62.72
9335947376_264008376_0,65.0,60.11,62.52,65.6
9343767015_9343771619_0,65.0,59.13,59.69,56.55
9343767015_2162706622_0,65.0,59.33,53.84,56.9
9343771619_322559502_0,65.0,58.71,61.23,60.01
9360625697_1480162309_0,65.0,71.24,68.09,65.65
9360625697_21225997_0,65.0,66.86,66.26,62.45
9372852942_1759883460_0,65.0,65.69,59.04,57.95
9372852942_10173889368_0,65.0,65.29,58.39,56.7
9395208670_31333366_0,65.0,67.42,66.26,68.2
9395208670_1010803742_0,65.0,66.16,67.39,66.7
9395255494_9395255496_0,60.0,65.11,59.37,63.2
9395255496_240832793_0,60.0,62.37,58.43,63.31
9395255496_2701567566_0,60.0,64.37,59.76,63.75
9396365781_745843765_0,65.0,67.39,57.2,59.6
9396365781_9396365785_0,65.0,69.81,57.27,58.98
9396365785_9396365810_0,65.0,68.14,57.64,58.78
9396365785_9396365825_0,60.0,68.05,58.09,58.75
9396365789_9396365792_0,60.0,70.37,59.93,59.15
9396365789_2634988011_0,60.0,70.42,58.97,58.75
9396365792_9396365793_0,60.0,70.35,57.86,58.95
9396365793_9396365809_0,60.0,70.18,56.55,58.45
9396365793_9396365819_0,60.0,69.62,56.76,58.65
9396365809_248226738_0,60.0,69.72,66.56,64.3
9396365809_9396365819_0,65.0,70.25,57.2,58.5
9396365810_745946971_0,60.0,68.15,60.63,59.02
9396365810_9396365825_0,60.0,68.23,58.89,58.52
9396365819_9396365781_0,65.0,70.16,57.59,58.72
9396365825_9396365789_0,60.0,70.43,58.74,59.02
9398083918_31489453_0,65.0,67.44,61.97,65.45
9398083918_252637836_0,65.0,65.66,57.13,58.5
9398083918_252637839_0,65.0,67.74,55.08,59.2
9398135553_1725740897_0,65.0,71.82,60.83,65.5
9413455583_2626164547_0,65.0,74.53,64.68,63.19
9413455583_31331841_0,65.0,74.9,63.92,62.35
9413455586_31331835_0,65.0,75.69,61.99,62.55
9414077223_714307628_0,65.0,71.45,65.42,65.1
9414077223_3493109102_0,65.0,70.01,63.21,63.7
9415092125_13036966352_0,65.0,73.57,61.68,58.45
9431940162_9431940154_0,65.0,70.54,69.67,69.85
9455078031_259588185_0,60.0,71.28,64.95,62.35
9455078032_243910524_0,60.0,69.72,60.02,59.25
9455078032_9455078031_0,60.0,71.05,59.63,58.9
9468295598_9287919140_0,65.0,72.63,67.66,68.6
9468295598_241468632_0,65.0,72.27,67.39,67.2
9470916476_269349445_0,60.0,68.44,68.42,64.95
9470916476_528319147_0,65.0,77.17,68.66,67.1
9470916476_306377053_0,65.0,71.76,72.38,67.0
9470916476_206144638_0,60.0,75.65,69.07,66.0
9490182767_251288802_0,65.0,64.25,63.05,62.15
9492074512_269520204_0,65.0,63.24,61.81,57.4
9492856294_9081821118_0,55.0,59.57,62.47,58.85
9492856294_9081821115_0,55.0,59.59,60.1,59.0
9496006175_2690531299_0,65.0,71.57,66.56,68.65
9496006175_2690531303_0,65.0,75.99,66.45,69.6
9496006175_21226396_0,65.0,71.74,68.69,68.25
9496173002_2655711096_0,65.0,63.48,57.51,57.75
9496173002_2655711093_0,60.0,63.45,56.88,56.9
9511205992_25543525_0,65.0,65.92,60.71,57.65
9511205997_205749470_0,55.0,64.54,60.0,57.95
9511205997_9587594421_0,55.0,64.48,59.4,58.15
9511343496_2548737327_0,65.0,68.35,60.82,60.35
9511343496_9511343510_0,65.0,68.66,58.22,57.6
9511343510_1116395987_0,65.0,68.6,56.81,57.35
9511343510_205742374_0,65.0,68.78,59.22,61.4
9514363776_1938093369_0,60.0,67.61,55.41,59.8
9514363776_1483635269_0,60.0,66.78,55.9,59.65
9514363776_583065590_0,60.0,67.62,56.83,59.4
9530192689_235571262_0,65.0,64.2,63.72,59.85
9530192689_2703189319_0,60.0,64.5,63.54,60.1
9530192689_250285815_0,65.0,62.12,62.89,60.5
9530192699_274800261_0,60.0,61.62,54.81,59.12
9530192699_240591823_0,60.0,60.92,53.95,57.45
9552970086_1836632664_0,65.0,63.19,63.96,58.6
9552970086_3379510957_0,65.0,68.35,67.86,66.8
9587437542_21298388_0,65.0,69.3,59.59,60.45
9587437542_21389407_0,65.0,69.43,58.1,60.2
9587437542_21298379_0,65.0,69.76,62.93,60.3
9587594421_205748236_0,55.0,64.54,57.07,60.6
9587594421_205749470_0,55.0,64.6,59.33,58.15
9591797136_2731153989_0,65.0,74.42,69.6,68.7
9600682521_1483321658_0,65.0,67.94,63.31,63.55
9600682521_599878618_0,65.0,67.89,63.04,63.45
9603520631_508468697_0,65.0,62.88,52.29,57.2
9605095614_1471896719_0,65.0,65.45,62.95,58.1
9605683620_13285792279_0,60.0,63.99,54.16,53.7
9605683620_9605683651_0,60.0,63.29,53.47,53.42
9605683651_1339929004_0,65.0,63.54,52.72,53.72
9605683651_9605683620_0,60.0,63.3,53.47,53.42
9611755495_2880379640_0,60.0,64.71,65.59,57.85
9611794996_251786804_0,60.0,64.63,62.12,60.65
9611794996_9611794996_0,65.0,64.32,60.56,57.83
9611795108_10905232342_0,70.0,54.94,56.68,52.35
9699768375_2208558577_0,65.0,59.54,58.01,54.82
9734713495_21225997_0,65.0,70.27,63.54,63.5
9734713495_1480162309_0,65.0,67.2,65.5,64.45
9738415447_2721130047_0,55.0,69.63,51.87,54.45
9738415447_2721130033_0,55.0,67.51,56.98,57.15
9753005058_11843407537_0,60.0,69.01,47.89,54.0
9783566232_9783566233_0,65.0,68.05,68.47,67.8
9783566232_3379510957_0,65.0,68.14,69.87,67.7
9783566233_9783566232_0,65.0,68.05,68.47,67.8
9783566233_249109306_0,65.0,60.38,62.88,59.45
9783566233_9783566263_0,65.0,67.65,68.97,68.0
9783566239_2757819774_0,65.0,63.37,68.92,64.3
9783566241_9783566239_0,65.0,63.81,65.02,61.55
9783566241_9822548042_0,65.0,63.82,61.24,61.2
9783566251_255192666_0,65.0,62.38,57.9,61.2
9783566251_255192645_0,65.0,61.61,60.1,60.3
9783566251_175971291_0,65.0,64.07,59.79,61.3
9783566263_1743206320_0,65.0,65.68,68.57,65.15
9783566263_9783566233_0,65.0,67.65,68.97,68.0
9783566263_1851687443_0,65.0,70.1,70.86,68.2
9786552133_1679095252_0,60.0,66.37,60.21,59.1
9786552133_306370313_0,65.0,65.41,61.62,59.2
9788441015_9788472818_0,60.0,73.25,60.61,63.75
9788441015_10101376605_0,60.0,71.67,59.03,62.95
9788472818_1942944005_0,60.0,70.91,59.88,65.1
9788472818_9788472822_0,60.0,71.86,63.72,63.7
9788472822_9788441015_0,60.0,72.01,61.74,63.05
9788472822_2387545472_0,60.0,71.82,61.74,62.9
9805445529_3860546905_0,60.0,54.41,51.7,55.55
9808078985_631311471_0,60.0,73.86,66.3,63.9
9808078985_355233754_0,60.0,76.76,65.75,66.1
9808078985_355234339_0,65.0,71.64,65.89,62.8
9822548042_249588611_0,65.0,65.14,62.17,61.0
9822548042_11178875046_0,65.0,65.34,60.23,60.15
9833629850_12985147978_0,65.0,67.68,56.77,58.3
9833629850_21225871_0,65.0,69.34,60.37,62.27
9833629850_32918279_0,65.0,67.71,60.68,56.85
9833629851_9833629854_0,65.0,63.32,53.64,53.05
9833629854_9833629851_0,65.0,63.32,53.64,53.05
9833629854_31011270_0,60.0,63.41,52.88,52.3
9873875145_10208175262_0,65.0,59.63,56.75,55.95
9873875145_9873875161_0,65.0,59.66,56.15,56.2
9873875150_9873875145_0,65.0,59.49,55.56,55.0
9873875161_9873875163_0,65.0,59.68,55.67,56.75
9873875163_2542263163_0,65.0,60.19,58.06,56.5
9873875163_206147119_0,65.0,60.11,61.94,56.6
9873875177_10208175305_0,65.0,59.15,60.34,56.05
9873875177_2701845125_0,65.0,61.49,58.93,58.45
9959975207_78472471_0,65.0,67.46,60.3,62.85
9959975207_9962137213_0,65.0,71.93,58.34,63.98
9962137213_21226605_0,65.0,73.81,63.65,61.8
9962137213_9959975207_0,65.0,71.93,58.34,63.98
9962137213_11173808414_0,65.0,70.98,57.4,62.62
9962725424_334519175_0,60.0,62.63,54.43,50.65
9962725424_9962725425_0,60.0,63.96,54.24,52.75
9962725424_279123941_0,60.0,62.7,55.76,50.45
9962725425_279123939_0,65.0,65.52,54.32,54.05
9962725425_266325967_0,65.0,65.65,54.78,56.4
9962725545_344314311_0,65.0,63.76,58.68,60.22
9965801418_114310870_0,65.0,63.61,54.47,53.85
9965801418_1417208118_0,65.0,63.51,54.48,53.4
9966329313_850740325_0,60.0,53.75,57.71,54.85
9982011284_5039336246_0,65.0,73.11,58.85,63.35
9982011284_1947907209_0,65.0,72.59,61.97,62.4
10001208204_1108887423_0,65.0,63.11,49.26,61.6
10001208204_151407166_0,65.0,62.7,51.34,60.73
10002561591_309788550_0,65.0,66.99,61.03,59.75
10003569993_267102008_0,65.0,62.65,57.48,63.32
10003569994_152379052_0,65.0,63.34,58.85,64.02
10010161312_1518866703_0,60.0,66.04,54.34,56.0
10010161316_1134148174_0,55.0,65.88,53.92,55.3
10010161318_1134148165_0,55.0,64.66,51.81,56.15
10010161318_10010161318_0,55.0,64.42,55.59,56.25
10084222779_3832175958_0,65.0,63.18,64.05,62.25
10084222779_1477885983_0,65.0,63.02,64.05,62.6
10084222779_2820985528_0,65.0,60.39,63.06,58.5
10091649597_264671366_0,60.0,59.26,62.99,58.5
10091649597_262985697_0,65.0,56.85,55.6,55.8
10091649597_1108967420_0,60.0,58.65,62.21,58.25
10092208904_2575601587_0,65.0,64.15,58.55,59.15
10092338953_21257018_0,65.0,71.97,58.56,65.75
10092338953_13135974972_0,65.0,72.9,60.33,62.1
10092338953_4350619055_0,65.0,71.96,60.13,64.9
10094775642_1479249878_0,65.0,69.71,61.57,63.0
10094775642_1946779121_0,65.0,68.3,59.51,62.85
10094775642_9398135553_0,65.0,69.56,64.48,63.55
10094871930_1938093365_0,65.0,65.02,65.76,63.65
10094871930_2606083667_0,65.0,66.27,64.75,62.4
10094871930_242940006_0,65.0,69.42,65.67,64.9
10101376605_1942944013_0,60.0,64.48,59.87,63.24
10101376605_9788441015_0,60.0,71.87,60.41,62.95
10101376605_29797375_0,60.0,67.57,59.92,65.85
10106789189_1383490325_0,65.0,63.91,61.67,61.86
10137333033_292647587_0,65.0,65.93,62.71,60.4
10137333036_258340537_0,65.0,65.94,61.5,59.95
10137333036_29089561_0,65.0,65.02,61.19,59.75
10147777229_21227220_0,60.0,70.85,58.05,59.85
10154909323_10154909339_0,70.0,62.97,58.76,57.08
10154909324_10154909323_0,70.0,62.85,54.6,56.1
10154909328_268760448_0,65.0,62.28,57.2,55.7
10154909328_10154909324_0,65.0,62.82,56.59,55.95
10154909334_10154909328_0,65.0,62.15,57.28,55.8
10154909339_268760447_0,65.0,62.13,58.85,56.83
10154909339_10154909334_0,65.0,62.24,58.06,55.9
10173889368_250327227_0,65.0,64.42,58.62,58.9
10173926330_1757298692_0,55.0,62.09,59.45,59.7
10173926330_27552404_0,55.0,60.97,54.3,55.75
10173926330_28848511_0,60.0,61.15,56.61,59.7
10182521297_262370257_0,60.0,70.48,55.7,52.95
10185558799_574887038_0,55.0,64.92,53.21,57.15
10203732827_255895523_0,60.0,67.28,61.07,59.45
10203732827_262508432_0,60.0,66.99,61.82,61.1
10208175262_266514074_0,65.0,59.06,56.71,56.05
10208175262_9873875161_0,65.0,59.72,55.47,55.65
10208175305_9873875177_0,65.0,59.16,60.34,56.15
10246476473_306412920_0,65.0,65.83,61.43,58.87
10275637381_21226682_0,65.0,80.77,60.64,61.95
10275637387_21226186_0,65.0,81.63,62.21,61.25
10275637388_21226602_0,65.0,79.75,61.65,62.5
10276448052_21226064_0,60.0,72.35,61.12,61.05
10276448052_251622120_0,65.0,68.28,59.61,59.95
10289135710_309103729_0,65.0,61.54,56.88,61.54
10289135710_289641338_0,65.0,62.89,60.3,58.28
10295511406_1739445876_0,65.0,54.12,57.7,60.45
10301339718_21226881_0,60.0,73.72,64.92,64.3
10301339718_21226039_0,65.0,75.5,66.62,64.7
10301339718_21226259_0,60.0,74.11,64.75,63.9
10315954870_5071913370_0,60.0,76.54,62.71,63.25
10315954870_250327945_0,60.0,69.56,57.46,59.15
10315954887_5071913370_0,60.0,75.45,61.42,64.3
10315954887_355628524_0,65.0,76.66,60.97,62.35
10316616303_2764334444_0,60.0,57.17,53.07,54.8
10316677167_31011261_0,65.0,67.88,63.74,59.24
10317001818_3780507109_0,65.0,73.69,62.87,63.45
10317001818_3780507100_0,65.0,68.02,57.63,57.8
10317001818_1944100739_0,70.0,72.13,61.82,62.5
10536523797_1271168976_0,65.0,70.72,62.34,63.65
10536523797_260479139_0,65.0,71.66,63.57,63.8
10536523797_1505193987_0,65.0,71.5,64.04,63.35
10536590479_10536590481_0,65.0,77.29,63.53,65.25
10536590479_1748552636_0,65.0,72.79,59.39,59.48
10536590481_2704846803_0,60.0,72.32,63.64,60.95
10536590481_355628524_0,60.0,73.18,62.35,62.05
10536590481_10536590479_0,65.0,77.29,63.53,65.25
10536668635_10536668638_0,65.0,70.83,57.77,58.0
10536668635_250328320_0,65.0,68.42,58.92,57.5
10536668638_564059225_0,65.0,72.16,56.87,59.1
10536668638_10536668680_0,65.0,70.2,58.2,58.9
10536668680_102240830_0,65.0,68.79,58.75,59.8
10536668680_564059225_0,65.0,70.63,58.44,58.75
10543376254_1277284760_0,65.0,70.87,65.27,65.2
10543376254_260094570_0,65.0,63.45,63.32,59.45
10543376263_10543376254_0,65.0,70.97,63.67,64.9
10543376263_11082686745_0,65.0,65.76,64.93,62.6
10543376272_114317300_0,65.0,69.28,64.4,63.18
10583841827_21555657_0,65.0,73.9,66.59,65.15
10583841828_10583841827_0,65.0,71.56,67.21,65.2
10583841828_10583841827_1,65.0,71.53,67.31,64.9
10632962517_10632962529_0,65.0,70.08,60.06,54.4
10632962529_10632962534_0,65.0,69.98,58.69,55.2
10632962534_10632962536_0,65.0,69.94,59.85,55.95
10632962534_13506088936_0,65.0,69.42,58.57,57.25
10632962536_10632962560_0,65.0,70.29,62.56,62.85
10632962545_10632962553_0,65.0,70.57,62.66,62.35
10632962553_10632962517_0,65.0,70.33,60.96,57.0
10632962560_10632962545_0,65.0,70.45,62.19,62.65
10632962560_13475713227_0,65.0,68.98,63.02,62.8
10632962564_10632962598_0,65.0,70.7,61.33,59.65
10632962584_10632962585_0,65.0,70.41,58.1,58.85
10632962585_10632962564_0,65.0,70.37,59.76,57.5
10632962585_10632974153_0,65.0,69.97,58.1,59.1
10632962598_10632962604_0,65.0,70.84,59.56,57.45
10632962598_13475766231_0,65.0,71.12,60.08,58.65
10632962604_10632962584_0,65.0,70.5,58.89,58.65
10632974153_13475713227_0,65.0,69.03,63.38,62.75
10632974153_10632962564_0,65.0,70.13,61.53,60.3
10655668704_2720034017_0,65.0,63.0,60.87,59.25
10655734921_1490402691_0,60.0,63.56,59.32,57.75
10655734921_10655734928_0,60.0,62.77,59.09,59.25
10655734928_7016324527_0,65.0,62.83,59.18,59.2
10655734930_1369211768_0,55.0,60.89,59.89,55.15
10655734930_10655668704_0,60.0,61.43,58.24,59.05
10682668548_10682717323_0,60.0,62.48,62.81,58.5
10682668548_10682668555_0,60.0,62.57,62.42,58.25
10682668552_3501130804_0,55.0,62.38,64.56,58.7
10682668555_10682668556_0,60.0,62.53,62.42,58.35
10682668556_2868435372_0,60.0,62.52,62.75,58.3
10682668556_10682668552_0,55.0,62.4,63.74,57.85
10682668561_745843774_0,55.0,63.44,60.72,58.25
10682668561_267873029_0,55.0,62.45,62.83,59.15
10682717323_10682717340_0,60.0,62.6,63.59,58.95
10682717323_10682668555_0,60.0,62.49,62.97,59.15
10682717340_10682717323_0,60.0,62.6,63.59,58.95
10683652436_260479516_0,65.0,77.7,67.96,68.6
10683652436_29749489_0,65.0,70.6,64.13,66.05
10753845388_13386502678_0,60.0,65.26,54.27,55.8
10753845388_310049075_0,60.0,65.18,56.33,56.5
10768498502_2535733154_0,65.0,63.92,64.19,62.6
10768498502_2535075639_0,65.0,66.12,63.13,61.45
10883978490_419318228_0,65.0,75.29,64.94,63.9
10883978490_5039336250_0,65.0,73.72,68.78,63.9
10886130793_2101423946_0,65.0,73.44,59.58,58.85
10886929120_6345752115_0,65.0,61.94,54.51,53.48
10886929120_3456392248_0,65.0,62.4,57.75,53.28
10887051086_2706764723_0,65.0,72.26,59.17,57.6
10903729348_10903729353_0,60.0,65.31,60.98,62.38
10903729353_308930935_0,60.0,62.89,58.24,60.71
10905232342_9611795108_0,70.0,54.94,56.68,52.35
10905232342_95752306_0,65.0,57.43,58.83,55.68
10911506624_3359429057_0,65.0,59.23,59.93,58.3
10911506624_3372004148_0,65.0,63.36,58.5,59.85
10924625445_31489436_0,65.0,65.44,62.28,60.7
10924625445_3906192255_0,65.0,64.23,63.85,57.4
10925861939_10925861953_0,60.0,68.27,63.81,62.2
10925861941_9283817585_0,65.0,68.48,62.38,62.3
10925861941_252565668_0,65.0,65.79,60.01,62.75
10925861947_10925861948_0,60.0,70.27,64.5,62.85
10925861948_255322404_0,60.0,64.63,62.48,60.85
10925861948_255321950_0,60.0,67.92,63.41,61.68
10925861953_2338460265_0,60.0,68.81,62.86,63.2
10925861953_10925861947_0,60.0,69.23,66.47,62.65
10926070834_10926070835_0,65.0,67.17,61.32,58.15
10926070835_2889531048_0,65.0,66.95,60.88,58.3
10926070835_10970595933_0,65.0,66.48,55.67,57.25
10926070845_21227037_0,65.0,66.0,54.83,57.75
10926070845_21226000_0,65.0,66.09,53.65,57.1
10926106317_10926106324_0,65.0,70.07,65.33,64.55
10926106317_3296694167_0,60.0,71.92,66.1,64.95
10926106324_10926106325_0,65.0,69.18,64.51,64.55
10926106325_10926070834_0,65.0,67.19,64.88,64.35
10926106325_10926106333_0,65.0,69.02,63.64,63.85
10926106333_10926106317_0,60.0,72.21,66.1,64.95
10926123442_21225826_0,65.0,67.68,59.17,61.2
10926123442_10926123470_0,65.0,67.95,59.62,58.75
10926123443_10926123442_0,65.0,68.86,61.36,59.6
10926123450_21227230_0,65.0,68.36,60.92,60.3
10926123450_10926123465_0,65.0,69.57,62.5,60.55
10926123465_2605798311_0,60.0,68.23,62.49,60.05
10926123465_10926123443_0,65.0,68.22,59.23,58.65
10926123470_10926123450_0,65.0,69.12,61.2,59.25
10948544548_2156104177_0,60.0,61.35,62.36,56.85
10956402328_255895457_0,65.0,64.66,53.45,55.4
10956402328_3198445926_0,65.0,65.25,54.86,56.25
10956402434_1271169030_0,65.0,65.36,56.4,55.8
10956402470_1505269579_0,65.0,64.8,62.33,60.6
10956402470_6345765977_0,65.0,65.34,59.21,59.55
10958478623_1272557650_0,65.0,67.46,60.81,62.9
10958478623_102240414_0,65.0,66.61,59.09,60.25
10962015676_35081020_0,60.0,62.36,61.71,62.45
10962015676_277425400_0,60.0,61.87,62.6,62.65
10962015676_35081021_0,60.0,62.08,58.01,62.4
10962015679_10962015680_0,60.0,70.28,59.47,60.35
10962015679_27552410_0,60.0,64.47,61.9,59.15
10962015680_10962015679_0,60.0,70.28,59.47,60.35
10962015680_2614057261_0,60.0,67.77,58.25,59.5
10967412784_31334620_0,65.0,70.42,65.02,68.0
10967412794_31334616_0,60.0,71.85,66.63,68.05
10967495238_25543887_0,65.0,73.31,58.96,61.3
10967495238_4246891606_0,65.0,69.66,57.37,59.75
10967495238_2779896871_0,65.0,69.59,59.13,62.3
10967495272_25543887_0,65.0,69.84,57.27,60.28
10967495278_9280490030_0,65.0,74.0,65.52,61.62
10967495278_1477617326_0,65.0,65.71,62.05,61.32
10967495278_1477617332_0,65.0,73.54,62.87,61.38
10967503278_306997510_0,60.0,64.02,58.0,58.02
10970595933_10926070845_0,65.0,66.34,56.85,57.1
10978616009_1942908061_0,65.0,64.69,65.66,62.25
10979803679_3359383191_0,65.0,60.74,57.68,60.25
10979803679_3359429057_0,65.0,57.91,61.08,58.35
10979803681_392094444_0,65.0,42.98,57.09,52.45
10982037584_243716438_0,65.0,61.57,62.92,60.1
10982037584_243670909_0,65.0,61.84,61.22,60.95
10989356698_518519120_0,65.0,67.32,56.75,52.6
10989356698_10989356701_0,65.0,69.42,54.18,54.0
10989356698_10989356701_1,60.0,69.39,54.18,54.0
10989356701_10989356698_0,65.0,69.42,54.18,54.0
10989356701_10989356698_1,60.0,69.39,54.18,54.0
10989356701_2101411514_0,65.0,65.78,52.98,53.4
10992367107_1943151433_0,65.0,76.16,66.54,69.0
10992367107_1736732489_0,65.0,72.64,63.31,67.95
11001234677_243910486_0,65.0,69.51,60.94,62.35
11001234677_11001234682_0,65.0,68.96,57.13,59.25
11001234682_259588184_0,65.0,70.13,62.29,60.45
11001234682_11001234677_0,65.0,68.96,57.13,59.25
11007113935_8607329570_0,65.0,57.48,58.28,57.45
11013685396_2799014117_0,65.0,72.0,63.33,62.8
11013685396_2799014119_0,65.0,72.0,62.3,62.9
11013685396_2888818213_0,65.0,73.09,60.44,62.95
11013685396_11021680914_0,65.0,71.77,62.14,62.42
11014094887_615032359_0,65.0,73.4,67.38,67.65
11014094887_1951340745_0,65.0,72.8,68.03,67.2
11016094729_2705618307_0,60.0,66.33,58.19,57.25
11016094729_12504509346_0,60.0,65.7,60.07,57.3
11016638396_2754655346_0,65.0,70.53,61.57,61.76
11016638396_2923513898_0,65.0,70.34,58.08,62.06
11016674871_31013270_0,65.0,73.32,67.43,68.9
11016674871_258052093_0,65.0,74.51,66.65,69.25
11021680914_27552269_0,65.0,71.52,60.8,62.52
11021680914_11013685396_0,65.0,71.77,62.14,62.42
11022929817_2701893582_0,65.0,66.25,65.34,63.72
11022929817_1474088227_0,65.0,65.0,62.81,64.63
11022929817_1474088228_0,65.0,64.42,62.65,64.73
11022929817_1958759126_0,65.0,65.09,61.35,63.15
11023548476_12285485866_0,65.0,72.85,59.72,57.1
11023548476_3501230247_0,65.0,72.64,59.06,58.91
11023548478_11023548476_0,65.0,72.25,61.31,57.1
11023548479_11023548478_0,65.0,72.05,53.16,55.3
11023548479_12285485844_0,65.0,72.33,56.4,54.75
11023548482_12285673598_0,65.0,72.61,57.27,55.4
11023548483_11023548482_0,65.0,72.42,58.77,55.7
11023548483_370666438_0,65.0,72.42,57.63,56.05
11025794883_1477755034_0,65.0,69.6,63.19,61.58
11025932898_29089663_0,65.0,69.24,64.96,60.55
11025932898_21226728_0,65.0,69.03,63.11,61.0
11046749331_1765317175_0,65.0,75.21,65.42,65.65
11046749331_432447124_0,65.0,66.17,60.71,62.0
11046749331_260478476_0,65.0,71.03,61.58,63.95
11046749348_255321949_0,65.0,66.78,59.05,59.45
11046749348_252565666_0,65.0,66.77,59.08,59.85
11046946263_21310534_0,65.0,77.06,58.89,61.2
11051128466_29797373_0,60.0,69.04,63.91,64.1
11051128466_9734713495_0,65.0,70.61,63.79,64.6
11055526315_293789162_0,65.0,71.77,63.23,61.9
11055526315_1504990223_0,65.0,71.59,68.52,63.0
11055526315_1448467625_0,65.0,71.93,67.63,62.1
11059838832_1585761952_0,65.0,64.62,63.86,66.65
11059838832_250291795_0,65.0,68.84,62.79,69.6
11059838865_11059838866_0,60.0,66.06,61.68,63.65
11059838866_310575744_0,60.0,62.61,59.96,61.7
11066592258_283826135_0,65.0,56.3,52.91,55.75
11070778551_206146811_0,60.0,66.51,62.65,61.3
11070778551_256466643_0,60.0,65.61,60.64,61.01
11071252438_268760410_0,65.0,64.71,60.46,62.28
11071252438_5499744278_0,65.0,62.62,62.08,60.98
11082686745_10543376272_0,65.0,65.33,61.97,63.85
11082686745_10543376272_1,65.0,65.44,61.58,63.5
11082686745_2782354239_0,65.0,62.94,63.34,62.55
11086017963_1851687405_0,65.0,70.57,65.15,61.45
11086017963_1584985782_0,65.0,70.32,67.22,66.8
11119580706_3061338164_0,65.0,65.4,55.26,58.15
11158829018_1652760350_0,65.0,73.34,61.64,63.6
11158829018_31774816_0,65.0,70.73,68.47,65.15
11173808414_898415275_0,65.0,73.72,58.92,62.4
11173808414_2763574574_0,65.0,70.14,59.1,61.5
11178875046_255192611_0,65.0,61.51,62.84,60.35
11182853584_11182853587_0,60.0,68.84,57.48,62.3
11182853584_7801199725_0,60.0,70.08,59.05,61.1
11182853587_21458593_0,60.0,67.72,57.66,63.35
11182853587_7801199725_0,60.0,69.14,56.64,63.1
11182853589_7801199714_0,60.0,68.63,57.25,62.5
11182853589_114323991_0,60.0,66.83,54.95,58.7
11188933383_12088355865_0,65.0,64.47,63.58,62.95
11195478961_12086816365_0,60.0,50.21,52.29,55.95
11199837774_6375738020_0,60.0,66.12,54.01,53.65
11202218085_8118826463_0,60.0,67.61,61.29,60.6
11202218085_1145304583_0,65.0,69.37,61.58,61.85
11238569093_11238569095_0,65.0,75.19,70.03,66.05
11238569093_2006277495_0,65.0,76.27,68.62,67.55
11238569094_2006277496_0,65.0,76.58,70.27,67.0
11238569095_11238569094_0,65.0,76.99,71.55,67.2
11238569095_11238569104_0,65.0,74.32,68.44,66.25
11238569104_1538423185_0,65.0,73.62,72.69,70.85
11238569104_2006277544_0,65.0,74.9,69.79,65.15
11262193887_3780407178_0,65.0,59.81,58.8,60.7
11262193887_3780414294_0,60.0,55.34,60.33,58.55
11285835104_2791283935_0,55.0,59.39,52.41,54.95
11307916236_21555343_0,65.0,72.32,70.02,69.55
11314063624_430796567_0,65.0,66.45,56.76,57.75
11318281384_308239254_0,65.0,74.67,70.92,69.5
11422490375_8823682863_0,65.0,76.03,65.36,67.35
11436894967_303381450_0,65.0,63.04,63.48,63.55
11443087259_943028979_0,65.0,61.29,51.96,51.55
11492082395_1277834641_0,60.0,57.81,50.92,54.08
11492082395_1277834719_0,65.0,58.03,53.15,54.93
11492082395_307132733_0,60.0,57.53,53.28,54.4
11556811590_21227177_0,60.0,67.76,62.52,60.75
11556811590_306426507_0,65.0,63.33,60.29,62.65
11761017001_1567944823_0,65.0,64.96,56.95,56.2
11843407531_518519090_0,65.0,69.63,59.45,59.6
11843407531_11843407537_0,65.0,70.61,51.95,55.1
11843407536_11843407537_0,60.0,69.07,47.21,53.85
11843407537_9753005058_0,60.0,69.14,47.97,54.2
11843407537_11843407531_0,65.0,70.55,52.02,55.05
11843407537_11843407536_0,60.0,69.08,47.21,53.85
11881076371_2623451966_0,65.0,65.22,59.26,53.6
11989052588_485958640_0,60.0,63.32,58.65,57.65
11989052588_3807720776_0,60.0,68.25,62.95,61.0
12007404306_485947742_0,65.0,69.47,63.81,62.2
12007404307_12007404306_0,65.0,70.57,63.08,60.3
12067639765_10315954870_0,60.0,76.35,60.73,63.2
12067639765_101535381_0,60.0,72.01,60.42,61.85
12086816365_267876517_0,60.0,54.92,59.25,57.7
12086816365_11195478961_0,60.0,50.18,52.86,56.0
12088355865_336136075_0,65.0,63.84,62.34,58.26
12088355865_11188933383_0,65.0,64.47,63.58,62.95
12177547880_280044060_0,65.0,56.68,62.85,57.2
12177547880_268762674_0,65.0,62.33,64.19,66.95
12201074792_305137003_0,65.0,60.46,48.71,51.6
12207207024_139257685_0,65.0,68.96,64.54,68.1
12207207026_78439634_0,65.0,68.97,67.07,67.75
12222894791_95766239_0,65.0,66.74,64.96,61.7
12222894791_28836314_0,65.0,65.4,60.35,59.95
12222894791_95766235_0,65.0,70.76,67.53,62.43
12285352811_1328555071_0,65.0,57.51,51.75,53.35
12285352811_12285352812_0,65.0,55.81,55.23,52.45
12285352812_1998675066_0,65.0,56.27,47.74,52.8
12285352812_262985524_0,65.0,56.66,56.88,53.95
12285352812_12285352811_0,65.0,55.81,55.23,52.45
12285485844_11023548483_0,60.0,73.12,60.04,56.65
12285485866_11023548479_0,65.0,72.23,61.06,56.9
12285673598_12285485844_0,65.0,72.55,58.76,55.25
12285673598_11023548478_0,65.0,72.62,58.11,54.7
12285838079_595646737_0,60.0,71.61,54.02,55.05
12285838079_5143939932_0,60.0,70.98,55.12,54.65
12292571959_1919738043_0,65.0,59.58,58.48,58.95
12292571959_262985600_0,65.0,58.78,57.8,59.14
12320389351_12320389353_0,60.0,45.31,47.97,49.7
12320389351_12320389355_0,60.0,44.62,38.4,49.15
12320389353_12320389351_0,60.0,45.32,47.97,49.6
12320389355_12320389351_0,60.0,44.63,38.1,49.15
12320439211_916919126_0,60.0,56.43,58.33,58.75
12339748718_280077281_0,65.0,59.66,55.67,56.1
12339748718_12339748718_0,65.0,60.09,56.51,55.95
12386781569_1277834323_0,65.0,57.24,49.09,53.35
12386781569_343833984_0,65.0,56.88,47.84,53.85
12400544935_13507431374_0,65.0,70.0,61.76,59.35
12400544935_21257032_0,65.0,68.82,62.22,60.35
12442001288_259780798_0,65.0,62.94,63.69,57.95
12442001288_12442007996_0,65.0,63.04,63.98,57.5
12442007871_12442001288_0,65.0,64.29,62.01,57.15
12442007945_259780832_0,65.0,64.91,62.54,58.65
12442007945_12442007871_0,65.0,65.24,63.3,56.55
12442007996_12442007945_0,65.0,64.56,62.69,58.25
12442008163_2866157515_0,65.0,77.64,71.89,68.75
12442008172_12442008592_0,65.0,76.73,70.08,70.35
12442008172_12442008163_0,65.0,76.63,67.21,68.7
12442008242_246513149_0,65.0,76.41,68.64,66.3
12442008242_12442008172_0,65.0,76.56,70.03,70.35
12442008285_12442008242_0,65.0,76.59,70.87,70.25
12442008382_413628382_0,65.0,75.85,62.94,63.44
12442008382_12442008285_0,65.0,77.05,65.79,67.55
12442008498_2945626679_0,65.0,80.04,73.82,66.75
12442008592_12442008163_0,65.0,78.23,69.11,68.95
12442008592_1906976576_0,65.0,76.75,72.44,70.55
12448453463_2739052344_0,65.0,62.0,55.96,56.95
12452523949_879517293_0,65.0,60.8,59.05,58.4
12452523949_12452549904_0,65.0,60.94,61.66,58.25
12452549904_879517404_0,65.0,61.31,59.16,58.15
12452780553_246993203_0,65.0,73.8,63.15,67.1
12481814411_12481814414_0,55.0,62.99,51.64,56.3
12481814414_2548795351_0,55.0,63.55,52.94,57.05
12481814414_12481814475_0,55.0,63.16,53.99,56.2
12481814475_12481814487_0,55.0,63.21,52.4,56.45
12481814487_2271814608_0,55.0,62.93,50.6,56.25
12481814487_2548795345_0,55.0,63.1,51.52,56.1
12485347170_2271818784_0,55.0,63.37,54.2,56.4
12485347170_12485348337_0,55.0,63.51,54.31,56.3
12485348337_12485348384_0,55.0,63.66,55.95,56.85
12485348384_2271818841_0,55.0,64.54,54.97,57.75
12485348384_12485348478_0,55.0,63.5,52.95,56.1
12485348478_12485347170_0,55.0,63.55,55.5,57.25
12486808952_2271818806_0,60.0,66.1,56.72,56.6
12486808952_918919035_0,55.0,65.73,57.51,57.15
12488773950_850880340_0,60.0,65.38,55.28,57.0
12488773950_850880065_0,60.0,65.57,57.26,55.4
12504509346_11016094729_0,60.0,65.7,60.07,57.3
12523059194_569784543_0,65.0,62.33,62.34,60.05
12536794577_3786709663_0,65.0,75.17,63.33,58.55
12571684778_2883720223_0,65.0,68.47,60.45,56.9
12590742875_6120595677_0,60.0,67.16,62.61,60.0
12590742875_2859979239_0,65.0,66.75,61.1,58.9
12590742875_5113959830_0,60.0,67.21,64.43,60.85
12607454220_259985663_0,60.0,64.8,61.1,57.5
12639825005_139262341_0,60.0,62.88,62.37,61.7
12694865735_12694865742_0,65.0,61.81,54.67,55.3
12694865742_249390232_0,60.0,61.82,54.74,55.35
12694865742_12694865810_0,60.0,61.67,54.48,54.85
12694865771_21225872_0,60.0,61.98,54.99,55.55
12694865771_12694865805_0,65.0,61.77,53.36,55.45
12694865792_2807194228_0,65.0,61.82,52.0,54.65
12694865792_12694865735_0,65.0,61.87,53.7,55.55
12694865805_12694865818_0,65.0,61.81,51.64,55.6
12694865810_12694865771_0,60.0,61.69,53.79,54.8
12694865818_583223067_0,60.0,61.96,51.26,53.0
12694865818_12694865792_0,65.0,61.8,49.92,55.3
12694865858_21227096_0,60.0,61.49,49.2,52.9
12694865858_2807194228_0,60.0,61.88,52.65,54.55
12694865858_654538418_0,60.0,63.37,52.11,54.2
12697305983_21226041_0,65.0,74.49,63.62,64.05
12697305983_12697329801_0,60.0,73.97,59.45,60.65
12697305984_27529335_0,65.0,71.16,61.88,61.15
12697305984_12697329823_0,65.0,73.69,61.24,62.1
12697329801_12697305984_0,60.0,73.52,58.91,60.6
12697329823_27626630_0,65.0,71.18,60.95,61.2
12697329823_12697305983_0,65.0,74.61,61.07,61.65
12719098165_232886575_0,65.0,70.09,65.32,63.1
12719098165_29137388_0,65.0,70.41,63.6,62.15
12802773163_268764785_0,65.0,60.67,61.73,59.55
12802773163_12879031587_0,60.0,60.41,62.42,59.05
12802773175_12879031587_0,65.0,62.26,63.03,61.3
12802773175_12802773163_0,65.0,62.18,59.11,60.6
12802773193_12860978251_0,60.0,62.52,61.49,60.64
12812222607_10978616009_0,65.0,64.09,64.74,62.8
12860978251_12802773175_0,60.0,62.09,62.84,61.63
12879031554_1851632821_0,55.0,60.27,55.33,59.2
12879031554_1523032004_0,60.0,60.21,59.5,58.49
12879031587_12879031554_0,60.0,63.04,60.59,59.2
12879736322_28848528_0,65.0,60.11,61.11,58.75
12879736322_1855779389_0,65.0,57.3,61.51,56.3
12879736322_251292755_0,65.0,60.36,62.44,60.2
12891852427_1838905862_0,60.0,63.22,61.43,61.51
12891852435_12891852427_0,60.0,62.82,54.15,57.6
12891852441_1838905872_0,60.0,62.64,56.35,57.3
12891852611_1838905862_0,65.0,65.92,59.57,60.12
12891852611_12891852441_0,60.0,63.38,63.9,60.21
12891852611_319212991_0,60.0,61.82,60.18,57.25
12899818810_253967086_0,65.0,61.24,66.32,61.9
12899818810_1540184724_0,65.0,64.12,65.13,62.92
12918906031_886417879_0,70.0,66.54,59.5,58.2
12918906031_4090317893_0,65.0,71.79,54.47,58.8
12918906034_2705720070_0,65.0,64.64,62.02,57.9
12923766088_253962111_0,60.0,56.26,46.11,44.7
12923766124_253758339_0,55.0,57.52,48.58,50.55
12943026282_263794903_0,65.0,57.81,56.81,56.1
12943026282_263785862_0,65.0,59.07,61.19,57.4
12943026286_12943026282_0,65.0,61.18,56.23,57.7
12985147978_9833629850_0,65.0,67.68,56.77,58.3
12994113224_1476565877_0,65.0,67.96,63.92,62.55
12994113224_2575602801_0,65.0,70.85,63.59,64.02
13001303559_1281605647_0,65.0,63.68,57.51,56.5
13006795706_13192046590_0,65.0,78.02,67.67,67.7
13006795706_21226674_0,65.0,77.59,67.34,67.55
13006812704_21226674_0,65.0,82.28,67.33,69.85
13006812704_13006795706_0,65.0,77.57,68.29,67.7
13017097534_1478976386_0,65.0,66.9,58.0,60.1
13017097534_1478974809_0,65.0,67.77,61.06,61.3
13030891061_21227236_0,65.0,74.62,65.39,65.15
13030891061_1333322575_0,65.0,69.21,62.29,60.0
13030891061_2896900080_0,65.0,74.47,63.17,60.1
13036801531_2633688582_0,65.0,70.52,65.97,63.9
13036801531_1941134536_0,65.0,66.15,64.96,61.55
13036966348_13036966391_0,65.0,73.5,61.28,59.06
13036966352_32123865_0,65.0,73.45,61.71,58.9
13036966352_13036966348_0,65.0,73.47,62.14,58.1
13036966384_693683788_0,60.0,71.24,59.07,59.06
13036966390_249455892_0,65.0,71.66,59.59,61.05
13036966390_32123865_0,65.0,73.61,60.38,59.36
13036966391_13036966384_0,65.0,71.75,60.02,59.46
13036966391_344817030_0,65.0,73.28,60.52,58.6
13098606939_245396077_0,65.0,64.46,53.63,58.85
13135974972_1280231480_0,65.0,72.71,60.75,62.25
13135974972_10092338953_0,65.0,72.9,60.33,62.1
13135974972_21226390_0,65.0,74.22,60.21,64.95
13157808222_850740325_0,55.0,53.56,50.86,54.2
13157808222_4065288872_0,60.0,52.95,51.28,53.85
13157808222_3780418418_0,55.0,52.85,51.34,54.35
13173831086_776998678_0,60.0,69.08,59.84,58.5
13192046590_21226554_0,65.0,74.16,62.66,63.02
13192046590_21225980_0,65.0,75.41,63.72,66.65
13192046590_13006795706_0,65.0,78.02,67.67,67.7
13208767739_21225826_0,65.0,68.96,62.64,63.6
13208767739_21226942_0,65.0,72.98,65.55,64.85
13229923004_206175965_0,65.0,72.92,63.52,64.6
13229923005_2533504786_0,65.0,71.06,63.0,63.5
13229923005_13229923004_0,65.0,73.42,63.65,64.35
13229923006_13229923008_0,65.0,73.49,66.27,64.25
13229923006_258161549_0,65.0,71.82,62.89,62.9
13229923008_2645692103_0,65.0,71.7,62.16,63.6
13230320604_2516127373_0,65.0,61.65,55.59,54.8
13230320604_13230320605_0,65.0,64.81,57.18,58.4
13230320605_256039870_0,65.0,65.04,58.98,57.7
13245914848_263048752_0,65.0,61.35,56.82,56.35
13266396367_2696103832_0,65.0,71.99,61.21,62.5
13266396367_13266396373_0,60.0,71.13,63.54,63.1
13266396373_2696103832_0,60.0,73.28,61.23,63.0
13266396373_5270092035_0,60.0,71.47,62.08,63.35
13266428533_1108967420_0,60.0,56.86,52.47,53.75
13273955306_13273955307_0,65.0,66.92,56.94,57.85
13273955306_21226311_0,65.0,67.8,58.81,58.5
13273955307_21226311_0,65.0,67.04,55.9,57.3
13273955307_21226704_0,65.0,67.1,55.68,57.1
13285792279_9605683620_0,60.0,63.99,54.16,53.7
13285792279_13285792284_0,60.0,65.0,51.9,53.9
13285792284_2798855915_0,60.0,64.9,52.86,55.0
13285792284_13285792279_0,60.0,65.0,51.9,53.9
13285792284_2076591130_0,60.0,65.33,51.87,54.6
13289122474_268762392_0,60.0,59.64,59.09,55.75
13289122474_280077285_0,65.0,59.51,60.44,55.45
13300434438_13300434444_0,65.0,77.7,59.89,59.05
13300434443_313322379_0,60.0,77.48,57.77,58.4
13300434444_29461112_0,65.0,76.67,58.17,58.95
13300434449_13300434443_0,60.0,77.29,60.27,59.4
13350978959_78420047_0,65.0,60.58,57.42,57.98
13350978959_1558615215_0,65.0,61.36,57.36,58.75
13350978962_5081135573_0,65.0,60.92,60.85,57.3
13350978962_13350978959_0,65.0,62.17,59.32,58.35
13359124941_1656865949_0,65.0,63.78,62.19,61.2
13359124944_2723757653_0,65.0,72.12,61.87,59.45
13359124949_21294889_0,65.0,71.3,65.74,67.22
13361584960_2787374100_0,65.0,68.92,56.54,58.6
13361584960_2787374119_0,65.0,70.88,57.61,58.15
13376142940_21298339_0,65.0,68.0,61.95,59.25
13384457584_344804865_0,65.0,70.26,68.09,66.15
13384457584_344477561_0,65.0,69.18,63.04,64.9
13386502678_309918993_0,60.0,66.46,55.0,55.75
13386502678_13386502681_0,60.0,66.34,54.82,56.05
13386502681_309918751_0,60.0,66.28,54.47,56.55
13390717049_21227197_0,60.0,71.31,59.36,60.15
13428999222_260785436_0,65.0,68.38,54.0,55.05
13428999222_271759376_0,60.0,66.52,55.95,55.15
13428999250_2787265677_0,60.0,64.74,57.48,59.5
13428999250_2787265690_0,60.0,66.95,61.44,57.45
13428999254_2787265689_0,55.0,66.62,59.98,58.7
13428999254_13428999250_0,55.0,66.46,59.22,59.35
13446661572_568220049_0,60.0,60.43,49.83,51.7
13446661572_2707016564_0,60.0,62.05,53.31,52.35
13446661582_2707016564_0,60.0,62.26,56.88,54.6
13446661582_13446661572_0,60.0,62.7,54.64,53.15
13448639734_286820480_0,65.0,60.15,56.42,61.1
13448639734_253962110_0,60.0,62.31,61.61,61.72
13448639734_250166166_0,65.0,61.97,59.22,62.02
13457394855_4594350283_0,65.0,72.17,60.47,59.85
13457394861_13457394855_0,65.0,71.89,56.56,59.3
13457394861_10169723745_0,65.0,69.75,63.51,59.9
13457394865_13457394861_0,65.0,71.68,56.44,58.95
13457394865_4594350205_0,65.0,71.59,56.77,57.95
13461281596_248225098_0,60.0,79.41,57.48,61.4
13461281596_29461130_0,60.0,80.0,59.19,60.95
13471057145_21226872_0,65.0,64.06,56.76,54.85
13471057145_90583881_0,65.0,65.31,64.24,61.9
13475713227_10632962545_0,65.0,68.93,62.51,62.55
13475713227_10632974153_0,65.0,69.03,63.38,62.75
13475766231_4594350205_0,65.0,71.5,57.92,59.1
13475766231_10632962604_0,65.0,70.98,58.22,58.25
13506088936_21555436_0,65.0,69.6,61.19,60.35
13507431374_12400544935_0,65.0,70.0,61.76,59.35
13507431374_21257045_0,65.0,67.65,54.71,56.4
13507431374_4202125058_0,65.0,70.0,63.05,58.0
13519595649_78420234_0,65.0,62.59,61.72,60.95
13525536183_13457394855_0,65.0,69.9,60.63,61.0
13525544109_2820700554_0,65.0,69.1,67.69,62.3
13619737233_1842963938_0,65.0,71.37,67.61,63.3
13619737233_3054612864_0,65.0,70.24,61.25,60.4
13619737268_3455552263_0,65.0,71.88,61.57,62.0
13619737268_13619737233_0,65.0,67.19,64.28,63.25
13619737291_3054612858_0,65.0,74.8,60.79,62.75
13619738213_3455552256_0,65.0,74.48,60.15,63.75
13619738213_13619738220_0,65.0,74.09,63.05,62.8
13619738220_3455552271_0,65.0,75.82,60.33,64.55
13619738220_3455552274_0,65.0,75.21,61.19,63.35
13630266175_262978054_0,65.0,64.89,60.36,59.4
13633603948_267212403_0,60.0,63.88,56.87,54.1
13665764117_1308281474_0,65.0,64.43,56.94,57.95
13665764117_21226536_0,65.0,64.26,56.17,57.85
13665854464_21226836_0,65.0,65.82,61.94,62.3
13684460573_3358224648_0,65.0,56.47,48.84,51.9
13684460573_88229207_0,65.0,53.17,48.71,51.65
13743647596_259780817_0,65.0,71.06,66.94,64.9
13743647596_562888029_0,65.0,72.25,69.38,65.3
13762585240_1761357995_0,65.0,77.08,58.52,64.5
13762887789_249381357_0,60.0,61.33,54.87,56.65
13786691471_31509029_0,65.0,69.24,66.81,66.3
13798292198_258326078_0,65.0,81.84,62.56,69.0
13798292198_21226325_0,65.0,76.92,63.67,65.75
13811941021_918918869_0,65.0,67.99,62.31,59.1
13811941024_13811941021_0,65.0,68.21,61.89,61.0
13811941025_13811941024_0,65.0,69.91,63.0,60.15
13820771590_5118555727_0,60.0,57.74,52.15,52.32
13820771590_13820771590_0,60.0,56.82,49.78,51.12
13820771590_13820771590_1,60.0,56.83,49.78,51.12
13845678507_3454082981_0,65.0,66.37,60.14,59.55
13849194955_3993336579_0,65.0,73.79,55.78,59.5
13849194955_271050383_0,65.0,75.82,56.62,58.35
13849194958_13849194959_0,60.0,76.66,55.76,58.95
13849194958_1172171257_0,55.0,71.04,58.3,59.6
13849194959_1172153947_0,65.0,71.74,59.56,59.1
13849194959_13849194961_0,60.0,75.67,55.62,58.85
13849194960_3993336579_0,65.0,73.63,60.3,57.85
13849194960_13849194955_0,60.0,75.87,54.72,58.4
13849194961_13849194960_0,60.0,76.05,55.25,58.95
13902882534_5039336250_0,65.0,74.59,64.48,63.9
13905628677_560870319_0,65.0,61.57,59.08,62.8
13905628677_13905628683_0,65.0,60.67,57.84,61.55
13905628683_308674317_0,65.0,61.68,60.8,62.35
13916792354_13916792356_0,60.0,71.96,60.19,59.05
13916792355_21257013_0,60.0,72.06,59.66,60.75
13916792356_21257020_0,60.0,69.56,60.34,58.65
13916792356_13916792355_0,60.0,71.56,58.16,60.15
13917118284_102510312_0,60.0,75.87,62.55,61.5
13927904688_21226657_0,65.0,70.95,65.86,63.85
13927904688_282640467_0,65.0,71.44,59.77,60.4
